:020000040802F0
:10000000000008247DAB0208C98F0208D38F0208C4
:10001000E78F0208F18F0208FB8F02080000000042
:100020000000000000000000000000000590020831
:100030000790020800000000099002080B900208D7
:10004000D1AB0208D1AB0208D1AB0208D1AB020898
:10005000D1AB0208D1AB0208D1AB0208D1AB020888
:10006000D1AB0208D1AB0208D1AB02081190020853
:10007000D1AB0208D1AB0208D1AB0208D1AB020868
:10008000D1AB0208D1AB0208D1AB0208D1AB020858
:10009000D1AB0208D1AB0208D1AB02081D90020817
:1000A000D1AB0208D1AB0208D1AB0208D1AB020838
:1000B00025900208D1AB0208D1AB0208D1AB0208EF
:1000C000D1AB0208D1AB0208D1AB0208D1AB020818
:1000D000D1AB0208319002083D9002084990020815
:1000E00055900208D1AB020800000000D1AB020815
:1000F000D1AB0208D1AB0208D1AB0208D1AB0208E8
:10010000D1AB0208D1AB0208D1AB0208D1AB0208D7
:100110005D900208D1AB0208D1AB020869900208D9
:10012000D1AB0208D1AB0208D1AB0208D1AB0208B7
:10013000D1AB0208D1AB0208D1AB0208D1AB0208A7
:1001400000000000000000000000000000000000AF
:10015000D1AB0208D1AB0208D1AB0208D1AB020887
:10016000D1AB0208D1AB0208D1AB0208D1AB020877
:10017000D1AB0208D1AB0208D1AB020800000000ED
:10018000D1AB0208D1AB0208D1AB0208D1AB020857
:10019000D1AB0208D1AB0208D1AB0208D1AB020847
:1001A000D1AB0208D1AB0208D1AB0208D1AB020837
:1001B000D1AB0208D1AB0208D1AB0208D1AB020827
:1001C000D1AB0208D1AB0208D1AB0208D1AB020817
:1001D000D1AB0208D1AB0208D1AB0208D1AB020807
:1001E000D1AB0208D1AB0208D1AB0208D1AB0208F7
:1001F000D1AB0208D1AB0208D1AB0208D1AB0208E7
:10020000D1AB0208D1AB0208D1AB0208D1AB0208D6
:10021000D1AB0208D1AB0208D1AB0208D1AB0208C6
:10022000D1AB0208D1AB0208D1AB0208000000003C
:10023000D1AB0208D1AB020800000000D1AB02082C
:10024000D1AB0208D1AB0208D1AB0208D1AB020896
:10025000D1AB0208D1AB0208D1AB0208D1AB020886
:10026000D1AB0208D1AB0208D1AB0208D1AB020876
:10027000D1AB0208D1AB0208D1AB020800000000EC
:10028000D1AB0208D1AB0208D1AB020800000000DC
:0802900000000000D1AB0208E0
:1002A00010B5054C237833B9044B13B10448AFF3B0
:1002B00000800123237010BD2003002400000000F3
:1002C0006033050808B5034B1BB103490348AFF37E
:1002D000008008BD000000002403002460330508EE
:1002E00010F8012B11F8013B012A28BF9A42F7D0E0
:1002F000D01A70470000000000000000000000005D
:1003000001F0FF01102A2BDB10F0070F08D010F8C6
:10031000013B013A8B422DD010F0070F42B3F6D1CA
:10032000F0B441EA012141EA014122F007047FF0E3
:1003300000070023F0E80256083C85EA010586EA3A
:10034000010685FA47F5A3FA87F586FA47F6A5FA76
:1003500087F68EB9EED1F0BC01F0FF0102F0070282
:1003600032B110F8013B013A83EA010313B1F8D12D
:100370000020704701387047002D06BF354603380E
:10038000073815F0010F07D1013015F4807F02BF47
:10039000013015F4C03F0130F0BC0138704700BF98
:1003A000034613F8012B002AFBD1181A01387047B5
:1003B00081F0004102E000BF83F0004330B54FEA16
:1003C00041044FEA430594EA050F08BF90EA020F83
:1003D0001FBF54EA000C55EA020C7FEA645C7FEA16
:1003E000655C00F0E2804FEA5454D4EB5555B8BF39
:1003F0006D420CDD2C4480EA020281EA030382EAAA
:10040000000083EA010180EA020281EA0303362D3B
:1004100088BF30BD11F0004F4FEA01314FF4801C0E
:100420004CEA113102D0404261EB410113F0004F20
:100430004FEA03334CEA133302D0524263EB4303D7
:1004400094EA050F00F0A780A4F10104D5F1200E75
:100450000DDB02FA0EFC22FA05F2801841F10001D0
:1004600003FA0EF2801843FA05F359410EE0A5F1A4
:1004700020050EF1200E012A03FA0EFC28BF4CF0D5
:10048000020C43FA05F3C01851EBE37101F000458B
:1004900007D54FF0000EDCF1000C7EEB00006EEB98
:1004A0000101B1F5801F1BD3B1F5001F0CD3490822
:1004B0005FEA30004FEA3C0C04F101044FEA445279
:1004C00012F5800F80F09A80BCF1004F08BF5FEA00
:1004D000500C50F1000041EB045141EA050130BDE0
:1004E0005FEA4C0C404141EB0101013C28BFB1F5F2
:1004F000801FE9D291F0000F04BF01460020B1FA3D
:1005000081F308BF2033A3F10B03B3F120020CDA0F
:100510000C3208DD02F1140CC2F10C0201FA0CF0ED
:1005200021FA02F10CE002F11402D8BFC2F1200C52
:1005300001FA02F120FA0CFCDCBF41EA0C01904008
:10054000E41AA2BF01EB0451294330BD6FEA040451
:100550001F3C1CDA0C340EDC04F11404C4F120023C
:1005600020FA04F001FA02F340EA030021FA04F34E
:1005700045EA030130BDC4F10C04C4F1200220FAA5
:1005800002F001FA04F340EA0300294630BD21FAE3
:1005900004F0294630BD94F0000F83F4801306BFA9
:1005A00081F480110134013D4EE77FEA645C18BF9D
:1005B0007FEA655C29D094EA050F08BF90EA020F34
:1005C00005D054EA000C04BF1946104630BD91EA2C
:1005D000030F1EBF0021002030BD5FEA545C05D12F
:1005E0004000494128BF41F0004130BD14F580046E
:1005F0003CBF01F5801130BD01F0004545F0FE41E2
:1006000041F470014FF0000030BD7FEA645C1ABF16
:10061000194610467FEA655C1CBF0B46024650EA4D
:10062000013406BF52EA033591EA030F41F4002179
:1006300030BD00BF90F0000F04BF0021704730B5FF
:100640004FF4806404F132044FF000054FF00001D4
:1006500050E700BF90F0000F04BF0021704730B595
:100660004FF4806404F1320410F0004548BF40426A
:100670004FF000013EE700BF42004FEAE2014FEABF
:1006800031014FEA02701FBF12F07F4393F07F4F9A
:1006900081F06051704732F07F4208BF704793F09D
:1006A0007F4F04BF41F40021704730B54FF46074B0
:1006B00001F0004521F000411CE700BF50EA0102B3
:1006C00008BF704730B54FF000050AE050EA01025C
:1006D00008BF704730B511F0004502D5404261EBCC
:1006E00041014FF4806404F132045FEA915C3FF40D
:1006F000D8AE4FF003025FEADC0C18BF03325FEAAA
:10070000DC0C18BF033202EBDC02C2F1200300FA5A
:1007100003FC20FA02F001FA03FE40EA0E0021FA7F
:1007200002F11444BDE600BF80F0004002E000BFCB
:1007300081F0004142001FBF5FEA410392EA030FCC
:100740007FEA226C7FEA236C6AD04FEA1262D2EB16
:100750001363C1BFD218414048404140B8BF5B421B
:10076000192B88BF704710F0004F40F4000020F0B4
:100770007F4018BF404211F0004F41F4000121F0CA
:100780007F4118BF494292EA030F3FD0A2F1010214
:1007900041FA03FC10EB0C00C3F1200301FA03F152
:1007A00000F0004302D5494260EB4000B0F5000F75
:1007B00013D3B0F1807F06D340084FEA310102F134
:1007C0000102FE2A51D2B1F1004F40EBC25008BFE6
:1007D00020F0010040EA03007047490040EB0000B0
:1007E000013A28BFB0F5000FEDD2B0FA80FCACF1B1
:1007F000080CB2EB0C0200FA0CF0AABF00EBC250DE
:1008000052421843BCBFD0401843704792F0000FCB
:1008100081F4000106BF80F400000132013BB5E71E
:100820004FEA41037FEA226C18BF7FEA236C21D094
:1008300092EA030F04D092F0000F08BF08467047F9
:1008400090EA010F1CBF0020704712F07F4F04D1C7
:10085000400028BF40F00040704712F100723CBFDA
:1008600000F50000704700F0004343F0FE4040F404
:10087000000070477FEA226216BF08467FEA2363C2
:100880000146420206BF5FEA412390EA010F40F4AD
:10089000800070474FF0000304E000BF10F00043F9
:1008A00048BF40425FEA000C08BF704743F09643E0
:1008B00001464FF000001CE050EA010208BF7047FB
:1008C0004FF000030AE000BF50EA010208BF704782
:1008D00011F0004302D5404261EB41015FEA010C97
:1008E00002BF84460146002043F0B64308BFA3F18F
:1008F0008053A3F50003BCFA8CF2083AA3EBC25371
:1009000010DB01FA02FC634400FA02FCC2F120028F
:10091000BCF1004F20FA02F243EB020008BF20F0C6
:100920000100704702F1200201FA02FCC2F120022C
:1009300050EA4C0021FA02F243EB020008BF20EA21
:10094000DC70704753B94AB9002908BF00281CBFA2
:100950004FF0FF314FF0FF3000F0C2B9ADF1080C9D
:100960006DE904CE00F040F8DDF804E0DDE9022393
:1009700004B0704708B502460B4643EC172BB5EEA2
:10098000C07BF1EE10FA03D4BDE8084000F00CB8CB
:10099000B1EE477B51EC170B00F006F8404261EBDB
:1009A000410108BD000000009FED0B6B41EC170BEF
:1009B0009FED0B5B27EE066BBCEEC66BB8EE464BAD
:1009C000A4EE457BFCEEC77B16EE101A17EE900ADC
:1009D000704700BFAFF30080000000000000F03D52
:1009E000000000000000F0412DE9F047089D8E4610
:1009F00004468846002B4AD18A42174662D9B2FA89
:100A000082F64EB1C6F1200301FA06F820FA03F38C
:100A1000B74043EA0808B4404FEA174E1FFA87FC74
:100A2000B8FBFEF1230C0EFB118843EA084301FBDF
:100A30000CF29A4209D9FB1801F1FF3080F0EA80EC
:100A40009A4240F2E78002393B449A1AA3B2B2FBC1
:100A5000FEF00EFB102243EA024300FB0CFC9C4517
:100A600009D9FB1800F1FF3280F0D6809C4540F296
:100A7000D3803B44023840EA0140A3EB0C03002141
:100A80001DB1F3400022C5E90032BDE8F0878B427A
:100A900005D90DB1C5E9000100210846F5E7B3FA13
:100AA00083F1002946D1734502D3824200F20581C9
:100AB000841A6EEB030201209046002DE5D0C5E9B3
:100AC0000048E2E7002A00F09080B2FA82F6002E99
:100AD00040F0A4808A1A030C4FEA174E80B2BCB2D1
:100AE0000121B2FBFEFC0EFB1C2243EA024304FB85
:100AF0000CF29A4207D9FB180CF1FF3802D29A4245
:100B000000F2E080C4469B1AB3FBFEF20EFB1233E8
:100B100040EA034302FB04F49C4207D9FB1802F1AC
:100B2000FF3002D29C4200F2CA8002461B1B42EAFE
:100B30000C40A5E7C1F120068B4022FA06F71F43BF
:100B40000EFA01F420FA06F32EFA06FE4FEA1749D0
:100B5000234300FA01F81FFA87FCBEFBF9F01C0CD6
:100B600009FB10EE44EA0E4400FB0CFEA64502FA17
:100B700001F209D93C1900F1FF3A80F09C80A645AA
:100B800040F2998002383C44A4EB0E041FFA83FE25
:100B9000B4FBF9F309FB13444EEA044403FB0CFCD9
:100BA000A44508D93C1903F1FF3E80F08280A4459A
:100BB0007FD9023B3C4443EA0040A4EB0C04A0FB79
:100BC00002EC64457346E14662D35FD05DB1B8EB99
:100BD000030264EB090404FA06F622FA01F31E4349
:100BE000CC40C5E9006400214FE7B1FBF2FC010CE9
:100BF00041EA0E4180B240EA01423B4638463C465B
:100C0000B846BE462026B1FBF7F1A2EB080241EA46
:100C10000C4166E7014618E710462CE7C6F12002B2
:100C20002EFA02F3B740B14020FA02F24FEA174E13
:100C30000A43B3FBFEF8BCB20EFB1833110C41EAB9
:100C4000034108FB04F9B04089454FEA104380B2E4
:100C50003ED9791808F1FF3C01D289451FD8A1EB94
:100C60000901B1FBFEF909FB04F80EFB191192B260
:100C700042EA0142424529D2BA1809F1FF31C4D2F1
:100C80004245C2D2A9F102013A44BEE7F0459DD2E5
:100C9000BEEB02036CEB070C0138E14696E7A7EBCD
:100CA00009094944A8F1020CB1FBFEF909FB04F85B
:100CB000DBE773467FE7504666E70846FDE63B44C0
:100CC000023A33E7ACF1020C3B441CE749469CE78F
:100CD000A1EB0901C446B1FBFEF909FB04F8C4E726
:100CE000704700BF38B5044604B938BDE068FFF767
:100CF000F9FFA568204630212C460EF038FAF3E7BC
:100D000008B510F8010C2AF069FDB0FA80F040092E
:100D100008BD00F1080373B503600446D1E9005330
:100D20000F2B05EB0306019306D9002201A921F040
:100D30000BFB019B2060A36032462946206821F00E
:100D400098FB019B226800216360D15402B070BD02
:100D500008B5034678B1084A904206D9074A90423E
:100D600001D91AF05EFE1AF059FE18205843BDE86A
:100D700008400EF00DBA08BD55555505AAAAAA0A95
:100D800000F1080373B504460D46036011B90F481E
:100D90001AF04DFE0846FFF703FB0F2805EB00068F
:100DA000019007D9002201A9204621F0CDFA019B2C
:100DB0002060A36032462946206821F05FFB019B3A
:100DC000226800216360D15402B070BDC4330508AD
:100DD0002C200EF0DDB938B5044604B938BDE06802
:100DE000FFF7F9FF04F11000A56821F0CEFA2046C4
:100DF0002C212C460EF0BBF9EFE738B5044680688D
:100E00000D46FFF7E8FF0023211DA3606361C4E9DD
:100E10000311AA6872B12879A2602071E868E060C5
:100E20002869206151606A6962612A1DAB606B614B
:100E3000C5E9032238BD38B5044604B938BDE068B9
:100E4000FFF7F9FF04F11000A56821F09EFA204693
:100E50002C212C460EF08BF9EFE7F8B500F10807CE
:100E60000C4605460760084621F067FA04F10806BB
:100E7000626860B1013203D0314638462DF06DFC16
:100E8000636826606B60002363602372F8BD23688B
:100E90002B60A368AB60F3E7F8B5164604468B6891
:100EA0000D1D01223BB9E2B1CA68AA420ED1C4E9C4
:100EB00000352046F8BD1A7C1D46B242D3E90270C7
:100EC0008BBF012200223B460346EBE728460FF08A
:100ED00088FD037CB3424FF00003E8D3C4E900036C
:100EE000E7E72846F5E7000013B50A680346094C12
:100EF0004FF4007100922046074A2BF0BFFC2046B9
:100F0000FFF74EFA0146204602B0BDE8104008F057
:100F10003FBE00BFBC070024F633050870B5466825
:100F2000044608460D46FFF73BFA864209D156B102
:100F30003246294620682BF0A7FDB0FA80F0400920
:100F400070BD0020FCE70120FAE7000010B50A4957
:100F50000446FFF7E3FF68B908492046FFF7DEFFC4
:100F600040B907492046FFF7D9FF18B9054920467F
:100F7000FFF7D4FF10BD00BF1B34050877470508F5
:100F800066470508253405087A4B2DE9F04F1F7890
:100F90008BB004460E469046002F31D1014676486C
:100FA00002F08EFC21464568734802F089FCDFF8A8
:100FB000089202683346002D08BF4D464FF4007179
:100FC000002A08BF4A466D480095DFF8B0B1CDE968
:100FD00001246B4A2BF052FCB0F5007F13D323465B
:100FE000684A802168482BF049FC674904A8FFF74C
:100FF000C7FE04A96548FFF777FF04A821F0C5F9EB
:101000000BB0BDE8F08F594661482DF09EFB08F10A
:101010000408D8F80860DFF870A1B04528D1574817
:101020007D25FFF7BDF983445A4954480BF8015C0C
:101030002BF05CFD5148FFF7B3F901464F4808F02B
:10104000A7FD002FDCD0524C2046FFF7A9F9204421
:10105000504900F8015C20462BF048FD2046FFF780
:101060009FF9014620460BB0BDE8F04F08F090BD57
:1010700006F1100548492846FFF750FF002873D1B4
:101080002846FFF763FFD6ED0A6A3369B7EEE67AC2
:10109000B0B1424A8DED007B802150462BF0EEFB33
:1010A0007F281BD92346374A802137482BF0E6FB9F
:1010B000354904A8FFF764FE04A96FF43C609AE781
:1010C000BDEEE66A8DED007BB8EEC66AB4EE666AE8
:1010D000F1EE10FA14BF324A324ADDE75046FFF70C
:1010E0005FF90546FFB92548FFF75AF9AB1C284AB6
:1010F0000344FF2B214B8ABF91469946012748465E
:10110000FFF74EF92844B0F5007F10D323461D4A5F
:1011100080211D482BF0B2FB1B4904A8FFF730FECD
:1011200004A9214867E70127DFF86490E7E79FB14A
:1011300002351748FFF734F90544FF2D0CD9234633
:101140001A4A802110482BF099FB0F4904A8FFF799
:1011500017FE04A916484EE7514648462BF0C6FC38
:10116000144948462BF0C2FC30460FF038FC0646C6
:1011700053E700BF0C210024EC0B0024BC05002425
:101180002D340508593405083C03002444F4FFFFBE
:10119000BC0300244F6C0508793405087C3405082D
:1011A00086340508903405083EF4FFFF9A3405089C
:1011B00043F4FFFF57340508506C050810B50A4981
:1011C0000446FFF7ABFE68B908492046FFF7A6FEC4
:1011D00040B907492046FFF7A1FE18B90549204646
:1011E000FFF79CFE10BD00BFC3340508D3340508CB
:1011F000DD340508E734050870B50446D0E900562B
:10120000AE4207D1206818B1A168091A0DF0AFFFEE
:10121000204670BD2846183521F0B7F8F0E710B524
:1012200004468068FFF7D7FD204610BD73B500F176
:1012300008031646002204460360731A0D464260F6
:101240000F2B019305D901A921F07EF8019B2060A5
:10125000A36032462946206821F010F9019B2268DC
:10126000002120466360D15402B070BD2DE9F743E0
:10127000D1E90097804609EB0706BF104B463D4673
:10128000002D1C4608DCF31A022B3BD0032B33D075
:10129000012B3DD0344608E018782AF09FFA20B19F
:1012A00060782AF09BFAC0B90134002F354636DC4D
:1012B000A6EB0903022B52D0032B4AD0012B54D0AA
:1012C0004D46AC4258D201AB2A4621464046FFF774
:1012D000ADFF404603B0BDE8F083A0782AF07EFA67
:1012E00008B90234E1E7E0782AF078FA231D08B95A
:1012F0000334DAE7013DC3E720782AF06FFA0028CB
:10130000D3D0013420782AF069FA0028CDD00134F6
:1013100020782AF063FA002818BF3446C5E7304623
:10132000FFF7EEFC0028CCD1751E2846FFF7E8FC3D
:101330000028C6D1B51E2846FFF7E2FC0028C0D120
:10134000F51E043E2846FFF7DBFC0028B9D1013F1B
:10135000ABE73046FFF7D4FC0028B2D1751E284613
:10136000FFF7CEFC0028ACD1013D2846FFF7C8FCB2
:10137000002808BF4D46A4E702494046FFF700FD9C
:10138000A7E700BF506C05082DE9F0432DED028B57
:10139000ADF5137D07460E46114606A81D46DDE94C
:1013A0009C89FFF763FF079B13BB594A4FF40071F9
:1013B00012A8CDE90179336800932B682BF05EFA0F
:1013C00012A90CA8FFF7DCFC0CA952489FED528A29
:1013D000FFF78AFD0CA820F0D8FF06A820F0D5FF63
:1013E000B0EE480A0DF5137DBDEC028BBDE8F0832D
:1013F00000224A4906A821F055FB0130D5D100232F
:10140000102205A9069805932AF0F8F80446DDE9AC
:101410000532934216D01B78A3B9B0F5803F23D391
:101420003F4A4FF4007112A8CDE901793368009367
:101430002B682BF023FA12A90CA8FFF7A1FC0CA92A
:101440003848C3E7CDE9017933684FF40071304A79
:1014500012A800932B682BF011FA12A90CA8FFF721
:101460008FFC0CA93048B1E7B8F1000F12D1CDE9DB
:10147000029001974FF40071336812A82B4A009331
:101480002B682BF0FBF912A90CA8FFF779FC0CA92B
:1014900027489BE7D8F8081085B2264B12A80029E8
:1014A00008BF1946FFF76CFC98F80C60462E09D16E
:1014B00023B2D8ED047A08EE103AB8EEC88A27EEC7
:1014C000888A07E012A8FFF741FD38B907EE905A65
:1014D000B8EE678A12A820F058FF7EE7422E09D0A6
:1014E000492E98ED048A0DD124B207EE904AF8EE09
:1014F000E77AE4E7F7EE007A002D9FED0F8A08FE09
:10150000278AE7E707EE905AF8EE677AD7E700BF39
:10151000F634050847F4FFFF20BCBE4CD26805082E
:101520003335050846F4FFFF3CF4FFFF6E35050830
:1015300045F4FFFF506C05080000000010B588B0AE
:101540000C46014602A8FFF791FE039B33B9002425
:1015500002A820F01AFF204608B010BD00220D4955
:1015600002A821F09FFA0130F1D10023102201A935
:10157000029801932AF042F8DDE901329A42E6D05E
:101580001B78002BE3D1B0F5803FE0D2208001240E
:10159000DEE700BFD268050870B500228AB00E46AB
:1015A0001849054621F057FA044630B1314628461D
:1015B0000AB0BDE8704002F0B3B9ADF806000DF115
:1015C00006013046FFF7BAFFD0B1BDF806304FF63E
:1015D000FF72934211D001330B4A052102A82BF070
:1015E0004DF902A904A8FFF7CBFB04A9284602F095
:1015F00097F9044604A820F0C8FE20460AB070BD42
:101600000446FAE7BA350508C33505082DE9F04F59
:101610000F4616460023044685B08360D1E90021B9
:10162000C0E900331144914203F1010805D1674B31
:10163000984508D966481AF0FDF912F8010BB04236
:1016400008BF4346EFE7B8F1000F14D04046FFF75C
:101650007FFB05468246D4E9009BCB451ED120681E
:1016600018B1A168091A0DF082FD1823C4E90055CC
:1016700003FB0855A56039680D46D7E900321344CD
:10168000581A80100028A84614DC581B022845D0A0
:1016900003283ED0012847D0984614E049465046DA
:1016A000FFF7DBFB48460AF1180A09F1180920F098
:1016B0006CFED2E72D78B54205D098F80150B542BE
:1016C00015D108F10108D4E901A39A4532D003AB42
:1016D00042465046FFF7AAFD636818336360D7E9B6
:1016E00000310B4498456CD008F10101C4E798F82B
:1016F0000250B54202D108F10208E4E798F803C0AD
:1017000008F10405B44502D108F10308DBE701380C
:10171000B8E72878B042D6D005F1010898F8000063
:10172000B042D0D008F1010898F80000B04218BFCC
:101730009846C8E7D4F80090264BAAEB090B4FEA6D
:10174000EB055D43214B9D4201D1234873E7CA4518
:1017500014BF2B460123ED181C4B03D29D4228BF1A
:101760001D462B46CDE900310098FFF7F1FA0546FA
:1017700003AB584442460199FFF758FDCB46284633
:1017800000F11803DA45019311D1B9F1000F05D02A
:10179000A1684846A1EB09010DF0E9FC019B009A04
:1017A00063601823256003FB0253A36097E7594643
:1017B000FFF753FB584620F0E8FD0BF1180B01989A
:1017C000DEE7204605B0BDE8F08F00BF5555550552
:1017D000D0350508ABAAAAAAE03505082DE9F743DC
:1017E0001D4607462C200C4607F104090DF0D0FCDD
:1017F0002B6800F11802A145064693F800804FF0CF
:101800000003254680F810800376C3618362C0E937
:1018100008220DD17B691BB13D692B7C434528D340
:10182000424639466846FFF737FBDDE900451DE0D3
:10183000237C43450CD9FB68A34207D020460FF018
:10184000D0F8037C4345EBD2C36833B3012017E0E3
:1018500025D23B69A3420CD020460FF0BEF8037C92
:1018600004464345DCD9EB682BB10546BDB1002CDD
:10187000ECD1A945EAD0287C404594BF0020012046
:101880004B462A46314634460FF0ADF87B690133AA
:101890007B61204603B0BDE8F0830546E9E7002000
:1018A000FFF720FA2C2130460DF061FCF1E708B576
:1018B00021F015F9C00F08BDF8B5041D0F46856865
:1018C000264655B9B44205D006F110013846FFF757
:1018D000EEFF78B109481AF0B0F805F1100039466A
:1018E000FFF7E5FF0028D5E902230ABF2E461D4673
:1018F0001546E6E706F12800F8BD00BFFA350508F1
:101900002DE9F043ABB00446304906A8FFF738FA9A
:1019100006A92046FFF7D0FF2D4905680CA8FFF760
:101920002FFA0CA92046FFF7C7FF2A49066812A81C
:10193000FFF726FA12A92046FFF7BEFF26490768DF
:1019400018A8FFF71DFA18A92046FFF7B5FF23498D
:10195000D0F800801EA8FFF713FA1EA92046FFF753
:10196000ABFF1F49D0F8009024A8FFF709FA24A97B
:1019700020461C4CFFF7A0FF03681B4A4FF4007180
:1019800020460096CDE90393CDE901782B462AF055
:1019900075FF24A820F0F9FC1EA820F0F6FC18A87A
:1019A00020F0F3FC12A820F0F0FC0CA820F0EDFCD5
:1019B00006A820F0EAFC2046FEF7F2FC014620468D
:1019C0002BB0BDE8F04308F0E3B800BF02360508CD
:1019D0000B36050814360508183605081C360508A8
:1019E00021360508BC09002426360508F8B5041D73
:1019F0000F46866825465EB9AC4207D005F1100156
:101A00003846FFF754FF002818BF25462846F8BD82
:101A100006F110003946FFF74AFF0028D6E90232E6
:101A20000ABF354616461E46E5E738B54568044602
:101A30003DB105F1100020F0A8FC2C2128460DF046
:101A400096FB204638BD2DE9F04104460F469046EE
:101A50008D680E1D012045B908B3FB68B34211D152
:101A6000256066602046BDE8F08105F11001404622
:101A7000FFF71DFF00282E46D5E9022314BF1546A7
:101A80001D46E8E730460EF0ACFF0546414605F13D
:101A90001000FFF70CFF20B100232360E1E735467B
:101AA000F4E7C4E90050DDE72DE9F341066802AB35
:101AB00004461746456806F1040803E90600A9B97B
:101AC000424513D002F1100105F11000FFF7EFFEBF
:101AD00043463A4629460EF086FF7369284601338D
:101AE00073610023636002B0BDE8F0810120EFE77D
:101AF0002DE9FF41164605460F460090FFF768F9AD
:101B000000F11008044639464046FFF739F93368BA
:101B100001944246A36202AC29462046FFF793FF98
:101B2000039B23B1684694E80600FFF7BDFF6846B3
:101B3000FFF77BFF04B0BDE8F0812DE9FF411646B9
:101B400005460F460090FFF743F900F110080446E0
:101B500039464046FFF714F9336801944246A362C0
:101B600002AC29462046FFF76EFF039B23B168466F
:101B700094E80600FFF798FF6846FFF756FF04B0A9
:101B8000BDE8F0812DE9FF41164605460F4600905D
:101B9000FFF71EF900F11008044639464046FFF7EA
:101BA000EFF8336801944246A36202AC294620460E
:101BB000FFF749FF039B23B1684694E80600FFF74F
:101BC00073FF6846FFF731FF04B0BDE8F081000005
:101BD0002DE9F04F8DB0214B07464FF0050802ACC0
:101BE00006AE0FCB254684E80F00B8F1010802D1FC
:101BF0000DB0BDE8F08F55F8049B30463C6849466F
:101C0000FFF7BEF831462046FFF7F0FE3B688246FC
:101C100030461C1D20F0B9FBA245E6D1D7F800A044
:101C2000CDF800A0FFF7D4F800F1100B04464946A8
:101C30005846FFF7A5F800235A465146A36230469E
:101C40000194FFF700FF079B23B1684696E8060062
:101C5000FFF72AFF6846FFF7E8FEC6E77833050876
:101C60002DE9F04389B0066805460F4602AC2046D0
:101C7000FFF786F821463046FFF7B8FE06462046B5
:101C800020F083FB2B6804339E421ED0D5F80480DD
:101C9000CDF80080FFF79CF800F1100905463946A1
:101CA0004846FFF76DF8B36A4A464146AB622046A4
:101CB0000195FFF7C8FE039B23B1684694E8060030
:101CC000FFF7F2FE6846FFF7B0FE09B0BDE8F0830B
:101CD00010B5044608490068FFF7C2FF20680749AD
:101CE000FFF7BEFF20680649FFF7BAFF20680549E5
:101CF000BDE81040FFF7B4BFC3340508D33405086E
:101D0000DD340508E734050870B50E468568041D06
:101D10000DB9204670BD05F110003146FFF7C7FD33
:101D20000028D5E902230ABF2C461D461546EFE7D9
:101D30002DE9F8431E460B1D04460F469A421546F0
:101D400013D14B694BB10D69314605F11000FFF716
:101D5000AEFD10B10023236027E03246394620460D
:101D6000FFF771FE2046BDE8F88302F11009304606
:101D70004946FFF79CFD8046C8B1FB68AB4202D1E3
:101D800023606360EEE728460EF02BFE3146804666
:101D90001030FFF78CFD0028DFD0D8F80C301BB9CD
:101DA0002360C4F80480DDE725606560DAE731462A
:101DB0004846FFF77CFDB0B13B69AB4202D1C4F8A5
:101DC0000080DEE728460EF008FE804600F1100194
:101DD0003046FFF76CFD0028BFD0EB68002BBAD06F
:101DE000C4F80080DDE7C4E90050BBE72DE9FF41FE
:101DF00080460E46FFF788FF044608F10403984228
:101E000005D000F110013046FFF751FDF8B1CDF8D3
:101E10000080FEF7DDFF00F1100705463146384629
:101E2000FEF777FF002301952246AB6202AD3B46E9
:101E300041462846FFF77CFF039B6BB1684695E857
:101E40000600FFF731FE04466846FFF7EEFD04F199
:101E5000280004B0BDE8F081029CF5E72DE9FF41C0
:101E600080460E46FFF750FF044608F104039842EF
:101E700005D000F110013046FFF719FDF8B1CDF89B
:101E80000080FEF7A5FF00F11007054631463846F1
:101E9000FEF7E3FF002301952246AB6202AD3B460D
:101EA00041462846FFF744FF039B6BB1684695E81F
:101EB0000600FFF7F9FD04466846FFF7B6FD04F19A
:101EC000280004B0BDE8F081029CF5E72DE9F0435D
:101ED000044685B00F469046FFF716FF231D0546C2
:101EE000984205D000F110013846FFF7E0FCF0B150
:101EF0000094FEF76DFF00F110090646394648468A
:101F0000FEF707FFD8F8003001962A46B36202AE0A
:101F10004B4621463046FFF70BFF039B23B1684633
:101F200096E80600FFF7C0FD6846FFF77EFD05B0A6
:101F3000BDE8F0832DE9F04104460F4690468D68D8
:101F40000E1D012045B908B3FB68B34211D12560CD
:101F500066602046BDE8F08105F110014046FFF7BC
:101F6000A6FC00282E46D5E9022314BF15461D46BF
:101F7000E8E730460EF035FD0546414605F1100014
:101F8000FFF795FC20B100232360E1E73546F4E735
:101F9000C4E90050DDE72DE9F34706462C208946C9
:101FA0001C460DF0F5F800F1100706F1040A804612
:101FB00021683846FEF7ADFE0023CA454D46C8F8F5
:101FC000283011D173693BB13469394604F11000EE
:101FD000FFF76DFC00285AD13A4631466846FFF7B4
:101FE000A9FFDDE900542EE009F11004384621462E
:101FF000FFF75DFC80B1F3684B450BD048460EF00F
:10200000F0FC394604461030FFF751FC0028E3D0BD
:10201000E368D3B12C4616E039462046FFF747FC6B
:1020200050B334694C4532D048460EF0D6FC0446D5
:1020300000F110013846FFF73AFC0028CCD0D9F85F
:102040000C3033B1254604B30DB9A24502D10120AD
:1020500005E04C4604F110013846FFF728FC5346D2
:102060002246414644460EF0BEFC7369013373615B
:10207000204602B0BDE8F0874C46384620F085F98E
:102080002C2140460DF073F8F2E72C46F5E7002CC2
:10209000DBD1F2E72DE9FF41071D80460E4685683A
:1020A0003C46B5B9A74205D004F110013046FFF710
:1020B000FEFB48B102AB21460C4A4046009303ABFD
:1020C0000396FFF768FF044604F1280004B0BDE85A
:1020D000F08105F110003146FFF7E9FB0028D5E952
:1020E00002230ABF2C461D461546DAE73F74050851
:1020F0002DE9F04F514E93B005460CAC0CAF0FCE0E
:102100000FC496E80300B84684E803000620FEF7F3
:102110001FFE00F19009044606460390CDF8149086
:10212000B14523D14FF000092F1D049685F8049086
:10213000C5F80890C5F81490C5E90377B4421CD1DE
:102140003F4801F0B4FB04463D4801F0B2FB2034A7
:102150008146DFF8F4A0A4F12003994515D103A826
:10216000FFF74AF8284613B0BDE8F08F304657F81D
:10217000041B1836FEF704FED2E721462846FFF777
:1021800089FF1834C0F80090D8E754F81C1C06A842
:10219000BB46002908BF5146FEF7F2FDAE688EBB74
:1021A0005F452AD00BF1100106A8FFF780FB20BB8A
:1021B00024494046FEF7E4FD264663687BBBA64201
:1021C00007D006F110014046FFF771FB002818BF49
:1021D0002646404620F0D9F8A6420ED0D6ED0A7A1F
:1021E000FDEEE77A17EE903A0B2B06D106A92846AA
:1021F000FFF750FF03680133036006A83C3420F06A
:10220000C4F8A8E706F1100006A9FFF750FB002864
:10221000D6E902210ABFB3460E461646BFE741463D
:1022200003F110000193FFF742FB019B0028D3E963
:1022300002210ABF1E460B461346BFE78833050836
:10224000EC0B00241B340508506C05082DE9F04FF9
:102250002DED028BADF5357D4FF0000905464FF4AD
:10226000D27010AE17AB0DF1440B8DF85C90CDF829
:1022700060900DF1D008CDF86C9086F80490C6F807
:102280000890C6F81490CDE91933C6E903BB02F0F3
:1022900093FE4FF4D37002F08FFED5E9000398420D
:1022A0001AD1814940462CF050FA41462EA8FEF73B
:1022B00067FD2EA97D48FEF717FE2EA820F065F8D1
:1022C00016A8FEF7ACFF1298FEF7B5FD0DF5357DAB
:1022D000BDEC028BBDE8F08F4A46754920F0E2FB69
:1022E000013028680DD003684FF40071714A4046F0
:1022F0002AF0C4FA41462EA8FEF742FD2EA96E48E8
:10230000D9E76B681B1A182B0AD86C4940462CF089
:102310001CFA41462EA8FEF733FD2EA96848CAE7ED
:102320004A466349183020F0BDFB01300ED02B68BF
:102330004FF40071634A40469B692AF09FFA414678
:102340002EA8FEF71DFD2EA95F48B4E740F2A710A6
:1023500002F032FE2B6849460A22186829F04EF92D
:1023600004904FF4D47002F027FE2B680A224946ED
:10237000986929F043F9074640F2A91002F01CFEC3
:102380001EAB4FF4D5708DF87890CDE91C39002341
:102390000A9302F011FE39464C4801F091FA824648
:1023A00040F2AB1002F008FE494BDAF80810404644
:1023B0000AF11804002908BF1946FEF7E1FC4A4655
:1023C0004449404620F047FB069040461FF0DDFFA1
:1023D0000EAB40F2A510CDE90B43CDE90E4602F05D
:1023E000EBFDB068FEF727FD07EE907A2E96B8EE6B
:1023F000E78AC6E9029BC6E904B9FEF7E9FC00F1E9
:10240000100B814634495846FEF7BAFC5A4631460D
:10241000404689ED0A8ACDF8BC90FFF714FBD8F846
:10242000043023B12EA898E80600FFF73DFB2EA844
:10243000FFF7FBFA0223059300230793D5E9002356
:102440009B1A264ADB105343059A9A4212D3079BE4
:102450003BB3F8B204F022FC4FF4E67002F0ACFD9E
:10246000384610AA0499FEF78FFD40F2CD1002F015
:10247000A3FD16E0059A01329A4233D33B46184A2F
:102480004FF4007134A82AF0F9F934A92EA8FEF708
:1024900077FC2EA96FF43E60FEF726FD2EA81FF0F4
:1024A00074FF1CA80AE700BF9F36050833F4FFFF3E
:1024B000EA680508C636050832F4FFFFF436050859
:1024C00031F4FFFF1A37050830F4FFFFEC0B00244E
:1024D000506C05084737050879340508ABAAAAAA45
:1024E0004B3705084FF4D770182602F065FDBD4B39
:1024F000DAF8081034A8002908BF1946FEF740FC96
:10250000059B296834A85E433144FFF745F88046AF
:1025100034A81FF03AFFB8F1000F00F0E880D8F8B7
:1025200008904846FDF73CFF1D9A4B46002100905D
:102530001CA820F009F940F2AF1002F03DFDDAF8D6
:102540000810A84B34A8002908BF1946FEF718FC4C
:102550000022A54934A820F07EFA002840F0CA8065
:10256000B8F1000F00F0C98098F80C90A9F146036B
:10257000D3F1000949EB030934A81FF006FFD5F891
:1025800000B0B9F1000F00F095816A680BEB06000E
:10259000059BA2EB0B02D91C944BD2105A439142DB
:1025A000C0F0F78006F118098E4BDAF8081022A85F
:1025B000D944002908BF1946FEF7E2FB494628A87E
:1025C000FEF754FE299A002A40F09980049B4FF4AC
:1025D0000071874A34A8CDE901735BF80630009397
:1025E000229B2AF04BF934A92EA8FEF7C9FB2EA98D
:1025F00080489FED818AFEF777FC2EA81FF0C5FE6C
:1026000028A81FF0C2FE22A88DED0A8A1FF0BDFE89
:1026100002234FF4D8700AF11C06089302F0CCFC98
:102620001CA92046FFF7E2F9864200F067821CA948
:102630002046FFF7DBFB9DED0A8AD0ED007AF4EE31
:10264000487AF1EE10FA00F09B816C491CA8FEF765
:1026500065FC8146002800F047814FF4DB7002F0F2
:10266000ABFC1CA92046FFF7C1FBFCEEC87ACDED00
:10267000077AD0ED007AF8B29DF81C20FCEEE77ADC
:10268000CDED097A9DF8241003F0CCFE40F2B7108E
:1026900002F092FC1CA92046FFF7A8FB584980EDE8
:1026A000008A0EA8FFF7DCFA56490EA8FFF7D8FA01
:1026B00055490EA8FFF7D4FA0AAA504910A8FFF707
:1026C00061FA4FF4DC7002F077FC34A8FFF710FDDC
:1026D00034A916A8FEF791FB34A8FEF7A0FD16A8B2
:1026E000FFF70EF940F2B91002F066FC46E1DFF8A0
:1026F000349116E74FF000093EE7C1463CE700225F
:10270000424928A820F0CEF901307FF45FAF0022C3
:102710000DA928980D92102228F070FF0D9A289983
:10272000914218D01278B2B9B0F5803F27D3049BFC
:102730004FF40071364A34A8CDE901735BF80630D6
:102740000093229B2AF09AF834A92EA8FEF718FBD2
:102750002EA930484DE7049B4FF40071244A34A859
:10276000CDE901735BF806300093229B2AF086F8CE
:1027700034A92EA8FEF704FB2EA9274839E703B297
:10278000D8ED047A08EE103AB8EEC88A28EE278A07
:1027900036E74FF0000822A906F1300BADF888802B
:1027A000ADF8A080FEF7CAFE00283DD1296834A804
:1027B000049ADAF80830CDE9027251F80B20019240
:1027C0008A594FF400710092064A002B08BF134645
:1027D000124A2AF053F834A92EA8FEF7D1FA2EA9EE
:1027E0000F4859E6506C0508BA350508ABAAAAAAE5
:1027F000F634050842F4FFFF20BCBE4C1B3405082C
:10280000253405086647050877470508D268050896
:102810003335050841F4FFFF3DF4FFFF7437050829
:102820000BF4FFFFC8350508286828A95844FEF7AF
:1028300085FE0028BAD0BDF88830BDF8A01001335D
:10284000D5F800909BB29942B0D106F118002EA99C
:10285000ADF8B8804844ADF8D080FEF76FFEC0B93F
:10286000049A4FF40071DAF8083034A8CDE9017207
:102870002A6892590092994A002B08BF1346984A39
:1028800029F0FCFF34A92EA8FEF77AFA2EA9954864
:1028900002E606F1480034A94844FEF74FFE00283E
:1028A000DED0BDF8B820BDF8D03043EA02430A9329
:1028B0000423AEE6894B0BEB0609DAF8081018364C
:1028C00034A8002908BF19465E44FEF759FA049B54
:1028D000384632464946CDE9008334ABFEF754FD15
:1028E00034A88DED0A0A91E67F491CA8FEF716FB75
:1028F0008046002849D07C4934A8FEF741FA34A923
:102900002046FFF7ABFA80ED008A34A81FF03DFDAA
:10291000069BFBB9754934A8FEF732FA34A9204664
:10292000FFF764F8834634A81FF02FFDB34511D09C
:10293000DBED0A7A34A86E49C14638EE278AFEF7E5
:102940001FFA34A92046FFF789FA80ED008A34A8DF
:102950001FF01BFD67490EA8FFF782F966490EA814
:10296000FFF77EF9B9F1000F03D061490EA8FFF718
:1029700077F90AAA5C4910A8FFF7DFF8012307934B
:10298000059B089A1344059358E558491CA8FEF77F
:10299000C5FA814608B1069BABB155491CA8FEF7A4
:1029A000BDFA00285ED01CA92046FFF71FFA514946
:1029B00080ED008A0EA8FFF753F94F490EA8FFF7E4
:1029C0004FF9494945E01CA92046FFF70FFA46494F
:1029D00080ED008A34A8FEF7D3F934A92046FFF72A
:1029E00005F8834634A81FF0D0FCB34511D0DBEDC9
:1029F0000A7A34A83E49C84638EE278AFEF7C0F95D
:102A000034A92046FFF72AFA80ED008A34A81FF087
:102A1000BCFC38490EA8FFF723F937490EA8FFF789
:102A20001FF9314934A8FEF7ABF934A92046FEF767
:102A3000DDFF814634A81FF0A8FCB14505D009F19F
:102A40002802294910A8FFF778F8B8F1000F03D041
:102A500027490EA8FFF704F90AAA1CA910A8FFF736
:102A600035FA8BE723491CA8FEF758FAF0B1214943
:102A700034A8FEF785F934A92046FFF7EFF980ED79
:102A8000008A34A81FF081FC17490EA8FFF7E8F868
:102A900017490EA8FFF7E4F817490EA8FFF7E0F86A
:102AA0000AAA144910A8FFF723F867E71CA8FEF745
:102AB00085FB60B10BA8FFF78BF81CA92046FFF738
:102AC00095F980ED008A0CA8FFF702F9C4E71CA96C
:102AD0002046FFF78BF980ED008ABDE7506C0508B2
:102AE000C73705080AF4FFFF6647050805380508DB
:102AF00077470508253405081B34050896491CA8A6
:102B0000FEF70CFA58B30AAA93492046FFF715F8C6
:102B1000069B002B7FF42DAF904934A8FEF730F9C7
:102B200034A92046FEF762FF804634A81FF02DFC32
:102B3000B0453FF41EAFDDED0A7A34A898ED0A8A5D
:102B4000874938EE278AFEF71BF934A92046FFF79C
:102B500085F980ED008A34A81FF017FC05E781494C
:102B60001CA8FEF7DBF928B10AAA7E492046FEF729
:102B7000BFFF95E77C491CA8FEF7D0F980460028E6
:102B800000F09C800AAA78492046784EFEF7FAFFAA
:102B900075490AAA10A8FEF7F5FF4FF4E17002F09C
:102BA0000BFA043602F07CFD714BFAB22EA91860C4
:102BB000736830460A70002B69D1864202D0337C9C
:102BC000934209D928AB34916A4A3146009334AB19
:102BD0006648FEF703FE0646654B40469DED0A8AB1
:102BE0001B68FCEEC87AF169099306F1180399464F
:102BF000CDED077A9DF81CB00793002951D100282C
:102C00005AD0316A494505D048460DF0EAFE017CAC
:102C1000594521D2079B4B4507D099F81080D845DC
:102C200094BF4FF000084FF0010830200CF0B0FACC
:102C30000022099B014680F810B04361079BC0E960
:102C40000622C0E90822C0E90A224A4640460DF0A1
:102C5000CAFEB36A0133B362BDEEC88A18EE103AF9
:102C60000B2B7FF48BAE40F2C31002F0A5F934A811
:102C7000FFF73EFA34A916A8FEF7BFF834A8FEF70E
:102C8000CEFA16A8FEF73CFE4FF4E2702CE593F85E
:102C90001090D3E902EC91452ABF1E466346734665
:102CA00089E7087C89465845D1E902238BBF404615
:102CB000002011461946A0E74846A8E71CA8FEF7E1
:102CC0007DFA70B10BA8FEF783FF0AAA1CA9204663
:102CD000FFF7FCF80A9E1CA92046FFF787F806605C
:102CE000F1E61CA920460AAAFFF7F0F81B491CA828
:102CF000FEF714F900283FF4AFAE069B002B7FF4DB
:102D0000ABAE154934A8FEF73BF834A92046FEF7D0
:102D10006DFE804634A81FF038FBB0453FF49CAEF2
:102D200098ED0A8A34A8DDED0A7A08F128080C49E2
:102D300038EE278AFEF724F834A92046FFF78EF8EC
:102D400080ED008A34A81FF020FB4246024910A8FB
:102D5000FEF7F3FE7CE600BF664705080538050868
:102D600077470508253405081B340508242100246D
:102D7000202100243F7405082DE9F0410446ADF5FB
:102D80000C7D4FF4C87002F017F96368002B5ED019
:102D900042F201456168002959D02068431813F8B0
:102DA000013C0D2B07D825FA03F3DA0703D520469B
:102DB0001FF018FCEEE73B4B1B78012B05D10DF5FE
:102DC0000C7DBDE8F04106F0E3BE03787B2BF6D026
:102DD00001292AD0303B092B27D842783A2A24D11E
:102DE000214603A8FEF712FC2F4BDDE90357A7EBA2
:102DF00005084FEAE806B8F1480F03FB06F62AD8A3
:102E000023684FF40071294A0CA80093334629F037
:102E100035FD0CA906A8FDF7B3FF06A92448FEF767
:102E200063F806A81FF0B1FA30E00346214A4FF4D8
:102E300000710CA829F022FD0CA906A8FDF7A0FF3F
:102E40001D4806A9FEF750F806A81FF09EFA0DF5DA
:102E50000C7DBDE8F081F307D2D44FF4CD7002F0C1
:102E6000ABF83046FDF774FF00EB080304460C9006
:102E70000E93AF420ED10CA80D94FFF7E7F90CA802
:102E8000FEF7BAF940F29B1002F096F803A8FEF79D
:102E9000B3F9DCE72946204618351834FDF739FF29
:102EA000E7E700BFBC0B0024ABAAAAAA323805088A
:102EB000F6F3FFFF12380508F7F3FFFF03464068FB
:102EC00048B11B68034413F8010C2B2803D02D28AC
:102ED0000CBF2D200020704770B5044630200CF048
:102EE00057F9064600F110050FCC0FC594E80F0006
:102EF00085E80F00304670BD38B5044604B938BDCA
:102F0000E068FFF7F9FFA568204630212C460CF059
:102F10002EF9F3E7531A0F2B73B504460D461646E8
:102F2000019306D9002201A91FF00EFA019B20602F
:102F3000A3603246294620681FF0A0FA019B226850
:102F400000216360D15402B070BD000038B500F1BB
:102F5000080304460D46036001B9054D2846FDF7F8
:102F60001FFA29462A182046FFF7D4FF204638BD0D
:102F7000506C05082DE9F041054610300E46FFF76C
:102F8000ABFF2B780446466003700023C0E9023390
:102F9000E86818B12146FFF7EDFFE060AE6827460C
:102FA0004FF0000816B92046BDE8F08106F1100088
:102FB000FFF792FF337805460370C0E90288B860D6
:102FC0004760F06818B12946FFF7D4FFE860B6689B
:102FD0002F46E7E738B50B780D4600F108010446A7
:102FE00003700023C0E904110372C3608361E868C1
:102FF00080B1FFF7BFFF03461A469B68002BFBD149
:10300000034622611A46DB68002BFBD1AB69626183
:10301000A361E060204638BD10B50A4601462DED9B
:10302000028B88B0002865D0062A63D904AB324CE5
:10303000024402A80293FFF76DFF039A82B1029B3C
:10304000134413F8013C3BB10A3BDBB2162B07D803
:1030500024FA03F3DB0703D502A81FF0C3FAECE759
:103060000022264902A81FF0F6FCA8B9029C002302
:1030700001A906340193204628F002FA019BF0EEE4
:10308000408A9C4210D1002402A81FF07EF92046FD
:1030900008B0BDEC028B10BD0022194902A81FF038
:1030A000DAFC0028E2D0EEE71A783A2AEBD15C1C71
:1030B00001A9204628F0E4F9019BB0EE408A9C4229
:1030C000E1D01A783A2ADED15C1C01A9204628F00A
:1030D000D7F9019B9C42D6D01B78002BD3D1094B4A
:1030E0000124C3ED008A084B83ED008A074B83ED72
:1030F000000AC9E70024CAE7090040005D38050856
:1031000064380508C80B0024C40B0024C00B00243D
:1031100030B5DDE9055415B111440844286024B1E7
:10312000DDE903210A441344236030BD38B50C4661
:103130000D4905462DED028BFDF7F0FE07EE904A96
:10314000B8EEE78A20B909492846FDF7E7FE40B105
:10315000002C06DDF6EE007A28EE270ABDEC028B85
:1031600038BDB0EE480AF9E71436050818360508E8
:10317000B5EEC00A10B5F1EE10FA04462DED028B43
:10318000F0EE408A86B030D902F04AFAB5EEC00AB5
:10319000F7EE007AF1EE10FA24D4B4EE670AF1EEFD
:1031A00010FA37FE800A2146114837EEC08A00F037
:1031B00087FB01686846FFF7C9FE21460C4800F00E
:1031C0007FFB41696846FFF7B1FFC0EE287A684689
:1031D00027EE888A1FF0D9F8B0EE480A06B0BDEC99
:1031E000028B10BD9FED030ADDE79FED028AF3E736
:1031F000EC0B00240000000010B504468068FFF7C7
:103200007BFE204610BD00002DE9F043854F0646A9
:10321000D7ED007AF5EEC07A2DED048BF1EE10FAC1
:1032200095B066DD804D9FED818AEC6805F104085C
:10323000DFF8FC9144450DD1B5EEC08AF1EE10FAED
:103240002CD89FED7A8AB0EE480A15B0BDEC048BFD
:10325000BDE8F08304F110010DA8FFF7BBFE9DF857
:103260003410484600F02CFB016807A8FFF76EFEFB
:103270009DF83410484600F023FB416907A8FFF78A
:1032800055FF07A838EE008A1FF07FF80EA8FFF759
:10329000B3FF20460DF0A1FB0446CBE7EC68DFED61
:1032A000638A444510D1F5EEC08AF1EE10FAC8D910
:1032B000B0EE480A3046FFF75BFF80EE288AD7ED74
:1032C000007A28EE278ABEE704F110010DA8FFF767
:1032D00081FE9DF83400B0EE480AFFF749FF0EA8C2
:1032E00078EE808AFFF788FF20460DF076FB0446D3
:1032F000D7E701464E4800F0E3FA016801A8FFF75E
:1033000025FE01A8FFF7DAFD2B28044607D02D285B
:1033100005D09FED468A01A81FF037F893E7DFF844
:1033200008819FED428AD8F80C5008F10407DFF8B5
:103330000091BD4226D1B5EEC08AF1EE10FAE8D96F
:10334000D8F80C50DFED398ADFF8E480BD4242D175
:10335000F5EEC08AF1EE10FADBD92B2C0CBF354B01
:10336000354B93ED009AB5EEC09AF1EE10FAD0D934
:10337000B0EE480A3046FFF7FBFE80EE288A28EEC2
:10338000098AC8E705F110010DA8FFF723FE9DF893
:103390003410484600F094FA016807A8FFF7D6FDFC
:1033A00007A8FFF78BFD84420AD19DF834104846E8
:1033B00000F086FA416907A8FFF7B8FE38EE008AE8
:1033C00007A81EF0E2FF0EA8FFF716FF28460DF033
:1033D00004FB0546ADE705F110010DA8FFF7FAFD66
:1033E0009DF83410404600F06BFA016807A8FFF71B
:1033F000ADFD07A8FFF762FD84420AD007A81EF0C2
:10340000C4FF0EA8FFF7F8FE28460DF0E6FA0546C1
:103410009CE7B0EE480A9DF83400FFF7A9FE78EE6D
:10342000808AEBE7C80B0024242100240000000060
:10343000EC0B0024C40B0024C00B00240138C0B2E4
:103440000228F8B50C4618D80D4B53F820600D4BE8
:1034500053F820508EB185B14FF4007730460AF012
:10346000C3FC00213A46284629F038FB01230020FE
:103470002781A372C4E90065F8BD0120FCE700BF05
:103480004C74050840740508002337B504468DF8D0
:10349000073007F0FFFB054607F0FCFB401B312817
:1034A00008D8142301220DF1070120460BF03CFC43
:1034B0000028F1D003B030BD837A10B504466BB15B
:1034C0004FF400720021406829F008FB4FF40072AD
:1034D000D4E900010BF028FE0023A37210BD000008
:1034E00007B500220B460DF107018DF807200122D8
:1034F0000BF01AFC30B99DF80700044B18707938AE
:1035000018BF012003B05DF804FB00BF04000024D5
:1035100037B50D460446D8B1FFF7B6FF4FF47A73BE
:103520000122104920460BF0AAFB90B94FF47A71A2
:103530002046FFF7D5FF60B98DF807002B46012222
:103540000DF1070120460BF0EFFB20B1032800D05E
:10355000012003B030BD9DF80730034A7A2B137069
:10356000F5E700BF5A74050804000024064B00214B
:1035700010B510241846224629F0B0FA2246002140
:10358000204429F0ABFA10BDCC0B0024014B187875
:10359000704700BF04000024012808B508D8054B77
:1035A0001022002103EB001029F098FA012008BD39
:1035B0000020FCE7CC0B002401280DD861B1074B9B
:1035C00003EB0010037B0B7043684B6083688B60D8
:1035D000437B01200B73704700207047CC0B002405
:1035E00030B528B101440023094D814201D1D843AF
:1035F00030BD10F8012B5340082243F30004013A78
:103600002C4012F0FF0284EA5303F6D1EDE700BF2D
:103610002083B8EDF8B505460E4610461946012D33
:10362000069B13D8032E11D87AB189B1094C2F010A
:1036300004EB0515E251696013B9FFF7D1FF0346AA
:103640003C440120A36020736673F8BD0020FCE7B2
:103650000846FAE7CC0B002430B5002385B0FF22E2
:103660000D46039301A9CDE901330A4B1A70FFF708
:10367000E5FE044658B940F6AC510198002D18BF3C
:103680002946FFF745FF044601A8FFF715FF20462E
:1036900005B030BD040000242DE9F047FF235D4F45
:1036A00086B03B70431E022B00F2B280012900F26B
:1036B000AF80594B03EB0112127B002A00F0A88067
:1036C0000A0103EB011153F80280B8F1000F00F07A
:1036D0009F80497B11B1884240F09A80134403A92E
:1036E000D3E901960023CDE903330593FFF7A6FE46
:1036F0000446A0B9039D40F6AC512846FFF708FFE9
:10370000044615B12846FFF7BFFE0CB1FF233B70FE
:10371000B9F1000F07D1012403A8FFF7CDFE204621
:1037200006B0BDE8F08726B949464046FFF758FF86
:1037300006464FF47A730122384928460BF09FFA67
:1037400004460028E8D14FF47A712846FFF7C8FEF6
:1037500004460028E0D14FF47A73082201A92846D4
:10376000CDE901960BF08BFA04460028D4D14FF432
:103770007A712846FFF7B4FE04460028CCD18DF8B4
:10378000020041F2883301220DF1020128460BF0BC
:10379000CBFA04460028BFD19DF80230522B3B7073
:1037A000B9D10646A9EB0604B2460120B4F5807FE4
:1037B00028BF4FF4807407F073FA41F2883308EBA6
:1037C0000A01A2B2284626440BF059FA0446002802
:1037D000A2D1B14514D88DF8030041F288330122FB
:1037E0000DF1030128460BF09FFA08B1044693E758
:1037F0009DF80330442B3B708DD1B145D2D88BE777
:1038000041F288312846FFF76BFE0028F5D0EDE73E
:10381000012484E704000024CC0B0024597405081B
:10382000114BFF2230B585B01A70002301A9039314
:10383000CDE90133FFF702FE044690B9019D4FF434
:103840007A730122094928460BF019FA044628B96F
:103850004FF47A712846FFF743FE044601A8FFF7AC
:103860002BFE204605B030BD040000245874050826
:1038700038B5044604B938BDE068FFF7F9FF04F134
:103880001000A5681EF081FD20462C212C460BF06F
:103890006EFCEFE7014B186AFFF7EABF080000244F
:1038A00000220270C0E90120C0E9030270470068ED
:1038B0007047D0E900323C2000FB02307047000026
:1038C000F8B5002246683C27964207D1104C236881
:1038D000BFF35B8FDB070CD50E4807E007FB02F454
:1038E00005682B192C598C4201D1181DF8BD0132E5
:1038F000EAE720460BF03DFC0028EDD00648FFF734
:10390000CFFF064826F02FFF20460BF03EFCE3E7F2
:10391000F40B002408000024240000249538020839
:10392000F8B506460F4640F2FB45094C013D02D171
:103930002C462046F8BD21683046FDF7EFFA28B145
:1039400061683846FDF7EAFA0028F2D11434EDE751
:103950005C7405082DE9F84FE24C0123DFF808B448
:1039600049F27C22236004F12000DF4B0025DF4F69
:1039700040F2E6496360DE4BE760A360A261DD4E82
:10398000DFF8E883DFF8E8A3C4E904BBFFF788FFAA
:10399000022249F27C20A663E263D74A606504F103
:1039A0005C002264D54A6563C4E91127C4E913BBEE
:1039B000FFF776FF0322D24F04F19800D14BA267A4
:1039C000D14AE767C4F88020C4F88CB0C4F890905E
:1039D000C4E91C56C4E9213BFFF762FF0422CB4B2C
:1039E00004F1D400C4E92D27C94AC4E92B56C4F810
:1039F000BC20C4E9303BC4E932B9FFF751FF0522CE
:103A0000C24B04F58870C4E93C27C24AC4E93F3B75
:103A1000C4E93A56C4F8F820C4E941B9FFF740FFB9
:103A2000062204F5A670C4E94B27BB4AC4E94956EF
:103A3000C4F83421C4E94E8BC4E950B9FFF730FF14
:103A40000722B24B04F5C470C4E95A27B34AC4E94B
:103A50005D3BC4E95856C4F87021C4E95FB9FFF76B
:103A60001FFF082204F5E270C4F8BC91C4E969277D
:103A7000AB4AC4E96756C4E96B28C4E96DBBFFF7DC
:103A80000FFF092204F50070C4F8F891C4E9782703
:103A9000A44AC4E97656C4E97A28C4E97CBBFFF796
:103AA000FFFE0A2204F50F70C4F83492C4E9872798
:103AB0009D4AC4E98556C4E98928C4E98BBBFFF750
:103AC000EFFE0B2204F51E70C4F87092C4E996272D
:103AD000964AC4E99456C4E99828C4E99ABBFFF70A
:103AE000DFFE0C2204F52D70C4E9A527904AC4E935
:103AF000A356C4F89C22C4E9A8ABC4E9AAB9FFF74D
:103B0000CFFE0D2204F53C70C4F8E892C4E9B42756
:103B1000884AC4E9B256C4E9B62AC4E9B8BBFFF77B
:103B2000BFFE0E2204F54B70C4F82493C4E9C327EA
:103B3000814AC4E9C156C4E9C52AC4E9C7BBFFF735
:103B4000AFFE0F22714B04F55A70C4E9D2277B4AAD
:103B5000C4E9D056C4F85023C4E9D53BC4E9D7B969
:103B6000FFF79EFE1022694B04F56970C4E9E12756
:103B7000734AC4E9E43BC4E9DF56C4F88C23C4E9C2
:103B8000E6B9FFF78DFE112204F57870C4F8D893DA
:103B9000C4E9F0276B4AC4E9EE56C4E9F22AC4E945
:103BA000F4BBFFF77DFE1222584B04F21C40C4F810
:103BB000FC23654AC4F80074C4F80424C4F808342B
:103BC000C4F80CB4C4F810B4C4F81494DFF8A4A179
:103BD000C4E9FD56FFF764FE13224C4B04F58B60DD
:103BE000C4F83824594AC4F83464C4F83C74C4F89E
:103BF0004024C4F84434C4F83054C4F848B4C4F879
:103C00004CB4C4F85094FFF74BFE14223F4B04F21F
:103C10009440C4F87064C4F874244D4AC4F88034E5
:103C2000C4F87874C4F87C24C4F86C54C4F884B420
:103C3000C4F888B4C4F88C94FFF732FE152240F61D
:103C400074604449C4F8B024434AC4F8C80404F575
:103C50009A60C4F8AC64C4F8B474C4F8B824C4F866
:103C6000C0A4C4F8C414C4F8A854C4F8BC84FFF7B2
:103C700017FE162240F674603649C4F8EC24374A21
:103C8000C4F8040504F20C50C4F80015C4F8E86444
:103C9000C4F8F074C4F8F424C4F8FCA4C4F8E454E0
:103CA000C4F8F884FFF7FCFD172240F67460154B4A
:103CB000C4F828252A4AC4F8400504F5A960C4F8C8
:103CC0003025284AC4F83435C4F82465C4F82C7566
:103CD000C4F838A5C4F83C25C4F82055FFF7E0FD2A
:103CE000182249E0F80B0024143605087C38050832
:103CF0006B38050891380508183605089738050807
:103D000002360508B6380508A8380508D23805086F
:103D1000C4380508E0380508EE3805080C390508F0
:103D20001C3905082C3905083C3905084D390508AA
:103D30005E3905087B390508863905089A39050872
:103D4000A7390508B4390508C1390508D43905086B
:103D5000E7390508113A0508FA390508193A05083E
:103D6000283A0508353A050889380508FE38050857
:103D70006C390508053A050804F28450C4F86065FA
:103D8000C4F86425EA4AC4F86875C4F86C25C4F818
:103D90005C55C4F87085C4F874B5C4F878B5C4F837
:103DA0007C95FFF77DFD192241F26450E14BC4F888
:103DB000A025E14AC4F8B80504F5B860C4F8A82500
:103DC000DE4AC4F8B435C4F89C65C4F8A475C4F8D8
:103DD000AC25C4F8B0A5C4F89855FFF761FD1A22C8
:103DE000D74904F2FC50C4F8D865C4F8DC25D54A9C
:103DF000C4F8F015C4F8E42540F6C222C4F8E07512
:103E0000C4F8ECA5C4F8F425C4F8D455C4F8E88582
:103E1000FFF746FD1B20CC4A40F66823C4F81C7609
:103E2000C4F81806C948C4F81426C4F82006C848BF
:103E3000C4F828A6C4F82C0604F5C760C4F83036C8
:103E4000C4F81056C4F82486FFF72AFD1C20B94B8D
:103E500041F2645CC4F85066C4F85406BD48C4F826
:103E60005876C4F85C0604F27460C4F864A6C4F81A
:103E70006836C4F86CC6C4F84C56C4F86086FFF7C0
:103E80000FFD1D20AB4B41F2645CC4F88C66C4F896
:103E90009006B148C4F8A436C4F8980604F5D66074
:103EA000C4F8A8C6C4F89476C4F8A0A6C4F8885686
:103EB000C4F89C86FFF7F4FC1E20A14940F6C222FC
:103EC000C4F8C866C4F8CC06A448C4F8E016C4F820
:103ED000D40604F2EC60C4F8D076C4F8DCA6C4F8CA
:103EE000E426C4F8C456C4F8D886FFF7D9FC964A2D
:103EF00041F2645C8F4B04F5E560C4F804271F228F
:103F0000C4F80C77C4F80827954AC4F818A7C4F871
:103F10001027C4F81C37C4F820C7C4F80057C4F8E9
:103F20001487FFF7BDFC202241F2645C814B04F250
:103F30006470C4F844278B4AC4F85CC7C4F840676F
:103F4000C4F84877C4F84C27C4F854A7C4F85837C5
:103F5000C4F83C57C4F85087FFF7A2FC21227C48E4
:103F600040F66823C4F87C67C4F880277E4AC4F80A
:103F7000940704F5F460C4F88477C4F88827C4F87B
:103F800090A7C4F89837C4F87857C4F88C87FFF71F
:103F900087FC222241F26450664BC4F8BC27734A66
:103FA000C4F8D40704F2DC70C4F8B867C4F8C0776A
:103FB000C4F8C427C4F8CCA7C4F8D037C4F8B457A1
:103FC000C4F8C887FFF76CFC232241F26450594BB8
:103FD000C4F8F827664AC4F8100804F61800C4F8B4
:103FE0000C38C4F8F467C4F8FC77C4F80028C4F8A7
:103FF00008A8C4F8F057C4F80488FFF751FC24223D
:1040000040F67460C4F83068C4F83428594AC4F8DB
:104010004C0804F65400C4F83C28574AC4F83878D1
:10402000C4F84828C4F844A8C4F82C58C4F84088F8
:10403000FFF736FC2521514B04F50960C4F86C6884
:10404000C4F870184E49C4F88438C4F878184FF48E
:104050000161C4F87478C4F88818C4F880A8C4F85A
:104060006858C4F87C88FFF71BFC2620364AC4F841
:10407000B078C4F8AC084348C4F8A828C4F8B40819
:1040800040F674603C4AC4F8C40804F6CC00C4F896
:10409000C028C4F8BCA8C4F8A458C4F8B888FFF76E
:1040A000FFFB2720234BC4F8E468C4F8E80836482F
:1040B000C4F8EC78C4F8F00841F26450C4F8F8A8E9
:1040C000C4F8000904F60810C4F8FC38C4F8E05835
:1040D000C4F8F488FFF7E4FB2820164BC4F82069E5
:1040E000C4F824092948C4F82879C4F82C0941F2F5
:1040F0006450C4F834A9C4F83C0904F64410C4F868
:104100003839C4F81C59C4F83089FFF7C9FB292095
:10411000084BC4F85C69C4F860091D48C4F86479A8
:10412000C4F8680941F26450C4F870A932E000BFD5
:104130003D3A0508693A05084D3A05085B3A050815
:10414000843A0508713A05088C3A0508933A05083F
:10415000A23A0508AA3A0508B93A0508C73A050877
:10416000D23A0508E03A0508F13A0508023B05088D
:10417000133B0508203B0508313B0508483B050873
:10418000393B0508503B05085D3B05086A3B0508BF
:10419000773B0508C4F8780904F51860C4F8743949
:1041A000C4F85859C4F86C89FFF77AFB2A20EC4B05
:1041B000C4F89869C4F89C09EA48C4F8B039C4F84E
:1041C000A40941F26450C4F8A079C4F8B40904F613
:1041D000BC10C4F8ACA9C4F89459C4F8A889FFF776
:1041E0005FFB2B20E049C4F8D469C4F8D809DF4844
:1041F000C4F8DC79C4F8E00940F67460C4F8E8A9B2
:10420000C4F8F00904F6F810C4F8EC19C4F8D05951
:10421000C4F8E489FFF744FB2C20D54B4FF401612F
:10422000C4F8106AC4F8140AD248C4F8283AC4F88A
:104230001C0A04F63420C4F8187AC4F824AAC4F876
:104240002C1AC4F80C5AC4F8208AFFF729FBCA4A72
:104250002D2140F67460C4F8547AC4F84C2AC4F88E
:10426000501AC64AC649C4F8680A04F52760C4F85B
:10427000581AC4F860AAC4F8642AC4F8485AC4F8A2
:104280005C8AFFF70DFB2E2241F26450B44BC4F858
:104290008C2ABC4AC4F8A40A04F6AC20C4F8886A84
:1042A000C4F8907AC4F8942AC4F89CAAC4F8A03A36
:1042B000C4F8845AC4F8988AFFF7F2FA2F2241F220
:1042C0006450A74BC4F8C82AAF4AC4F8E00A04F601
:1042D000E820C4F8DC3AC4F8C46AC4F8CC7AC4F85C
:1042E000D02AC4F8D8AA4FF46A7AC4F8C05AC4F8DD
:1042F000D48AFFF7D5FA3022A44F04F62430C4F84C
:10430000006BC4F8042BA24AC4F8087BC4F80C2B39
:10431000C4F8FC5AC4F8108BC4F814BBC4F818BB1A
:10432000C4F81C9BFFF7BCFA312204F53660C4F8D0
:104330003C6BC4F8402B974AC4F8447BC4F8482B24
:10434000C4F8385BC4F84C8BC4F850BBC4F854BBF9
:10435000C4F8589BFFF7A4FA32228F4B04F69C3026
:10436000C4F8786BC4F87C2B8C4AC4F8803BC4F842
:10437000842BC4F8745BC4F8888BC4F88CBBC4F875
:1043800090BBC4F894ABFFF78BFA3322824B04F650
:10439000D830C4F8B46BC4F8B82B814AC4F8BC3B1D
:1043A000C4F8C02BC4F8B05BC4F8C48BC4F8C8BB55
:1043B000C4F8CCBBC4F8D0ABFFF772FA352204F6D0
:1043C0001440C4F8F06BC4F8F42B764AC4F8F87BB8
:1043D000C4F8FC2BC4F8EC5BC4F8008CC4F804BC33
:1043E000C4F808BCC4F80C9CFFF75AFA362204F54E
:1043F0004560C4F82C6CC4F8302C6B4AC4F8347C8B
:10440000C4F8382CC4F8285CC4F83C8CC4F840BC10
:10441000C4F844BCC4F8489CFFF742FA372204F6BB
:104420008C40C4F8686CC4F86C2C604AC4F8707C8A
:10443000C4F8742CC4F8645CC4F8788CC4F87CBCF0
:10444000C4F880BCC4F8849CFFF72AFA382204F62A
:10445000C840C4F8A46CC4F8A82C554AC4F8AC7C75
:10446000C4F8B02CC4F8A05CC4F8B48CC4F8B8BCD0
:10447000C4F8BCBCC4F8C09CFFF712FA392204F699
:104480000450C4F8E06CC4F8E42C4A4AC4F8E87C50
:10449000C4F8EC2CC4F8DC5CC4F8F08CC4F8F4BCB0
:1044A000C4F8F8BCC4F8FC9CFFF7FAF93A22424978
:1044B00004F55460C4F81C6DC4F8202D3F4AC4F8BC
:1044C000241DC4F8282D3E4AC4F8185DC4F82C2DCC
:1044D00049F27C22C4F830BDC4F8382DC4F834BD8C
:1044E000FFF7DEF93B22374B04F67C50C4F8586DD9
:1044F000C4F85C2D344AC4F8683DC4F8607DC4F843
:10450000642DC4F8545DC4F86CBDC4F870BDC4F823
:10451000749DFFF7C5F9502204F6B850C4F8946DA5
:10452000C4F8982D294AC4F8905DC4F89C2D284AF7
:10453000C4F8A8BDC4F8A02D264AC4F8ACBDC4F880
:10454000A42DC4F8B05DFFF7ABF95122224E234FE2
:1045500004F6F450C4F8D42D214AC4F8CC5D41E0EF
:10456000693A0508853B0508113A0508933B05089B
:10457000483B0508A13B05088C3A0508313B050876
:10458000B13B0508BF3B0508CD3B05080B360508C8
:10459000DB3B0508EC3B050821360508FD3B05081B
:1045A0000C3C05081D3C05082E3C05083F3C050851
:1045B000503C0508613C050814360508723C0508A6
:1045C0007C380508D23805087F3C05088E3C050874
:1045D000943C0508AA3C0508506C0508CE3C05082B
:1045E000B73C0508C4F8D82D184AC4F8D06DC4F8F3
:1045F000DC2DC4F8E07DC4F8E4BDC4F8E8BDC4F81F
:10460000EC5DFFF74DF9522204F56360C4F8085ED3
:10461000C4F8102E0E4AC4F80C6EC4F8142E0D4ABD
:10462000C4F81C7EC4F8182EC4F820BEC4F824BEFA
:10463000C4F8285EFFF734F9074B3D22C4F8445E06
:10464000C4F8486E1C605A60BDE8F88FC33C05088A
:10465000DC3C0508E83C0508EC0B002438B5054CAB
:10466000A4F64C653C3C606AFFF702F9AC42F9D114
:1046700038BD00BF441A0024B0F5007F014608B5DC
:1046800009D1094807F0E2FB431E58425841BDE8F2
:10469000084001F015B8B0F5804F03D1BDE80840DF
:1046A00003F05AB808BD00BF000C02580D2008B531
:1046B00000F092FCFEE7000030B59DB04C220021D6
:1046C00009A828F00BFA2022002101A828F006FAF8
:1046D000022007F00FFC00230093234B9A6942F459
:1046E00040429A619A6902F4404200921F4AD16A9C
:1046F00041F00101D162D26A02F001020092009AF7
:104700009A699004FCD50A234024002204250993C9
:1047100001233C2109A80E931B92CDE90C340223FE
:10472000CDE91232CDE9163318930C23CDE914519B
:10473000CDE9193207F002FC08B1FFF7B7FF0323F8
:104740003F220390294601A80694CDE901230823BE
:10475000CDE904344FF48063CDE9073407F038FF26
:104760000028EAD11DB030BD0048025800040058AE
:1047700000B5ADF5317DA0220021634D10A80024C5
:1047800028F0ACF9A022002138A828F0A7F94FF4AE
:10479000A072002160A828F0A1F95C4B5C4AA0211E
:1047A00010A84FF4005628F069F8584B594AA02138
:1047B00038A828F063F806F033FA00F0C7FAFFF7DC
:1047C0007BFF142200210BA828F088F9D5F8E030EF
:1047D00000224FF4005143F004034F48C5F8E03085
:1047E000D5F8E03003F004030193019BD5F8E030E5
:1047F00043F00103C5F8E030D5F8E03003F00103E1
:104800000293029BD5F8E03043F00203C5F8E03094
:10481000D5F8E03003F002030393039BD5F8E030B2
:1048200043F00803C5F8E030D5F8E03003F00803A2
:104830000493049B07F010FB01230BA936480D934A
:104840000E94CDE90B6307F019FA4FF4007C4FF496
:1048500044130BA9314802260D94CDE90BC307F090
:104860000DFA4FF4804E4FF488130BA92B480D9688
:10487000CDE90BE307F002FA4FF400430BA92748F8
:104880000D96CDE90B3407F0F9F9224621461720A1
:1048900006F030FA172006F05FFA2246214628205B
:1048A00006F028FA282006F057FAD5F8D830224624
:1048B000214643F001030B20C5F8D830D5F8D83095
:1048C000174D03F001030093009B06F013FA0B2031
:1048D00006F042FA102221460BA828F0FFF8EF2339
:1048E0004FF0804228460A94AC60C5E900230D4B86
:1048F000C5E903348023CDE90844AB6109F0A8F889
:1049000090B1FFF7D3FE00BF004402584D000024D1
:104910009C5A0508D05A050800080258000C025895
:10492000A41D00243F0D03004FF480530BA928461B
:104930000B9309F0C7F80028E3D1089008A90A9062
:10494000284609F07BF90028DBD1AB480623AB4CA5
:10495000C0E9004340F6FF73C0E9023307F08DFA67
:104960000028CED1A64C0C25A64B4FF46126206121
:10497000C4E90200C4E90550C4E90700C4E909001C
:104980002046C4E900360AF095FA01460028B8D15D
:1049900020460AF089FB01460028B2D120460AF0E1
:1049A000A3FB0028ADD120460AF063FB0028A8D164
:1049B000954C964BA062C4E90200C4E90405C4E921
:1049C0000600C4E908002046C4E900360AF072FA7D
:1049D0000146002895D120460AF066FB002890D1B8
:1049E000002120460AF080FB00288AD120460AF0E8
:1049F00040FB002885D1864C864BA062C4E90200AA
:104A0000C4E90405C4E90600C4E908002046C4E975
:104A100000360AF04FFA014600287FF472AF2046B4
:104A20000AF042FB014600287FF46BAF20460AF0F3
:104A30005BFB00287FF465AF20460AF01AFB0346B3
:104A400000287FF45EAF744845F6BF527349836017
:104A50008361C0E900124FF6FF72C0E9032308F03A
:104A6000F7FF00287FF44DAF6D4C6E4BA062C4E998
:104A70000200C4E90405C4E90600C4E908002046B0
:104A8000C4E900360AF016FA014600287FF439AF6F
:104A900020460AF009FB014600287FF432AF204689
:104AA0000AF022FB00287FF42CAF20460AF0E1FA3E
:104AB00000287FF426AF5C4C45F6BF535B4A079055
:104AC000A060A061C4E9002342F20F73CDE90500A4
:104AD0002046E36008F0BCFF00287FF412AF059089
:104AE00005A90790204609F0A9F8054600287FF49B
:104AF00008AF414807F0F0F94FF4A07160A800F04A
:104B0000BBF9322005F0ECFD60A8FBF749FC01463B
:104B100060A805F03DF8322005F0E2FD10A8FBF793
:104B20003FFC014610A805F033F8322005F0D8FD0F
:104B300038A8FBF735FC014638A805F029F83220E3
:104B400005F0CEFD03F0E3FB322005F0C9FD642043
:104B500000F032FA4FF4C0422946354827F0BEFF34
:104B60004FF400722946334827F0B8FF4FF4007223
:104B70002946314827F0B2FF4FF4007229462F48EA
:104B800027F0ACFF4FF4C042294921480AF0CCFA83
:104B90004FF4007227491A480AF0C6FA4FF400721F
:104BA00025491F480AF0C0FA4FF4007223491648FD
:104BB0000AF0BAFA2046104C08F0FCFD01224FF42E
:104BC00000511F4807F048F96E2000F0F5F9204623
:104BD00007F082F905F026FF05F0A8FB04F0AAFC17
:104BE00002F014F905F09CFA6F2000F0E5F90A20B4
:104BF00005F076FDE8E700BFF01D002400480058EE
:104C0000BC1A002400480040E41B002400100140AE
:104C1000781C0024004C00400C1D002400200040A3
:104C2000501B002400440040581D00240014004084
:104C30007F2300247F8300247F8500247F87002436
:104C400000080258BFF34F8F0549064BCA6802F4AB
:104C5000E0621343CB60BFF34F8F00BFFDE700BF9F
:104C600000ED00E00400FA052DE9F0471D4BDFF8E8
:104C70009CA01D4F8AF80000986A1C4E3860D86AC4
:104C80001B4D3060586B1B4CDFF8848028609B6B99
:104C9000DFF880902360C8F800200122164BC9F885
:104CA00000101A7007F01EF9144B00221A655A659D
:104CB0009AF800209A65124A1268DA65D9F800203D
:104CC0001A66D8F800205A663A689A663268DA6638
:104CD0002A681A6722685A670A4A5A650A4A1A6590
:104CE000BDE8F08700ED00E0181E0024141E00242B
:104CF000101E00240C1E0024001E0024004000583A
:104D0000201E0024BEB6BBAD414944521C1E0024E7
:104D1000041E0024081E002470B504460D46FBF74F
:104D20003FFB1E280DD82B4638B1C0F12001054AA3
:104D30002044BDE8704027F0A1BD034A2021204651
:104D4000F7E770BD045B0508055B05082DE9F84F22
:104D50003B4BD3F8D0403B4B66011C6063D4E5006D
:104D600063D4E00163D4610063D4A20263D463021C
:104D700063D4C4F3C053344A344913700023DFF8BA
:104D8000E890DFF8E880324F324EDFF8E4B0DFF829
:104D9000E4A0314D0B60C9F80030C8F800303B602A
:104DA0003360CBF80030CAF800302B7007F09AF867
:104DB0002A4B2649D86D244A08602949186D884233
:104DC0001AD1586D2749884216D114F0AA4F13D032
:104DD000996D11701A6ECBF800205A6ECAF8002037
:104DE0009A6EC9F80020DA6EC8F800201A6F3A608F
:104DF0005B6F336001232B7007F074F8174B0022B0
:104E00001A655A659A65DA651A665A669A66DA66A6
:104E10001A675A670A4AD2F8D03043F48033C2F88E
:104E2000D030BDE8F88F0523A5E70623A3E70423C8
:104E3000A1E707239FE703239DE702239BE700BF2A
:104E400000440258241E00241C1E0024201E00249E
:104E5000101E00240C1E0024001E002400400058D8
:104E600041494452BEB6BBAD181E0024141E002496
:104E7000081E0024041E002470B50E4692B005469C
:104E8000002861D000295FD0354B1C680023210227
:104E90008DF8283003D533490AA8FFF73DFF620299
:104EA00003D531490AA8FFF737FFA30203D52F49DD
:104EB0000AA8FFF731FFE00103D52D490AA8FFF743
:104EC0002BFF610103D52B490AA8FFF725FFE2005C
:104ED00003D529490AA8FFF71FFF630003D5274917
:104EE0000AA8FFF719FF9DF828301BB924490AA822
:104EF00029F02BFC234B24491B780968013BDBB2CA
:104F00000C2B96BF214A224B52F82330214A1278AB
:104F1000E2B12148006808902048006807902048C6
:104F2000006806901F48006805901F4800680490BC
:104F30001E48006801920AAACDE90210009231468B
:104F40001B4A284627F09AFC12B070BDCDE901211A
:104F50000AAA314628460092164A27F08FFCF3E74A
:104F6000241E00240C5B0508105B0508145B050873
:104F7000185B05081C5B0508215B0508265B050816
:104F80002B5B05081C1E0024201E0024E4D7050806
:104F9000085B0508001E00240C1E0024101E0024BF
:104FA000141E0024181E0024041E0024081E0024C1
:104FB000305B0508A85B0508054B1A68824210B5EE
:104FC000044604D0186006F08DFF024BDC6510BD6E
:104FD000201E00240040005808B572B60022114679
:104FE000FFF742FEBFF34F8FFFF72CFE08B5FFF728
:104FF000F3FF08B548B1D0E9052172B60820FFF7E4
:1050000033FEBFF34F8FFFF71DFE02460146F4E764
:1050100070B50A4E04460D46002230464FF400514A
:1050200006F01AFF2946204604F0E6FD304601222C
:105030004FF40051BDE8704006F00EBF0008025862
:105040000248002203685A6208F0B4BBA41D002481
:1050500008B5034678B1084A904206D9074A9042FB
:1050600001D916F0DEFC16F0D9FC60205843BDE8EB
:1050700008400AF08DB808BD55555501AAAAAA02E4
:10508000F0B50B7801F110070C460546037000F1EE
:1050900010064B6843608B6883600FCF0FC697E89C
:1050A0000300A36A86E80300AB62E36AEB62236B4A
:1050B0002B630023C4E90B33A362636B6B63A36BA5
:1050C000AB63E36BEB63236C2B64636C6B64A36C6B
:1050D000AB64E36CEB64236D2B65636D6B65A36D53
:1050E000AB65E36DEB65F0BD38B5044604B938BD7A
:1050F000E068FFF7F9FFA568204634212C460AF046
:1051000036F8F3E708B570B1B0F1805F06D3B0F1BF
:10511000005F01D316F085FC16F080FCC000BDE8EE
:1051200008400AF035B808BD531A0F2B73B5044672
:105130000D461646019306D9002201A91DF004F977
:10514000019B2060A3603246294620681DF096F935
:10515000019B226800216360D15402B070BD000041
:1051600008B500F10803036019B912B1034816F03D
:105170005EFC0A44BDE80840FFF7D6BFC43305080B
:1051800038B5044604B938BDE068FFF7F9FFA568F3
:10519000204630212C4609F0EAFFF3E738B50446F3
:1051A00004B938BDE068FFF7F9FFA568204618216B
:1051B0002C4609F0DCFFF3E708B54368C3F17F53E1
:1051C00003F57F1303F57F53D1E900123F339A4271
:1051D00002D9034816F02EFCBDE808401DF034BB90
:1051E000F05B050808B5034678B1084A904206D935
:1051F000074A904201D916F014FC16F00FFC182053
:105200005843BDE8084009F0C3BF08BD55555505D2
:10521000AAAAAA0AF8B500F108070C4605460760D5
:1052200008461DF08AF804F10806626860B1013290
:1052300003D03146384629F090FA636826606B60E7
:10524000002363602372F8BD23682B60A368AB6002
:10525000F3E770B504460E461546B44201D1284620
:1052600070BD21462846FFF7D5FF20461835183473
:105270001DF08BF8F1E7F8B5164604468B680D1D56
:1052800001223BB9E2B1CA68AA420ED1C4E9003595
:105290002046F8BD1A7C1D46B242D3E902708BBF8E
:1052A000012200223B460346EBE728460BF099FB20
:1052B000037CB3424FF00003E8D3C4E90003E7E7FF
:1052C0002846F5E7F8B5164604468B680D1D012201
:1052D0003BB9E2B1CA68AA420ED1C4E90035204602
:1052E000F8BD1A7C1D46B242D3E902708BBF012281
:1052F00000223B460346EBE728460BF072FB037C9B
:10530000B3424FF00003E8D3C4E90003E7E72846BF
:10531000F5E7F8B5164604468B680D1D01223BB92A
:10532000E2B1CA68AA420ED1C4E900352046F8BDF0
:105330001A7C1D46B242D3E902708BBF01220022C3
:105340003B460346EBE728460BF04BFB037CB3429E
:105350004FF00003E8D3C4E90003E7E72846F5E788
:105360002DE9F7430D7806460C4601462A46684665
:10537000FFF7CFFFDDF80480B8F1000F20D0009BCD
:1053800006F10409FBB9C8451DD098F81070AF426A
:1053900094BF00270127302009F0FAFE844600F16F
:1053A00010050FCC0FC594E80F0085E80F004B46A1
:1053B0004246614638460BF016FB73690133736150
:1053C00003B0BDE8F0830127E5E70000134AF8B514
:1053D0000E4604469368151D01213BB9E1B1D26820
:1053E000AA420ED1C4E900352046F8BD197C1D46FD
:1053F000B142D3E902708BBF012100213B46034635
:10540000EBE728460BF0EDFA037CB3424FF00003C4
:10541000E8D3C4E90003E7E72846F5E7A82000241D
:1054200001460B4882680430034670B53AB9984289
:1054300004D0027C074B8A4288BF184670BD167C98
:10544000D2E902458E422ABF10462A462246EDE79F
:10545000A8200024AC200024031D8268184670B5E3
:1054600032B9834203D0027C8A4288BF184670BD9D
:10547000167CD2E902458E422ABF10462A462246B1
:10548000EEE7000008B5034678B1084A904206D915
:10549000074A904201D916F0C4FA16F0BFFA182054
:1054A0005843BDE8084009F073BE08BD5555550581
:1054B000AAAAAA0A031D8268184670B532B98342A7
:1054C00003D0027C8A4288BF184670BD167CD2E9A0
:1054D00002458E422ABF10462A462246EEE770B5A4
:1054E0000446302009F054FE064600F110050FCCAA
:1054F0000FC594E80F0085E80F00304670BD2DE918
:10550000F041054610300E46FFF7E9FF2B780446C0
:10551000466003700023C0E90233E86818B12146F1
:10552000FFF7EDFFE060AE6827464FF0000816B9C0
:105530002046BDE8F08106F11000FFF7D0FF337878
:1055400005460370C0E90288B8604760F06818B18A
:105550002946FFF7D4FFE860B6682F46E7E700006A
:1055600010B50446F0B11149FAF7BAFED8B11049A6
:105570002046FAF7B5FEB0B10E492046FAF7B0FE64
:1055800088B10D492046FAF7ABFE60B10B492046C1
:10559000FAF7A6FE38B10A492046FAF7A1FEB0FA9A
:1055A00080F0400910BD0120FCE700BF143605085B
:1055B00018360508023605080B3605081C3605089E
:1055C000213605080000000038B51C46154652EA91
:1055D00004032DED028B16D0FBF770F841EC180B8D
:1055E00028462146FBF76AF841EC160B88EE067B4D
:1055F0009FED076B27EE067BB8FE477B87EE060B19
:10560000BDEC028B38BD9FED040BF9E7AFF30080D2
:10561000000000000088C340000000000000F87F88
:1056200001461C482DE9F0412DED028BFFF742FFAA
:10563000194A0346904205D19FED180ABDEC028B32
:10564000BDE8F0810024006A03F1180527462646CC
:10565000A046854211D154EA0703EDD041463046B9
:10566000FBF72AF9394608EE100A2046FBF724F921
:1056700007EE900A88EE270AE0E7C369027C1C194E
:1056800047F100070B2A02D19E1948F100080BF0E0
:10569000A6F9DEE7242100242821002400000000D0
:1056A000014B1868704700BF1C210024034B1A6887
:1056B000013202D01A6801321A6070471C2100249E
:1056C000024B01221870024B1A70704716210024F9
:1056D000172100242DE9F843054610B3124800268F
:1056E000FEF7E5F804461048FEF7E3F8DFF83C80E3
:1056F0000746DFF83C90A74202D13046BDE8F88368
:105700006368002B08BF43469D4208D12078FFF70D
:1057100087FE484503D090F8303003B101363C3461
:10572000E9E70646E9E700BFEC0B0024506C0508EA
:10573000AC20002400B5074B99B0074A60215B6993
:10574000684627F09BF801466846FFF761FC19B0F0
:105750005DF804FB24210024055C050838B500F140
:10576000080304460D46036011B9064816F05FF9B8
:105770000846FAF715FE29462A182046FFF7D4FCFA
:10578000204638BDC4330508B0EEC06B0B469FED14
:105790000E7B10B5B4EE476B90B00446F1EE10FAF4
:1057A00006D904AA0A49FFF7D9FF204610B010BD58
:1057B000084A302104A88DED000B27F05FF803AAFA
:1057C00004A92046EFE700BFFFFFFFFFFFFFEF7FC9
:1057D000285C05082D5C0508F7B50C4601AA194997
:1057E0000546FFF7BBFF184B184F002C08BF1C469F
:1057F000174E013C14F8011F31B9284622211CF034
:10580000D8FE284603B0F0BD222901D05C2908D17A
:105810005C2128461CF0CDFE217828461CF0C9FEEC
:10582000E8E71F29F9D8394628461DF047F82378BC
:1058300028461B09F15C1CF0BCFE237803F00F0323
:10584000F15CEAE7C4360508506C0508325C0508CF
:1058500018D8050800000000F0B52DED048BA3B0AA
:10586000044616461F462C9D95ED007B9FEDA46BCC
:10587000B0EEC75BB4EE465BF1EE10FA00F23A818F
:1058800095ED025BB0EEC54BB4EE464BF1EE10FA6F
:1058900000F23081B7EE006B36EE476BB5EEC06BB1
:1058A000F1EE10FA40F3298137EE457B9FED965BD0
:1058B00027EE057B87EE068B0B46994A402112A8FE
:1058C00026F0DCFF0CAA12A92046FFF747FF20466E
:1058D0004FF4C071B3EE049B1CF050FE06AA914930
:1058E0000CA8FFF73BFF904B0CA8002E14BF3146CD
:1058F00019461CF0E3FF01466846FFF78BFC0CA835
:105900001CF043FD00990CA8FFF766FF0CA9204688
:10591000FFF752FC0CA81CF038FD394606A8FFF72B
:105920005BFF824A002106A81CF07EFF01460CA8FE
:10593000FFF770FC0CA92046FFF73EFC0CA81CF0FA
:1059400024FD06A81CF021FD06A8042195ED020BFC
:10595000FFF71AFF764A002106A81CF065FF0146F2
:105960000CA8FFF757FC0CA92046FFF725FC0CA854
:105970001CF00BFD06A81CF008FD06A8042195EDFF
:10598000000BFFF701FF6B4A002106A81CF04CFF3B
:1059900001460CA8FFF73EFC0CA92046FFF70CFCC3
:1059A0000CA81CF0F2FC06A81CF0EFFC06A80421D1
:1059B00095ED040BFFF7E8FE5F4A002106A81CF0F6
:1059C00033FF01460CA8FFF725FC0CA92046FFF782
:1059D000F3FB0CA81CF0D9FC06A81CF0D6FC06A80A
:1059E000022195ED020B20EE090BFFF7CDFE534A85
:1059F000002106A81CF018FF01460CA8FFF70AFCBE
:105A00000CA92046FFF7D8FB0CA81CF0BEFC06A88A
:105A10001CF0BBFC06A8022195ED000B20EE090B43
:105A2000FFF7B2FE464A002106A81CF0FDFE014623
:105A30000CA8FFF7EFFB0CA92046FFF7BDFB0CA855
:105A40001CF0A3FC06A81CF0A0FC06A8022195ED02
:105A5000040B20EE090BFFF797FE3A4A002106A837
:105A60001CF0E2FE01460CA8FFF7D4FB0CA920466F
:105A7000FFF7A2FB0CA81CF088FC06A81CF085FC14
:105A8000B0EE480B06A80221FFF77EFE2E4A002149
:105A900006A81CF0C9FE01460CA8FFF7BBFB0CA929
:105AA0002046FFF789FB0CA81CF06FFC06A81CF031
:105AB0006CFC2D9B254A402112A826F0DFFE12A97E
:105AC00020461CF0FBFE2E990CA8FFF785FE0CA9C2
:105AD0002046FFF771FB0CA81CF057FC1C49204620
:105AE0001CF0ECFE68461CF050FC204623B0BDECD8
:105AF000048BF0BD9FED068BDEE69FED078BDBE6AA
:105B0000FFFFFFFFFFFFEF7F000000000000594094
:105B1000000000000000F87F00000000000000000E
:105B2000375C0508605C0508506C0508695C050871
:105B3000735C0508835C0508915C0508A45C050896
:105B4000B35C0508C05C0508D05C0508DB5C050893
:105B5000A55B050810B5044600680AF03EFF20600A
:105B6000204610BD10B5044600680AF036FF2060DC
:105B7000204610BD10B50446006818B1A168091A86
:105B800009F0F5FA204610BDF8B5124DD5E90067C9
:105B9000BE4208D0344604F128006034FFF7EAFF23
:105BA000A742F8D16E600C4DD5E90067BE4207D020
:105BB0003446204618341CF0E8FBA742F9D16E6049
:105BC0000023064A1360064A1370064A1370064AF9
:105BD0001370F8BDC0200024D0200024CC20002465
:105BE00015210024142100240C2100242DE9F04F5C
:105BF0002DED028B8DB004F009FE8146002873D193
:105C0000BD4DBE4C28686B68BD4F1B1A2268DB1067
:105C10007B43934226D9531C236018235A4383188D
:105C200080585968FFF7F4F9D5E900239B1A2268D8
:105C3000DB107B43934200F25781B24BB24A197892
:105C4000D2E900239B1A5B117B439942C0F04C813F
:105C5000FFF79AFFAD480DB0BDEC028BBDE8F04FE9
:105C600007F0E6BDAA4B1B780493002BF0D0A64D9D
:105C7000A44ED5E900833478A3EB08035B117B4382
:105C80009C42E5D2DFF8DCA204EB44049AF8001051
:105C90004FEA441B08EB441471B3A36C06A818F830
:105CA0000B100293A36B019304F110030093D4E94A
:105CB0000123FFF7D1FDDDE90601FFF7A9F93278ED
:105CC0008AF800900132D5E90013D2B25B1A327023
:105CD0005B117B439A420CD3FFF756FF8B4807F0CA
:105CE000A7FD06A81CF051FB0DB0BDEC028BBDE872
:105CF000F08FFFF7A5F9F4E74FF40072854805919E
:105D000026F0ECFE80220599834826F0E7FE18F87D
:105D10000B20636881497F4826F0E6FDA76AE36AA5
:105D20000837DFF8F49103F10808DFF83CB2474583
:105D300040F01C81D4ED0F7AB3EE048A7849B7EEB7
:105D4000E77A754853EC172B26F0CEFD724971485F
:105D500026F0CCFED4ED0F7A724967EE887A6E4851
:105D6000B7EEE77A53EC172B26F0BEFD6A49694877
:105D700026F0BCFED4ED107A6B49B7EEE77A6648A0
:105D800053EC172B26F0B0FD6349624826F0AEFEB7
:105D9000D4ED107A654967EE887A5F48B7EEE77A06
:105DA00053EC172B26F0A0FD5B495A4826F09EFEC7
:105DB000D4ED117A5E49B7EEE77A574853EC172BCA
:105DC00026F092FD5449534826F090FED4ED117A06
:105DD000584967EE887A5048B7EEE77A53EC172BAC
:105DE00026F082FD4C494B4826F080FEA26C5249B9
:105DF000494826F079FD4849464826F077FED4ED1B
:105E0000137A4E49B7EEE77A434853EC172B26F046
:105E10006BFD41493F4826F069FED4ED147A4849AC
:105E2000B7EEE77A3C4853EC172B26F05DFD3A4974
:105E3000384826F05BFED4ED157A4249B7EEE77A92
:105E4000354853EC172B26F04FFD3349314826F0E7
:105E50004DFED4ED167A3C49B7EEE77A2E4853EC66
:105E6000172B26F041FD2C492A4826F03FFEA26B55
:105E70003649294826F038FD2749264826F036FEBF
:105E8000626B3349244826F02FFD2349214826F030
:105E90002DFE304B30491A681F4826F025FD1E495B
:105EA0001C4826F023FED4ED177A2C49B7EEE77A8A
:105EB000194853EC172B26F017FD1749154826F003
:105EC00015FE2749134826F011FE1248FAF768FA22
:105ED00001461048FFF79CF8A068FFF741FB002837
:105EE00058D001238AF800300DB0BDEC028BBDE81C
:105EF000F04FFFF7A5B800BFD0200024CC2000242D
:105F0000ABAAAAAA15210024C0200024A41D0024A5
:105F10000C210024A81E0024281E0024FC5C050877
:105F2000475D05085C5D05086F5D0508815D050836
:105F3000925D0508A65D0508B95D0508CC5D0508FC
:105F4000DE5D0508F25D0508055E05081A5E0508B8
:105F50002D5E0508102100243A5E0508465E0508FE
:105F6000A55B0508142100243E5D0508049917F877
:105F7000082C57F8043C59B159464846083726F0D2
:105F8000B3FC4946094826F0B1FD00230493CEE650
:105F90000749F2E7D5E9001332785B1A0549013267
:105FA0005B11D2B24B4332709A424FE6A81E0024D6
:105FB0003D5D0508ABAAAAAA034B1B7813B9034899
:105FC00007F036BCFFF712BE0C210024A41D0024EC
:105FD00002680C4B9A4210B5044603D1BDE810404C
:105FE000FFF764BB04F012FC50B92368B3F1804F93
:105FF00006D1054807F01CFCBDE81040FFF7F6BDD0
:1060000010BD00BF00140040A41D00242DE9F04F76
:1060100003460024C0680433A0462746A246A34690
:106020002546A146264622462DED048B93B00593C6
:10603000039402940194059B83421FD1019B58460F
:106040000399FFF7C1FA3246029B38465146B0EE3B
:10605000409BFFF7B9FAB0EE408B2A464B462046EC
:106060004146FFF7B1FAB0EE481BB0EE402BB0EE60
:10607000490B13B0BDEC048BBDE8F08F90F810E035
:10608000BEF10E0F25D0D0F828C0019B1CEB0202F8
:10609000C16A43F100038E190193029B43F100038F
:1060A0000293C3695D19049349F10009BEF10B0F16
:1060B0000FD11CEB0B0C039B43F10003C919E34602
:1060C00003934AF1000A049B0F461B191C4648F132
:1060D000000804920AF083FC049AACE770B5061D30
:1060E0000D4604463046FDF7DBFBA86888B1314613
:1060F000FFF705FA03461A469B68002BFBD10346BF
:10610000E2601A46DB68002BFBD16B692261636198
:10611000A060204670BD38B5044604B938BDE068BB
:10612000FFF7F9FFA56804F11400FDF765F82046B4
:106130002C212C4609F01BF8EFE72DE9FF411E4604
:1061400004462C200D4609F023F8336804F10408B6
:1061500007461E78183000F8086CFDF7A1FBA8452B
:106160002B460DD163691BB12269137CB3423ED328
:106170003246214602A8FFF7A5F8DDE9023233E0F6
:106180002A7CB2420ED9E268954209D028460AF02C
:1061900028FC037C0246B342EAD2C3683BB32A46DA
:1061A000012013E026D22269019595421FD001A853
:1061B000FFF7D8FC03681B7CB342D9D9EB688BB9D5
:1061C0002A46107CB04294BF002001204346394645
:1061D0000AF009FC6369013363613C46204604B060
:1061E000BDE8F081019B1A4622B1002BD8D1904521
:1061F000E7D1D5E707F114001C46FCF7FDFF2C2181
:10620000384608F0B4FFE9E7F0B5051D0A460C78FA
:1062100085B08368294683B98D4202D00B7CA342A6
:1062200007D902AB03920A4A009303ABFFF785FF3D
:10623000014601F1140005B0F0BD93F810C0D3E998
:106240000276A4452ABF194633463B46E3E700BF22
:106250003F7405082DE9FF411E46054630200C46D7
:1062600008F096FF336805F1040807461E781C22E3
:106270000021143000F8046C26F030FCA0450DD14C
:106280006B691BB12C69237CB3422CD3324629465F
:1062900002A8FFF73EF8DDE902431FE0237CB3428A
:1062A0000CD9EB68A34207D020460AF09AFB037C86
:1062B000B342EBD2C36853B301201BE029D22B6950
:1062C0000194A3420FD001A8FFF744FC03681B7C94
:1062D000B342DBD9E36843B1019C2346CBB12246EC
:1062E0001C46002AE8D1A045E6D0207CB04294BFED
:1062F000002001204346224639463C460AF073FB03
:106300006B6901336B61204604B0BDE8F08104463F
:10631000E9E73021384608F02AFFF4E7F0B5051D1B
:106320000A460C7885B08368294683B98D4202D02D
:106330000B7CA34207D902AB03920A4A009303AB3A
:10634000FFF788FF014601F1140005B0F0BD93F896
:1063500010C0D3E90276A4452ABF194633463B460E
:10636000E3E700BF3F7405082DE9F7431D460646E5
:1063700018200C4606F1040908F00AFF2B68804635
:10638000A14525461F784FF00003077443610DD1E6
:1063900073691BB135692B7CBB4228D33A46314621
:1063A0006846FEF768FFDDE900451DE0237CBB423F
:1063B0000CD9F368A34207D020460AF012FB037CF5
:1063C000BB42EBD2C36833B3012017E025D2336957
:1063D000A3420CD020460AF000FB037C0446BB42DB
:1063E000DCD9EB682BB10546BDB1002CECD1A94539
:1063F000EAD0287CB84294BF002001204B462A46B0
:10640000414644460AF0EFFA73690133736120464E
:1064100003B0BDE8F0830546E9E71821404608F0DF
:10642000A6FEF4E7914B2DE9F0411B6894B0904D26
:106430008DF80D202B60D3B2CAB28DF80F008DF805
:106440000E109A421CD00E2B1AD18A49C2B28B6808
:1064500004310846002B40F0ED80814202D00B7CD5
:1064600093420AD90DF10F03834A82480C9306AB7D
:1064700000930CABFFF778FF01464B6901334B618A
:106480009DF80F707D4C39467D48FFF713F8A04208
:106490000646A4F104044AD107A8FDF701FA06A9AB
:1064A0000DA88DF83070FFF719FE9DF83080214659
:1064B00004A84246FEF706FF059F002F31D0049B3B
:1064C000002B40F0C080B74200F0BD803E7C4645C6
:1064D00094BF002601262C2008F05AFE9DF830308B
:1064E000014600F1180203740F9B002B00F0AD80F1
:1064F0009DF83800CB6108761098086211984862C0
:106500005A600EAA129B8B620023CDE910220F93D2
:1065100012935A4B3A4630460AF065FA63690133E2
:1065200063610DA8FCF768FE06A8FCF765FE0DF197
:106530000F015348FFF768FE9DF80E10FEF78CFF21
:106540000DF10F0104464E48FFF75EFE031D9C420D
:1065500014D10DF10F014A48FFF756FE2B689DF844
:106560000E200CA90D9300238DF83020CDE90E33B9
:10657000CDE91033CDE91233FEF7F2FE0DF10F0134
:106580003F48FFF741FE9DF80D10FEF765FF0DF146
:106590000F0104463A48FFF737FE031D9C4214D111
:1065A0000DF10F013648FFF72FFE2B689DF80D20E7
:1065B0000CA90D9300238DF83020CDE90E33CDE9E1
:1065C0001033CDE91233FEF7CBFE0DF10F012C484D
:1065D0002C68FFF719FE0DF10E01FFF79FFE03680F
:1065E0000DF10F012648E41AFFF70EFE0DF10E0122
:1065F000FFF794FE43680DF10F0123444360214BE4
:106600001F481B783BB3FFF7FFFD0DF10E01FFF7AD
:1066100085FE0369234403610DF10F0118482C68BE
:10662000FFF7F2FD0DF10D01FFF778FE046014B0E5
:10663000BDE8F0811F7CD3E9026497422ABF194666
:106640002346334606E7012645E70376C0E90732CD
:10665000C0E909235DE7FFF7D7FD0DF10E01FFF754
:106660005DFEC3682344C360D6E700BF1C2100243D
:1066700020210024F42000243F7405082821002450
:10668000242100241821002410B504461046D4E922
:1066900000230C4C9B1A0C4ADB105343E21A8A422B
:1066A00001D215F0C7F9994205D91944A14228BF72
:1066B0002146084610BDB3EB430F4FEA4301F5D91D
:1066C0002046F7E755555505ABAAAAAA2DE9F84F7C
:1066D0008946804668B161B11C4CD4E901739F4280
:1066E00009D00A4601463846FEF73AFD636818337A
:1066F0006360BDE8F88F164A01212046FFF7C4FF0A
:1067000026688246FEF7BEFEA7EB060B05464A4604
:1067100041465844FEF724FD39462A463046FEF7E6
:1067200098FD394600F118023846FEF792FD0746FB
:1067300026B1A1683046891B08F019FD1823C4E969
:10674000005703FB0A55A560D3E700BFD020002403
:10675000E03505082DE9F047D0E901730446894684
:106760009F4207D03846FEF755FD636818336360D3
:10677000BDE8F087134A0121FFF786FF26688046AF
:10678000FEF780FEA7EB060A054649465044FEF791
:1067900041FD39462A463046FEF75BFD394600F199
:1067A00018023846FEF755FD074626B1A168304667
:1067B000891B08F0DCFC1823C4E9005703FB0855CB
:1067C000A560D5E7E03505080A4601462DE9F04FFA
:1067D00097B000285FD0002A5DD042F2014404A89F
:1067E000FEF7BEFC059A6AB1049B134413F8013C02
:1067F0000D2B07D824FA03F3D90703D504A81BF0FF
:10680000F1FEEFE70022864904A81CF024F90028D5
:1068100037D14FF0FF33052204A90AA81CF0AAF9CA
:106820004FF4C07008F0B4FC00210446024608464C
:106830000025FEF70EFDCDE9014404F5C074039474
:106840002A463A210AA81CF0DCF8421C044625D14D
:1068500003462A460AA910A81CF08CF910A901A821
:10686000FFF778FF10A81BF090FDDDE901452D1B17
:10687000302D22D801A8FAF7BFFC0AA81BF085FD2D
:1068800006E00022674904A81CF0E5F80028C0D003
:1068900004A81BF07AFD17B0BDE8F08F431B2A4611
:1068A0000AA910A81CF066F910A901A8651CFFF739
:1068B00051FF10A81BF069FDC2E75B4BED105D4373
:1068C000EB07D7D500230A2210A91093206824F0E3
:1068D00095FE109B22689342CCD01F78002FC9D11F
:1068E000FF28C7D80DF102018DF802004F484FF084
:1068F0000208FFF789FC06468068FEF741FC331D5D
:10690000B7607761C6E90333A8450CD3002FB1D136
:10691000464E9DF80210B068351D04462F46002CE7
:1069200035D12C4640E000230A2210A91093A0691B
:1069300024F064FE109AA16981468A4223D012781D
:106940000ABBFF281FD8109210A90A22206B24F03E
:1069500055FE109A216B83468A4214D092F800A00B
:10696000BAF1000F0FD101270DF1030130468DF868
:106970000390FFF7D3FCC0F818A0C0E900ABC0E952
:1069800002BAC0E904AA08F102083034BCE7237C4B
:106990008B4204D2E3682C4625461C46BFE7A36819
:1069A000FAD8E268EBB932BBF3689C422DD0DFF82D
:1069B0008080AC423FF45EAF20460AF010F84146BA
:1069C000074620460AF073F804461430FCF714FC1E
:1069D00020462C213C4608F0CAFB7369013B7361D9
:1069E000E7E793F81080D3E902EC88452ABF1C46FC
:1069F00063467346D6E792F810E0D2E902C38E45AB
:106A00008ABF15461A466246CDE7BD42CFD1FFF791
:106A100082FB0023C6E90235C6E904532AE700BF1A
:106A2000535E0508595E0508ABAAAAAA24210024D2
:106A3000282100242DE9F04F014689B005469148F0
:106A4000FCF73EFF044601AA8F4902A8FEF786FE26
:106A500002A904F11800FAF7C9FF814602A81BF049
:106A600094FC29468748FCF72BFF044601AA874976
:106A700002A8FEF773FE02A904F11800FAF7B6FFA8
:106A8000064602A81BF081FC29467E48FCF718FF49
:106A90001C30814558D029467A48FCF711FF1C303C
:106AA000864251D0DFF8F08108F10404D8F80830AC
:106AB000A246002B4BD1544502D0237CAB422FD9A8
:106AC000342008F065FB20220574074600211430AD
:106AD00026F004F8544543D1D8F8143023B1D8F83F
:106AE0001020137CAB420AD3294602A8FEF76EFCA5
:106AF000DDE902B2002A5AD0BBF1000F42D1524563
:106B000040D0107CA84294BF00200120604B394641
:106B100009F069FFD8F814300133C8F814303C4646
:106B2000237D99ED0A6A002B47D1012284ED066A84
:106B30002275B26AE261D9F8282022626262B26AE2
:106B400084F83030A262E26209B0BDE8F08F187CB0
:106B5000D3E90221A8422ABF1C460B461346A8E7E8
:106B6000237CAB4210D9D8F80C2094420AD020469E
:106B700009F037FF037C0246AB42B5D2C368002B55
:106B8000BDD022460120C1E710D2D8F8102094428F
:106B9000B5D0204609F021FF037C8346AB42A3D940
:106BA000E3680BB10246A5E72246A8E7A3463846AC
:106BB00034215F4608F0DBFAB1E794ED067ADFEDA9
:106BC000356AD4ED077A77EE265AF4EEC65AF1EE1E
:106BD00010FA08D477EEA65A96ED0A5AB4EEE55AA2
:106BE000F1EE10FA02DD012384F8303037EE467AF8
:106BF000B0EEC77AB4EEE67AF1EE10FA58BF84ED43
:106C0000066A94ED086A99ED0A7AB4EE476AF1EEE5
:106C100010FA48BFB0EE467A94ED096A84ED087A1E
:106C200099ED0A7AB4EE476AF1EE10FA36FE077A69
:106C300084ED097A96ED0A7A77EEC77AF0EEE77A74
:106C4000F4EEE67AF1EE10FA58BF84ED077A94ED8F
:106C50000A7AD6ED0A7AB4EE677AF1EE10FA48BFF6
:106C6000F0EE477A94ED0B7AC4ED0A7AD6ED0A7A03
:106C7000B4EE677AF1EE10FA77FE277AC4ED0B7A5C
:106C800062E700BFEC0B002477470508664705085C
:106C9000AC20002417B7D138A8200024FFF7CABEC3
:106CA0002DE9F84FD0E9009A1446264AAAEB0903C9
:106CB00007468B46DB105343234A934202D12348B5
:106CC00014F0B8FECA4514BF194601215B1837D22B
:106CD000934228BF13469846ABEB09054046FEF7A2
:106CE00081FA064600EB050C002D0FCCACE80F0036
:106CF00094E803008CE8030004DD2A464946304648
:106D000025F0D2FEAAEB0B0A1835BAF1000F354474
:106D100004DD52465946284627F01FFD5544B9F177
:106D2000000F05D0B9684846A1EB090108F01FFA29
:106D30001823C7E9006503FB0866BE60BDE8F88F4D
:106D40009046C9E7ABAAAAAA55555505E0350508EE
:106D50002DE9F04100238AB0294D0393CDE9013399
:106D6000D5E90034E41A002C02DA264814F062FE59
:106D70000BD0254B64115C432046FEF733FA1823F1
:106D8000CDE9010003FB04000390D5E90078B84584
:106D9000DDE902460FD1019D1B49641B2846E41022
:106DA000614301F04DFF3DB3711B28460AB0BDE8B9
:106DB000F04108F0DCB93B78B4428DF810307B68C4
:106DC0000593FB6B06937B6C0793BB6C0893FB6D81
:106DD00009930BD004AE254618340FCE0FC596E8A4
:106DE0000300029485E803006037D0E704AA214637
:106DF00001A8FFF755FFF7E70AB0BDE8F08100BF33
:106E0000C0200024D0350508ABAAAAAA2D4A1378C1
:106E10002DE9F04F8BB0CBB12B4B0021DFF8B4A0A4
:106E20001B7811709AF80020DFB29A420ED0274BDF
:106E3000274D1E680435AB68DFF89C80DFF89C9016
:106E40000393039CAC4204D18AF800700BB0BDE8F8
:106E5000F08F217C4046FCF733FD834602AA494669
:106E600004A8FEF77BFC04A90BF11800FAF7F6FF63
:106E7000D0ED007A04A8FCEEE77ACDED017A9DF81A
:106E800004B01BF082FA04F1140018345946FEF7DE
:106E9000E3FAA04203D04369B34204D9466103A890
:106EA000FEF760FECDE78269F31A1A4482619AF810
:106EB00000201AB1426A1A444262EFE7026A1A4499
:106EC0000262EBE717210024162100241C21002474
:106ED0002421002418210024EC0B00241B34050875
:106EE000436810B50C465BB9182008F051F9034609
:106EF00003F1100294E8030082E80300184610BD75
:106F00005A684260A2B1D1688B424FF000010DD1A6
:106F1000D1609268002AEBD01146D268002AFBD1DA
:106F20008A68002A18BF11464160E1E79160DFE7F7
:106F30000260DDE72DE9F84305460E4600F1100139
:106F400010461746FFF7CCFF2B78044646600370C7
:106F50000023C0E90233E86820B13A462146FFF732
:106F6000E9FFE060AE68A0464FF0000916B9204680
:106F7000BDE8F88306F110013846FFF7B1FF33781A
:106F800005460370C0E90299C8F80800C0F80480FB
:106F9000F06820B13A462946FFF7CCFFE860B668B2
:106FA000A846E3E72DE9F04F2DED028BAFB09E4DE3
:106FB00002909E48009106F03BFCFEF7E5FD01F0D3
:106FC000A8F902F03DFAAB682A691693CDE91725B6
:106FD0001BB100215960936803B11793944C0023AF
:106FE000944AA068AB606B61C5E9032290B116AA10
:106FF0009049FFF79FFF03461A469B68002BFBD181
:107000000346EA601A46DB68002BFBD163692A61FC
:107010006B61A8601698FEF7C1F8009B43B1A068A9
:10702000FEF7BCF80023844AA3606361C4E903222D
:10703000DFF818A2DFF818B2DAF80C300AF1040908
:1070400007930799494508D1DAF814807B4B984596
:1070500040F200817A4814F0EDFC0B7C09A8143151
:107060008DF82030FFF73AF89DF820107548FCF7AE
:1070700027FC04460FAA744916A8FEF76FFB16A951
:1070800004F11800714CFAF7E9FED0ED007A16A869
:10709000FDEEE77A17EE903A8DF81B301BF075F98C
:1070A00008A96A48FFF7B0F8C3680F93031D01935E
:1070B0000F9F019BBB4233D1009B53B308A9634888
:1070C000FFF7A2F89DF81B10FEF7C6F908A90446C1
:1070D0005E48FFF799F8031D08A95C489C4240F000
:1070E0009A80FFF791F81C22044600210FA80FAEEA
:1070F00025F0F4FC9DF81B3017AF8DF858300FCEFB
:107100000FC796E8070087E8070016A92046FEF794
:1071100027F909A8FCF770F807A8FEF723FD90E708
:1071200010370DF1580C0FCFACE80F0097E80F00A7
:107130008CE80F0008A92046FFF766F816A9FFF7AC
:10714000EDF808A9D0F804802046FFF75DF816A9ED
:10715000FFF7E4F808A9C7682046FFF755F816A915
:10716000FFF7DCF89DF858109DF81B30066999422E
:107170000FD108A92046FFF747F816A9FFF7CEF868
:10718000029A03689BF80010D31A9844002940D053
:107190001E4408A92046FFF737F816A9FFF7BEF8E6
:1071A00008A9C0F808802046FFF72EF816A9FFF7B7
:1071B000B5F808A947612046FFF726F816A9FFF79A
:1071C000ADF8009B866103B3002708A92046FFF7AE
:1071D0001BF816A9FFF7A2F808A947602046FFF799
:1071E00013F816A9FFF79AF808A9C7602046FFF719
:1071F0000BF816A9FFF792F808A907612046FFF7D8
:1072000003F816A9FFF78AF807600FA8FEF7A2FC9B
:107210004EE71F44BDE7FEF7F7FF0DF11B01FFF737
:107220007DF80023036074E7DC200024A41D002403
:10723000F4200024E0200024F820002455555501B6
:10724000D0350508EC0B00241B340508242100244C
:1072500018210024B04EB1493268B3689B1A5B1103
:107260004B43984517D977684046BF1AFDF7F0FEA3
:1072700004468146D6E900B35B4548D1306818B171
:10728000B168091A07F073FF60232744346003FBD9
:1072900008447760B460DAF80C300893089CA04B7F
:1072A0009C4243D102F0E6F8FFF752FD9D4A0020D0
:1072B00010709D4A029810609C4AD2E90002D6E9FB
:1072C0000013904240F034825B1A944A5B1153439E
:1072D000DBB2003B18BF0123954A1370009B8BB1B2
:1072E000944CA068FDF700FF0023221DA36063619A
:1072F000DAF80C30C4E903221693169B884A9342AD
:1073000040F018822FB0BDEC028BBDE8F08F5946DB
:1073100048460193FDF7B4FE0BF1280009F160091E
:10732000FEF728FC0BF1600B019BA5E76022002112
:1073300016A8DFF8288225F0D1FB217C7E4804F1D5
:1073400014078DF85810FCF7BBFA43687A48002BF5
:1073500008BF43461793217CFCF7B2FA036838460E
:10736000002B08BF43461893FEF750FE8DED1A0B15
:107370008DED1C1B8DED1E2B94F810804046FEF702
:107380004FF941466D488DED250AFEF793F8644BA1
:10739000984240F0A480DFED6A7A41466748CDED1F
:1073A000267AFEF787F85E4B984240F0EC80DFEDDE
:1073B000647A4046CDED277AFEF732F8614B0746F6
:1073C000984200F0108190F830105F4B5F4A00291E
:1073D00008BF1346414658482893FCF771FA804687
:1073E00007AA5B490FA8FEF7B9F90FA908F1180021
:1073F000FAF7FCFA80460FA81AF0C7FF217C4E4826
:10740000FCF75EFA814607AA52490FA8FEF7A6F9D3
:107410000FA909F11800FAF7E9FA81460FA81AF046
:10742000B4FF217C4448FCF74BFA1C3080454248AD
:107430001EBFD8F8283029932A93217CFCF740FA04
:107440001C3081451EBFD9F828302B932C933D4B1F
:107450009F4207D03B6A29937B6A2A93BB6A2B938E
:10746000FB6A2C93207CAB683B4A002B40F0BD802C
:10747000394B9A4203D0137C834240F26281FBF77E
:10748000C3FEA76A8DED2D0AB7F1805FBFF4E2ADB0
:107490003FB13846FDF736FECDE9200000EBC700CE
:1074A000229004F11803276A6FF0704B0193019B3F
:1074B000BB4240F0A480184CD4E901B39B4500F0D6
:1074C000F58016A95846FDF7DBFD0BF160036360FC
:1074D00020A8FEF74FFB08A8FEF744FBDEE60027D6
:1074E000036A00F118090F93BB463B4639460F98D3
:1074F000814535D157EA0B023FF44DAF1846F9F7F5
:10750000DBF9594608EE100A3846F9F7D5F907EEC7
:10751000100AC8EE077A40E7C0200024ABAAAAAA46
:10752000282100241521002410210024D02000242B
:107530000C210024A8200024EC0B0024242100248A
:1075400000000000AC2000245F5E0508635E0508B3
:107550007747050866470508E0200024506C0508B9
:10756000826A007CD7194BF1000B0B2803D1D2188B
:10757000134641F100010FA803910193FEF7EAFAC7
:107580000399019BB3E70027036A00F118090F93E1
:10759000BB463B4639460F98814511D157EA0B024D
:1075A0003FF405AF1846F9F787F9594608EE100A77
:1075B0003846F9F781F907EE100AC8EE077AF8E6BF
:1075C000C26A007CD7194BF1000B0B2803D1D218EB
:1075D000134641F100010FA803910193FEF7BAFA97
:1075E0000399019BD7E7584BF4E693F810C0D3E911
:1075F000027184452ABF1A460B463B4635E7DDE952
:107600002142944210D03B7C083404F8083CFB69CA
:1076100044F8043C2194FA693846239B134423938D
:1076200009F0DDF9074642E7209BE11ABBEBE10FC9
:107630004FEAE10901D145480DE59C4214BF484697
:10764000012019EB000927D2D94528BFD946484661
:107650000392CDE90431FDF755FD0599804697F871
:1076600010C0049B084408F801C0C646F9699C464E
:10767000039A416064450EF1080E10D10834E41AF3
:1076800044441BB1D11A184607F071FD08EBC90339
:10769000CDE920842293BEE76FF07049D7E79CE8DC
:1076A00003000CF1080C0EE90300E3E72368284906
:1076B000ABEB03094FEA69124A4326498A42BAD022
:1076C0009B4514BF10460120121822D28A4228BFBF
:1076D0000A46904640460193FDF7BAFC16A90746B4
:1076E0004844FDF7CDFC019B3846994600F1600205
:1076F000CB4501920FD123B1A1681846C91A07F0F2
:1077000036FD019B27606360602303FB0877A76059
:10771000DEE68846DEE749460393FDF7B1FC09F152
:107720002800FEF727FA09F160090198039BDDE7BD
:107730000123D1E5187CFFF77DF916A8FEF712FAB0
:10774000DBE5536924939AE6635E0508E035050896
:10775000ABAAAAAA5555550138B5104806F068F8E5
:107760000F4CFEF711FA0F4B5D6985B900F0D1FDA2
:10777000FFF7EEFA0C4A2560D2E900329B1A0B4A59
:1077800018BF01231370BDE83840FEF715BC206810
:107790000121FFF707FC00232360F4E7A41D002468
:1077A0001C21002424210024D02000240C210024AA
:1077B00008B50F4806F03CF8FEF7E6F90D4B1868DF
:1077C0000D4B5B697BB900F0A4FDFFF7C1FA0B4AD2
:1077D000D2E900329B1A0A4A18BF01231370BDE890
:1077E0000840FEF7E9BB0021FFF7DCFBF7E700BF2D
:1077F000A41D00241C21002424210024D0200024C6
:107800000C21002408B50B48FCF74AF80A48FCF79D
:1078100047F80A48FCF744F80023094A09489360EE
:10782000C2E90033084AC2E900339360FCF738F834
:1078300008BD00BF28210024F8200024E0200024F7
:10784000D0200024AC200024C0200024134B70B5AD
:10785000134C9868FDF748FCD4E90056AE4216D1A7
:10786000206818B1A168091A07F081FC0D48F9F7E2
:10787000C3FC0D4B9868FDF791FC0C4B9868FDF725
:107880008DFC0B4BBDE870409868FEF744BC05F1D9
:1078900028006035FEF76EF9E0E700BFA82000245D
:1078A000C0200024D0200024DC200024F420002468
:1078B0002421002401481AF068BD00BF40230024A1
:1078C000416811B10068FEF701BF7047F8B5436821
:1078D00006461BB3124F134C3D68BFF35B8F15F088
:1078E00001050ED1384607F044FC50B104F10803FD
:1078F0000D482572C4E9003522F035FF384607F0FF
:1079000044FC314607481AF0DCFDD4E9000102F0DE
:107910003FF93220BDE8F84002F0E2BEF8BD00BFFA
:107920003C23002440230024B578020808B570B138
:10793000B0F1005F06D3B0F1804F01D314F071F8BD
:1079400014F06CF88000BDE8084007F021BC08BDC9
:1079500000F1080373B503600446D1E900530F2B0F
:1079600005EB0306019306D9002201A91AF0ECFCED
:10797000019B2060A3603246294620681AF079FDF9
:10798000019B226800216360D15402B070BD0000E9
:1079900000F1080373B504460D46036011B90F48A2
:1079A00014F045F80846F8F7FBFC0F2805EB000635
:1079B000019007D9002201A920461AF0C5FC019BBD
:1079C0002060A3603246294620681AF057FD019BCB
:1079D000226800216360D15402B070BDC433050831
:1079E00038B5044608460D46F8F7DAFC63680246E7
:1079F000C3F17F5303F57F1303F57F533F33984261
:107A000002D9044814F016F829462046BDE838404B
:107A10001AF01ABFF05B050808B50B18104493ED77
:107A2000007AD0ED007AB4EE677AF1EE10FA0CD15C
:107A30000A4B48685168002808BF1846002908BF4B
:107A40001946F8F74DFCC00F08BDB4EEE77AF1EE29
:107A500010FACCBF01200020F6E700BF506C0508EB
:107A6000F8B504460D46066854F8047C31462846AD
:107A70003A46FFF7D1FF08B92660F8BD44F804790B
:107A8000F2E7126809680068FFF7C6BF2DE9F84FF2
:107A90001F46531E0546884603EBD37316460C4615
:107AA0004FEA6309A14528DCF3070CD4023E06EB3C
:107AB000D676B4EB660F06D16300013355F8232068
:107AC00045F824201C46661EDDF8289006EBD67685
:107AD0007610A0454FEA840A24DA55F826403A4643
:107AE00048462146FFF798FFE0B1731E45F80A406B
:107AF000344603EBD3735E10EBE7611C0AA84FEA30
:107B0000410B05EBC1010BF1FF3A05EB8A02FFF7D0
:107B1000B8FF002808BFDA4655F82A3045F8243067
:107B20005446BFE745F80A70BDE8F88F8142F7B5C3
:107B300005460E46019202D0041DA64201D103B0B3
:107B4000F0BD2A46214601A8FFF79BFF80B1621BCA
:107B50002768042A08DDC2F104002946204424F0E5
:107B6000A3FF2F600434E8E704BF2B682360F8E725
:107B700001992046FFF774FFF4E738B5044604B9CD
:107B800038BDE068FFF7F9FF04F11000A5681AF0AE
:107B9000FCFB20462C212C4607F0E9FAEFE738B52C
:107BA000044604B938BDE068FFF7F9FF04F110009E
:107BB000A5681AF0EAFB20462C212C4607F0D7FADC
:107BC000EFE7F8B500F108070C46054607600846E0
:107BD0001AF0B3FB04F10806626860B1013203D009
:107BE0003146384626F0B9FD636826606B60002395
:107BF00063602372F8BD23682B60A368AB60F3E772
:107C00002DE9F04F044687B090461F460D4600F11F
:107C1000040A2B1B402B20DD4FEAA309B8F1000F0B
:107C20001ED1A9F10206761054F826304A46314694
:107C300020460097FFF72AFF66B1013EF4E755F8AA
:107C4000043D0021226820462A602A1B00979210DA
:107C5000FFF71CFF2B1B042BF1DC07B0BDE8F08FF6
:107C60004FEAE30B514605A8059704EB8B035646F4
:107C700003932B1F039A0293FFF703FFD4F800909E
:107C8000029AB0B1039905A8FFF7FBFE28B154F89A
:107C90002B20226044F82B9013E0029A514605A84D
:107CA000FFF7EFFE50B155F8043C236045F8049C03
:107CB00007E0514605A8FFF7E4FE30B36368C4E966
:107CC0000039A946059733461E461946224605A89F
:107CD000FFF7D7FE331D0028F6D1A9F1040B5A4651
:107CE000214605A8D946FFF7CCFEABF1040B0028CE
:107CF000F5D14E4511D308F1FF3829463B463046B1
:107D000042463546FFF77CFF83E7DDE9022105A8FF
:107D1000FFF7B7FE0028BAD0C5E73368D9F80020CE
:107D200046F8042BC9F80030CDE710B504460068CA
:107D300018B1A168091A07F01AFA204610BD38B523
:107D4000044604B938BDE068FFF7F9FF04F12800E4
:107D5000A568FFF7EAFF04F110001AF016FB2046B1
:107D600034212C4607F003FAEBE770B50E46856820
:107D7000041D0DB9204670BD05F110003146F9F71C
:107D800096FD0028D5E902230ABF2C461D4615465C
:107D9000EFE738B5456804465DB105F12800FFF707
:107DA000C4FF05F110001AF0F0FA3421284607F05C
:107DB000DEF9204638BD2DE9F341066802AB0446E2
:107DC0001746456806F1040803E90600A9B94245CB
:107DD00013D002F1100105F11000F9F768FD4346D8
:107DE0003A46294608F0FFFD73692846013373615E
:107DF0000023636002B0BDE8F0810120EFE70000DE
:107E00002DE9F84FD0E9008A93466FF06047AAEB5E
:107E1000080205468946B7EBA20F4FEAA20302D13A
:107E20001B4813F007FEC24514BF1A4601229B18D7
:107E300002D29F4228BF1F46A9EB08043846FFF72D
:107E400075FDDBF80030002C0646035103DD2246A9
:107E5000414624F029FEAAEB090A0434BAF1000FC6
:107E6000344404DD52464946204626F076FC54440C
:107E7000B8F1000F05D0A9684046A1EB080107F052
:107E800076F9C5E9006406EB8706AE60BDE8F88FB9
:107E9000E03505080A4610B5D0E90114A14204D026
:107EA000126841F8042B416010BDFFF7A9FFFBE702
:107EB0002DE9F34706462C2089461C4607F068F951
:107EC00000F1100706F1040A804621683846FFF7E2
:107ED00078FE0023CA454D46C8F8283011D1736991
:107EE0003BB13469394604F11000F9F7E0FC002891
:107EF0005AD13A4631466846FAF71CF8DDE9005493
:107F00002EE009F1100438462146F9F7D0FC80B183
:107F1000F3684B450BD0484608F063FD39460446EC
:107F20001030F9F7C4FC0028E3D0E368D3B12C4645
:107F300016E039462046F9F7BAFC50B334694C458F
:107F400032D0484608F049FD044600F11001384699
:107F5000F9F7ADFC0028CCD0D9F80C3033B1254668
:107F600004B30DB9A24502D1012005E04C4604F14D
:107F700010013846F9F79BFC5346224641464446D9
:107F800008F031FD736901337361204602B0BDE82A
:107F9000F0874C4638461AF0F8F92C21404607F095
:107FA000E6F8F2E72C46F5E7002CDBD1F2E700001B
:107FB0002DE9FF41071D80460E4685683C46B5B950
:107FC000A74205D004F110013046F9F770FC48B122
:107FD00002AB21460C4A4046009303AB0396FFF7E1
:107FE00067FF044604F1280004B0BDE8F08105F104
:107FF00010003146F9F75BFC0028D5E902230ABFDF
:108000002C461D461546DAE73F7405082DE9F04F6A
:10801000A14DB7B0A14E00272AAC13900FCD0FC4CD
:1080200095E803002AAD84E803000724013C40F0F2
:10803000B6809B48A346A246A146A0462746CDE966
:108040001C44FDF747FB14909648FDF743FB159041
:108050009548FDF73FFB16909448FDF73BFB1790C2
:108060009348FDF737FB18909248FDF733FB1990C2
:108070009148FBF71CFC05468F48FBF71AFC0E9451
:108080001A90CDE91144CDE90F441A9B9D4240F06E
:10809000948086491EA8FFF77BFC1EA97F48FFF746
:1080A00087FF8449056824A8FFF772FC24A97B4850
:1080B000FFF77EFF7A4906682AA8FFF769FC2AA91C
:1080C0007648FFF775FF0368764930A81A93FFF7E3
:1080D0005FFC30A97148FFF76BFF199B4FF40071EB
:1080E0000C93189B0B93179B0A93169B0993159B54
:1080F0000893149B07931A9B026870480692704A73
:10810000CDE90463119B0393109BCDE901530F9BB1
:1081100000930E9B24F0B2FB30A81AF036F92AA87F
:108120001AF033F924A81AF030F91EA81AF02DF924
:108130006248F8F735F9139B01466048002B00F0C0
:10814000D180FEF7C3FA1DAB524641462046039349
:108150001CABCDF80090CDE901B33B46FAF7D8FF50
:108160001D9B4FF40071574A01931C9B5348009389
:10817000129BCDE906ABCDE90489CDE9024724F095
:108180007DFB4E48F8F70CF9139B01464B48002B3A
:1081900000F0AE80FEF79AFA37B0BDE8F08F55F8E0
:1081A000041B30A8FFF7F4FB30A93046FFF700FFAF
:1081B000076030A81AF0E9F838E7434B30A869683F
:1081C000002908BF1946FFF7E3FB319B23B930A80C
:1081D0003C351AF0DAF858E7304B3C4E9B68F3B95F
:1081E0003A4B9E4207D006F1100130A8F9F75FFB29
:1081F000002800F083802C4930A8F8F78FFEAE6984
:1082000000B3A86B3444C8B13149F8F769F8A8B98C
:108210000F9B01330F93129B33441293D7E730A97E
:1082200003F110001B93F9F742FB1B9B0028D3E9D5
:1082300002210ABF1E460B461346D0E70E9B0133B0
:108240000E93E8E71A4930A8F8F768FE70B1A86BFA
:10825000B04438B11E49F8F743F818B9119B0133FF
:108260001193D8E7109B01331093D4E70F4930A83E
:10827000F8F754FE08B13744CDE70E4930A8F8F7B7
:108280004DFE08B1B144C6E7054930A8F8F746FEEF
:1082900000B3B244BFE700BFA03305085823002451
:1082A0001436050818360508023605080B36050889
:1082B0001C36050821360508EC0B00243C2100245F
:1082C000675E05088B5F0508506C05085C23002479
:1082D000913805080B4930A8F8F720FE00289AD0FD
:1082E000B34498E701F054FC322002F0F9F92AE790
:1082F00001F04EFC322002F0F3F94DE7B36A01338E
:10830000B36278E7183605080020FFF77FBEFFF755
:10831000FBBF0120FFF77ABE2DE9F04104460F466E
:1083200090468D680E1D012045B908B3FB68B34225
:1083300011D1256066602046BDE8F08105F110018D
:108340004046F9F7B4FA00282E46D5E9022314BFB7
:1083500015461D46E8E7304608F043FB0546414612
:1083600005F11000F9F7A3FA20B100232360E1E73B
:108370003546F4E7C4E90050DDE72DE9F8431E4631
:108380000B1D04460F469A42154613D14B694BB15B
:108390000D69314605F11000F9F789FA10B1002393
:1083A000236027E0324639462046FFF7B5FF2046D6
:1083B000BDE8F88302F1100930464946F9F777FA2B
:1083C0008046C8B1FB68AB4202D123606360EEE730
:1083D000284608F006FB314680461030F9F767FA68
:1083E0000028DFD0D8F80C301BB92360C4F8048013
:1083F000DDE725606560DAE731464846F9F757FA68
:10840000B0B13B69AB4202D1C4F80080DEE7284638
:1084100008F0E3FA804600F110013046F9F747FA18
:108420000028BFD0EB68002BBAD0C4F80080DDE78D
:10843000C4E90050BBE72DE9FF4180460E46FFF737
:1084400094FC044608F10403984205D000F11001A1
:108450003046F9F72CFA10B33420CDF8008006F03E
:1084600097FE00F11007054631463846FFF7A9FB95
:10847000002201953B462A634146C5E90A2202AD26
:1084800022462846FFF779FF039B6BB1684695E8C3
:108490000600FFF790FC04466846FFF77AFC04F1FB
:1084A000280004B0BDE8F081029CF5E710B50C1A75
:1084B0001346042C07DD01462246184624F0F4FA40
:1084C0000346181910BD04BF02681A60F9E70000DE
:1084D0002DE9F04F98468FB0164605468A46D2E9F8
:1084E0000037FF1AB810FFF721FA04460744024686
:1084F00003900597D6E90001FFF7D8FFA042074691
:10850000A0EB0409049017D04FEAA90201464346A4
:108510002046B2FA82F2C2F11F025200FFF770FB4E
:10852000B9F1400F2FDD04F14006424620463146A6
:10853000FFF7FCFAB74220D12C492846FFF750FA42
:10854000043C514628464FEAA9090026284FFFF768
:1085500047FADFF8B4A02846DFF8B0B02549FFF7A6
:108560003FFA4E4515D124492846FFF739FA03A8AA
:10857000FFF7DBFB0FB0BDE8F08F30464146043615
:10858000FFF76EFAD6E7424639462046FFF7CEFAA5
:10859000D2E71EB139462846FFF722FA514628464F
:1085A000FFF71EFA6368284601365968002908BF9C
:1085B0005946FFF715FA11492846FFF711FA54F802
:1085C000043F0F4A2021434406A893ED007AB7EEFA
:1085D000C77A8DED007B24F051F906A92846FFF7F4
:1085E000FFF908492846FFF7FBF9BAE7C436050842
:1085F000573405082D600508A16D05083B60050886
:10860000466005084B60050831600508506C050898
:108610002DE9F0418368A2EB010817460268044681
:108620000E469B1A98451BD9194B984502D91948F3
:1086300013F000FA4FEAA800FFF778F9394602462E
:1086400005463046FFF732FF206818B1A168091AC5
:1086500006F08DFD25604544C4E90155BDE8F08173
:108660004568AD1AA84508D839463046FFF71EFFC1
:1086700063689842F2D06060F0E70D4430462946C6
:10868000FFF714FF626839462846FFF70FFFF2E74D
:10869000FCFFFF7F4D6005082DE9F04F2DED0C8BA1
:1086A000ADF5557D1746002305461DAA0DF15C0862
:1086B0000726DFF828934FF0000A13918DF85C30FD
:1086C00018931B938DF874301E9321938DF88C3082
:1086D00024932793CDE91F2223AACDE91988CDE958
:1086E0002522013E31D1B146DFF82CA3139B9945D9
:1086F00059D19FEDB98A23AC2598F0EE488AA04263
:1087000040F08180B54D28A8DFF810932C46B4497D
:10871000FFF73EF954F8048B54A801364146FFF7A1
:1087200037F954A916A8FFF786FE082302464146EA
:1087300028A8FFF7CDFE54A819F027FE062E78D002
:10874000494628A8FFF74CF9E4E759F8044B54A828
:108750002146FFF71DF954A916A8FFF76CFE002269
:108760001146FFF755FF54A819F00FFE214654A8F3
:10877000FFF70EF954A91CA8FFF75DFE0022114671
:10878000FFF746FF54A819F000FE214654A8FFF752
:10879000FFF854A922A8F9F761FBC0F800A054A87B
:1087A00019F0F3FD9DE72978C3468E48FBF788F85A
:1087B000016854A8002908BF5146FFF7E9F8189C42
:1087C00084B9C34507D00BF1100154A8F9F76FF82D
:1087D000002800F0A38154A809F10109183519F007
:1087E000D4FD83E704F1100054A9F9F760F80028DC
:1087F000D4E902230ABFA3461C461446E0E70468F6
:10880000C4E104680BE242694AB10369134413F8F6
:10881000013C2B2B06D1D0ED0A7A78EEA78A08F01E
:10882000DCF86CE72D2B04BFD0ED0A7A38EE278AEE
:10883000F5E728A86C49FFF7D3F828A8002F00F027
:10884000C880FFF73DF869492EA8FFF7A1F82EA9C7
:1088500022A8F9F703FB664990ED009A34A8FFF7C8
:1088600097F834A922A8B7EEC99AF9F7F7FA61493F
:1088700090ED00AA3AA8FFF78BF83AA922A8B7EE24
:10888000CAAAF9F7EBFA5C4990ED00BA40A8FFF7E5
:108890007FF840A922A8B7EECBBAF9F7DFFA57491B
:1088A00090ED00CA46A8FFF773F846A922A8B7EED4
:1088B000CCCAF9F7D3FA524990ED00DA4CA8FFF789
:1088C00067F84CA922A8B7EECDDAF9F7C7FA38EE67
:1088D000887A4C4A4FF40071B7EEC77A8DED107B61
:1088E000B7EEC87A8DED0E7BB7EEE87A8DED0C7B96
:1088F00090ED007A54A8B7EEC77A8DED08DB8DEDC8
:108900000A7B8DED06CB8DED04BB8DED02AB8DEDBD
:10891000009B23F0B3FF4CA819F037FD46A819F0CF
:1089200034FD40A819F031FD3AA819F02EFD34A805
:1089300019F02BFD2EA819F028FD002F74D054A893
:10894000F7F72EFD014654A8FDF7C0FE07242E4E72
:10895000DFF8CC8040A8DFF8CC902C49FFF718F85E
:10896000013C6CD140A82A49FFF73AF840A8002FF3
:1089700000F0B680FEF7A4FF0724184DDFF89C80B6
:1089800046A82449FFF704F8013C40F0AC8046A813
:108990001F49FFF725F846A8002F00F0BC80FEF71E
:1089A0008FFF46A819F0F1FC40A819F0EEFC28A8AA
:1089B00019F0EBFC2498FFF7F2F81E98FFF7BFF9C7
:1089C0001898FFF7BCF90DF5557DBDEC0C8BBDE893
:1089D000F08FFEF77BFF36E7000000002CD805087B
:1089E0007E600508EC0B0024296005081436050894
:1089F00018360508023605080B3605081C3605082A
:108A000021360508C2600508CE6105089F6105088A
:108A1000A55B0508DD610508506C0508573405089D
:108A2000A15C05084660050854A94CA8FEF7B0FFF4
:108A30004CA8FEF74BFF4CA819F0A7FC86E755F8A9
:108A400004BB314640A8FEF7CBFF594640A8FEF7CD
:108A5000C7FF414640A8FEF7C3FF59464CA8FEF7A2
:108A600097FF4CA91CA8FFF7E6FC82464CA819F01A
:108A70008CFCDAE900329A420BD159464CA8FEF739
:108A800087FF4CA916A8FFF7D6FC82464CA819F020
:108A90007CFCDAE900239A4204D1664940A8FEF73B
:108AA0009FFF5DE71146DFED646A51F8040BD0EDDE
:108AB000037A8B4276EEA76AF7D19B1A20214A46A9
:108AC0004CA89B1007EE903AF8EE677A86EEA77AEC
:108AD000B7EEC77A8DED007B23F0D0FE4CA9DDE721
:108AE000FEF7F4FE48E755F8046B414646A8FEF74A
:108AF00077FF31464CA8FEF74BFF4CA91CA8FFF7A7
:108B00009AFC0C230246314646A8FFF7E1FC4CA82C
:108B100019F03BFC38E7FEF7D9FE42E70BF12800DD
:108B20000DF1880B4CA94C95FFF7B4F954A95846A0
:108B3000F9F7EAF823AB0446984205D004F1100196
:108B400054A8F8F7B4FE20B32C20CDF818B106F0E5
:108B50001FFB00F1100354A9159018461493FEF75B
:108B6000F7FE159A00214CA8149B91625946479232
:108B70002246F9F7DDF84D9B4CA8002B3FF43FAEA1
:108B800090E8060046A8F8F78FFF044646A8F8F7D5
:108B90004CFFD4ED0A7A95ED057A286977EE877A4D
:108BA000C4ED0A7A00283FF416AE2449F7F798FB83
:108BB00000287FF410AE0DF1700B54A95846FFF752
:108BC000D4F81DAB0446984205D000F1100154A81A
:108BD000F8F76DFE30B33420CDF818B106F0D8FAAE
:108BE00000F1100354A9159018461493FEF7B0FE37
:108BF000159A00214CA8149B11634792C2E90A11EF
:108C000022465946FFF7B9FB4D9B4CA8002B3FF479
:108C1000F8AD90E8060046A8FFF7CDF8044646A850
:108C2000FFF7B7F84CA904F128004C95FFF732F98B
:108C3000D1E500BFD7610508000000005F5E0508B0
:108C40000122FFF729BD0000044B0022191D1A71F3
:108C50009A605A61C3E90311704700BF582300248A
:108C6000014B9868FEF789BF58230024074B82B058
:108C7000D3F8F42042F00202C3F8F420D3F8F43021
:108C800003F002030193019B02B0704700440258B5
:108C90001FB50368B3F1804F17D1214B1C20D3F8C7
:108CA000E82042F00102C3F8E8200022D3F8E830BF
:108CB000114603F001030193019B02F01BF81C20F5
:108CC00005B05DF804EB02F047B8164A934213D1A1
:108CD000134B3720D3F8E82042F02002C3F8E820F5
:108CE0000022D3F8E830114603F020030293029BE0
:108CF00002F000F83720E3E70B4A93420CD1084B0F
:108D0000D3F8E82042F48072C3F8E820D3F8E830C2
:108D100003F480730393039B05B05DF804FB00BF6D
:108D200000440258001400400020004070B5BEB05E
:108D300005461422002109A823F0D0FEC0220021FC
:108D40000EA823F0CBFE2B68964A934254D1022200
:108D500000230EA8CDE90E2303F092FE08B1FBF725
:108D6000A5FC914B4FF4C05401269048D3F8E8205D
:108D700009A942F40022C3F8E820D3F8E82002F45D
:108D800000220192019AD3F8E02042F00102C3F8D8
:108D9000E020D3F8E03003F001030293029B0223AA
:108DA000CDE909430323824CCDE90B6306230D93E0
:108DB00002F064FF4023DFF80CC24FF480622046CB
:108DC000A360C4E900C30023C4E90332C4E9053346
:108DD000C4E90733636202F057F908B1FBF766FC98
:108DE000342000220321EC67A56301F083FF3420C7
:108DF00001F0B2FF3EB070BD6E4A934242D10122F3
:108E000000230EA8CDE90E2303F03AFE08B1FBF7CC
:108E10004DFC654B002402260725D3F8F02009A954
:108E2000654842F01002C3F8F020D3F8F02002F0B9
:108E300010020392039AD3F8E02042F00202C3F832
:108E4000E020D3F8E0300D9503F002030493049B77
:108E50004023CDE90B44CDE9093602F00FFF802312
:108E6000012009A90D95CDE909360323CDE90B03AE
:108E7000514802F003FF25202246214601F03AFF27
:108E80002520B5E74D4A934242D1022200230EA885
:108E9000CDE90E2303F0F4FD08B1FBF707FC424BCC
:108EA000002402260725D3F8E82009A93F4842F408
:108EB0000032C3F8E820D3F8E82002F4003205922B
:108EC000059AD3F8E02042F00102C3F8E020D3F87D
:108ED000E0300D9503F001030693069B0423CDE9D2
:108EE0000B44CDE9093602F0C9FE082301212F48C1
:108EF0000D95CDE909360323CDE90B1309A902F03D
:108F0000BDFE26202246214601F0F4FE26206FE712
:108F10002B4A93427FF46EAF022200230EA8CDE9C4
:108F20000E2303F0ADFD08B1FBF7C0FB1E4B002480
:108F300002260725D3F8E82009A91F4842F4802219
:108F4000C3F8E820D3F8E82002F480220792079AB9
:108F5000D3F8E02042F00202C3F8E020D3F8E0307A
:108F60000D9503F002030893089B4FF48063CDE94D
:108F70000B44CDE9093602F081FE4FF40063012273
:108F800009A90D480D95CDE909360323CDE90B2339
:108F900002F074FE27202246214601F0ABFE272076
:108FA00026E700BF004C0040004402580000025871
:108FB000441A0024001001400004025800440040FC
:108FC00000480040100002400C2008B5FCF70EF8E5
:108FD000FEE71EF0040F0CBFEFF30880EFF30980EB
:108FE000FCF707B8F5E708B50920FBF7FFFFFBE73B
:108FF00008B50A20FBF7FAFFFBE708B50B20FBF7E3
:10900000F5FFFBE770477047704701F037BE00007F
:10901000014802F061BC00BF441A00244FF4007004
:1090200002F01FBF014804F01FBC00BFA41D0024B4
:10903000014804F0FBBF00BFE41B0024014804F01A
:10904000F5BF00BF501B0024014804F0EFBF00BF74
:10905000BC1A00244FF4804002F003BF014804F022
:10906000E5BF00BF781C0024014804F0FDBB00BF31
:10907000581D00240120704708B525F037FB162342
:1090800003604FF0FF3008BD08B525F02FFB162315
:109090000360FEE770B50D4614460E46731B9C42F6
:1090A00001DC204670BDAFF3008006F8010BF5E748
:1090B00070B50D4614460E46731B9C4201DC2046DB
:1090C00070BD16F8010BAFF30080F5E74FF0FF30ED
:1090D00070474FF4005300204B60704701207047E9
:1090E000002070470B4A0346116810B509B90A49B8
:1090F0001160106809490A4C0344091B8B4206D9C8
:1091000025F0F4FA0C2303604FF0FF3010BD13601C
:10911000FCE700BF74230024A8D101240000082428
:1091200000400000254AD2F8883043F47003C2F8AA
:109130008830234A136803F00F03062B05D8136801
:1091400023F00F0343F0070313601E4B1A6842F02D
:1091500001021A6000221A611B4A19680A40184964
:109160001A600A68120705D50A6822F00F0242F059
:1091700007020A60002215499A61DA611A6299624F
:109180001349D962134919635A639963DA631964FD
:109190005A64196821F4802119601A660E4B1B6805
:1091A0006FF30F03B3F1005F03D20C4B0122C3F83E
:1091B00008210B4B43F2D2021A60704700ED00E029
:1091C00000200052004402587FEDF6EA000202023D
:1091D0000000FF01800201010010005C00800051CE
:1091E000004000520FB400B5C3B04FF4807144ABDF
:1091F00002A853F8042B019323F038FC002809DD62
:10920000FF284FF47A7302A9A8BFFF2082B2044856
:1092100005F035FD43B05DF804EB04B0704700BFC6
:10922000781C0024436837B504460D4613B9002066
:1092300003B030BD002201A90068019222F0DEF9DE
:10924000019B22689A42F2D01B78002BEFD1286054
:109250000120EDE730B545F6A52389B041F22104A0
:10926000ADF8003087238DF803000DF101008DF873
:1092700002304FF6FF738DF8052000228DF80410A0
:10928000ADF806208DF8082010F8011F83EA0123AD
:1092900008211DB201395B00002D9BB2B8BF6340AD
:1092A00011F0FF01F5D1013292B2072AECD18DF80D
:1092B00009301B0A0B2269468DF80A304FF47A7385
:1092C000024805F0DCFC09B030BD00BF781C00246A
:1092D00000F1080373B503600446D1E900530F2B76
:1092E00005EB0306019306D9002201A919F02CF819
:1092F000019B2060A36032462946206819F0B9F826
:10930000019B226800216360D15402B070BD531AE2
:109310000F2B73B504460D461646019306D900225D
:1093200001A919F011F8019B2060A360324629467B
:10933000206819F0A3F8019B226800216360D154D2
:1093400002B070BD2DE9F04104460E4602F1080559
:109350000027B442A5F1080001D1BDE8F081204604
:1093600045F8085C18F0E9FF04F10808626888B164
:10937000013203D04146284625F0EFF963682046C4
:10938000183545F81C3C2772C4E9008718F0FDFF2A
:109390001834DEE7236845F8083CA3682B60EDE746
:1093A000C31F584258417047072830B50D4685B055
:1093B00014462CD1012A11D10B78013B022B16D86F
:1093C00010220021684623F089FB69460020FAF745
:1093D000F3F8297868B90022072003E03AB911466A
:1093E00022460120FFF736FF012005B030BD297865
:1093F000F6E79DF80030002BEDD0064B1A7812B13D
:1094000000220A20EEE7044A11701C70ECE70020ED
:10941000EBE700BF7E2300247D23002408B5054828
:1094200004F090FD044804F08DFD0448BDE80840B8
:1094300004F088BDE41B0024501B0024BC1A002447
:1094400010B5084C236843B9074804F07BFD074872
:1094500004F078FD064804F075FD236801332360AD
:1094600010BD00BF78230024E41B0024501B0024FF
:10947000BC1A00241A4B1A6810B57AB31A68013A5C
:109480001A601B6853BB174B1B7803F0FF042BBB00
:1094900021464FF40072144823F020FB21464FF47C
:1094A0000072124823F01AFB21464FF40072104854
:1094B00023F014FB4FF400720B490E4805F034FE04
:1094C0004FF4007209490C4805F02EFE4FF400726B
:1094D00007490A48BDE8104005F026BE10BD00BF90
:1094E000782300247C2300247F8700247F850024A8
:1094F0007F830024E41B0024501B0024BC1A00249A
:1095000008B5FFF78BFF024B01221A7008BD00BFA0
:109510007C230024054B1B7803F0FF0023B9044B88
:109520001868003818BF0120704700BF7C23002452
:1095300078230024214B37B51A7802F0FF04EAB1F2
:1095400079220DF107011E488DF8072000221A70BC
:109550006423012205F093FB1A4B1B4A1A60BFF3E8
:109560004F8FBFF34F8F1949194BCA6802F4E0625D
:109570001343CB60BFF34F8F00BFFDE7154A13784D
:10958000D3B1154B21461D781470EDB21C702846DE
:10959000FAF782F858B103280BD0F9F7F7FF024623
:1095A0000A20294603B0BDE83040FFF753BE02460B
:1095B000F7E722460820F4E703B030BD7C230024FF
:1095C000781C002400000020AD1007B000ED00E082
:1095D0000400FA057E2300247D2300242DE9F84FA2
:1095E000D0E90068204B0546A8EB06040F469146DB
:1095F000E4105C431D4B9C4202D11D4812F01AFA44
:10960000B04514BF22460122A1EB060BA41827D2B5
:1096100044B39C4228BF1C461820604305F0B8FDA7
:10962000824649460AEB0B00FFF752FE3946524686
:109630003046FFF787FE414600F118023846FFF733
:1096400081FE074626B1A9683046891B05F08FFDCB
:10965000182303FB04A3C5E900A7AB60BDE8F88F9E
:109660001C46D9E7A246DCE7ABAAAAAA5555550580
:10967000E03505082DE9F04F0C46C7B0014600283B
:1096800000F0D281002C00F0EE80021915AE42F2FB
:10969000014413A81396FFF73AFEDDE9137545B9A7
:1096A0000024AC421DD0385D22F098F878B1013426
:1096B000F7E77B1913F8013C0D2BF1D824FA03F3DB
:1096C000DB07EDD513A818F08DFFE6E74546AC4261
:1096D00007D205F1FF3817F8080022F07FF80028BC
:1096E000F4D12B1B224613A907A819F043FA13A89B
:1096F00018F04BFE0022924907A819F0ACF9044675
:10970000002840F08F8124A812F0F4F98D4B8E4987
:1097100024934B68ADF8044153F80C2C896802F58A
:109720008C72139340946A44CDE94244CDE9444499
:1097300042F8CC1C2146149453F80C0C13AB18447B
:1097400012F0C2F9814B1CA81B9413931433249379
:109750007F4BCDE91744CDE91534CDE9194406F026
:1097600045FB7C4B1D94159320ABDDE907121E933E
:1097700019B912B1784812F05AF90A441EA8FFF735
:10978000C6FD0821304618F0F9FB314624A812F036
:109790009BF900230FAA06938DF83C30CDE90433E2
:1097A000CDE90D230DA913A805F018FD036853F8A2
:1097B0000C3C1844436913F0050FDDE9059217D0FE
:1097C0000DA818F0E2FD13A818F0B4FC049FA9EB53
:1097D000070BBBF1180F07D007F1180518D95F491F
:1097E0002846F7F79BFB98B15D48FFF7FBFC2CE0A0
:1097F000914507D00DA94846FFF76AFD09F1180306
:109800000593CFE70DAA494604A8FFF7E7FEC9E78D
:1098100054492846F7F782FB58B3534D00211022D4
:1098200013A823F05BF913A9E0B2F9F7C5FE58B10C
:10983000159B21469DF8582028460193149B0093C0
:109840009DF84C30FFF7CEFC8CB13C464C4540F0C7
:10985000E48027B106993846C91B05F088FC01242D
:1098600007A818F092FD204647B0BDE8F08F01240C
:10987000D4E7BBF1300F139001D83C48B5E7039013
:1098800013A907F13000FFF7CDFC0028F5D0DDF873
:109890004C8008F1FF32022AEFD835492846F7F705
:1098A0003DFB06465FFA88FA00B3039BBBF1480F05
:1098B00013930BD813995046F9F7CEFE032811D90C
:1098C0002C4A41462C48FFF78DFCBEE713A907F14F
:1098D0004800FFF7A7FC0028ECD141462748FFF7D6
:1098E00081FCB2E7264B53F82020EAE725492846B9
:1098F000F7F714FB00287CD0BBF1480F49D913A916
:1099000007F148001396FFF78DFC10B1139D012D50
:1099100002D941461C48E2E7EDB229465046F9F724
:10992000BBFE002861D003282A46414696BF144B4F
:10993000104B53F820301548FFF754FC85E700BF63
:1099400018620508C0FB0508C0020608DC0206080C
:109950003403060860020608C43305081E620508C1
:10996000236205081D630508236305087A6305085B
:10997000B3630508233D0508B8630508F1630508CE
:1099800054D80508376405083D640508C564050812
:109990000126F5B20021102213A823F09FF813A985
:1099A0002846F9F709FE30B19DF84C301BB19DF8FF
:1099B00058305345B1D0002EEAD0E5B20021102234
:1099C00013A823F08BF813A92846F9F7F5FD30B159
:1099D0009DF84C301BB19DF85830002B9DD014B130
:1099E000414612487BE73446E7E72A46414610489D
:1099F00069E710492846F7F791FA58B15046F9F748
:109A00000FFF0328414696BF0B4B0C4A53F820200A
:109A10000B4858E707990B4861E72046183418F0BF
:109A2000B4FC13E700241BE704461CE78064050828
:109A3000206505086465050854D80508233D050818
:109A400069650508A2650508F8B5164E04460D4679
:109A500042F20147064454B116F8010D0D2803D80F
:109A600027FA00F3DB070DD421F0B8FE50B92846E1
:109A7000F6F796FCA04213D10A4F2C44A54204D11C
:109A80000120F8BD013CA4B2E5E717F8010B21F075
:109A9000ADFE064615F8010B21F0A8FE8642EDD07A
:109AA0000020EEE77F230024531A0F2B73B50446E2
:109AB0000D461646019306D9002201A918F044FC70
:109AC000019B2060A36032462946206818F0D6FC2E
:109AD000019B226800216360D15402B070BD000078
:109AE0002DE9704381468846154600F08FFE10BB75
:109AF0006B1EB3F5007F1ED2114C2378072B1AD8AA
:109B0000104E4FF401721048414633785343C21847
:109B100000F80390043355802A46184424F01DFEB3
:109B20003378013303F00703337023780133DBB25A
:109B30002370BDE87083054A136801331360F8E7AA
:109B4000A4990024A699002480890024A0990024C7
:109B5000F8B500F108070C4605460760084618F0FE
:109B6000ECFB04F10806626860B1013203D03146B3
:109B7000384624F0F2FD636826606B600023636062
:109B80002372F8BD23682B60A368AB60F3E7000085
:109B9000F8B50446C8200D46FBF70EFA1CB3002D9D
:109BA00021DD00F033FEF0B90F4B1B78DBB10F4E17
:109BB0000F4F4FF40041304602F048F960B100F019
:109BC00025FE80B9CA20FBF7F7F92146AAB2094859
:109BD000BDE8F84004F0C6B8C920FBF7EDF93846F7
:109BE00002F07AF9E5E7F8BD4C000024000C0258B9
:109BF000F01D0024781C00242DE9F0410446D220F9
:109C00000D46FBF7D9F92CB3002D23DD00F0FEFD46
:109C100000BB114B1B78EBB1104E114F4FF40041BC
:109C2000304602F013F970B100F0F0FD90B9D42085
:109C3000FBF7C2F92146AAB24FF47A730948BDE88E
:109C4000F04105F01CB8D320FBF7B6F9384602F016
:109C500043F9E3E7BDE8F0814C000024000C025812
:109C6000F01D0024781C00242DE9F04105460C4627
:109C7000A34F00F0CBFD38B1BD422BD0A14B9D428C
:109C80002BD0A14A95420FD0A04EB54228D1BD425B
:109C900076D19F4DFFF73EFC48B32A68D36843F066
:109CA0000103D360BDE8F0819D429A4B9A4E0EBFEE
:109CB000022003201E46B4F5007F03D82246314619
:109CC00000F0E4FD4FF4007231462846BDE8F04153
:109CD00005F02ABA0120914EEDE702208E4EEAE708
:109CE00000224FF400518E4802F0B6F8CFE740F260
:109CF0002D10FBF761F9894B5CB11A1912F8012C90
:109D00000A2A06D0B4F5007F3FBF0A221A55013453
:109D1000A4B229681B78CA687B2B22F001024FEAA3
:109D200002424FEA1242CA601CD122467B490120FE
:109D300000F0ACFD18B921467848FFF729FF4FF431
:109D4000007276496E4805F0EFF92A68D36843F04F
:109D50000103D36001224FF400517148BDE8F04186
:109D600002F07AB840F23710FBF726F922466B4929
:109D70000120FFF7B5FE4FF49C70FBF71DF9DEE7FD
:109D8000604B9D423FD1624DFFF7C4FB002884D158
:109D90004FF49770FBF710F95F4B5CB11A1912F88A
:109DA000012C0A2A06D0B4F5007F3FBF0A221A55BB
:109DB0000134A4B229681B78CA687B2B22F0010207
:109DC0004FEA02424FEA1242CA600ED1224652497D
:109DD000022000F05BFD18B921464F48FFF7D8FE7E
:109DE0004FF400724C494748ADE740F24110FBF791
:109DF000E3F8224648490220FFF772FE4FF4A170B3
:109E0000FBF7DAF8ECE7404B9D4240D1404DFFF7BD
:109E100081FB00287FF441AF40F22F10FBF7CCF814
:109E20003C4B5CB11A1912F8012C0A2A06D0B4F581
:109E3000007F3FBF0A221A550134A4B229681B785B
:109E4000CA687B2B22F001024FEA02424FEA12421B
:109E5000CA600ED122462F49032000F017FD18B921
:109E600021462C48FFF794FE4FF4007229492648FA
:109E700069E740F24B10FBF79FF822462549032083
:109E8000FFF72EFE4FF4A670FBF796F8ECE7B5420D
:109E90007FF460AF00F0BAFC20B14FF4C04221491A
:109EA0001A4813E74FF49870FBF786F800F026FA8B
:109EB00030B921461B4800F093FA08B1FFF7AEFA1B
:109EC00000F01CFA20B12146164800F0A9FAE4E798
:109ED00000F09CFC05460028DFD113492046FFF71F
:109EE000B3FD10B1114B1D70D7E711492046FFF7A4
:109EF000ABFD0546F0B10D4B01221A70CDE700BF56
:109F0000E41B0024501B0024BC1A0024781C0024ED
:109F1000A41D00247F8300247F8500247F870024E4
:109F2000000802587F230024F16505084C00002436
:109F3000F6650508042C15D9DFF8B4802B4F18F806
:109F4000010B21F053FC064617F8010B21F04EFCE3
:109F5000864207D10135052DF1D121462448FCF771
:109F600033FC9AE723492046FFF76EFD68B1FFF7FF
:109F7000D1FA0446002890D100F04EFC1E4B1C7014
:109F80001E4B1C701E4B1C7087E7194E2146304635
:109F9000F9F742F8002880D11A492046FFF754FD0E
:109FA000054610B1FBF7C6FB77E7012C0FD93378D4
:109FB00003F0DF034D2B0AD1707821F017FC6428E1
:109FC00001D1114B98E76C2801D10F4B8BE70F495A
:109FD0002046FFF739FD00283FF475AF4FF4FA60D3
:109FE00000F07EFBFDF7E4FB57E700BF535E05087A
:109FF0007F2300240A6A0508A4990024A599002457
:10A00000A69900245D710508BC0B0024065B0508B9
:10A01000294B984210B504461AD1FFF77BFA014646
:10A0200020B12046BDE8104003F08CBF4FF4007211
:10A03000224822F053FD4FF400722049204605F0DB
:10A0400073F81F4B1A68D36843F00103D36010BD47
:10A050001C4B98420DD1FFF75DFA01460028E0D174
:10A060004FF40072184822F039FD4FF4007216497F
:10A07000E4E7164B98420DD1FFF74CFA0146002851
:10A08000CFD14FF40072124822F028FD4FF4007235
:10A090000F49D3E70F4B9842D9D14FF4C04200216A
:10A0A0000D4822F01BFD20464FF4C0420A49BDE88E
:10A0B000104005F039B800BFE41B00247F8700245E
:10A0C000A41D0024501B00247F850024BC1A0024FA
:10A0D0007F830024781C00247F230024F8B54F6878
:10A0E0000646536808460C4615461F4418F0E0F92A
:10A0F000B8420FD2284618F0DBF9B8420AD32246FC
:10A100000021284618F086FB01463046FFF720FD67
:10A110003046F8BD2946204618F0CAFBF4E7000097
:10A120002DE9F0433E4DADF51F7D3E4E3E4F00F014
:10A130006DFB044618B972B62B7823B962B60DF5DB
:10A140001F7DBDE8F08331784FF401731EA8594399
:10A150007B1817F801900431B3F802803944424665
:10A1600024F0FBFA3378013303F0070333702B78C4
:10A17000013BDBB22B7062B609F1300208AB012162
:10A1800006A8D2B2069318F05AF9284A0EAB0CA8CA
:10A19000511E0C93FFF788FC0CAA06A912A8FFF722
:10A1A0009DFF1AAB18A818931EAB03EB08021946C3
:10A1B000FFF77AFC18AA12A96846FFF78FFF18A8C4
:10A1C00018F0E3F812A818F0E0F80CA818F0DDF881
:10A1D00006A818F0DAF81AAB1893DDE900830F2B04
:10A1E00008EB0309129307D9224612A918A818F000
:10A1F000ABF8129B18901A934A464146189818F0EB
:10A2000038F9129B189A0021199318A8D154F8F71D
:10A21000B3FD18A818F0B9F8684618F0B6F886E744
:10A22000A4990024A599002480890024A35C050832
:10A23000024601444FF6FF7070B541F2210512F855
:10A24000013B082480EA032006B24300002E98B2A6
:10A2500004F1FF33B8BF684013F0FF04F4D191421A
:10A26000EDD170BD08B510220021074822F036FC60
:10A27000064B00224FF4005105481A700122BDE838
:10A28000084001F0E9BD00BF3CBA012438BA0124FE
:10A290000008025838B5074D01462C68844207D99A
:10A2A000241A05482246014422F0FEFB2C6038BDEA
:10A2B0000024FBE72C9A0024309A002400B545F6D0
:10A2C000A52389B0ADF8003082238DF803000DF18D
:10A2D0000200019106218DF80230FFF7A9FF4FF42B
:10A2E0007A730A226946ADF80800034804F0C7FCF7
:10A2F00009B05DF804FB00BF781C0024074B1878F8
:10A3000050B9074B187838B9064B187820B9064B66
:10A310001868003818BF0120704700BF3CBA0124FC
:10A3200038BA012430BA01242C9A0024274B1B7818
:10A33000F0B5274C8BB0002B42D0264D26486968DB
:10A34000F9F74EF9AB680646984237D10090224A99
:10A350006B68A9786878F9F75DF96E6820B9042709
:10A360006878F9F719F900E00027FFF77BFF48F25A
:10A370000143A77023806660617845F6A520A27826
:10A380006368ADF808000DF10A008DF80A10062187
:10A390008DF80B200393FFF74BFF4FF47A73ADF862
:10A3A00010000A2202A90D4804F069FC58B9C4E95A
:10A3B00000000BB0BDE8F040FFF75CB80627CFE720
:10A3C0002378002BD8D10BB0F0BD00BF38BA0124E0
:10A3D00030BA01243CBA0124305A0124781C0024EC
:10A3E00010B5A0B1C1B142180C4C12F8013D7BB1BF
:10A3F0000A3BDBB2162B03D824FA03F3DB0707D49E
:10A40000012909D10178A1F142035842584110BDF8
:10A41000013989B20029E8D10020F8E7090040009D
:10A420002DE9F74F06460C46A34FDFF8A082002E19
:10A4300000F03E81002C00F03D8197F800A0BAF1B9
:10A44000000F14D1DFF88C92D9F80080B8F1000F1A
:10A4500078D121463046FFF7C3FF0546002846D095
:10A46000FFF74EF80125284603B0BDE8F08F002520
:10A47000D7F804B0621BD7F80CA07119ABEB0A0334
:10A48000934286BF134690B298B21AFA83F99AB2F1
:10A490002844CB4585B20ED3BBF5C04F0BD808EB93
:10A4A0000A0024F05AF9CB45C7F80C901CD1834B15
:10A4B00001221A7012E07878F9F76EF84FF4C04272
:10A4C0000021404622F00AFBFFF7CCFE7C4B48F20D
:10A4D0000142C3F804A01A8004229A70AC42C1D988
:10A4E0002E44651BACB2A2E7AC42C1D8BAE73378C0
:10A4F000A52B27D0DFF8D091DFF8DCB116F80820C3
:10A5000008F1010A0A2A40F0B580B9F8001058464F
:10A51000FFF7B0F80023002818BF0546C9F800303F
:10A520003B78002B00F0B580A24580F0B280611E20
:10A5300006EB0A00A1EB080189B2FFF771FF0028C2
:10A5400091D08FE7A044B8F5404F15D8D9F80080D6
:10A5500022465C4D3146444405EB0800EE1C24F0D5
:10A56000FCF8AB1CC9F800400193D9F80020012A7F
:10A570001AD9544B01200AE00023B4F5404FC9F822
:10A580000030E3D96EE7411C8A420FD0084613F829
:10A59000011BA529F7D119785A29F4D1013805D121
:10A5A000D9F80030022B08D855465CE7FFF772FE59
:10A5B000D9F80030012BF3D8F6E795F802B0BBF1DB
:10A5C000020F0AD05846FEF7EBFE044630B90120D0
:10A5D0004FF0010AFFF75EFEC7E7082404F1050803
:10A5E000D9F800209045DFD8611C36F804A0019806
:10A5F00089B2FFF71DFE8245E9D1BBF1020F33D1CD
:10A60000082C05D021460120FFF758FE4046DFE721
:10A61000D5F803A0D5F807B00AF1FF32B2F5C04F64
:10A6200002D351460420EFE70024F8F79FFFFFF71D
:10A6300019FE254A2146254814604FF4C042C9F846
:10A64000004022F04BFAFEF7FBFE01224FF40051CE
:10A650001F483A802246BC70FC60C7E901AB01F09C
:10A66000FBFB51462046CFE7224631465846FEF7CF
:10A670009BFECBE70D2A0CD0D9F800307F2B8DBF85
:10A680000023591C0BF80320C9F8003098BFC9F803
:10A6900000101FFA8AF3D0469C423FF62FAF002DE0
:10A6A0007FF4E0AE084B1D68003D18BF0125DAE6D7
:10A6B0003546D8E62546D6E63CBA012438BA012408
:10A6C00030BA0124309A0024A8990024305A012479
:10A6D000000802582C9A0024AC990024704700000E
:10A6E00070B50A4E00250446336830465D6203F0BB
:10A6F00013F80A235C43A54204D30448BDE8704024
:10A7000003F044B833685D6A00BFF4E70C1D002411
:10A7100030B5084D14688C4208D2035D093BDBB2AA
:10A72000172B03D825FA03F3DB0700D430BD01341F
:10A730001460EFE713008000F8B51F461368064663
:10A740000D468B42144601D30020F8BD5A1C2260EE
:10A75000C35C222BF8D13A602168A942F4D24A1C8A
:10A760002260735C222B06D13B680120D21A069B23
:10A77000013A1A60E9E71F2BE6D95C2BECD1AA421B
:10A78000E2D202312160B15C0029DDD0752912D1FD
:10A7900004232268AA42D7D2511C2160B25CA2F1E4
:10A7A0003001092904D922F02002413A052ACBD8E8
:10A7B000013BEED1D0E7034822F0A7F90028CBD126
:10A7C000C2E700BFFC65050873B505468DF80710A4
:10A7D0000D4E00F05FFA0446052301220DF107013A
:10A7E000284604F04CFA68B1022802D0002002B0DA
:10A7F00070BD304601F070FB00F04CFA031B312BAA
:10A80000EAD9F3E70120F2E7F01D0024014B1878A4
:10A81000704700BFC3BD0124144B1A782DE9F047DF
:10A8200002F0FF0402BB0122114F124E1A70DFF832
:10A8300050A0114BDFF84C90DFF84C8000251846F3
:10A8400041460AF8045009F80450013423F07DFF12
:10A850000346032C47F8045B03F1600306F8015B31
:10A86000ECD1064B01221A70BDE8F087C3BD01246C
:10A8700050BA01244CBA01249CBC0124C2BD01245D
:10A88000BFBD0124BCBD01242B5B05085D4B1B78BB
:10A890002DE9F04F0D46A1B003F0FF097BB1441E36
:10A8A000E3B2022B00F2A880002900F0A88001EB9F
:10A8B000020BDFF86881DFF868A15D4503D14846E7
:10A8C00021B0BDE8F08F15F8011B0A2940F0858002
:10A8D0004D4B1B5D002B6DD04C4B1B5D002B69D18C
:10A8E0001AF80430002B65D1C022494E58F8247064
:10A8F00002FB046605AA394605933046FFF708FFB8
:10A90000059B9F4256D903F1010CF35C7B2BCDF8DC
:10A9100014C04FD1FFF7FCFE07AB009306ABFFF767
:10A920000BFF002846D0079A072A43D106983949D9
:10A93000304422F0A9F800283CD105AA3946304617
:10A94000FFF7E6FE059B9F4234D903F1010CF35C4F
:10A950003A2BCDF814C02DD1FFF7DAFE07AB0093E8
:10A9600006ABFFF7E9FE28B3079A531E5E2B21D8EA
:10A97000069908A80392314423F0EFFE039A394662
:10A98000304602F180030DEB0302002302F8603C25
:10A9900005AAFFF7BDFE059B9F420BD903F1010CF1
:10A9A000F35C7D2BCDF814C004D1FFF7B1FE059BFD
:10A9B0009F4205D0002348F824300AF804307CE791
:10A9C000154B602008A900FB043023F0BEFEBFF346
:10A9D0005F8F0E4B01221A55ECE758F82430BF2B3D
:10A9E00008D85A1C0A4848F82420C02202FB040256
:10A9F000D15462E70123E0E74FF000095FE78946A1
:10AA00005DE700BFC3BD0124BCBD0124BFBD01245F
:10AA10005CBA0124056605089CBC012450BA0124D7
:10AA20004CBA0124484B1A782DE9F04102F0FF0599
:10AA3000ADF5047D002A68D00022444C0126562141
:10AA400043481A702670FFF7BFFE00B920705621E8
:10AA500040486670FFF7B8FE00B9607001235621C8
:10AA60003D48A370FFF7B0FE00B9A07000F012F9E6
:10AA70003A4F0646DFF8008100F00CF940F2DB5255
:10AA8000831B934245D9EFF3108272B600232370E3
:10AA90006370A37082F31088314B4FF4007104A8E7
:10AAA0000293304BA3F160020193C03B00922E4A07
:10AAB00021F0E4FE431E0446B3F5FF7F16D800F0F4
:10AAC000E9F82A4F05462A4EDFF8AC80D7F88830DF
:10AAD000202B2FD14FF40041304601F0B7F948B395
:10AAE0006423A2B204A9214804F0C9F852211848ED
:10AAF000FFF76AFE52211748FFF766FE52211648FB
:10AB0000FFF762FE1B4B00221A700DF5047DBDE8B5
:10AB1000F0812A460023E15C19B1F95C002908BFE5
:10AB200000220133032BF6D1002AACD1404601F0BC
:10AB3000D3F9A1E700F0AEF8401BB0F5967FD5D26F
:10AB4000404601F0C9F9C1E7C2BD0124BCBD0124E2
:10AB5000E41B0024501B0024BC1A0024BFBD0124A8
:10AB60004D0000245CBD01240D660508781C0024FE
:10AB7000000C0258C3BD0124F01D0024DFF838D0BA
:10AB8000FFF7ACFDFEF7CEFA0C480D490D4A002345
:10AB900002E0D458C4500433C4188C42F9D30A4A92
:10ABA0000A4C002301E013600432A242FBD323F0DD
:10ABB000A3FDF9F7DDFD7047000008240000002424
:10ABC000200300244C11060820030024A4D10124F2
:10ABD000FEE7000038B50F4B05461A780AB9012088
:10ABE00038BD4FF47A73B3FBF2F30B4A1068B0FB35
:10ABF000F3F000F0BFF804460028F0D10F2DEED896
:10AC0000024629464FF0FF3000F074F8034B20460F
:10AC10001D60E5E763000024480000246400002470
:10AC200010B5032000F054F801F030FC0F49104A31
:10AC30008B69C3F30323D35C03F01F03D8408B69F4
:10AC400003F00F03D35C0B4A03F01F0320FA03F356
:10AC50001360094B18600F20FFF7BCFF044618B9BA
:10AC6000FEF704F8204610BD0124FBE7004402581B
:10AC700044D805084400002448000024034A044B3B
:10AC800011681B780B441360704700BFC4BD0124DA
:10AC900063000024014B1868704700BFC4BD012445
:10ACA00038B50446FFF7F6FF0546631C1EBF044B8C
:10ACB0001B78E418FFF7EEFF431BA342FAD338BD1D
:10ACC00063000024014B1868000C70470010005C02
:10ACD00007490302CA6803F4E06322F4E062120445
:10ACE000120C134343F0BF6343F40033CB6070474F
:10ACF00000ED00E0164B30B5DC68C4F30224C4F16B
:10AD00000703251D042B28BF0423062D4FF0FF3514
:10AD10008CBF033C002405FA03F3002805FA04F570
:10AD200021EA030322EA050203FA04F343EA0203D9
:10AD30004FEA0313DBB206DB00F1604000F561402F
:10AD400080F8003330BD00F00F00024A1354F9E7D9
:10AD500000ED00E014ED00E0002807DB01234109CD
:10AD600000F01F00024A834042F82130704700BFC4
:10AD700000E100E00138B0F1807F0BD24FF0E0231A
:10AD8000054AF0215861002082F8231007229861BB
:10AD90001A6170470120704700ED00E0F0B5DFF860
:10ADA00044C10468876D644545D04C4DAC4242D0E7
:10ADB0001835AC423FD01835AC423CD01835AC42C7
:10ADC00039D01835AC4236D01835AC4233D01835AE
:10ADD000AC4230D005F55675AC422CD01835AC429B
:10ADE00029D01835AC4226D01835AC4223D01835BE
:10ADF000AC4220D01835AC421DD01835AC421AD028
:10AE00001835AC4217D0364DAC4214D01435AC4294
:10AE100011D01435AC420ED01435AC420BD01435E1
:10AE2000AC4208D01435AC4205D01435AC4202D047
:10AE30001435AC4248D1D0E919566E60C56E15B1D3
:10AE4000D0E91C566E606445C56D86682DD02348D8
:10AE500084422AD01830844227D01830844224D02B
:10AE60001830844221D0183084421ED018308442D9
:10AE70001BD01830844218D000F55670844214D08C
:10AE80001830844211D0183084420ED018308442D9
:10AE90000BD01830844208D01830844205D01830C6
:10AEA000844202D0183084420FD13F2005F01F05A4
:10AEB00000FA05F5BD60206820F480202060402E57
:10AEC000636008D1A260E160F0BD05F01F050120BC
:10AED000A8407860F3E7A160E260F5E7280002404F
:10AEE00008540258100002400368024623498B426E
:10AEF00010B531D018318B422ED018318B422BD067
:10AF000018318B4228D018318B4225D018318B4212
:10AF100022D018318B421FD018318B421CD001F542
:10AF200056718B4218D018318B4215D018318B4294
:10AF300012D018318B420FD018318B420CD01831FF
:10AF40008B4209D018318B4206D018318B4203D086
:10AF500023F0FF00906510BDDCB218210848103CBA
:10AF6000B4FBF1F101F007015F2C415C23F47F7029
:10AF700020F00300D16588BF0430EBE710000240E9
:10AF800064D8050802682049D3B28A4228D0143117
:10AF90008A4225D014318A4222D014318A421FD0ED
:10AFA00014318A421CD014318A4219D014318A4299
:10AFB00016D014318A4213D01821103BB3FBF1F3A1
:10AFC00012491144A8291CD903F18052012103F030
:10AFD0001F0302F5024201FA03F30D4992000CE04F
:10AFE0001422083B0121B3FBF2F303F1B05201FA42
:10AFF00003F3084902F5164292008366C0E918215E
:10B0000070470833E0E700BF08540258F0FBFDBF6B
:10B0100080080240805802580279511E072910B555
:10B0200021D80368134CA3421ED01434A3421BD072
:10B030001434A34218D01434A34215D01434A342BC
:10B0400012D01434A3420FD01434A3420CD01434C1
:10B05000A34209D0084B1344084A9B00C0E91B32A5
:10B0600001238B40436710BD054B1344054A9B00E9
:10B07000F4E700BF085402583F8200104009024024
:10B080003F96001640590258F8B50446FFF702FEF5
:10B090000646002C00F0A98023686F4DAB4264D0B7
:10B0A0006E4A934261D0183293425ED01832934276
:10B0B0005BD01832934258D01832934255D0183290
:10B0C000934252D0183293424FD002F556729342B7
:10B0D0004BD01832934248D01832934245D01832A0
:10B0E000934242D0183293423FD0183293423CD020
:10B0F0001832934239D01832934236D0584A93428C
:10B1000040F02F81022284F83520002284F8342078
:10B11000A2681868402A6FF3101000F04081A2F175
:10B1200080014A424A419203D4E9031631436669D9
:10B130003143A6693143E6693143266A40EA161075
:10B1400040EAD10120460A431A60464A1A441423B1
:10B15000B2FBF3F29200E265FFF7C6FEE36D03F087
:10B160001F0201239340436092E0022284F83520BD
:10B17000002284F834201A6822F001021A60226842
:10B180001368DB0727D413683748A1691840D4E94E
:10B19000023633432669334366693343E6690B431A
:10B1A0003343266A3343666A042E43EA000302BF30
:10B1B000D4E90B07384303432C4800686FF30F00B2
:10B1C000B0F1005F1BD360682E2810D8282816D94C
:10B1D00043F4801313E0FFF75DFD801B0528CED9F3
:10B1E00020236365032384F835300120F8BD3F3800
:10B1F000132804D81E4F27FA00F0C707E8D41360BD
:10B20000042E536923F0070343EA060336D1A06AEC
:10B21000E66A034396B339B9012815D030F002012C
:10B220002CD1F0012AD512E0B1F5005F22D103281C
:10B2300024D801A151F820F04FB2020823B202082D
:10B240004FB2020849B20208B6F1C07F16D14023BE
:10B2500063650123C7E700BF1000024028000240D9
:10B2600008540258F8ABFDA73F8010FE0010005CA8
:10B270000F030F000228EAD90328D2D053612046D9
:10B28000FFF732FEE36D03F01F023F23934083601C
:10B290002368AB4245D0454A934242D0183293428C
:10B2A0003FD0183293423CD01832934239D01832F2
:10B2B000934236D01832934233D01832934230D072
:10B2C00002F5567293422CD01832934229D018328C
:10B2D000934226D01832934223D01832934220D082
:10B2E000183293421DD0183293421AD0183293422A
:10B2F00017D02F4A934214D01432934211D01432F3
:10B3000093420ED0143293420BD01432934208D0A1
:10B310001432934205D01432934202D01432934235
:10B3200019D120460025FFF72DFEA368226E802B41
:10B3300004BF002363606368D9B2013B1160072B2F
:10B34000D4E9192151602CD8FFF766FEE36E1D6029
:10B35000D4E91C325A6000200123606584F835303E
:10B3600044E7144A93423FF4CDAE143293423FF483
:10B37000C9AE143293423FF4C5AE143293423FF447
:10B38000C1AE143293423FF4BDAE143293423FF447
:10B39000B9AE143293423FF4B5AE402321E71022F8
:10B3A000C2E6C4E91B556567D5E700BF2800024027
:10B3B000085402581C54025870B50546002800F085
:10B3C000DA8090F83400012800F0D780012085F859
:10B3D000340095F8350001284FF0000040F0C68099
:10B3E0000224674E85F835402C686865B4421ED04B
:10B3F000644884421BD01830844218D018308442EC
:10B4000015D01830844212D0183084420FD0183032
:10B4100084420CD01830844209D000F55670844222
:10B4200005D01830844202D018308442FFD0206802
:10B4300020F0010020602846FFF7B0FCB4422A6CDF
:10B4400053D0504B9C4250D018339C424DD01833AF
:10B450009C424AD018339C4247D018339C4244D077
:10B4600018339C4241D018339C423ED003F55673AA
:10B470009C423AD018339C4237D018339C4234D087
:10B4800018339C4231D018339C422ED018339C4242
:10B490002BD018339C4228D018339C4225D02368E7
:10B4A00023F00E0343F00A032360002A54D1364BE5
:10B4B0009C4225D0354B9C4222D014339C421FD055
:10B4C00014339C421CD014339C4219D014339C4238
:10B4D00016D014339C4213D014339C4210D02368EE
:10B4E000002043F00103236070BD236823F01E0396
:10B4F00043F0160323601AB1236843F00803236066
:10B500002B6E1A68D2032CD4EB6E1BB11A6842F46E
:10B5100080721A60B442E2D01A4B9C42DFD01833DA
:10B520009C42DCD018339C42D9D018339C42D6D0F0
:10B5300018339C42D3D018339C42D0D018339C424D
:10B54000CDD003F556739C42C9D018339C42C6D067
:10B5500018339C42C3D0C2E7236843F0040323603E
:10B56000A5E71A6842F480721A60CDE74FF40063D1
:10B5700085F834006B650120B6E70220B4E700BF10
:10B580001000024028000240085402581C5402587F
:10B59000F8B50546FFF77EFB074645B195F835300F
:10B5A000022B06D080236B65002385F83430012000
:10B5B000F8BD2C687C4EB4425BD07C4B9C4258D08A
:10B5C00018339C4255D018339C4252D018339C42B9
:10B5D0004FD018339C424CD018339C4249D018337A
:10B5E0009C4246D003F556739C4242D018339C428D
:10B5F0003FD018339C423CD018339C4239D018338A
:10B600009C4236D018339C4233D018339C4230D001
:10B6100018339C422DD0236823F00E032360644B23
:10B620009C422FD12A6EB442136823F480731360B6
:10B630003DD05E4B9C423AD018339C4237D01833F1
:10B640009C4234D018339C4231D018339C422ED0C7
:10B6500018339C422BD018339C4228D003F55673E4
:10B660009C4224D018339C4221D018339C421ED0D7
:10B670001DE0236823F01E032360636923F0800329
:10B680006361CFE74B4B9C42CCD014339C42C9D072
:10B6900014339C42C6D014339C42C3D014339C4212
:10B6A000C0D014339C42BDD014339C42BAD023681E
:10B6B00023F0010323602368DB0747D42B68EA6D7E
:10B6C000B342A86D02F01F024BD038498B4248D0DC
:10B6D00018318B4245D018318B4242D018318B4201
:10B6E0003FD018318B423CD018318B4239D01831C1
:10B6F0008B4236D001F556718B4232D018318B42D5
:10B700002FD018318B422CD018318B4229D01831D0
:10B710008B4226D018318B4223D018318B4220D057
:10B7200018318B421DD0012101FA02F24260204AF9
:10B7300093421AD1D5E919325A60EB6E5BBB0123F3
:10B74000002085F8353085F8340031E7FFF7A2FA9C
:10B75000C01B0528AFD920236B65032385F835303E
:10B7600022E73F2393408360E4E7124A9342E1D00B
:10B7700014329342DED014329342DBD0143293421F
:10B78000D8D014329342D5D014329342D2D014324E
:10B790009342D4D1CEE71A6822F480721A60D5E9B8
:10B7A0001C325A60CBE700BF100002402800024064
:10B7B000085402581C54025808B528B190F8353086
:10B7C000022B03D08023436501205DE003683F4ADC
:10B7D000934251D0183293424ED0183293424BD0FC
:10B7E0001832934248D01832934245D018329342CF
:10B7F00042D0183293423FD0183293423CD002F5E7
:10B800005672934238D01832934235D01832934250
:10B8100032D0183293422FD0183293422CD01832A3
:10B82000934229D01832934226D01832934223D023
:10B830001A6822F00E021A601A6822F001021A60D9
:10B84000234A934221D1026E136823F4807313605C
:10B85000D0E9161303F01F02012393404B60D0E997
:10B8600019325A60C36E2BB31A6822F480721A60C0
:10B87000D0E91C325A601DE0042280F835201A6895
:10B8800022F001021A60002008BD124A9342DAD069
:10B8900014329342D7D014329342D4D0143293420C
:10B8A000D1D014329342CED014329342CBD0143242
:10B8B0009342C8D0012380F83530002380F834301B
:10B8C000036D002BDFD09847DDE700BF100002407A
:10B8D000085402581C54025800232DE9F3410193E7
:10B8E0000446844B844F1E680368856DBB42D5F8BF
:10B8F0000080D5F800C047D0804A934244D0183227
:10B90000934241D0183293423ED0183293423BD0FA
:10B910001832934238D01832934235D018329342BD
:10B9200032D002F5567293422ED0183293422BD069
:10B930001832934228D01832934225D018329342BD
:10B9400022D0183293421FD0183293421CD01832A2
:10B95000934219D06A4A934240F03681E16D042047
:10B960001A6801F01F01884010EA0C0F00F05381A3
:10B97000560740F150811104686040F14481D303BF
:10B9800000F14781A36CA0E0E26D082102F01F02E4
:10B99000914011EA080F0BD01868400708D51868C5
:10B9A00020F004001860A960616D41F0010161653B
:10B9B00028FA02F1C80709D55969090606D50121F7
:10B9C0009140A960616D41F00201616504219140DF
:10B9D00011EA080F07D01868800704D5A960616DC7
:10B9E00041F004016165102101FA02F212EA080F28
:10B9F0000FD0196809070CD5AA601A6850036CD5D6
:10BA00001B68190301D4236C00E0A36C0BB1204622
:10BA10009847E26D202102F01F02914011EA080FC1
:10BA20007AD02368BB422DD0344883422AD01830C4
:10BA3000834227D01830834224D01830834221D04B
:10BA4000183083421ED0183083421BD018308342F6
:10BA500018D000F55670834214D01830834211D0AC
:10BA6000183083420ED0183083420BD018308342F6
:10BA700008D01830834205D01830834202D01830E5
:10BA8000834232D1186810F0100F45D0A96094F8A5
:10BA90003510042936D1196821F016011960596949
:10BAA00021F080015961216C09B9A16C19B11968A3
:10BAB00021F0080119603F239340AB60012384F813
:10BAC0003530002384F83430236D002B00F098804B
:10BAD000204602B0BDE8F04118471A68D20592D45A
:10BAE0001A6822F008021A608DE7186810F0020F39
:10BAF000CBE700BF480000241000024028000240AD
:10BB0000085402581A68500343D51B6819034DD4D2
:10BB1000636C0BB120469847636D002B70D0636D4A
:10BB2000DA074FD5042384F835302368BB421ED092
:10BB30004F4A93421BD01832934218D01832934286
:10BB400015D01832934212D0183293420FD01832C7
:10BB500093420CD01832934209D002F556729342A8
:10BB600005D01832934202D018329342FFD01A689F
:10BB700022F001021A604FF41652B6FBF2F6019A57
:10BB80000132B242019213D91B68DB0714D401239E
:10BB900013E01A6812F4807208D1196821F01001BC
:10BBA0001960012384F8342084F83530E36BB0E762
:10BBB0001A68D707E3D4E7E7032384F83530002376
:10BBC00084F83430E36C80E72A4A93423FF4C6AEEF
:10BBD000143293423FF4C2AE143293423FF4BEAEED
:10BBE000143293423FF4BAAE143293423FF4B6AEED
:10BBF000143293423FF4B2AE143293423FF4AEAEED
:10BC000002B0BDE8F081970603D41A6822F004025E
:10BC10001A60236C59E70220884010EA0C0F16D0F6
:10BC2000960714D56860100403D5D1030DD4636C56
:10BC30004BE712F0200208D1196821F00A011960BF
:10BC4000012384F8342084F83530E36B3DE7082085
:10BC5000884010EA0C0FD3D01207D1D51A6822F011
:10BC60000E021A60012303FA01F169606365A4E71B
:10BC7000280002401C540258406D70472DE9F74FD0
:10BC80000023DFF8C4914FF0B0440A6832FA03F59C
:10BC900002D103B0BDE8F08F012505FA03F818EAD8
:10BCA000020200F0BB804E6803274FEA430E06F005
:10BCB000030507FA0EFC6F1E6FEA0C0C012F34D837
:10BCC000876807EA0C0ACF6807FA0EF747EA0A07FF
:10BCD0008760476827EA0808C6F300179F4047EACD
:10BCE00008074760C768022D07EA0C088F6807FA43
:10BCF0000EF747EA0807C76019D14FEAD30803F0E7
:10BD0000070A4FF00F0B00EB88084FEA8A0AD8F8B1
:10BD100020700BFA0AFB27EA0B0B0F6907FA0AF7E8
:10BD200047EA0B07C8F8207001E0032DDAD1076855
:10BD300005FA0EF516F4403F07EA0C0745EA070539
:10BD400005606BD0D9F8F45023F0030703F0030C1F
:10BD50004FF00F0E45F0020507F1B0474FEA8C0C8B
:10BD6000C9F8F45007F58067D9F8F4500EFA0CFEC4
:10BD700005F002050195019DBD6825EA0E0E314DC5
:10BD8000A8424DD005F58065A8424BD005F58065E9
:10BD9000A84249D005F58065A84247D005F58065E1
:10BDA000A84245D005F58065A84243D005F58065D9
:10BDB000A84241D005F58065A8423FD005F58065D1
:10BDC000A8423DD005F58065A84214BF0A25092583
:10BDD00005FA0CF516F4801F45EA0E05BD606FEA02
:10BDE000020725680CBF3D40154316F4001F25606F
:10BDF00065680CBF3D40154316F4003F6560D4F8FC
:10BE000084500CBF3D401543F603C4F88450D4F869
:10BE1000805054BF3D401543C4F88050013334E78F
:10BE20000025D5E70125D3E70225D1E70325CFE794
:10BE30000425CDE70525CBE70625C9E70725C7E794
:10BE40000825C5E70000025800440258036919425A
:10BE500014BF0120002070470AB1816170470904B6
:10BE6000FBE74FF0B042D2F88810014208B503D08A
:10BE7000C2F88800F8F700FC08BD70B5044648B366
:10BE800003684CF6CC4241F601061A6045F2555261
:10BE90001A6042685A6082689A60FEF7FBFE0546A7
:10BEA0002368DA68520706D11969E26891420DD019
:10BEB0001A61002070BDFEF7EDFE401BB042EFD9C5
:10BEC0002368DB685907EBD00320F3E74AF6AA2280
:10BED0001A60EEE70120EDE703684AF6AA22002087
:10BEE0001A607047024A136843F480731360704706
:10BEF0000048025838B5104CE36813F0040FE368AB
:10BF000005D103F00703181A18BF012038BD23F02C
:10BF100007031843E060FEF7BDFE054663689B0417
:10BF200001D50020F2E7FEF7B5FE401BB0F57A7FA1
:10BF3000F4D90120EAE700BF00480258F8B50446EA
:10BF4000002874D00368D8075ED42368990700F1ED
:10BF5000AD802368DA0627D59C4A1369916A03F0FD
:10BF60003803082B07D0182B40F0038101F003039E
:10BF7000012B40F0FE801368DB0502D5E369802BBE
:10BF800055D1FEF79FFE41F20303216A98428F4B81
:10BF900000F2E8805A68202922F0F8420CBF42F0F3
:10BFA000804242EA81625A602368190700F12381C6
:10BFB00023689A0600F1448123685D071ED5844DED
:10BFC0002B6843F480732B60FEF764FE06462B68F3
:10BFD000DA0540F15A81A3687C4D012B40F05C8169
:10BFE0002B6F43F001032B6741F28837FEF752FEB7
:10BFF000764E0546336F9B0740F17481616A0029D4
:10C0000040F0778100202BE0704A1369916A03F0B9
:10C010003803102B05D0182B0BD101F00303022B92
:10C0200007D113689A0390D56368002B8DD1012046
:10C0300016E06368654DB3F5803F12D12B6843F479
:10C0400080332B60FEF726FE604E054633689B0367
:10C050003FF57BAFFEF71EFE401B6428F6D9032098
:10C06000F8BDA3B92B6823F480332B602B6823F42D
:10C0700080232B60FEF70EFE06462B689F037FF59C
:10C0800064AFFEF707FE801B6428F6D9E7E7B3F537
:10C09000A02F2B6803D143F480232B60CEE723F439
:10C0A00080332B602B6823F48023CAE74749E2687A
:10C0B0000B69886A13F0380303D0182B2AD1800744
:10C0C00028D10B685B0701D5002AB0D03F4D2B6803
:10C0D00023F0190313432B60FEF7DCFD06462B68A3
:10C0E0005F0711D5FEF7EEFD41F203032269984286
:10C0F0006B6822D823F47C33402A0CBF43F400330E
:10C1000043EA02336B6024E7FEF7C4FD801B02287C
:10C11000E5D9A4E72D4D2B68A2B123F019031343F1
:10C120002B60FEF7B7FD06462B685807DAD4FEF7FA
:10C13000B1FD801B0228F7D991E723F0FE4343EAC3
:10C140000263DFE723F001032B60FEF7A3FD064641
:10C150002B6859077FF5FDAEFEF79CFD801B02287A
:10C16000F6D97CE7DA6822F07C5242EA0162DA60B2
:10C170001AE7E369154D6BB32B6843F080032B601E
:10C18000FEF788FD06462B68DF0511D5FEF79AFD00
:10C1900041F20303226A984210D86B68202A23F0E8
:10C1A000F8430CBF43F0804343EA82636B60FBE6D5
:10C1B000FEF770FD801B0228E5D950E7EB6823F0FD
:10C1C0007C5343EA0263EB60EEE600BF0044025892
:10C1D000004802582B6823F080032B60FEF75AFDBD
:10C1E00006462B68D8057FF5DFAEFEF753FD801BB2
:10C1F0000228F6D933E76369A34D83B16B6F43F02F
:10C2000001036B67FEF746FD06466B6F9B073FF524
:10C21000CFAEFEF73FFD801B0228F6D91FE76B6FFC
:10C2200023F001036B67FEF735FD06466B6F9F0732
:10C230007FF5BEAEFEF72EFD801B0228F6D90EE775
:10C24000A369914D83B12B6843F480532B60FEF7B3
:10C2500021FD06462B6898043FF5AEAEFEF71AFDA9
:10C26000801B0228F6D9FAE62B6823F480532B6052
:10C27000FEF710FD06462B6899047FF59DAEFEF78C
:10C2800009FD801B0228F6D9E9E6FEF703FD801BB5
:10C2900064287FF69CAEE2E6B3B92B6F41F2883793
:10C2A00023F001032B672B6F23F004032B67FEF7AA
:10C2B000F1FC06462B6F98077FF5A0AEFEF7EAFC6F
:10C2C000801BB842F6D9CAE6052B2B6F03D143F089
:10C2D00004032B6784E623F001032B672B6F23F005
:10C2E000040380E6FEF7D6FC401BB8427FF682AE20
:10C2F000B5E6654D2B6903F03803182B78D02B6811
:10C30000022923F080732B6065D1FEF7C3FC06463B
:10C310002B68990159D4AB6AA26A23F47C7323F089
:10C3200003031343E26A43EA0213AB62636BA26B3B
:10C33000013B013A5B0212049BB202F4FE0213437A
:10C34000226B013AC2F308021343E26B013A120670
:10C3500002F0FE4213432B63EB6A23F00103EB620E
:10C360006B6BA26C6FF3CF0343EAC2036B63EB6AA0
:10C37000226C23F00C031343EB62EB6A626C23F034
:10C3800002031343EB62EB6A43F48033EB62EB6A24
:10C3900043F40033EB62EB6A43F48023EB62EB6A15
:10C3A00043F00103EB622B6843F080732B60FEF7D0
:10C3B00071FC354D04462B689A013FF523AEFEF71C
:10C3C00069FC001B0228F6D949E6FEF763FC801BD6
:10C3D00002289DD943E6FEF75DFC04462B689B01CD
:10C3E0007FF510AEFEF756FC001B0228F6D936E6A4
:10C3F0000129AA6A2B6B3FF41AAE02F00301A06A6E
:10C4000081427FF414AEC2F30512E16A8A427FF4DE
:10C410000EAE226BC3F30801013A91427FF407AEDE
:10C42000626BC3F34621013A91427FF400AEA26BE6
:10C43000C3F30641013A91427FF4F9ADE26BC3F3D5
:10C440000663013A93427FF4F2AD6B6BA26CC3F3C7
:10C45000CC039A423FF4D6AD0B4DEB6A23F00103B7
:10C46000EB62FEF717FC0646FEF714FCB042FBD069
:10C470006B6BA26C6FF3CF0343EAC2036B63EB6A8F
:10C4800043F00103EB62BDE500440258494B1A69D1
:10C4900002F03802102A30B500F08880182A0CD03B
:10C4A000002A40F085801A68434812F0200F03D01C
:10C4B0001B68C3F3C103D84030BD996A9D6ADC6A2A
:10C4C00015F47C7FC5F305105A6BF5D0C2F3CC028E
:10C4D00004F0010401F0030107EE900A6243B7EE95
:10C4E000006A0129B8EEE77A06EE902AFAEEE96AC8
:10C4F0004ED002293ED000294AD11A68920627D58B
:10C5000019682D4AC1F3C1011B6BCA40C3F308036C
:10C5100007EE902AF8EEE75AC5EE877A07EE103A52
:10C52000B8EEC77A37EE267A37EE067A67EE877A64
:10C53000204B1B6BC3F34623013307EE103AF8EE92
:10C54000C76A87EEA67AFCEEC77A17EE900AB3E7C1
:10C550001B6BC3F3080307EE903AF8EEE77A77EE29
:10C56000A67A77EE867A9FED156AC6EE076A67EEC1
:10C57000A67ADDE71B6BC3F3080307EE903AF8EEEB
:10C58000E77A77EEA67A77EE867A9FED0D6AECE78A
:10C590001B6BC3F3080307EE903AF8EEE77A77EEE9
:10C5A000A67A77EE867A9FED076ADEE7064883E78C
:10C5B000064881E7004402580090D0030024744CE0
:10C5C00020BCBE4B0024744A40787D0100093D0028
:10C5D0002DE9F0410D46044610B90120BDE8F08177
:10C5E000884A136803F00F038B42C0F093802368DE
:10C5F0005F0700F19B801E070BD583496069CA69FC
:10C6000002F07002904204D9CA6922F0700202431B
:10C61000CA61D8060BD57C49A069CA6902F4E062F8
:10C62000904204D9CA6922F4E0620243CA619906C1
:10C630000BD57549E0690A6A02F07002904204D98C
:10C640000A6A22F0700202430A629A070BD56E4909
:10C65000E0688A6902F00F02904204D98A6922F0E8
:10C660000F0202438A61DF076ED423689E0700F140
:10C67000A18064490A6802F00F02AA4200F2A88071
:10C68000580700F1B18019070BD55F496069CA6985
:10C6900002F07002904204D2CA6922F07002024392
:10C6A000CA61DA060BD55849A069CA6902F4E0628A
:10C6B000904204D2CA6922F4E0620243CA619B0636
:10C6C0000BD5514AE169136A03F07003994204D211
:10C6D000136A23F070030B431362FFF7D7FE4A4936
:10C6E0004A4A8B69C3F30323D35C03F01F03D8408A
:10C6F0008B6903F00F03D35C454A03F01F0320FA54
:10C7000003F31360434B1860434BBDE8F0411868D6
:10C71000FEF760BA136823F00F030B43136013682E
:10C7200003F00F038B427FF458AF60E7364920696E
:10C730008A6902F0700290427FF65DAF8A6922F04A
:10C74000700202438A6156E72F4BA1689A6922F46E
:10C7500070620A439A6161681A6802291DD112F455
:10C76000003F3FF43AAF1A6941F28838264F22F071
:10C7700007020A431A61FEF78DFA06463B696268B2
:10C7800003F03803B3EBC20F3FF46FAFFEF782FA4A
:10C79000801B4045F2D9032020E7032902D112F083
:10C7A000007FDEE7012902D112F4807FD9E712F081
:10C7B000040FD6E71449E0688A6902F00F0290423C
:10C7C000BFF457AF8A6922F00F0202438A6150E733
:10C7D0000A6822F00F022A430A600A6802F00F0278
:10C7E000AA427FF4FAAE4BE7074920698A6902F052
:10C7F00070029042BFF447AF8A6922F07002024390
:10C800008A6140E7002000520044025844D80508DD
:10C8100044000024480000246400002408B5FFF709
:10C8200035FE0B4A0B4993699269C3F3032302F067
:10C830000F02CB5C03F01F0320FA03F3885C064A67
:10C8400000F01F0023FA00F01060044A136008BDD6
:10C850000044025844D8050844000024480000243D
:10C8600008B5FFF7DBFF054B054ADB69C3F302138D
:10C87000D35C03F01F03D84008BD00BF004402583A
:10C8800044D8050808B5FFF7C9FF054B054ADB6921
:10C89000C3F30223D35C03F01F03D84008BD00BFDD
:10C8A0000044025844D80508F8B5394C06460D46F0
:10C8B000A36A03F00303032B67D0236823F080638C
:10C8C0002360FEF7E7F9074623681A0149D4A36AF3
:10C8D000326823F47C3343EA0233A362B368F2681C
:10C8E000013B013A5B0212049BB202F4FE021343C5
:10C8F0007268013AC2F3080213433269013A120620
:10C9000002F0FE421343A363E36A726923F0C0039B
:10C910001343E362E36AB26923F020031343E36243
:10C92000E36A23F01003E362E36BF2696FF3CF0372
:10C9300043EAC203E363E36A43F01003E362E36A9A
:10C94000B5B943F40023E362114C236843F08063DC
:10C950002360FEF79FF9054623681B010FD50020D1
:10C9600005E0FEF797F9C01B0228ADD90320F8BDFA
:10C97000012D0CBF43F4801343F40013E3E7FEF7EB
:10C9800089F9401B0228E7D9F0E70120EFE700BF53
:10C9900000440258F8B5394C06460D46A36A03F028
:10C9A0000303032B67D0236823F080532360FEF733
:10C9B00071F9074623689A0049D4A36A326823F0C4
:10C9C0007C7343EA0253A362B368F268013B013A05
:10C9D0005B0212049BB202F4FE0213437268013A36
:10C9E000C2F3080213433269013A120602F0FE4212
:10C9F00013432364E36A726923F440631343E362DD
:10CA0000E36AB26923F400731343E362E36A23F435
:10CA10008073E362636CF2696FF3CF0343EAC2038E
:10CA20006364E36A43F48073E362E36AB5B943F491
:10CA30008003E362114C236843F080532360FEF7C8
:10CA400029F9054623689B000FD5002005E0FEF775
:10CA500021F9C01B0228ADD90320F8BD012D0CBF60
:10CA600043F4000343F08073E3E7FEF713F9401B40
:10CA70000228E7D9F0E70120EFE700BF00440258A1
:10CA80002DE9F8430368054618011ED5AB6EB3F5D2
:10CA9000001F2BD00FD8D3B1B3F5801F1DD00126B6
:10CAA0002B68D90551D5AB6D042B4DD8DFE803F0C9
:10CAB000243F46292900B3F5401FF0D1854AA96ECD
:10CAC000136D23F440130B4313650026E8E7814AF6
:10CAD000D36A43F40033D362F0E7022105F1080082
:10CAE000FFF7E2FE06460028DAD1E7E7022105F16A
:10CAF0002800FFF74FFFF5E7764AD36A43F4003387
:10CB0000D36234461CBB734AA96D136D23F007032F
:10CB10000B4313652B689A0528D5EB6D802B43D00A
:10CB200017D8A3B3402B38D0012634461EE000218D
:10CB300005F10800FFF7B8FE0446E3E7002105F120
:10CB40002800FFF727FFF7E701263446E2E72646ED
:10CB5000E0E7C02B02D0B3F5807FE5D154BB5D4A3E
:10CB6000E96D136D23F4E0730B4313652B685B05CC
:10CB700031D5D5F8A830B3F5800F49D01CD8002B9B
:10CB800039D0B3F5001F3CD00126344623E0514A8A
:10CB9000D36A43F40033D362E0E7002105F10800D3
:10CBA000FFF782FE0446D9E7002105F12800FFF7D0
:10CBB000F1FEF7E72646D9E7B3F5C00F02D0B3F58B
:10CBC000000FE1D154BB434AD5F8A810936D23F46C
:10CBD00060030B4393652B681F0530D5D5F8AC3047
:10CBE000B3F1007F45D01BD8B3B3B3F1807F39D008
:10CBF0000126344623E0374AD36A43F40033D36234
:10CC0000E0E7002105F10800FFF74EFE0446D9E7F2
:10CC1000002105F12800FFF7BDFEF7E72646DAE719
:10CC2000B3F1407F02D0B3F1806FE1D13CBB294A20
:10CC3000D5F8AC10936D23F0E0630B4393652B683C
:10CC4000980128D5EB6C202B3BD01AD8DBB1102BE8
:10CC500031D0012634461EE01E4AD36A43F4003325
:10CC6000D362E3E7002105F10800FFF71DFE04464B
:10CC7000DCE7002105F12800FFF78CFEF7E72646E8
:10CC8000DDE7302BE5D11CBB124AE96CD36C23F0F5
:10CC900030030B43D3642B68D9042CD52B6EB3F52A
:10CCA000005F74D018D8002B64D0B3F5805F67D0D4
:10CCB000012634461FE0074AD36A43F40033D362A7
:10CCC000E1E7022105F10800FFF7EEFD0446DAE78F
:10CCD0002646E0E700440258B3F5405F02D0B3F5C2
:10CCE000804FE5D1002C58D19D4A296E136D23F455
:10CCF000E0430B4313652B689A040BD56B6EB3F5B9
:10CD0000003F64D04BD8002B51D0B3F5803F57D0B3
:10CD1000012634462B685B040CD5D5F8B030B3F14E
:10CD2000005F75D05BD8002B61D0B3F1805F68D015
:10CD3000012634462B681F0411D52B6FB3F1805F99
:10CD40006ED0B3F1005F71D0002B76D1002C77D17B
:10CD5000834A296F136D23F040530B4313652B68EF
:10CD6000D8017DD5AB6C032B00F2BF80DFE803F068
:10CD70006F6AB66F7A4AD36A43F40033D362B1E77D
:10CD8000002105F10800FFF78FFD0446AAE7002106
:10CD900005F12800FFF7FEFDF7E72646ABE723F491
:10CDA0008032B2F5802F02D0B3F5403FB0D1A4B9A4
:10CDB0006B4A696E136D23F4E0230B431365A9E7F7
:10CDC000012105F10800FFF76FFD0446EFE701219F
:10CDD00005F12800FFF7DEFDF7E726469AE723F086
:10CDE0008052B2F1804F02D0B3F1405FA0D1ACB914
:10CDF0005B4AD5F8B010936D23F0E0430B43936585
:10CE000098E7012105F10800FFF74EFD0446EEE723
:10CE1000012105F12800FFF7BDFDF7E7264689E768
:10CE20004F4AD36A43F40033D3628FE7012105F1FF
:10CE30000800FFF739FD044688E7012634468EE7EF
:10CE400026468CE7464AD36A43F40033D362002C6B
:10CE50004ED1434AA96CD36C23F003030B43D36434
:10CE60002B6859024ED53F4F3B6843F480733B60BB
:10CE7000FDF710FF80463B68DA053BD5002C75D1E5
:10CE8000374BD5F8B4001A6F424012F4407F0BD0F4
:10CE90001A6F196F22F4407241F480311967196FCB
:10CEA00021F4803119671A67B0F5807F42D0D5F838
:10CEB000B4302B4903F44072B2F5407F4BD108697E
:10CEC000294A20F47C5002EA131202430A61C3F398
:10CED0000B03234A116F0B43136713E0022105F183
:10CEE0000800FFF7E1FC0446B1E701263446B7E746
:10CEF0002646B5E7FDF7CEFEA0EB08006428BAD9B8
:10CF0000032634462B68D80709D5EB6F102B45D084
:10CF10002ED8002B32D0082B39D0012634462B686E
:10CF2000990751D5AB6F052B64D8DFE803F0453F77
:10CF30005D454545FDF7AEFEDFF82480074641F22A
:10CF40008839D8F870309B07B1D4FDF7A3FEC01B19
:10CF50004845F6D9D4E70A6922F47C52B6E700BF07
:10CF60000044025800480258CFFFFF002646C9E798
:10CF700023F00802202A01D0182BCED1A4B9204AD0
:10CF8000E96F536D23F038030B435365C7E7012165
:10CF900005F10800FFF788FC0446EFE7012105F1E1
:10CFA0002800FFF7F7FCF7E72646B8E7012105F16F
:10CFB0000800FFF779FC0446FCB9114AA96F536DCC
:10CFC00023F007030B4353652B685A072BD5D5F87D
:10CFD0009430052B00F26E81DFE813F01A00140084
:10CFE00066011A001A001A00012105F12800FFF756
:10CFF000D1FCE0E701263446E6E72646E4E700BF39
:10D0000000440258012105F10800FFF74DFC0446D9
:10D01000002C40F05281AA4AD5F89410936D23F069
:10D0200007030B4393652B689B0610D5D5F890300A
:10D03000B3F1005F00F0608100F24481002B00F04A
:10D040004A81B3F1805F00F05081012634462B689D
:10D050005F0610D5D5F89C30B3F5006F00F06E81F7
:10D0600000F25281002B00F05881B3F5806F00F080
:10D070005E81012634462B68180610D5D5F8A030FD
:10D08000B3F5804F00F07C8100F26081002B00F04E
:10D090006681B3F5005F00F06C81012634462B6891
:10D0A000190714D5D5F88430B3F5805F07D1022174
:10D0B00005F12800FFF76EFC002818BF0126804A02
:10D0C000D5F88410536D23F440530B4353652B68FC
:10D0D000DA0614D5D5F89830B3F5807F07D1022150
:10D0E00005F12800FFF756FC002818BF0126744AF6
:10D0F000D5F89810936D23F440730B4393652B6818
:10D100001B031BD5D5F8A410B1F5803F00F040817A
:10D11000B1F5003F07D0002940F0408105F108003B
:10D12000FFF7C2FB0446002C40F03B81644AD5F86F
:10D13000A410936D23F440330B4393652B685F0376
:10D140000FD5D5F88830B3F5001F00F03B81B3F55B
:10D15000401F00F02D81B3F5801F00F024810126CF
:10D1600034462B68D80309D52B6D002B00F0338192
:10D17000B3F5803F00F03D81012634462B689900CD
:10D1800007D5022105F12800FFF704FC002818BF8D
:10D190000126D5E900319A0340F14381D5F880009A
:10D1A000B0F5807F00F03F8100F22C81002800F074
:10D1B0002F810124DF0206D541486E6F026D22F0F7
:10D1C000004232430265DE0007D53D48D5F8B8601D
:10D1D000026922F4804232430261980206D538483F
:10D1E000EE6E026D22F08072324302655A0009D55C
:10D1F000334A106920F4004010611069D5F8BC6012
:10D2000030431061002B06DA2D486E6DC26C22F09F
:10D2100040523243C2641F0207D5294AD5F88C0018
:10D22000536D23F4400303435365CE0706D5002115
:10D2300005F10800FFF738FB074600B927466B6881
:10D240009C0706D5012105F10800FFF72DFB0646D6
:10D2500000B93E466B68580706D5022105F1080063
:10D26000FFF722FB044600B934466B68190706D560
:10D27000002105F12800FFF78DFB064600B9264680
:10D280006B68DA0606D5012105F12800FFF782FB5D
:10D29000044600B934466B689B0600F1CA80201E24
:10D2A00018BF0120BDE8F883012105F12800FFF730
:10D2B00071FBACE601263446B5E62646B3E600BF70
:10D2C0000044025823F08052B2F1804F03D0B3F1F2
:10D2D000405F7FF4BAAEACB95B4AD5F89010536D9D
:10D2E00023F0E0430B435365B1E6002105F108004C
:10D2F000FFF7DAFA0446EEE7022105F12800FFF70E
:10D3000049FBF7E72646A2E623F48062B2F5805F88
:10D3100003D0B3F5406F7FF4ACAEACB94A4AD5F850
:10D320009C10936D23F4E0530B439365A3E6002117
:10D3300005F10800FFF7B8FA0446EEE7022105F10F
:10D340002800FFF727FBF7E7264694E623F4005270
:10D35000B2F5004F03D0B3F5C04F7FF49EAEACB929
:10D36000394AD5F8A010936D23F460430B439365BD
:10D3700095E6002105F10800FFF796FA0446EEE76E
:10D38000022105F12800FFF705FBF7E7264686E6B0
:10D39000022105F12800FFF7FDFAC3E60126344615
:10D3A000CCE62646CAE6284AD36A43F40033D36261
:10D3B0007CB9254AD5F88810536D23F440130B43EC
:10D3C0005365CEE6012105F12800FFF7E3FA044694
:10D3D000EEE72646C5E61C4AD36A43F40033D3621F
:10D3E00074B9194A296DD36C23F480330B43D36489
:10D3F000C4E6022105F10800FFF756FA0446EFE7FC
:10D400002646BBE620F48072B2F5007F7FF4D1AEF1
:10D41000002C7FF4CFAE0C4C626D22F440720243BC
:10D4200062653446C6E6084FFA6A42F40032FA6290
:10D43000EEE7022105F12800FFF7ACFA00283FF4DF
:10D440002EAF01202EE700BF0044025808B5FFF7B9
:10D45000E5F9054B054A1B6AC3F30213D35C03F0DD
:10D460001F03D84008BD00BF0044025844D8050837
:10D470004F4970B58C6A8E6ACD6A16F47C3FC6F34C
:10D480000533CA6B00F0908007EE903AC2F3CC03EC
:10D49000C5F3001204F00304B8EEE77A5343012CFD
:10D4A000B7EE006A06EE903AFAEEE96A6ED0022C08
:10D4B0005ED0002C6AD10B689B0647D50A688B6B3F
:10D4C000C2F3C1013B4AC3F30803CA4007EE902AE6
:10D4D000F8EEE75AC5EE877A07EE103AB8EEC77A4B
:10D4E00037EE267A37EE067A67EE877A304A936B04
:10D4F000C3F3462307EE103AB8EEC77A37EE067A42
:10D50000C7EE876AFCEEE66AC0ED006A936BC3F370
:10D51000064307EE103AB8EEC77A37EE067AC7EE42
:10D52000876AFCEEE66AC0ED016A936BC3F306639B
:10D5300006EE903AF8EEE66A76EE866A87EEA67A0E
:10D54000FCEEC77A17EE903A836070BD8B6BDFED0F
:10D550001A5AC3F3080307EE903AF8EEE77A77EE2B
:10D56000A67A77EE867AC5EE876A67EEA67ABDE779
:10D570008B6BDFED125AC3F3080307EE903AF8EE17
:10D58000E77A77EEA67A77EE867AECE78B6BDFEDBB
:10D590000C5AC3F3080307EE903AF8EEE77A77EEF9
:10D5A000A67A77EE867ADEE7C0E90033CCE700BFE3
:10D5B000004402580090D0030024744C20BCBE4BA1
:10D5C0000024744A4F4970B58C6A8E6ACD6A16F091
:10D5D0007C7FC6F305534A6C00F0908007EE903ACA
:10D5E000C2F3CC03C5F3002204F00304B8EEE77ADB
:10D5F0005343012CB7EE006A06EE903AFAEEE96A60
:10D600006ED0022C5ED0002C6AD10B689B0647D5E9
:10D610000A680B6CC2F3C1013B4AC3F30803CA405A
:10D6200007EE902AF8EEE75AC5EE877A07EE103A31
:10D63000B8EEC77A37EE267A37EE067A67EE877A43
:10D64000304A136CC3F3462307EE103AB8EEC77A9C
:10D6500037EE067AC7EE876AFCEEE66AC0ED006A2E
:10D66000136CC3F3064307EE103AB8EEC77A37EEF1
:10D67000067AC7EE876AFCEEE66AC0ED016A136CB3
:10D68000C3F3066306EE903AF8EEE66A76EE866A33
:10D6900087EEA67AFCEEC77A17EE903A836070BDEB
:10D6A0000B6CDFED1A5AC3F3080307EE903AF8EE5D
:10D6B000E77A77EEA67A77EE867AC5EE876A67EE26
:10D6C000A67ABDE70B6CDFED125AC3F3080307EE31
:10D6D000903AF8EEE77A77EEA67A77EE867AECE77C
:10D6E0000B6CDFED0C5AC3F3080307EE903AF8EE2B
:10D6F000E77A77EEA67A77EE867ADEE7C0E900333E
:10D70000CCE700BF004402580090D0030024744CC2
:10D7100020BCBE4B0024744A90F83D30012B2FD121
:10D720000223184A80F83D30036893421AD0B3F1BF
:10D73000804F17D0A2F57C42934213D002F580624D
:10D7400093420FD002F5806293420BD002F57842EB
:10D75000934207D0A2F56C42934203D002F5943273
:10D76000934207D19968084A0A40062A06D0B2F5C2
:10D77000803F03D01A6842F001021A60002070470F
:10D78000012070470000014007000100036841F2DA
:10D790001112196A114208D1196A40F24442114229
:10D7A00003D11A6822F001021A60012380F83D308B
:10D7B0000020704790F83D30012B33D1022380F8D0
:10D7C0003D300368DA6842F00102DA60164A93429B
:10D7D0001AD0B3F1804F17D0A2F57C42934213D0F8
:10D7E00002F5806293420FD002F5806293420BD023
:10D7F00002F57842934207D0A2F56C42934203D0DF
:10D8000002F59432934207D19968084A0A40062AE1
:10D8100006D0B2F5803F03D01A6842F001021A60C8
:10D820000020704701207047000001400700010000
:10D830000368DA6822F00102DA6041F21112196A13
:10D84000114208D1196A40F24442114203D11A68C8
:10D8500022F001021A60012380F83D300020704759
:10D860007047704770477047036870B5DD680446BD
:10D870001E69B2070DD5A9070BD56FF002021A6118
:10D88000012202779B699A0775D0FFF7EAFF002310
:10D890002377730710D568070ED523686FF004024D
:10D8A00020461A61022222779B6913F4407F68D0D8
:10D8B000FFF7D7FF0023237731070FD52A070DD5B0
:10D8C00023686FF0080220461A6104222277DB6980
:10D8D0009B075CD0FFF7C5FF00232377F10610D527
:10D8E000EA060ED523686FF0100220461A6108225E
:10D8F0002277DB6913F4407F4FD0FFF7B2FF00239C
:10D900002377F30708D5E80706D523686FF00102EF
:10D9100020461A61F8F75CFB16F4025F08D029066E
:10D9200006D523686FF4025220461A6100F0D1F93F
:10D93000F20508D52B0606D523686FF480722046C1
:10D940001A6100F0C7F9700608D5690606D5236884
:10D950006FF0400220461A61FFF785FFB20622D51C
:10D96000AB0620D523686FF0200220461A61BDE87F
:10D97000704000F0ADB9FFF773FF2046FFF772FF6C
:10D9800085E7FFF76DFF2046FFF76CFF92E7FFF793
:10D9900067FF2046FFF766FF9EE7FFF761FF20461F
:10D9A000FFF760FFABE770BD274A0368904212D0D3
:10D9B000B0F1804F0FD0A2F57C4290420BD002F51F
:10D9C0008062904207D002F58062904203D002F557
:10D9D0007842904208D123F070034A68134323F43D
:10D9E0004073CA6813430AE0184A9042F7D002F520
:10D9F00080629042F3D002F580629042EFD04A6993
:10DA000023F0800313438A68C2620A6882620E4A66
:10DA100090420FD002F5806290420BD002F5705216
:10DA2000904207D002F58062904203D002F58062F6
:10DA3000904201D10A690263026842F00402026066
:10DA40000122426103607047000001400040014034
:10DA500010B5044650B390F83D3003F0FF021BB9F7
:10DA600080F83C20FBF714F902232068211D84F87C
:10DA70003D30FFF799FF0123002084F8483084F8F7
:10DA80003E3084F83F3084F8403084F8413084F8E8
:10DA9000423084F8433084F8443084F8453084F8C8
:10DAA000463084F8473084F83D3010BD0120FCE753
:10DAB00010B50A43846842EA032224F47F442243D7
:10DAC000826010BD38B590F83C300446012B4FF011
:10DAD000020300F0AA80012280F83D30544B80F808
:10DAE0003C20006885682B4083600B68702B56D003
:10DAF0003CD8502B67D01DD8402B7DD006D8202B8A
:10DB00000ED00BD833F010020AD00122012384F882
:10DB10003D30002384F83C30104638BD302BF4D122
:10DB2000826822F4401222F070021A4342F0070287
:10DB300082603DE0602BE9D1036A026A4D6823F000
:10DB4000A00322F01002C96843EA05130262826949
:10DB500022F4704242EA013282610362836823F454
:10DB6000401323F0700343F0670320E0B3F5005F38
:10DB700020D004D8B3F5805218BF0122C6E72D4942
:10DB80008B42CDD005D823F01001B1F5801FBDD157
:10DB9000C6E729498B42C3D010318B42F7E7CB68E7
:10DBA000D1E90121FFF784FF836843F077038360A5
:10DBB0000022ABE7CB68D1E90121FFF779FF836849
:10DBC00043F48043F3E74A68CD68016A036A21F0B1
:10DBD0000A0123F001030A430362836923F0F0037F
:10DBE00043EA051383610262836823F4401323F040
:10DBF000700343F05703DAE74A68CD68016A036AA5
:10DC000021F00A0123F001030A430362836923F030
:10DC1000F00343EA051383610262836823F440132F
:10DC200023F0700343F04703C1E71A4674E700BFCF
:10DC30008800CEFF200010003000100070B590F872
:10DC40003C3004460220012B3BD023681D4D84F854
:10DC50003D00AB425A68986802D01B4EB34203D1D4
:10DC600022F470024E6832430E6822F07002AB421A
:10DC700042EA06025A6019D0B3F1804F16D0134A17
:10DC8000934213D002F5806293420FD002F5806276
:10DC900093420BD002F57842934207D0A2F56C4232
:10DCA000934203D002F59432934204D1896820F064
:10DCB00080020A439A600123002084F83D3084F8F2
:10DCC0003C0070BD00000140000401400004004021
:10DCD000704770477047026852E8003F23F0C00366
:10DCE00042E8003102680029F5D102F1080353E847
:10DCF000003F23F4000302F1080C4CE80031002936
:10DD0000F3D12023C0F888307047000010B50268B6
:10DD100052E8003F23F4907342E800310268002982
:10DD2000F5D10F4C02F1080353E8003F234002F104
:10DD3000080C4CE800310029F4D1C36E012B07D147
:10DD400052E8003F23F0100342E800310029F7D1E8
:10DD50002023C0F88C300023C366436710BD00BF8A
:10DD6000FEFFFFEFF8B504461346D4F88850202D87
:10DD700032D1F1B1EAB1A4F856200026A4F854201B
:10DD80002122E06FC4F890602165C4F888202268E1
:10DD900088B1124F2832C763114F0764114FC0E991
:10DDA0001376FDF709FB30B11023C4F89030C4F8A6
:10DDB00088500120F8BD402223681A62226802F1CF
:10DDC000080353E8003F43F0800302F1080141E8F3
:10DDD00000300028F3D1EDE70220EBE797DE0208E0
:10DDE000DFDE0208EBDE020810B50446226852E8C6
:10DDF000003F23F4907342E8003123680029F5D1F5
:10DE0000234803F1080252E8002F024003F1080CF6
:10DE10004CE800210029F4D1E26E012A07D153E831
:10DE2000002F22F0100243E800210029F7D19A6860
:10DE300052061DD503F1080252E8002F22F04002DD
:10DE400003F1080040E800210029F3D1D4F8800054
:10DE500070B10165FDF79CFB50B1D4F88000FDF76F
:10DE60000BFF202804D110230320C4F8903010BDEC
:10DE7000236800200F22A4F85E001A629A6942F01B
:10DE800008029A612023C4F88C30E066EFE700BFF7
:10DE9000FEFFFFEF704708B50346806BDB69B3F503
:10DEA000807F18D00023A0F85630026802F10803E2
:10DEB00053E8003F23F08003083242E80031026853
:10DEC0000029F2D152E8003F43F0400342E800311C
:10DED0000029F7D108BDFFF7DDFFFBE77047806B36
:10DEE00008B5FFF7FBFF08BD7047806B38B50468C5
:10DEF000D0F88830D0F88C50A268120606D5212BB5
:10DF000004D10023A0F85630FFF7E5FEA3685B06B6
:10DF100006D5222D04D10023A0F85E30FFF7F6FECF
:10DF2000D0F8903043F01003C0F89030FCF770F850
:10DF300038BD08B5806B0023A0F85E30FCF768F8A8
:10DF400008BD704710B50446226852E8003F23F42C
:10DF5000907342E8003123680029F5D1274803F186
:10DF6000080252E8002F024003F1080C4CE800219F
:10DF70000029F4D1E26E012A07D153E8002F22F0E4
:10DF8000100243E800210029F7D19A6812F04002FC
:10DF90002AD003F1080252E8002F22F0400203F1D8
:10DFA000080040E800210029F3D1D4F8800050B1E6
:10DFB000134B0365FDF700FC18B1D4F88000036D26
:10DFC0009847002010BD0F22A4F85E00A0651A62D9
:10DFD0009A6942F008029A612023C4F88C30E06606
:10DFE0002046FFF7AEFFECE70F21A4F85E20A26504
:10DFF00019622023C4F88C30E266F1E7FEFFFFEFE0
:10E0000005E00208806B00210F2208B50368A0F824
:10E010005E101A629A6942F008029A612023C0F8E1
:10E020008C30C166FFF78DFF08BD000003682DE945
:10E03000F041D96940F60F061A68044631429D68DE
:10E0400010D18E0640F1978002F0200605F080572F
:10E050003E4300F09080436F002B00F08580BDE8C8
:10E06000F0411847A64EA7482E401040304300F01C
:10E070008280CF0709D5D00507D501201862D4F8D2
:10E08000900040F00100C4F890008F0709D5E80720
:10E0900007D502201862D4F8900040F00400C4F8BC
:10E0A00090004F0709D5E80707D504201862D4F877
:10E0B000900040F00200C4F890000F070BD502F06A
:10E0C0002000304307D008201862D4F8900040F0B8
:10E0D0000800C4F890000E050AD5500108D54FF489
:10E0E00000601862D4F8903043F02003C4F89030F8
:10E0F000D4F89030002B37D08B0609D502F02002DF
:10E1000005F080552A4303D0636F0BB12046984732
:10E1100026682046D4F89020B36802F0280203F065
:10E12000400353EA020521D0FFF7F0FDB3685F0614
:10E1300017D5226802F1080353E8003F23F040039B
:10E14000083242E800310029F3D1D4F8800040B110
:10E150006D4B0365FDF730FB30B1D4F88000036DE3
:10E160007DE72046FBF754FFBDE8F081FBF750FF49
:10E17000C4F89050F8E7E06E012840F0B580CE0674
:10E1800040F1B280D00640F1AF801022B4F85C00BC
:10E190001A629A68520677D5D4F880505B492A688B
:10E1A0008A421ED018318A421BD018318A4218D0B8
:10E1B00018318A4215D018318A4212D018318A4259
:10E1C0000FD018318A420CD018318A4209D001F59B
:10E1D00056718A4205D018318A4202D018318A42DB
:10E1E000FFD0516889B2002943D0814241D2EA6907
:10E1F000A4F85E10B2F5807F2FD053E8002F22F4F0
:10E20000807243E800210029F7D103F1080252E8A7
:10E21000002F22F0010203F1080040E8002100294C
:10E22000F3D103F1080252E8002F22F0400203F17B
:10E23000080040E800210029F3D12022C4F88C20F6
:10E24000E16653E8002F22F0100243E80021002984
:10E25000F7D1D4F88000FDF79BF90223B4F85C10E5
:10E260002367B4F85E30C91A89B22046FBF7FCFC7C
:10E270007AE781427FF478AFEB69B3F5807F7FF472
:10E2800073AF02232367F0E7B4F85E20B4F85E10A2
:10E2900092B289B200293FF467AF801A81B2002997
:10E2A0003FF462AF53E8002F22F4907243E800205D
:10E2B0000028F7D1164D03F1080252E8002F2A403A
:10E2C00003F1080646E800200028F4D12022606708
:10E2D000C4F88C20E06653E8002F22F0100243E8D7
:10E2E00000200028F7D1CCE7CF0213D56E0211D55C
:10E2F0004FF4801220461A62BDE8F04100F0B6BE2D
:10E30000010000102001000433DF02081000024069
:10E31000FEFFFFEF08060BD502F0800005F40005B4
:10E32000284305D0A36F002B3FF41EAF204696E68E
:10E330004F0611D556060FD553E8002F22F04002A4
:10E3400043E800210029F7D120232046A167C4F823
:10E350008830FFF79FFD07E70D0206D5500004D572
:10E360002046BDE8F04100F083BECB017FF5FCAE56
:10E37000002ABFF6F9AE2046BDE8F04100F077BEB6
:10E38000D0F88C20B0F86010222A08B5036855D167
:10E390005B6A826D0B401370836D01338365B0F847
:10E3A0005E30013B9BB2A0F85E30B0F85E309BB2AD
:10E3B000002B42D1026852E8003F23F4907342E8F8
:10E3C000003103680029F5D103F1080252E8002F5B
:10E3D00022F0010203F1080C4CE800210029F3D1DE
:10E3E00020224167C0F88C20174A0167934205D16B
:10E3F000C26E012A0ED0FFF777FD1EE05A681102A7
:10E40000F6D553E8002F22F0806243E8002100296E
:10E41000F7D1EDE70022C26653E8002F22F0100288
:10E4200043E800210029F7D1DA69D20601D510228C
:10E430001A62B0F85C10FBF717FC08BD9A6942F04D
:10E4400008029A61F9E700BF000C0058D0F88C2050
:10E45000B0F86010222A08B5036852D15A6A1140F8
:10E46000826D22F8021B8265B0F85E20013A92B2FA
:10E47000A0F85E20B0F85E2092B2002A40D153E8A6
:10E48000002F22F4907243E800210029F7D103F114
:10E49000080252E8002F22F0010203F1080C4CE8B8
:10E4A00000210029F3D120224167C0F88C20174AAF
:10E4B0000167934205D1C26E012A0ED0FFF714FD09
:10E4C0001EE05A681102F6D553E8002F22F0806250
:10E4D00043E800210029F7D1EDE70022C26653E8A6
:10E4E000002F22F0100243E800210029F7D1DA6959
:10E4F000D20601D510221A62B0F85C10FBF7B4FB0B
:10E5000008BD9A6942F008029A61F9E7000C0058C8
:10E5100003682DE9F047DD690446D3F800809E6862
:10E52000D0F88C20B0F86070222A40F0B580B0F8A6
:10E530006830002B00F08B804FF0000906F00106D8
:10E540004FF0040AAB0640F182802368A26D5B6A3B
:10E550003B401370A36D0133A365B4F85E30013BFB
:10E560009BB2A4F85E302368DD6968072AD0E9070A
:10E570000AD518F4807F07D001221A62D4F89020BF
:10E5800042F00102C4F89020AA0708D53EB1022249
:10E590001A62D4F8902042F00402C4F89020680770
:10E5A00008D53EB1C3F820A0D4F8903043F0020360
:10E5B000C4F89030D4F8903023B12046FBF728FD02
:10E5C000C4F89090B4F85E309BB2002BBAD12268A8
:10E5D00052E8003F23F4807342E8003123680029A9
:10E5E000F5D1304803F1080252E8002F024003F150
:10E5F000080545E800210029F4D120226167C4F80C
:10E600008C20294A216793420AD05A68110207D503
:10E6100053E8002F22F0806243E800210029F7D15F
:10E62000E26E012A34D10022E26653E8002F22F084
:10E63000100243E800210029F7D1DA69D20601D59A
:10E6400010221A62B4F85C102046FBF70DFBB4F8F8
:10E650005E309BB2D3B1B4F868209A4216D92268D2
:10E6600002F1080353E8003F23F08053083242E8E8
:10E67000003122680029F2D10C4B636752E8003F59
:10E6800043F0200342E800310029F7D1BDE8F087CC
:10E690002046FFF729FCDAE79A6942F008029A61FE
:10E6A000F4E700BFFEFFFFEF000C005881E3020813
:10E6B00003682DE9F047DD690446D3F800809E68C1
:10E6C000D0F88C20B0F86070222A40F0B280B0F808
:10E6D0006830002B00F088804FF0000906F001063A
:10E6E0004FF0040AAB067FD52368A26D596A394002
:10E6F00022F8021BA265B4F85E20013A92B2A4F897
:10E700005E20DD6968072AD0E9070AD518F4807F02
:10E7100007D001221A62D4F8902042F00102C4F816
:10E720009020AA0708D53EB102221A62D4F89020A0
:10E7300042F00402C4F89020680708D53EB1C3F83F
:10E7400020A0D4F8903043F00203C4F89030D4F8FD
:10E75000903023B12046FBF75BFCC4F89090B4F8EE
:10E760005E309BB2002BBDD1226852E8003F23F4FB
:10E77000807342E8003123680029F5D12F4803F166
:10E78000080252E8002F024003F1080545E8002185
:10E790000029F4D120226167C4F88C20284A21671F
:10E7A00093420AD05A68110207D553E8002F22F08D
:10E7B000806243E800210029F7D1E26E012A34D1BA
:10E7C0000022E26653E8002F22F0100243E8002105
:10E7D0000029F7D1DA69D20601D510221A62B4F8FD
:10E7E0005C102046FBF740FAB4F85E309BB2D3B120
:10E7F000B4F868209A4216D9226802F1080353E857
:10E80000003F23F08053083242E80031226800299B
:10E81000F2D10C4B636752E8003F43F0200342E81B
:10E8200000310029F7D1BDE8F0872046FFF75CFBF7
:10E83000DAE79A6942F008029A61F4E7FEFFFFEF17
:10E84000000C00584DE402080268C369816830B5C5
:10E8500004460069156887B0014360690143A54813
:10E86000194328400143E0681160516821F4405188
:10E870000143A0695160A0498A421CBF216A084334
:10E88000916821F06E4121F430610143606A91602A
:10E89000D16A21F00F010143D16298498A4212D115
:10E8A000974A526D02F03802182A00F001813BD8D5
:10E8B000082A00F0F580102A00F03A81002A00F0C2
:10E8C000E98001206AE08F498A420DD18C4A526D5D
:10E8D00002F00702052AF4D8DFE812F07E00E20019
:10E8E0002A01EA0007012B0087498A42EED08749B6
:10E8F0008A42EBD086498A42E8D086498A42CFD004
:10E9000085498A42E2D085498A42DFD07A4B9A42D1
:10E91000D7D17B4A936D03F00703052BD1D8DFE8ED
:10E9200003F038454A4F590F202A00F0DE80282A8C
:10E93000C7D1B3F5004F00F08A804FF40040C4E027
:10E940004FF40040764B626A656833F8122005EB9D
:10E950004501B0FBF2F39942B3D8B3EB053FB0D811
:10E9600000231946F1F7EEFF2A4609026B0841EA37
:10E9700010610002C0184FF0000341F10001F1F7EF
:10E98000E1FF684BA0F540729A429AD82368D8609C
:10E9900003E0FEF75BFD0028D4D100204FF0011307
:10E9A000A3660023C4E91D3307B030BD6846FEF7F7
:10E9B0005FFD0198EFE703A8FEF704FE0498EAE77D
:10E9C0001368594813F0200FBCD01368C3F3C10378
:10E9D000D840B7E75548B5E7B3F5004F55D1002308
:10E9E000082B3FF66EAF01A252F823F019EA020895
:10E9F00025EA0208C3E80208C3E802082BEA020875
:10EA0000C3E80208C3E80208C3E8020835EA0208BE
:10EA10000423E5E70823E3E7FDF722FF0346002B85
:10EA2000BBD014E0FDF72EFFF8E76846FEF720FDA7
:10EA3000019BF4E703A8FEF7C5FD049BEFE713F085
:10EA4000200F394B03D01268C2F3C102D340606A71
:10EA5000334A616832F81020B3FBF2F34A0802EB44
:10EA600043034FF6EF72B3FBF1F3A3F110019142B0
:10EA70003FF627AF23F00F02C3F34203216892B29F
:10EA80001343CB6089E7294BE1E7FDF7E9FE002856
:10EA900083D01AE0B3F5004FC4D0FDF7F3FEF6E7DC
:10EAA000B3F5004FB4D06846FEF7E2FC0198EEE7FC
:10EAB000B3F5004F124A1368C1D013F0200F1A4863
:10EAC00003D01368C3F3C103D840616A144A636872
:10EAD00032F81120B0FBF2F000EB5300B0FBF3F082
:10EAE0004FF6EF73A0F110024EE7B3F5004FCAD016
:10EAF0000E48EAE7F369FFCF000C00580010014010
:10EB0000004402580044004000480040004C0040CF
:10EB1000005000400014014000780040007C00409C
:10EB20006CD80508FFFC0F000090D00300093D00E1
:10EB3000B3F5004F3FF46EAF03A8FEF743FD049812
:10EB4000A5E700BF836A1A0710B506D50168846B74
:10EB50004A6822F4004222434A60DC0706D5016875
:10EB6000C46A4A6822F4003222434A60990706D5F3
:10EB70000168046B4A6822F4803222434A605A07D3
:10EB800006D50168446B4A6822F4802222434A6019
:10EB9000DC0606D50168C46B8A6822F480522243E1
:10EBA0008A60990606D50168046C8A6822F40052CE
:10EBB00022438A605A0610D50168446C4A68B4F54D
:10EBC000801F22F4801242EA04024A6005D14A689A
:10EBD000846C22F4C00222434A601B0606D50268F8
:10EBE000C16C536823F400230B43536010BD2DE91F
:10EBF000F843DDF8209004460D46174698462268F3
:10EC0000D36935EA03030CBF01230023BB4201D0C3
:10EC1000002022E0B9F1FF3FF2D0FCF73BF8A0EB77
:10EC20000800484529D8B9F1000F26D021680B68A3
:10EC30005A07E4D5802DE2D0402DE0D0CE6916F001
:10EC400008060CD0082520460D62FFF75FF8002368
:10EC50000120C4F8905084F88430BDE8F883CB6973
:10EC60001B05CCD54FF4006320460B62FFF74EF82E
:10EC7000202384F88460C4F890300320EDE72DE968
:10EC8000F7439846D0F8883004460E46202B1746A6
:10EC900046D1002946D0002A44D021230025C0F8BF
:10ECA0009050C0F88830FBF7F5FFA3688146A4F8C0
:10ECB0005470B3F5805FA4F8567003D123690BB983
:10ECC00035461E46B4F856204B46CDF8008092B229
:10ECD00042B940212046FFF78AFF202348B9C4F8F3
:10ECE000883009E0002280212046FFF780FF30B104
:10ECF00020230320C4F8883003B0BDE8F0832268E5
:10ED00005EB935F8023BC3F308039362B4F85620AA
:10ED1000013A92B2A4F85620D4E716F8013BF4E782
:10ED20000220E9E70120E7E72DE9F7439846D0F80C
:10ED30008C3004460F46202B16465CD100295CD04F
:10ED4000002A5AD022230025C0F89050C0F88C30F9
:10ED5000C566FBF79FFFA3688146A4F85C60B3F526
:10ED6000805FA4F85E600DD12369DBB1FF221646F7
:10ED7000A4F86020B4F85E0080B2E0B92023C4F8A3
:10ED80008C3025E033B92569002DEFD07F221D4658
:10ED90001646EDE7B3F1805F0AD12369002BF5D069
:10EDA0003F22E4E740F2FF123D461F461646DFE7EA
:10EDB0002A462E46DCE74B46002220212046CDF88D
:10EDC0000080FFF714FF30B120230320C4F88C30FB
:10EDD00003B0BDE8F08323685B6A334047B925F888
:10EDE000023BB4F85E30013B9BB2A4F85E30C1E751
:10EDF00007F8013BF5E70220EAE70120E8E773B5F1
:10EE000000260446C0F89060FBF744FF23680546DF
:10EE10001B681A071CD56FF07E4332464FF4001171
:10EE2000009303462046FFF7E2FE88B1226852E8CD
:10EE3000003F23F0800342E800310029F6D120236F
:10EE4000C4F888300320002384F8843002B070BDF9
:10EE500023681B685B0724D56FF07E4300224FF4C4
:10EE60008001204600932B46FFF7C1FEC8B12268FF
:10EE700052E8003F23F4907342E8003122680029F1
:10EE8000F5D102F1080353E8003F23F0010302F13A
:10EE9000080040E800310029F3D12023C4F88C3069
:10EEA000D0E720230020C4F88830C4F88C30E06616
:10EEB0002067C8E710B5044650B3D0F888301BB9B6
:10EEC00080F88430F9F732FF24232268C4F88830B0
:10EED000136823F001031360A36A13B12046FFF700
:10EEE00031FE2046FFF7B0FC012811D023682046F0
:10EEF0005A6822F490425A609A6822F02A029A6074
:10EF00001A6842F00102BDE810401A60FFF777BFAF
:10EF1000012010BD30B5816500238168A0F85C2018
:10EF2000B1F5805FA0F85E20436731D10369002B03
:10EF300040F2FF1318BFFF23A0F860300023C0F891
:10EF400090302223C0F88C30016801F1080353E8A7
:10EF5000003F43F00103083141E800340368002C0E
:10EF6000F2D1456E8468B5F1005F016935D1B0F822
:10EF70006850954231D8B4F5805F29D1C1B1264A95
:10EF8000426753E8002F42F4807243E8002121E0F9
:10EF900029B90369002B0CBFFF237F23CCE7B1F114
:10EFA000805FC9D10369002B0CBF7F233F23C3E7D8
:10EFB0001A4A426703F1080252E8002F42F08052D9
:10EFC00003F1080040E800210029F3D1002030BD02
:10EFD000114A42670029D4D1ECE7B4F5805F16D11D
:10EFE00051B10F4A426753E8002F42F4907243E850
:10EFF00000210029F7D1E9E70A4A426753E8002FC8
:10F0000042F0200243E800210029F7D1DEE7044A5C
:10F0100042670029F2D0E6E711E50208B1E60208EE
:10F0200081E302084DE40208436E30B52BB9012399
:10F03000A0F86A30A0F8683030BD0368094D9A68BE
:10F040009968094CC2F34262490F6B5C615C1B0119
:10F05000B3FBF1F3A0F86A30AB5CA25C1B01B3FB1D
:10F06000F2F3E7E78CD8050884D8050870477047A5
:10F07000704790F88430012B14D002682423C0F824
:10F0800088301168136821F0005123F001031360E8
:10F09000002343661160202280F88430C0F8882065
:10F0A000184670470220704770B590F884300446C7
:10F0B000012B17D005682423C0F888302E682B68F0
:10F0C00023F001032B60AB6823F060431943A96070
:10F0D000FFF7AAFF20232E60C0F88830002084F8B4
:10F0E000840070BD0220FCE770B590F884300446BF
:10F0F000012B17D005682423C0F888302E682B68B0
:10F1000023F001032B60AB6823F060631943A9600F
:10F11000FFF78AFF20232E60C0F88830002084F893
:10F12000840070BD0220FCE770B5D0F88C60044606
:10F13000202E1AD109B9012070BD002AFBD001236D
:10F14000C36600230367FFF7E5FEE36E012BF2D1F0
:10F15000102223681A62226852E8003F43F010032D
:10F1600042E800300028F7D1E6E70220E4E719F092
:10F1700039BF0268D207034605D4427802B1FFDEE8
:10F1800001205870704700207047012303607047CA
:10F19000012838BF012010B5044620461BF0EAFACA
:10F1A00000B110BD19F088FF08B91BF0D5FA8047EF
:10F1B000F3E7000008B54368C3F17F5303F57F13FD
:10F1C00003F57F533F339A4202D903480CF032FCD7
:10F1D000BDE8084013F038BBF05B05082DE9F347A4
:10F1E000002205460F46014668460CF037FD9DF8A3
:10F1F00000100024002968D03B687C601C702B68DC
:10F2000053F80C1C29446C3151F8649C01A8A145A9
:10F21000D8BF6FF0404900F073F801A80DF0ECFA88
:10F22000804601A800F0DEF82B6853F80C3C2B4414
:10F230009E6F304613F04AF8421C3BD0D8F8182095
:10F240005FFA80FC12F80C301B0731D4D6E90213A8
:10F25000A9EB04005B1A8342A8BF0346012B08DC1C
:10F260003846614613F0A5F93046013413F037F8FB
:10F270001AE00B44481C8342824608D99AF800C021
:10F2800012F80CC01CF0080F00F10100F3D0AAEB3B
:10F29000010A38465246FFF78DFFB3685344B36006
:10F2A0003046544413F012F8A145C5D8002105E0BA
:10F2B000A145FBD9431C5942594149002B6853F8D9
:10F2C0000C3C2B4400229A605CB941F004012B688D
:10F2D00053F80C0C28440CF0DFFB284602B0BDE8C4
:10F2E000F0870029F9D00221F1E770474268511EEA
:10F2F000012A416002D103685B681847704700002B
:10F30000044A0B681268036093421EBF1A680132F8
:10F310001A607047D4BD0124016070470249034858
:10F3200000221AF079BA00BFB0D80508CCBD01247C
:10F3300010B5034C23680BB9FFF7F0FF206810BD30
:10F34000CCBD012400487047B0D8050838B54368E3
:10F350000446B3B96068B0B9E36813BBE06810BB9A
:10F3600023691BBB206958BB204638BD52F82500D5
:10F3700008B1FFF7BBFF0135D4E90123AB42F5D853
:10F38000E8E70025F8E719F02FFEE5E752F8250039
:10F3900008B1FFF7ABFF0135D4E90232AB42F5D833
:10F3A000DCE70025F8E719F01FFED9E700252369FF
:10F3B000585908B119F018FE0435182DF7D1D1E7C6
:10F3C00019F012FED0E703685A1E012B10B504464F
:10F3D000026006D1FFF7BAFF2046BDE8104019F0E1
:10F3E00001BE10BD054B10B51B680446006898426D
:10F3F00001D0FFF7E8FF204610BD00BFD4BD0124B7
:10F400000A4A38B50B680D4611688B4218BF1A6856
:10F41000044600681CBF01321A60814201D0FFF728
:10F42000D2FF2B682360204638BD00BFD4BD012425
:10F43000036823B9034A136801331360036000684B
:10F4400001387047C8BD01242DE9F84F044617461E
:10F450000846002A47D0FFF7EBFFA368013B98421C
:10F46000064631D900F1040A6FF060439A4534BF73
:10F470004FEA8A0B4FF0FF3B5846D4F8049019F03E
:10F4800023FEA3680546002199422ED100229A4509
:10F4900032D85846D4F80C8019F016FEA268002124
:10F4A00091422DD10023924531D8C4E9015AE06040
:10F4B000B9F1000F02D0484619F096FDB8F1000FDF
:10F4C00002D0404619F090FD7B68656801337B608F
:10F4D00055F82630002B54D145F8267000252E46CD
:10F4E000A3689D4250D3BDE8F88F626852F821208E
:10F4F00045F821200131C7E745F823200133C6E74D
:10F50000E36853F8213040F821300131C8E740F872
:10F5100022300132C7E7D8F80400FFF789FF86429E
:10F520000AD10846FFF784FF55F8203080461BB308
:10F53000384603F015FB15E008F10808D8F800106C
:10F54000D1B10846FFF774FF8642E4D1D8F8041021
:10F550000846FFF76DFF55F82030804663B1384606
:10F5600008F080FF436801338146436055F8280066
:10F57000FFF7BCFE45F8289055F82600FFF7B6FEC9
:10F58000AAE7DFF81C80D9E7E36853F8250020B12B
:10F59000FFF7ACFEE36843F825600135A0E700BF44
:10F5A000B4D805082DE9F041214F3B68BFF35B8FCC
:10F5B000DB0706460C46154606D43846FFF7D9FD4C
:10F5C00010B13846FFF7E1FD1A490F6817B94FF03F
:10F5D000FF3308E03846FFF72BFFA84248680DD1FB
:10F5E000FFF726FF0346F16851F8252092B1ECB1F0
:10F5F000236820465B68BDE8F0411847FFF718FF15
:10F60000A84205D13846FFF713FF2B460546EAE727
:10F610000831DAE76268501C6060581C18BF02327B
:10F6200041F825401CBF626041F82340BDE8F081ED
:10F63000D8BD0124B4D8050810B5084C2368BFF321
:10F640005B8FDB0708D42046FFF793FD20B12046EF
:10F65000BDE81040FFF799BD10BD00BF60CC01248C
:10F660002DE9F04F302387B08360CC4B0160C0247C
:10F6700007462246002118461DF030FAC84B786034
:10F680002246002118461DF029FAC64BF8600021D9
:10F69000184614221DF022FA021FC34C3A6140F8AA
:10F6A000044CFFF74FFE03882380C04CC04DDFF8A9
:10F6B00004B4C04EDFF800A4DFF800940022012358
:10F6C0001146204604F0FEFC2246BB4CBB4938469E
:10F6D000FFF7BAFE012120461AF002F92246384609
:10F6E000B749FFF7B1FEB74AB74B136000244FF09C
:10F6F0000108B64B2B6021462846C2E90244C2E904
:10F700000544C2E90744C2F804801474948482F862
:10F710006440C5F80480AA6000F022FF2A463846FB
:10F72000AB49AC4DFFF790FEAB4AAC4BAC49C2F8CD
:10F73000048038461360FFF787FEAA4AAA4BAB49FC
:10F74000C2F8048038461360FFF77EFEA84B2B609A
:10F75000C5F80480FFF7ECFD2A46A860A549A64D30
:10F760003846FFF771FEA54BA54A1A60A54A2A60E4
:10F77000214622462846C3E90244C3E90544C3E9B9
:10F780000744C3E90944C3E90B44C3F804801C825D
:10F790009C745C6383F84340AB60C5F8048000F060
:10F7A00083FB2A4638469849984DFFF74DFE984A04
:10F7B000CBF80020974A2A60214622462846CBE90A
:10F7C0000244CBE90544CBE90744CBE90944CBE942
:10F7D0000B44ABF810408BF81240CBF834408BF858
:10F7E0004340C5F80480C5F808B0CBF8048000F0A9
:10F7F00017FB2A4638468849884DFFF725FE884A78
:10F800008849116038468849C2F80480FFF71CFE19
:10F81000864A8749116038468649C2F80480FFF756
:10F8200013FE854A3260314642462846C6E9024404
:10F83000C6E90444C6E90644C6E90844C6E90A44E0
:10F84000C6E90C44C6E90E44C6E91044C6E91244B0
:10F85000C6E91444C6E91644C6E91844C6E91A4480
:10F86000C6E91C44C6E91E44C6F80480C6E9204423
:10F87000C6E92244C6E92444C6E92644C6E9284428
:10F88000C6E92A44C6E92C44C6E92E44C6F8C0405D
:10F8900086F8C4400CF054FE2A4638466749684D45
:10F8A000FFF7D2FD674A6849116038466749C2F8D8
:10F8B0000480FFF7C9FD664A66491160384666490B
:10F8C000C2F80480FFF7C0FD4146284605F090FAD3
:10F8D0002A46624D62493846FFF7B6FD4146284642
:10F8E00004F0DCFB2A465F4D5F493846FFF7ACFD6C
:10F8F000414628461AF004F82A4638465B495C4DD2
:10F90000FFF7A2FD5B4B5C4A1A6021465B4AC3F8D5
:10F9100004802846C3E90244C3E90544C3E9074417
:10F92000C3E909441C7483F82441AB60C5F8048022
:10F930002A6000F07DFE2A4638465149514DFFF7B6
:10F9400083FD514A5149116038465149C2F804803B
:10F95000FFF77AFD4F4A5049116038464F49C2F8C7
:10F960000480FFF771FD4E4AC5F804802A60FFF756
:10F97000DFFC2A46A8604B494B4D3846FFF764FD33
:10F980004A4ACAF800204A4A2A60214622462846A6
:10F99000CAE90244CAE9054492E000BF64CB0124ED
:10F9A000A4CA012434CC012424CC012484C8012419
:10F9B0006CC80124ACC0012450C8012448CD0124E6
:10F9C00094CE0124FCC10124D8E005088CEF050881
:10F9D00078CD012478C8012464C801242C000608CD
:10F9E00028CE01245CC801246800060824CE012426
:10F9F00070EF05086CCD012438C8012474C10124BE
:10FA0000A8E00508E4EF050880CD012444C80124DE
:10FA100098E00508B0EF05087CCD012414C8012446
:10FA200030C8012434F0050888CD012428C80124F9
:10FA30004CF0050884CD0124980006080CCE012462
:10FA4000F4C701240CC8012464F0050874CD012416
:10FA500004C801249801060808CE012414C3012417
:10FA600070CD0124E0C2012444CD012490CE0124B4
:10FA7000FCC2012484BF0124E8E005088CFA0508D3
:10FA8000B8CD012408C30124F4C20124E00706080C
:10FA900088CE0124ECC201241C08060884CE01246F
:10FAA00070FA0508ACCD0124C8C20124C8E00508DD
:10FAB000E4FA0508B8C10124A4BE012414BF01243E
:10FAC000CAE90744CAE90944CAE90B44CAE90D4432
:10FAD0008AF81040CAF83C408AF86C40C5F80480A7
:10FAE000C5F808A0CAF8048000F09EFA2A463846F5
:10FAF0008149824DFFF7A8FC814AC9F80020814A5C
:10FB00002A60214622462846C9E90244C9E905443B
:10FB1000C9E90744C9E90944C9E90B44C9E90D44E5
:10FB200089F81040C9F83C4089F86C40C5F8048059
:10FB3000C5F80890C9F8048000F02EFA2A46384625
:10FB40007149724DFFF780FC714A72491160384665
:10FB50007149C2F80480FFF777FC704A7049116060
:10FB600038467049C2F80480FFF76EFC6E4A2A607E
:10FB7000C5E90244C5E90444C5E90644C5E90844A9
:10FB8000C5E90A44C5E90C44C5E90E44C5E9104479
:10FB9000C5E91244C5E91444C5E91644C5E9184449
:10FBA000C5E91A44C5E91C44C5E91E44C5F80480EA
:10FBB000C5E92044C5E92244C5E92444C5E92644F1
:10FBC000C5E92844C5E92A44C5E92C44C5E92E44C1
:10FBD000C5F8C04085F8C440544C424629462046EA
:10FBE00013F03AFC224638465149524CFFF72CFCA0
:10FBF000514A5249116038465149C2F80480FFF712
:10FC000023FC504A5049116038465049C2F80480DC
:10FC1000FFF71AFC4146204609F0C2FC224638464E
:10FC20004B49FFF711FC4B4A4B49116038464B4991
:10FC3000C2F80480FFF708FC494A4A491160384677
:10FC40004949C2F80480FFF7FFFB484A4849116060
:10FC500038464849C2F80480FFF7F6FB464A474950
:10FC6000116038464649C2F80480FFF7EDFB454B6A
:10FC7000454A0092CDE9013B444BCDF814906946CA
:10FC80003846CDE9033A01F09DFC4148FC68FFF796
:10FC9000CFFB3D4A44F820203E48FC68FFF7C8FBF4
:10FCA000384B44F820303C48FC68FFF7C1FB44F86F
:10FCB00020B03A48FC68FFF7BBFB44F820603848A6
:10FCC000FC68FFF7B5FB314B44F820300A48FC686C
:10FCD000FFF7AEFB44F820A00B48FC68FFF7A8FB39
:10FCE00044F820901248FC68FFF7A2FB44F820502B
:10FCF000384607B0BDE8F08FC0CD0124D4C201243E
:10FD0000B8E00508B0FA0508BCCD0124DCBD01242B
:10FD1000C0C2012434FB0508C8CD0124B8C20124A7
:10FD20004CFB0508C4CD01244C080608A4C20124DC
:10FD30006CCE012484C201249CC2012464FB05080A
:10FD4000B4CD012494C201244C09060868CE0124D4
:10FD5000B0CD01247CC2012428E3050870CC012425
:10FD600074C2012480E305086CCC01246CC2012418
:10FD7000D8E3050868CC012464C2012430E40508F6
:10FD800064CC012474C10124FCC1012484BF01247A
:10FD900078CD012480CD01247CCD01240CCE01241A
:10FDA000B8CD012438B5094D2B686BB9084C022138
:10FDB0002046FFF755FC074B2C601C602146064887
:10FDC000BDE83840FFF7A8BA38BD00BFD4BD012454
:10FDD0004CCC0124D0BD012448CC0124024B1B682B
:10FDE0000BB9FFF7DFBF7047D4BD012438B500233E
:10FDF00003600446084DFFF7F1FF084A2B681268BC
:10FE00002360934206D0FFF717FC2B6823601A6823
:10FE100001321A60204638BDD0BD0124D4BD012472
:10FE200038B584680546ACB94420FFF7B1F91A4BE0
:10FE30000482C0E90034C0E90244C0E90544C0E9D5
:10FE40000744C0E90944C0E90B448474446380F862
:10FE50004340A860AB6811492E225A74AB682C222B
:10FE60009A74AA680023C2E90513C2E90713C2E91C
:10FE7000091391600A49D36008681063D362AA68C5
:10FE80005063084A1068AA68C15C1A4401330B2BFE
:10FE900082F83810F7D138BD98E00508506C050895
:10FEA000900B06087000002438B584680546ACB98C
:10FEB0004420FFF76DF91A4B0482C0E90034C0E911
:10FEC0000244C0E90544C0E90744C0E90944C0E967
:10FED0000B448474446380F84340A860AB681149C4
:10FEE0002E225A74AB682C229A74AA680023C2E9A5
:10FEF0000513C2E90713C2E9091391600A49D360E7
:10FF000008681063D362AA685063084A1068AA6838
:10FF1000C15C1A4401330B2B82F83810F7D138BD7D
:10FF2000A8E00508506C0508900B06087000002436
:10FF3000064B10B504460360806810B103685B6827
:10FF400098472046FFF7D1F9204610BDB0EF0508CD
:10FF500010B50446FFF7ECFF204619F043F82046A1
:10FF600010BD0000064B10B504460360806810B158
:10FF700003685B6898472046FFF7B7F9204610BD35
:10FF8000E4EF050810B50446FFF7ECFF204619F032
:10FF900029F8204610BD000038B584680546B4B97C
:10FFA0007020FFF7F5F8C0E90244C0E90544C0E954
:10FFB0000744C0E90944C0E90B44C0E90D44154BAE
:10FFC000446003600474C46380F86C40A860AB684C
:10FFD0002E212C22C3E905120F49104A9A600022F3
:10FFE000C3E90712C3E90912C3E90B12DA605A63C5
:10FFF0000B4A10689863AB68D8630A4BAA681B6801
:020000040803EF
:100000003C32591E0A3311F8010F42F8040F99428D
:10001000F9D138BDB8E0050884DF0508506C050843
:10002000900B06087000002438B584680546B4B902
:100030007020FFF7ADF8C0E90244C0E90544C0E90B
:100040000744C0E90944C0E90B44C0E90D44154B1D
:10005000446003600474C46380F86C40A860AB68BB
:100060002E212C22C3E905120F49104A9A60002262
:10007000C3E90712C3E90912C3E90B12DA605A6334
:100080000B4A10689863AB68D8630A4BAA681B6870
:100090003C32591E0A3311F8010F42F8040F9942FD
:1000A000F9D138BDC8E0050884DF0508506C0508A3
:1000B000900B060870000024064B10B50446036040
:1000C000806810B103685B6898472046FFF70DF918
:1000D000204610BDB0FA050810B50446FFF7ECFF46
:1000E000204618F07FFF204610BD0000064B10B5DB
:1000F00004460360806810B103685B689847204637
:10010000FFF7F3F8204610BDE4FA050810B50446E1
:10011000FFF7ECFF204618F065FF204610BD0000F9
:100120000D4B10B5036090F8433004467BB18068F6
:1001300008B118F059FF606908B118F055FFE0697F
:1001400008B118F051FF606A08B118F04DFF204661
:10015000FFF7CBF8204610BD98E0050810B504461F
:10016000FFF7DEFF204618F03DFF204610BD0000DF
:100170000D4B10B5036090F8433004467BB18068A6
:1001800008B118F031FF606908B118F02DFFE0697F
:1001900008B118F029FF606A08B118F025FF204661
:1001A000FFF7A3F8204610BDA8E0050810B50446E7
:1001B000FFF7DEFF204618F015FF204610BD0000B7
:1001C0000D4B10B5036090F86C3004467BB180682D
:1001D00008B118F009FFE06908B118F005FF606A7E
:1001E00008B118F001FFE06A08B118F0FDFE2046E2
:1001F000FFF77BF8204610BDB8E0050810B50446AF
:10020000FFF7DEFF204618F0EDFE204610BD00008F
:100210000D4B10B5036090F86C3004467BB18068DC
:1002200008B118F0E1FEE06908B118F0DDFE606A7F
:1002300008B118F0D9FEE06A08B118F0D5FE2046E2
:10024000FFF753F8204610BDC8E0050810B5044676
:10025000FFF7DEFF204618F0C5FE204610BD000067
:1002600038B584680546ACB94420FEF791FF1A4BB7
:100270000482C0E90034C0E90244C0E90544C0E991
:100280000744C0E90944C0E90B448474446380F81E
:100290004340A860AB6811492E225A74AB682C22E7
:1002A0009A74AA680023C2E90513C2E90713C2E9D8
:1002B000091391600A49D36008681063D362AA6881
:1002C0005063084A1068AA68C15C1A4401330B2BBA
:1002D00082F83810F7D138BD98E00508506C050851
:1002E000900B06087000002438B584680546ACB948
:1002F0004420FEF74DFF1A4B0482C0E90034C0E9E8
:100300000244C0E90544C0E90744C0E90944C0E922
:100310000B448474446380F84340A860AB6811497F
:100320002E225A74AB682C229A74AA680023C2E960
:100330000513C2E90713C2E9091391600A49D360A2
:1003400008681063D362AA685063084A1068AA68F4
:10035000C15C1A4401330B2B82F83810F7D138BD39
:10036000A8E00508506C0508900B060870000024F2
:10037000064B10B504460360806810B103685B68E3
:1003800098472046FEF7B1FF204610BDB80006088A
:1003900010B50446FFF7ECFF204618F023FE204678
:1003A00010BD0000064B10B504460360806810B114
:1003B00003685B6898472046FEF797FF204610BD0C
:1003C000EC00060810B50446FFF7ECFF204618F0D5
:1003D00009FE204610BD000038B584680546B4B952
:1003E0007020FEF7D5FEC0E90244C0E90544C0E92B
:1003F0000744C0E90944C0E90B44C0E90D44154B6A
:10040000446003600474C46380F86C40A860AB6807
:100410002E212C22C3E905120F49104A9A600022AE
:10042000C3E90712C3E90912C3E90B12DA605A6380
:100430000B4A10689863AB68D8630A4BAA681B68BC
:100440003C32591E0A3311F8010F42F8040F994249
:10045000F9D138BDB8E0050884DF0508506C0508FF
:10046000900B06087000002438B584680546B4B9BE
:100470007020FEF78DFEC0E90244C0E90544C0E9E2
:100480000744C0E90944C0E90B44C0E90D44154BD9
:10049000446003600474C46380F86C40A860AB6877
:1004A0002E212C22C3E905120F49104A9A6000221E
:1004B000C3E90712C3E90912C3E90B12DA605A63F0
:1004C0000B4A10689863AB68D8630A4BAA681B682C
:1004D0003C32591E0A3311F8010F42F8040F9942B9
:1004E000F9D138BDC8E0050884DF0508506C05085F
:1004F000900B060870000024064B10B504460360FC
:10050000806810B103685B6898472046FEF7EDFEEF
:10051000204610BD6C08060810B50446FFF7ECFF36
:10052000204618F05FFD204610BD0000064B10B5B8
:1005300004460360806810B103685B6898472046F2
:10054000FEF7D3FE204610BDA008060810B50446ED
:10055000FFF7ECFF204618F045FD204610BD0000D7
:1005600038B58468054684B96820FEF711FEC0E9F5
:100570000244C0E90544C0E907441A4B44600360E3
:100580000474848480F86440A860AA68164B936061
:100590002E21002382F82410D3601374AA682C2122
:1005A00082F82510114A1068AA68C15C1A44013308
:1005B000242B82F82610F7D10D4B18680023AA6867
:1005C000C15C1A4401331A2B82F84A10F7D1AB6888
:1005D000084A5A6104229A61074ADA6105221A62BE
:1005E00038BD00BFD8E00508506C0508680000243D
:1005F0006C0000244466050849660508064B10B5E2
:1006000004460360806810B103685B689847204621
:10061000FEF76BFE204610BD8CEF050810B50446B2
:10062000FFF7ECFF204618F0DDFC204610BD00006F
:1006300038B58468054694B94FF49470FEF7A8FD68
:10064000C0E90244C0E90544C0E90744C0E90944DF
:10065000184B44600360047480F82441A860AB68C0
:10066000154A9A600022DA601A7419462E225A62DC
:100670002C2241F8282F114A1268501E233210F8FC
:10068000014F41F8044F9042F9D10D4A126803F12D
:10069000B800511E193211F8014F40F8044F914231
:1006A000F9D1084A5A6104229A61074ADA6105229F
:1006B0001A6238BDE8E00508506C0508680000249F
:1006C0006C0000243CD9050850D90508064B10B52C
:1006D00004460360806810B103685B689847204651
:1006E000FEF703FE204610BD8CFA050810B504463F
:1006F000FFF7ECFF204618F075FC204610BD000007
:100700000B4B10B5036090F8643004465BB1806811
:1007100008B118F069FC606908B118F065FCE0697F
:1007200008B118F061FC2046FEF7DFFD204610BD41
:10073000D8E0050810B50446FFF7E2FF204618F0A0
:1007400051FC204610BD00000B4B10B5036090F823
:10075000243104465BB1806808B118F045FC60693B
:1007600008B118F041FCE06908B118F03DFC2046E2
:10077000FEF7BBFD204610BDE8E0050810B50446B5
:10078000FFF7E2FF204618F02DFC204610BD0000C8
:1007900038B58468054684B96820FEF7F9FCC0E9DD
:1007A0000244C0E90544C0E907441A4B44600360B1
:1007B0000474848480F86440A860AA68164B93602F
:1007C0002E21002382F82410D3601374AA682C21F0
:1007D00082F82510114A1068AA68C15C1A440133D6
:1007E000242B82F82610F7D10D4B18680023AA6835
:1007F000C15C1A4401331A2B82F84A10F7D1AB6856
:10080000084A5A6104229A61074ADA6105221A628B
:1008100038BD00BFD8E00508506C0508680000240A
:100820006C0000244466050849660508064B10B5AF
:1008300004460360806810B103685B6898472046EF
:10084000FEF753FD204610BD0800060810B504460B
:10085000FFF7ECFF204618F0C5FB204610BD000056
:1008600038B58468054694B94FF49470FEF790FC4F
:10087000C0E90244C0E90544C0E90744C0E90944AD
:10088000184B44600360047480F82441A860AB688E
:10089000154A9A600022DA601A7419462E225A62AA
:1008A0002C2241F8282F114A1268501E233210F8CA
:1008B000014F41F8044F9042F9D10D4A126803F1FB
:1008C000B800511E193211F8014F40F8044F9142FF
:1008D000F9D1084A5A6104229A61074ADA6105226D
:1008E0001A6238BDE8E00508506C0508680000246D
:1008F0006C0000243CD9050850D90508064B10B5FA
:1009000004460360806810B103685B68984720461E
:10091000FEF7EBFC204610BDBC07060810B50446E8
:10092000FFF7ECFF204618F05DFB204610BDC368C2
:100930009A6810B5C26002B1506042685A600C6893
:10094000844203D10B609860436010BD916881427E
:100950000CBF9360D360F6E78368DA6810B58260F5
:1009600002B1506042685A600C68844203D10B6047
:10097000D860436010BDD16881420CBFD3609360E2
:10098000F6E7C268034622B110469268002AFBD1FE
:1009900070474068C2689A4204D0DA68904208BF43
:1009A0001846704703464068F4E7027803462AB9C0
:1009B00042685268824201D1D06870479A6822B179
:1009C0001046D268002AFBD17047586882689A4264
:1009D00000D0704703464068F8E7FFF7D2BFFFF743
:1009E000D0BFFFF7E2BF2DE9F8431D461F1D0023CE
:1009F000C1E902330C464A600B70A0B19542916088
:100A000002D16960EC6003E0AB68934208BFA96063
:100A10004FF000094FF001086B68A34232D1012268
:100A20001A70BDE8F883D160EB689342F0D1E9E732
:100A3000C368A34203D13946FFF779FF04466368D0
:100A4000394683F80080304686F80090FFF784FF2F
:100A5000E2E733B11A7822B980F8008083F8008089
:100A600021E08368A34203D13946FFF775FF0446AE
:100A70006368394683F80080304686F80090FFF7B7
:100A800056FFC9E760680278002AC8D14668B36893
:100A90008342DED1F268002ACAD011780029C7D17A
:100AA00001211970117086F800903446B4E72DE9E1
:100AB000F047D0E9022405460F46002A3FD0002C1B
:100AC00039D021460B4689680029FBD1AB42DE684C
:100AD00036D0A34253609A6008D05A6806B172605B
:100AE00059688E60DC60E96814464B607A68AA42F7
:100AF0001AD17B606A6829785A601A7819702A704E
:100B00002B78002B7ED007F104084FF000094FF03E
:100B1000010A7B68B34273D0002E3CD03378012B9E
:100B200039D0012333706DE06A689168A9420CBF27
:100B30009360D360DEE744681646746003E026469F
:100B40006C68002EF9D17B68AB420FD17E60BB6828
:100B5000AB4203D1EB6883B96B68BB60FB68AB4207
:100B6000CED1AB6883B96B68FB60C9E76B689A68E4
:100B7000AA420CBF9E60DE60E9E733461A469B68D6
:100B8000002BFBD1BA60E9E733461A46DB68002B3D
:100B9000FBD1FA60B4E7A068B04236D1E0680378D0
:100BA0003BB980F800A0414620462370FFF7BFFE06
:100BB000E068D0E9022312B11178012909D113B1FB
:100BC0001978012905D1636880F8009026461C46F3
:100BD0009FE713B11B78012B07D10123137000236A
:100BE00003704146FFF7B8FEE06823780370C368DE
:100BF0000122227003B11A7041462046FFF797FE8A
:100C0000002E8ED12846BDE8F08703783BB980F8E6
:100C100000A0414620462370FFF79EFEA068D0E961
:100C2000023212B11178012904D1002BCBD01978EE
:100C30000129C8D013B11B78012B07D101231370F0
:100C4000002303704146FFF772FEA068237803700B
:100C500083680122227003B11A7041462046FFF7D3
:100C60007BFECDE7009B03201A6070470020704791
:100C70000020704704207047009B03201A607047D3
:100C80007F2908D8D0E900329A4242D05A1C02602B
:100C9000197001207047B1F5006F10D2D0E9003211
:100CA000D21A012A35D95A1C02608A09403A1A70B0
:100CB000036801F03F015A1C02608039E8E7B1F592
:100CC000803F11D2D0E90032D21A022A21D95A1C0F
:100CD00002600A0B203A1A700268531C0360C1F3C9
:100CE0008513803B1370E3E7B1F5881F11D2D0E97B
:100CF0000032D21A032A0CD95A1C02608A0C103A0C
:100D00001A700268531C0360C1F30533803B1370F3
:100D1000E2E700207047D0E90032D21AF0B504466D
:100D20006FD018787F2802D801332360F0BDC12826
:100D30001DD9DF280ED8012A63D05A7802F0C005E9
:100D4000802D14D1A2F5425202EB80108142EDD3E6
:100D50000233EAE7EF2823D8012A52D05D7805F064
:100D6000C006802E03D1E02804D19F2D06D84FF075
:100D7000FF30DBE7ED2801D19F2DF8D8022A40D0C3
:100D80009A7802F0C006802EF1D1A2F56222803A54
:100D900002EB003202EB85108142C7D30333C4E774
:100DA000F428E4D8B1F5803FE1D3012A29D05D7859
:100DB00005F0C006802EDAD1F0281DD18F2DD6D9AE
:100DC000022A1ED09E7806F0C007802FCFD1032ABA
:100DD00017D0DA7802F0C007802FC8D1A2F1727262
:100DE000A2F5025202EB804202EB053202EB8610C2
:100DF00081429BD3043398E7F428E1D18F2DDFD9CA
:100E0000B5E76FF0010091E77F2910B508D8D0E968
:100E100000329A4247D05A1C02601970012010BD5E
:100E2000B1F5006F0FD2D0E90032D21A012A3AD9B7
:100E30008C091A46403C02F8024B01F03F01803910
:100E400002605970EAE7B1F5803F12D2D0E9003272
:100E5000D21A022A27D90A0B203A1A70C1F3851236
:100E6000803A01F03F015A708039DA1C02609970B3
:100E7000D4E7B1F5881F16D2D0E90032D21A032A7E
:100E800011D98A0C103A1A70C1F30532803A5A709F
:100E9000C1F38512803A01F03F019A7080391A1D22
:100EA0000260D970BAE70020B9E7D0E90032D21A5F
:100EB000F0B504466FD018787F2802D8013323603C
:100EC000F0BDC1281DD9DF280ED8012A63D05A7879
:100ED00002F0C005802D14D1A2F5425202EB801021
:100EE0008142EDD30233EAE7EF2823D8012A52D01A
:100EF0005D7805F0C006802E03D1E02804D19F2D37
:100F000006D84FF0FF30DBE7ED2801D19F2DF8D850
:100F1000022A40D09A7802F0C006802EF1D1A2F5C4
:100F20006222803A02EB003202EB85108142C7D385
:100F30000333C4E7F428E4D8B1F5803FE1D3012AB4
:100F400029D05D7805F0C006802EDAD1F0281DD1B9
:100F50008F2DD6D9022A1ED09E7806F0C007802F8A
:100F6000CFD1032A17D0DA7802F0C007802FC8D17A
:100F7000A2F17272A2F5025202EB804202EB05323C
:100F800002EB861081429BD3043398E7F428E1D129
:100F90008F2DDFD9B5E76FF0010091E7B1F5803F04
:100FA00010B5D0E900430BD29C4221D0D30789B2BF
:100FB00001D449BA89B2A31C03602180012010BD6D
:100FC0001B1B022B14D98B0AC1F30901A3F5215372
:100FD000A1F51051D2079BB289B203D45BBA49BACA
:100FE0009BB289B2224622F8043B02606180E5E7A9
:100FF0000020E4E737B5CDE90023069D08491446F3
:10100000002045B1B0F5881F05F1FF3503D26846D1
:10101000FFF74BFFF5E70098001B03B030BD00BFA2
:10102000FFFF100073B51E46079B0093089B0193BA
:101030001446A642254607D10020069B009A1D6053
:10104000099B1A6002B070BD2168A1F55843B3F541
:10105000006F05F1040409D3B1F5881F06D2684674
:10106000FFF7D2FE0028E4D10120E6E70220E4E702
:101070008B070CD5D0E90032D21A022A09D9064AC8
:101080001188927819809A700368033303600120F5
:1010900070470020704700BF4F6605082DE9F041FA
:1010A0000E46044619463046069D1746FFF7E0FFF8
:1010B00030BB0120BDE8F0811988A1F55840B0F59A
:1010C000806F23D2012D29D0D21A022AF1D95B8850
:1010D000A3F55C42B2F5806F20D2A3F15773A3F55C
:1010E000773303EB81214FF00208B94216D830461E
:1010F000FFF7C6FD0028DCD0236803EB480323601C
:10110000D4E900329A42D7D10020D3E7A1F55C435D
:10111000B3F5806F02D34FF00108E6E70220C9E77C
:101120007FB5CDE90223099B04930A9B0593002315
:101130000093074A04A902A8FFF7B0FF089B029A90
:101140001A600B9B049A1A6007B05DF804FB00BF9D
:10115000FFFF100070B50D46044619462846164696
:10116000FFF786FF88B9012070BD1968A1F55843C3
:10117000B3F5006F0FD38E420DD32846FFF780FDE5
:101180000028F0D0236804332360D4E900329A4267
:10119000EBD10020E8E70220E6E700001FB5CDE92B
:1011A0000023079B0293089B0393074A002302A98D
:1011B0006846FFF7CFFF069B009A1A60099B029AC8
:1011C0001A6005B05DF804FBFFFF100038B54B074F
:1011D00004460CD5D0E900535B1B022B07D9044908
:1011E000032228461BF050FC08B90335256038BDA2
:1011F00054E40508F8B50D46194604461646FFF7AF
:10120000E5FFD4E90030984211D0D5E90072BA4226
:101210000DD031462046FFF77EFD831C01D1012011
:1012200008E0864207D33B1D2B603860E9E7C01A0F
:1012300018BF0120F8BD0220FCE700001FB5CDE972
:101240000023079B0293089B0393074A002302A9EC
:101250006846FFF7CFFF069B009A1A60099B029A27
:101260001A6005B05DF804FBFFFF100037B5CDE94B
:10127000000168469DF8181014461D46FFF7A6FFAA
:10128000002044B1A84204F1FF3404D8294668463E
:10129000FFF741FDF5E7009803B030BD13B51446E4
:1012A000194600230093049A034B2046FFF7DEFF04
:1012B000001B02B010BD00BFFFFF10002DE9F84376
:1012C0000E461946054617469846FFF77FFFD5E9B3
:1012D00000494C4517D0D6E900329A4213D039461E
:1012E0002846FFF718FD831C014609D08F420FD313
:1012F00042463046FFF752FE0028E8D1C5E90049D2
:101300000120BDE8F883B4EB090018BF0120F8E71D
:101310000220F6E71FB5CDE90023079B0293089B47
:101320000393074A012302A96846FFF7C7FF069BFC
:10133000009A1A60099B029A1A6005B05DF804FBD6
:10134000FFFF1000F7B5CDE900019DF820106846B9
:1013500016461C46FFF73AFF00277D1CB54209D30D
:101360000ED14FF6FF71A14228BF21466846FFF714
:10137000D2FC05E021466846FFF7CDFC844202D24C
:10138000009803B0F0BDB0F5803F38BF3D466F1CFC
:10139000E3E7000013B51446194600230093049AAE
:1013A000034B2046FFF7CEFF001B02B010BD00BF6D
:1013B000FFFF100073B51D46079B0093089B019328
:1013C0001446A54201D1002009E02188A1F5584327
:1013D000B3F5806F1FD22B1B022B07D80120069B71
:1013E000009A1C60099B1A6002B070BD6288A2F569
:1013F0005C43B3F5806F15D2A2F15772A2F5773234
:1014000002EB812102266846FFF7FEFC0028E5D0AA
:1014100004EB4604D5E7A1F55C43B3F5806F01D337
:101420000126F0E70220DAE773B5DDE90765CDE9CB
:10143000002310491C46009884420ED0B5420CD0BF
:101440006846FFF732FD831C01D1012008E0B0F5AA
:10145000881F0CD246F8040BEDE7201A18BF0120B4
:10146000069B009A1A60099B1E6002B070BD0220A4
:10147000F6E700BFFFFF1000F7B5CDE90023089E97
:101480000E49144600277D1CAE4206D80BD14FF6FC
:10149000FF716846FFF709FD05E06846FFF705FDA7
:1014A000B0F5881F03D30098001B03B0F0BDB0F562
:1014B000803F38BF3D466F1CE5E700BFFFFF1000CF
:1014C000F0B585B0CDE900230C9E154F1C460B9B53
:1014D000CDE90236009D029BAC421BD09E4219D042
:1014E00039466846FFF7E1FC831C014609D0B1F597
:1014F000881F13D2012202A8FFF750FD0028E9D16E
:10150000009501200A9B009A1A600D9B029A1A60AE
:1015100005B0F0BD601B18BF0120F3E70220F1E722
:10152000FFFF100010B5034B03600446FDF7DDFE1E
:10153000204610BDFCE2050810B50446FFF7F2FF97
:10154000204617F04FFD204610BD000010B5034B9C
:1015500003600446FDF7C9FE204610BD54E30508AC
:1015600010B50446FFF7F2FF204617F03BFD20467A
:1015700010BD000010B5034B03600446FDF7B5FE37
:10158000204610BDACE3050810B50446FFF7F2FF96
:10159000204617F027FD204610BD000010B5034B74
:1015A00003600446FDF7A1FE204610BD04E40508D3
:1015B00010B50446FFF7F2FF204617F013FD204652
:1015C00010BD00002DE9F04F89B00B6801934B6806
:1015D000A84F02938B680393A74B3B6004460125F9
:1015E000019B7D600E4638460021BB60FFF7D0F8B6
:1015F0007B68A248D4F80480DFF810B3DFF810A3AA
:101600002B447B60FDF714FF48F820709C4F9D4AE7
:101610007D603A60FDF78CFE7A68B8602A449A488B
:10162000D4F804807A60FDF703FF48F82070974FE4
:10163000974A3A600022029BBB60114638467D60A3
:10164000FEF752FE7A68D4F804802A4458467A603D
:10165000FDF7EEFE48F820708E4F8F4A3A60002268
:10166000039BBB60114638467D60FEF7F9FD7A6842
:10167000D4F804802A4450467A60FDF7D9FE48F831
:101680002070DFF89082854A8548D4F80490C8F825
:1016900000200227C8F80470FDF7CAFE49F8208030
:1016A000DFF874827F4A8048D4F80490C8F800209C
:1016B000C8F80470FDF7BCFE49F82080DFF85C82B2
:1016C0007A4A7B48D4F80490C8F80020C8F804701F
:1016D000FDF7AEFE49F82080DFF8448229464046F7
:1016E0000BF04EF8D8F804207248D4F804902A443D
:1016F000C8F80420FDF79CFE49F82080D6E90332A3
:10170000049272696C4E059200216C4AB3603046B7
:101710000793DFF8109275603260FFF7A1F87268E6
:10172000D4F804802A4448467260FDF781FE48F8E8
:101730002060634E634A75603260FDF7F9FD7268A0
:10174000B0602A446048D4F804807260FDF770FEEF
:1017500048F820605D4E5E4A32600022049BB36010
:1017600011463046DFF8C0817560FEF77DFE726875
:10177000616806912A4440467260FDF759FE069959
:10178000544A41F82060544E059B326000221146B5
:101790003046B3607560FEF71FFE7268616806919F
:1017A0002A4472604D4A1046FDF742FE069941F800
:1017B00020604B4E4B4931604B4861680691776021
:1017C000FDF736FE069941F82060484E48493160E1
:1017D0004848616806917760FDF72AFE069941F84E
:1017E0002060454E45493160454861680691776003
:1017F000FDF71EFE069941F82060424E294630460C
:1018000011F04AFF71684048656801317160FDF769
:101810000FFE45F820601948E568FDF709FE019BB9
:1018200045F820305846E568FDF702FE029B45F872
:1018300020305046E568FDF7FBFD039B45F820305E
:101840004846E568FDF7F4FD079B45F82030404623
:10185000E568FDF7EDFD214A049B45F82030104670
:10186000E468FDF7E5FD059B44F8203009B0BDE8CC
:10187000F08F00BF0CCD01240800060810CE012413
:1018800018CD0124ECFF0508FCCD0124F4CC012483
:10189000EC00060800CD0124B8000608680106081F
:1018A00020CE0124800106081CCE0124AC010608CC
:1018B00004CE012400CE0124B4CC0124BC070608C8
:1018C000C0CC0124600706085CCE01249CCC012416
:1018D000A00806086C080608A8CC012474CE0124D0
:1018E00094CC01241C09060880CE01248CCC012450
:1018F000340906087CCE012484CC01246009060842
:1019000064CE012474CC012460CE012418CE0124BD
:1019100014CE0124ECCC0124E4CC0124DCCC012441
:10192000CCCC012470CE012478CE012413B5049CC4
:10193000CDE9003413460A46C1684FF0000006F0B6
:101940003DFA02B010BD30B58BB00D460AA901E9D1
:101950000C0079230693129B0593119B0493109B13
:1019600003930EAA044692E8030001AB83E8030048
:10197000099B00932046089BAA684FF0000106F0DF
:1019800023FC20460BB030BD30B58BB00D460AA904
:1019900001E90C006D230693129B0593119B0493A0
:1019A000109B03930EAA044692E8030001AB83E860
:1019B0000300099B00932046089BAA684FF0000192
:1019C00006F002FC20460BB030BD30B58BB00D46A2
:1019D0000AA901E90C0077230693129B0593119B3A
:1019E0000493109B03930EAA044692E8030001ABF4
:1019F00083E80300099B00932046089BAA684FF0E8
:101A0000000106F0E1FB20460BB030BD30B58BB0D5
:101A10000D460AA901E90C0064230693129B059365
:101A2000119B0493109B03930EAA044692E80300B3
:101A300001AB83E80300099B00932046089BAA683A
:101A40004FF0000106F0C0FB20460BB030BD30B5B2
:101A50008BB00D460AA901E90C0074230693129B72
:101A60000593119B0493109B03930EAA044692E8DE
:101A7000030001AB83E80300099B00932046089B09
:101A8000AA684FF0000106F09FFB20460BB030BD66
:101A900081684FF0000006F091BBF0B591B00AAC40
:101AA00084E80C00002307930D930EAB06930DAB57
:101AB0000593199B04939DF86030039316AA0F4673
:101AC000054692E8030001AB83E803000B9B0093FB
:101AD00008AE0A9BBA684FF00001304606F028FCB9
:101AE00096E803000D9B84E803005BB9DDE90E0175
:101AF0001B9BC3E9000194E8030085E80300284626
:101B000011B0F0BD1A9A1360F5E710B588B00DF169
:101B1000200C0CE90C00002304939DF83030039353
:101B20000B9B02939DF828300193079B009313466B
:101B30008A684FF00001044606F0E8FE204608B02F
:101B400010BD0A4601694FF0000006F02FBB13B527
:101B5000049CCDE9003413460A46C1684FF00000EA
:101B600006F037F902B010BD30B58BB00D460AA9AA
:101B700001E90C0079230693129B0593119B0493B2
:101B8000109B03930EAA044692E8030001AB83E87E
:101B90000300099B00932046089BAA684FF00001B0
:101BA00006F06CFB20460BB030BD30B58BB00D4657
:101BB0000AA901E90C006D230693129B0593119B62
:101BC0000493109B03930EAA044692E8030001AB12
:101BD00083E80300099B00932046089BAA684FF006
:101BE000000106F04BFB20460BB030BD30B58BB08A
:101BF0000D460AA901E90C0077230693129B059371
:101C0000119B0493109B03930EAA044692E80300D1
:101C100001AB83E80300099B00932046089BAA6858
:101C20004FF0000106F02AFB20460BB030BD30B566
:101C30008BB00D460AA901E90C0064230693129BA0
:101C40000593119B0493109B03930EAA044692E8FC
:101C5000030001AB83E80300099B00932046089B27
:101C6000AA684FF0000106F009FB20460BB030BD1A
:101C700030B58BB00D460AA901E90C007423069318
:101C8000129B0593119B0493109B03930EAA044689
:101C900092E8030001AB83E80300099B0093204610
:101CA000089BAA684FF0000106F0E8FA20460BB046
:101CB00030BD81684FF0000006F083BAF0B591B0F6
:101CC0000AAC84E80C00002307930D930EAB069337
:101CD0000DAB0593199B04939DF86030039316AAEE
:101CE0000F46054692E8030001AB83E803000B9B17
:101CF000009308AE0A9BBA684FF00001304606F028
:101D000064FB96E803000D9B84E803005BB9DDE902
:101D10000E011B9BC3E9000194E8030085E8030062
:101D2000284611B0F0BD1A9A1360F5E710B588B0D7
:101D30000DF1200C0CE90C00002304930C9B039381
:101D40000B9B02939DF828300193079B0093134649
:101D50008A684FF00001044606F0BCFE204608B039
:101D600010BD0A4601694FF0000006F023BA0000DA
:101D700088422DE9F04104460D4618D0A0B10F1A53
:101D8000BF100021384601F0A5FE00F10C08064600
:101D9000214640462A4601F019FE3946304601F0F8
:101DA0008DFE4046BDE8F081024809F040FEDFF8B4
:101DB0000880F6E75366050840CD012407B50068A2
:101DC00001A90C3801F0D0FE03B05DF804FBFFF769
:101DD000F5BF50F80C0C7047836937B504460D46C3
:101DE00003B198472B68A3F10C0053F8043C002B77
:101DF0000ADB01F0A3FC20602868064BFFF7E9FF2F
:101E0000A361606003B030BD002201A901F0A0FC15
:101E1000F1E700BF971E03080B4613B514461A6876
:101E200001691046FFF7D5FF009403464FF000000C
:101E300006F068F902B010BD0B4613B514461A68D7
:101E400001691046FFF7C5FF009403464FF00000FC
:101E500006F044F902B010BDF8B507460868FFF770
:101E6000B8FF044601300E4617F02EF90023054650
:101E700001462246304601F09DFA00232B553D6075
:101E80002046F8BD07B5006801A90C3801F030FB09
:101E900003B05DF804FBFFF7F5BF00002DE9F84340
:101EA000154601EB0509494507460C461A4617D069
:101EB00099B10021284601F0CFFA00F10C0806463E
:101EC000214640464A4601F033FA2946304601F0A1
:101ED000B7FAC7F80080BDE8F883034809F0A7FD0A
:101EE000DFF80880F5E700BF5366050830CD012410
:101EF000836937B504460D4603B198472B68A3F1B3
:101F00000C0053F8043C002B0ADB01F02BFF20608F
:101F10002B6853F80C3C6360044BA36103B030BDE5
:101F2000002201A901F028FFF1E700BFCF1D03083F
:101F3000F8B50B6853F80C5C6FF060426B1C934271
:101F4000074634BF98004FF0FF300E4617F0BCF83C
:101F50000023044601462A46304601F07BFD00235B
:101F600044F825303C602846F8BD10B504460068AA
:101F700043685A1E012B426002D103685B68984790
:101F8000204610BD10B5074B0360036900220446CC
:101F9000DA600C30FFF7E9FF2046FEF747FC2046E9
:101FA00010BD00BF08EA050810B50446FFF7EAFFB8
:101FB000204617F017F8204610BD000010B5084B5A
:101FC0000360036900220446DA609A611A629A6229
:101FD0000C30FFF7CAFF2046FEF7CAF9204610BDB5
:101FE00048EA050810B50446FFF7E8FF204616F05A
:101FF000F9FF204610BD000010B5084B03600369CF
:1020000000220446DA609A611A629A620C30FFF785
:10201000ACFF2046FEF7C6F9204610BD7CEA050855
:1020200010B50446FFF7E8FF204616F0DBFF204618
:1020300010BD000010B5054B044640F8103BFFF7FB
:1020400094FF204609F012FF204610BDE0EA050883
:1020500010B50446FFF7EEFF204616F0C3FF2046FA
:1020600010BD000010B5074B036003690022044651
:10207000DA600C30FFF779FF2046FEF73FFC204680
:1020800010BD00BFFCEA050810B50446FFF7EAFFE3
:10209000204616F0A7FF204610BD000010B5084BE3
:1020A0000360036900220446DA601A629A621A63C6
:1020B0000C30FFF75AFF2046FEF71EFA204610BDEF
:1020C0003CEB050810B50446FFF7E8FF204616F084
:1020D00089FF204610BD000010B5084B036003695E
:1020E00000220446DA601A629A621A630C30FFF723
:1020F0003CFF2046FEF71AFA204610BD70EB05089B
:1021000010B50446FFF7E8FF204616F06BFF2046A7
:1021100010BD000010B5054B044640F8103BFFF71A
:1021200024FF204610F0FAFD204610BDD4EB050830
:1021300010B50446FFF7EEFF204616F053FF204689
:1021400010BD0000084B10B5044640F80C3BFFF7EB
:102150000CFF2046054B40F8083B17F06FFB20466C
:10216000FDF7C3F8204610BD2CEA0508ECFF050872
:1021700010B50446FFF7E6FF204616F033FF204671
:1021800010BD000010B5064B044640F8083BFFF7B1
:10219000ECFE044B23602046FDF7A7F8204610BD57
:1021A000B0EA05086801060810B50446FFF7EAFF23
:1021B000204616F017FF204610BD000010B5064B54
:1021C000044640F8083BFFF7D0FE044B236020464E
:1021D000FDF78BF8204610BDC8EA05088001060807
:1021E00010B50446FFF7EAFF204616F0FBFE204636
:1021F00010BD0000084B10B5044640F80C3BFFF73B
:10220000B4FE2046054B40F8083B17F017FB20466C
:10221000FDF76BF8204610BD20EB050860070608A7
:1022200010B50446FFF7E6FF204616F0DBFE204619
:1022300010BD000010B5064B044640F8083BFFF700
:1022400094FE044B23602046FDF74FF8204610BD56
:10225000A4EB05081C09060810B50446FFF7EAFFC1
:10226000204616F0BFFE204610BD000010B5064BFC
:10227000044640F8083BFFF778FE044B23602046F5
:10228000FDF733F8204610BDBCEB050834090608FD
:1022900010B50446FFF7EAFF204616F0A3FE2046DD
:1022A00010BD000010B5064B044640F8083BFFF790
:1022B0005CFE044B23602046FDF717F8204610BD56
:1022C000F0EB0508AC01060810B50446FFF7EAFF7D
:1022D000204616F087FE204610BD000010B5064BC4
:1022E000044640F8083BFFF740FE044B23602046BD
:1022F000FCF7FBFF204610BD18EC05086009060836
:1023000010B50446FFF7EAFF204616F06BFE2046A4
:1023100010BD836910B5044603B19847204610BD2F
:1023200070B590B009AD0E4606A981E80C000446D0
:102330001799002328460F93FFF74EFD9DF858305C
:102340000393159B02939DF850300193079B0093D4
:1023500004959FED070B069BB2684FF000012046E5
:1023600006F0D4FA2846FFF7D4FF204610B070BD1F
:10237000000000000000000070B590B009AD0E46EE
:1023800006A981E80C0004461799002328460F93FC
:10239000FFF7AEFD169B0393159B02939DF85030FB
:1023A0000193079B009304959FED070B069BB26872
:1023B0004FF00001204606F08DFB2846FFF7A9FFED
:1023C000204610B070BD00BF0000000000000000FB
:1023D00037B5084614460D460AF096F884F82400EE
:1023E00028460AF094F80023A3606361E3610123A7
:1023F00084F8643084F82500294601A80AF08AF898
:1024000001A904F10800FFF727FDE06001A8FFF72C
:1024100039FD294601A80AF084F801A904F1140045
:10242000FFF71AFDA06101A8FFF72CFD294601A8BE
:102430000AF07EF801A904F11C00FFF70DFD2062EF
:1024400001A8FFF71FFD03B030BD37B5084614469D
:102450000D4610F0E5FF6062284610F0E4FF00230F
:10246000A3606361E361012384F82431A0622946FB
:1024700001A810F0DBFF01A904F10800FFF7ECFC54
:10248000E06001A8FFF7FEFC294601A810F0D5FF87
:1024900001A904F11400FFF74BFDA06101A8FFF7AB
:1024A0008DFC294601A810F0CFFF01A904F11C0002
:1024B000FFF73EFD206201A8FFF780FC03B030BDAE
:1024C00010B4084611461A46DDE9013401945DF85E
:1024D000044B0AF077B910B4084611461A46DDE9F4
:1024E000013401945DF8044B11F0F8B813B51446AB
:1024F00001A81A46049B0AF06CF901A92046FFF7CF
:102500006BFC01A8FFF7BEFC02B010BD13B514466A
:1025100001A81A46049B11F0E8F801A92046FFF72C
:10252000E7FC01A8FFF74AFC02B010BD37B508462A
:1025300014460D4609F0A5FF6074284609F0A4FF73
:10254000A074284609F0BFFF0023A3606361E36124
:102550006362012384F84330E062294601A809F050
:1025600096FF01A904F10800FFF776FCE06001A8DE
:10257000FFF788FC294601A809F090FF01A904F1A2
:102580001400FFF769FCA06101A8FFF77BFC294656
:1025900001A809F08AFF01A904F11C00FFF75CFC07
:1025A000206201A8FFF76EFC294601A809F084FF0C
:1025B00001A904F12400FFF74FFCA06201A8FFF776
:1025C00061FC284609F082FF2063284609F083FF5A
:1025D000606303B030BD37B5084614460D4609F0B8
:1025E00021FF6074284609F020FFA074284609F0F6
:1025F0003BFF0023A3606361E3616362012384F80E
:102600004330E062294601A809F012FF01A904F154
:102610000800FFF721FCE06001A8FFF733FC294622
:1026200001A809F00CFF01A904F11400FFF714FC44
:10263000A06101A8FFF726FC294601A809F006FFC2
:1026400001A904F11C00FFF707FC206201A8FFF7B5
:1026500019FC294601A809F000FF01A904F1240092
:10266000FFF7FAFBA06201A8FFF70CFC284609F06F
:10267000FEFE2063284609F0FFFE606303B030BD14
:1026800037B5084614460D4610F085FE60612846B1
:1026900010F084FEA061284610F09FFE0023A36086
:1026A000E3616362E362012384F86C30606329466E
:1026B00001A810F076FE01A904F10800FFF7CCFB99
:1026C000E06001A8FFF7DEFB294601A810F070FECC
:1026D00001A904F11C00FFF72BFC206201A8FFF701
:1026E0006DFB294601A810F06AFE01A904F124003F
:1026F000FFF71EFCA06201A8FFF760FB294601A8B6
:1027000010F064FE01A904F12C00FFF711FC206316
:1027100001A8FFF753FB284610F062FEA06328468D
:1027200010F063FEE06303B030BD37B508461446D1
:102730000D4610F001FE6061284610F000FEA06119
:10274000284610F01BFE0023A360E3616362E3628E
:10275000012384F86C306063294601A810F0F2FD73
:1027600001A904F10800FFF777FBE06001A8FFF77B
:1027700089FB294601A810F0ECFD01A904F11C0019
:10278000FFF7D6FB206201A8FFF718FB294601A836
:1027900010F0E6FD01A904F12400FFF7C9FBA062D7
:1027A00001A8FFF70BFB294601A810F0E0FD01A9E5
:1027B00004F12C00FFF7BCFB206301A8FFF7FEFA31
:1027C000284610F0DEFDA063284610F0DFFDE06330
:1027D00003B030BD13B50C4601A811461A466B462E
:1027E000FFF75CFB049A01A9204609F0D9FF0446D3
:1027F00001A8FFF747FB204602B010BD13B50C46F9
:1028000001A811461A466B46FFF748FB049A01A936
:10281000204610F051FF044601A8FFF733FB204685
:1028200002B010BDF0B587B004AC0E4615461F4689
:10283000DDE90E1203AB2046FFF730FB0D9B009342
:102840003A460C9B0194314605A809F0ACFF05A956
:102850002846FFF7C1FA05A8FFF714FB2046FFF74B
:1028600011FB07B0F0BDF0B587B00D460E980F997B
:10287000144600EB810103AA1E46FFF779FA04AF64
:102880000D9B04903246009329460C9B019705A8A6
:1028900010F015FF05A92046FFF72AFB05A8FFF752
:1028A0008DFA3846FFF78AFA07B0F0BD08461146A0
:1028B00009F085BF0846114610F00DBF084609F023
:1028C000D0BE084610F059BE82B0F0B587B00546BC
:1028D0009DF850700D93742F16461398DDE9112161
:1028E0000FAC0DAB1ED00ED8642F2DD0CDE9031048
:1028F000029294E803008DE8030031460CCB284691
:1029000009F006FF1AE0772F2BD0CDE903100292D1
:1029100094E803008DE8030031460CCB284609F00B
:1029200013FF0BE0CDE90310029294E803008DE859
:10293000030031460CCB284609F096FE284607B026
:10294000BDE8F04002B07047CDE90310029294E870
:1029500003008DE8030031460CCB284609F0A0FEA9
:10296000ECE7CDE90310029294E803008DE8030040
:1029700031460CCB284609F0AFFEDFE782B0F0B558
:1029800087B005469DF850700D93742F1646139826
:10299000DDE911210FAC0DAB1ED00ED8642F2DD068
:1029A000CDE90310029294E803008DE8030031465C
:1029B0000CCB284610F038FE1AE0772F2BD0CDE94B
:1029C0000310029294E803008DE8030031460CCB1B
:1029D000284610F045FE0BE0CDE90310029294E882
:1029E00003008DE8030031460CCB284610F0C8FDEB
:1029F000284607B0BDE8F04002B07047CDE90310AB
:102A0000029294E803008DE8030031460CCB28467F
:102A100010F0D2FDECE7CDE90310029294E8030038
:102A20008DE8030031460CCB284610F0E1FDDFE7CE
:102A300082B02DE9F0438BB005461A9813931646E1
:102A4000DDE918189DF85C2015AB13AC98B1CDE901
:102A50000480CDE9022193E803008DE803003146AC
:102A600094E80C00284609F03DFC28460BB0BDE870
:102A7000F04302B0704709AFCDE90487CDE90221E8
:102A80001048099093E803008DE803000DF1180940
:102A900094E80C003146484609F043FC99E80300ED
:102AA000D8F8003084E803001BB91B983946FFF7BB
:102AB00093F994E8030085E803003846FFF7E2F94C
:102AC000D3E700BF30CD012482B02DE9F0438BB0B5
:102AD00005461A9813931646DDE918189DF85C20F0
:102AE00015AB13AC98B1CDE90480CDE9022193E890
:102AF00003008DE80300314694E80C00284610F0EE
:102B00007DFB28460BB0BDE8F04302B0704709AF2B
:102B1000CDE90487CDE902211048099093E803002C
:102B20008DE803000DF1180994E80C003146484681
:102B300010F083FB99E80300D8F8003084E8030024
:102B40001BB91B983946FFF7D3F994E8030085E8D1
:102B500003003846FFF732F9D3E700BF40CD012428
:102B6000F8B5B14A0C466FF00103B049054616F0BE
:102B70003DFA064610B104682046F8BDAC4B9C42B5
:102B80002AD11420FCF704FB04466820FCF700FB64
:102B9000A84B0360A84B46600746C0E90266C0E93F
:102BA0000566C0E907660674868480F86460236061
:102BB000A060314620466660FDF7EAFD6B68E5607F
:102BC00001336B609D4B236027613A4629464FF0E5
:102BD000000005F079F8CFE7994B9C4210D1102006
:102BE000FCF7D6FA974B036046600446FCF7A0FB5F
:102BF0006B68C4E9020501336B60934B2360BBE74C
:102C0000924B9C420AD10C20FCF7C2FA6B6801334C
:102C10006B60C0E901658E4B0446EFE78D4B9C422B
:102C20000AD10C20FCF7B4FA6B6801336B60C0E981
:102C30000165894B0446E1E7884B9C420AD10C2090
:102C4000FCF7A6FA6B6801336B60C0E90165844B41
:102C50000446D3E7834B9C4230D11420FCF798FA0A
:102C600004464420FCF794FA7F4B0682C0E9003604
:102C70007E4B86740746C0E90266C0E90566C0E976
:102C80000766C0E90966C0E90B66466380F84360E1
:102C90002360A0603246314620466660FDF7E0FAC8
:102CA0006B68E56001336B60714B236027613A46C6
:102CB00029464FF0000005F0B9F85DE76D4B9C42E6
:102CC00030D11420FCF764FA04464420FCF760FA83
:102CD000694B0682C0E90036684B86740746C0E936
:102CE0000266C0E90566C0E90766C0E90966C0E991
:102CF0000B66466380F843602360A060324631462D
:102D000020466660FDF7F0FA6B68E56001336B60A2
:102D10005B4B236027613A4629464FF0000005F0DF
:102D2000DBF829E7574B9C420CD11420FCF730FA12
:102D30003146044609F024FD6B68256101336B6060
:102D4000514B5BE7514B9C422CD11420FCF720FAED
:102D500004464FF49470FCF71BFA4D4B03600021BE
:102D60004C4B41600646C0E90211C0E90511C0E9BB
:102D70000711C0E90911017480F824116160236012
:102D8000A0602046FDF76CFD6B68E56001336B6069
:102D9000414B23602661324629464FF0000004F083
:102DA000D1FFE9E63D4B9C4210D11020FCF7F0F931
:102DB000002343603A4B03600446FCF7B9FA6B68A2
:102DC00001336B60C4E90205364B17E7364B9C4272
:102DD0000BD10C20FCF7DCF90023C0E901356B684E
:102DE00001336B600446314B08E7314B9C420BD1F9
:102DF0000C20FCF7CDF90023C0E901356B680133E5
:102E00006B6004462B4BF9E62B4B9C4258D10C20AF
:102E1000FCF7BEF90023C0E901356B6801336B6034
:102E20000446264BEAE600BF48E90508A8D805088D
:102E300010CE0124D8E005080800060808EA0508B5
:102E4000FCCD0124ECFF05082CEA050804CE012482
:102E5000F0EB050820CE0124B0EA05081CCE0124C1
:102E6000C8EA050814CE012498E00508B800060851
:102E700048EA050818CE0124A8E00508EC00060879
:102E80007CEA050800CE0124E0EA050870CE0124A2
:102E9000E8E00508BC070608FCEA05085CCE01244A
:102EA0006007060820EB050864CE012418EC05082D
:102EB00080CE0124A4EB05087CCE0124BCEB0508E0
:102EC0003E4B9C4231D11420FCF762F9044670203D
:102ED000FCF75EF93A4B036000223A4B426006462B
:102EE000C0E90222C0E90522C0E90722C0E909229F
:102EF000C0E90B22C0E90D220274C26380F86C2085
:102F000062602360A06011462046FDF765FA6B6899
:102F1000E56001336B602C4B236026613246294605
:102F20004FF0000005F02EF826E6284B9C4231D1E8
:102F30001420FCF72DF904467020FCF729F9244BE6
:102F400003600022234B42600646C0E90222C0E92A
:102F50000522C0E90722C0E90922C0E90B22C0E925
:102F60000D220274C26380F86C2062602360A0604E
:102F700011462046FDF778FA6B68E56001336B6017
:102F8000154B23602661324629464FF0000005F0BC
:102F90004FF8F1E5114B9C420CD11420FCF7F8F8E6
:102FA0000021044610F078FB6B68256101336B60EB
:102FB0000B4B23E60B4808F03AFD00BF74CE01240A
:102FC000B8E005086C0806083CEB050878CE01243B
:102FD000C8E00508A008060870EB050860CE0124CB
:102FE000D4EB05087D6605088B6913B5044613B953
:102FF000054808F01CFDD1E9001201ABFEF74EFFB9
:10300000204602B010BD00BFAA66050882B02DE9B7
:10301000F04786B0044614999DF84480DDF8489046
:103020009DF84CA00F9315460FAEB1B105AF3846D1
:10303000FFF7DAFFCDE902A7CDE90089204696E83F
:103040000C00294609F0A2F93846FEF71BFF20467E
:1030500006B0BDE8F04702B07047CDE9019ACDF85F
:10306000008096E80C00294609F07AF9EFE710B5E0
:103070008AB00446009300201346C968099003AA49
:1030800004F0B2FE03A92046FFF7AEFF03A8FFF746
:1030900040F920460AB010BDF0B597B00AAC84E8FC
:1030A0000C000FAE0023CDE9063615930D930DAB42
:1030B00005931F9B04939DF8783003931CAA8C46BC
:1030C000054692E8030001AB83E803000B9B0093E5
:1030D00008AF0A9BDCF808204FF00001384605F0E5
:1030E00027F997E803000D9B84E80300A3B9314654
:1030F0000EA8FFF779FF21980EA900F079F90EA824
:10310000FEF7C0FE94E8030085E803003046FFF7B1
:1031100000F9284617B0F0BD209A1360F2E730B5E9
:103120008DB0044600200B90119809690568284667
:10313000FEF74FFECDE902501098CDE9003013465E
:103140004FF0000005AA04F0F1FF05A92046FFF7A3
:103150004BFF05A8FFF7DDF820460DB030BD00009D
:103160008B6913B5044613B9064808F060FCD1E931
:10317000000101AA00EB8101FEF7FAFD2060204664
:1031800002B010BDAA66050882B02DE9F04786B0EE
:10319000DDE9129A14999DF844800F930446154670
:1031A0000FAEB1B105AF3846FFF7DAFFCDE902A7A0
:1031B000CDE90089204696E80C00294610F071F808
:1031C0003846FEF7FBFD204606B0BDE8F04702B0EA
:1031D0007047CDE9019ACDF8008096E80C002946A9
:1031E00010F04AF8EFE710B58AB0044600930020CB
:1031F0001346C968099003AA04F007FE03A92046F4
:10320000FFF7AEFF03A8FFF784F820460AB010BD11
:10321000F0B597B00AAC84E80C000FAE0023CDE9FE
:10322000063615930D930DAB05931F9B04939DF8E4
:10323000783003931CAA8C46054692E8030001AB44
:1032400083E803000B9B009308AF0A9BDCF808207F
:103250004FF00001384605F0B8F897E803000D9BE1
:1032600084E80300A3B931460EA8FFF779FF21983F
:103270000EA900F00DFC0EA8FEF7A0FD94E80300D7
:1032800085E803003046FFF744F8284617B0F0BD44
:10329000209A1360F2E730B58DB0044600200B9001
:1032A0001198006850F80C5CCDE902051098CDE942
:1032B00000301346096905AA4FF0000004F056FFDC
:1032C00005A92046FFF74CFF05A8FFF722F8204686
:1032D0000DB030BD0AB119F0D7BB10467047012AB6
:1032E00030B403D10B78037030BC7047002AFBD098
:1032F00030BC1BF032BA012A30B403D10B78037012
:1033000030BC7047002AFBD030BC19F0CDBB0B4657
:10331000012B10B41146044603D122705DF8044B12
:103320007047002BFAD05DF8044B1A4619F0D6BB53
:1033300008B5521AFFF7D3FF08BD036853F80C0C09
:103340007047000038B50C461546FFF7F6FFA0425F
:10335000034604D203482246294608F071FB204662
:1033600038BD00BFC566050870B50C4616461D463B
:10337000FFF7E3FF04F180410439091AB14202D298
:10338000284608F057FB70BD38B505688D420C46DD
:1033900007D8FFF7D2FF0544AC4294BF00200120BC
:1033A00038BD0120FCE708B5FFF7C7FFB0FA80F091
:1033B000400908BD2DE9F041904606460B4A0F46EC
:1033C00019461D46FFF7BEFF3046FFF7B6FF441B08
:1033D000444528BF44462CB131682246294438462A
:1033E000FFF77DFF2046BDE8F08100BFFC660508C1
:1033F000036853F8042C002AB8BF002210B5B8BFE8
:1034000043F8042C0A6852F8044C002CBCBF00247A
:1034100042F8044C02600B6010BD70B514460546BE
:103420000E46FFF78AFF03462046834202D84FF03C
:10343000FF3070BD2A68125CB242FAD10130F4E765
:10344000044B984204D00023836001600844037356
:10345000704700BF24CD0124154B984210B5044697
:1034600002D9144808F0E6FA884203D94B00984282
:1034700038BF1C4604F11D03B3F5805F04F10D0055
:1034800012D98C4210D9C3F30B0304F58054E41A0B
:10349000074B9C4228BF1C4604F10D00FBF778FE49
:1034A00000224460826010BD0028F7DA08F0B6FA06
:1034B000FCFFFF3F0F670508F8B50F46044680B1D3
:1034C0000021FFF7C9FF00F10C06054621463046F2
:1034D0003A46FFF71CFF21462846FFF7B1FF30466A
:1034E000F8BD014EFBE700BF30CD012415F07ABDD9
:1034F000054A904210B506D08268541E002A8460A6
:1035000001DCFFF7F3FF10BD24CD0124036813B5E0
:103510000446A3F10C0053F8043C002B06DD01A97E
:10352000FFF7E6FF034B236002B010BD0021FFF759
:1035300087FFF9E730CD01242DE9F74F0C4691467E
:1035400006461F46FFF7F9FEA7EB090809EB040A38
:103550008044A0EB0A05306850F8081C884503D861
:1035600050F8043C002B1EDD01AA4046FFF774FF13
:10357000814600F10C0B24B1316822465846FFF712
:10358000AEFE45B1316804F10C0038442A4651447E
:103590004844FFF7A4FE306801A90C38FFF7A8FFE4
:1035A000C6F800B000E03DB9306841460C38FFF77E
:1035B00047FF03B0BDE8F08F4F45F5D0274400EB3F
:1035C0000A012A463844FFF796FEEDE710B5044697
:1035D000FFF7E9FE034670B9226852F8042C002A6E
:1035E00004DD024601462046FFF7A6FF23684FF0A0
:1035F000FF3243F8042C10BD08B5036853F8043CAF
:10360000002B01DBFFF7E2FF08BD10B50446FFF712
:10361000F3FF206810BD0000F8B516460A4A0446BC
:103620000F46FFF78FFE05462046FFF786FEC21BBA
:10363000B24220464FF0000328BF32462946FFF72A
:103640007BFF2046F8BD00BF27670508F8B51C467C
:1036500017460B4B05460E4622463946FFF784FEB9
:1036600023463A4631462846FFF766FF34B12868BC
:103670009DF8182021463044FFF749FE2846F8BD42
:103680003B67050837B503680092CC1A054601234D
:1036900000222146FFF7DAFF28684FF0FF3340F899
:1036A000043C204403B030BDF8B5069F1E463B469F
:1036B00004460D46FFF740FF2FB120683A463146D9
:1036C0002844FFF70CFE2046F8BD0000F7B504467D
:1036D0000E461546FFF731FE174B014607462A46B0
:1036E0002046FFF741FE31462046FFF74DFE20B948
:1036F000206850F8043C002B0ADD20460095334634
:103700003A460021FFF7D0FF0446204603B0F0BD43
:10371000331A9D4209D82A463146FFF7E0FD20685A
:1037200029460C38FFF78CFEEFE7002BF7D02A462E
:103730003146FFF7E0FDF2E758670508034B984272
:103740001EBF8368013383600C30704724CD012491
:1037500070B50446104623680A4618446168FFF7AE
:103760007BFE2268054600F10C0622B104F10C0133
:103770003046FFF7B4FD28462168FFF761FE30466A
:1037800070BD73B5066856F8083C994204460D466C
:1037900004D856F8042C002A10DD1D462046FFF7F9
:1037A000CCFD01A92A1AA6F10C00FFF7D1FF0546AE
:1037B000206801A90C38FFF79BFE256002B070BDA0
:1037C0002DE9F041044608460F46FFF7B6FD0646D0
:1037D000F8B12046FFF7B1FD236853F8082C85198E
:1037E000954203D853F8043C002B03DD29462046BC
:1037F000FFF7C7FF2046FFF7A0FDD4F80080396827
:1038000040443246FFF76BFD206829460C38FFF72D
:1038100017FE2046BDE8F0812DE9F04104460D4633
:1038200017464AB31A4B0021FFF79EFD2046FFF7CB
:1038300084FDD4F8008058F8083CC6199E4203D88D
:1038400058F8043C002B08DD29462046FFF79CFD74
:10385000A8B131462046FFF794FF2046FFF76DFDE3
:10386000D4F80080294640443A46FFF738FD2068E6
:1038700031460C38FFF7E4FD2046BDE8F0813146C3
:103880002046A5EB0808FFF77CFF25684544E4E7E0
:10389000F05B05082DE9F041044617460D4621B3BB
:1038A0000A46134B0021FFF75FFD2046FFF745FD59
:1038B000236853F8082C4619964203D853F8043C61
:1038C000002B03DD31462046FFF75BFF2046FFF764
:1038D00034FDD4F80080294640443A46FFF717FDEE
:1038E000206831460C38FFF7ABFD2046BDE8F0817B
:1038F000F05B0508F8B50C4605461746FFF71DFDB9
:103900000B4B0646014622462846FFF72DFDA642F0
:1039100005D23A46A11B2846FFF7BCFFF8BDFDD9EA
:103920004FF0FF3221462846FFF776FEF6E700BF4C
:103930006D67050808B50022FFF7DCFF08BDF8B584
:1039400004460E46FFF7F9FC236853F8082C451C83
:10395000954203D853F8043C002B03DD294620464A
:10396000FFF70FFF2046FFF7E8FC27683E5420686A
:1039700029460C38FFF764FDF8BD012A30B403D1A5
:103980000B68036030BC7047002AFBD030BC19F0D4
:1039900010B9012A30B403D10B68036030BC704702
:1039A000002AFBD030BC19F007B90B46012B10B42C
:1039B0001146044603D122605DF8044B7047002B8A
:1039C000FAD05DF8044B1A4619F0F9B808B5521A46
:1039D0009210FFF7D2FF08BD036853F80C0C704734
:1039E00038B50C461546FFF7F7FFA042034604D250
:1039F00003482246294608F023F8204638BD00BF78
:103A0000C566050870B50C4616461D46FFF7E4FF6F
:103A100004F180510239091AB14202D2284608F055
:103A200009F870BD38B505688D420C4608D8FFF717
:103A3000D3FF05EB8005AC4294BF0020012038BDC8
:103A40000120FCE708B5FFF7C7FFB0FA80F0400996
:103A500008BD00002DE9F041904606460B4A0F468E
:103A600019461D46FFF7BCFF3046FFF7B5FF441B64
:103A7000444528BF444634B13168224601EB8501F4
:103A80003846FFF77AFF2046BDE8F081FC6605085E
:103A9000036853F8042C002AB8BF002210B5B8BF41
:103AA00043F8042C0A6852F8044C002CBCBF0024D4
:103AB00042F8044C02600B6010BD0000044B9842B9
:103AC00005D000238360016000EB8100C360704774
:103AD00034CD01246FF07043984210B5044602D3F0
:103AE000114807F0A7FF884203D94B00984238BF1E
:103AF0001C46201D800000F11003B3F5805F0DD936
:103B00008C420BD9C3F30B03C3F5805304EB93042E
:103B1000064B9C4228BF1C46201D8000FBF738FB4B
:103B200000224460826010BD0F670508FEFFFF0F92
:103B3000F8B50F46044680B10021FFF7CBFF00F136
:103B40000C060546214630463A46FFF72EFF214631
:103B50002846FFF7B3FF3046F8BD014EFBE700BF34
:103B600040CD012415F03EBA054A904210B506D06A
:103B70008268541E002A846001DCFFF7F3FF10BD49
:103B800034CD01242DE9F74F0F46904606461C46DA
:103B9000FFF722FFA4EB080908EB070A8144A0EB1A
:103BA0000A05306850F8081C894503D850F8043CD1
:103BB000002B1FDD01AA4846FFF78CFF804600F16D
:103BC0000C0B27B131683A465846FFF7D6FE4DB187
:103BD00031683C4408EB84002A4601EB8A010C3032
:103BE000FFF7CBFE306801A90C38FFF7BDFFC6F820
:103BF00000B000E03DB9306849460C38FFF75EFF81
:103C000003B0BDE8F08F4445F5D03C4400EB8A0199
:103C10002A4600EB8400FFF7BCFEECE710B5044633
:103C2000FFF710FF034670B9226852F8042C002AEF
:103C300004DD024601462046FFF7A4FF23684FF04B
:103C4000FF3243F8042C10BD08B5036853F8043C58
:103C5000002B01DBFFF7E2FF08BD0000F8B51646B8
:103C60000A4A04460F46FFF7BBFE05462046FFF70B
:103C7000B3FEC21BB24220464FF0000328BF3246BB
:103C80002946FFF77FFF2046F8BD00BF27670508DC
:103C9000F8B51C4617460B4B05460E4622463946DC
:103CA000FFF7B0FE23463A4631462846FFF76AFF43
:103CB00034B12868069A214600EB8600FFF775FEAE
:103CC0002846F8BD3B670508F8B5069F1E463B46EB
:103CD00004460D46FFF756FF37B120683A46314695
:103CE00000EB8500FFF749FE2046F8BDF7B5044616
:103CF0000E461546FFF770FE194B014607462A4649
:103D00002046FFF77FFE31462046FFF78BFE20B9A5
:103D1000206850F8043C002B0ADD2046009533460D
:103D20003A460021FFF7D0FF0446204603B0F0BD1D
:103D3000331AB5EBA30F4FEAA30209D82A4631463E
:103D4000FFF71BFE206829460C38FFF7B7FEECE7AB
:103D5000002AF7D02A463146FFF71BFEF2E700BFE4
:103D600058670508034B98421EBF83680133836080
:103D70000C30704734CD012470B5044610462368DA
:103D80000A4618446168FFF7A5FE2268054600F15F
:103D90000C0622B104F10C013046FFF7EEFD284677
:103DA0002168FFF78BFE304670BD73B5066856F884
:103DB000083C994204460D4604D856F8042C002AC3
:103DC00010DD1D462046FFF707FE01A92A1AA6F1BD
:103DD0000C00FFF7D1FF0546206801A90C38FFF75A
:103DE000C3FE256002B070BD2DE9F04104460846CF
:103DF0000F46FFF7F1FD064600B32046FFF7ECFD46
:103E0000236853F8082C8519954203D853F8043CCD
:103E1000002B03DD29462046FFF7C7FF2046FFF7AA
:103E2000DBFDD4F80080396808EB80003246FFF7EC
:103E3000A4FD206829460C38FFF740FE2046BDE867
:103E4000F08100002DE9F04104460D46174652B3BB
:103E50001B4B0021FFF7D6FD2046FFF7BDFDD4F830
:103E6000008058F8083CC6199E4203D858F8043C14
:103E7000002B08DD29462046FFF7D4FDB0B13146BE
:103E80002046FFF792FF2046FFF7A6FDD4F80080FA
:103E9000294608EB80003A46FFF76FFD206831465F
:103EA0000C38FFF70BFE2046BDE8F0813146204676
:103EB000A5EB0808FFF779FF25684544E3E700BF55
:103EC000F05B05082DE9F041044617460D4629B37D
:103ED0000A46144B0021FFF795FD2046FFF77CFDB5
:103EE000236853F8082C4619964203D853F8043C2B
:103EF000002B03DD31462046FFF757FF2046FFF732
:103F00006BFDD4F80080294608EB80003A46FFF7A5
:103F10004CFD206831460C38FFF7D0FD2046BDE847
:103F2000F08100BFF05B0508F8B50C460546174662
:103F3000FFF752FD0B4B0646014622462846FFF787
:103F400061FDA64205D23A46A11B2846FFF7BAFFFB
:103F5000F8BDFDD94FF0FF3221462846FFF77EFE1F
:103F6000F6E700BF6D67050808B50022FFF7DCFF24
:103F700008BDF8B504460E46FFF72EFD236853F83A
:103F8000082C451C954203D853F8043C002B03DD54
:103F900029462046FFF709FF2046FFF71DFD276849
:103FA000294647F82060A7F10C00FFF787FDF8BD10
:103FB000084670470846704710B5084B044640F85D
:103FC000083B15F03BFC237B1BB1A06908B115F041
:103FD0000BF82046FBF789F9204610BD9CEC05083C
:103FE00010B50446FFF7E8FF204614F0FBFF20461B
:103FF00010BD8A4210B5144603D00298521A1AF026
:10400000ACFB204610BD8A4238B51846144602D093
:10401000521A1AF0A2FB204638BD000010B5064B1C
:10402000044640F8083B15F009FC044B2360204689
:10403000FBF75BF9204610BDCCEC05087C070608B1
:1040400010B50446FFF7EAFF204614F0CBFF2046E8
:1040500010BD2DE9F041C0B06B46044600251F4657
:1040600003F8015B0135B5F5807FF9D1264640AAFA
:1040700056F81D3B3946D3F81C8020463346C047CE
:104080002A463146384618F0FFFC00280CBF0123B1
:104090000223237740B0BDE8F0810000003918BF4B
:1040A0000121074B10B5416003600446FBF740F95E
:1040B0000023A0602373204600F08CF9204610BD39
:1040C000CCEC050838B5003B18BF012343600F4B0B
:1040D00003600F4B00250029044604BF2A461946F9
:1040E000C0E90455027381614FF4807229461D3086
:1040F00018F0F4FC25774FF48072294604F21D1065
:1041000018F0ECFC84F81D52204638BD9CEC0508E4
:10411000290D060883695B5C9B0744BF2039C9B23F
:104120000846704770B506460C461546AC4201D3AA
:10413000284670BD336821789B683046984704F85C
:10414000010BF3E783695B5CDB0744BF2031C9B235
:104150000846704770B506460C461546AC4201D37A
:10416000284670BD336821781B693046984704F8AB
:10417000010BF3E7172912D8002933D04B1E162B59
:1041800013D8DFE803F01C1E202212122617121289
:1041900012121212122412121212121228004429A0
:1041A00006D097291CD0202907D011F0440F14D035
:1041B0000D4800E00D4817F05BBC0D48FBE70D48CB
:1041C000F9E70D48F7E70D48F5E70D48F3E70D4827
:1041D000F1E70D48EFE70D48EDE711F0970F01D03B
:1041E0000B48E8E700207047A6670508B46E05088D
:1041F000886705088E670508946705089A670508AB
:10420000A7670508A0670508AD670508B367050837
:1042100082670508084617F097BB38B50C46154667
:10422000AC4201D3284638BD206817F08DFB44F816
:10423000040BF5E7084617F07BBB38B50C4615466E
:10424000AC4201D3284638BD206817F071FB44F812
:10425000040BF5E72DE9F0418846154600F28F473B
:1042600000F5946600F2974417F8013F18EA030F2F
:1042700006D1A74206F10406F6D10020BDE8F08180
:104280003168284617F0BCFA0028F2D00120F5E783
:104290002DE9F84F05460C4616461F4600F2BC4B6A
:1042A000B44202D33046BDE8F88F05F29C4905F5CB
:1042B000926A4FF0000859F8041F206817F0A0FA1E
:1042C00018B19AF8003048EA0308D9450AF1010A02
:1042D000F1D107F8018B0434E2E72DE9F0410546FE
:1042E0000E461F461446BC42A04609D22B68D8F899
:1042F00000209B6831462846043498470028F2D0B5
:104300004046BDE8F0812DE9F04105460E461F46C6
:104310001446BC42A04609D22B68D8F800209B68FE
:1043200031462846043498470028F2D14046BDE87B
:10433000F081243150F82100704710B50446104632
:1043400088420A4600D810BD12782432013154F850
:10435000222043F8042BF3E77F2910B503461446C7
:10436000084605D81A7B1AB10B445C7B204610BD69
:1043700017F0EEF9431C18BFC4B2F7E72DE9F0417E
:104380001E46037B069F80460C461546F3B1A542A8
:1043900002D82846BDE8F08154F8040B7F2804D8E1
:1043A0004044417B07F8011BF1E717F0D1F9421CAB
:1043B00014BFC1B23146F5E7186817F0C9F9431CBC
:1043C00014BFC0B2304607F8010B0434A54223469F
:1043D000F2D8DEE72DE9F041044600F10C06002595
:1043E000284617F0B5F9421C04D00135802D06F897
:1043F000010FF5D1A5F180035D425D41257304F104
:104400008C060025284617F011F90135B5F5807F97
:1044100046F8040FF6D104F28F4704F29C460025BB
:104420004FF0010808FA05F1C9B207F8011F20464C
:10443000FFF7A0FE0135082D46F8040FF2D1BDE8C4
:10444000F0818368587C70478368987C70478368E4
:10445000D86A70478368186B82B002B0704783686F
:10446000586B82B002B070478368587C704783688D
:10447000987C70478368D86A70478368186B82B0ED
:1044800002B070478368586B82B002B0704783688F
:1044900093F824007047836893F825007047002044
:1044A00070470020704770470020914200D370474A
:1044B00011F8013B03EB7060F7E7000010B5034B08
:1044C00003600446FAF711FF204610BD34F00508DA
:1044D00010B50446FFF7F2FF204614F083FD204696
:1044E00010BD000010B5034B03600446FAF7FDFE53
:1044F000204610BD4CF0050810B50446FFF7F2FF4A
:10450000204614F06FFD204610BD000010B5034B8F
:1045100003600446FAF7E9FE204610BD64F0050882
:1045200010B50446FFF7F2FF204614F05BFD20466D
:1045300010BD000010B5054B044640F8083B15F0CF
:104540007DF92046FAF7D1FE204610BD18F0050887
:1045500010B50446FFF7EEFF204614F043FD204659
:1045600010BD000010B5054B044640F8083B15F09F
:1045700065F92046FAF7B9FE204610BD70EF050830
:1045800010B50446FFF7EEFF204614F02BFD204641
:1045900010BD73B5531A0F2B04460D4616460193F2
:1045A00006D9002201A90DF0CFFE019B2060A36077
:1045B0003246294620680DF061FF019B2268636046
:1045C0000021D15402B070BDD0E902218A4202D24A
:1045D00001328260704703689B6A1847436E0B6024
:1045E000836E4B60C36E8B60036FCB60436F0B6158
:1045F000836F4B61C36F8B61D0F88030CB61D0F893
:1046000084300B62D0F888304B62D0F88C308B62EB
:10461000D0F89030CB627047D0F894300B60D0F86F
:1046200098304B60D0F89C308B60D0F8A030CB60D5
:10463000D0F8A4300B61D0F8A8304B61D0F8AC3082
:104640008B61D0F8B030CB61D0F8B4300B62D0F8C9
:10465000B8304B62D0F8BC308B62D0F8C030CB623F
:104660007047000038B500F10803054603600C46AA
:1046700011B9064807F0DBF90846EBF791FE214631
:1046800022182846BDE83840FFF783BFC433050829
:1046900010B58B680446D969FFF7E4FF204610BDCA
:1046A00010B58B6804465969FFF7DCFF204610BD42
:1046B00010B58B6804469968FFF7D4FF204610BDFB
:1046C00010B58B680446596AFFF7CCFF204610BD31
:1046D00010B58B680446D969FFF7C4FF204610BDAA
:1046E00010B58B6804465969FFF7BCFF204610BD22
:1046F00010B58B6804469968FFF7B4FF204610BDDB
:1047000010B58B680446596AFFF7ACFF204610BD10
:1047100010B58B680446D969FFF7A4FF204610BD89
:1047200010B58B6804465969FFF79CFF204610BD01
:1047300010B58B6804469968FFF794FF204610BDBA
:1047400007B500920B46002241680DF053FF03B0FD
:104750005DF804FB08B54368C3F17F5303F57F138D
:1047600003F57F533F339A4202D9034807F062F9B9
:10477000BDE808400EF068B8F05B05082DE9F0418F
:1047800007461648FAF754FE3B68D3F80C8058F8F1
:1047900020500646EDB94420FAF7FAFC104B05828A
:1047A0000446C0E90035C0E90255C0E90555C0E935
:1047B0000755C0E90955C0E90B558574456380F874
:1047C0004350394608F0A0FA386832462146FAF7D5
:1047D000E9FE58F82600BDE8F08100BF80CD012435
:1047E000A8E005084368994270B50646154604D905
:1047F0000A460A480A4907F023F96A1C04D10368EB
:10480000716000225A5470BD002DFCD05A1AAA4281
:1048100028BF2A46BDE870400DF035BEC5660508C4
:10482000276705082DE9F04107461648FAF700FE0C
:104830003B68D3F80C8058F820500646EDB9442068
:10484000FAF7A6FC104B05820446C0E90035C0E922
:104850000255C0E90555C0E90755C0E90955C0E949
:104860000B558574456380F84350394608F0FEFACD
:10487000386832462146FAF795FE58F82600BDE81A
:10488000F08100BF7CCD012498E0050810B50446F6
:104890000068FFF799FE4FF0FF33636010BD2DE90C
:1048A000F0411F46037F012B04460D46164607D1F3
:1048B000914213D03846521ABDE8F04119F04DBF6D
:1048C0000BB9FFF7C6FB2368D3F81CE032463B4622
:1048D00029462046F446BDE8F0416047BDE8F08136
:1048E0000B4611461A460BB1EBF70ABD1846704746
:1048F00037B51D464368994204D90A46054806491A
:1049000007F09EF81346009500220DF073FE03B0E9
:1049100030BD00BFC5660508B96705082DE9F0433D
:104920001C4687B000F108031546036002AA002365
:10493000CDE9002343600372224606468846684656
:104940002946FFF726FE641BDDE90073640020465C
:1049500007EB030914F0B8FB05463A4623462946FF
:10496000404615F0ABF8844202460FD8441C15B1FE
:10497000284614F039FB204614F0A6FB3A460146BF
:1049800005462346404615F099F80246294630462A
:10499000FFF7E0FE3846EBF703FD3844814505D0CC
:1049A000471C002130460DF004FED6E715B128461D
:1049B00014F01AFB68460DF0E8FC304607B0BDE87D
:1049C000F0832DE9F0438DB000251C46804602ABF4
:1049D000684600930195FFF7DCFD08AB149A214669
:1049E00006A8CDE90635FFF7D4FDDDE90097DDE93E
:1049F00006564F442E442A464946404615F053F881
:104A0000044670B94846EBF7CBFC81442846EBF7E7
:104A1000C7FC4F4505EB00040DD1341B18BF4FF008
:104A2000FF3406A80DF0B1FC68460DF0AEFC204640
:104A30000DB0BDE8F083A64203D009F10109651C61
:104A4000D9E70124EDE7000008B42DE9F7410F464E
:104A500004200021904619F0D3FD16490546EBF7D6
:104A60003FFC044678B12846EBF79AFC461C3046DA
:104A700014F02AFB29463246044619F06EFE0D4911
:104A8000042019F0BDFD0AAB099A0193414638464E
:104A900017F0ECFF054634B12146042019F0B0FDB3
:104AA000204614F0A1FA284603B0BDE8F04101B059
:104AB000704700BF3C3F050803689B6818470368C0
:104AC0001B69184770B5037F04460D4643B9FFF7CD
:104AD000C0FA2368294620469B69BDE87040184704
:104AE0000C44607F70BD70B54418164694F81D31B3
:104AF0003BB903681B6A98478642034618BF84F88F
:104B00001D01184670BDF0B589B006AE86E80C00F0
:104B1000139A0B680592129A0492119A03929DF8C7
:104B2000402002920EAA04460D4692E803008DE84A
:104B3000030020469F68294696E80C00B8472046A7
:104B400009B0F0BDF0B589B006AE86E80C00139A46
:104B50000B680592129A0492119A03929DF84020D4
:104B600002920EAA04460D4692E803008DE8030067
:104B70002046DF68294696E80C00B847204609B071
:104B8000F0BD70B586B004AC84E80C009DF8302010
:104B900002920B9A01920B689DF8282000929E6861
:104BA00094E80C000546B047284606B070BD70B5C5
:104BB00086B004AC84E80C000D9A03929DF8302076
:104BC00002920B9A01920B689DF828200092DE68F1
:104BD00094E80C000546B047284606B070BD03684F
:104BE0009B6818470368DB68184710B50B680446D4
:104BF0001B699847204610BD10B50B6804465B69D9
:104C00009847204610BD10B50B6804469B6998472D
:104C1000204610BD10B50B680446DB699847204656
:104C200010BD03681B6A184703685B6A82B002B054
:104C3000184703689B6A82B002B0184703689B68F4
:104C400018470368DB68184710B50B6804461B69F2
:104C50009847204610BD10B50B6804465B6998471D
:104C6000204610BD10B50B6804469B699847204646
:104C700010BD10B50B680446DB699847204610BD8F
:104C800003681B6A184703685B6A82B002B0184762
:104C900003689B6A82B002B0184703689B68184794
:104CA0000368DB68184710B50B6804461B69984712
:104CB000204610BD10B50B6804465B699847204636
:104CC00010BD10B50B6804469B699847204610BD7F
:104CD00003689B681847F0B589B006AE86E80C00FB
:104CE000129A0B680492119A0392109A02920EAAD9
:104CF00004460D4692E803008DE803002046DF6875
:104D0000294696E80C00B847204609B0F0BDF0B53A
:104D100089B006AE86E80C00129A0B680492119ACC
:104D20000392109A02920EAA04460D4692E80300DE
:104D30008DE8030020461F69294696E80C00B84715
:104D4000204609B0F0BDF0B589B006AE86E80C008B
:104D5000129A0B680492119A0392109A02920EAA68
:104D600004460D4692E803008DE8030020465F6983
:104D7000294696E80C00B847204609B0F0BDF0B5CA
:104D800089B006AE86E80C00129A0B680492119A5C
:104D90000392109A02920EAA04460D4692E803006E
:104DA0008DE8030020469F69294696E80C00B84725
:104DB000204609B0F0BDF0B589B006AE86E80C001B
:104DC000129A0B680492119A0392109A02920EAAF8
:104DD00004460D4692E803008DE803002046DF6993
:104DE000294696E80C00B847204609B0F0BD0000FF
:104DF000003910B5054B036018BF0121416004461E
:104E0000FAF796FAA060204610BD00BF18F005081A
:104E100003689B68184773B5079E01960D68069E48
:104E20000096ED680446A847204602B070BD0368AE
:104E30001B69184710B40468A468A4465DF8044BC5
:104E4000604738B50D680446ED68A847204638BD70
:104E5000F7B56D4685E806009DF80460089F044696
:104E6000194636B900983A460DF043FA874218BF02
:104E700001268DF8046095E8030084E803002046CD
:104E800003B0F0BD2DE9F04F99B006A9229F05901F
:104E900007F16C04204681E80C00DDF890909DF845
:104EA0008C8007F0A9FC05462046FFF7BBFCD9F82B
:104EB000006090F8383032789A420446D9F80420DD
:104EC00000F08180036B0993D0F82090C3690393AD
:104ED000A869324433469A421D4605D92978415C77
:104EE000490703F10103F6D4AD1B0495002D00F032
:104EF000BC804FF0000A0EAB69000CA80C93CDF8F3
:104F000034A08DF838A00DF039FBE26AA5EB020B56
:104F1000D3451EDDE1685245A8BF5D460D9A0029C4
:104F20005CD06B005146CDF800A00CA80DF062FBE0
:104F30007319A17C0C98CDE90063D4E9022307F032
:104F400062FD0C994FF0FF32411A0CA8FFF74AFCA2
:104F5000AB46E26A002A0CDD617C0CA80DF029FB4F
:104F6000BBF1000F40DBE26A06EB0B010CA8FFF778
:104F7000F1FBFD6805F0B003049315F400750D9B7B
:104F800018BFA5694B441D44002614AB690012A844
:104F9000129313968DF850600DF0F0FA049BD7F839
:104FA00008A0102B03D155452CBF002601264FF039
:104FB000000B09AB13F80B30042B27D8DFE803F004
:104FC000766C1E606900436B0993436AD0F82890A1
:104FD0000393002A3FF47CAF013679E7009533460E
:104FE0000CA80DF0B1FBB3E794F83920CBF1000128
:104FF0000CA8FFF7A5FB049A3146B7E7FB689B05B1
:1050000004D5D4E9051212A8FFF7A4FB0BF1010B9C
:10501000BBF1040FCDD1B9F1010F06D9039909F104
:10502000FF32013112A8FFF795FB13998A4509D980
:10503000049B202BAAEB01013BD1424612A8FFF7AB
:105040007FFB51460AAC129B00912046DDE9061217
:10505000FFF7FEFE94E80300069012A88DF81C10DE
:105060000DF093F90CA80DF090F9DDE9060100238D
:10507000BB60059B83E80300184619B0BDE8F08FBC
:10508000B9F1000FC2D0039B197812A80DF091FA64
:10509000BCE7DDE90C12B6E736B14246AAEB0501E2
:1050A00012A8FFF74DFBB1E74146EEE7002EADD069
:1050B000F3E70A464346002112A8FFF719FCC0E7B0
:1050C0002DE9F04F99B006A9229F059007F16C04D5
:1050D000204681E80C00DDF890909DF88C8007F068
:1050E0008BFB05462046FFF749FBD9F8006090F896
:1050F000383032789A420446D9F8042000F0818092
:10510000036B0993D0F82090C3690393A8693244D4
:1051100033469A421D4605D92978415C490703F177
:105120000103F6D4AD1B0495002D00F0BC804FF0B8
:10513000000A0EAB69000CA80C93CDF834A08DF8D2
:1051400038A00DF01BFAE26AA5EB020BD3451EDD79
:10515000E1685245A8BF5D460D9A00295CD06B00FE
:105160005146CDF800A00CA80DF044FA7319A17CAB
:105170000C98CDE90063D4E9022307F044FC0C99B4
:105180004FF0FF32411A0CA8FFF72CFBAB46E26A46
:10519000002A0CDD617C0CA80DF00BFABBF1000FAE
:1051A00040DBE26A06EB0B010CA8FFF7D3FAFD68BF
:1051B00005F0B003049315F400750D9B18BFA569A5
:1051C0004B441D44002614AB690012A81293139699
:1051D0008DF850600DF0D2F9049BD7F808A0102B81
:1051E00003D155452CBF002601264FF0000B09AB1B
:1051F00013F80B30042B27D8DFE803F0766C1E6021
:105200006900436B0993436AD0F828900393002AFE
:105210003FF47CAF013679E7009533460CA80DF0DA
:1052200093FAB3E794F83920CBF100010CA8FFF70B
:1052300087FA049A3146B7E7FB689B0504D5D4E9A1
:10524000051212A8FFF786FA0BF1010BBBF1040F50
:10525000CDD1B9F1010F06D9039909F1FF3201311E
:1052600012A8FFF777FA13998A4509D9049B202BD6
:10527000AAEB01013BD1424612A8FFF761FA514661
:105280000AAC129B00912046DDE90612FFF7E0FD13
:1052900094E80300069012A88DF81C100DF075F824
:1052A0000CA80DF072F8DDE906010023BB60059B38
:1052B00083E80300184619B0BDE8F08FB9F1000F7C
:1052C000C2D0039B197812A80DF073F9BCE7DDE991
:1052D0000C12B6E736B14246AAEB050112A8FFF759
:1052E0002FFAB1E74146EEE7002EADD0F3E70A46CC
:1052F0004346002112A8FFF7FBFAC0E72DE9F04F63
:105300002DED028BB0EE408B91B004AF07F1080495
:1053100084E80C0097F860307B607B6E97F868A09B
:105320000546884607F1140003F16C01F9F7E8FF20
:1053300007F1140007F060FA90B08146F9F7F8FF22
:1053400004AE4FF0000BB86131468DED028B2E4B51
:10535000CDF800B0402207F11800FFF775FB3F2899
:10536000014616DD083121F00701ADEB010D421CAD
:105370003A60F9F7DDFF04AEB8618DED028BCDF830
:1053800000B03146204B3A6807F11800FFF75CFB8C
:10539000014607F12003002207F11800BB613960C4
:1053A0000DF04DF83968BB69721848463146FFF771
:1053B00076FA7B68D3B107F11803CDE901A37B6EC0
:1053C000009394E80C0041462846FFF75BFD07F187
:1053D00018000CF0DAFF07F11400FAF703F828467A
:1053E0003437BD46BDEC028BBDE8F08F07F11803E2
:1053F000CDE901A37B6E009394E80C00414628465A
:10540000FFF75EFEE3E700BFCE670508F0B587B0A3
:1054100004AC84E80C000F9E9DF838200D9B9DF88D
:1054200030700093CDE90126054694E80C0027B1C1
:10543000FFF728FD284607B0F0BDFFF741FEF9E76A
:1054400010B50446D0E9003043B1421C06D11846DD
:105450000CF03CFF431C04BF0023236010BD38B593
:105460000D46FFF7EDFF04462846FFF7E9FF431C12
:10547000584204F10102584154425441011B484230
:10548000484138BD08B5FFF7EAFF80F00100C0B21F
:1054900008BD2DE9F74F0546DDE912076C466C3073
:1054A00084E80C00DDF840A007F0A6F94FF00009F1
:1054B00080464E464FF00A0B0CA92046FFF7E2FF4C
:1054C00070B1119B9E420BD02046FFF7B9FF2A22F4
:1054D000C1B24046FFF707FB3038C2B2092A10D9E3
:1054E000C6B10F9A914515DBD14513DC0E9AC2F86F
:1054F000009094E8030085E80300284603B0BDE867
:10550000F08F0BFB0909D145EADC2046FFF7BEF915
:105510000136D1E73B6843F004033B60E9E72DE93E
:10552000F04F8DB000AF07F12006F861F86E6C30D7
:1055300086E80C0007F060F9BB6E6A46A2EBC30375
:105540009D46DB08BB61BB6E9B007B61BB6E054665
:10555000E84607F15801304608EB8309FFF792FF50
:10556000044628B90026012C39D840F0718157E152
:105570003046FFF765FFC4B221462846FFF79FFA81
:10558000214606462846FFF797FA4FF0000B824661
:105590005C46BB6E9B45E5D07B6E53F82B302846AE
:1055A0001978FFF78CFAB0420FD1A3003B617B6EF4
:1055B00053F82B00EAF7F4FE3B6949F8240048F859
:1055C00003B001340BF1010BE3E77B6E53F82B3092
:1055D00028461978FFF770FA5045F3D1E5E7CB4636
:1055E00009EB84005BF8043BFB625B461A46F96AF0
:1055F000D2F800C08C4507F12C0128BF0A460433BD
:10560000D2F800A0C7F82CA09842EFD1013607F1DC
:105610002000FFF73BF9B2452BD107F1580107F104
:105620002000FFF72FFF824600285AD14FF0000AD2
:10563000002359F82320911B4A424A41524509BF91
:1056400004F1FF34013358F8242048F8232004BF24
:1056500059F8242049F823209C42EAD8BAF1000FD7
:105660007DD0D9F80030012107F12C0C8C42FB626F
:105670006BD8FB6AB34240F2CE8007F1580107F1C4
:105680002000FFF7FFFE002800F0C58007F1200092
:10569000FFF7D6FEC1B22846FFF711FA386107F1CD
:1056A0002000FFF7CDFEC1B22846FFF705FA4FF004
:1056B000000AF86054457FF656AF7B6E58F82A20F2
:1056C00053F82220BA60915D2846FFF7F8F93B694C
:1056D000BA6898424FEA8A0B40F08B800AF1010ABF
:1056E000E8E707F12000FFF7ABFEC1B22846FFF75D
:1056F000E6F9386107F12000FFF7A2FEC1B22846A3
:10570000FFF7DAF90023F860796E58F8232051F892
:10571000222059F82310B14203D801339C42F3D11F
:1057200084E7915D7B602846BA60FFF7C8F93B6962
:1057300098423FF47DAFBA682846915DFFF7BCF907
:10574000FB6898427B68E8D172E75A4601311068DD
:10575000834298BF62460BF1040B136886E7022C64
:1057600064D1BB6EDB0773D4D8F80030B86EBA6E64
:10577000B3EB500F4FEA5201D8F804202DD20B445E
:10578000934265D1D7E90532D8F8004053F832800A
:105790007B6E53F8243003EB060946455FD207F1D0
:1057A000580107F12000FFF76DFE002850D019F8CE
:1057B000011B2846FFF783F9824607F12000FFF717
:1057C0003FFEC1B22846FFF77AF9824530D107F192
:1057D0002000FFF75BF80136DFE75B1A934237D111
:1057E000D7E90521C8F80030D9F8043042F8313043
:1057F000C8E7915D2846FFF75FF9FB6898423FF4E0
:105800006DAF013C58F8242048F80B2059F82420AB
:1058100049F80B204EE70023012C19D1002BB1D100
:1058200007F12000FFF732F80136ABE70123F3E779
:1058300019F8011C2846FFF73FF9824607F12000BE
:10584000FFF7FEFDC1B22846FFF736F98245BED00C
:105850003B6F3A6F1B6843F00403136002E0F7D11B
:105860003B6E1C60D7E90801FB69343783E803000D
:105870001846BD46BDE8F08F2DE9F04F87B000AF68
:105880008146786DD7E913AB07F110066C3086E8D6
:105890000C0006F0B1FF6B46A3EBCB03F8609D460E
:1058A00007F140013046E846FFF7ECFD002800F024
:1058B00088803046FFF7C4FD0025C3B24FEA4B0293
:1058C0002C46AA423CD8002C7BD03046FEF7DEFFA7
:1058D000A200D31D23F00703ADEB030D6E46454632
:1058E000331F424455F8041B5AF82100C7E902232C
:1058F000EAF756FDBA68FB68954243F8040FF1D108
:10590000012507F1400107F11000FFF7BBFD58BB6F
:10591000012C5AD13368AB425ED1D8F80030BA6C52
:105920005B45A8BFA3EB0B03136007F1180313E952
:1059300003001C3789E803004846BD46BDE8F08FE8
:105940005AF825100978994204D148F824500134B6
:105950000135B6E7F868C7E90132FFF7ADF87B68B3
:10596000BA689842F4D1F0E707F11000FFF768FD3C
:105970000023C0B219469C4207D88C42C8D007F118
:105980001000FEF783FF0135BBE756F82320AA423B
:105990004FEA830E06EB830C02D801310133EAE7AC
:1059A00058F823205AF82220525D8242F6D0013C5A
:1059B00058F8242048F80E2056F82420CCF800206F
:1059C000D9E70024254626469BE7022C04D13368FC
:1059D000AB42A2D073689EE7BB6DBA6D1B6843F003
:1059E0000403A1E72DE9F04FABB08946369D0B903B
:1059F00005F16C060EA9304681E80C00DDF8E0A048
:105A00003A9C06F0F9FF0890304606F0F5FE834612
:105A10003998EAF7C5FC00260A90109634A90EA81A
:105A2000FFF730FDDDF84080002800F074840A9B09
:105A30009E4280F07084B8F1000F00F08184379BA3
:105A4000379A1B6843F00403136000F06CBC089B9A
:105A50009B68DA6A12921A6B13925A6B14929A6BC1
:105A60001592DA6B16921A6C17925A6C18929A6CFD
:105A70001992DA6C1A921A6D1B925A6D1C929A6DD9
:105A80001D92DA6D1E921B6E1F9310ABCDE905536C
:105A90000E23049312AB039311AB029334AB93E840
:105AA00003008DE803000CAF0EAE96E80C004946EB
:105AB0003846FFF734FD97E80300109B86E80300A3
:105AC000002B3CD1119A072392FBF3F3C3EBC303E2
:105AD000D21ACAF81820237843F00203DDE0089BAD
:105AE00012AA98681146FEF779FD1EA9FEF794FDEB
:105AF00010ABCDE905531823CDE9032311AB029375
:105B000034AB93E803008DE803000CAF0EAE96E8CB
:105B10000C0049463846FFF702FD97E80300109B4A
:105B200086E803005BB9119B0C2293FBF2F102FBA8
:105B30001133CAF81030238843F481632380099E0F
:105B400001366BE7089B06949B689B6905930CAF35
:105B500010ABCDE90253CDF810A034AB93E80300AD
:105B60008DE803000EAE96E80C0049463846FFF774
:105B700039FF97E80300109B86E80300002BDED175
:105B8000637843F0040376E110ABCDE906530226B7
:105B90006323CDE904360023039311AB029334ABA6
:105BA00093E803008DE803000CAF0EAE96E80C00FE
:105BB00049463846FFF76DFC97E80300109B86E8DE
:105BC0000300002BBBD1119B6360238843F49063D7
:105BD000B4E73046FFF734FCDBF81830C0B21B5C8A
:105BE000180702D53046FEF751FE10ABCDE906533B
:105BF00002211F23CDE904310123039311AB02934A
:105C000034AB93E803008DE803000CAF0EAE96E8CA
:105C10000C0049463846FFF73CFC97E80300109B10
:105C200086E80300002B8AD1119BCAF80C30238828
:105C300043F4826382E7B94A12AE3346A2F1090106
:105C40005846FEF72CFE0CAFCDE9056480E710AB9B
:105C5000CDE9065302221723CDE904320023039332
:105C600011AB029334AB93E803008DE803000CAF53
:105C70000EAE96E80C0049463846FFF70AFC97E856
:105C80000300109A86E80300002A7FF458AF119BA6
:105C9000CAF80830237862F3000323704FE710AB93
:105CA000CDE906530C270223CDE9047301230393A6
:105CB00011AB029334AB93E803008DE803000DF1C0
:105CC00030080EAE96E80C0049464046FFF7E1FB6F
:105CD00098E80300109B86E80300002B7FF42FAFA9
:105CE000119B93FBF7F207FB1233CAF808302378B5
:105CF00043F00103D1E710ABCDE906534FF00308A1
:105D00004FF4B773CDE904380123039311AB029329
:105D100034AB93E803008DE803000CAF0EAE96E8B9
:105D20000C0049463846FFF7B4FB97E80300109B88
:105D300086E80300002B7FF402AF119B013BCAF8F9
:105D40001C30237843F00403A7E710ABCDE90653DA
:105D50004FF0020E0C23CDE9043E0123039311AB57
:105D6000029334AB93E803008DE803000CAF0EAE52
:105D700096E80C0049463846FFF78BFB97E803008E
:105D8000109B86E80300002B7FF4D9AE119B013BEA
:105D9000CAF81030237843F008037EE710ABCDE952
:105DA00006534FF0020C3B23CDE9043C0023039340
:105DB00011AB029334AB93E803008DE803000CAF02
:105DC0000EAE96E80C0049463846FFF762FB97E8AE
:105DD0000300109B86E80300002B7FF4B0AE119BFC
:105DE000CAF80430ABE634A90EA8FFF74BFB002835
:105DF0003FF4A5AE0EA8FFF723FBDBF81830C0B2C6
:105E00001B5C1E077FF59BAE0EA8FEF73FFDEAE781
:105E1000089B9B681A6A12925B6A13931278002A95
:105E20003FF48DAE1B78002B3FF489AE10ABCDE96B
:105E300005530223049312AB039311AB029334ABCB
:105E400093E803008DE803000CAF0EAE96E80C005B
:105E500049463846FFF763FB97E80300109B86E846
:105E60000300002B7FF46BAE119B002B3FF467AE59
:105E7000637843F00103637061E6089B06949B68B6
:105E80009B6A0CAF059309E0254A12AE3346911F79
:105E90005846FEF704FDCDE905640CAF10ABCDE923
:105EA0000253CDF810A034AB93E803008DE8030053
:105EB0000EAE4946384696E80C00FFF793FD97E88A
:105EC000030086E803003AE610ABCDE90653022052
:105ED0003C23CDE904300023039311AB029334AB90
:105EE00093E803008DE803000CAF0EAE96E80C00BB
:105EF00049463846FFF7CDFA97E80300109B86E83D
:105F00000300002B7FF41BAE119BCAF8003016E68D
:105F1000044A12AE3346A2F10901B9E7DD6705086C
:105F2000E3670508EC67050810ABCDE906530221CD
:105F30003523CDE904310023039311AB029334AB35
:105F400093E803008DE803000CAF0EAE96E80C005A
:105F500049463846FFF79DFA97E80300109B86E80C
:105F60000300002B7FF4EBAD119B22681B0403F4AC
:105F70007C1322F47C1243F0200322F0200213430E
:105F80002360DCE510ABCDE9065301220623CDE901
:105F900004320023039311AB029334AB93E8030064
:105FA0008DE803000CAF0EAE96E80C00494638466B
:105FB000FFF76FFA97E80300109B86E80300002BB9
:105FC0007FF4BDAD119BCAF8183084E510ABCDE964
:105FD00006534FF002083523CDE90438002303931C
:105FE00011AB029334AB93E803008DE803000CAFD0
:105FF0000EAE96E80C0049463846FFF74AFA97E895
:106000000300109B86E80300002B7FF498AD119BE2
:1060100022681B0403F47C1322F47C1243F0400337
:1060200022F04002ABE7089B06949B680CAF9B688C
:1060300028E7089B06949B680CAF1B6922E710AB0E
:10604000CDE906534FF0020E6323CDE9043E002351
:10605000039311AB029334AB93E803008DE8030084
:106060000CAF0EAE96E80C0049463846FFF711FA21
:1060700097E80300109B86E80300002B7FF45FADD8
:10608000637823F0060343F00603637034A93046B7
:10609000FFF7F8F900283BD03046FFF7D1F92A2264
:1060A000C1B25846FEF71FFDA0F130085FFA88F331
:1060B000092B2DD83046FEF7E9FB119B0A2707FB79
:1060C000038334A930461193FFF7DCF9A0B13046C1
:1060D000FFF7B6F92A22C1B25846FEF704FDA0F137
:1060E00030085FFA88F3092B06D83046FEF7CEFB5E
:1060F000119B07FB03831193119BA3F26C73119304
:10610000637823F002036370119BCAF8143016E51C
:10611000119B442BDCBF64331193F5E710ABCDE941
:1061200006534FF0040C42F20F73CDE9043C0023F8
:10613000039311AB029334AB93E803008DE80300A3
:106140000CAF0EAE96E80C0049463846FFF7A1F9B1
:1061500097E80300109B86E80300002B7FF4EFAC68
:10616000119BA3F26C73CAF81430637823F0060312
:1061700007E53046FFF764F9DBF81830C0B21B5C66
:10618000DF0740F1838010ABCDE905530E23049364
:106190006A4B039312AB029334AB93E803008DE890
:1061A00003000CAF4946384696E80C00FFF7B7F9F4
:1061B00097E8030086E8030034A93046FFF762F948
:1061C00000283FF4BCAC109B129A13437FF4B7AC89
:1061D0003046FFF735F92D2107465846FEF772FC89
:1061E000FFB2B84236D110AF17230221CDE90431F6
:1061F000CDE906570023039312AB029334AB93E827
:1062000003008DE803000CAE0DF1380898E80C008F
:1062100049463046FFF73DF996E803003B2388E8FE
:1062200003000220CDE90430CDE906570023039393
:1062300012AB029334AB93E803008DE803004946A8
:10624000304698E80C00FFF724F996E8030088E848
:10625000030074E43046FFF7F3F82B210646584656
:10626000FEF730FCF6B2B0427FF469ACBBE73046D3
:10627000FFF7E6F8252107465846FEF723FCFFB254
:10628000B84203D13046FEF701FB58E4109B43F0BF
:106290000403109353E4399B995DDBF818305B5C81
:1062A0001A0714D534A90EA8FFF7ECF800283FF41C
:1062B00047AC0EA8FFF7C4F8DBF81830C0B21B5C7F
:1062C0001B077FF53DAC0EA8FEF7E0FAEAE758465B
:1062D000FEF7F5FB80460EA8FFF7B2F8C1B25846AC
:1062E000FEF7EDFB804512D039785846FEF7E4FB07
:1062F00007460EA8FFF7A4F8C1B25846FEF7DCFB2C
:10630000874204D0109B43F00403109318E40EA8B6
:10631000FEF7BCFA14E4B8F1000F7FF490AB0A9BCF
:106320009E427FF48CAB0EAB93E803000B9B83E89B
:10633000030018462BB0BDE8F08F00BFAC0000246E
:10634000399B4246995D58469F19FEF7CCFB25289C
:10635000A1D1731C0993711C399B4246595C584664
:10636000FEF7C1FB4528CDF8448001D04F2808D165
:10637000B31C09930999399B0022595C5846FEF7D2
:10638000B2FB25380EAE542880D801A353F820F074
:106390006F6203088D6203088D6203088D62030833
:1063A0008D6203088D6203088D6203088D62030805
:1063B0008D6203088D6203088D6203088D620308F5
:1063C0008D6203088D6203088D6203088D620308E5
:1063D0008D6203088D6203088D6203088D620308D5
:1063E0008D6203088D6203088D6203088D620308C5
:1063F0008D6203088D6203088D6203088D620308B5
:106400004F5A0308DF5A0308895B0308375C030807
:106410008D6203088D6203088D6203084F5C0308D8
:106420009F5C03088D6203088D6203088D62030878
:106430009D5D03088D6203088D6203088D62030869
:106440008D620308895E0308C95E0308115F0308B3
:10645000295F03088D620308CD5F030833600308DA
:106460001D610308736103088D6203088D620308D0
:106470008D6203088D6203088D6203088D62030834
:106480004F5A0308DF5A0308455B0308D35B030830
:10649000D35B03088D6203088D620308DF5A03088B
:1064A0008D620308F75C03088D6203088D620308A0
:1064B0004B5D0308E75D03088D620308115E030866
:1064C0008D6203087B5E03088D620308E75D0308A5
:1064D0008D6203088D620308855F03082760030847
:1064E0003F6003082DE9F04F8FB0DDE91AB70AAC21
:1064F0004FF0000A06460BF16C0084E80C00884659
:10650000CDF834A006F078F90DABCDE906B3022240
:106510006323CDE904320CAB0293CDF80CA018AB89
:10652000814693E803008DE8030008AD94E80C0071
:1065300041462846FEF7ADFF95E803000D9B84E831
:106540000300002B51D118A92046FEF79BFF00281D
:1065500046D02046FEF774FF2A22C1B24846FEF715
:10656000C2FAA0F13005EBB2092B39D82046FEF76C
:106570008DF90C9B4FF00A0808FB035518A920461B
:106580000C95FEF77FFF98B12046FEF759FF2A22AF
:10659000C1B24846FEF7A7FAA0F13005EBB2092BCD
:1065A00006D82046FEF772F90C9B08FB03550C95A4
:1065B0000C9BA3F26C730C931C9B0C9A5A6118A948
:1065C0002046FEF74CFF18B13B6843F002033B60E6
:1065D00094E8030086E8030030460FB0BDE8F08F72
:1065E0000C9B442BE8DC6433E5E73B6843F0040391
:1065F0003B60E4E72DE9F0439DB0DDE926960AAC67
:10660000054609F16C0084E80C00884606F0F4F9B0
:1066100083689A6C0E92DA6C0F921A6D10925A6D12
:1066200011929A6D1292DA6D13921A6E1492DA6ABE
:1066300015921A6B16925A6B17929A6B1892DA6B24
:1066400019921A6C5B6C1B9300230D930DABCDE973
:10665000059307231A9204930EAB03930CAB02939A
:1066600024AB93E803008DE8030008AF94E80C0026
:1066700041463846FFF700F997E803000D9B84E890
:1066800003009BB9289B0C9A9A6124A92046FEF727
:10669000E6FE18B1336843F00203336094E8030068
:1066A00085E8030028461DB0BDE8F083336843F059
:1066B00004033360E9E72DE9F043A7B0DDE9309644
:1066C0000AAC054609F16C0084E80C00884606F027
:1066D00093F90EAA80681146FDF79EFF1AA9FDF7EF
:1066E0007DFF00230D930DABCDE905930C23CDE980
:1066F00003230CAB02932EAB93E803008DE8030059
:1067000008AF94E80C0041463846FFF7B5F897E823
:1067100003000D9B84E803009BB9329B0C9A1A611D
:106720002EA92046FEF79BFE18B1336843F0020302
:10673000336094E8030085E80300284627B0BDE8ED
:10674000F083336843F004033360E9E72DE9F04F49
:1067500091B0DDE91CB70AAC05460BF16C0084E88A
:106760000C00DDF878A0894606F046F983681A69BE
:10677000CDF808B00DAECDE90526CDE9037A0023AA
:10678000CDE90D330F931AAB93E803008DE80300B6
:106790000DF1200894E80C0049464046FFF722F925
:1067A00098E8030084E803005146304613F09AFA53
:1067B0001AA92046FEF753FE18B13B6843F00203C6
:1067C0003B6094E8030085E80300284611B0BDE86B
:1067D000F08F2DE9F04F91B0DDE91CB70AAC05460A
:1067E0000BF16C0084E80C00DDF878A0894606F017
:1067F00003F983689A68CDF808B00DAECDE9052697
:10680000CDE9037A0023CDE90D330F931AAB93E85A
:1068100003008DE803000DF1200894E80C004946C0
:106820004046FFF7DFF898E8030084E8030051468C
:10683000304613F057FA1AA92046FEF710FE18B199
:106840003B6843F002033B6094E8030085E80300E3
:10685000284611B0BDE8F08F2DE9F04F91B0DDE989
:106860001CB605460AAC0BF16C004FF0000884E83A
:106870000C0089469DF87CA09DF8807005F0BCFF57
:10688000C6F800802521FEF71DF98DF83000002F95
:1068900036D18DF831A08DF832700023CDE90D335B
:1068A0000F930CAB05931E9BCDF808B0CDE90363A5
:1068B0000DAF06971AAB93E803008DE803000DF1C6
:1068C000200894E80C0049464046FFF78BF898E80A
:1068D000030084E803001E99384613F003FA1AA94E
:1068E0002046FEF7BCFD18B1336843F00203336065
:1068F00094E8030085E80300284611B0BDE8F08F56
:106900008DF831708DF832A08DF83380C5E7000026
:106910002DE9F04F9BB00AA981E80C00DDE926398A
:1069200003F16C040690204605F066FF04902046B3
:10693000FDF778FF00F138030793036A05461BB1A2
:10694000836A003B18BF0123029310AB0E93002310
:106950000F938DF840302B7C1BB120210EA80BF03B
:106960000DFE002616AB202114A8149315968DF861
:1069700058600BF003FE05F1390308936B6B0D9320
:10698000B04637460396B24601960DAB9B5D042B8D
:1069900061D8DFE813F07C0155012F00F4000500F9
:1069A000DFF844B324A90AA8FEF76CFD03460446A9
:1069B000002800F030810AA80993FEF741FD0A2162
:1069C000C2B208980592FDF78BFF059A099B002833
:1069D00000F01081079BC01ADBF80030195C14A886
:1069E0000BF0E7FD7C1C039F0AA8FDF74FFF039700
:1069F0002746D7E7269BDB6898051FD4BAF1010F1D
:106A00001CD8DEB1012E0BD1029BBBB99DF83430EE
:106A1000032B13D09DF83630012B0FD00226B4E79C
:106A2000022E40F048819DF83730042B06D0029AA0
:106A3000002A00F03B81032B40F03A81AB690593BB
:106A40004FF0000B24A90AA8FEF71CFD059B044685
:106A500018B99B4512D101241AE09B4518D00AA809
:106A6000FEF7EEFC6A6912F80B20C0B2824205D133
:106A70000AA8FDF70BFF0BF1010BE3E7BBF1000FD9
:106A800040F01281269BDC6884F40074C4F3402437
:106A90000136042E40F0FE80BAF1010F40F21E8153
:106AA000002C00F0FA80019B002B00F006816C6A3C
:106AB000012624A90AA8FEF7E5FC002840F0FF8083
:106AC000564540F0EA80159B012B11D90022302158
:106AD00014A80BF0F5FF024650B1431C08BF159AED
:106AE0004FF0000108BF02F1FF3214A8FDF77AFE53
:106AF000019B3BB114990B78302B03D02D2214A8A5
:106B00000BF0D4FD0F9BA3B1B8F1000F00F0E980AA
:106B10009DF80C100EA80BF04CFDD5E902010EAA51
:106B200013F028FA28B9D9F8003043F00403C9F863
:106B30000030B8F1000F03D0EB6ABB4240F0AD80EB
:106B4000289814A90BF0ECFE0AAC24A92046FEF705
:106B500086FC28B1D9F8003043F00203C9F80030B0
:106B600094E80300069B83E8030014A80BF00DFCD7
:106B70000EA80BF00AFC06981BB0BDE8F08F2B6A3C
:106B8000B3B9AB6A4BB324A90AA8FEF77BFC044651
:106B900018B30AA8FEF754FC6B6A1B78C0B2834294
:106BA0001BD10AA8D5F828A0FDF770FE01946FE765
:106BB00024A90AA8FEF766FC04460028E1D00AA82A
:106BC000FEF73EFCEB691B78C0B28342D9D10AA81C
:106BD000D5F820A0FDF75AFE5AE72B6A1BB9029B95
:106BE00083F0010454E7AB6A002BF8D10123019331
:106BF0001C464DE7697C914208D1B8F1000F05D1E0
:106C0000EA6A002A08DD98460446EDE62B7C1BB1B3
:106C1000AB7C934205D00124159B002B08BF0024B8
:106C200036E7B8F1000F07D147B1F9B20EA80BF063
:106C3000C0FC4446039FD7E64446EDE73C46EBE7FD
:106C400024A90AA8FEF71EFCA8B90024032E3FF4CD
:106C500023AF24A90AA8FEF715FCD0B10AA8FEF7B5
:106C6000EFFB049BC0B29B691B5C1A0711D50AA8F5
:106C7000FDF70CFEEDE70AA8FEF7E2FB049BC0B2AD
:106C80009B691B5C1907E0D50AA8FDF7FFFD0124ED
:106C9000DCE70136002C7FF478AED9F8003043F001
:106CA0000403C9F800304FE70024F1E603266CE640
:106CB000029C0326EEE70124EEE6EC69F8E6564571
:106CC0003FF401AF0AA8FEF7BBFBA35DC0B283424D
:106CD000E3D10AA8FDF7DAFD0136EAE6002CDCD0A4
:106CE000F1E6F9B216E700BF700000242DE9F04F7D
:106CF0009BB00AA981E80C00DDE9263903F16C0498
:106D00000690204605F078FD04902046FDF736FDFC
:106D100000F138030793036A05461BB1836A003B01
:106D200018BF0123029310AB0E9300230F938DF82D
:106D300040302B7C1BB120210EA80BF01FFC00263D
:106D400016AB202114A8149315968DF858600BF0FB
:106D500015FC05F1390308936B6B0D93B04637466C
:106D60000396B24601960DAB9B5D042B61D8DFE81C
:106D700013F07C0155012F00F4000500DFF844B347
:106D800024A90AA8FEF77EFB03460446002800F06B
:106D900030810AA80993FEF753FB0A21C2B2089872
:106DA0000592FDF79DFD059A099B002800F01081D2
:106DB000079BC01ADBF80030195C14A80BF0F9FB34
:106DC0007C1C039F0AA8FDF761FD03972746D7E7C0
:106DD000269BDB6898051FD4BAF1010F1CD8DEB1E1
:106DE000012E0BD1029BBBB99DF83430032B13D07D
:106DF0009DF83630012B0FD00226B4E7022E40F06A
:106E000048819DF83730042B06D0029A002A00F002
:106E10003B81032B40F03A81AB6905934FF0000BA7
:106E200024A90AA8FEF72EFB059B044618B99B452A
:106E300012D101241AE09B4518D00AA8FEF700FBE6
:106E40006A6912F80B20C0B2824205D10AA8FDF788
:106E50001DFD0BF1010BE3E7BBF1000F40F01281C8
:106E6000269BDC6884F40074C4F340240136042EAD
:106E700040F0FE80BAF1010F40F21E81002C00F0BC
:106E8000FA80019B002B00F006816C6A012624A980
:106E90000AA8FEF7F7FA002840F0FF80564540F0B8
:106EA000EA80159B012B11D90022302114A80BF088
:106EB00007FE024650B1431C08BF159A4FF000016F
:106EC00008BF02F1FF3214A8FDF78CFC019B3BB117
:106ED00014990B78302B03D02D2214A80BF0E6FB6D
:106EE0000F9BA3B1B8F1000F00F0E9809DF80C10E2
:106EF0000EA80BF05EFBD5E902010EAA13F03AF8DA
:106F000028B9D9F8003043F00403C9F80030B8F1CB
:106F1000000F03D0EB6ABB4240F0AD80289814A963
:106F20000BF0FEFC0AAC24A92046FEF798FA28B123
:106F3000D9F8003043F00203C9F8003094E80300A8
:106F4000069B83E8030014A80BF01FFA0EA80BF0B1
:106F50001CFA06981BB0BDE8F08F2B6AB3B9AB6A78
:106F60004BB324A90AA8FEF78DFA044618B30AA861
:106F7000FEF766FA6B6A1B78C0B283421BD10AA87F
:106F8000D5F828A0FDF782FC01946FE724A90AA890
:106F9000FEF778FA04460028E1D00AA8FEF750FA76
:106FA000EB691B78C0B28342D9D10AA8D5F820A0DA
:106FB000FDF76CFC5AE72B6A1BB9029B83F00104B6
:106FC00054E7AB6A002BF8D1012301931C464DE72F
:106FD000697C914208D1B8F1000F05D1EA6A002A14
:106FE00008DD98460446EDE62B7C1BB1AB7C934252
:106FF00005D00124159B002B08BF002436E7B8F10B
:10700000000F07D147B1F9B20EA80BF0D2FA4446EF
:10701000039FD7E64446EDE73C46EBE724A90AA8E0
:10702000FEF730FAA8B90024032E3FF423AF24A9B9
:107030000AA8FEF727FAD0B10AA8FEF701FA049BC6
:10704000C0B29B691B5C1A0711D50AA8FDF71EFC8C
:10705000EDE70AA8FEF7F4F9049BC0B29B691B5C3C
:107060001907E0D50AA8FDF711FC0124DCE7013679
:10707000002C7FF478AED9F8003043F00403C9F84F
:1070800000304FE70024F1E603266CE6029C03265D
:10709000EEE70124EEE6EC69F8E656453FF401AF71
:1070A0000AA8FEF7CDF9A35DC0B28342E3D10AA8D6
:1070B000FDF7ECFB0136EAE6002CDCD0F1E6F9B294
:1070C00016E700BF700000242DE9F04391B006AC34
:1070D00084E80C00DDE91B380CAA8C469DF868108A
:1070E0000A920AAF00220293CDE9038705460B926C
:1070F0008DF8302008AE18AB19B393E803008DE883
:107100000300614694E80C003046FFF701FC96E866
:107110000300DDF8289084E80300F8F709F91D99C9
:10712000089033464246484612F02EFB94E803008E
:1071300085E8030038460BF028F9284611B0BDE871
:10714000F08393E803008DE80300614694E80C00A7
:107150003046FFF7CBFDDAE72DE9F04F91B006ACF2
:10716000DDF874B09DF870A005460BF16C0084E862
:107170000C00884605F040FB1E9BCDE902B30AAF28
:1071800004971AAB814693E803008DE803000CAA2C
:107190000A9208AE00220B928DF83020414694E806
:1071A0000C003046BAF1000F1DD0FFF7B1FB96E896
:1071B00003000B9E84E8030056B11F9831460BF084
:1071C00070FA0A991F9B8A191B684846FDF767FBEE
:1071D00094E8030085E8030038460BF0D6F828460B
:1071E00011B0BDE8F08FFFF781FDE0E7184B1A689A
:1071F000D1075CBF01221A60164B1A68D2075CBF28
:1072000001221A60144B1A68D0075CBF01221A6071
:10721000124B1A68D1075CBF01221A60104B1A6822
:10722000D2075CBF01221A600E4B1A68D0075CBF00
:1072300001221A600C4B1A68D1075CBF01221A6048
:107240000A4B1A68D2075CBF01221A60704700BF60
:1072500068CD012464CD012460CD01245CCD0124DE
:1072600058CD012454CD012450CD01244CCD01240E
:107270000BF08BB811F01BBCF8B54D680746681CC5
:107280000E4611F021FF0023044601462A463046EF
:107290000BF02AFB002363553C602846F8BDF8B587
:1072A0004D686FF060426B1C9342074634BF9800F4
:1072B0004FF0FF300E4611F007FF00230446014651
:1072C0002A46304611F0FEFD002344F825303C608C
:1072D0002846F8BD13B5049CCDE9003413460A4690
:1072E000C1684FF00000FBF7EBF802B010BD30B5FD
:1072F0008BB00D460AA901E90C0079230693129B75
:107300000593119B0493109B03930EAA044692E8E5
:10731000030001AB83E80300099B00932046089B10
:10732000AA684FF00001FBF7CFFA20460BB030BD42
:1073300030B58BB00D460AA901E90C006D23069308
:10734000129B0593119B0493109B03930EAA044672
:1073500092E8030001AB83E80300099B00932046F9
:10736000089BAA684FF00001FBF7AEFA20460BB06D
:1073700030BD30B58BB00D460AA901E90C0077236A
:107380000693129B0593119B0493109B03930EAAE3
:10739000044692E8030001AB83E80300099B0093D5
:1073A0002046089BAA684FF00001FBF78DFA2046A3
:1073B0000BB030BD30B58BB00D460AA901E90C0009
:1073C00064230693129B0593119B0493109B0393D4
:1073D0000EAA044692E8030001AB83E80300099B70
:1073E00000932046089BAA684FF00001FBF76CFA57
:1073F00020460BB030BD30B58BB00D460AA901E96F
:107400000C0074230693129B0593119B0493109B0D
:1074100003930EAA044692E8030001AB83E803003D
:10742000099B00932046089BAA684FF00001FBF7D8
:107430004BFA20460BB030BD81684FF00000FBF7DF
:107440003DBAF0B591B00AAC84E80C000023079374
:107450000D930EAB06930DAB0593199B04939DF80A
:107460006030039316AA0F46054692E8030001AB6D
:1074700083E803000B9B009308AE0A9BBA684FF0A9
:1074800000013046FBF7D4FA96E803000D9B84E830
:1074900003005BB9DDE90E011B9BC3E9000194E821
:1074A000030085E80300284611B0F0BD1A9A136066
:1074B000F5E710B588B00DF1200C0CE90C000023A5
:1074C00004939DF8303003930B9B02939DF8283072
:1074D0000193079B009313468A684FF0000104460E
:1074E000FBF794FD204608B010BD0A4601694FF035
:1074F0000000FBF7DBB907B50092D1E90023016971
:107500004FF00000FBF766F903B05DF804FB13B51C
:10751000049CCDE9003413460A46C1684FF00000D0
:10752000FAF7D9FF02B010BD30B58BB00D460AA9ED
:1075300001E90C0079230693129B0593119B049398
:10754000109B03930EAA044692E8030001AB83E864
:107550000300099B00932046089BAA684FF0000196
:10756000FBF70CFA20460BB030BD30B58BB00D46A2
:107570000AA901E90C006D230693129B0593119B48
:107580000493109B03930EAA044692E8030001ABF8
:1075900083E80300099B00932046089BAA684FF0EC
:1075A0000001FBF7EBF920460BB030BD30B58BB0D6
:1075B0000D460AA901E90C0077230693129B059357
:1075C000119B0493109B03930EAA044692E80300B8
:1075D00001AB83E80300099B00932046089BAA683F
:1075E0004FF00001FBF7CAF920460BB030BD30B5B3
:1075F0008BB00D460AA901E90C0064230693129B87
:107600000593119B0493109B03930EAA044692E8E2
:10761000030001AB83E80300099B00932046089B0D
:10762000AA684FF00001FBF7A9F920460BB030BD66
:1076300030B58BB00D460AA901E90C0074230693FE
:10764000129B0593119B0493109B03930EAA04466F
:1076500092E8030001AB83E80300099B00932046F6
:10766000089BAA684FF00001FBF788F920460BB091
:1076700030BD81684FF00000FBF723B9F0B591B041
:107680000AAC84E80C00002307930D930EAB06931D
:107690000DAB0593199B04939DF86030039316AAD4
:1076A0000F46054692E8030001AB83E803000B9BFD
:1076B000009308AE0A9BBA684FF000013046FBF712
:1076C00003FA96E803000D9B84E803005BB9DDE94B
:1076D0000E011B9BC3E9000194E8030085E8030049
:1076E000284611B0F0BD1A9A1360F5E710B588B0BE
:1076F0000DF1200C0CE90C00002304930C9B039368
:107700000B9B02939DF828300193079B009313462F
:107710008A684FF000010446FBF736FD204608B0AA
:1077200010BD0A4601694FF00000FBF7C3B807B56A
:107730000092D1E9002301694FF00000FBF75EF8E9
:1077400003B05DF804FB000000F1080373B50446C4
:1077500003600D4619B912B10E4804F068F99300A0
:1077600005EB82060C2B42F31D02019207D9002281
:1077700001A9204611F07AF9019B2060A3602068DE
:107780003246294611F00DFA0199204611F062F9AE
:1077900002B070BDC433050800F1080373B5044698
:1077A00003600D4619B912B10D4804F040F90F2AD3
:1077B00005EB0206019207D9002201A920460AF032
:1077C000C3FD019B2060A3603246294620680AF071
:1077D00055FE019B226863600021D15402B070BD48
:1077E000C4330508836973B504460D4603B1984751
:1077F00004F108032360D5E900639A0006EB8305D2
:107800000C2A43F31D03019307D9002201A9204646
:1078100011F02CF9019B2060A36020682A463146B4
:1078200011F0B9F90199204611F014F9014BA36147
:1078300002B070BD75720308836973B504460D46C6
:1078400003B1984704F108032360D5E900630F2BC7
:1078500006EB0305019307D9002201A920460AF08F
:1078600073FD019B2060A3602A46314620680AF020
:1078700000FE019B226863600021D154014BA3618B
:1078800002B070BD7172030810B5074B0360036945
:1078900000220446DA600C30FAF767FB2046F8F75E
:1078A000ADFE204610BD00BF18F6050810B5044611
:1078B000FFF7EAFF204611F095FB204610BD0000BF
:1078C00010B5084B0360036900220446DA609A6130
:1078D0001A629A620C30FAF748FB2046F8F728FB48
:1078E000204610BD58F6050810B50446FFF7E8FF1E
:1078F000204611F077FB204610BD000010B5084B64
:107900000360036900220446DA609A611A629A628F
:107910000C30FAF72AFB2046F8F724FB204610BD6E
:107920008CF6050810B50446FFF7E8FF204611F075
:1079300059FB204610BD000010B5054B044640F829
:10794000103BFAF712FB2046FCF7F4FD204610BD71
:10795000F0F6050810B50446FFF7EEFF204611F0DB
:1079600041FB204610BD000010B5074B03600369C2
:1079700000220446DA600C30FAF7F7FA2046F8F7EE
:10798000A5FE204610BD00BF0CF7050810B5044643
:10799000FFF7EAFF204611F025FB204610BD00004E
:1079A00010B5084B0360036900220446DA601A62CE
:1079B0009A621A630C30FAF7D8FA2046F8F77CFB83
:1079C000204610BD4CF7050810B50446FFF7E8FF48
:1079D000204611F007FB204610BD000010B5084BF3
:1079E0000360036900220446DA601A629A621A632D
:1079F0000C30FAF7BAFA2046F8F778FB204610BDAB
:107A000080F7050810B50446FFF7E8FF204611F09F
:107A1000E9FA204610BD000010B5054B044640F8B9
:107A2000103BFAF7A2FA204601F09CF9204610BD5F
:107A3000E4F7050810B50446FFF7EEFF204611F005
:107A4000D1FA204610BD0000084B10B5044640F89E
:107A50000C3BFAF78AFA2046054B40F8083B11F038
:107A6000EDFE2046F7F741FC204610BD3CF6050828
:107A700070EF050810B50446FFF7E6FF204611F049
:107A8000B1FA204610BD000010B5064B044640F880
:107A9000083BFAF76AFA044B23602046F7F725FC07
:107AA000204610BDC0F6050834F0050810B50446A0
:107AB000FFF7EAFF204611F095FA204610BD0000BE
:107AC00010B5064B044640F8083BFAF74EFA044B53
:107AD00023602046F7F709FC204610BDD8F60508BC
:107AE0004CF0050810B50446FFF7EAFF204611F0F8
:107AF00079FA204610BD0000084B10B5044640F846
:107B00000C3BFAF732FA2046054B40F8083B11F0DF
:107B100095FE2046F7F7E9FB204610BD30F7050833
:107B200070FA050810B50446FFF7E6FF204611F08D
:107B300059FA204610BD000010B5064B044640F827
:107B4000083BFAF712FA044B23602046F7F7CDFB07
:107B5000204610BDB4F7050834FB050810B50446EF
:107B6000FFF7EAFF204611F03DFA204610BD000065
:107B700010B5064B044640F8083BFAF7F6F9044BFB
:107B800023602046F7F7B1FB204610BDCCF705086F
:107B90004CFB050810B50446FFF7EAFF204611F03C
:107BA00021FA204610BD000010B5064B044640F8EF
:107BB000083BFAF7DAF9044B23602046F7F795FB08
:107BC000204610BD00F8050864F0050810B504460D
:107BD000FFF7EAFF204611F005FA204610BD00002D
:107BE00010B5064B044640F8083BFAF7BEF9044BC3
:107BF00023602046F7F779FB204610BD2CF80508D6
:107C000064FB050810B50446FFF7EAFF204611F0B3
:107C1000E9F9204610BD000070B590B009AD0E46E0
:107C200006A981E80C0004461799002328460F9303
:107C3000FFF702FE9DF858300393159B02939DF8C1
:107C400050300193079B009304959FED070B069B13
:107C5000B2684FF000012046FBF7D8F92846FAF742
:107C600058FB204610B070BD00000000000000006E
:107C700070B590B009AD0E4606A981E80C00044627
:107C80001799002328460F93FFF7ACFD169B03932B
:107C9000159B02939DF850300193079B0093049528
:107CA0009FED070B069BB2684FF000012046FBF7E3
:107CB0006BFA2846FAF72DFB204610B070BD00BFC6
:107CC000000000000000000030B5084687B01446F0
:107CD0000D46FCF7E2FF84F824002846FCF7E0FF9D
:107CE0000023A3606361E361012384F8643084F8B6
:107CF000250029466846FCF7D6FF694604F10800CE
:107D0000FFF7BAFAE06068460AF03FFB294668468A
:107D1000FCF7D0FF694604F11400FFF7ADFAA0614B
:107D200068460AF032FB29466846FCF7CAFF6946F6
:107D300004F11C00FFF7A0FA206268460AF025FB58
:107D400007B030BD30B5084687B014460D4601F087
:107D50007CFB6062284601F07BFB0023A36063612B
:107D6000E361012384F82431A0622946684601F0CA
:107D700072FB694604F10800FFF77EFAE06068468E
:107D80000AF003FB2946684601F06CFB694604F1E2
:107D90001400FFF784FAA061684610F088FE2946B7
:107DA000684601F066FB694604F11C00FFF777FAAC
:107DB0002062684610F07BFE07B030BD10B4084664
:107DC00011461A46DDE9013401945DF8044BFDF7D4
:107DD00031B810B4084611461A46DDE90134019461
:107DE0005DF8044B01F0FEBB10B586B01446684642
:107DF0001A46089BFDF725F869462046FFF71CFD4B
:107E000068460AF0C2FA06B010BD10B586B0144636
:107E100068461A46089B01F0ECFB69462046FFF7CE
:107E2000E1FC684610F043FE06B010BD30B50846D0
:107E300087B014460D46FCF701FF60742846FCF736
:107E400000FFA0742846FCF71BFF0023A3606361BA
:107E5000E3616362012384F84330E06229466846A7
:107E6000FCF7F2FE694604F10800FFF705FAE0604E
:107E700068460AF08AFA29466846FCF7ECFE69462D
:107E800004F11400FFF7F8F9A06168460AF07DFAE2
:107E900029466846FCF7E6FE694604F11C00FFF738
:107EA000EBF9206268460AF070FA29466846FCF74A
:107EB000E0FE694604F12400FFF7DEF9A06268469F
:107EC0000AF063FA2846FCF7DEFE20632846FCF73A
:107ED000DFFE606307B030BD30B5084687B014469A
:107EE0000D46FCF77CFE60742846FCF77BFEA07410
:107EF0002846FCF796FE0023A3606361E36163629A
:107F0000012384F84330E06229466846FCF76DFEA1
:107F1000694604F10800FFF7AFF9E06068460AF02F
:107F200034FA29466846FCF767FE694604F11400F6
:107F3000FFF7A2F9A06168460AF027FA29466846C9
:107F4000FCF761FE694604F11C00FFF795F9206219
:107F500068460AF01AFA29466846FCF75BFE69464D
:107F600004F12400FFF788F9A06268460AF00DFAD0
:107F70002846FCF759FE20632846FCF75AFE60634A
:107F800007B030BD30B5084687B014460D4601F045
:107F90002DFA6061284601F02CFAA061284601F014
:107FA00047FA0023A360E3616362E362012384F87C
:107FB0006C3060632946684601F01EFA694604F198
:107FC0000800FFF759F9E06068460AF0DEF9294633
:107FD000684601F018FA694604F11C00FFF75FF9E2
:107FE0002062684610F063FD2946684601F012FAE7
:107FF000694604F12400FFF752F9A062684610F0C8
:1080000056FD2946684601F00CFA694604F12C0039
:10801000FFF745F92063684610F049FD284601F056
:108020000AFAA063284601F00BFAE06307B030BDFE
:1080300030B5084687B014460D4601F0A8F96061D6
:10804000284601F0A7F9A061284601F0C2F90023F3
:10805000A360E3616362E362012384F86C306063D0
:108060002946684601F099F9694604F10800FFF7CE
:1080700003F9E06068460AF088F92946684601F08D
:1080800093F9694604F11C00FFF709F9206268467C
:1080900010F00DFD2946684601F08DF9694604F19E
:1080A0002400FFF7FCF8A062684610F000FD2946A6
:1080B000684601F087F9694604F12C00FFF7EFF8F4
:1080C0002063684610F0F3FC284601F085F9A063B0
:1080D000284601F086F9E06307B030BD10B586B0E0
:1080E0000C46684611461A46FFF756FB089A694641
:1080F0002046FCF78DFE044668460AF046F9204605
:1081000006B010BD10B586B00C46684611461A463A
:10811000FFF742FB089A6946204601F051FA0446EF
:1081200068460AF032F9204606B010BDF0B58FB0AF
:1081300002AC0E4615462046DDE916121F46FFF733
:108140002BFB159B00933A46149B0194314608A8DB
:10815000FCF761FE08A92846FFF76EFB08A80AF0A5
:1081600014F920460AF011F90FB0F0BDF0B58FB048
:1081700002AC0E4615462046DDE916121F46FFF7F3
:10818000E3FA159B00933A46149B0194314608A8E4
:1081900001F019FA08A92846FFF724FB08A810F0F7
:1081A00086FC204610F083FC0FB0F0BD0846114657
:1081B000FCF73DBE0846114601F011BA0846FCF72F
:1081C00087BD084601F05CB982B0F0B587B00546BE
:1081D0009DF850700D93742F16461398DDE9112108
:1081E0000FAC0DAB1ED00ED8642F2DD0CDE90310EF
:1081F000029294E803008DE8030031460CCB284638
:10820000FCF7BDFD1AE0772F2BD0CDE903100292C9
:1082100094E803008DE8030031460CCB2846FCF7B8
:10822000CAFD0BE0CDE90310029294E803008DE84B
:10823000030031460CCB2846FCF74DFD284607B01D
:10824000BDE8F04002B07047CDE90310029294E817
:1082500003008DE8030031460CCB2846FCF757FDA0
:10826000ECE7CDE90310029294E803008DE80300E7
:1082700031460CCB2846FCF766FDDFE782B0F0B54F
:1082800087B005469DF850700D93742F16461398CD
:10829000DDE911210FAC0DAB1ED00ED8642F2DD00F
:1082A000CDE90310029294E803008DE80300314603
:1082B0000CCB284601F03BF91AE0772F2BD0CDE903
:1082C0000310029294E803008DE8030031460CCBC2
:1082D000284601F048F90BE0CDE90310029294E83A
:1082E00003008DE8030031460CCB284601F0CBF8A3
:1082F000284607B0BDE8F04002B07047CDE9031052
:10830000029294E803008DE8030031460CCB284626
:1083100001F0D5F8ECE7CDE90310029294E80300F0
:108320008DE8030031460CCB284601F0E4F8DFE786
:1083300082B02DE9F0438FB016461E9A179305467A
:108340009DF86C10DDE91C0819AB17AC9AB1CDE9AA
:108350000482CDE9021093E803008DE80300314662
:1083600094E80C002846FCF7CEFB28460FB0BDE889
:10837000F04302B0704708AFCDE90487CDE90210A1
:1083800093E803008DE803000DF1280C0DF11809A6
:10839000CDE908C28DF82820314694E80C00484603
:1083A000FCF7D0FB99E80300D8F8003084E803001C
:1083B0001BB91F983946FFF73FFA94E8030085E898
:1083C0000300384609F0E1FFCFE782B02DE9F04322
:1083D0008FB016461E9A179305469DF86C10DDE97E
:1083E0001C0819AB17AC9AB1CDE90482CDE9021093
:1083F00093E803008DE80300314694E80C0028461A
:1084000000F05BFF28460FB0BDE8F04302B07047B4
:1084100008AFCDE90487CDE9021093E803008DE8A9
:1084200003000DF1280C0DF11809CDE908C20A92DC
:10843000314694E80C00484600F05EFF99E80300DE
:10844000D8F8003084E803001BB91F983946FFF7BD
:10845000C9F994E8030085E80300384610F027FBCB
:10846000D0E70000F8B5B14A0C466FF00103B049FF
:10847000054610F0BBFD064610B104682046F8BD65
:10848000AC4B9C422AD11420F6F782FE04466820A9
:10849000F6F77EFEA84B0360A84B46600746C0E98E
:1084A0000266C0E90566C0E907660674868480F83E
:1084B00064602360A060314620466660F8F750F89B
:1084C0006B68E56001336B609D4B236027613A4622
:1084D00029464FF00000F9F77BFFCFE7994B9C420C
:1084E00010D11020F6F754FE974B03604660044607
:1084F000F6F71EFF6B68C4E9020501336B60934B0E
:108500002360BBE7924B9C420AD10C20F6F740FE59
:108510006B6801336B60C0E901658E4B0446EFE781
:108520008D4B9C420AD10C20F6F732FE6B6801336A
:108530006B60C0E90165894B0446E1E7884B9C42CA
:108540000AD10C20F6F724FE6B6801336B60C0E99A
:108550000165844B0446D3E7834B9C4230D1142001
:10856000F6F716FE04464420F6F712FE7F4B06820D
:10857000C0E900367E4B86740746C0E90266C0E952
:108580000566C0E90766C0E90966C0E90B6646638F
:1085900080F843602360A060324631462046666022
:1085A000F7F73EFC6B68E56001336B60714B23604D
:1085B00027613A4629464FF00000F9F7B7FF5DE71B
:1085C0006D4B9C4230D11420F6F7E2FD0446442066
:1085D000F6F7DEFD694B0682C0E90036684B86740B
:1085E0000746C0E90266C0E90566C0E90766C0E95A
:1085F0000966C0E90B66466380F843602360A060AB
:108600003246314620466660F7F74EFC6B68E560FF
:1086100001336B605B4B236027613A4629464FF07C
:108620000000F9F7D8FF29E7574B9C420CD11420E2
:10863000F6F7AEFD31460446FCF7DAFB6B682561C0
:1086400001336B60514B5BE7514B9C422CD11420A2
:10865000F6F79EFD04464FF49470F6F799FD4D4BE6
:10866000036000214C4B41600646C0E90211C0E99D
:108670000511C0E90711C0E90911017480F824113E
:1086800061602360A0602046F7F7D2FF6B68E56069
:1086900001336B60414B23602661324629464FF01F
:1086A0000000F9F7D2FEE9E63D4B9C4210D11020C4
:1086B000F6F76EFD002343603A4B03600446F6F77D
:1086C00037FE6B6801336B60C4E90205364B17E770
:1086D000364B9C420BD10C20F6F75AFD0023C0E923
:1086E00001356B6801336B600446314B08E7314B51
:1086F0009C420BD10C20F6F74BFD0023C0E901355D
:108700006B6801336B6004462B4BF9E62B4B9C42A4
:1087100058D10C20F6F73CFD0023C0E901356B6809
:1087200001336B600446264BEAE600BF48E90508C2
:10873000A8D8050878CD0124D8E005088CEF0508F5
:1087400018F605086CCD012470EF05083CF6050805
:1087500074CD012400F8050888CD0124C0F6050871
:1087600084CD0124D8F605087CCD012498E00508C5
:10877000B0EF050858F6050880CD0124A8E00508EB
:10878000E4EF05088CF6050870CD0124F0F6050825
:10879000B8CD0124E8E005088CFA05080CF70508B7
:1087A000ACCD012470FA050830F70508B4CD0124DA
:1087B0002CF80508C8CD0124B4F70508C4CD012460
:1087C000CCF705083E4B9C4231D11420F6F7E0FC73
:1087D00004467020F6F7DCFC3A4B036000223A4B6B
:1087E00042600646C0E90222C0E90522C0E907222C
:1087F000C0E90922C0E90B22C0E90D220274C2635C
:1088000080F86C2062602360A06011462046F7F774
:10881000C3FB6B68E56001336B602C4B2360266102
:10882000324629464FF00000F9F72AFF26E6284B8A
:108830009C4231D11420F6F7ABFC04467020F6F7C9
:10884000A7FC244B03600022234B42600646C0E98C
:108850000222C0E90522C0E90722C0E90922C0E9D5
:108860000B22C0E90D220274C26380F86C206260A2
:108870002360A06011462046F7F7D6FB6B68E560E1
:1088800001336B60154B23602661324629464FF059
:108890000000F9F74AFFF1E5114B9C420CD114207E
:1088A000F6F776FC0021044600F07AFE6B6825613D
:1088B00001336B600B4B23E60B4803F0B8F800BFA5
:1088C000BCCD0124B8E00508B0FA05084CF705084E
:1088D000C0CD0124C8E00508E4FA050880F70508C2
:1088E000B0CD0124E4F705087D6605088B6910B555
:1088F000044613B9044803F09AF8D1E90012FEF7D0
:108900004BFF204610BD00BFAA66050882B02DE9C6
:10891000F0478AB0044618999DF85480DDF85890C5
:108920009DF85CA01393154613AEB1B104AF384661
:10893000FFF7DCFFCDE902A7CDE90089204696E8E4
:108940000C002946FCF733F9384609F01EFD204695
:108950000AB0BDE8F04702B07047CDE9019ACDF802
:10896000008096E80C002946FCF70BF9EFE710B5FC
:108970008AB00446009300201346C968099003AAF0
:10898000F9F7B4FD03A92046FFF7B0FF03A8F9F7F4
:10899000C0FC20460AB010BD2DE9F0479AB00AAEDF
:1089A00086E80C000DF14C080023CDE90638199338
:1089B0000C930CAB0593259B04939DF89030039387
:1089C00022AA8C46074692E8030001AB279C83E865
:1089D00003000B9B009308AD0A9BDCF808204FF0C6
:1089E00000012846FAF724F895E803000C9B86E876
:1089F0000300002B3DD141460DA8FFF777FF0DA8DE
:108A000009F09BFCDDF838A00546F0B1BAF1000F83
:108A100004D00D992068524609F0E8FC0E9B2268AC
:108A200063600021D1540D9A00230E930DA813709A
:108A300009F0ABFC96E8030087E803004046F9F72D
:108A400068FC38461AB0BDE8F087204609F075FC8E
:108A500010B92568D4F808900D9AC4E9002A0F9A35
:108A6000A2601DB10D95CDF83C90DCE70FAB0D93E6
:108A7000D9E7269A1360DDE730B58DB0044611982A
:108A800000250B9545680395006802901098CDE984
:108A900000301346096905AA4FF00000F9F7C2FE3D
:108AA00005A92046FFF722FF05A8F9F732FC20466A
:108AB0000DB030BD8B6910B5044613B9044802F0FF
:108AC000B6FFD1E90012FEF73FFE204610BD00BF01
:108AD000AA66050882B02DE9F0478AB0DDE9169A4A
:108AE00018999DF8548013930446154613AEB1B1FE
:108AF00004AF3846FFF7DEFFCDE902A7CDE90089D4
:108B0000204696E80C00294600F02AFC38460FF073
:108B1000CEFF20460AB0BDE8F04702B07047CDE96D
:108B2000019ACDF8008096E80C00294600F003FC7D
:108B3000EFE710B58AB00446009300201346C968D9
:108B4000099003AAF9F7E2FC03A92046FFF7B2FF58
:108B500003A8F9F7DEFB20460AB010BD2DE9F04767
:108B60009AB00AAE86E80C000DF14C080023CDE95E
:108B7000063819930C930CAB0593259B04939DF831
:108B80009030039322AA8C46074692E8030001AB7B
:108B9000279D83E803000B9B009308AC0A9BDCF83D
:108BA00008204FF000012046F9F78EFF94E80300FB
:108BB0000C9B86E80300002B3CD141460DA8FFF733
:108BC00079FF0DA80FF04CFFDDF838A00446E8B19E
:108BD000BAF1000F04D00D99286852460FF099FFA2
:108BE0000E9928460FF036FF0D9A00230E930DA81C
:108BF00013600FF05CFF96E8030087E8030040462F
:108C0000F9F787FB38461AB0BDE8F08728460FF021
:108C100027FF10B92C68D5F808900D9AC5E9002AED
:108C20000F9AAA601CB10D94CDF83C90DCE70FAB15
:108C30000D93D9E7269A1360DDE730B58DB0044671
:108C4000119800250B9545680395006802901098CF
:108C5000CDE900301346096905AA4FF00000F9F785
:108C600002FE05A92046FFF725FF05A8F9F751FBED
:108C700020460DB030BD8368586970478368986995
:108C800070478368586B70478368986B82B002B0F6
:108C900070478368D86B82B002B0704783685869A8
:108CA00070478368986970478368586B704783681A
:108CB000986B82B002B070478368D86B82B002B004
:108CC00070478368586A70478368986A70470020C5
:108CD00070470020704770470020914200D37047D2
:108CE00051F8043B03EB7060F7E7000010B5034B4D
:108CF00003600446F6F7F9FA204610BD34FB050878
:108D000010B50446FFF7F2FF204610F06BF920463D
:108D100010BD000010B5034B03600446F6F7E5FAFA
:108D2000204610BD4CFB050810B50446FFF7F2FFC6
:108D3000204610F057F9204610BD000010B5034B37
:108D400003600446F6F7D1FA204610BD64FB05081F
:108D500010B50446FFF7F2FF204610F043F9204615
:108D600010BD000010B5054B044640F8083B10F05C
:108D700065FD2046F6F7B9FA204610BD18FB050838
:108D800010B50446FFF7EEFF204610F02BF9204601
:108D900010BD000010B5054B044640F8083B10F02C
:108DA0004DFD2046F6F7A1FA204610BD70FA0508E1
:108DB00010B50446FFF7EEFF204610F013F92046E9
:108DC00010BD73B5531A16460C2B4FEAA302044686
:108DD0000D46019206D9002201A90FF047FE019B22
:108DE0002060A3602068324629460FF0DAFE019920
:108DF00020460FF02FFE02B070BDD0E902218A425A
:108E000002D204328260704703689B6A1847436E3F
:108E10000B60836E4B60C36E8B60036FCB60436FE0
:108E20000B61836F4B61C36F8B61D0F88030CB6176
:108E3000D0F884300B62D0F888304B62D0F88C3098
:108E40008B62D0F89030CB627047D0F894300B60D2
:108E5000D0F898304B60D0F89C308B60D0F8A030C0
:108E6000CB60D0F8A4300B61D0F8A8304B61D0F8BB
:108E7000AC308B61D0F8B030CB61D0F8B4300B623D
:108E8000D0F8B8304B62D0F8BC308B62D0F8C0302C
:108E9000CB62704738B500F10803054603600C4605
:108EA00011B9074802F0C3FD084613F068FE2146D9
:108EB00004EB80022846BDE83840FFF782BF00BFC0
:108EC000C433050810B58B680446D969FFF7E2FF83
:108ED000204610BD10B58B6804465969FFF7DAFFCC
:108EE000204610BD10B58B680446D96AFFF7D2FF43
:108EF000204610BD10B58B680446596AFFF7CAFFBB
:108F0000204610BD10B58B680446D969FFF7C2FF33
:108F1000204610BD10B58B680446D96AFFF7BAFF2A
:108F2000204610BD10B58B680446596AFFF7B2FFA2
:108F3000204610BD10B58B680446D969FFF7AAFF1B
:108F4000204610BD00F1080373B5044603600D46CA
:108F500011B90F4802F06BFD0846E7F721FA0F2818
:108F600005EB0006019007D9002201A9204609F06F
:108F7000EBF9019B2060A36032462946206809F086
:108F80007DFA019B226863600021D15402B070BD5C
:108F9000C433050810B58B6804469968FFF7D2FF03
:108FA000204610BD10B58B6804469968FFF7CAFFCC
:108FB000204610BD10B58B6804469968FFF7C2FFC4
:108FC000204610BD07B500920B46002241680FF005
:108FD00065FE03B05DF804FB08B54368C3F17F6329
:108FE00003F57F2303F6FF739A4202D9034802F088
:108FF00021FDBDE808400FF041BF00BFF05B050850
:109000002DE9F04107461648F6F712FA3B68D3F807
:109010000C8058F820500646F5B97020F6F7B8F8DD
:10902000104B45600446C0E90255C0E90555C0E94A
:109030000755C0E90955C0E90B55C0E90D55036056
:109040000574C56380F86C5039460AF095FD3868A0
:1090500032462146F6F7A6FA58F82600BDE8F08118
:10906000C0CD0124C8E005084368994270B50646A2
:10907000154604D90A460A480A4902F0E1FC6A1C6E
:1090800004D10368716000225A5470BD002DFCD0D9
:109090005A1AAA4228BF2A46BDE8704009F0F3B91F
:1090A000C5660508276705082DE9F04107461648FB
:1090B000F6F7BEF93B68D3F80C8058F82050064606
:1090C000F5B97020F6F764F8104B45600446C0E926
:1090D0000255C0E90555C0E90755C0E90955C0E981
:1090E0000B55C0E90D5503600574C56380F86C50DD
:1090F00039460AF0FBFD386832462146F6F752FA47
:1091000058F82600BDE8F081BCCD0124B8E0050880
:1091100010B40468E46AA4465DF8044B604710B5D7
:1091200004460068FFF769FE4FF0FF33636010BD2F
:109130000B4611461A460BB113F02CBD184670476A
:1091400037B51D464368994204D90A460548064981
:1091500002F076FC1346009500220FF09FFD03B04D
:1091600030BD00BFC5660508B96705082DE9F047A1
:109170001C4686B000F108031646036002AA0023CD
:10918000C0E90133CDE900230546224668468846FA
:109190003146FFF716FEDDE9007307EB8309234B29
:1091A000A41B9C424FEA640694BFB0004FF0FF300E
:1091B0000FF08AFF6FF0604A04463A463346214674
:1091C000404610F08BFC8642024613D8461C14B170
:1091D00020460FF009FF564534BFB0004FF0FF3076
:1091E0000FF072FF3A46014604463346404610F0FF
:1091F00075FC024621462846FFF7EEFE384613F07E
:10920000BEFC07EB8000814505D0071D00212846E4
:109210000FF02AFDD1E714B120460FF0E5FE6846B5
:109220000FF045FC284606B0BDE8F087FCFFFF3F85
:109230002DE9F0438DB000251C46804602AB684600
:1092400000930195FFF7BDFD08AB149A214606A8CF
:10925000CDE90635FFF7B5FDDDE90097DDE90656F6
:1092600009EB870705EB86062A464946404610F07B
:109270002AFC044678B9484613F081FC09EB8009C2
:10928000284613F07CFC4F4505EB80040DD1341BC0
:1092900018BF4FF0FF3406A80FF009FC68460FF026
:1092A00006FC20460DB0BDE8F083A64203D009F1CC
:1092B0000409251DD8E70124EDE7F0B589B006AE15
:1092C00086E80C00139A0B680592129A0492119A80
:1092D00003929DF8402002920EAA04460D4692E8A1
:1092E00003008DE8030020469F68294696E80C009D
:1092F000B847204609B0F0BDF0B589B006AE86E8A3
:109300000C00139A0B680592129A0492119A039218
:109310009DF8402002920EAA04460D4692E80300F2
:109320008DE803002046DF68294696E80C00B84720
:10933000204609B0F0BD70B586B004AC84E80C00DE
:109340000C9A02920B9A01920B689DF828200092C9
:109350009E6894E80C000546B047284606B070BDEC
:1093600070B586B004AC84E80C000D9A03920C9A98
:1093700002920B9A01920B689DF828200092DE68F9
:1093800094E80C000546B047284606B070BD036857
:109390009B6818470368DB68184710B50B680446DC
:1093A0001B699847204610BD10B50B6804465B69E1
:1093B0009847204610BD10B50B6804469B69984736
:1093C000204610BD10B50B680446DB69984720465F
:1093D00010BD03681B6A184703685B6A82B002B05D
:1093E000184703689B6A82B002B0184703689B68FD
:1093F00018470368DB68184710B50B6804461B69FB
:109400009847204610BD10B50B6804465B69984725
:10941000204610BD10B50B6804469B69984720464E
:1094200010BD10B50B680446DB699847204610BD97
:1094300003681B6A184703685B6A82B002B018476A
:1094400003689B6A82B002B0184703689B6818479C
:109450000368DB68184710B50B6804461B6998471A
:10946000204610BD10B50B6804465B69984720463E
:1094700010BD10B50B6804469B699847204610BD87
:1094800003689B681847F0B589B006AE86E80C0003
:10949000129A0B680492119A0392109A02920EAAE1
:1094A00004460D4692E803008DE803002046DF687D
:1094B000294696E80C00B847204609B0F0BDF0B543
:1094C00089B006AE86E80C00129A0B680492119AD5
:1094D0000392109A02920EAA04460D4692E80300E7
:1094E0008DE8030020461F69294696E80C00B8471E
:1094F000204609B0F0BDF0B589B006AE86E80C0094
:10950000129A0B680492119A0392109A02920EAA70
:1095100004460D4692E803008DE8030020465F698B
:10952000294696E80C00B847204609B0F0BDF0B5D2
:1095300089B006AE86E80C00129A0B680492119A64
:109540000392109A02920EAA04460D4692E8030076
:109550008DE8030020469F69294696E80C00B8472D
:10956000204609B0F0BDF0B589B006AE86E80C0023
:10957000129A0B680492119A0392109A02920EAA00
:1095800004460D4692E803008DE803002046DF699B
:10959000294696E80C00B847204609B0F0BD000007
:1095A000003910B5054B036018BF01214160044626
:1095B000F5F7BEFEA060204610BD00BF18FB0508F1
:1095C00003689B68184773B5079E01960D68069E51
:1095D0000096ED680446A847204602B070BD0368B7
:1095E0001B69184710B40468A468A4465DF8044BCE
:1095F000604738B50D680446ED68A847204638BD79
:1096000003689B681847F7B56D4685E806009DF826
:109610000460089F0446194636B900983A4608F097
:1096200074FE874218BF01268DF8046095E8030098
:1096300084E80300204603B0F0BD00002DE9F04FA0
:1096400097B004A9DDF88080039008F16C042046EF
:1096500081E80C00229F0AF05BF805462046FFF7E0
:1096600023FD3E68036C32689A4204467B6842D010
:10967000D0E909B9826B07922A682846576906EB38
:10968000830332460421B847851BAD100295002D97
:1096900000F0BF800CAB002769000AA8CDE90B776A
:1096A0000A930FF0C6FA626BA5EB020ABA452FDDEA
:1096B000E168BA42A8BF55460B9A002962D03946E4
:1096C00000976B000AA80FF0E9FA06EB8503CDE9D5
:1096D00000630A9FA169D4E9022338460AF02DF9F4
:1096E0000B9BC01BB3EBA00F4FEAA0020BD25E494D
:1096F0005E4802F0A5F9C26B0792D0E90BB9002BC6
:10970000BAD00436B8E711460AA80FF0A3F9AA4662
:10971000626B002A0CDD61690AA80FF0A5FABAF1A4
:10972000000F35DB626B06EB8A010AA8FFF754FCD9
:10973000D8F80C5005F0B003029315F400750B9B9C
:1097400018BF256A4B441D44002612AB690010A8BF
:109750001093CDE911660FF06CFA029BD8F80870EF
:10976000102B03D1BD422CBF002601264FF0000A6A
:1097700007AB13F80A30042B1CD8DFE803F06B6248
:1097800012565F00009533460AA80FF02BFBBEE788
:10979000626CCAF100010AA8FFF714FC029A314674
:1097A000C3E7D8F80C309B0504D5D4E9071210A8FC
:1097B000FFF712FC0AF1010ABAF1040FD8D1B9F18E
:1097C000010F06D909F1FF320BF1040110A8FFF7D0
:1097D00003FC11998F4209D9029B202BA7EB0101B1
:1097E0003BD1219A10A8FFF7EDFB394608AC109B3E
:1097F00000912046DDE90412FFF705FF94E803001D
:10980000049010A88DF814100FF051F90AA80FF069
:109810004EF9DDE904010023C8F80830039B83E812
:109820000300184617B0BDE8F08FB9F1000FC1D0A2
:10983000DBF8001010A80FF017FABBE7DDE90A12F9
:10984000B5E72EB1219A791B10A8FFF7BBFBB1E752
:109850002199EFE7002EADD0F4E70A46219B0021C5
:1098600010A8FFF76DFCC0E727670508C566050867
:109870002DE9F04F97B004A9DDF88080039008F13E
:109880006C04204681E80C00229F09F041FF054648
:109890002046FFF7B5FB3E68036C32689A420446E7
:1098A0007B6842D0D0E909B9826B07922A682846C2
:1098B000576906EB830332460421B847851BAD1078
:1098C0000295002D00F0BF800CAB002769000AA8AC
:1098D000CDE90B770A930FF0ACF9626BA5EB020AA6
:1098E000BA452FDDE168BA42A8BF55460B9A002958
:1098F00062D0394600976B000AA80FF0CFF906EB4B
:109900008503CDE900630A9FA169D4E902233846A3
:109910000AF013F80B9BC01BB3EBA00F4FEAA00299
:109920000BD25E495E4802F08BF8C26B0792D0E919
:109930000BB9002BBAD00436B8E711460AA80FF0CD
:1099400089F8AA46626B002A0CDD61690AA80FF04B
:109950008BF9BAF1000F35DB626B06EB8A010AA8BE
:10996000FFF73AFBD8F80C5005F0B003029315F45A
:1099700000750B9B18BF256A4B441D44002612AB93
:10998000690010A81093CDE911660FF052F9029BFF
:10999000D8F80870102B03D1BD422CBF0026012639
:1099A0004FF0000A07AB13F80A30042B1CD8DFE88D
:1099B00003F06B6212565F00009533460AA80FF061
:1099C00011FABEE7626CCAF100010AA8FFF7FAFAC1
:1099D000029A3146C3E7D8F80C309B0504D5D4E988
:1099E000071210A8FFF7F8FA0AF1010ABAF1040FFA
:1099F000D8D1B9F1010F06D909F1FF320BF10401F9
:109A000010A8FFF7E9FA11998F4209D9029B202B80
:109A1000A7EB01013BD1219A10A8FFF7D3FA3946F1
:109A200008AC109B00912046DDE90412FFF7EBFD26
:109A300094E80300049010A88DF814100FF037F884
:109A40000AA80FF034F8DDE904010023C8F8083053
:109A5000039B83E80300184617B0BDE8F08FB9F107
:109A6000000FC1D0DBF8001010A80FF0FDF8BBE725
:109A7000DDE90A12B5E72EB1219A791B10A8FFF78C
:109A8000A1FAB1E72199EFE7002EADD0F4E70A463D
:109A9000219B002110A8FFF753FBC0E727670508AB
:109AA000C56605082DE9F04F2DED028BB0EE408B19
:109AB00091B004AF07F1080484E80C007B6E97F8BE
:109AC00060B00546884607F1140003F16C01F5F714
:109AD00017FC07F1140009F01BFE90B08146F5F762
:109AE00027FC04AE4FF0000AB86131468DED028BC1
:109AF000294BCDF800A0402207F11800FAF7A4FF87
:109B00003F28014616DD083121F00701ADEB010DBC
:109B1000421C7A60F5F70CFC04AEB8618DED028B47
:109B2000CDF800A031461C4B7A6807F11800FAF70F
:109B30008BFF014607F12003002207F11800BB61EB
:109B400079600FF00FF87968BB69721848463146A2
:109B5000FFF7DEFA07F118030293BB6E01937B6EE9
:109B6000009394E80C0041462846BBF1000F10D04A
:109B7000FFF764FD07F118000EF099FF07F11400DC
:109B8000F5F730FC28463437BD46BDEC028BBDE806
:109B9000F08FFFF76DFEEDE7CE670508F0B587B0F3
:109BA00004AC84E80C00DDE90D320F9E9DF83070A6
:109BB0000093CDE90126054694E80C0027B1FFF794
:109BC0003DFD284607B0F0BDFFF752FEF9E70368F8
:109BD0001B6B184703681B6A184703689B69184783
:109BE00003689B6A184710B50446D0E9003043B1BA
:109BF000421C06D1184608F07FFB431C04BF00231B
:109C0000236010BD38B50D46FFF7EDFF044628462A
:109C1000FFF7E9FF431C584204F101025841544246
:109C20005441011B4842484138BD08B5FFF7EAFFDF
:109C300080F00100C0B208BD2DE9F74F0546DDE90F
:109C400012076C466C3084E80C00DDF840A009F087
:109C50005FFD4FF0000980464E464FF00A0B0CA9FD
:109C60002046FFF7E2FF70B1119B9E420BD02046C9
:109C7000FFF7B9FF2A2201464046FFF7A8FF303818
:109C8000C2B2092A10D9C6B10F9A914515DBD14548
:109C900013DC0E9AC2F8009094E8030085E80300F4
:109CA000284603B0BDE8F08F0BFB0909D145EADC7B
:109CB0002046FFF734FA0136D1E73B6843F004034E
:109CC0003B60E9E72DE9F04F8DB000AF07F12006CA
:109CD000B861F86E6C3086E80C0009F019FDBB6EB7
:109CE0006A46A2EBC3039D46DB087B61BB6E9B000B
:109CF0003B61BB6E0546E84607F15801304608EB6C
:109D00008309FFF792FF044628B90026012C39D8B1
:109D100040F07A8160E13046FFF765FF0446014676
:109D20002846FFF757FF214606462846FFF755FF0E
:109D30004FF0000B82465C46BB6E9B45E5D07B6EC8
:109D400053F82B3028461968FFF744FFB0420FD173
:109D5000A300FB617B6E53F82B0012F010FFFB6930
:109D600049F8240048F803B001340BF1010BE3E794
:109D70007B6E53F82B3028461968FFF72EFF5045AD
:109D8000F3D1E5E7CB4609EB84005BF8043BFB62CB
:109D90005B461A46F96AD2F800C08C4507F12C01DF
:109DA00028BF0A460433D2F800A0C7F82CA0984276
:109DB000EFD1013607F12000FFF7B1F9B2452CD100
:109DC00007F1580107F12000FFF72FFF8246002816
:109DD0005ED14FF0000A002359F82320911B4A421C
:109DE0004A41524509BF04F1FF34013358F8242099
:109DF00048F8232004BF59F8242049F82320A3421F
:109E0000EAD3BAF1000F00F08580D9F800300121C3
:109E100007F12C0CA142FB6272D3FB6AB34240F201
:109E2000D68007F1580107F12000FFF7FEFE002859
:109E300000F0CD8007F12000FFF7D5FE014628464F
:109E4000FFF7C8FEF86007F12000FFF7CCFE0146DF
:109E50002846FFF7C2FEB300B860FB614FF0000A6E
:109E600054457FF653AF7B6E58F82A2053F82220D2
:109E7000FB697A60D1582846FFF7ACFEFB687A6828
:109E800098424FEA8A0B40F08F800AF1010AE7E717
:109E900007F12000FFF7A7FE01462846FFF79AFECC
:109EA000F86007F12000FFF79EFE01462846FFF705
:109EB00094FEB300FB61B8600023796E58F823204C
:109EC00051F8222059F82310B14203D801339C42A3
:109ED000F3D17EE73B60FB697A60D1582846FFF7F3
:109EE00079FEFB6898423FF476AFFB697A682846B2
:109EF000D158FFF772FEBB6898423B68E6D16AE72B
:109F00005A4601311068834298BF62460BF1040B38
:109F100013687FE7022C65D1BB6EDB0774D4D8F8D9
:109F20000030B86EBA6EB3EB500F4FEA5201D8F85A
:109F300004202DD20B44934266D1D7E90432D8F8DD
:109F4000004053F832807B6E53F8243003EB8609CF
:109F5000464560D207F1580107F12000FFF765FE82
:109F6000002851D059F8041B2846FFF733FE8246DB
:109F700007F12000FFF737FE01462846FFF72AFECB
:109F8000824531D107F12000FFF7C9F80136DFE73C
:109F90005B1A934238D1D7E90421C8F80030D9F8C8
:109FA000043042F83130C8E7FB692846D158FFF742
:109FB00014FEBB6898423FF468AF013C58F8242077
:109FC00048F80B2059F8242049F80B2048E70023D3
:109FD000012C19D1002BB0D107F12000FFF79FF819
:109FE0000136AAE70123F3E759F8041C2846FFF7D6
:109FF000F4FD824607F12000FFF7F5FD01462846F3
:10A00000FFF7EBFD8245BDD03B6F3A6F1B6843F015
:10A010000403136002E0F7D13B6E1C60D7E908012E
:10A02000BB69343783E803001846BD46BDE8F08FAE
:10A030002DE9F04F85B000AF8046F86CD7F844A00A
:10A0400007F108096C3089E80C0009F061FBBB6C72
:10A0500078606A46A2EBC3039D4607F13801484683
:10A060006C46FFF7E2FD002800F084804846FFF7C9
:10A07000BAFDBA6C002603464FEA420B3546B3459B
:10A0800037D8002D76D04846FFF749F8AB000733A4
:10A0900023F00703ADEB030DE946002654F8263004
:10A0A0005AF8230012F06BFD49F826000136B5423C
:10A0B000F4D1012507F1380107F10800FFF7B5FDDC
:10A0C00048BB012E5AD1D9F80030AB425FD1BA6CEF
:10A0D00023689342A8BF9B1A3A6C136007F11003E0
:10A0E00013E90300143788E803004046BD46BDE885
:10A0F000F08F5AF826100968994204D144F8256077
:10A1000001350136BBE778683B60FFF766FD3B68C9
:10A110009842F6D1F2E707F10800FFF764FD00234B
:10A1200086464FEA850B19469E4207D88E42C8D014
:10A1300007F10800FEF7F3FF0135BBE759F82320CC
:10A14000AA424FEA830C09EB830002D801310133A4
:10A15000EAE754F823205AF8222052F80B207245DF
:10A16000F5D0013E54F8262044F80C2059F826205A
:10A170000260D9E700263546B1469BE7022E06D19C
:10A18000D9F80030AB42A2D0D9F804309DE73B6D3E
:10A190003A6D1B6843F004039FE700002DE9F04F80
:10A1A000ABB08B46369D0B9005F16C060EA9304680
:10A1B00081E80C00DDF8E0A03A9C09F0B7FB0990BB
:10A1C000304609F0A5FA8146399812F0D8FC0023F0
:10A1D0000A90109334A90EA80893FFF726FDDDF826
:10A1E0004080002800F07A84089B0A9A934280F00D
:10A1F0007584B8F1000F00F08484379B379A1B6890
:10A2000043F00403136000F072BC0233B16808939A
:10A2100000224846FFF7DBFC00F092BC099B9B68DC
:10A22000DA6A12921A6B13925A6B14929A6B159205
:10A23000DA6B16921A6C17925A6C18929A6C1992E1
:10A24000DA6C1A921A6D1B925A6D1C929A6D1D92BD
:10A25000DA6D1E921B6E1F9310ABCDE905530E23D2
:10A26000049312AB039311AB029334AB93E8030056
:10A270008DE803000CAF0EAE96E80C005946384648
:10A28000FFF720FD97E80300109B86E80300002BF2
:10A290003CD1119A072392FBF3F3C3EBC303D21A09
:10A2A000CAF81820237843F00203E0E0099B12AAC1
:10A2B00098681146FEF7ABFD1EA9FEF7C6FD10AB70
:10A2C000CDE905531823CDE9032311AB029334AB39
:10A2D00093E803008DE803000CAF0EAE96E80C0087
:10A2E00059463846FFF7EEFC97E80300109B86E8D6
:10A2F00003005BB9119B0C2293FBF2F102FB1133BB
:10A30000CAF81030238843F481632380089B01330B
:10A3100060E7099B06949B689B6905930CAF10ABA3
:10A32000CDE90253CDF810A034AB93E803008DE8DB
:10A3300003000EAE96E80C0059463846FFF72EFF94
:10A3400097E80300109B86E80300002BDED16378BA
:10A3500043F0040377E110ABCDE906534FF0020858
:10A360006323CDE904380023039311AB029334AB8C
:10A3700093E803008DE803000CAF0EAE96E80C00E6
:10A3800059463846FFF758FC97E80300109B86E8CB
:10A390000300002BBAD1119B6360238843F49063C0
:10A3A000B3E70EA8FFF71FFC082102464846FFF757
:10A3B00027F910B10EA8FEF7B2FE10ABCDE9065397
:10A3C0004FF0020E1F23CDE9043E0123039311AB8E
:10A3D000029334AB93E803008DE803000CAF0EAE9C
:10A3E00096E80C0059463846FFF726FC97E803002C
:10A3F000109B86E80300002B88D1119BCAF80C3013
:10A40000238843F4826380E7B84A12AE3346A2F150
:10A4100009014846FEF77CFE0CAFCDE905647EE7F6
:10A4200010ABCDE906534FF0020C1723CDE9043CE5
:10A430000023039311AB029334AB93E803008DE840
:10A4400003000CAF0EAE96E80C0059463846FFF7F5
:10A45000F3FB97E80300109A86E80300002A7FF4D4
:10A4600055AF119BCAF80830237862F300032370BC
:10A470004CE710ABCDE906530C270223CDE904735A
:10A480000123039311AB029334AB93E803008DE8EF
:10A4900003000DF130080EAE96E80C005946404618
:10A4A000FFF7CAFB98E80300109B86E80300002B27
:10A4B0007FF42CAF119B93FBF7F207FB1233CAF822
:10A4C0000830237843F00103D1E710ABCDE9065300
:10A4D00003264FF4B773CDE904360123039311AB80
:10A4E000029334AB93E803008DE803000CAF0EAE8B
:10A4F00096E80C0059463846FFF79EFB97E80300A4
:10A50000109B86E80300002B7FF400AF119B013BFA
:10A51000CAF81C30237843F00403A8E710ABCDE958
:10A52000065302200C23CDE904300123039311AB21
:10A53000029334AB93E803008DE803000CAF0EAE3A
:10A5400096E80C0059463846FFF776FB97E803007B
:10A55000109B86E80300002B7FF4D8AE119B013BD3
:10A56000CAF81030237843F0080380E710ABCDE938
:10A57000065302213B23CDE904310023039311ABA1
:10A58000029334AB93E803008DE803000CAF0EAEEA
:10A5900096E80C0059463846FFF74EFB97E8030053
:10A5A000109B86E80300002B7FF4B0AE119BCAF825
:10A5B0000430ABE634A90EA8FFF737FB00283FF4C0
:10A5C000A5AE0EA8FFF70FFB082102464846FFF78D
:10A5D00017F800283FF49AAE0EA8FEF7A0FDE9E7B1
:10A5E000099B9B681A6A129212685B6A1393002A8D
:10A5F0003FF48CAE1B68002B3FF488AE10ABCDE966
:10A6000005530223049312AB039311AB029334ABB3
:10A6100093E803008DE803000CAF0EAE96E80C0043
:10A6200059463846FFF74EFB97E80300109B86E833
:10A630000300002B7FF46AAE119B002B3FF466AE43
:10A64000637843F00103637060E6099B06949B689E
:10A650009B6A0CAF059309E0254A12AE3346911F61
:10A660004846FEF755FDCDE905640CAF10ABCDE9CA
:10A670000253CDF810A034AB93E803008DE803003B
:10A680000EAE5946384696E80C00FFF787FD97E86E
:10A69000030086E8030039E610ABCDE90653022239
:10A6A0003C23CDE904320023039311AB029334AB76
:10A6B00093E803008DE803000CAF0EAE96E80C00A3
:10A6C00059463846FFF7B8FA97E80300109B86E82A
:10A6D0000300002B7FF41AAE119BCAF8003015E678
:10A6E000044A12AE3346A2F10901B9E7DD67050855
:10A6F000E3670508EC67050810ABCDE906534FF09A
:10A7000002083523CDE904380023039311AB0293EB
:10A7100034AB93E803008DE803000CAF0EAE96E86F
:10A720000C0059463846FFF787FA97E80300109B5C
:10A7300086E80300002B7FF4E9AD119B22681B041F
:10A7400003F47C1322F47C1243F0200322F0200255
:10A7500013432360DAE510ABCDE906534FF0010E49
:10A760000623CDE9043E0023039311AB029334ABDF
:10A7700093E803008DE803000CAF0EAE96E80C00E2
:10A7800059463846FFF758FA97E80300109B86E8C9
:10A790000300002B7FF4BAAD119BCAF8183081E595
:10A7A00010ABCDE906534FF0020C3523CDE9043C44
:10A7B0000023039311AB029334AB93E803008DE8BD
:10A7C00003000CAF0EAE96E80C0059463846FFF772
:10A7D00033FA97E80300109B86E80300002B7FF410
:10A7E00095AD119B22681B0403F47C1322F47C12A8
:10A7F00043F0400322F04002AAE7099B06949B68BD
:10A800000CAF9B6826E7099B06949B680CAF1B69FD
:10A8100020E710ABCDE9065302266323CDE90436C9
:10A820000023039311AB029334AB93E803008DE84C
:10A8300003000CAF0EAE96E80C0059463846FFF701
:10A84000FBF997E80300109B86E80300002B7FF4D8
:10A850005DAD637823F0060343F00603637034A90B
:10A860003046FFF7E2F900283BD03046FFF7BBF94E
:10A870002A2201464846FFF7AAF9A0F130085FFAFC
:10A8800088F3092B2DD83046FEF749FC119B0A2787
:10A8900007FB038334A930461193FFF7C6F9A0B133
:10A8A0003046FFF7A0F92A2201464846FFF78FF904
:10A8B000A0F130085FFA88F3092B06D83046FEF77E
:10A8C0002EFC119B07FB03831193119BA3F26C7366
:10A8D0001193637823F002036370119BCAF814305C
:10A8E00014E5119B442BDCBF64331193F5E710ABE7
:10A8F000CDE90653042042F20F73CDE90430002362
:10A90000039311AB029334AB93E803008DE803008B
:10A910000CAF0EAE96E80C0059463846FFF78CF99E
:10A9200097E80300109B86E80300002B7FF4EEAC51
:10A93000119BA3F26C73CAF81430637823F00603FA
:10A9400006E50EA8FFF74FF9012102464846FEF73B
:10A9500057FE00287CD010ABCDE905530E2304939D
:10A96000CF4B039312AB029334AB93E803008DE813
:10A9700003000CAE0EAB0CCB59463046FFF7A2F9E4
:10A9800096E803000EAB83E8030034A91846FFF7EE
:10A990004CF900283FF4BAAC109B129A13437FF491
:10A9A000B5AC0EA8FFF71FF92D2106464846FFF764
:10A9B00017F9B04236D110AF17230222CDE9043285
:10A9C000CDE906570023039312AB029334AB93E80F
:10A9D00003008DE803000CAE0DF1380898E80C0078
:10A9E00059463046FFF728F996E803003B2388E8EC
:10A9F00003000221CDE90431CDE90657002303937A
:10AA000012AB029334AB93E803008DE80300594680
:10AA1000304698E80C00FFF70FF996E8030088E845
:10AA2000030073E40EA8FFF7DEF82B210646484624
:10AA3000FFF7D6F8B0427FF469ACBCE70EA8FFF789
:10AA4000D2F8252106464846FFF7CAF8B04241D061
:10AA5000109B43F00403109358E4399B089A082193
:10AA600053F822204846FEF7CBFDA8B134A90EA822
:10AA7000FFF7DBF800283FF449AC0EA8FFF7B3F866
:10AA8000082102464846FEF7BBFD00283FF43EACD5
:10AA90000EA8FEF744FBE9E7399B4846D959FFF772
:10AAA00099F806460EA8FFF79EF801464846FFF7BC
:10AAB00091F886420ED0399B4846D959FFF78DF858
:10AAC00006460EA8FFF78FF801464846FFF785F8BF
:10AAD0008642BCE70EA8FEF722FB17E4B8F1000F90
:10AAE0007FF48BAB089B0A9A93427FF486AB0EAB44
:10AAF00093E803000B9B83E8030018462BB0BDE8E6
:10AB0000F08F089B089A08999F00399B484603EBF1
:10AB1000820653F821104246FFF759F825289CD1A8
:10AB2000716842464846FFF752F84528089BCDF821
:10AB300044803FF46AAB4F283FF467AB013308937E
:10AB40002538542884D801A353F820F03DAA0308DF
:10AB500051AA030851AA030851AA030851AA0308DD
:10AB600051AA030851AA030851AA030851AA0308CD
:10AB700051AA030851AA030851AA030851AA0308BD
:10AB800051AA030851AA030851AA030851AA0308AD
:10AB900051AA030851AA030851AA030851AA03089D
:10ABA00051AA030851AA030851AA030851AA03088D
:10ABB00051AA030851AA030851AA03081DA20308B9
:10ABC000ADA2030857A3030809A4030851AA030868
:10ABD00051AA030851AA030821A4030873A4030877
:10ABE00051AA030851AA030851AA03086DA5030836
:10ABF00051AA030851AA030851AA030851AA03083D
:10AC000059A6030899A60308E1A60308F9A60308B4
:10AC100051AA0308A1A7030807A80308EFA803087F
:10AC200043A9030851AA030851AA030851AA03081B
:10AC300051AA030851AA030851AA03081DA2030838
:10AC4000ADA2030813A30308A3A30308A3A3030847
:10AC500051AA030851AA0308ADA2030851AA030888
:10AC6000CBA4030851AA030851AA03081DA5030891
:10AC7000B5A5030851AA0308E1A5030851AA0308D2
:10AC80004BA6030851AA0308B5A5030851AA030857
:10AC900051AA030857A70308FBA7030813A8030832
:10ACA000740000242DE9F04F8FB0DDE91AB70AAC2B
:10ACB0004FF0000A06460BF16C0084E80C00884651
:10ACC000CDF834A008F024FD0DABCDE906B3022287
:10ACD0006323CDE904320CAB0293CDF80CA018AB82
:10ACE000814693E803008DE8030008AD94E80C006A
:10ACF00041462846FEF7A0FF95E803000D9B84E837
:10AD00000300002B51D118A92046FEF78EFF002822
:10AD100046D02046FEF767FF2A2201464846FEF746
:10AD200056FFA0F13005EBB2092B39D82046FEF7CB
:10AD3000F6F90C9B4FF00A0808FB035518A92046AA
:10AD40000C95FEF772FF98B12046FEF74CFF2A22C1
:10AD500001464846FEF73BFFA0F13005EBB2092B58
:10AD600006D82046FEF7DBF90C9B08FB03550C9533
:10AD70000C9BA3F26C730C931C9B0C9A5A6118A940
:10AD80002046FEF73FFF18B13B6843F002033B60EB
:10AD900094E8030086E8030030460FB0BDE8F08F6A
:10ADA0000C9B442BE8DC6433E5E73B6843F0040389
:10ADB0003B60E4E72DE9F0439DB0DDE926960AAC5F
:10ADC000054609F16C0084E80C00884608F0AEFDE9
:10ADD00083689A6C0E92DA6C0F921A6D10925A6D0B
:10ADE00011929A6D1292DA6D13921A6E1492DA6AB7
:10ADF00015921A6B16925A6B17929A6B1892DA6B1D
:10AE000019921A6C5B6C1B9300230D930DABCDE96B
:10AE1000059307231A9204930EAB03930CAB029392
:10AE200024AB93E803008DE8030008AF94E80C001E
:10AE300041463846FFF7FCF897E803000D9B84E88D
:10AE400003009BB9289B0C9A9A6124A92046FEF71F
:10AE5000D9FE18B1336843F00203336094E803006D
:10AE600085E8030028461DB0BDE8F083336843F051
:10AE700004033360E9E72DE9F043A7B0DDE930963C
:10AE80000AAC054609F16C0084E80C00884608F01D
:10AE90004DFD0EAA80681146FDF7D7FF1AA9FDF7F0
:10AEA000B6FF00230D930DABCDE905930C23CDE93F
:10AEB00003230CAB02932EAB93E803008DE8030051
:10AEC00008AF94E80C0041463846FFF7B1F897E820
:10AED00003000D9B84E803009BB9329B0C9A1A6116
:10AEE0002EA92046FEF78EFE18B1336843F0020308
:10AEF000336094E8030085E80300284627B0BDE8E6
:10AF0000F083336843F004033360E9E72DE9F04F41
:10AF100091B0DDE91CB70AAC05460BF16C0084E882
:10AF20000C00DDF878A0894608F000FD83681A69F6
:10AF3000CDF808B00DAECDE90526CDE9037A0023A2
:10AF4000CDE90D330F931AAB93E803008DE80300AE
:10AF50000DF1200894E80C0049464046FFF71EF921
:10AF600098E8030084E80300514630460EF0BAFE2C
:10AF70001AA92046FEF746FE18B13B6843F00203CB
:10AF80003B6094E8030085E80300284611B0BDE863
:10AF9000F08F2DE9F04F91B0DDE91CB70AAC054602
:10AFA0000BF16C0084E80C00DDF878A0894608F00D
:10AFB000BDFC83689A68CDF808B00DAECDE90526D2
:10AFC000CDE9037A0023CDE90D330F931AAB93E853
:10AFD00003008DE803000DF1200894E80C004946B9
:10AFE0004046FFF7DBF898E8030084E80300514689
:10AFF00030460EF077FE1AA92046FEF703FE18B180
:10B000003B6843F002033B6094E8030085E80300DB
:10B01000284611B0BDE8F08F2DE9F04F95B0DDE97D
:10B0200020B605460AAC0BF16C004FF0000884E82E
:10B030000C0089469DF88CA09DF8907008F068FB84
:10B04000C6F800802521FEF7CBFD1090002F34D1EB
:10B05000CDE911A70023CDE90D330F9310AB059374
:10B06000229BCDF808B0CDE903630DAF06971EAB68
:10B0700093E803008DE803000DF1200894E80C002C
:10B0800049464046FFF78AF898E8030084E8030041
:10B09000229938460EF026FE1EA92046FEF7B2FD84
:10B0A00018B1336843F00203336094E8030085E885
:10B0B0000300284615B0BDE8F08FCDE9117ACDF830
:10B0C0004C80C7E72DE9F04F9BB00AA981E80C003E
:10B0D000DDE9263903F16C040690204608F018FBE0
:10B0E00004902046FDF7E0FF00F140030793836AD8
:10B0F00005461BB1036B003B18BF0123029310AB45
:10B100000E9300230F938DF840302B7C1BB1202130
:10B110000EA807F033FA002616AB202114A81493CA
:10B1200015968DF8586007F029FA05F14403089345
:10B13000EB6B0D93B04637460396B24601960DABC6
:10B140009B5D042B62D8DFE813F07B0153013000D4
:10B15000F4000500DFF840B324A90AA8FEF765FD56
:10B1600003460446002800F02E810AA80993FEF742
:10B170003AFD0A21024605900898FDF7D9FF059A85
:10B18000099B002800F00E81079BC41AA410DBF86D
:10B19000003014A8195D07F00CFA7C1C039F0AA864
:10B1A000FDF7BDFF03972746D6E7269BDB689A0588
:10B1B0001FD4BAF1010F1CD8DEB1012E0BD1029BB6
:10B1C000BBB99DF83430032B13D09DF83630012BDA
:10B1D0000FD00226B3E7022E40F046819DF83730AB
:10B1E000042B06D0029A002A00F03981032B40F08C
:10B1F00038812B6A05934FF0000B24A90AA8FEF7AB
:10B2000014FD059B044618B99B4511D1012419E092
:10B210009B4517D00AA8FEF7E6FCEA6952F82B20F6
:10B22000824205D10AA8FDF77AFF0BF1010BE4E792
:10B23000BBF1000F40F01181269BDC6884F40074A0
:10B24000C4F340240136042E40F0FD80BAF1010F12
:10B2500040F21D81002C00F0F980019B002B00F0D2
:10B260000581EC6A012624A90AA8FEF7DEFC002865
:10B2700040F0FE80B24540F0E980159B012B11D9CA
:10B280000022302114A807F01BFC024650B1431CD9
:10B2900008BF159A4FF0000108BF02F1FF3214A851
:10B2A000FDF7E2FE019B3BB114990B78302B03D0E4
:10B2B0002D2214A807F0FAF90F9BA3B1B8F1000FE3
:10B2C00000F0E8809DF80C100EA807F072F9D5E99F
:10B2D00002010EAA0EF04EFE28B9D9F8003043F054
:10B2E0000403C9F80030B8F1000F03D06B6B9F4224
:10B2F00040F0AC80289814A907F012FB0AAC24A9EE
:10B300002046FEF77FFC28B1D9F8003043F0020355
:10B31000C9F8003094E80300069B83E8030014A8F2
:10B3200007F033F80EA807F030F806981BB0BDE818
:10B33000F08FAB6AABB92B6B3BB324A90AA8FEF71D
:10B3400074FC044608B30AA8FEF74DFCEB6A1B68C0
:10B3500083421AD10AA8D5F830A0FDF7E0FE019487
:10B3600070E724A90AA8FEF760FC04460028E2D092
:10B370000AA8FEF738FC6B6A1B688342DBD10AA877
:10B38000D5F828A0FDF7CBFE5CE7AB6A1BB9029BA2
:10B3900083F0010456E72B6B002BF8D101230193B6
:10B3A0001C464FE76969914208D1B8F1000F05D1F9
:10B3B0006A6B002A08DD98460446F0E62B7C1BB138
:10B3C000AB69934205D00124159B002B08BF0024D4
:10B3D00038E7B8F1000F07D147B1F9B20EA807F06E
:10B3E000E8F84446039FDAE64446EDE73C46EBE7DF
:10B3F00024A90AA8FEF719FCA8B90024032E3FF4DB
:10B4000025AF24A90AA8FEF710FCD8B10AA8FEF7B8
:10B41000EAFB082102460498FEF7F2F890B10AA868
:10B42000FDF77DFEEDE70AA8FEF7DDFB08210246E9
:10B430000498FEF7E5F80028DFD00AA8FDF76FFEB4
:10B440000124DBE70136002C7FF479AED9F8003017
:10B4500043F00403C9F8003050E70024F2E6032665
:10B460006DE6029C0326EEE70124EFE66C6AF9E63E
:10B47000B2453FF402AF0AA8FEF7B5FB54F82630F8
:10B480008342E3D10AA8FDF74AFE0136EBE6002C21
:10B49000DCD0F2E6F9B217E7700000242DE9F04F96
:10B4A0009BB00AA981E80C00DDE9263903F16C04A0
:10B4B0000690204608F02CF904902046FDF7A0FDE8
:10B4C00000F140030793836A05461BB1036B003B01
:10B4D00018BF0123029310AB0E9300230F938DF836
:10B4E00040302B7C1BB120210EA807F047F8002626
:10B4F00016AB202114A8149315968DF8586007F008
:10B500003DF805F144030893EB6B0D93B0463746C5
:10B510000396B24601960DAB9B5D042B62D8DFE823
:10B5200013F07B0153013000F4000500DFF840B355
:10B5300024A90AA8FEF779FB03460446002800F078
:10B540002E810AA80993FEF74EFB0A2102460590B8
:10B550000898FDF7EDFD059A099B002800F00E8183
:10B56000079BC41AA410DBF8003014A8195D07F07B
:10B5700020F87C1C039F0AA8FDF7D1FD03972746FE
:10B58000D6E7269BDB689A051FD4BAF1010F1CD8B9
:10B59000DEB1012E0BD1029BBBB99DF83430032BD9
:10B5A00013D09DF83630012B0FD00226B3E7022EC0
:10B5B00040F046819DF83730042B06D0029A002ACD
:10B5C00000F03981032B40F038812B6A05934FF04E
:10B5D000000B24A90AA8FEF728FB059B044618B90E
:10B5E0009B4511D1012419E09B4517D00AA8FEF70D
:10B5F000FAFAEA6952F82B20824205D10AA8FDF72F
:10B600008EFD0BF1010BE4E7BBF1000F40F011815F
:10B61000269BDC6884F40074C4F340240136042EB5
:10B6200040F0FD80BAF1010F40F21D81002C00F0C6
:10B63000F980019B002B00F00581EC6A012624A90A
:10B640000AA8FEF7F2FA002840F0FE80B24540F06A
:10B65000E980159B012B11D90022302114A807F095
:10B660002FFA024650B1431C08BF159A4FF0000153
:10B6700008BF02F1FF3214A8FDF7F6FC019B3BB1B5
:10B6800014990B78302B03D02D2214A807F00EF854
:10B690000F9BA3B1B8F1000F00F0E8809DF80C10EB
:10B6A0000EA806F086FFD5E902010EAA0EF062FC94
:10B6B00028B9D9F8003043F00403C9F80030B8F1D4
:10B6C000000F03D06B6B9F4240F0AC80289814A908
:10B6D00007F026F90AAC24A92046FEF793FA28B110
:10B6E000D9F8003043F00203C9F8003094E80300B1
:10B6F000069B83E8030014A806F047FE0EA806F098
:10B7000044FE06981BB0BDE8F08FAB6AABB92B6B5B
:10B710003BB324A90AA8FEF788FA044608B30AA88E
:10B72000FEF761FAEB6A1B6883421AD10AA8D5F8C2
:10B7300030A0FDF7F4FC019470E724A90AA8FEF7F5
:10B7400074FA04460028E2D00AA8FEF74CFA6B6AA5
:10B750001B688342DBD10AA8D5F828A0FDF7DFFCDF
:10B760005CE7AB6A1BB9029B83F0010456E72B6BC5
:10B77000002BF8D1012301931C464FE769699142E0
:10B7800008D1B8F1000F05D16A6B002A08DD984690
:10B790000446F0E62B7C1BB1AB69934205D0012433
:10B7A000159B002B08BF002438E7B8F1000F07D124
:10B7B00047B1F9B20EA806F0FCFE4446039FDAE654
:10B7C0004446EDE73C46EBE724A90AA8FEF72DFA2C
:10B7D000A8B90024032E3FF425AF24A90AA8FEF738
:10B7E00024FAD8B10AA8FEF7FEF908210246049807
:10B7F000FDF706FF90B10AA8FDF791FCEDE70AA856
:10B80000FEF7F1F9082102460498FDF7F9FE002839
:10B81000DFD00AA8FDF783FC0124DBE70136002C0A
:10B820007FF479AED9F8003043F00403C9F8003052
:10B8300050E70024F2E603266DE6029C0326EEE7BD
:10B840000124EFE66C6AF9E6B2453FF402AF0AA8BC
:10B85000FEF7C9F954F826308342E3D10AA8FDF770
:10B860005EFC0136EBE6002CDCD0F2E6F9B217E71D
:10B87000700000242DE9F04391B006AC84E80C0080
:10B88000DDE91B380CAA8C469DF868100A920AAFB5
:10B8900000220293CDE9038705460B928DF83020F4
:10B8A00008AE18AB19B393E803008DE803006146B6
:10B8B00094E80C003046FFF705FC96E80300DDF83D
:10B8C000289084E80300F3F733FD1D990890334670
:10B8D000424648460DF058FF94E8030085E803000F
:10B8E000384606F052FD284611B0BDE8F08393E8D3
:10B8F00003008DE80300614694E80C003046FFF732
:10B90000CDFDDAE72DE9F04F91B006ACDDF874B06B
:10B910009DF870A005460BF16C0084E80C00884689
:10B9200007F0F6FE1E9BCDE902B30AAF04971AABEF
:10B93000814693E803008DE803000CAA0A9208AE42
:10B9400000220B928DF83020414694E80C003046DE
:10B95000BAF1000F1DD0FFF7B5FB96E803000B9E70
:10B9600084E8030056B11F9831460DF0EBF90A99AF
:10B970001F9B8A191B684846FDF7CAFB94E8030021
:10B9800085E80300384606F000FD284611B0BDE802
:10B99000F08FFFF783FDE0E7184B1A68D1075CBF13
:10B9A00001221A60164B1A68D2075CBF01221A6086
:10B9B000144B1A68D0075CBF01221A60124B1A6838
:10B9C000D1075CBF01221A60104B1A68D2075CBF16
:10B9D00001221A600E4B1A68D0075CBF01221A6060
:10B9E0000C4B1A68D1075CBF01221A600A4B1A6817
:10B9F000D2075CBF01221A60704700BFA8CD0124A6
:10BA0000A4CD0124A0CD01249CCD012498CD0124F6
:10BA100094CD012490CD01248CCD012408B50EF0E5
:10BA20009BFE08B50EF098FE08B50EF095FE08B521
:10BA30000EF092FE08B50EF08FFE08B50EF08CFEEB
:10BA40000FB408B50EF088FE08B50EF085FE0000B4
:10BA500010B5034B0360044600F08CF8204610BD7F
:10BA6000C0FB050810B50446FFF7F2FF20460DF0B5
:10BA7000B9FA204610BD000008B5836F0BB941F03C
:10BA8000010103694161194202D002480EF0D2FC63
:10BA900008BD00BFEC67050808B543691943FFF707
:10BAA000EBFF08BD38B5044608460D4600F098FE89
:10BAB000E067284600F00AFCC4F88000284600F041
:10BAC000F9FBC4F8840038BD38B504460D460EF0C5
:10BAD0002AF804F16C012046FFF7E4FF0023A56774
:10BAE000B5FA85F56D09A4F87430236723616561A3
:10BAF00038BD00000F4B10B500F124010360002396
:10BB0000C0E90133C0E90333C0E90533C0E90733B5
:10BB100004460A466430C2E9003308328242FAD150
:10BB20000823C4E9193104F16C00F4F75FF92046E9
:10BB300010BD00BFE4FB050870B5846905460E46DC
:10BB400004B970BDD4E901322946304698472468CB
:10BB5000F6E738B50446806910B90023A36138BD03
:10BB6000C3685A1EC260002BF7D105680DF03AFA7F
:10BB70002846F1E70C4B10B5002104460360FFF79F
:10BB8000DBFF2046FFF7E5FFA06E04F12403984297
:10BB900004D008B10DF028FA0023A36604F16C006C
:10BBA000F3F720FC204610BDE4FB050810B5044661
:10BBB000FFF7E0FF20460DF015FA204610BD00000B
:10BBC00010B5064B036000234360054B044640F864
:10BBD000083FFFF7CFFF204610BD00BF1CFC050843
:10BBE000C0FB0508D0F800C0ACF10C0CDCF800C0BC
:10BBF0006044E5E710B50446FFF7E2FF20460DF08C
:10BC0000F1F9204610BDD0F800C0ACF10C0CDCF806
:10BC100000C06044EEE7000010B5044681B10B4B54
:10BC2000036008221433A350002363608B0705D5FB
:10BC30002046074B40F8083FFFF79CFF204610BD09
:10BC400010682060536850F80C2CECE71CFC0508C9
:10BC5000C0FB05080A460021FFF7DEBFF8B5002348
:10BC600003700B6853F80C3C0B4416465A690546A2
:10BC70000C46002A32D1186F08B105F0A2FF2368E4
:10BC800053F80C3C56BB2344DA68D10426D59E6F8A
:10BC9000304606F01BFB236853F80C3C2344DF6F4F
:10BCA00027B9FFF7C1FE304606F019FB421C04D04D
:10BCB000BA69C3B2D35C1907F5D4421C534253414D
:10BCC0005B00226852F80C0C204442691A4307D0EA
:10BCD00043F00401FFF7E0FE2846F8BD0023F0E73B
:10BCE00001232B70F8E78368587C70478368987C41
:10BCF00070478368D86A70478368186B82B002B057
:10BD000070478368586B82B002B070478368587C74
:10BD100070478368987C70478368D86A70478368E7
:10BD2000186B82B002B070478368586B82B002B063
:10BD30007047836893F824007047836893F8250060
:10BD400070470020704700207047704700209142E4
:10BD500000D3704711F8013B03EB7060F7E7000078
:10BD600010B5034B03600446F3F7BFFA204610BD3D
:10BD70002C00060810B5034B03600446F3F7B5FA30
:10BD8000204610BD6800060810B5034B036004464A
:10BD9000F3F7ABFA204610BD6801060810B5034B57
:10BDA00003600446F3F7A1FA204610BD800106089F
:10BDB00010B5034B03600446F3F797FA204610BD15
:10BDC0009800060810B5034B03600446F3F78DFA9C
:10BDD000204610BD9801060810B5034B03600446C9
:10BDE000F3F783FA204610BDAC01060810B50446EF
:10BDF000FFF7B6FF20460DF0F5F8204610BD10B550
:10BE00000446FFF7B7FF20460DF0ECF8204610BDC2
:10BE100010B50446FFF7B8FF20460DF0E3F82046C2
:10BE200010BD10B50446FFF7B9FF20460DF0DAF853
:10BE3000204610BD10B50446FFF7BAFF20460DF0AE
:10BE4000D1F8204610BD10B50446FFF7BBFF2046D1
:10BE50000DF0C8F8204610BD10B50446FFF7BCFF32
:10BE600020460DF0BFF8204610BD000010B5054B70
:10BE7000044640F8083B0DF0E1FC2046F3F735FAA4
:10BE8000204610BD2001060810B50446FFF7EEFF5E
:10BE900020460DF0A7F8204610BD000010B5054B58
:10BEA000044640F8083B0DF0C9FC2046F3F71DFAA4
:10BEB000204610BDECFF050810B50446FFF7EEFF65
:10BEC00020460DF08FF8204610BD000038B50D4B10
:10BED000036005690446F3F735FA854203D015B1CE
:10BEE00028460DF081F8A06810B103685B68984798
:10BEF00004F10C000DF0A2FC2046F3F7F6F9204601
:10BF000038BD00BFA800060810B50446FFF7DEFFE5
:10BF100020460DF067F8204610BD000088422DE94C
:10BF2000F04104460D4618D0A0B1A1EB00084046F0
:10BF30000021F7F791FA00F10C0706462146384632
:10BF40002A46F7F7F5F941463046F7F779FA3846C9
:10BF5000BDE8F0810248FFF76AFD024FF7E700BF36
:10BF60005366050830CD0124D0E902218A4202D26D
:10BF700001328260704703689B6A18470A2808D814
:10BF80002F2918D93030C0B2814214D2A1F130002B
:10BF90007047A1F13003092BF8D9A1F16103052BFA
:10BFA00002D8A1F157007047A1F14103052B02D837
:10BFB000A1F1370070474FF0FF30704710B50446CD
:10BFC0000068FFF7D1FF4FF0FF33636010BD70B51D
:10BFD000054616460C4649B10846E4F7E1F9211832
:10BFE00032462046FFF79AFF286070BD4FF0FF31C0
:10BFF000F6E713B58B6801AAD9690446FFF7E7FF96
:10C00000204602B010BD13B58B6801AA59690446D9
:10C01000FFF7DDFF204602B010BD13B58B6801AA03
:10C0200099680446FFF7D3FF204602B010BD13B550
:10C030008B6801AA596A0446FFF7C9FF204602B07F
:10C0400010BD13B58B6801AAD9690446FFF7BFFF7D
:10C05000204602B010BD13B58B6801AA5969044689
:10C06000FFF7B5FF204602B010BD13B58B6801AADB
:10C0700099680446FFF7ABFF204602B010BD13B528
:10C080008B6801AA596A0446FFF7A1FF204602B057
:10C0900010BD13B58B6801AAD9690446FFF797FF55
:10C0A000204602B010BD13B58B6801AA5969044639
:10C0B000FFF78DFF204602B010BD13B58B6801AAB3
:10C0C00099680446FFF783FF204602B010BD50F880
:10C0D0000C0C704710B5FFF7FAFF0C46A042114652
:10C0E000034603D202482246FFF7AAFC204610BDB1
:10C0F000C56605082DE9F041076815460446094A5A
:10C1000038460E46FFF7E6FF01463846FFF7DFFFE9
:10C11000821BAA4228BF2A4620460023BDE8F041E0
:10C12000F7F70ABA2767050807B5006801A90C38B0
:10C13000F7F7DEF903B05DF804FB2DE9F0411F4687
:10C14000037F012B04460D46164607D1914213D0BA
:10C150003846521ABDE8F04112F0FFBA0BB9F7F7B2
:10C1600078FF2368D3F81CE032463B462946204638
:10C17000F446BDE8F0416047BDE8F0810B4611464A
:10C180001A460BB1E4F7BCB8184670472DE9F743DF
:10C1900015461C46244B03606A46074688462846D7
:10C1A0002146FFF7BBFE06460190FFF790FF641B98
:10C1B000640006EB000920460CF086FF0546324677
:10C1C0002346294640460DF099FC844202460FD88A
:10C1D000441C15B128460CF007FF20460CF074FFF4
:10C1E000324601460546234640460DF087FC02468E
:10C1F00029463846F7F710FB3046E4F7D1F83044CB
:10C20000814505D0461C00213846F7F798FBD6E754
:10C2100015B128460CF0E8FE01A8FFF785FF384667
:10C2200003B0BDE8F08300BF30CD01242DE9F04319
:10C2300085B080460846114603AA1C46FFF76EFEED
:10C240000C990290814601AA2046FFF767FE054639
:10C2500003904846FFF73BFF09EB00072846FFF72E
:10C2600036FF2E182A46494640460DF03CFC04464F
:10C2700070B94846E4F794F881442846E4F790F80A
:10C280004F4505EB00040DD1341B18BF4FF0FF34B0
:10C2900003A8FFF749FF02A8FFF746FF204605B0B5
:10C2A000BDE8F083A64203D009F10109651CD9E776
:10C2B0000124EDE710B504460348F3F7B9F8236805
:10C2C0005B6853F8200010BD28CE012410B5044649
:10C2D0000348F3F7ADF823685B6853F8200010BDFE
:10C2E00024CE0124F0B589B006AE86E80C00139A7E
:10C2F0000B680592129A0492119A03929DF84020BD
:10C3000002920EAA04460D4692E803008DE803004F
:10C3100020469F68294696E80C00B847204609B099
:10C32000F0BDF0B589B006AE86E80C00139A0B6834
:10C330000592129A0492119A03929DF8402002925B
:10C340000EAA04460D4692E803008DE8030020463D
:10C35000DF68294696E80C00B847204609B0F0BDD2
:10C3600070B586B004AC84E80C009DF830200292D1
:10C370000B9A01920B689DF8282000929E6894E821
:10C380000C000546B047284606B070BD70B586B0B3
:10C3900004AC84E80C000D9A03929DF830200292C0
:10C3A0000B9A01920B689DF828200092DE6894E8B1
:10C3B0000C000546B047284606B070BD00390B4A50
:10C3C000026018BF01210022C0E90222C0E9052253
:10C3D000C0E90722C0E90922C0E90B2241600282BC
:10C3E0008274426380F84320704700BFA8E00508CC
:10C3F00000390B4A026018BF01210022C0E9022265
:10C40000C0E90522C0E90722C0E90922C0E90B22E0
:10C41000416002828274426380F84320704700BF0B
:10C4200098E0050803689B6818470368DB681847AD
:10C4300010B50B6804461B699847204610BD10B51F
:10C440000B6804465B699847204610BD10B50B6821
:10C4500004469B699847204610BD10B50B680446FA
:10C46000DB699847204610BD03681B6A18470368BC
:10C470005B6A82B002B0184703689B6A82B002B060
:10C48000184703689B6818470368DB68184710B5AE
:10C490000B6804461B699847204610BD10B50B6811
:10C4A00004465B699847204610BD10B50B680446EA
:10C4B0009B699847204610BD10B50B680446DB69A0
:10C4C0009847204610BD03681B6A184703685B6ADB
:10C4D00082B002B0184703689B6A82B002B0184766
:10C4E0000039084A026018BF01210022C0E9022277
:10C4F000C0E90522C0E9072241600274828480F805
:10C5000064207047D8E0050803689B6818470368F3
:10C51000DB68184710B50B6804461B69984720462E
:10C5200010BD10B50B6804465B699847204610BDE6
:10C5300010B50B6804469B699847204610BD000063
:10C54000003A084B18BF012210B5426003608160B9
:10C550000446F2F7F7FE0021206120460DF03CFD75
:10C56000204610BDA800060883689A680A60DB6848
:10C570004B60704783681A690A605B694B6070475B
:10C5800083689A690A60DB694B60704783681A6A3E
:10C590000A605B6A4B6070478368DA6A0A601A6BEC
:10C5A0004A605A6B8A609A6BCA60DA6B0A611A6CCD
:10C5B0004A615B6C8B61704783689A6C0A60DA6CC5
:10C5C0004A601A6D8A605A6DCA609A6D0A61DA6DA6
:10C5D0004A611B6E8B61704783685A6E0A609A6E5F
:10C5E0004A60DA6E8A601A6FCA605A6F0A619A6F7F
:10C5F0004A61DA6F8A61D3F88020CA61D3F8842057
:10C600000A62D3F888204A62D3F88C208A62D3F871
:10C610009030CB6270478368D3F894200A60D3F8D7
:10C6200098204A60D3F89C208A60D3F8A020CA6082
:10C63000D3F8A4200A61D3F8A8204A61D3F8AC202B
:10C640008A61D3F8B020CA61D3F8B4200A62D3F863
:10C65000B8204A62D3F8BC208A62D3F8C030CB62DB
:10C66000704703689B681847F0B589B006AE86E846
:10C670000C00129A0B680492119A0392109A02927B
:10C680000EAA04460D4692E803008DE803002046FA
:10C69000DF68294696E80C00B847204609B0F0BD8F
:10C6A000F0B589B006AE86E80C00129A0B680492C9
:10C6B000119A0392109A02920EAA04460D4692E82D
:10C6C00003008DE8030020461F69294696E80C0008
:10C6D000B847204609B0F0BDF0B589B006AE86E88F
:10C6E0000C00129A0B680492119A0392109A02920B
:10C6F0000EAA04460D4692E803008DE8030020468A
:10C700005F69294696E80C00B847204609B0F0BD9D
:10C71000F0B589B006AE86E80C00129A0B68049258
:10C72000119A0392109A02920EAA04460D4692E8BC
:10C7300003008DE8030020469F69294696E80C0017
:10C74000B847204609B0F0BDF0B589B006AE86E81E
:10C750000C00129A0B680492119A0392109A02929A
:10C760000EAA04460D4692E803008DE80300204619
:10C77000DF69294696E80C00B847204609B0F0BDAD
:10C78000003910B5054B036018BF01214160044614
:10C79000F2F7CEFDA060204610BD00BF20010608C4
:10C7A00003689B68184773B5079E01960D68069E3F
:10C7B0000096ED680446A847204602B070BD0368A5
:10C7C0001B69184710B40468A468A4465DF8044BBC
:10C7D000604738B50D680446ED68A847204638BD67
:10C7E00010B504460348F2F723FE23685B6853F84C
:10C7F000200010BD48CD012408B5FFF7F1FF08B9AE
:10C80000FFF712F908BD000010B504460348F2F71F
:10C810000FFE23685B6853F8200010BD10CE012482
:10C8200008B5FFF7F1FF08B9FFF7FEF808BD0000F3
:10C830002DE9F043044685B008468846FFF7F0FF2F
:10C840000146054601A8FFF765FE0198FFF73FFC8A
:10C85000E0600CF039FC00230146E268064601A8BE
:10C86000F6F7A8FDE3682BB196F90030002BD4BF92
:10C87000002301232374294602A8FFF752FE0298E1
:10C88000FFF725FCA0610CF01FFCA2690023814684
:10C89000014602A8F6F78EFD294603A8FFF748FED9
:10C8A0000398FFF714FC20620CF00EFC226A01468C
:10C8B0000023074603A8F6F77DFD2846FFF724FE70
:10C8C00084F824002846FFF722FE84F8250040461D
:10C8D000FFF792FF124B196804F1260301F12402BD
:10C8E0000546FFF72AFC0F4B1968284601F11A028A
:10C8F00004F14A03FFF721FC012384F8643003A804
:10C90000A660C4F81490E761FFF70EFC02A8FFF7D9
:10C910000BFC01A8FFF708FC05B0BDE8F08300BFE1
:10C92000680000246C0000242DE9F04105460F4802
:10C93000F2F77EFD2B68DF6857F820800446B8F1D7
:10C94000000F0FD16820F2F723FC41460646FFF79F
:10C95000C7FD29463046FFF76BFF2868224631465F
:10C96000F2F720FE57F82400BDE8F08110CE012434
:10C9700010B504460348F2F75BFD23685B6853F883
:10C98000200010BD18CE012408B5FFF7F1FF08B94B
:10C99000FFF74AF808BD000010B504460348F2F757
:10C9A00047FD23685B6853F8200010BD14CE0124B6
:10C9B00008B5FFF7F1FF08B9FFF736F808BD00002A
:10C9C00010B504460948F2F733FD2368D3E9012383
:10C9D000984209D252F8200030B1BDE81040044A14
:10C9E000044900230CF002BB002010BD0CCE012432
:10C9F0003CFD0508A8D8050808B5FFF7E1FF08B910
:10CA0000FFF712F808BD2DE9F043DDE907640025C2
:10CA10002F4603F1FF3E12F807C0A4EB0608E045DD
:10CA200002EB070309DC471EA64212D14044013D38
:10CA300014D2934221D1BDE8F0834FFA8CF9B9F1B9
:10CA4000000FF0DDBE45A4EB0C048CBF01370135AF
:10CA5000E1E716F801CB07F801CFE5E701701E7892
:10CA6000074604EB060C644502D101363044DEE78C
:10CA700014F801EB07F801EFF5E7017013F8015D19
:10CA800006466719BC4202D101352844D1E714F8A3
:10CA900001CB06F801CFF5E7F7B5DDE908740846E4
:10CAA0001946DDE90A36BFB1FD1A03EB050CCDE9E5
:10CAB000003C134602462046FFF7A5FF041B47B182
:10CAC0003268521B02D0394611F047FE33685B1BB7
:10CAD0001C44346003B0F0BD3568E6E773B5099CCB
:10CAE000DDE907500E46194623680344CDE90003EB
:10CAF000134628463246FFF786FF401B206002B0EF
:10CB000070BD2DE9F8431D46C368DDE9087603F0E2
:10CB1000B003202B89461446A7EB06070ED126B199
:10CB200032462946204611F018FE002F51D03A46D1
:10CB30004946A019BDE8F8430FF0D0BF102B11D023
:10CB40004FF0000827B13A46494620460FF0C6FF8D
:10CB5000B6EB08023DD005EB0801E019BDE8F8434B
:10CB600011F0FBBD6C30FFF747FE2D218046F7F733
:10CB7000A9FF2B78834205D12B7804F8013B4FF0B5
:10CB80000108DFE72B214046F7F79CFF2B78834213
:10CB9000F2D030214046F7F795FF2B788342CFD172
:10CBA000012ECDDD78214046F7F78CFF6B7883426C
:10CBB00007D12B7823706B7863704FF00208023432
:10CBC000C0E758214046F7F77DFF6B788342B7D125
:10CBD000EFE7BDE8F88337B5089D18462B68144683
:10CBE000CDE90023DDE90623FFF78BFF2C6003B0BE
:10CBF00030BD70B59DF810407CB103460A26B1FBEC
:10CC0000F6F506FB15141444247903F8014D0C467F
:10CC1000092C2946F3D8C01A70BD03F04A04402CF1
:10CC200009D1034601F007041444C908247903F824
:10CC3000014DF7D1EFE713F4804F0CBF0424142407
:10CC40000346224401F00F040909145D03F8014D65
:10CC5000F8D1E0E72DE9F04114469DF820201D466B
:10CC60000746DDE90683AAB10646204629460A2280
:10CC70000023E3F767FE4244137906F8013D22469C
:10CC80002B460A2A73F1000304460D46EDD2B81B69
:10CC9000BDE8F08103F04A02402A0ED1064604F0B6
:10CCA00007034344E4081B7906F8013D44EA457450
:10CCB000ED0854EA0503F2D1E9E713F4804F0CBF05
:10CCC000042314230646984404F00F03240918F89B
:10CCD000033006F8013D44EA05742D0954EA0503C2
:10CCE000F2D1D4E738B504460868FFF7F0F92060C0
:10CCF0000D460CF0E9F922686060014600232846E1
:10CD0000F6F758FB204638BD2DE9F041044688B0BF
:10CD100008468846FFF738FE0546014606A8FFF795
:10CD20008EFB06A902A8FFF7DDFF06A8FFF7FCF9B6
:10CD3000294606A8FFF78AFB06A904A8FFF7D2FF39
:10CD400006A8FFF7F1F9294601A8FFF786FB01A91C
:10CD500006A8FFF7C7FF01A8FFF7E6F9294601A8D3
:10CD6000FFF766FB0198FFF7B2F906460CF0ACF945
:10CD7000002307460146324601A8F6F71BFBC4E92B
:10CD800002762EB197F90060002ED4BF002601264E
:10CD900026742846FFF746FB60742846FFF745FBDC
:10CDA000039B6361029BA361059BE361049B236278
:10CDB000079B6362069BA362A0742846FFF754FB9F
:10CDC000E0622846FFF753FB20632846FFF754FB39
:10CDD00060634046FFF710FD084B196804F1380303
:10CDE00001F10B02FFF7A9F9012384F8433001A8F0
:10CDF000FFF79AF908B0BDE8F08100BF7000002489
:10CE00002DE9F04105460F48F2F712FB2B68DF6869
:10CE100057F820800446B8F1000F0FD14420F2F7F4
:10CE2000B7F941460646FFF7C9FA29463046FFF7EB
:10CE30006BFF286822463146F2F7B4FB57F824000E
:10CE4000BDE8F08118CE012438B504460868FFF724
:10CE50003EF920600D460CF037F92268606001460B
:10CE600000232846F6F7A6FA204638BD2DE9F04102
:10CE7000044688B008468846FFF79AFD05460146F5
:10CE800006A8FFF70BFB06A902A8FFF7DDFF06A81F
:10CE9000FFF74AF9294606A8FFF707FB06A904A8E9
:10CEA000FFF7D2FF06A8FFF73FF9294601A8FFF7D1
:10CEB00003FB01A906A8FFF7C7FF01A8FFF734F994
:10CEC000294601A8FFF7E3FA0198FFF700F90646A3
:10CED0000CF0FAF8002307460146324601A8F6F79F
:10CEE00069FAC4E902762EB197F90060002ED4BF2A
:10CEF0000026012626742846FFF7C3FA60742846E8
:10CF0000FFF7C2FA039B6361029BA361059BE36188
:10CF1000049B2362079B6362069BA362A07428465E
:10CF2000FFF7D1FAE0622846FFF7D0FA20632846DF
:10CF3000FFF7D1FA60634046FFF75EFC084B1968C3
:10CF400004F1380301F10B02FFF7F7F8012384F82D
:10CF5000433001A8FFF7E8F808B0BDE8F08100BF52
:10CF6000700000242DE9F04105460F48F2F760FA01
:10CF70002B68DF6857F820800446B8F1000F0FD106
:10CF80004420F2F705F941460646FFF731FA2946F3
:10CF90003046FFF76BFF286822463146F2F702FB66
:10CFA00057F82400BDE8F08114CE01242DE9F04F9C
:10CFB0008DB004AFC7E90110BE6CD7F8508007F1FF
:10CFC000100106F16C0081E80C00FFF7ADFCF5687C
:10CFD00005F04A0A00F1260386B0BAF1400F044674
:10CFE000FB600DF1100B414668D0B8F1000F5DDD1C
:10CFF000BAF1080918BF4FF00109CDF80090FA689E
:10D000002B460BF11400FFF7F4FD227CF861C0F110
:10D0100014035B44B2B14000093020F00700ADEBCF
:10D02000000D0DF1120B07F11C0194F82520CDE93C
:10D030000231CDE9006B13467868D4E90212FFF79C
:10D040004DFD5B46FA69B9F1000F3DD0B8F1000F14
:10D0500037DB280506D594F8271003F8011C0132A8
:10D06000FA61013BB268F969914211DAD11D21F0F0
:10D070000701ADEB010D07F11C01CDE9013104AC55
:10D080000094334697F84C107868FFF7A4FD2346C8
:10D090000022B260FA690092D7E90412B868F7F783
:10D0A000D7FEB8682437BD46BDE8F08FBAF1080F47
:10D0B00004D0C8F100014FF001099EE74FF00009CC
:10D0C0009BE794F82610C8E7A905CBD5B8F1000F67
:10D0D000C8D0BAF1400F02D194F82A10BDE7F96820
:10D0E000C5F3803529440232897803F8011C94F88D
:10D0F0002A1003F8021CFA61023BB3E730B587B08F
:10D1000004AC84E80C000C9B02939DF82C30019336
:10D110000A9B009394E80C000546FFF747FF28465A
:10D1200007B030BD2DE9F04F8DB004AF07F1100509
:10D13000D7F8489097F85060B86085E80C00D9F8A7
:10D140000C2097F84C30FA6012F0010F07F1180428
:10D1500016D1CDE90136CDF8009095E80C002046B7
:10D16000FFF724FF94E803003861397595E8030060
:10D17000BB68243783E803001846BD46BDE8F08F3E
:10D1800009F16C007B60FFF7CFFB7B687EB3D0E9D1
:10D1900005A8D9F80860B0453BDAA6EB0806F21DF1
:10D1A00022F00702ADEB020D0DF1100B19463246CD
:10D1B00058460FF093FC0023C9F80830FB6803F0D1
:10D1C000B003202B16D1CDF8008095E80600534619
:10D1D0002046F7F73DFE94E803005B463861397559
:10D1E000009695E806002046F7F732FEBAE7D0E948
:10D1F00007A8CEE7009695E8060020465B46F7F7BD
:10D2000027FE94E8030038613975CDF80080534655
:10D21000E7E70023C9F80830F7E72DE9F04F8BB0B6
:10D2200004AFC7E900103D6C07F1080105F16C007F
:10D2300081E80C00FFF778FBEE6806F04A0986B03B
:10D24000B9F1400F044600F126080DF1100B60D033
:10D25000B9F1080A18BF4FF0010ACDF800A0334613
:10D260004246B96C0BF11400FFF7C3FC227C7861D5
:10D27000C0F114035B44B2B14000093020F0070054
:10D28000ADEB000D0DF1120B07F1140194F8252000
:10D29000CDE90231CDE9005B13463868D4E90212CA
:10D2A000FFF71CFC5B46BAF1000F0ED1B2050CD59E
:10D2B000BA6C52B1B9F1400F7A692DD194F82A10A5
:10D2C00003F8011C01327A61013BAA687969914235
:10D2D00011DAD11D21F00701ADEB010D07F11401A9
:10D2E000CDE9013104AC00942B4697F8441038681E
:10D2F000FFF771FC23460022AA607A690092D7E901
:10D3000002127868F7F7A4FD78681C37BD46BDE8BF
:10D31000F08F4FF0000AA0E7C6F3803608EB060155
:10D320000232897803F8011C94F82A1003F8021CD1
:10D330007A61023BC9E730B587B004AC84E80C00E1
:10D340000C9B02939DF82C3001930A9B009394E868
:10D350000C000546FFF761FF284607B030BD2DE9F8
:10D36000F04188B004AC0E9ED6F80C8084E80C0026
:10D3700028F4804323F04A0343F40273F360109BC4
:10D3800002939DF83C30CDE9006306AF054694E872
:10D390000C003846FFF741FF97E8030004908DF832
:10D3A000141094E8030085E803002846C6F80C80B2
:10D3B00008B0BDE8F0812DE9F04F8DB004AFC7E9AA
:10D3C000011007F1100181E80C00BB6C03F16C0047
:10D3D000D7E91486FFF7A8FA00F12603FB60BB6CBF
:10D3E000DD6805F04A0A8AB0BAF1400F04460DF133
:10D3F000100B424633466FD0B8F1010F76F10001B1
:10D4000060DBBAF1080918BF4FF00109CDE90159F5
:10D41000F96800910BF12800FFF71CFC227CF861F1
:10D42000C0F128035B44C2B14000093020F007007E
:10D43000ADEB000D07F11C0194F82520CDE9023178
:10D440000DF1120BCDF804B0BB6C00937868134655
:10D45000D4E90212FFF742FB5B46FA69B9F1000F0B
:10D4600040D0002E3BDB280506D594F8271003F8A2
:10D47000011C0132FA61013BBA6CF9699268914270
:10D4800011DAD11D21F00701ADEB010D07F11C01EF
:10D49000CDE9013104AC0094BB6C97F84C1078686E
:10D4A000FFF799FB2346B96C00228A60FA69009263
:10D4B000D7E90412B868F7F7CBFCB8682437BD4643
:10D4C000BDE8F08FBAF1080F06D0D8F1000266EB84
:10D4D00046034FF0010999E74FF0000996E794F8E9
:10D4E0002610C4E7A905C7D558EA0606C4D0BAF184
:10D4F000400F02D194F82A10B9E7F968C5F38035D6
:10D5000029440232897803F8011C94F82A1003F8A0
:10D51000021CFA61023BAFE730B587B004AC84E887
:10D520000C00DDE90C23CDE902239DF82C3001939A
:10D530000A9B009394E80C000546FFF73CFF284641
:10D5400007B030BD2DE9F04F8DB004AFC7E9021030
:10D55000BD6C07F1100181E80C003B6D7B6005F1AB
:10D560006C007B6D3B60FFF7DFF9EE6806F04A095F
:10D570008AB0B9F1400F044600F126080DF1100BF6
:10D5800063D0B9F1080A18BF4FF0010ACDE9016A6A
:10D59000CDF80080D7E900320BF12800FFF75AFBE5
:10D5A000227CF861C0F128035B44B2B1400009302D
:10D5B00020F00700ADEB000D0DF1120B07F11C017F
:10D5C00094F82520CDE90231CDE9005B1346B86817
:10D5D000D4E90212FFF782FA5B46BAF1000F10D1CC
:10D5E000B2050ED5D7E900120A430AD0B9F1400FAF
:10D5F000FA692DD194F82A1003F8011C0132FA615E
:10D60000013BAA68F969914211DAD11D21F00701A5
:10D61000ADEB010D07F11C01CDE9013104AC009423
:10D620002B4697F84C10B868FFF7D5FA234600222E
:10D63000AA60FA690092D7E90412F868F7F708FCC3
:10D64000F8682437BD46BDE8F08F4FF0000A9DE72B
:10D65000C6F3803608EB06010232897803F8011C14
:10D6600094F82A1003F8021CFA61023BC9E730B5AE
:10D6700087B004AC84E80C00DDE90C23CDE902237B
:10D680009DF82C3001930A9B009394E80C0005460A
:10D69000FFF758FF284607B030BD2DE9F04F2DEDBC
:10D6A000028BB0EE408B91B004AF07F110093D6ED4
:10D6B00089E80C0005F16C03C7E901101846FB600E
:10D6C000FFF732F9D5F8048097F86820B8F1000F19
:10D6D000064607F120012846B8BF4FF006080CF0B7
:10D6E00089FAEB6803F4827A8CB0BAF5827F04ACD5
:10D6F00000F0B480F1F71CFE07F12003F8612D2241
:10D700008DED028BCDF80080214607F11C00F7F764
:10D710009BF9B861BB692C2B1BDD03F1010B0833AE
:10D7200023F00703ADEB030DBAF5827F04AC00F0E4
:10D73000A380F1F7FDFD07F12003F8615A468DED56
:10D74000028BCDF80080214607F11C00F7F77CF929
:10D75000B861F868FFF750F8BA69D31D23F00703E2
:10D76000ADEB030D0DF1170A4FEADA082AF0070AAC
:10D77000224421465346FEF7E0FCD7F818B02E228B
:10D7800059462046FEF7FAFC30B1031B96F82420D8
:10D7900003F838200AEB0300337C002B37D058B94C
:10D7A000BBF1020F08DD6278392A30D8A378303B0C
:10D7B000092B2CD82F2A2AD94FEA4B03073323F001
:10D7C0000703ADEB030D23782D2B0DF1100801D0CD
:10D7D0002B2B5FD19AF8003088F800300BF1FF3323
:10D7E000BB61012407F1180296F8253003920AEB79
:10D7F0000402029208EB0402CDE90002D6E902120B
:10D800007868FFF749F9BB692344BB61C246AA683F
:10D81000BB69934211DAD31D23F00703ADEB030D6F
:10D8200007F11803CDE901A304AC009497F8641044
:10D8300078682B46FFF7CFF9A2460023AB60BB699F
:10D840000093B86899E806005346F7F701FBB868FB
:10D850003437BD46BDEC028BBDE8F08FF1F768FDB3
:10D8600007F12003F8612D228DED008B214607F191
:10D870001C00F7F7E9F84CE7F1F75AFD07F1200330
:10D88000F8615A468DED008B214607F11C00F7F731
:10D89000DBF85DE70024A5E730B587B004AC84E889
:10D8A0000C00002302939DF82C3001930A9B0093F7
:10D8B00094E80C000546FFF7F0FE284607B030BD9F
:10D8C0002DE9F04F2DED028BB0EE408B91B004AFFF
:10D8D00007F110093D6E89E80C0005F16C03C7E9FA
:10D8E00001101846FB60FFF71FF8D5F8048097F881
:10D8F0006820B8F1000F064607F120012846B8BF9E
:10D900004FF006080CF076F9EB6803F4827A8CB0DD
:10D91000BAF5827F04AC00F0B480F1F709FD07F19D
:10D920002003F8612D228DED028BCDF80080214679
:10D9300007F11C00F7F788F8B861BB692C2B1BDDD9
:10D9400003F1010B083323F00703ADEB030DBAF528
:10D95000827F04AC00F0A380F1F7EAFC07F120031A
:10D96000F8615A468DED028BCDF80080214607F113
:10D970001C00F7F769F8B861F868FEF73DFFBA696F
:10D98000D31D23F00703ADEB030D0DF1170A4FEA8A
:10D99000DA082AF0070A224421465346FEF7CDFB57
:10D9A000D7F818B02E2259462046FEF7E7FB30B1D3
:10D9B000031B96F8242003F838200AEB0300337C7D
:10D9C000002B37D058B9BBF1020F08DD6278392A35
:10D9D00030D8A378303B092B2CD82F2A2AD94FEAEC
:10D9E0004B03073323F00703ADEB030D23782D2BF7
:10D9F0000DF1100801D02B2B5FD19AF8003088F878
:10DA000000300BF1FF33BB61012407F1180296F8D7
:10DA1000253003920AEB0402029208EB0402CDE9DE
:10DA20000002D6E902127868FFF736F8BB69234492
:10DA3000BB61C246AA68BB69934211DAD31D23F0C9
:10DA40000703ADEB030D07F11803CDE901A304AC07
:10DA5000009497F8641078682B46FFF7BCF8A2464C
:10DA60000023AB60BB690093B86899E80600534691
:10DA7000F7F7EEF9B8683437BD46BDEC028BBDE868
:10DA8000F08FF1F755FC07F12003F8612D228DEDA1
:10DA9000008B214607F11C00F6F7D6FF4CE7F1F7A3
:10DAA00047FC07F12003F8615A468DED008B2146B3
:10DAB00007F11C00F6F7C8FF5DE70024A5E730B5C5
:10DAC00087B004AC84E80C004C2302939DF82C3002
:10DAD00001930A9B009394E80C000546FFF7F0FEC3
:10DAE000284607B030BD00002DE9F04F8FB006A9E1
:10DAF000189F059007F16C04204681E80C009DF802
:10DB00006480FEF779FE05462046FFF72BFA1A9B44
:10DB100090F838201B6819789142044607D0026BB0
:10DB20000992D0F82090C26903921E460BE0426B26
:10DB3000D0F828900992426A03921846FEF7C7FA75
:10DB40000028F2D05E1C1846FEF7C1FAA9693044DD
:10DB5000334698421D4605D92A788A5C520703F15C
:10DB60000103F6D4AD1BAA46002D00F0BD80794B11
:10DB70000A9369000AA8F5F704FEE36AA5EB030B14
:10DB8000BBF1000F29DD15EA230538BF5D46E368C8
:10DB9000002B5BD00A98FEF79AFA0021024600910A
:10DBA0006B000AA8F5F752FD0AA8F5F725FD7319D1
:10DBB000A17C0A98CDE90063D4E90223FEF723FF94
:10DBC00083460AA8F5F718FD0A994FF0FF32ABEB30
:10DBD00001010AA8FEF78EFAAB46E36A002B0CDDC2
:10DBE000617C0AA8F5F7ABFEBBF1000F34DBE26AFB
:10DBF00006EB0B010AA8F5F70FFEFD680A9805F081
:10DC0000B0030493FEF763FA15F4007518BFA56915
:10DC1000504B0B934844054469000BA8F5F7B1FD40
:10DC2000049BBE68102B21D1B5422CBF4FF0000BD6
:10DC30004FF0010B4FF0000A09AB13F80A30042B28
:10DC40001FD8DFE803F0756A165C65002A46314686
:10DC50000AA8F5F73BFDBFE794F83920CBF10001A6
:10DC60000AA8F5F717FE52463146C3E74FF0000BFE
:10DC7000E0E7FB689B0504D5D4E905120BA8F5F78E
:10DC8000CBFD0AF1010ABAF1040FD5D1B9F1010FA8
:10DC900006D9039909F1FF3201310BA8F5F7BCFD54
:10DCA0000B9D2846FEF713FA86420AD9049B202BC7
:10DCB000A6EB000440D1424621460BA8F5F7EAFD49
:10DCC00030460CACDDE906120B9B00902046F7F7BE
:10DCD000BFF894E8030006900BA88DF81C10FEF71F
:10DCE00023FA0AA8FEF720FADDE906010023BB604B
:10DCF000059B83E8030018460FB0BDE8F08FB9F12B
:10DD0000000FBED0039B19780BA8F5F718FEB8E7F3
:10DD10000AA90BA8F5F754FDB3E7BBF1000F05D036
:10DD20004246711B0BA8F5F7B5FDAAE74146EBE7A4
:10DD3000BBF1000FA5D0F3E7074A00212846FEF704
:10DD4000C9F9CDF800800146234600220BA8F5F75B
:10DD50007DFCB5E730CD0124B96705082DE9F04F0A
:10DD60008FB006A9189F059007F16C04204681E842
:10DD70000C009DF86480FEF73FFD05462046FFF746
:10DD80003FF81A9B90F838201B6819789142044696
:10DD900007D0026B0992D0F82090C26903921E4608
:10DDA0000BE0426BD0F828900992426A0392184621
:10DDB000FEF78DF90028F2D05E1C1846FEF787F9B1
:10DDC000A9693044334698421D4605D92A788A5CB1
:10DDD000520703F10103F6D4AD1BAA46002D00F053
:10DDE000BD80794B0A9369000AA8F5F7CAFCE36A7B
:10DDF000A5EB030BBBF1000F29DD15EA230538BFA6
:10DE00005D46E368002B5BD00A98FEF760F90021BD
:10DE1000024600916B000AA8F5F718FC0AA8F5F76E
:10DE2000EBFB7319A17C0A98CDE90063D4E90223C6
:10DE3000FEF7E9FD83460AA8F5F7DEFB0A994FF0E5
:10DE4000FF32ABEB01010AA8FEF754F9AB46E36AD7
:10DE5000002B0CDD617C0AA8F5F771FDBBF1000F0A
:10DE600034DBE26A06EB0B010AA8F5F7D5FCFD6886
:10DE70000A9805F0B0030493FEF729F915F400752C
:10DE800018BFA569504B0B934844054469000BA883
:10DE9000F5F777FC049BBE68102B21D1B5422CBF4F
:10DEA0004FF0000B4FF0010B4FF0000A09AB13F8D5
:10DEB0000A30042B1FD8DFE803F0756A165C650092
:10DEC0002A4631460AA8F5F701FCBFE794F8392045
:10DED000CBF100010AA8F5F7DDFC52463146C3E755
:10DEE0004FF0000BE0E7FB689B0504D5D4E9051271
:10DEF0000BA8F5F791FC0AF1010ABAF1040FD5D18C
:10DF0000B9F1010F06D9039909F1FF3201310BA8CC
:10DF1000F5F782FC0B9D2846FEF7D9F886420AD910
:10DF2000049B202BA6EB000440D1424621460BA8BF
:10DF3000F5F7B0FC30460CACDDE906120B9B009007
:10DF40002046F6F785FF94E8030006900BA88DF8AD
:10DF50001C10FEF7E9F80AA8FEF7E6F8DDE906016D
:10DF60000023BB60059B83E8030018460FB0BDE8A3
:10DF7000F08FB9F1000FBED0039B19780BA8F5F70D
:10DF8000DEFCB8E70AA90BA8F5F71AFCB3E7BBF16A
:10DF9000000F05D04246711B0BA8F5F77BFCAAE7E2
:10DFA0004146EBE7BBF1000FA5D0F3E7074A00219C
:10DFB0002846FEF78FF8CDF8008001462346002260
:10DFC0000BA8F5F743FBB5E730CD0124B967050889
:10DFD0002DE9F04F2DED028BB0EE408B8FB004AFEA
:10DFE00007F1100484E80C0097F85830BB60FB6D13
:10DFF00097F860A00546884607F1200003F16C0100
:10E00000F1F77EF907F12000FEF7F6FB90B0F8601B
:10E01000F1F78EF904AE4FF0000B7862314BCDF87A
:10E0200000B08DED028B4022314607F12400F6F757
:10E030000BFD3F28814617DD00F1080323F007039D
:10E04000ADEB030D421C7A60F1F772F904AE786211
:10E050008DED028BCDF800B0224B7A68314607F186
:10E060002400F6F7F1FC814607F11C020021484626
:10E07000F5F722FA06EB090B786207F12400F5F7B1
:10E08000BBFA7B6AF8685A463146FEF756F8BB6819
:10E09000D3B107F12403CDE901A3FB6D009394E80C
:10E0A0000C0041462846FFF71FFD07F12400FEF74C
:10E0B0003BF807F12000F1F795F928462C37BD46CB
:10E0C000BDEC028BBDE8F08F07F12403CDE901A37D
:10E0D000FB6D009394E80C0041462846FFF73EFE96
:10E0E000E3E700BFCE670508F0B587B004AC84E86D
:10E0F0000C000F9E9DF838200D9B9DF8307000930A
:10E10000CDE90126054694E80C0027B1FFF7ECFCA9
:10E11000284607B0F0BDFFF721FEF9E72DE9F043EF
:10E12000A7B004462E9E9DF8C4909DF8C8706C362A
:10E13000304602AD85E80C00FEF75EFB80463046B7
:10E14000FEF75AFC252106464046F6F7BBFC8DF843
:10E150001400CFB98DF815908DF81670309B009390
:10E1600006A905AB802230460BF008FF06A8E2F7AF
:10E1700017F9009095E80600204606ABF6F768FE12
:10E18000204627B0BDE8F08300238DF815708DF888
:10E1900016908DF81730E1E72DE9F74F0546DDE9D8
:10E1A00012076C466C3084E80C00DDF840A0FEF7E6
:10E1B00023FB4FF0000980464E464FF00A0B0CA996
:10E1C0002046F7F75FF970B1119B9E420BD02046B5
:10E1D000F7F736F92A22C1B24046F6F784FC303808
:10E1E000C2B2092A10D9C6B10F9A914515DBD145A3
:10E1F00013DC0E9AC2F8009094E8030085E803004F
:10E20000284603B0BDE8F08F0BFB0909D145EADCD5
:10E210002046FDF7D3FE0136D1E73B6843F0040307
:10E220003B60E9E72DE9F04F8DB000AF07F1200624
:10E23000F861F86E6C3086E80C00FEF7DDFABB6E14
:10E240006A46A2EBC3039D46DB08BB61BB6E9B0025
:10E250007B61BB6E0546E84607F15801304608EB86
:10E260008309F7F70FF9044628B90026012C39D89D
:10E2700040F0718157E13046F7F7E2F8C4B2214629
:10E280002846F6F71CFC214606462846F6F714FCFD
:10E290004FF0000B82465C46BB6E9B45E5D07B6E23
:10E2A00053F82B3028461978F6F709FCB0420FD105
:10E2B000A3003B617B6E53F82B00E2F771F83B69DA
:10E2C00049F8240048F803B001340BF1010BE3E7EF
:10E2D0007B6E53F82B3028461978F6F7EDFB504546
:10E2E000F3D1E5E7CB4609EB84005BF8043BFB6226
:10E2F0005B461A46F96AD2F800C08C4507F12C013A
:10E3000028BF0A460433D2F800A0C7F82CA09842D0
:10E31000EFD1013607F12000FDF750FEB2452BD1B9
:10E3200007F1580107F12000F7F7ACF88246002802
:10E330005AD14FF0000A002359F82320911B4A427A
:10E340004A41524509BF04F1FF34013358F82420F3
:10E3500048F8232004BF59F8242049F823209C4280
:10E36000EAD8BAF1000F7DD0D9F80030012107F1C9
:10E370002C0C8C42FB626BD8FB6AB34240F2CE801D
:10E3800007F1580107F12000F7F77CF8002800F0AA
:10E39000C58007F12000F7F753F8C1B22846F6F719
:10E3A0008EFB386107F12000F7F74AF8C1B2284622
:10E3B000F6F782FB4FF0000AF86054457FF656AF3F
:10E3C0007B6E58F82A2053F82220BA60915D2846C7
:10E3D000F6F775FB3B69BA6898424FEA8A0B40F042
:10E3E0008B800AF1010AE8E707F12000F7F728F827
:10E3F000C1B22846F6F763FB386107F12000F7F752
:10E400001FF8C1B22846F6F757FB0023F860796E73
:10E4100058F8232051F8222059F82310B14203D88C
:10E4200001339C42F3D184E7915D7B602846BA605A
:10E43000F6F745FB3B6998423FF47DAFBA68284642
:10E44000915DF6F739FBFB6898427B68E8D172E78B
:10E450005A4601311068834298BF62460BF1040BA3
:10E46000136886E7022C64D1BB6EDB0773D4D8F83F
:10E470000030B86EBA6EB3EB500F4FEA5201D8F8C5
:10E4800004202DD20B44934265D1D7E90532D8F848
:10E49000004053F832807B6E53F8243003EB0609BA
:10E4A00046455FD207F1580107F12000F6F7EAFF71
:10E4B000002850D019F8011B2846F6F700FB8246C9
:10E4C00007F12000F6F7BCFFC1B22846F6F7F7FACD
:10E4D000824530D107F12000FDF770FD0136DFE7FE
:10E4E0005B1A934237D1D7E90521C8F80030D9F833
:10E4F000043042F83130C8E7915D2846F6F7DCFA7F
:10E50000FB6898423FF46DAF013C58F8242048F86E
:10E510000B2059F8242049F80B204EE70023012C4A
:10E5200019D1002BB1D107F12000FDF747FD0136CD
:10E53000ABE70123F3E719F8011C2846F6F7BCFA0C
:10E54000824607F12000F6F77BFFC1B22846F6F7B6
:10E55000B3FA8245BED03B6F3A6F1B6843F00403A9
:10E56000136002E0F7D13B6E1C60D7E90801FB693C
:10E57000343783E803001846BD46BDE8F08F2DE927
:10E58000F04F87B000AF8146786DD7E913AB07F144
:10E5900010066C3086E80C00FEF72EF96B46A3EBF4
:10E5A000CB03F8609D4607F140013046E846F6F798
:10E5B00069FF002800F088803046F6F741FF00250B
:10E5C000C3B24FEA4B022C46AA423CD8002C7BD067
:10E5D0003046FDF7F3FCA200D31D23F00703ADEB9B
:10E5E000030D6E464546331F424455F8041B5AF846
:10E5F0002100C7E90223E1F7D3FEBA68FB68954220
:10E6000043F8040FF1D1012507F1400107F1100093
:10E61000F6F738FF58BB012C5AD13368AB425ED1B4
:10E62000D8F80030BA6C5B45A8BFA3EB0B031360AE
:10E6300007F1180313E903001C3789E80300484673
:10E64000BD46BDE8F08F5AF825100978994204D1EB
:10E6500048F8245001340135B6E7F868C7E90132BB
:10E66000F6F72AFA7B68BA689842F4D1F0E707F126
:10E670001000F6F7E5FE0023C0B219469C4207D809
:10E680008C42C8D007F11000FDF798FC0135BBE7BC
:10E6900056F82320AA424FEA830E06EB830C02D8D9
:10E6A00001310133EAE758F823205AF82220525D5D
:10E6B0008242F6D0013C58F8242048F80E2056F843
:10E6C0002420CCF80020D9E70024254626469BE7E5
:10E6D000022C04D13368AB42A2D073689EE7BB6DB5
:10E6E000BA6D1B6843F00403A1E700002DE9F04F69
:10E6F000ADB08946389D0B9005F16C060EA93046E9
:10E7000081E80C00DDF8E8A03C9CFEF775F9089064
:10E710003046FEF771F883463B98E1F741FE00264C
:10E720000A90109636A90EA8F6F7ACFEDDF84080E8
:10E73000002800F061840A9B9E4280F05D84B8F15D
:10E74000000F00F06D84399B399A1B6843F0040375
:10E75000136000F059BC14AE31460898FDF71CFF59
:10E7600008981BA9FDF728FF10ABCDE905530E2330
:10E77000CDE9036311AB029336AB93E803008DE858
:10E7800003000CAF0EAE96E80C0049463846FFF782
:10E7900049FD97E80300109B86E80300002B3CD15D
:10E7A000119A072392FBF3F3C3EBC303D21ACAF8FF
:10E7B0001820237843F00203DFE014AE31460898B6
:10E7C000FDF70AFF089820A9FDF725FF10ABCDE95A
:10E7D00005531823CDE9036311AB029336AB93E8DD
:10E7E00003008DE803000CAF0EAE96E80C0049461E
:10E7F0003846FFF717FD97E80300109B86E80300F3
:10E800005BB9119B0C2293FBF2F102FB1133CAF8A6
:10E810001030238843F481632380099E013681E709
:10E82000089812A9FDF7ACFE129B06940CAF059355
:10E8300010ABCDE90253CDF810A036AB93E803003E
:10E840008DE803000EAE96E80C0049463846FFF707
:10E850004DFF97E80300109B86E80300002BDCD1F6
:10E86000637843F0040376E110ABCDE9065302264A
:10E870006323CDE904360023039311AB029336AB37
:10E8800093E803008DE803000CAF0EAE96E80C0091
:10E8900049463846FFF780FC97E80300109B86E85E
:10E8A0000300002BB9D1119B6360238843F490636C
:10E8B000B2E73046F6F7C4FDDBF81830C0B21B5C97
:10E8C000180702D53046FDF779FB10ABCDE90653AA
:10E8D00002211F23CDE904310123039311AB0293DD
:10E8E00036AB93E803008DE803000CAF0EAE96E85C
:10E8F0000C0049463846FFF74FFC97E80300109B91
:10E9000086E80300002B88D1119BCAF80C302388BD
:10E9100043F4826380E7B94A14AE3346A2F1090199
:10E920005846FDF70AFC0CAFCDE9056480E710AB53
:10E93000CDE9065302221723CDE9043200230393C5
:10E9400011AB029336AB93E803008DE803000CAFE4
:10E950000EAE96E80C0049463846FFF71DFC97E8D6
:10E960000300109A86E80300002A7FF456AF119B3B
:10E97000CAF80830237862F3000323704DE710AB28
:10E98000CDE906530C270223CDE904730123039339
:10E9900011AB029336AB93E803008DE803000DF151
:10E9A00030080EAE96E80C0049464046FFF7F4FBEF
:10E9B00098E80300109B86E80300002B7FF42DAF3E
:10E9C000119B93FBF7F207FB1233CAF80830237848
:10E9D00043F00103D1E710ABCDE906534FF0030834
:10E9E0004FF4B773CDE904380123039311AB0293BD
:10E9F00036AB93E803008DE803000CAF0EAE96E84B
:10EA00000C0049463846FFF7C7FB97E80300109B08
:10EA100086E80300002B7FF400AF119B013BCAF88E
:10EA20001C30237843F00403A7E710ABCDE906536D
:10EA30004FF0020E0C23CDE9043E0123039311ABEA
:10EA4000029336AB93E803008DE803000CAF0EAEE3
:10EA500096E80C0049463846FFF79EFB97E803000E
:10EA6000109B86E80300002B7FF4D7AE119B013B7F
:10EA7000CAF81030237843F008037EE710ABCDE9E5
:10EA800006534FF0020C3B23CDE9043C00230393D3
:10EA900011AB029336AB93E803008DE803000CAF93
:10EAA0000EAE96E80C0049463846FFF775FB97E82E
:10EAB0000300109B86E80300002B7FF4AEAE119B91
:10EAC000CAF80430A9E636A90EA8F6F7DBFC002840
:10EAD0003FF4A3AE0EA8F6F7B3FCDBF81830C0B2D3
:10EAE0001B5C1E077FF599AE0EA8FDF767FAEAE7F3
:10EAF00014AE08983146FDF749FD149B1B78002B96
:10EB00003FF48BAE159B1B78002B3FF486AE10AB09
:10EB1000CDE905530223CDE9036311AB029336AB74
:10EB200093E803008DE803000CAF0EAE96E80C00EE
:10EB300049463846FFF776FB97E80300109B86E8C6
:10EB40000300002B7FF469AE119B002B3FF465AEF0
:10EB5000637843F0010363705FE6089B06949B684B
:10EB60009B6A0CAF059309E0254A14AE3346911F0A
:10EB70005846FDF7E2FACDE905640CAF10ABCDE9DC
:10EB80000253CDF810A036AB93E803008DE80300E4
:10EB90000EAE4946384696E80C00FFF7A7FD97E809
:10EBA000030086E8030038E610ABCDE906530220E7
:10EBB0003C23CDE904300023039311AB029336AB21
:10EBC00093E803008DE803000CAF0EAE96E80C004E
:10EBD00049463846FFF7E0FA97E80300109B86E8BD
:10EBE0000300002B7FF419AE119BCAF8003014E625
:10EBF000044A14AE3346A2F10901B9E7DD670508FE
:10EC0000E3670508EC67050810ABCDE90653022160
:10EC10003523CDE904310023039311AB029336ABC6
:10EC200093E803008DE803000CAF0EAE96E80C00ED
:10EC300049463846FFF7B0FA97E80300109B86E88C
:10EC40000300002B7FF4E9AD119B22681B0403F441
:10EC50007C1322F47C1243F0200322F020021343A1
:10EC60002360DAE510ABCDE9065301220623CDE996
:10EC700004320023039311AB029336AB93E80300F5
:10EC80008DE803000CAF0EAE96E80C0049463846FE
:10EC9000FFF782FA97E80300109B86E80300002B39
:10ECA0007FF4BBAD119BCAF8183082E510ABCDE9FB
:10ECB00006534FF002083523CDE9043800230393AF
:10ECC00011AB029336AB93E803008DE803000CAF61
:10ECD0000EAE96E80C0049463846FFF75DFA97E815
:10ECE0000300109B86E80300002B7FF496AD119B78
:10ECF00022681B0403F47C1322F47C1243F04003CB
:10ED000022F04002ABE7089814A9FDF72DFC149BF4
:10ED100006940CAF26E7089814A9FDF72BFCF6E73C
:10ED200010ABCDE906534FF0020E6323CDE9043E4C
:10ED30000023039311AB029336AB93E803008DE8F5
:10ED400003000CAF0EAE96E80C0049463846FFF7BC
:10ED500023FA97E80300109B86E80300002B7FF45A
:10ED60005CAD637823F0060343F00603637036A9B5
:10ED70003046F6F787FB00283BD03046F6F760FBBD
:10ED80002A22C1B25846F5F7AEFEA0F130085FFA6C
:10ED900088F3092B2DD83046FDF710F9119B0A276F
:10EDA00007FB038336A930461193F6F76BFBA0B13E
:10EDB0003046F6F745FB2A22C1B25846F5F793FED6
:10EDC000A0F130085FFA88F3092B06D83046FDF72A
:10EDD000F5F8119B07FB03831193119BA3F26C734E
:10EDE0001193637823F002036370119BCAF8143007
:10EDF00013E5119B442BDCBF64331193F5E710AB93
:10EE0000CDE906534FF0040C42F20F73CDE9043CF8
:10EE10000023039311AB029336AB93E803008DE814
:10EE200003000CAF0EAE96E80C0049463846FFF7DB
:10EE3000B3F997E80300109B86E80300002B7FF4EA
:10EE4000ECAC119BA3F26C73CAF81430637823F016
:10EE5000060306E53046F6F7F3FADBF81830C0B2E1
:10EE60001B5CDF0740F1838010ABCDE905530E2317
:10EE700004936A4B039314AB029336AB93E80300FD
:10EE80008DE803000CAF4946384696E80C00FFF7C2
:10EE9000C9F997E8030086E8030036A93046F6F77B
:10EEA000F1FA00283FF4B9AC109B149A13437FF495
:10EEB000B4AC3046F6F7C4FA2D2107465846F5F7AC
:10EEC00001FEFFB2B84236D110AF17230221CDE9BF
:10EED0000431CDE906570023039314AB029336ABFC
:10EEE00093E803008DE803000CAE0DF1380898E8B4
:10EEF0000C0049463046FFF74FF996E803003B23E4
:10EF000088E803000220CDE90430CDE9065700234C
:10EF1000039314AB029336AB93E803008DE8030030
:10EF20004946304698E80C00FFF736F996E80300AA
:10EF300088E8030071E43046F6F782FA2B21064692
:10EF40005846F5F7BFFDF6B2B0427FF466ACBBE7BA
:10EF50003046F6F775FA252107465846F5F7B2FD13
:10EF6000FFB2B84203D13046FDF728F855E4109BB4
:10EF700043F00403109350E43B9B995DDBF8183099
:10EF80005B5C1A0714D536A90EA8F6F77BFA0028A1
:10EF90003FF444AC0EA8F6F753FADBF81830C0B2D1
:10EFA0001B5C1B077FF53AAC0EA8FDF707F8EAE7F4
:10EFB0005846F5F784FD80460EA8F6F741FAC1B22F
:10EFC0005846F5F77CFD804512D039785846F5F75C
:10EFD00073FD07460EA8F6F733FAC1B25846F5F7A7
:10EFE0006BFD874204D0109B43F00403109315E49B
:10EFF0000EA8FCF7E3FF11E4B8F1000F7FF4A3AB18
:10F000000A9B9E427FF49FAB0EAB93E803000B9BE1
:10F0100083E8030018462DB0BDE8F08FAC00002453
:10F020003B9B4246995D58469F19F5F75CFD2528A4
:10F03000A2D1731C0993711C3B9B4246595C5846F4
:10F04000F5F751FD4528CDF8448001D04F2808D16F
:10F05000B31C099309993B9B0022595C5846F5F76C
:10F0600042FD25380EAE542881D801A353F820F074
:10F0700051EF03086FEF03086FEF03086FEF03080A
:10F080006FEF03086FEF03086FEF03086FEF0308DC
:10F090006FEF03086FEF03086FEF03086FEF0308CC
:10F0A0006FEF03086FEF03086FEF03086FEF0308BC
:10F0B0006FEF03086FEF03086FEF03086FEF0308AC
:10F0C0006FEF03086FEF03086FEF03086FEF03089C
:10F0D0006FEF03086FEF03086FEF03086FEF03088C
:10F0E00057E70308BBE7030869E8030817E90308C3
:10F0F0006FEF03086FEF03086FEF03082FE90308B2
:10F100007FE903086FEF03086FEF03086FEF030851
:10F110007DEA03086FEF03086FEF03086FEF030842
:10F120006FEF030869EB0308A9EB0308F1EB030891
:10F1300009EC03086FEF0308ADEC030817ED0308B3
:10F14000FFED030855EE03086FEF03086FEF0308A8
:10F150006FEF03086FEF03086FEF03086FEF03080B
:10F1600057E70308BBE7030821E80308B3E80308EF
:10F17000B3E803086FEF03086FEF0308BBE703086A
:10F180006FEF0308D7E903086FEF03086FEF030879
:10F190002BEA0308C7EA03086FEF0308F1EA030844
:10F1A0006FEF03085BEB03086FEF0308C7EA030880
:10F1B0006FEF03086FEF030865EC030807ED030822
:10F1C00021ED03082DE9F04F89B004AF02901498A7
:10F1D0006C3087E80C00FDF7A7FB12A905463846FE
:10F1E000F6F73DF90446002840F0A6813846F6F7C8
:10F1F00027F995F84B105FFA80F9494503D095F847
:10F200004A304B4522D12B7C1BB195F825304B451C
:10F210001CD095F824304B4518D0494514BF2D21FA
:10F220002B211698F4F78BFB0498FCF79DFE4FF00A
:10F23000FF3312A938460593F6F724F9002800F0A9
:10F240007D813846F6F7FCF85FFA80F90026B04673
:10F250004FF0FF3A2B7C1BB195F825304B4521D060
:10F2600095F824304B451DD095F84E304B4519D1BB
:10F270001EB916983021F4F762FB0498FCF774FE6F
:10F2800012A93846CDF814A0F6F7FCF808F10108E9
:10F29000064628B13846F6F7D3F85FFA80F9D9E781
:10F2A00001242646A84B07932B7C1BB1202107A8DD
:10F2B000F4F767FA95F864B0BBF1000F78D005F168
:10F2C0004E030193002C40F03281A2462B7C002B90
:10F2D00000F0B38095F825304B4540F0AE80BAF190
:10F2E000000F40F08880002C40F08580B8F1000FBE
:10F2F0007ED05FFA88F107A8F4F721FBA0460498B6
:10F30000FCF732FE4FF0FF3312A938460593F6F7AB
:10F31000B9F800286FD03846F6F792F833465FFA0E
:10F3200080F91E46D2E795F824304B450BD1BAF14F
:10F33000000F08D13CB916982E21F4F700FBB34614
:10F340004FF0010A42E095F85C304B4503D095F848
:10F3500062304B454FD1002C4DD1002E4BD0652152
:10F360001698F4F7ECFA0498FCF7FEFD4FF0FF3323
:10F3700012A938460593F6F785F88346002800F071
:10F38000D9803846F6F75CF895F84B305FFA80F98B
:10F390004B4509D095F84A304B4507D12D21169899
:10F3A000F4F7CDFA5C4611E02B21F8E75C461DE04E
:10F3B000002C40F0BC80A246A9F13003092BB2D842
:10F3C00016984946F4F7BBFA4FF0010B0498FCF786
:10F3D000CBFD4FF0FF3312A938460593F6F752F8EC
:10F3E00048B13846F6F72CF85FFA80F95E46E3E755
:10F3F0001698F4F78BF80798FCF769FE88B1BAF114
:10F40000000F05D124B95FFA88F107A8F4F797FA3D
:10F41000D5E9020107AA0AF05FFC10B9159B042286
:10F420001A6097E80300029B83E8030007A8FCF733
:10F430007BFE029809B0BDE8F08F95F824304B456B
:10F4400013D10798FCF743FEBAF1000FD3D1002C7B
:10F45000D1D120B15FFA88F107A8F4F770FA1698B5
:10F460002E21F4F76CFADA4649E701984A460A2158
:10F47000FCF784FE58B1019BC01A00F13001C9B2FB
:10F480001698F4F75CFA08F101085E4637E795F83C
:10F490005C304B4503D095F862304B45ABD10798B3
:10F4A000FCF715FE002CA6D1002EA4D038B1BAF17D
:10F4B000000F04D15FFA88F107A8F4F740FA65213C
:10F4C0001698F4F73CFA0498FCF74EFD4FF0FF3322
:10F4D00012A938460593F5F7D5FF039050B3384687
:10F4E000F5F7AEFF95F84B10039B5FFA80F949459D
:10F4F00003D095F84A00484517D12C7C1CB195F8EB
:10F50000250048450FD095F8240048450DD01698A1
:10F510000393494514BF2D212B21F4F710FA039BC7
:10F520001C461E46EBE62346FBE61C46F9E6002495
:10F53000A24660E734465EE74FF000094FF000084E
:10F5400046460124AEE600BF30CD01242DE9F0434C
:10F550008DB008AC179E0AAF84E80C0089461D4B9D
:10F560000A93202105463846F4F70BF9CDE90367E5
:10F57000169B029314AB93E803008DE803000DF192
:10F58000180894E80C0040464946FFF71BFE98E82F
:10F590000300DDF8288084E80300EFF7C9FE18991E
:10F5A0000B900BAB404632460AF06AF814A920468D
:10F5B000F5F755FF18B1336843F00203336094E860
:10F5C000030085E803003846FCF7AEFD28460DB081
:10F5D000BDE8F08330CD01242DE9F0438DB008ACB7
:10F5E000179E0AAF84E80C0089461D4B0A93202120
:10F5F00005463846F4F7C5F8CDE90367169B029334
:10F6000014AB93E803008DE803000DF1180894E8AB
:10F610000C0040464946FFF7D5FD98E80300DDF8A9
:10F62000288084E80300EFF783FE18990B900BAB5A
:10F63000404632460AF060F814A92046F5F70FFF5D
:10F6400018B1336843F00203336094E8030085E89F
:10F6500003003846FCF768FD28460DB0BDE8F0838E
:10F6600030CD01242DE9F0438DB008AC179E0AAFD0
:10F6700084E80C0089461D4B0A9320210546384634
:10F68000F4F77FF8CDE90367169B029314AB93E878
:10F6900003008DE803000DF1180894E80C004046C3
:10F6A0004946FFF78FFD98E80300DDF8288084E8DD
:10F6B0000300EFF73DFE18990B900BAB4046324626
:10F6C0000AF062F814A92046F5F7C9FE18B13368AC
:10F6D00043F00203336094E8030085E803003846F2
:10F6E000FCF722FD28460DB0BDE8F08330CD0124A3
:10F6F0002DE9F04F8BB006AE169C059004F16C001E
:10F7000086E80C00FDF710F9E46804F04A04402C88
:10F71000054654D0082C14BF4FF00A094FF01009C9
:10F7200014A93046F5F79BFE0746002840F0758186
:10F730003046F5F785FE95F84A30C2B2934203D0C1
:10F7400095F84B1091423DD1991A4B424B41009391
:10F750002B7C1BB195F82530934216D095F82430B8
:10F76000934212D006980192FCF7FEFB4FF0FF3354
:10F7700014A930460793F5F785FE019A002800F09A
:10F780004E813046F5F75CFEC2B24FF000084646A7
:10F790002B7C1BB195F82530934246D095F8243048
:10F7A000934242D095F84E30934216D1B8F1000FF3
:10F7B0000AD0B9F10A0F13D15CB926467EE04FF0AA
:10F7C0000809ADE70097E0E7002C74D0B9F1080F05
:10F7D00077D001364FF0010811E0B8F1000F23D0C7
:10F7E00095F84C30934203D095F84D3093426FD149
:10F7F000002C68D0B9F1100F6FD10026B0460698E2
:10F800000192FCF7B1FB4FF0FF3314A906A8079350
:10F81000F5F738FE019A00285DD006A8F5F710FE2E
:10F82000C2B2B8F1000FB3D14746B9F1100F14BFFF
:10F830004B46162302937C4B09932B7C2BB1202142
:10F8400009A80192F3F79DFF019A009B95F864B017
:10F8500003F10043013B0193B3FBF9F30393BBF1C5
:10F86000000F42D005F14E030493002F40F0848036
:10F87000BA463C462B7C002B60D095F8251091426F
:10F880005CD1002E7DD0F1B209A8F4F758F800261B
:10F890000698FCF769FB4FF0FF3314A906A80793FD
:10F8A000F5F7F0FD0346002800F0948006A8F5F770
:10F8B000C7FDC2B2DEE726464FF001084FF0080947
:10F8C0009DE7464686E72646A0464FF0100996E794
:10F8D0004FF00108A9E70127A7E7CDF808904FF0FE
:10F8E0000108A8E74FF0010A18E0002F6ED1BA46D0
:10F8F0003C464FF0FF3B02981146FCF73FFB431C90
:10F900003CD0039BA342EDD3019B04FB09F41B1ADB
:10F91000A34238BF4AF0010A013604440698FCF7B6
:10F9200023FB14A906A8CDF81CB0F5F7ABFD0346E0
:10F9300030B306A8F5F784FDC2B2DCE795F82430B1
:10F9400093421BD002990498FCF718FCB0B1049BB9
:10F95000C01A039B0F28C8BF0638A3420AD3019BD5
:10F9600004FB09F41B1AA34238BF4AF0010A01360E
:10F9700004448DE7DA468BE70024A246002300E02A
:10F9800001270998FCF7A3FB70B1F1B209A8019314
:10F99000F3F7D5FFD5E9020109AA0AF09DF9019B09
:10F9A00010B9179904220A6036B9B8F1000F03D1D3
:10F9B0000998FCF78CFB78B173B9BAF1000F24D128
:10F9C000009B03B16442189B1C600BE0DA465B4667
:10F9D0005C46D6E75F46D4E70023189A1360179A6F
:10F9E000042313602FB1179B179A1B6843F002037F
:10F9F0001360DDE90601059B83E8030009A8FCF715
:10FA000093FB05980BB0BDE8F08F009B002B0CBF5B
:10FA10006FF000434FF00043DFE700220092002622
:10FA20000127B04601E700BF30CD012470B588B092
:10FA300006AD85E80C00109B04930F9B03930E9B6F
:10FA400002930CAB04460E4693E803008DE80300D6
:10FA5000204695E80C003146FFF74AFE204608B0E4
:10FA600070BD2DE9F04F91B00CAD0790DDE91C0998
:10FA700085E80C00C368DDF878A0DB070E4639D4B2
:10FA80004FF0FF330F930FABCDE9039302901AAB06
:10FA900093E803008DE803000AAC95E80C003146BA
:10FAA0002046FFF725FE94E803000F9B012B85E815
:10FAB00003000CD803F001038AF8003095E8030036
:10FAC000079B83E80300184611B0BDE8F08F0123BF
:10FAD0008AF800300423C9F800301AA92846F5F73F
:10FAE000BEFC0028EAD0D9F8003043F00203C9F880
:10FAF0000030E3E76C30FCF717FF066A8469B6FA5A
:10FB000086F6B4FA84F44FF0010B80467609640956
:10FB100000275A469EB194B100213AB3D8F820206C
:10FB2000BA4223D117B300228AF80020BBF1000F9C
:10FB30005CD0D8F81830BB4258D10423D7E71AA9B3
:10FB400028460892F5F78BFC089A01460028E4D174
:10FB500009902846F5F774FCDDE90821C0B29EB98A
:10FB6000D8F81C20D25D824210D08CB1BBF1000FBE
:10FB700040D0D8F81830BB423CD1002F3AD00123F6
:10FB80008AF80030994032E0002AEED044B90124CE
:10FB9000D8F81430DB5D834205D14FF0010B05E04E
:10FBA000BBF1000F19D166BB6CB3B34628460137D1
:10FBB000FCF704FA9CB1D8F82060BE428CBF002646
:10FBC0000126BBF1000F0CD0D8F81810B9428CBF39
:10FBD0000021012122460C469CE75C46E6E701260F
:10FBE000EFE70121F6E74FF0000B97E74900C9F86E
:10FBF000001063E700238AF8003000299DD0062317
:10FC000075E7002CEFD18AF8004096E72DE9F04F18
:10FC10008BB006AE169C059004F16C0086E80C00D3
:10FC2000FCF782FEE46804F04A04402C054654D0F8
:10FC3000082C14BF4FF00A094FF0100914A93046E0
:10FC4000F5F70DFC0746002840F075813046F5F7C2
:10FC5000F7FB95F84A30C2B2934203D095F84B10A7
:10FC600091423DD1991A4B424B4102932B7C1BB1DF
:10FC700095F82530934216D095F82430934212D04F
:10FC800006980192FCF770F94FF0FF3314A9304643
:10FC90000793F5F7F7FB019A002800F04E813046F4
:10FCA000F5F7CEFBC2B24FF0000846462B7C1BB1E5
:10FCB00095F82530934246D095F82430934242D0AF
:10FCC00095F84E30934216D1B8F1000F0AD0B9F131
:10FCD0000A0F13D15CB926467CE04FF00809ADE766
:10FCE0000297E0E7002C72D0B9F1080F75D0013609
:10FCF0004FF0010811E0B8F1000F23D095F84C3017
:10FD0000934203D095F84D3093426DD1002C66D0CC
:10FD1000B9F1100F6DD10026B04606980192FCF79C
:10FD200023F94FF0FF3314A906A80793F5F7AAFBB0
:10FD3000019A00285BD006A8F5F782FBC2B2B8F1A1
:10FD4000000FB3D14746B9F1100F14BF4B4616232D
:10FD500001937C4B09932B7C2BB1202109A80392A2
:10FD6000F3F70FFD039A95F864B04FF6FF7393FB1A
:10FD7000F9F30393BBF1000F43D005F14E03049355
:10FD8000002F40F08B80BA463C462B7C002B64D081
:10FD900095F82510914260D1002E00F08480F1B2D8
:10FDA00009A8F3F7CCFD00260698FCF7DDF84FF024
:10FDB000FF3314A906A80793F5F764FB0346002850
:10FDC00000F09B8006A8F5F73BFBC2B2DDE72646B4
:10FDD0004FF001084FF008099FE7464688E726469E
:10FDE000A0464FF0100998E74FF00108ABE7012754
:10FDF000A9E7CDF804904FF00108AAE74FF0010AF7
:10FE00001BE0002F75D1BA463C464FF0FF3B0198EE
:10FE10001146FCF7B3F8431C42D0039BA342EDD339
:10FE200019FB04F4C0F57F43A4B2FF339C42C8BF62
:10FE30004AF0010A0444A4B201360698FCF794F88B
:10FE400014A906A8CDF81CB0F5F71CFB034648B36F
:10FE500006A8F5F7F5FAC2B2D9E795F8243093422F
:10FE60001ED001990498FCF789F9C8B1049BC01A07
:10FE7000039B0F28C8BF0638A3420DD319FB04F417
:10FE8000C0F57F43A4B2FF339C42C8BF4AF0010AC9
:10FE90000444A4B2013687E7DA4685E70024A24687
:10FEA000002300E001270998FCF711F970B1F1B2C5
:10FEB00009A80193F3F743FDD5E9020109AA09F066
:10FEC0000BFF019B10B9179904220A6036B9B8F1EB
:10FED000000F03D10998FCF7FAF880B17BB9BAF1A9
:10FEE000000F25D1029B0BB16442A4B2189B1C8069
:10FEF0000BE0DA465B465C46D5E75F46D3E7002376
:10FF0000189A1380179A042313602FB1179B179A1E
:10FF10001B6843F002031360DDE90601059B83E8DB
:10FF2000030009A8FCF700F905980BB0BDE8F08FB5
:10FF30004FF6FF73E4E70022029200260127B04645
:10FF400001E700BF30CD012470B588B006AD85E86B
:10FF50000C00109B04930F9B03930E9B02930CAB1E
:10FF600004460E4693E803008DE80300204695E81A
:10FF70000C003146FFF74AFE204608B070BD000075
:10FF80002DE9F04F8BB006AE169D059005F16C0083
:10FF900086E80C00FCF7C8FCED6805F04A05402D2A
:10FFA000044655D0082D14BF4FF00A094FF0100930
:10FFB00014A93046F5F753FA0746002840F06B8144
:10FFC0003046F5F73DFA94F84A305FFA80FB5B451E
:10FFD00003D094F84B1059453DD1A3EB0B0253428B
:10FFE00053410293237C1BB194F825305B4515D017
:10FFF00094F824305B4511D00698FBF7B5FF4FF01D
:020000040804EE
:10000000FF3314A930460793F5F73CFA002800F0B7
:1000100046813046F5F714FA5FFA80FB4FF000088E
:100020004646237C1BB194F825305B4545D094F8B7
:1000300024305B4541D094F84E305B4516D1B8F181
:10004000000F0AD0B9F10A0F13D15DB92E4679E03D
:100050004FF00809ACE70297E0E7002D6FD0B9F147
:10006000080F72D001364FF0010811E0B8F1000F0F
:1000700022D094F84C305B4503D094F84D305B456A
:100080006AD1002D63D0B9F1100F6AD10026B046B5
:100090000698FBF769FF4FF0FF3314A906A80793F2
:1000A000F5F7F0F900285AD006A8F5F7C9F95FFA74
:1000B00080FBB8F1000FB4D14746B9F1100F14BF5F
:1000C0004B4616230193784B0993237C1BB12021C7
:1000D00009A8F3F756FB4FF0FF33B3FBF9F3039393
:1000E00094F864300093002B43D004F14E03049342
:1000F000002F40F08380BA463D46237C002B5FD022
:1001000094F8251059455BD1002E7CD0F1B209A896
:10011000F3F715FC00260698FBF726FF4FF0FF3398
:1001200014A906A80793F5F7ADF90346002800F0D7
:10013000948006A8F5F784F95FFA80FBDDE72E4688
:100140004FF001084FF00809A2E746468BE72E461C
:10015000A8464FF010099BE74FF00108ADE70127D3
:10016000ABE7CDF804904FF00108ACE74FF0010A7F
:1001700014E0002F6CD1BA463D4601985946FBF772
:10018000FDFE431C3CD0039BAB42EFD305FB09F5BE
:10019000401928BF4AF0010A054601360698FBF7C8
:1001A000E3FE4FF0FF3314A906A80793F5F76AF9A9
:1001B000034638B306A8F5F743F95FFA80FBDCE79E
:1001C00094F824305B451BD0019904985A46FBF7FC
:1001D000D5FFA8B1049BC01A039B0F28C8BF0638DF
:1001E000AB4208D305FB09F5401928BF4AF0010AC4
:1001F000054601368FE7DDF800A08CE70025AA460A
:10020000002300E001270998FBF761FF70B1F1B20C
:1002100009A80093F3F793FBD4E9020109AA09F0B6
:100220005BFD009B10B9179904220A6036B9B8F13A
:10023000000F03D10998FBF74AFF80B17BB9BAF1EF
:10024000000F25D1029B03B16D42189B1D600CE08D
:10025000DDF800A053465546D5E7009FD3E70023BD
:10026000189A1360179A042313602FB1179B179ADB
:100270001B6843F002031360DDE90601059B83E878
:10028000030009A8FBF750FF05980BB0BDE8F08FFD
:100290004FF0FF33E4E74FF0000BCDF808B0002635
:1002A0000127B04609E700BF30CD012470B588B002
:1002B00006AD85E80C00109B04930F9B03930E9BE7
:1002C00002930CAB04460E4693E803008DE803004E
:1002D000204695E80C003146FFF752FE204608B054
:1002E00070BD00002DE9F04F8BB006AE169D059055
:1002F00005F16C0086E80C00FCF716FBED6805F0D4
:100300004A05402D044655D0082D14BF4FF00A0968
:100310004FF0100914A93046F5F7A1F80746002858
:1003200040F06B813046F5F78BF894F84A305FFA6D
:1003300080FB5B4503D094F84B1059453DD1A3EBAE
:100340000B02534253410293237C1BB194F8253096
:100350005B4515D094F824305B4511D00698FBF727
:1003600003FE4FF0FF3314A930460793F5F78AF8E0
:10037000002800F046813046F5F762F85FFA80FB0E
:100380004FF000084646237C1BB194F825305B45AE
:1003900045D094F824305B4541D094F84E305B450D
:1003A00016D1B8F1000F0AD0B9F10A0F13D15DB917
:1003B0002E4679E04FF00809ACE70297E0E7002D00
:1003C0006FD0B9F1080F72D001364FF0010811E07B
:1003D000B8F1000F22D094F84C305B4503D094F86C
:1003E0004D305B456AD1002D63D0B9F1100F6AD151
:1003F0000026B0460698FBF7B7FD4FF0FF3314A96F
:1004000006A80793F5F73EF800285AD006A8F5F796
:1004100017F85FFA80FBB8F1000FB4D14746B9F185
:10042000100F14BF4B4616230193784B0993237C7E
:100430001BB1202109A8F3F7A4F94FF0FF33B3FB58
:10044000F9F3039394F864300093002B43D004F144
:100450004E030493002F40F08380BA463D46237C30
:10046000002B5FD094F8251059455BD1002E7CD02D
:10047000F1B209A8F3F763FA00260698FBF774FDBA
:100480004FF0FF3314A906A80793F4F7FBFF0346C8
:10049000002800F0948006A8F4F7D2FF5FFA80FBF2
:1004A000DDE72E464FF001084FF00809A2E7464667
:1004B0008BE72E46A8464FF010099BE74FF0010846
:1004C000ADE70127ABE7CDF804904FF00108ACE7AA
:1004D0004FF0010A14E0002F6CD1BA463D46019856
:1004E0005946FBF74BFD431C3CD0039BAB42EFD37B
:1004F00005FB09F5401928BF4AF0010A05460136F7
:100500000698FBF731FD4FF0FF3314A906A80793B7
:10051000F4F7B8FF034638B306A8F4F791FF5FFA83
:1005200080FBDCE794F824305B451BD001990498EC
:100530005A46FBF723FEA8B1049BC01A039B0F2861
:10054000C8BF0638AB4208D305FB09F5401928BFE0
:100550004AF0010A054601368FE7DDF800A08CE776
:100560000025AA46002300E001270998FBF7AFFD0C
:1005700070B1F1B209A80093F3F7E1F9D4E90201EF
:1005800009AA09F0A9FB009B10B9179904220A6077
:1005900036B9B8F1000F03D10998FBF798FD80B187
:1005A0007BB9BAF1000F25D1029B03B16D42189BB4
:1005B0001D600CE0DDF800A053465546D5E7009FCE
:1005C000D3E70023189A1360179A042313602FB1FE
:1005D000179B179A1B6843F002031360DDE90601BD
:1005E000059B83E8030009A8FBF79EFD05980BB067
:1005F000BDE8F08F4FF0FF33E4E74FF0000BCDF88C
:1006000008B000260127B04609E700BF30CD01241D
:1006100070B588B006AD85E80C00109B04930F9B65
:1006200003930E9B02930CAB04460E4693E8030023
:100630008DE80300204695E80C003146FFF752FE96
:10064000204608B070BD2DE9F0418CB008AC149E76
:10065000D6F80C8084E80C0028F04A0343F0080325
:10066000F3600BAB0493159BCDE9026312AB054617
:100670008C4693E803008DE8030006AF94E80C0075
:1006800061463846FFF72EFE97E80300169B0B9A4B
:10069000C6F80C8084E8030085E8030028461A6049
:1006A0000CB0BDE8F08100002DE9F04F8FB00AAF2B
:1006B0001A9C079004F16C0087E80C00FCF734F9F1
:1006C000E56805F04A05402D064652D0082D14BFB6
:1006D0004FF00A094FF0100918A93846F4F7BFFE89
:1006E0008046002840F0B0813846F4F7A9FE96F81D
:1006F0004A30C4B2A34203D096F84B20A2423BD169
:100700001A1B534253410193337C1BB196F8253099
:10071000A34214D096F82430A34210D00A98FBF7D5
:1007200023FC4FF0FF3318A938460B93F4F7AAFEC9
:10073000002800F08B813846F4F782FEC4B24FF0F7
:10074000000A5746337C1BB196F82530A34246D0A9
:1007500096F82430A34242D096F84E30A34218D1E6
:10076000BAF1000F0BD0B9F10A0F15D16DB92F46B0
:1007700089E04FF00809AFE7CDF80480DFE7002DEE
:100780007ED0B9F1080F00F0818001374FF0010AE7
:1007900011E0BAF1000F21D096F84C30A34203D0FB
:1007A00096F84D30A34278D1002D71D0B9F1100FD9
:1007B00079D10027BA460A98FBF7D6FB4FF0FF33F2
:1007C00018A90AA80B93F4F75DFE002868D00AA8C0
:1007D000F4F736FEC4B2BAF1000FB3D1D046B9F186
:1007E000100F14BF4B46162304939B4B0D93337C81
:1007F0001BB120210DA8F2F7C4FF019B013B05931B
:10080000019B059803F10043013B029302994FEAD3
:10081000E9734A46E0F796F896F864300393CDE919
:100820000801002B47D006F14E030693B8F1000FE4
:1008300040F0A680C3464546CDF80080337C002BAF
:1008400072D096F82520A2426ED1002F00F09F8032
:10085000F9B20DA8F3F773F800270A98FBF784FBA9
:100860004FF0FF3318A90AA80B93F4F70BFE0346C9
:10087000002800F0BE800AA8F4F7E2FDC4B2DDE76C
:100880002F464FF0010A4FF0080994E757467DE7DD
:100890002F46AA464FF010098DE74FF0010A9EE758
:1008A0004FF001089BE7CDF810904FF0010A9CE74C
:1008B0004FF0010B26E0B8F1000F40F09380C346E3
:1008C0004546CDF8008004982146FBF757FB431CB2
:1008D00059D0089B009AAB42099B9341E8D3A9FBEE
:1008E000055309FB0233059A111A029A62EBE07272
:1008F000A9429A4138BF4BF0010B451943EBE07315
:10090000009301370A98FBF72FFB4FF0FF3318A92C
:100910000AA80B93F4F7B6FD0346002835D00AA8C1
:10092000F4F78EFDC4B2CEE796F82430A3422AD065
:10093000049906982246FBF721FC20B3069B009AF7
:10094000C01A089B0F28C8BF0638AB42099B9341C9
:1009500013D3A9FB055309FB0233059A111A029A16
:1009600062EBE072A9429A4138BF4BF0010B451986
:1009700043EBE073009301376FE7DDF80CB06CE7F1
:1009800000250095AB46002301E04FF001080D98CB
:10099000FBF79DFB70B1F9B20DA80293F2F7CFFF00
:1009A000D6E902010DAA09F097F9029B10B91B992B
:1009B00004220A6037B9BAF1000F03D10D98FBF792
:1009C00086FBC8B1C3B9BBF1000F32D1019B23B183
:1009D000009B6D4263EB430300931C9B009A1D60D8
:1009E0005A6011E0DDF80CB0CDF800B05B465D4612
:1009F000CDE7DDF80C80CAE7002200231C99C1E98D
:100A000000231B9A04231360B8F1000F05D01B9B31
:100A10001B9A1B6843F002031360DDE90A01079B80
:100A200083E803000DA8FBF77FFB07980FB0BDE834
:100A3000F08F019B1BB100224FF00043DEE74FF027
:100A4000FF326FF00043D9E70024019400274FF0F4
:100A50000108BA46C3E600BF30CD012470B588B0A6
:100A600006AD85E80C00109B04930F9B03930E9B2F
:100A700002930CAB04460E4693E803008DE8030096
:100A8000204695E80C003146FFF70EFE204608B0E0
:100A900070BD00002DE9F04F8DB008AF189C059097
:100AA00004F16C0087E80C00FBF73EFFE56805F0F9
:100AB0004A05402D064652D0082D14BF4FF00A0AB1
:100AC0004FF0100A16A93846F4F7C9FC81460028F1
:100AD00040F0A7813846F4F7B3FC96F84A30C4B228
:100AE000A34203D096F84B20A2423BD11A1B53429B
:100AF00053410393337C1BB196F82530A34214D0A5
:100B000096F82430A34210D00898FBF72DFA4FF046
:100B1000FF3316A938460993F4F7B4FC002800F017
:100B200082813846F4F78CFCC4B24FF0000BD846F3
:100B3000337C1BB196F82530A34247D096F8243079
:100B4000A34243D096F84E30A34218D1BBF1000F18
:100B50000BD0BAF10A0F15D165B9A84687E04FF05E
:100B6000080AAFE7CDF80C90DFE7002D7CD0BAF192
:100B7000080F7FD008F101084FF0010B12E0BBF124
:100B8000000F22D096F84C30A34203D096F84D3097
:100B9000A34276D1002D6FD0BAF1100F77D14FF06C
:100BA0000008C3460898FBF7DFF94FF0FF3316A99A
:100BB00008A80993F4F766FC002865D008A8F4F7A4
:100BC0003FFCC4B2BBF1000FB2D1D946BAF1100F4D
:100BD00014BF534616230293964B0B93337C1BB1E1
:100BE00020210BA8F2F7CDFD4FEAEA7352464FF0F1
:100BF000FF304FF0FF31DFF7A5FE96F86430019328
:100C0000CDE90601002B4AD006F14E030493B9F159
:100C1000000F40F0AB80CDF800904D464F46337C3E
:100C2000002B76D096F82520A24272D1B8F1000FA1
:100C300000F0A3805FFA88F10BA8F2F780FE4FF076
:100C400000080898FBF790F94FF0FF3316A908A8A1
:100C50000993F4F717FC0346002800F0BD8008A8AC
:100C6000F4F7EEFBC4B2DAE7A8464FF0010B4FF001
:100C7000080A97E7D8467FE7A846AB464FF0100A28
:100C800090E74FF0010BA1E74FF001099EE7CDF887
:100C900008A04FF0010B9FE70123009327E0B9F173
:100CA000000F40F09480CDF800904D464F460298DA
:100CB0002146FBF763F9431C5BD0069BAB42079BC5
:100CC000BB41E9D3AAFB05530AFB073341194FEA9D
:100CD000E07757EB030100994FF0000228BF012293
:100CE00011434519009147EB030708F101080898E3
:100CF000FBF73AF94FF0FF3316A908A80993F4F768
:100D0000C1FB0346002836D008A8F4F799FBC4B20B
:100D1000CDE796F82430A3422BD0029904982246BE
:100D2000FBF72CFA28B3049BC01A069B0F28C8BFF8
:100D30000638AB42079BBB4115D3AAFB05530AFB00
:100D4000073341194FEAE07757EB030100994FF061
:100D5000000228BF012211434519009147EB030708
:100D600008F101086DE7019B00936AE700252F4613
:100D70000095002301E04FF001090B98FBF7A7F95C
:100D800078B15FFA88F10BA80193F2F7D8FDD6E9A4
:100D900002010BAA08F0A0FF019B10B919990422C7
:100DA0000A60B8F1000F06D1BBF1000F03D10B9818
:100DB000FBF78DF998B193B9009B6BBB039B13B103
:100DC0006D4267EB47071A9BC3E900570FE0019B91
:100DD00000931D461F46D0E7DDF80490CDE70022C2
:100DE00000231A99C1E90023199A04231360B9F169
:100DF000000F05D0199B199A1B6843F0020313607A
:100E0000DDE90801059B83E803000BA8FBF78CF9DB
:100E100005980DB0BDE8F08F4FF0FF324FF0FF3373
:100E2000DFE7002403944FF000084FF00109C346A8
:100E3000CCE600BF30CD012470B588B006AD85E8A2
:100E40000C00109B04930F9B03930E9B02930CAB1F
:100E500004460E4693E803008DE80300204695E81B
:100E60000C003146FFF716FE204608B070BD2DE994
:100E7000F04F8FB0DDE91AB70AAC4FF0000A064612
:100E80000BF16C0084E80C008846CDF834A0FBF729
:100E9000B3FC0DABCDE906B302226323CDE90432E6
:100EA0000CAB0293CDF80CA018AB814693E803007D
:100EB0008DE8030008AD94E80C0041462846FDF794
:100EC0006BF995E803000D9B84E80300002B51D1DA
:100ED00018A92046F4F7D6FA002846D02046F4F7A1
:100EE000AFFA2A22C1B24846F3F7FDFDA0F1300562
:100EF000EBB2092B39D82046FBF760F80C9B4FF07A
:100F00000A0808FB035518A920460C95F4F7BAFA0D
:100F100098B12046F4F794FA2A22C1B24846F3F772
:100F2000E2FDA0F13005EBB2092B06D82046FBF715
:100F300045F80C9B08FB03550C950C9BA3F26C73B6
:100F40000C931C9B0C9A5A6118A92046F4F787FA57
:100F500018B13B6843F002033B6094E8030086E865
:100F6000030030460FB0BDE8F08F0C9B442BE8DC4B
:100F70006433E5E73B6843F004033B60E4E72DE9B5
:100F8000F0479CB0DDE926960AAC054609F16C00F5
:100F900084E80C008846FBF72FFD0DF1380A074660
:100FA0005146FBF709FB384615A9FBF7F5FA002374
:100FB0000D930DABCDE905930723CDE903A30CAB4E
:100FC000029324AB93E803008DE8030008AF94E894
:100FD0000C0041463846FDF7D2FA97E803000D9B16
:100FE00084E803009BB9289B0C9A9A6124A92046A7
:100FF000F4F735FA18B1336843F00203336094E82C
:10100000030085E8030028461CB0BDE8F08733687C
:1010100043F004033360E9E72DE9F047A6B0DDE9CA
:1010200030960AAC054609F16C0084E80C0088464D
:10103000FBF7E2FC0DF1380A07465146FBF7EBFAE5
:1010400038461AA9FBF7C8FA00230D930DABCDE97A
:1010500005930C23CDE903A30CAB02932EAB93E8CD
:1010600003008DE8030008AF94E80C0041463846C1
:10107000FDF785FA97E803000D9B84E803009BB910
:10108000329B0C9A1A612EA92046F4F7E8F918B1A0
:10109000336843F00203336094E8030085E80300FB
:1010A000284626B0BDE8F087336843F00403336078
:1010B000E9E72DE9F04F93B0DDE91EB70AAC05462C
:1010C0000BF16C0084E80C00DDF880A08946FBF78A
:1010D00093FC0DA9FBF74EFA0023CDE90F331193D2
:1010E0000D9BCDE902B7CDE904A30FAE06961CAB6C
:1010F00093E803008DE803000DF1200894E80C004C
:1011000049464046FDF7F2FA98E8030084E80300F8
:101110005146304608F0E6FD1CA92046F4F79FF939
:1011200018B13B6843F002033B6094E8030085E894
:101130000300284613B0BDE8F08F2DE9F04F93B0BF
:10114000DDE91EB70AAC05460BF16C0084E80C0023
:10115000DDF880A08946FBF74FFC0DA9FBF704FAE8
:101160000023CDE90F3311930D9BCDE902B7CDE9F3
:1011700004A30FAE06961CAB93E803008DE80300B2
:101180000DF1200894E80C0049464046FDF7AEFA00
:1011900098E8030084E803005146304608F0A2FDB9
:1011A0001CA92046F4F75BF918B13B6843F0020331
:1011B0003B6094E8030085E80300284613B0BDE8CF
:1011C000F08F00002DE9F04F91B00AA981E80C00E2
:1011D000DDE91C3903F16C0406902046FBF70CFB9B
:1011E00004902046FBF7BEFE00F138030793036A24
:1011F00005461BB1836A003B18BF012302932B7C79
:101200009A4C0D941BB120210DA8F2F7BAFA2021B7
:101210000EA80E94F2F7B5FA05F1390300260893EB
:101220006B6B0F93B04637460396B24601960FABF1
:101230009B5D042B61D8DFE813F08E0167012F005E
:10124000FE000500DFF828B21AA90AA8F4F71AF977
:1012500003460446002800F040810AA80993F4F7E9
:10126000EFF80A21C2B208980592FAF787FF059AAB
:10127000099B002800F02081079BC01ADBF8003092
:10128000195C0EA8F2F75BFB7C1C039F0AA8FAF717
:1012900095FE03972746D7E71C9BDB6898051FD46C
:1012A000BAF1010F1CD8DEB1012E0BD1029BBBB9E4
:1012B0009DF83C30032B13D09DF83E30012B0FD00E
:1012C0000226B4E7022E40F05A819DF83F30042BED
:1012D00006D0029A002A00F04D81032B40F04C8189
:1012E000AB6905934FF0000B1AA90AA8F4F7CAF8E6
:1012F000059B044618B99B4512D101241AE09B4571
:1013000018D00AA8F4F79CF86A6912F80B20C0B24A
:10131000824205D10AA8FAF751FE0BF1010BE3E76F
:10132000BBF1000F40F024811C9BDC6884F4007446
:10133000C4F340240136042E40F01081BAF1010FAD
:1013400040F23081002C00F00C81019B002B00F05A
:1013500018816C6A01261AA90AA8F4F793F80028E4
:1013600040F01181564540F0FC800E98FAF7AFFE30
:10137000012810D9002230210EA8F2F74EF80246BB
:1013800048B1431C03D10E98FAF7A1FE421E00217A
:101390000EA8FAF7AFFE019B73B10EA8F2F72CF975
:1013A0000E9B1B78302B07D00EA8F2F72EF92D22BA
:1013B00001460EA8F2F766F90D98FAF788FEA0B17B
:1013C000B8F1000F00F0F1809DF80C100DA8F2F7B5
:1013D000B6FAD5E902010DAA08F07EFC28B9D9F8C1
:1013E000003043F00403C9F80030B8F1000F03D017
:1013F000EB6ABB4240F0B5801E980EA9F1F7F8FFEA
:101400000AAC1AA92046F4F72AF828B1D9F8003016
:1014100043F00203C9F8003094E80300069B83E818
:1014200003000EA8FAF780FE0DA8FAF77DFE0698D5
:1014300011B0BDE8F08F2B6AE3B9AB6A002B2ED058
:101440001AA90AA8F4F71EF8044640B30AA8F3F74D
:10145000F7FF6B6A1B78C0B2834220D10AA8D5F887
:1014600028A0FAF7ABFD019464E700BF30CD01245A
:10147000700000241AA90AA8F4F704F8044600280A
:10148000DBD00AA8F3F7DCFFEB691B78C0B283421C
:10149000D3D10AA8D5F820A0FAF790FD4AE72B6A25
:1014A0001BB9029B83F0010444E7AB6A002BF8D11F
:1014B000012301931C463DE7697C914208D1B8F1B4
:1014C000000F05D1EA6A002A08DD98460446DDE6E9
:1014D0002B7C1BB1AB7C934207D001240E98FAF70A
:1014E000F6FD002808BF002424E7B8F1000F07D15B
:1014F00047B1F9B20DA8F2F722FA4446039FC5E6B8
:101500004446EBE73C46E9E71AA90AA8F3F7BAFF15
:10151000A8B90024032E3FF411AF1AA90AA8F3F7C3
:10152000B1FFD0B10AA8F3F78BFF049BC0B29B694F
:101530001B5C1A0711D50AA8FAF740FDEDE70AA8C7
:10154000F3F77EFF049BC0B29B691B5C1907E0D5D3
:101550000AA8FAF733FD0124DCE70136002C7FF4FA
:1015600066AED9F8003043F00403C9F8003047E70D
:101570000024DFE603265AE6029C0326EEE7012458
:10158000DCE6EC69E6E656453FF4EFAE0AA8F3F771
:1015900057FFA35DC0B28342E3D10AA8FAF70EFD5C
:1015A0000136D8E6002CDCD0DFE6F9B20EE700BF4A
:1015B0002DE9F04F91B00AA981E80C00DDE91C3952
:1015C00003F16C0406902046FBF716F904902046C0
:1015D000FBF716FC00F138030793036A05461BB1BD
:1015E000836A003B18BF012302932B7C9A4C0D9415
:1015F0001BB120210DA8F2F7C4F820210EA80E94EB
:10160000F2F7BFF805F13903002608936B6B0F93CF
:10161000B04637460396B24601960FAB9B5D042B4E
:1016200061D8DFE813F08E0167012F00FE0005008E
:10163000DFF828B21AA90AA8F3F724FF03460446E4
:10164000002800F040810AA80993F3F7F9FE0A2167
:10165000C2B208980592FAF791FD059A099B0028F5
:1016600000F02081079BC01ADBF80030195C0EA83F
:10167000F2F765F97C1C039F0AA8FAF79FFC039711
:101680002746D7E71C9BDB6898051FD4BAF1010FEA
:101690001CD8DEB1012E0BD1029BBBB99DF83C30AA
:1016A000032B13D09DF83E30012B0FD00226B4E758
:1016B000022E40F05A819DF83F30042B06D0029A4A
:1016C000002A00F04D81032B40F04C81AB6905935B
:1016D0004FF0000B1AA90AA8F3F7D4FE059B0446A5
:1016E00018B99B4512D101241AE09B4518D00AA8CD
:1016F000F3F7A6FE6A6912F80B20C0B2824205D148
:101700000AA8FAF75BFC0BF1010BE3E7BBF1000F52
:1017100040F024811C9BDC6884F40074C4F34024F2
:101720000136042E40F01081BAF1010F40F23081F1
:10173000002C00F00C81019B002B00F018816C6ADA
:1017400001261AA90AA8F3F79DFE002840F011818E
:10175000564540F0FC800E98FAF7B9FC012810D9E4
:10176000002230210EA8F1F758FE024648B1431C72
:1017700003D10E98FAF7ABFC421E00210EA8FAF72F
:10178000B9FC019B73B10EA8F1F736FF0E9B1B78D5
:10179000302B07D00EA8F1F738FF2D2201460EA8F6
:1017A000F1F770FF0D98FAF792FCA0B1B8F1000FB5
:1017B00000F0F1809DF80C100DA8F2F7C0F8D5E903
:1017C00002010DAA08F088FA28B9D9F8003043F0D0
:1017D0000403C9F80030B8F1000F03D0EB6ABB4234
:1017E00040F0B5801E980EA9F1F702FE0AAC1AA9C6
:1017F0002046F3F734FE28B1D9F8003043F0020355
:10180000C9F8003094E80300069B83E803000EA8A3
:10181000FAF78AFC0DA8FAF787FC069811B0BDE824
:10182000F08F2B6AE3B9AB6A002B2ED01AA90AA855
:10183000F3F728FE044640B30AA8F3F701FE6B6AEB
:101840001B78C0B2834220D10AA8D5F828A0FAF7A5
:10185000B5FB019464E700BF30CD01247000002483
:101860001AA90AA8F3F70EFE04460028DBD00AA83E
:10187000F3F7E6FDEB691B78C0B28342D3D10AA827
:10188000D5F820A0FAF79AFB4AE72B6A1BB9029B0E
:1018900083F0010444E7AB6A002BF8D101230193E4
:1018A0001C463DE7697C914208D1B8F1000F05D193
:1018B000EA6A002A08DD98460446DDE62B7C1BB167
:1018C000AB7C934207D001240E98FAF700FC002865
:1018D00008BF002424E7B8F1000F07D147B1F9B2DF
:1018E0000DA8F2F72CF84446039FC5E64446EBE703
:1018F0003C46E9E71AA90AA8F3F7C4FDA8B90024F1
:10190000032E3FF411AF1AA90AA8F3F7BBFDD0B11B
:101910000AA8F3F795FD049BC0B29B691B5C1A07EC
:1019200011D50AA8FAF74AFBEDE70AA8F3F788FDF4
:10193000049BC0B29B691B5C1907E0D50AA8FAF7A3
:101940003DFB0124DCE70136002C7FF466AED9F8BC
:10195000003043F00403C9F8003047E70024DFE615
:1019600003265AE6029C0326EEE70124DCE6EC6936
:10197000E6E656453FF4EFAE0AA8F3F761FDA35D36
:10198000C0B28342E3D10AA8FAF718FB0136D8E6C1
:10199000002CDCD0DFE6F9B20EE700BF2DE9F04302
:1019A0008DB006AC84E80C00DDE9173809AFCDE94D
:1019B000038702938C4614AB18490991054693E8B6
:1019C00003009DF858208DE803000AAEFAB194E8B0
:1019D0000C0061463046FFF7F5FB96E80300DDF8A2
:1019E000249084E80300EDF7A3FC19990A9033468C
:1019F0004246484607F0C8FE94E8030085E8030025
:101A00003846FAF791FB28460DB0BDE8F08394E81C
:101A10000C0061463046FFF7CBFDDEE730CD0124F8
:101A20002DE9F04F8DB006ACDDF864B09DF8609004
:101A300007460BF16C0084E80C008A46FAF7DCFEDE
:101A40001A9B1F490991CDE902B309AE049616AB62
:101A5000804693E803008DE803000AAD94E80C008B
:101A600051462846B9F1000F26D0FFF7ABFB95E8A9
:101A7000030084E803000998FAF729FB054680B1C2
:101A800001461B98F1F756FFDDF824A01B98F1F7EB
:101A9000B3FD1B9B55441B682A4651464046FAF746
:101AA0004CFB94E8030087E803003046FAF73CFB60
:101AB00038460DB0BDE8F08FFFF77AFDD7E700BFDD
:101AC00030CD0124244B1A68D0075CBF01221A6074
:101AD000224B1A68D1075CBF01221A60204B1A689A
:101AE000D2075CBF01221A601E4B1A68D0075CBF88
:101AF00001221A601C4B1A68D1075CBF01221A60D0
:101B00001A4B1A68D2075CBF01221A60184B1A6878
:101B1000D0075CBF01221A60164B1A68D1075CBF60
:101B200001221A60144B1A68D2075CBF01221A60A6
:101B3000124B1A68D0075CBF01221A60104B1A685A
:101B4000D1075CBF01221A600E4B1A68D2075CBF36
:101B500001221A60704700BFF8CD0124F4CD0124A2
:101B6000F0CD0124ECCD0124E8CD0124E4CD012405
:101B7000E0CD0124DCCD0124D8CD0124D4CD012435
:101B8000D0CD0124CCCD012438B545682B6853F85D
:101B90000C3C1D440446EB689B0410D507F089FA01
:101BA00068B9A86F58B100F082FB013007D16368B3
:101BB0001A6852F80C0C01211844F9F76DFF204601
:101BC00038BD036853F80C3C034413B59B6F0446BF
:101BD000CBB10146684600F019F89DF800307BB1A2
:101BE000236853F80C3C2344986F00F060FB0130ED
:101BF00006D1236853F80C0C01212044F9F74CFF5F
:101C00006846FFF7C1FF204602B010BD38B500237B
:101C100003700B68416053F80C3C0B440546186F89
:101C20000C4618B15B690BB9FFF7CBFF236853F87B
:101C30000C0C204443691BB901232B70284638BD86
:101C4000DB07FBD50421F9F727FFF7E70346084632
:101C5000D3E901128A4230B514D9411C0ED012F8D2
:101C6000014C1D6AC1B28C4201D0ED060AD5551E49
:101C70008C429D6001D002F8011C30BD013A9A608F
:101C80000020FAE74FF0FF30F7E7000010B5074BF0
:101C9000044640F8243B00F078FB2046044B40F813
:101CA0001C3BEDF79FFB204610BD00BF60020608FD
:101CB0003403060810B50446FFF7E8FF204607F096
:101CC00091F9204610BD43694BB1C2680AB19A42EE
:101CD00005D2026AC360120758BFC0E901337047DA
:101CE000036A1B0710B5044605D5FFF7ECFFD4E9DE
:101CF0000230C01A10BD4FF0FF30FBE7036A1B072C
:101D000010B5044602D44FF0FF3010BDFFF7DBFFE3
:101D1000D4E902329342F6D21878F6E770B5DDE9DD
:101D20000434C0E90411094982616FF00045B3F140
:101D3000004F74F10006426902DA1A44426170BD34
:101D40002A445B18426164F10004F0E7010000805E
:101D50002DE9F04F0D4685B0814614461E46DDE95B
:101D60000E720023C9E902332B6A4FF0FF3002EAFA
:101D700003084FF0FF31C9E9000108F00800C8F37B
:101D8000C00308F01001C8F30018A0B1A9B1B7F161
:101D9000010B18BF4FF0010B82F0100113EA111173
:101DA00082F0080208EAD20809D06A6882B954EAC7
:101DB00006033AD10CE08346EEE78B46ECE72A694E
:101DC000002A58D0B8F1000F02D1BBF1000F2CD07F
:101DD0002846CDE90212FFF776FF012FDDE9021256
:101DE00027D1AB686F699B1A1819A7EB020746EB5E
:101DF000E37317EB040A46EBE77704461E4611B976
:101E0000BBF1000F33D0002E0ADBEB689B1AD91709
:101E1000A342B141A1BF6B68C9E900461B19AB6081
:101E2000B8F1000F0FD0002F11DA484605B0BDE819
:101E3000F08F022F04D1EB689B1A1C1946EBE37656
:101E4000A2463746DBE7BBF1000FECD1EDE7EB68CC
:101E50009B1ADA175345BA41E7DBCDE900A72846BC
:101E6000AA692969FFF75AFFC9E900A7DDE7B8F1B8
:101E7000000FD8D1D9E754EA0603A3D0D5E782B042
:101E80002DE9F3470C460AA981E80C00164698464E
:101E90004FF0FF324FF0FF33C0E900230023C0E9C9
:101EA00002330E9F236A1F4017F0080A14BFD4F8AC
:101EB0000490D4F810900546B9F1000F02D156EA0B
:101EC000080323D117F0180F20D02046FFF7FBFEA0
:101ED000B8F1000F1ADBE368A3EB0903DA17B3428A
:101EE00072EB080212DBBAF1000F02D063683344D0
:101EF000A360FB0606D5CDE900682046A2692169EA
:101F0000FFF70CFF0AAB0FCB85E80F00284602B0A5
:101F1000BDE8F04702B070472DE9F347856A0446F3
:101F20009A46036A243017460E460D4403F008080B
:101F300003F0100900F0BCFA626A964217BFED196F
:101F400032182A460027B8F1000F03D03744C4E9FD
:101F500002756660B9F1000F0DD00023CDF800A026
:101F6000019331462046FFF7D9FEB8F1000F02D1A8
:101F7000C4E90155E56002B0BDE8F08708B511F08D
:101F80000303016218BF836A416A0022FFF7C4FF9E
:101F900008BD38B5044639B1002A05DB456A00237F
:101FA00083622B70FFF7B8FF204638BD2DE9F04162
:101FB000036A0D46D90688B004466AD56A1C66D005
:101FC00000F12407384600F073FAD4E90413A2693B
:101FD000561A864220D25B1A666ADA17CDE90032B9
:101FE000314632182046FFF799FE236A1B070AD5AF
:101FF000D4E901135B1AF218E3685B1A0133C4E9F0
:1020000001623344E36063691D7063690133636196
:10201000284608B0BDE8F0819342F5D36FF0404305
:10202000984236D04100994228BF1946B1F5007F49
:1020300004AA4FF0000638BF4FF4007102A80292C4
:1020400003968DF8106000F099FA23695FFA85F81D
:102050003BB1A269D21A00923146039A02A800F05D
:1020600073FB414602A800F0A4FA02A9384600F02A
:1020700057FCD4E90430D4E90121C31A8A1A204656
:10208000616AFFF749FF02A800F07FF9BDE700256C
:10209000BEE74FF0FF35BBE710B5044681B10B4BEF
:1020A000036008221433A350002363608B0705D517
:1020B0002046074B40F8083FF9F75CFD204610BD6D
:1020C00010682060536850F80C2CECE71CFC0508E5
:1020D000C0FB050870B5044615460E46C1B1104B4D
:1020E000036044221433A35004F10800FFF7CEFD2F
:1020F000A6B92A1D00212046FFF7CEFFB30705D55C
:102100002046084B40F8443FF9F734FD204670BDA7
:1021100012680260EB6852F80C2CE4E7024AE9E727
:10212000DC020608C0FB0508C40206080A460021B6
:10213000FFF7D0BF00220221FFF7CCBFD0F800C0CC
:10214000ACF10C0CDCF800C06044F3E710B50446B9
:10215000FFF7F0FF204606F045FF204610BDD0F8FF
:1021600000C0ACF10C0CDCF800C06044EEE7704736
:10217000704730B500224FF0FF344FF0FF35C0E913
:102180000045C0E9022230BD82B08DE80C004FF05E
:10219000FF334FF0FF32C0E900230023C0E90233D0
:1021A00002B0704700207047002070474FF0FF30AA
:1021B0007047036810B55B6A04469847431C1EBF0E
:1021C000A36813F8010BA36010BD4FF0FF307047F8
:1021D0004FF0FF307047000010B5044B044640F844
:1021E0001C3BEDF7FFF8204610BD00BF3403060886
:1021F00010B50446FFF7F0FF204606F0F3FE204638
:1022000010BD2DE9F84306460F469046002545458A
:1022100002DB2846BDE8F883D6E90504241A11D06C
:10222000A8EB05094C45C8BF4C4639462246D8BFE5
:10223000A1460CF092FA73694D442344A845274403
:102240007361E4DD336839785B6B30469847013061
:10225000DFD001350137DAE72DE9F84307460C46B0
:1022600090460026464502DB3046BDE8F883D7E9B4
:1022700002156D1A11D0A8EB06094D45C8BF4D4691
:1022800020462A46D8BFA9460CF067FABB684E44E0
:102290002B44B0452C44BB60E4DD3B6838469B6A68
:1022A0009847431CE0D004F8010B0136DAE70368D5
:1022B0009B691847D0E902218A42034602D303688A
:1022C0009B6A184712F8010B9A607047D0E9022107
:1022D0008A4202D303685B6A18471078704710B5CA
:1022E0000446FFF7E7FF431C02D02046FFF7EEFF4E
:1022F00010BD03681B6B1847D0E902218A4202D344
:1023000003685B6A18471068704703681B6B1847BF
:102310000AB10CF022BA70470B4611461A460BB1AF
:10232000DDF7EEBF18467047081E08B501DAF9F769
:1023300075FBBDE80840ECF72BBF50F8083B1B1AB3
:1023400058425841704700000B68B3F1804F10B5F8
:1023500002D30B48F9F76EFB93420BD9B3EB420F54
:102360004FEA420406D2B4F1804F2ABF6FF04043D7
:102370000C600B6009680131FFF7D6FF10BD00BF8C
:10238000FD670508006806F02DBE10B50446FFF78E
:10239000D4FF18B9A1682046FFF7F4FF10BD000074
:1023A00008B5034608465B689842114603D90246C1
:1023B0000148F9F745FB08BDC5660508406801F10D
:1023C00080410139091A914208B502D21846F9F73D
:1023D00031FB08BD03688B4206D84268134499421A
:1023E00094BF00200120704701207047012A10B4DB
:1023F00004D10A785DF8044B027070475DF8044B15
:10240000FFF786BF012A30B403D10B78037030BCCC
:102410007047002AFBD030BC0AF046BB0B46012BAC
:1024200010B41146044603D122705DF8044B704786
:10243000002BFAD05DF8044B1A460AF04FBB37B5B3
:102440000F2904460191154606D9002201A9FFF77C
:102450007BFF019B2060A360019919B120682A4687
:10246000FFF7DCFF019B226863600021D15403B0B9
:1024700030BD08B5521AFFF7B9FF08BD08B5521AAA
:10248000FFF7B4FF08BD38B50446154608461144A9
:102490006268521A05D025B1236819441844FFF721
:1024A000B1FF636822685B1B00216360D15438BDB3
:1024B00010B50446FFF741FF08B9A06810BD0F2012
:1024C000FCE78842F7B504460E461DD04D68FFF77D
:1024D000EFFFA842024611D201A920460195FFF75D
:1024E00033FF07462046FFF750FF019B2760A3609C
:1024F000316820682A46FFF779FF01E0002DF7D107
:102500002368656000225A5503B0F0BD2DE9F347FA
:102510000A9E1F46436801EB0208B21A1A44044699
:102520000D46A3EB08090192FFF7C2FF01A902467D
:102530002046FFF709FF82461DB121682A46FFF7B2
:1025400055FF37B12EB1324639460AEB0500FFF789
:102550004DFFB9F1000F07D0216835444A46414488
:102560000AEB0500FFF742FF2046FFF70EFF019B35
:10257000C4F800A0A36002B0BDE8F08737B50446F8
:102580000191FFF795FF019B834202460FD901A9F4
:102590002046FFF7D9FE6268216801320546FFF741
:1025A00025FF2046FFF7F1FE019B2560A36003B0E5
:1025B00030BDF7B5466804460F46FFF779FF751C36
:1025C000854207D90123009300231A46314620464D
:1025D000FFF79CFF23689F552368656000225A55CA
:1025E00003B0F0BD08B5416801220139FFF74BFF88
:1025F00008BD00002DE9F74316461D4604461B4B57
:102600002A460F463146FFF7D9FE2046FFF750FF16
:10261000D4F80490A5EB0608C84440451DD3F3192F
:10262000B9EB030207D0AE4205D0206838448119C7
:102630002844FFF7E7FE35B120689DF82820294699
:102640003844FFF7EBFE2368C4F8048000222046DC
:1026500003F8082003B0BDE8F0830095002332465C
:1026600039462046FFF752FFE5E700BF3B67050804
:1026700007B500920B4600224168FFF7BBFF03B08D
:102680005DF804FB10B544688C42034603D2091B75
:10269000FFF7EEFF10BD81BF0368416000225A546E
:1026A000F8E708B50022FFF7EDFF08BD37B503686E
:1026B0000092CC1A0546012300222146FFF79AFF1B
:1026C0002868204403B030BD2DE9F041DDE90668FB
:1026D0000D4617461C4636B1964230D8324619464A
:1026E0002846FFF78FFEB8F1000F11D0BE420FD081
:1026F0004246E919A819FFF785FEBE4208D9EB1931
:10270000A219934206D3324621462846FFF77AFEA5
:10271000BDE8F081A34208D8641BE41B3444324670
:1027200029192846FFF762FEF2E71F1B3A462146A9
:102730002846FFF767FEF21BA919E819F2E7B8F17E
:10274000000FD5D1DBE700002DE9F74F0C9E1546B1
:10275000044632460F4698462946214BFFF72EFE87
:102760002046FFF7A5FED4F804B0A6EB050ADA442C
:1027700050452DD32368414603EB070920462F44DB
:10278000ABEB0707FFF726FEC8B147B1B54206D04D
:102790003A4609EB050109EB0600FFF733FE26B1C7
:1027A000324641464846FFF721FE2368C4F804A09C
:1027B0000022204603F80A2003B0BDE8F08FCDE9DF
:1027C000006743462A4649462046FFF77DFFECE76F
:1027D000009643462A4639462046FFF797FEE4E72F
:1027E0002B680508F7B504461546094A0F461E46EC
:1027F000FFF7D6FD6268089B0093D21BAA420146F0
:10280000334628BF2A462046FFF79EFF03B0F0BD9F
:102810001568050807B55368009313680022FFF791
:10282000E1FF03B05DF804FB73B50546104614469E
:102830000E46DDF7B5FD23460090002231462846BE
:10284000FFF7D0FF02B070BD2DE9F341D0F804804E
:10285000044602EB08070E461546FFF729FEB8426C
:102860000ED32DB120682A4631464044FFF7BEFD05
:102870002368676000222046DA5502B0BDE8F08187
:1028800000953346002241462046FFF73FFEEFE722
:1028900070B5064B04460D4616460021FFF78EFD27
:1028A000324629462046FFF7CFFF70BDF05B050892
:1028B00008B5D1E90012FFF7EBFF08BD70B504467B
:1028C00008460D46DDF76CFD064B06460246002124
:1028D0002046FFF773FD324629462046FFF7B4FF36
:1028E00070BD00BFF05B05082DE9F041064690463B
:1028F0000F460A4A19461D46FFF752FD7468641BCD
:10290000444528BF44462CB1316822462944384604
:10291000FFF76CFD2046BDE8F08100BFFC660508AE
:102920002DE9F043884285B005460C4635D0FFF7C7
:1029300004FD06462046FFF700FD002E4AD06F68D2
:10294000002838D06668D7B104F1080805F10809F5
:1029500001372EB30136324641466846FFF7D8FCB0
:102960003A4649464046FFF7D3FC32466946484658
:10297000FFF7CEFC6B6862686A6063600DE0002E52
:10298000F8D0721C04F1080105F10800FFF7C0FC43
:1029900063686B60236867601F7005B0BDE8F083F3
:1029A0003A4649464046FFF7B3FC6B6863602B68C4
:1029B0006E601E70F1E726467A1C56F8088F05F106
:1029C00008013046FFF7A4FC23682B602660C5F899
:1029D0000880CFE7AF6868B1626805F10806013288
:1029E00004F108013046FFF793FC2B6823602E604A
:1029F000A760BFE722682B682A602360A368AB60EA
:102A0000F6E738B54568AA42134608D204680A4674
:102A1000E018E91AFFF780FC08B1001B38BD4FF041
:102A2000FF30FBE7F8B54468A3420E461D460CD8BC
:102A3000E41A9442076828BF14462A4631463819DA
:102A4000F0F748FC18B1631E1CB94FF0FF34204664
:102A5000F8BD1C46F1E770B5054608460C4616461B
:102A6000DDF79EFC3246034621462846FFF7DAFF93
:102A700070BD2DE9F041D0F8048005460E461F4692
:102A80001446444504D34FF0FF342046BDE8F0819E
:102A90002B6839461A5D3046FFF73EFC0028F4D01B
:102AA0000134EEE770B5054608460C461646DDF7DC
:102AB00077FC3246034621462846FFF7DAFF70BD11
:102AC00010B5034644681046A04202D34FF0FF30D1
:102AD00010BD1A68125C8A42FAD10130F4E738B5A9
:102AE00045684C6800680968A5422A4628BF224606
:102AF000F0F7F0FB00B9281B38BD73B5531A0F2B44
:102B000004460D461646019306D9002201A9FFF797
:102B10001BFC019B2060A360324629462068FFF71A
:102B2000ADFC019B226863600021D15402B070BDEE
:102B30002DE9F041984600F108030D461746036061
:102B40000E680B4A044639462846FFF729FC6A6896
:102B50003118D21B20464FF00003424594BF8A181B
:102B600001EB0802FFF7C9FF2046BDE8F08100BF76
:102B70004468050870B50D46044611462846064AC5
:102B80001E46FFF70DFC3346024629462046FFF756
:102B9000CFFF204670BD00BF5F6805088368586995
:102BA00070478368986970478368586B704783687B
:102BB000986B82B002B070478368D86B82B002B065
:102BC000704783685869704783689869704783685D
:102BD000586B70478368986B82B002B07047836807
:102BE000D86B82B002B070478368586A70478368B8
:102BF000986A704700207047002070477047002097
:102C0000914200D3704751F8043B03EB7060F7E743
:102C100010B5034B03600446ECF767FB204610BD7C
:102C2000E007060810B5034B03600446ECF75DFBB4
:102C3000204610BD1C08060810B5034B036004466F
:102C4000ECF753FB204610BD1C09060810B5034BDA
:102C500003600446ECF749FB204610BD3409060822
:102C600010B5034B03600446ECF73FFB204610BD54
:102C70004C08060810B5034B03600446ECF735FB1F
:102C8000204610BD4C09060810B5034B03600446EE
:102C9000ECF72BFB204610BD6009060810B5044672
:102CA000FFF7B6FF204606F09DF9204610BD10B58F
:102CB0000446FFF7B7FF204606F094F9204610BD02
:102CC00010B50446FFF7B8FF204606F08BF9204602
:102CD00010BD10B50446FFF7B9FF204606F082F993
:102CE000204610BD10B50446FFF7BAFF204606F097
:102CF00079F9204610BD10B50446FFF7BBFF20460A
:102D000006F070F9204610BD10B50446FFF7BCFF71
:102D1000204606F067F9204610BD000010B5054BAF
:102D2000044640F8083B06F089FD2046ECF7DDFA42
:102D3000204610BDD408060810B50446FFF7EEFF84
:102D4000204606F04FF9204610BD000010B5054B97
:102D5000044640F8083B06F071FD2046ECF7C5FA42
:102D6000204610BD6007060810B50446FFF7EEFFC9
:102D7000204606F037F9204610BD000038B50D4B4F
:102D8000036005690446ECF7DDFA854203D015B10E
:102D9000284606F029F9A06810B103685B689847D7
:102DA00004F10C0006F04AFD2046ECF79EFA20469E
:102DB00038BD00BF5C08060810B50446FFF7DEFF0B
:102DC000204606F00FF9204610BD000088422DE98C
:102DD000F04104460D4618D0A0B10F1ABF100021D3
:102DE0003846F0F777FE00F10C08064621464046CB
:102DF0002A46F0F7EBFD39463046F0F75FFE4046D5
:102E0000BDE8F0810248F8F712FEDFF80880F6E727
:102E10005366050840CD0124D0E902218A4202D23E
:102E200004328260704703689B6A184770B5054694
:102E300016460C4651B1084609F0A1FE04EB80018C
:102E400032462046FFF7C2FF286070BD6FF00301D5
:102E5000F6E713B58B6801AAD9690446FFF7E6FFC8
:102E6000204602B010BD13B58B6801AA596904460B
:102E7000FFF7DCFF204602B010BD13B58B6801AA36
:102E8000D96A0446FFF7D2FF204602B010BD13B541
:102E90008B6801AA596A0446FFF7C8FF204602B0B2
:102EA00010BD13B58B6801AAD9690446FFF7BEFFB0
:102EB000204602B010BD13B58B6801AAD96A04463A
:102EC000FFF7B4FF204602B010BD13B58B6801AA0E
:102ED000596A0446FFF7AAFF204602B010BD13B599
:102EE0008B6801AAD9690446FFF7A0FF204602B00B
:102EF00010BD50F80C0C704710B5FFF7FAFF0C46E8
:102F0000A0421146034603D202482246F8F798FD34
:102F1000204610BDC56605082DE9F0410768154635
:102F20000446094A38460E46FFF7E6FF0146384692
:102F3000FFF7DFFF821BAA4228BF2A462046002354
:102F4000BDE8F041F0F71EBE2767050810B404681D
:102F5000E46AA4465DF8044B60470A2807D82F2985
:102F600017D93030814214D2A1F130007047A1F15D
:102F7000300009280FD9A1F16103052B02D8A1F176
:102F800057007047A1F14103052B02D8A1F137008A
:102F900070474FF0FF30704710B504460068FFF7E8
:102FA0003BFF4FF0FF33636010BD00002DE9F84395
:102FB000074615460C46D9B10846DDF7F1F904EB92
:102FC00000094C45064616D02A460021F0F744FA7F
:102FD00000F10C080546214640464A46F0F7A8F99C
:102FE00031462846F0F72CFAC7F80080BDE8F88390
:102FF0000248F8F71CFDDFF80880F5E7536605087E
:1030000030CD012413B58B6801AA99680446FFF7F7
:10301000CDFF204602B010BD13B58B6801AA996898
:103020000446FFF7C3FF204602B010BD13B58B68FE
:1030300001AA99680446FFF7B9FF204602B010BD07
:1030400007B5006801A90C38F0F78EFD03B05DF8F4
:1030500004FB50F80C0C704770B505460068FFF78C
:10306000F8FF8142034604D90A4607480749F8F7A2
:10307000E7FC441AA24228BF224628460023BDE8A6
:103080007040F0F759BA00BFC56605082767050804
:1030900007B5006801A90C38F0F72AFA03B05DF80B
:1030A00004FB0B4611461A460BB109F073BD1846D6
:1030B000704700002DE9F34716461C462A4B036073
:1030C0006A460746884630462146FFF77FFE274B73
:1030D00001900546FFF70DFFA41B9C424FEA6406D2
:1030E00005EB800994BFB0004FF0FF3005F0ECFF16
:1030F0006FF0604A04462A4633462146404606F0B1
:103100000DFD8642024613D8461C14B1204605F038
:103110006BFF564534BFB0004FF0FF3005F0D4FFD1
:103120002A46014604463346404606F0F7FC02466E
:1031300021463846F0F786FE284609F020FD05EBCB
:103140008000814505D0051D00213846F0F711FFAC
:10315000D1E714B1204605F047FF01A8FFF770FF43
:10316000384602B0BDE8F08740CD0124FCFFFF3FA8
:103170002DE9F04385B080460846114603AA1C4657
:10318000FFF724FE0C990290814601AA2046FFF722
:103190001DFE054603904846FFF7ABFE09EB80078E
:1031A0002846FFF7A6FE05EB80062A46494640461C
:1031B00006F0A9FC044678B9484609F0E0FC09EBA2
:1031C0008009284609F0DBFC4F4505EB80040DD152
:1031D000341B18BF4FF0FF3403A8FFF731FF02A8DC
:1031E000FFF72EFF204605B0BDE8F083A64203D0CE
:1031F00009F10409251DD8E70124EDE7F0B589B0F0
:1032000006AE86E80C00139A0B680592129A049297
:10321000119A03929DF8402002920EAA04460D4690
:1032200092E803008DE8030020469F68294696E84F
:103230000C00B847204609B0F0BDF0B589B006AE25
:1032400086E80C00139A0B680592129A0492119A60
:1032500003929DF8402002920EAA04460D4692E881
:1032600003008DE803002046DF68294696E80C003D
:10327000B847204609B0F0BD70B586B004AC84E80C
:103280000C000C9A02920B9A01920B689DF8282070
:1032900000929E6894E80C000546B047284606B0A8
:1032A00070BD70B586B004AC84E80C000D9A039232
:1032B0000C9A02920B9A01920B689DF828200092BA
:1032C000DE6894E80C000546B047284606B070BD9D
:1032D00000390B4A026018BF01210022C0E9022216
:1032E000C0E90522C0E90722C0E90922C0E90B2292
:1032F000C0E90D2241600274C26380F86C207047FF
:10330000C8E0050800390B4A026018BF01210022FD
:10331000C0E90222C0E90522C0E90722C0E909226A
:10332000C0E90B22C0E90D2241600274C26380F83B
:103330006C207047B8E0050803689B68184703686D
:10334000DB68184710B50B6804461B699847204690
:1033500010BD10B50B6804465B699847204610BD48
:1033600010B50B6804469B699847204610BD10B500
:103370000B680446DB699847204610BD03681B6A4A
:10338000184703685B6A82B002B0184703689B6AFB
:1033900082B002B0184703689B6818470368DB686F
:1033A000184710B50B6804461B699847204610BDA6
:1033B00010B50B6804465B699847204610BD10B5F0
:1033C0000B6804469B699847204610BD10B50B68F2
:1033D0000446DB699847204610BD03681B6A1847FE
:1033E00003685B6A82B002B0184703689B6A82B0C8
:1033F00002B018470039094A026018BF01210022B3
:10340000C0E90222C0E90522C0E90722C0E9092279
:103410004160027480F82421704700BFE8E005088D
:1034200003689B6818470368DB68184710B50B688A
:1034300004461B699847204610BD10B50B6804462A
:103440005B699847204610BD10B50B6804469B6920
:103450009847204610BD0000003A084B18BF0122D3
:1034600010B54260036081600446EBF76BFF0021FA
:103470002061204606F0DEFE204610BD5C080608EE
:1034800083689A680A60DB684B60704783681A69D2
:103490000A605B694B60704783689A690A60DB6900
:1034A0004B60704783681A6A0A605B6A4B607047BA
:1034B0008368DA6A0A601A6B4A605A6B8A609A6B90
:1034C000CA60DA6B0A611A6C4A615B6C8B61704787
:1034D00083689A6C0A60DA6C4A601A6D8A605A6D69
:1034E000CA609A6D0A61DA6D4A611B6E8B61704722
:1034F00083685A6E0A609A6E4A60DA6E8A601A6F42
:10350000CA605A6F0A619A6F4A61DA6F8A61D3F8AA
:103510008020CA61D3F884200A62D3F888204A62E6
:10352000D3F88C208A62D3F89030CB6270478368DE
:10353000D3F894200A60D3F898204A60D3F89C20EE
:103540008A60D3F8A020CA60D3F8A4200A61D3F817
:10355000A8204A61D3F8AC208A61D3F8B020CA61B0
:10356000D3F8B4200A62D3F8B8204A62D3F8BC205A
:103570008A62D3F8C030CB62704703689B681847F3
:10358000F0B589B006AE86E80C00129A0B6804927A
:10359000119A0392109A02920EAA04460D4692E8DE
:1035A00003008DE803002046DF68294696E80C00FA
:1035B000B847204609B0F0BDF0B589B006AE86E840
:1035C0000C00129A0B680492119A0392109A0292BC
:1035D0000EAA04460D4692E803008DE8030020463B
:1035E0001F69294696E80C00B847204609B0F0BD8F
:1035F000F0B589B006AE86E80C00129A0B6804920A
:10360000119A0392109A02920EAA04460D4692E86D
:1036100003008DE8030020465F69294696E80C0008
:10362000B847204609B0F0BDF0B589B006AE86E8CF
:103630000C00129A0B680492119A0392109A02924B
:103640000EAA04460D4692E803008DE803002046CA
:103650009F69294696E80C00B847204609B0F0BD9E
:10366000F0B589B006AE86E80C00129A0B68049299
:10367000119A0392109A02920EAA04460D4692E8FD
:1036800003008DE803002046DF69294696E80C0018
:10369000B847204609B0F0BD003910B5054B0360AE
:1036A00018BF012141600446EBF742FEA0602046AE
:1036B00010BD00BFD408060803689B68184773B59F
:1036C000079E01960D68069E0096ED680446A84781
:1036D000204602B070BD03681B69184710B4046827
:1036E000A468A4465DF8044B604738B50D680446ED
:1036F000ED68A847204638BD10B504460348EBF7EF
:1037000097FE23685B6853F8200010BD44CD012468
:1037100008B5FFF7F1FF08B9F8F786F908BD000012
:1037200010B504460348EBF783FE23685B6853F843
:10373000200010BD70CE012408B5FFF7F1FF08B9D5
:10374000F8F772F908BD00002DE9F043044685B092
:1037500008460F46FFF7F0FF0146054601A8FFF7B0
:1037600065FE0198FFF775FCE06005F0ADFC0023F5
:103770000146E268064601A8EFF71CFEE3682BB19C
:1037800096F90030002BD4BF00230123237429466F
:1037900002A8FFF752FE0298FFF7ABFB6FF0604202
:1037A0009042A06134BF80004FF0FF3005F08CFCE8
:1037B000A26900238046014602A8F0F74BF929468A
:1037C00003A8FFF741FE0398FFF793FB6FF06042F9
:1037D0009042206234BF80004FF0FF3005F074FC4F
:1037E000226A01460023814603A8F0F733F92846F0
:1037F000FFF716FE60622846FFF715FEA062384606
:10380000FFF786FF124B196804F12C0301F1240223
:103810000546FFF79BFB0F4B1968284601F11A027A
:1038200004F1BC03FFF792FB012384F8243103A8C1
:10383000A660C4F81480C4F81C90FFF701FC02A82D
:10384000FFF7FEFB01A8FFF723FC05B0BDE8F083FE
:10385000680000246C0000242DE9F0410546104862
:10386000EBF7E6FD2B68DF6857F820800446B8F1D7
:10387000000F10D14FF49470EBF78AFC41460646D6
:10388000FFF7B8FD29463046FFF75EFF286822465D
:103890003146EBF787FE57F82400BDE8F08100BF02
:1038A00070CE012410B504460348EBF7C1FD236830
:1038B0005B6853F8200010BD78CE012408B5FFF7EF
:1038C000F1FF08B9F8F7B0F808BD000010B50446DC
:1038D0000348EBF7ADFD23685B6853F8200010BD8B
:1038E00074CE012408B5FFF7F1FF08B9F8F79CF88A
:1038F00008BD000010B504460948EBF799FD2368A0
:10390000D3E90123984209D252F8200030B1BDE832
:103910001040044A0449002305F068BB002010BD94
:103920006CCE0124B0040608A8D8050808B5FFF736
:10393000E1FF08B9F8F778F808BD2DE9F043DDE9B3
:10394000076400252F4603F1FF3E12F807C0A4EBE1
:103950000608BCEBA80F02EB070309DB071FA64212
:1039600012D14044013D14D2934222D1BDE8F083EC
:103970004FFA8CF9B9F1000FF0DDBE45A4EB8C04D1
:103980008CBF01370135E0E756F804CB47F804CF88
:10399000E5E701601E788446B70004EB8606B44272
:1039A00002D13E1D3044DDE754F804EB4CF804EF3F
:1039B000F5E7016013F8015D0746AE0004EB8505ED
:1039C000AC4202D1351D2844CEE754F804CB47F869
:1039D00004CFF5E7F7B5DDE9087408461946DDE9D7
:1039E0000A36CFB1FD1AAD1003EB850CCDE9003CD2
:1039F000134602462046FFF7A0FF041BA41047B160
:103A00003268521B02D0394609F0D3F833685B1B89
:103A10001C44346003B0F0BD3568E5E773B5099C1C
:103A2000DDE907500E461946236800EB8303CDE914
:103A30000003134628463246FFF77FFF401B8010E5
:103A4000206002B070BD70B59DF810408CB1034687
:103A50000A26B1FBF6F506FB1514043452F824408F
:103A600043F8044D0C46092C2946F2D8C01A8010A0
:103A700070BD03F04A04402C0AD1034601F007044C
:103A80000434C90852F8244043F8044DF6D1EDE758
:103A900013F4804F0CBF04251425034601F00F04D6
:103AA0002C44090952F8244043F8044DF6D1DDE7CF
:103AB0002DE9F04114469DF820201D460746DDE91A
:103AC0000683BAB10646204629460A220023DCF7BF
:103AD00039FF043258F8223046F8043D22462B467E
:103AE0000A2A73F1000304460D46ECD2B81B80107D
:103AF000BDE8F08103F04A02402A0FD1064604F0E7
:103B000007030433E40858F8233046F8043D44EA38
:103B10004574ED0854EA0503F1D1E7E713F4804F4B
:103B20000CBF04221422064604F00F031344240998
:103B300058F8233046F8043D44EA05742D0954EA48
:103B40000503F1D1D2E738B504460868FFF7D1F98B
:103B50006FF060439842206034BF80004FF0FF3028
:103B60000D4605F0B1FA2268606001460023284640
:103B7000EFF770FF204638BD2DE9F041044688B0CC
:103B800008468846FFF79AFE0546014606A8FFF755
:103B9000E0FB06A902A8FFF7D6FF06A8FFF750FA38
:103BA000294606A8FFF7DCFB06A904A8FFF7CBFF10
:103BB00006A8FFF745FA294601A8FFF7D8FB01A997
:103BC00006A8FFF7C0FF01A8FFF73AFA294601A8A7
:103BD000FFF7B8FB0198FFF73CFA064605F074FAC8
:103BE000002307460146324601A8EFF7E3FBC4E98C
:103BF00002762EB197F90060002ED4BF0026012670
:103C000026742846FFF798FB60612846FFF797FB6C
:103C1000039BE361029B2362059B6362049BA36297
:103C2000079BE362069B2363A0612846FFF7A6FB80
:103C300060632846FFF7A5FBA0632846FFF7A6FBB5
:103C4000E0634046FFF764FD084B196804F1400348
:103C500001F10B02FFF77AF9012384F86C3001A817
:103C6000FFF716FA08B0BDE8F08100BF700000242D
:103C70002DE9F04105460F48EBF7DAFB2B68DF68CA
:103C800057F820800446B8F1000F0FD17020EBF7F1
:103C90007FFA41460646FFF71BFB29463046FFF7F1
:103CA0006BFF286822463146EBF77CFC57F824006E
:103CB000BDE8F08178CE012438B504460868FFF7E6
:103CC00018F96FF060439842206034BF80004FF0D5
:103CD000FF300D4605F0F8F92268606001460023C8
:103CE0002846EFF7B7FE204638BD00002DE9F04129
:103CF000044688B008468846FFF7F4FD05460146AD
:103D000006A8FFF755FB06A902A8FFF7D5FF06A8EE
:103D1000FFF796F9294606A8FFF751FB06A904A864
:103D2000FFF7CAFF06A8FFF78BF9294601A8FFF79E
:103D30004DFB01A906A8FFF7BFFF01A8FFF780F917
:103D4000294601A8FFF72DFB0198FFF782F90646E7
:103D500005F0BAF9002307460146324601A8EFF7FD
:103D600029FBC4E902762EB197F90060002ED4BF7A
:103D70000026012626742846FFF70DFB60612846C1
:103D8000FFF70CFB039BE361029B2362059B6362CD
:103D9000049BA362079BE362069B2363A061284602
:103DA000FFF71BFB60632846FFF71AFBA06328465A
:103DB000FFF71BFBE0634046FFF7AAFC084B1968BE
:103DC00004F1400301F10B02FFF7C0F8012384F86E
:103DD0006C3001A8FFF75CF908B0BDE8F08100BFC6
:103DE000700000242DE9F04105460F48EBF720FB59
:103DF0002B68DF6857F820800446B8F1000F0FD118
:103E00007020EBF7C5F941460646FFF77BFA2946D5
:103E10003046FFF76BFF286822463146EBF7C2FBBE
:103E200057F82400BDE8F08174CE01242DE9F04F4D
:103E30008DB004A9169F039007F16C04204681E819
:103E40000C00FFF765FC05462046FFF7CBFF189BEB
:103E5000026C1B6819689142044605D0D0E909A894
:103E6000826B07921E4609E0C26B0792D0E90BA84D
:103E70001846FFF73EF80028F4D01E1D1846FFF73D
:103E800038F82B683246D3F81490042106EB8003EF
:103E90002846C847851BAD10A946002D00F0BE80FE
:103EA000794B0893690008A8EFF77FFF636BA5EBD8
:103EB000030BBBF1000F2BDD15EA230538BF5D4670
:103EC000E368002B5DD00898FFF713F80021024645
:103ED00000916B0008A8EFF7DBFE08A8EFF7B4FE2F
:103EE00006EB8503CDE900630898A169D4E90223B4
:103EF000FFF723FD834608A8EFF7A6FE089BABEB70
:103F000003014FF0FF32891008A8FFF705F8AB4610
:103F1000636B002B0CDD616908A8F0F72AF8BBF190
:103F2000000F34DB626B06EB8B0108A8EFF78AFF0A
:103F3000FD68089805F0B0030293FEF7DAFF15F468
:103F4000007518BF256A504B099340440544690029
:103F500009A8EFF72AFF029BBE68102B20D1B542BB
:103F60002CBF4FF0000B4FF0010B4FF0000907ABD7
:103F700013F80930042B1ED8DFE803F07469155BD1
:103F800064002A46314608A8EFF7B0FEBFE7626C2E
:103F9000CBF1000108A8EFF795FF4A463146C4E788
:103FA0004FF0000BE1E7FB689B0504D5D4E907124D
:103FB00009A8EFF747FF09F10109B9F1040FD6D1BC
:103FC000B8F1010F06D908F1FF320AF1040109A87E
:103FD000EFF738FF099D2846FEF78BFF86420AD986
:103FE000029B202BA6EB000440D1179A214609A87A
:103FF000EFF768FF30460AACDDE90412099B009038
:104000002046F5F700FB94E80300049009A88DF81A
:104010001410FFF715F808A8FFF712F8DDE90401FE
:104020000023BB60039B83E8030018460DB0BDE886
:10403000F08FB8F1000FBED0DAF8001009A8EFF742
:1040400098FFB8E708A909A8EFF7CEFEB3E7BBF1E0
:10405000000F05D0179A711B09A8EFF733FFAAE7E5
:104060001799EBE7BBF1000FA5D0F3E7074A002152
:104070002846FEF741FF179B009301462346002286
:1040800009A8EFF705FEB5E740CD0124B96705089B
:104090002DE9F04F8DB004A9169F039007F16C0431
:1040A000204681E80C00FFF733FB05462046FFF76A
:1040B000DFFD189B026C1B6819689142044605D00D
:1040C000D0E909A8826B07921E4609E0C26B0792ED
:1040D000D0E90BA81846FEF70CFF0028F4D01E1DEF
:1040E0001846FEF706FF2B683246D3F814900421D9
:1040F00006EB80032846C847851BAD10A946002D56
:1041000000F0BE80794B0893690008A8EFF74DFED8
:10411000636BA5EB030BBBF1000F2BDD15EA230549
:1041200038BF5D46E368002B5DD00898FEF7E1FEDE
:104130000021024600916B0008A8EFF7A9FD08A82E
:10414000EFF782FD06EB8503CDE900630898A169CE
:10415000D4E90223FFF7F1FB834608A8EFF774FDCB
:10416000089BABEB03014FF0FF32891008A8FEF764
:10417000D3FEAB46636B002B0CDD616908A8EFF73B
:10418000F8FEBBF1000F34DB626B06EB8B0108A875
:10419000EFF758FEFD68089805F0B0030293FEF7AC
:1041A000A8FE15F4007518BF256A504B09934044CA
:1041B0000544690009A8EFF7F8FD029BBE68102BC3
:1041C00020D1B5422CBF4FF0000B4FF0010B4FF048
:1041D000000907AB13F80930042B1ED8DFE803F001
:1041E0007469155B64002A46314608A8EFF77EFD26
:1041F000BFE7626CCBF1000108A8EFF763FE4A4607
:104200003146C4E74FF0000BE1E7FB689B0504D59E
:10421000D4E9071209A8EFF715FE09F10109B9F170
:10422000040FD6D1B8F1010F06D908F1FF320AF117
:10423000040109A8EFF706FE099D2846FEF759FE7E
:1042400086420AD9029B202BA6EB000440D1179A84
:10425000214609A8EFF736FE30460AACDDE9041224
:10426000099B00902046F5F7CEF994E803000490EE
:1042700009A88DF81410FEF7E3FE08A8FEF7E0FE8B
:10428000DDE904010023BB60039B83E803001846BB
:104290000DB0BDE8F08FB8F1000FBED0DAF8001015
:1042A00009A8EFF766FEB8E708A909A8EFF79CFD93
:1042B000B3E7BBF1000F05D0179A711B09A8EFF700
:1042C00001FEAAE71799EBE7BBF1000FA5D0F3E7D2
:1042D000074A00212846FEF70FFE179B0093014670
:1042E0002346002209A8EFF7D3FCB5E740CD01240F
:1042F000B96705082DE9F04F2DED028BB0EE408B2C
:104300008DB004AF07F1080484E80C007B6D97F8CA
:1043100050B00546884607F1180003F16C01EAF732
:10432000EFFF07F11800FFF7F3F990B07860EAF7B4
:10433000FFFF04AE4FF0000AF8612D4BCDF800A04E
:104340008DED028B4022314607F11C00F0F77CFB1B
:104350003F28814617DD00F1080323F00703ADEB8A
:10436000030D421C3A60EAF7E3FF04AEF8618DEDFD
:10437000028BCDF800A01E4B3A68314607F11C00B5
:10438000F0F762FB814607F1140200214846EFF77F
:10439000CFFB06EB090AF86107F11C00EFF754FCAC
:1043A000FB69786852463146FEF7D0FD07F11C03E1
:1043B0000293BB6D01937B6D009394E80C00414622
:1043C0002846BBF1000F10D0FFF730FD07F11C00AD
:1043D000FEF736FE07F11800EBF704F828462437FD
:1043E000BD46BDEC028BBDE8F08FFFF751FEEDE757
:1043F000CE670508F0B587B004AC84E80C00DDE9B1
:104400000D320F9E9DF830700093CDE901260546D0
:1044100094E80C0027B1FFF709FD284607B0F0BD6E
:10442000FFF736FEF9E72DE9F8431D46C368DDE9DD
:10443000087603F0B003202B89461446A7EB060745
:104440000FD126B132462946204608F0B2FB002F94
:1044500053D03A46494604EB8600BDE8F84308F0DD
:10446000AEBB102B12D04FF0000827B13A46494698
:10447000204608F0A4FBB6EB08023ED005EB88010D
:1044800004EB8700BDE8F84308F093BB6C30FFF7FE
:104490003FF92D218046F5F7A3FB2B68984205D103
:1044A0002B6844F8043B4FF00108DEE72B2140461F
:1044B000F5F796FB2B689842F2D030214046F5F78D
:1044C0008FFB2B689842CED1012ECCDD782140465F
:1044D000F5F786FB6B68984207D12B6823606B6801
:1044E00063604FF002080834BFE758214046F5F7F3
:1044F00077FB6B689842B6D1EFE7BDE8F88337B534
:10450000089D18462B681446CDE90023DDE90623F3
:10451000FFF789FF2C6003B030BD2DE9F04F8BB061
:1045200004AFC7E900103E6C07F1080106F16C000A
:1045300081E80C00FFF790F9F568B96C05F04A0ABC
:1045400094B0BAF1400F044600F12C080DF1100BA5
:1045500063D0002959DDBAF1080918BF4FF00109ED
:104560002B464246CDF800900BF15000FFF76BFA56
:10457000227C7861C0F114030BEB830392B1C0007D
:104580000830ADEB000D0DF1180B07F11402CDE969
:104590000232CDE9006BA36A3868D4E90212FFF752
:1045A0003DFA5B467A69B9F1000F3BD0B96C00293E
:1045B00036DB280505D5216B43F8041C01327A61EE
:1045C000043BB2687969914211DA9100073121F018
:1045D0000701ADEB010D07F11401CDE9013104AC88
:1045E00000943346796C3868FFF789FF2346002230
:1045F000B2607A690092D7E902127868F5F703F899
:1046000078681C37BD46BDE8F08FBAF1080F04D0BA
:10461000BB6C4FF001095942A2E74FF000099FE738
:10462000E16AC9E7A905CCD5B96C0029C9D0BAF1AE
:10463000400F01D1E16BBFE7C5F38035023502328F
:1046400058F8251043F8041CE16B43F8081C7A6104
:10465000083BB6E730B587B004AC84E80C000C9B8F
:1046600002930B9B01930A9B009394E80C00054670
:10467000FFF753FF284607B030BD2DE9F04F8BB050
:1046800004AF07F10805D7F8409097F84860386004
:1046900085E80C00D9F80C307B6013F0010F07F1AE
:1046A000100416D102967B6CCDE90093204695E864
:1046B0000C00FFF732FF94E80300B860397395E807
:1046C00003003B681C3783E803001846BD46BDE87D
:1046D000F08F09F16C00FFF7BFF886B3D0E905A8A9
:1046E000D9F80860B0453CDAA6EB0806B2000732FC
:1046F00022F00702ADEB020D0DF1100B3246796C82
:10470000584608F05CFA7B6803F0B0030022202BC7
:10471000C9F8082016D1CDF8008095E80600534668
:104720002046F4F770FF94E803005B46B8603973E5
:10473000009695E806002046F4F765FFBBE7D0E950
:1047400007A8CDE7009695E8060020465B46F4F7FB
:104750005AFF94E80300B8603973CDF800805346DF
:10476000E7E70022C9F80820F7E72DE9F04F8BB002
:1047700004AFC7E900103E6C07F1080106F16C00B8
:1047800081E80C00FFF768F8F56805F04A0894B076
:10479000B8F1400F044600F12C0A0DF1100B5CD06B
:1047A000B8F1080918BF4FF00109CDF800902B4669
:1047B0005246B96C0BF15000FFF745F9227C786145
:1047C000C0F114030BEB830392B1C0000830ADEBD2
:1047D000000D0DF1180B07F11402CDE90232CDE9FD
:1047E000006BA36A3868D4E90212FFF717F95B4639
:1047F000B9F1000F0DD1AA050BD5BA6C4AB1B8F1C9
:10480000400F7A692CD1E16B43F8041C01327A61C4
:10481000043BB2687969914211DA9100073121F0C5
:104820000701ADEB010D07F11401CDE9013104AC35
:1048300000943346796C3868FFF761FE2346002206
:10484000B2607A690092D7E902127868F4F7DBFE69
:1048500078681C37BD46BDE8F08F4FF00009A4E72B
:10486000C5F38035023502325AF8251043F8041C8E
:10487000E16B43F8081C7A61083BCAE730B587B0A2
:1048800004AC84E80C000C9B02930B9B01930A9BE5
:10489000009394E80C000546FFF767FF284607B031
:1048A00030BD2DE9F04188B004AC0E9ED6F80C80E6
:1048B00084E80C0028F4804323F04A0343F4027395
:1048C000F360109B02930F9BCDE9006306AF054692
:1048D00094E80C003846FFF748FF97E8030004907F
:1048E0008DF8141094E8030085E803002846C6F804
:1048F0000C8008B0BDE8F0812DE9F04F8DB004AF19
:10490000C7E9011007F1100181E80C00BB6C03F14D
:104910006C00D7E91486FEF79FFF00F12C03FB60C3
:10492000BB6CDD6805F04A0AA8B0BAF1400F044636
:104930000DF1100B424633466BD0B8F1010F76F102
:1049400000015CDBBAF1080918BF4FF00109CDE99D
:104950000159F96800910BF1A000FFF7A9F8227C3A
:10496000F861C0F128030BEB8303A2B1C00008304B
:10497000ADEB000D07F11C02CDE902320DF1180B71
:10498000CDF804B0BB6C0093A36A7868D4E9021236
:10499000FFF744F85B46FA69B9F1000F3ED0002EEC
:1049A0003ADB280505D5216B43F8041C0132FA6176
:1049B000043BBA6CF9699268914211DA91000731AF
:1049C00021F00701ADEB010D07F11C01CDE901312B
:1049D00004AC0094D7E912317868FFF790FD2346C4
:1049E000B96C00228A60FA690092D7E90412B868AB
:1049F000F4F709FEB8682437BD46BDE8F08FBAF178
:104A0000080F06D0D8F1000266EB46034FF001090B
:104A10009DE74FF000099AE7E16AC5E7A905C8D507
:104A200058EA0606C5D0BAF1400F01D1E16BBBE7E9
:104A3000C5F38035F9680235023251F8251043F884
:104A4000041CE16B43F8081CFA61083BB1E730B580
:104A500087B004AC84E80C00DDE90C23CDE9022327
:104A60000B9B01930A9B009394E80C000546FFF70B
:104A700043FF284607B030BD2DE9F04F8DB004AF9D
:104A8000C7E90210BE6C07F1100181E80C003B6D14
:104A90007B6006F16C007B6D3B60FEF7DDFEF56828
:104AA00005F04A08A8B0B8F1400F044600F12C0AFE
:104AB0000DF1100B5FD0B8F1080918BF4FF00109D4
:104AC000CDE90159CDF800A0D7E900320BF1A000E3
:104AD000FEF7EEFF227CF861C0F128030BEB8303A5
:104AE00092B1C0000830ADEB000D0DF1180B07F1CD
:104AF0001C02CDE90232CDE9006BA36AB868D4E9A3
:104B00000212FEF78BFF5B46B9F1000F0FD1AA0529
:104B10000DD5D7E900120A4309D0B8F1400FFA6960
:104B20002CD1E16B43F8041C0132FA61043BB268FA
:104B3000F969914211DA9100073121F00701ADEBDB
:104B4000010D07F11C01CDE9013104AC009433469D
:104B5000F96CB868FFF7D3FC23460022B260FA690B
:104B60000092D7E90412F868F4F74DFDF86824378D
:104B7000BD46BDE8F08F4FF00009A1E7C5F38035D1
:104B8000023502325AF8251043F8041CE16B43F851
:104B9000081CFA61083BCAE730B587B004AC84E86A
:104BA0000C00DDE90C23CDE902230B9B01930A9B4A
:104BB000009394E80C000546FFF75EFF284607B017
:104BC00030BD2DE9F04F2DED028BB0EE408B91B052
:104BD00004AF07F110093D6E89E80C0005F16C0384
:104BE000C7E901101846FB60FEF736FED5F80480D1
:104BF00097F86820B8F1000F064607F12001284613
:104C0000B8BF4FF0060804F0F5FFEB6803F4827AB2
:104C10008CB0BAF5827F04AC00F0B480EAF788FB70
:104C200007F12003F8612D228DED028BCDF8008075
:104C3000214607F11C00EFF707FFB861BB692C2B79
:104C40001BDD03F1010B083323F00703ADEB030D6C
:104C5000BAF5827F04AC00F0A380EAF769FB07F1A4
:104C60002003F8615A468DED028BCDF80080214675
:104C700007F11C00EFF7E8FEB861F868FEF748FDA1
:104C8000BA699300073323F00703ADEB030D0DF171
:104C9000170A4FEADA082AF0070A53462244214647
:104CA000FEF754F9D7F818B0BBF1000F00F086807A
:104CB0005A462E212046DBF723FB30B1001B820031
:104CC000736A42F838300AEB8000337C9BB358B9E2
:104CD000BBF1020F08DD6278392A2CD8A378303B6B
:104CE000092B28D82F2A26D96B46A3EBCB039D4648
:104CF00023782D2B0DF1100801D02B2B60D1DAF881
:104D00000030C8F800300BF1FF33BB61012407F11C
:104D1000180303930AEB8403029308EB8403CDE9A1
:104D20000003B36A7868D6E90212FEF753FEBB6946
:104D30002344BB61C246AA68BB69934211DA93005F
:104D4000073323F00703ADEB030D07F11803CDE99B
:104D500001A304AC0094796E78682B46FFF7CFFB73
:104D6000A2460023AB60BB690093B86899E80600CF
:104D70005346F4F748FCB8683437BD46BDEC028BA7
:104D8000BDE8F08FEAF7D4FA07F12003F8612D228D
:104D90008DED008B214607F11C00EFF755FE4CE727
:104DA000EAF7C6FA07F12003F8615A468DED008B49
:104DB000214607F11C00EFF747FE5DE7584684E700
:104DC0000024A4E730B587B004AC84E80C000023CD
:104DD00002930B9B01930A9B009394E80C000546F9
:104DE000FFF7EFFE284607B030BD2DE9F04F2DED5F
:104DF000028BB0EE408B91B004AF07F110093D6E0D
:104E000089E80C0005F16C03C7E901101846FB6046
:104E1000FEF722FDD5F8048097F86820B8F1000F5E
:104E2000064607F120012846B8BF4FF0060804F0F7
:104E3000E1FEEB6803F4827A8CB0BAF5827F04ACB1
:104E400000F0B480EAF774FA07F12003F8612D222C
:104E50008DED028BCDF80080214607F11C00EFF7A5
:104E6000F3FDB861BB692C2B1BDD03F1010B08338B
:104E700023F00703ADEB030DBAF5827F04AC00F01D
:104E8000A380EAF755FA07F12003F8615A468DED41
:104E9000028BCDF80080214607F11C00EFF7D4FD0E
:104EA000B861F868FEF734FCBA699300073323F061
:104EB0000703ADEB030D0DF1170A4FEADA082AF0EC
:104EC000070A534622442146FEF740F8D7F818B0A7
:104ED000BBF1000F00F086805A462E212046DBF7FA
:104EE0000FFA30B1001B8200736A42F838300AEBC7
:104EF0008000337C9BB358B9BBF1020F08DD6278A8
:104F0000392A2CD8A378303B092B28D82F2A26D928
:104F10006B46A3EBCB039D4623782D2B0DF1100898
:104F200001D02B2B60D1DAF80030C8F800300BF13B
:104F3000FF33BB61012407F1180303930AEB8403D9
:104F4000029308EB8403CDE90003B36A7868D6E9DD
:104F50000212FEF73FFDBB692344BB61C246AA684B
:104F6000BB69934211DA9300073323F00703ADEBDB
:104F7000030D07F11803CDE901A304AC0094796E89
:104F800078682B46FFF7BBFAA2460023AB60BB69EB
:104F90000093B86899E806005346F4F734FBB86804
:104FA0003437BD46BDEC028BBDE8F08FEAF7C0F99F
:104FB00007F12003F8612D228DED008B214607F1CA
:104FC0001C00EFF741FD4CE7EAF7B2F907F12003C7
:104FD000F8615A468DED008B214607F11C00EFF772
:104FE00033FD5DE7584684E70024A4E730B587B079
:104FF00004AC84E80C004C2302930B9B01930A9BA6
:10500000009394E80C000546FFF7EFFE284607B032
:1050100030BD2DE9F043ADF5097D0446909E9DF825
:105020004C929DF850726C36304602AD85E80C000B
:10503000FEF76EFB80463046FEF778FC25210646DB
:105040004046F4F7CDFD0490C7B9CDE90597929B92
:10505000009308A904AB8022304605F0BDF808A8EB
:1050600007F08DFD009095E80600204608ABF4F7A8
:10507000CAFA20460DF5097DBDE8F0830023CDE98D
:1050800005790793E3E72DE9F74F0546DDE91207B8
:105090006C466C3084E80C00DDF840A0FEF738FB6D
:1050A0004FF0000980464E464FF00A0B0CA92046EF
:1050B000F4F7BBFD70B1119B9E420BD02046F4F774
:1050C00092FD2A2201464046F4F781FD3038C2B2F3
:1050D000092A10D9C6B10F9A914515DBD14513DCC9
:1050E0000E9AC2F8009094E8030085E80300284671
:1050F00003B0BDE8F08F0BFB0909D145EADC20467F
:10510000FDF74AFF0136D1E73B6843F004033B60FB
:10511000E9E72DE9F04F8DB000AF07F12006B86147
:10512000F86E6C3086E80C00FEF7F2FABB6E6A4649
:10513000A2EBC3039D46DB087B61BB6E9B003B611A
:10514000BB6E0546E84607F15801304608EB830977
:10515000F4F76BFD044628B90026012C39D840F03D
:105160007A8160E13046F4F73EFD04460146284668
:10517000F4F730FD214606462846F4F72EFD4FF0A1
:10518000000B82465C46BB6E9B45E5D07B6E53F8B8
:105190002B3028461968F4F71DFDB0420FD1A3004B
:1051A000FB617B6E53F82B0007F0E9FCFB6949F8C3
:1051B000240048F803B001340BF1010BE3E77B6EE8
:1051C00053F82B3028461968F4F707FD5045F3D102
:1051D000E5E7CB4609EB84005BF8043BFB625B46EA
:1051E0001A46F96AD2F800C08C4507F12C0128BF95
:1051F0000A460433D2F800A0C7F82CA09842EFD199
:10520000013607F12000FDF7C7FEB2452CD107F1AA
:10521000580107F12000F4F708FD824600285ED10E
:105220004FF0000A002359F82320911B4A424A41BB
:10523000524509BF04F1FF34013358F8242048F8DF
:10524000232004BF59F8242049F82320A342EAD39D
:10525000BAF1000F00F08580D9F80030012107F184
:105260002C0CA142FB6272D3FB6AB34240F2D6809F
:1052700007F1580107F12000F4F7D7FC002800F0EF
:10528000CD8007F12000F4F7AEFC01462846F4F784
:10529000A1FCF86007F12000F4F7A5FC01462846C0
:1052A000F4F79BFCB300B860FB614FF0000A544573
:1052B0007FF653AF7B6E58F82A2053F82220FB6903
:1052C0007A60D1582846F4F785FCFB687A689842E2
:1052D0004FEA8A0B40F08F800AF1010AE7E707F1F5
:1052E0002000F4F780FC01462846F4F773FCF860D0
:1052F00007F12000F4F777FC01462846F4F76DFC2F
:10530000B300FB61B8600023796E58F8232051F890
:10531000222059F82310B14203D801339C42F3D123
:105320007EE73B60FB697A60D1582846F4F752FC6F
:10533000FB6898423FF476AFFB697A682846D158FB
:10534000F4F74BFCBB6898423B68E6D16AE75A46E3
:1053500001311068834298BF62460BF1040B136859
:105360007FE7022C65D1BB6EDB0774D4D8F8003020
:10537000B86EBA6EB3EB500F4FEA5201D8F8042062
:105380002DD20B44934266D1D7E90432D8F80040BD
:1053900053F832807B6E53F8243003EB8609464580
:1053A00060D207F1580107F12000F4F73EFC002815
:1053B00051D059F8041B2846F4F70CFC824607F13B
:1053C0002000F4F710FC01462846F4F703FC824560
:1053D00031D107F12000FDF7DFFD0136DFE75B1A71
:1053E000934238D1D7E90421C8F80030D9F8043005
:1053F00042F83130C8E7FB692846D158F4F7EDFB95
:10540000BB6898423FF468AF013C58F8242048F844
:105410000B2059F8242049F80B2048E70023012CE1
:1054200019D1002BB0D107F12000FDF7B5FD0136F1
:10543000AAE70123F3E759F8041C2846F4F7CDFB4B
:10544000824607F12000F4F7CEFB01462846F4F728
:10545000C4FB8245BDD03B6F3A6F1B6843F0040329
:10546000136002E0F7D13B6E1C60D7E90801BB690D
:10547000343783E803001846BD46BDE8F08F2DE9B8
:10548000F04F85B000AF8046F86CD7F844A007F124
:1054900008096C3089E80C00FEF73AF9BB6C7860BB
:1054A0006A46A2EBC3039D4607F1380148466C46A5
:1054B000F4F7BBFB002800F084804846F4F793FB28
:1054C000BA6C002603464FEA420B3546B34537D83F
:1054D000002D76D04846FDF75FFDAB00073323F083
:1054E0000703ADEB030DE946002654F826305AF8C1
:1054F000230007F044FB49F826000136B542F4D1F9
:10550000012507F1380107F10800F4F78EFB48BBCD
:10551000012E5AD1D9F80030AB425FD1BA6C236862
:105520009342A8BF9B1A3A6C136007F1100313E96A
:105530000300143788E803004046BD46BDE8F08FFD
:105540005AF826100968994204D144F825600135BB
:105550000136BBE778683B60F4F73FFB3B68984255
:10556000F6D1F2E707F10800F4F73DFB0023864689
:105570004FEA850B19469E4207D88E42C8D007F1E4
:105580000800FDF709FD0135BBE759F82320AA42C1
:105590004FEA830C09EB830002D801310133EAE7BB
:1055A00054F823205AF8222052F80B207245F5D0E7
:1055B000013E54F8262044F80C2059F826200260B9
:1055C000D9E700263546B1469BE7022E06D1D9F829
:1055D0000030AB42A2D0D9F804309DE73B6D3A6D64
:1055E0001B6843F004039FE72DE9F04FADB08B46F5
:1055F000389D0B9005F16C060EA9304681E80C0031
:10560000DDF8E8A03C9CFEF791F909903046FEF7E2
:105610007FF881463B9807F0B2FA00230A90109376
:1056200036A90EA80893F4F700FBDDF840800028A7
:1056300000F06784089B0A9A934280F06284B8F174
:10564000000F00F07184399B399A1B6843F0040302
:10565000136000F05FBC0233B16808930022484633
:10566000F4F7B5FA00F07FBC14AE31460998FDF7A7
:105670001FFF09981BA9FDF72BFF10ABCDE90553C0
:105680000E23CDE9036311AB029336AB93E803001D
:105690008DE803000CAF0EAE96E80C005946384674
:1056A000FFF737FD97E80300109B86E80300002B07
:1056B0003CD1119A072392FBF3F3C3EBC303D21A35
:1056C000CAF81820237843F00203E2E014AE314612
:1056D0000998FDF70DFF099820A9FDF728FF10ABE9
:1056E000CDE905531823CDE9036311AB029336AB23
:1056F00093E803008DE803000CAF0EAE96E80C00B3
:1057000059463846FFF705FD97E80300109B86E8E9
:1057100003005BB9119B0C2293FBF2F102FB1133E6
:10572000CAF81030238843F481632380089B013337
:1057300076E7099812A9FDF7AFFE129B06940CAF0D
:10574000059310ABCDE90253CDF810A036AB93E82A
:1057500003008DE803000EAE96E80C00594638466B
:10576000FFF742FF97E80300109B86E80300002B39
:10577000DCD1637843F0040377E110ABCDE9065345
:105780004FF002086323CDE904380023039311ABE3
:10579000029336AB93E803008DE803000CAF0EAE26
:1057A00096E80C0059463846FFF76DFC97E8030071
:1057B000109B86E80300002BB8D1119B63602388FF
:1057C00043F49063B1E70EA8F4F70DFA08210246FE
:1057D0004846F3F715FF10B10EA8FDF7DDFB10AB3F
:1057E000CDE906534FF0020E1F23CDE9043E0123FD
:1057F000039311AB029336AB93E803008DE80300EB
:105800000CAF0EAE96E80C0059463846FFF73BFC4D
:1058100097E80300109B86E80300002B86D1119BBC
:10582000CAF80C30238843F482637EE7B84A14AE8A
:105830003346A2F109014846FDF788FB0CAFCDE9DC
:1058400005647EE710ABCDE906534FF0020C172339
:10585000CDE9043C0023039311AB029336AB93E8EC
:1058600003008DE803000CAF0EAE96E80C0059461D
:105870003846FFF708FC97E80300109A86E8030013
:10588000002A7FF453AF119BCAF80830237862F3E3
:10589000000323704AE710ABCDE906530C2702231F
:1058A000CDE904730123039311AB029336AB93E864
:1058B00003008DE803000DF130080EAE96E80C00F1
:1058C00059464046FFF7DFFB98E80300109B86E847
:1058D0000300002B7FF42AAF119B93FBF7F207FB29
:1058E0001233CAF80830237843F00103D1E710AB34
:1058F000CDE9065303264FF4B773CDE904360123EF
:10590000039311AB029336AB93E803008DE80300D9
:105910000CAF0EAE96E80C0059463846FFF7B3FBC5
:1059200097E80300109B86E80300002B7FF4FEAE8F
:10593000119B013BCAF81C30237843F00403A8E70D
:1059400010ABCDE9065302200C23CDE9043001232E
:10595000039311AB029336AB93E803008DE8030089
:105960000CAF0EAE96E80C0059463846FFF78BFB9D
:1059700097E80300109B86E80300002B7FF4D6AE67
:10598000119B013BCAF81030237843F0080380E7ED
:1059900010ABCDE9065302213B23CDE904310023AE
:1059A000039311AB029336AB93E803008DE8030039
:1059B0000CAF0EAE96E80C0059463846FFF763FB75
:1059C00097E80300109B86E80300002B7FF4AEAE3F
:1059D000119BCAF80430A9E636A90EA8F4F725F9F8
:1059E00000283FF4A3AE0EA8F4F7FDF80821024604
:1059F0004846F3F705FE00283FF498AE0EA8FDF7E1
:105A0000CBFAE9E714AE09983146FDF74BFD149B3C
:105A10001B68002B3FF48AAE159B1B68002B3FF4DC
:105A200085AE10ABCDE905530223CDE9036311AB7D
:105A3000029336AB93E803008DE803000CAF0EAE83
:105A400096E80C0059463846FFF763FB97E80300D9
:105A5000109B86E80300002B7FF468AE119B002B9F
:105A60003FF464AE637843F0010363705EE6099B24
:105A700006949B689B6A0CAF059309E0254A14AE17
:105A80003346911F4846FDF761FACDE905640CAF36
:105A900010ABCDE90253CDF810A036AB93E803006C
:105AA0008DE803000EAE5946384696E80C00FFF725
:105AB0009BFD97E8030086E8030037E610ABCDE9CD
:105AC000065302223C23CDE904320023039311AB99
:105AD000029336AB93E803008DE803000CAF0EAEE3
:105AE00096E80C0059463846FFF7CDFA97E80300D0
:105AF000109B86E80300002B7FF418AE119BCAF8B8
:105B0000003013E6044A14AE3346A2F10901B9E7A6
:105B1000DD670508E3670508EC67050810ABCDE90C
:105B200006534FF002083523CDE9043800230393D0
:105B300011AB029336AB93E803008DE803000CAF82
:105B40000EAE96E80C0059463846FFF79CFA97E8E7
:105B50000300109B86E80300002B7FF4E7AD119B48
:105B600022681B0403F47C1322F47C1243F020030C
:105B700022F0200213432360D8E510ABCDE9065391
:105B80004FF0010E0623CDE9043E0023039311AB31
:105B9000029336AB93E803008DE803000CAF0EAE22
:105BA00096E80C0059463846FFF76DFA97E803006F
:105BB000109B86E80300002B7FF4B8AD119BCAF858
:105BC00018307FE510ABCDE906534FF0020C3523BA
:105BD000CDE9043C0023039311AB029336AB93E869
:105BE00003008DE803000CAF0EAE96E80C0059469A
:105BF0003846FFF748FA97E80300109B86E8030051
:105C0000002B7FF493AD119B22681B0403F47C13DB
:105C100022F47C1243F0400322F04002AAE70998E4
:105C200014A9FDF72DFC149B06940CAF24E70998EA
:105C300014A9FDF72BFCF6E710ABCDE906530226BD
:105C40006323CDE904360023039311AB029336ABF3
:105C500093E803008DE803000CAF0EAE96E80C004D
:105C600059463846FFF70FFA97E80300109B86E87D
:105C70000300002B7FF45AAD637823F0060343F052
:105C80000603637036A93046F3F7CFFF00283BD0F8
:105C90003046F3F7A8FF2A2201464846F3F797FF5C
:105CA000A0F130085FFA88F3092B2DD83046FDF7B4
:105CB00073F9119B0A2707FB038336A9304611931A
:105CC000F3F7B3FFA0B13046F3F78DFF2A22014668
:105CD0004846F3F77CFFA0F130085FFA88F3092B00
:105CE00006D83046FDF758F9119B07FB0383119343
:105CF000119BA3F26C731193637823F0020363701A
:105D0000119BCAF8143011E5119B442BDCBF64339E
:105D10001193F5E710ABCDE90653042042F20F735F
:105D2000CDE904300023039311AB029336AB93E823
:105D300003008DE803000CAF0EAE96E80C00594648
:105D40003846FFF7A0F997E80300109B86E80300A8
:105D5000002B7FF4EBAC119BA3F26C73CAF81430E8
:105D6000637823F0060305E50EA8F3F73CFF012155
:105D700002464846F3F744FC00287CD010ABCDE93E
:105D800005530E230493D04B039314AB029336AB0D
:105D900093E803008DE803000CAE0EAB0CCB594624
:105DA0003046FFF7B6F996E803000EAB83E8030030
:105DB00036A91846F3F739FF00283FF4B7AC109B1B
:105DC000149A13437FF4B2AC0EA8F3F70CFF2D2105
:105DD00006464846F3F704FFB04236D110AF17230A
:105DE0000222CDE90432CDE906570023039314AB18
:105DF000029336AB93E803008DE803000CAE0DF17F
:105E0000380898E80C0059463046FFF73CF996E808
:105E100003003B2388E803000221CDE90431CDE9EA
:105E200006570023039314AB029336AB93E80300A9
:105E30008DE803005946304698E80C00FFF723F937
:105E400096E8030088E8030070E40EA8F3F7CBFEA1
:105E50002B2106464846F3F7C3FEB0427FF466ACFA
:105E6000BCE70EA8F3F7BFFE252106464846F3F728
:105E7000B7FEB04241D0109B43F00403109355E4A9
:105E80003B9B089A082153F822204846F3F7B8FBB9
:105E9000A8B136A90EA8F3F7C8FE00283FF446AC17
:105EA0000EA8F3F7A0FE082102464846F3F7A8FB28
:105EB00000283FF43BAC0EA8FDF76EF8E9E73B9BEA
:105EC0004846D959F3F786FE06460EA8F3F78BFE2F
:105ED00001464846F3F77EFE86420ED03B9B48467D
:105EE000D959F3F77AFE06460EA8F3F77CFE014671
:105EF0004846F3F772FE8642BCE70EA8FDF74CF861
:105F000014E4B8F1000F7FF49EAB089B0A9A934209
:105F10007FF499AB0EAB93E803000B9B83E803007F
:105F200018462DB0BDE8F08F089B089A08999F008D
:105F30003B9B484603EB820653F821104246F3F799
:105F400046FE25289CD1716842464846F3F73FFE3D
:105F50004528089BCDF844803FF47DAB4F283FF4A3
:105F60007AAB013308932538542884D801A353F819
:105F700020F000BF635E0408775E0408775E0408C3
:105F8000775E0408775E0408775E0408775E04088D
:105F9000775E0408775E0408775E0408775E04087D
:105FA000775E0408775E0408775E0408775E04086D
:105FB000775E0408775E0408775E0408775E04085D
:105FC000775E0408775E0408775E0408775E04084D
:105FD000775E0408775E0408775E0408775E04083D
:105FE000775E040869560408CD5604087B570408F8
:105FF0002D580408775E0408775E0408775E04086D
:106000004558040897580408775E0408775E04082A
:10601000775E040891590408775E0408775E0408E7
:10602000775E0408775E04087D5A0408BD5A0408A8
:10603000055B04081D5B0408775E0408C55B040863
:106040002F5C0408155D0408695D0408775E040888
:10605000775E0408775E0408775E0408775E0408BC
:10606000775E040869560408CD56040833570408BF
:10607000C7570408C7570408775E0408775E04080A
:10608000CD560408775E0408EF580408775E0408CC
:10609000775E040841590408D9590408775E04085A
:1060A000055A0408775E04086F5A0408775E0408EE
:1060B000D9590408775E0408775E04087B5B0408FE
:1060C0001F5C0408395C0408740000242DE9F04FBB
:1060D00089B004AF029014986C3087E80C00FDF78B
:1060E000BBFB12A905463846F3F78CFD0446002891
:1060F00040F097813846F3F776FDD5F8C01081421D
:10610000814603D0D5F8BC3083421FD12B7C13B11C
:10611000AB6A4B451AD06B6A4B4517D0494514BF43
:106120002D212B211698EDF70AFC0498FCF774FE3C
:106130004FF0FF3312A938460593F3F776FD002898
:1061400000F071813846F3F74EFD81460026B046D7
:106150004FF0FF3A2B7C13B1AB6A4B451FD06B6AF3
:106160004B451CD0D5F8CC304B4518D11EB91698EC
:106170003021EDF7E4FB0498FCF74EFE12A93846F7
:10618000CDF814A0F3F751FD08F10108064620B13F
:106190003846F3F728FD8146DCE701242646A44B68
:1061A00007932B7C1BB1202107A8EDF7EAFA95F89D
:1061B00024B1BBF1000F74D005F1CC030193002C86
:1061C00040F02A81A2462B7C002B00F0AF80AB6A06
:1061D0004B4540F0AB80BAF1000F40F08580002CB9
:1061E00040F08280B8F1000F7BD05FFA88F107A8F9
:1061F000EDF7A5FBA0460498FCF70EFE4FF0FF3329
:1062000012A938460593F3F710FD00286CD03846E4
:10621000F3F7E9FC334681461E46D4E76B6A4B45EB
:106220000BD1BAF1000F08D13CB916982E21EDF729
:1062300086FBB3464FF0010A42E0D5F804314B45E6
:1062400003D0D5F81C314B454ED1002C4CD1002E3B
:106250004AD065211698EDF772FB0498FCF7DCFD37
:106260004FF0FF3312A938460593F3F7DEFC83465F
:10627000002800F0D4803846F3F7B5FCD5F8C030DC
:106280008342814609D0D5F8BC30834207D12D2105
:106290001698EDF754FB5C4612E02B21F8E75C46BC
:1062A0001DE0002C40F0B880A246A9F13003092B74
:1062B000B4D816985FFA89F1EDF741FB4FF0010B66
:1062C0000498FCF7A9FD4FF0FF3312A93846059357
:1062D000F3F7ABFC40B13846F3F785FC81465E46E8
:1062E000E3E71698EDF712F90798FCF7B2FE88B1CC
:1062F000BAF1000F05D124B95FFA88F107A8EDF7CC
:106300001EFBD5E9020107AA03F0E6FC10B9159BB4
:1063100004221A6097E80300029B83E8030007A8A1
:10632000FCF7B6FE029809B0BDE8F08F6B6A4B45EA
:1063300013D10798FCF78DFEBAF1000FD4D1002CD1
:10634000D2D120B15FFA88F107A8EDF7F8FA1698D4
:106350002E21EDF7F4FADA464DE701984A460A2174
:10636000FCF79FFE58B1019BC11A89103031169875
:10637000C9B2EDF7E4FA08F101085E463BE7D5F84B
:1063800004314B4503D0D5F81C314B45ACD10798AF
:10639000FCF75FFE002CA7D1002EA5D038B1BAF1D2
:1063A000000F04D15FFA88F107A8EDF7C8FA65215C
:1063B0001698EDF7C4FA0498FCF72EFD4FF0FF3362
:1063C00012A938460593F3F730FC039038B33846EA
:1063D000F3F709FCD5F8C010039B8142814603D036
:1063E000D5F8BC00484515D12C7C14B1A86A4845A5
:1063F0000ED0686A48450DD016980393494514BFDE
:106400002D212B21EDF79BFA039B1C461E46F2E63D
:10641000234601E71C46FFE60024A24664E7344613
:1064200062E74FF000094FF0000846460124B6E647
:1064300030CD01242DE9F0438DB008AC179E0AAF92
:1064400084E80C0089461D4B0A93202105463846F6
:10645000EDF797F9CDE90367169B029314AB93E828
:1064600003008DE803000DF1180894E80C00404685
:106470004946FFF72BFE98E80300DDF8288084E802
:106480000300E8F755FF18990B900BAB40463246D6
:1064900003F0F6F814A92046F3F7B4FB18B13368FB
:1064A00043F00203336094E8030085E803003846B4
:1064B000FCF7EEFD28460DB0BDE8F08330CD012499
:1064C0002DE9F0438DB008AC179E0AAF84E80C00AC
:1064D00089461D4B0A93202105463846EDF751F9B0
:1064E000CDE90367169B029314AB93E803008DE894
:1064F00003000DF1180894E80C0040464946FFF7E8
:10650000E5FD98E80300DDF8288084E80300E8F75B
:106510000FFF18990B900BAB4046324603F0ECF896
:1065200014A92046F3F76EFB18B1336843F0020359
:10653000336094E8030085E803003846FCF7A8FDC3
:1065400028460DB0BDE8F08330CD01242DE9F0439D
:106550008DB008AC179E0AAF84E80C0089461D4B2D
:106560000A93202105463846EDF70BF9CDE903677C
:10657000169B029314AB93E803008DE803000DF122
:10658000180894E80C0040464946FFF79FFD98E83C
:106590000300DDF8288084E80300E8F7C9FE1899B5
:1065A0000B900BAB4046324603F0EEF814A92046A0
:1065B000F3F728FB18B1336843F00203336094E823
:1065C000030085E803003846FCF762FD28460DB05D
:1065D000BDE8F08330CD01242DE9F04F8BB006AE3D
:1065E000169C059004F16C0086E80C00FDF734F968
:1065F000E46804F04A04402C054650D0082C14BF2F
:106600004FF00A094FF0100914A93046F3F7FAFACF
:106610000746002840F072813046F3F7E4FAD5F8D7
:10662000BC308342024603D0D5F8C010814239D134
:10663000991A4B424B4100932B7C13B1AB6A9342A6
:1066400015D06B6A934212D006980192FCF7E4FBD6
:106650004FF0FF3314A930460793F3F7E6FA019A97
:10666000002800F04D813046F3F7BDFA02464FF0A6
:10667000000846462B7C13B1AB6A934245D06B6A47
:10668000934242D0D5F8CC30934216D1B8F1000FE6
:106690000AD0B9F10A0F13D15CB926467DE04FF05C
:1066A0000809B1E70097E2E7002C73D0B9F1080FB1
:1066B00076D001364FF0010811E0B8F1000F23D079
:1066C000D5F8C430934203D0D5F8C83093426ED188
:1066D000002C67D0B9F1100F6ED10026B046069895
:1066E0000192FCF799FB4FF0FF3314A906A807931A
:1066F000F3F79BFA019A00285CD006A8F3F773FA27
:106700000246B8F1000FB5D14746B9F1100F14BFDA
:106710004B46162302937C4B09932B7C2BB12021F3
:1067200009A80192EDF72DF8019A009B95F824B184
:1067300003F10043013B0193B3FBF9F30393BBF176
:10674000000F41D005F1CC030493002F40F0858069
:10675000BA463C462B7C002B5FD0A96A91425CD1A3
:10676000002E7FD0F1B209A8EDF7E9F800260698CF
:10677000FCF752FB4FF0FF3314A906A80793F3F779
:1067800054FA0346002800F0968006A8F3F72BFA87
:106790000246DFE726464FF001084FF008099EE762
:1067A000464687E72646A0464FF0100997E74FF088
:1067B0000108AAE70127A8E7CDF808904FF00108E3
:1067C000A9E74FF0010A18E0002F70D1BA463C4605
:1067D0004FF0FF3B02981146FCF7BFFB431C3ED035
:1067E000039BA342EDD3019B04FB09F41B1AA342B4
:1067F00038BF4AF0010A013604440698FCF70CFB46
:1068000014A906A8CDF81CB0F3F70FFA034640B35D
:1068100006A8F3F7E8F90246DCE76B6A93421ED05C
:1068200002990498FCF73DFC0346D8B1049A831AF8
:106830003C2B4FEAA302039BC8BF063AA3420AD3EC
:10684000019B04FB09F49B1AA34238BF4AF0010ADA
:10685000013614448BE7DA4689E70024A246002378
:1068600000E001270998FCF7F4FB70B1F1B209A828
:106870000193EDF764F8D5E9020109AA03F02CFAB7
:10688000019B10B9179904220A6036B9B8F1000FBC
:1068900003D10998FCF7DDFB78B173B9BAF1000FA9
:1068A00024D1009B03B16442189B1C600BE0DA46C4
:1068B0005B465C46D6E75F46D4E70023189A136030
:1068C000179A042313602FB1179B179A1B6843F084
:1068D00002031360DDE90601059B83E8030009A8B4
:1068E000FCF7D6FB05980BB0BDE8F08F009B002BA2
:1068F0000CBF6FF000434FF00043DFE7002200922F
:1069000000260127B04600E730CD012470B588B0DD
:1069100006AD85E80C00109B04930F9B03930E9B20
:1069200002930CAB04460E4693E803008DE8030087
:10693000204695E80C003146FFF74EFE204608B091
:1069400070BD2DE9F04F91B00CAD0790DDE91C0949
:1069500085E80C00C368DDF878A0DB070E4639D463
:106960004FF0FF330F930FABCDE9039302901AABB7
:1069700093E803008DE803000AAC95E80C0031466B
:106980002046FFF729FE94E803000F9B012B85E8C2
:1069900003000CD803F001038AF8003095E80300E7
:1069A000079B83E80300184611B0BDE8F08F012370
:1069B0008AF800300423C9F800301AA92846F3F7F2
:1069C00021F90028EAD0D9F8003043F00203C9F8D1
:1069D0000030E3E76C30FCF73FFF066A8469B6FAE3
:1069E00086F6B4FA84F44FF0010B80467609640908
:1069F00000275A469EB194B100213AB3D8F820201E
:106A0000BA4223D117B300228AF80020BBF1000F4D
:106A10005DD0D8F81830BB4259D10423D7E71AA962
:106A200028460892F3F7EEF8089A01460028E4D1C8
:106A300009902846F3F7D7F8DDE90821A6B9D8F878
:106A40001C2052F82720824210D08CB1BBF1000FDD
:106A500041D0D8F81830BB423DD1002F3BD00123A4
:106A60008AF80030994033E0002AEED04CB9012476
:106A7000D8F8143053F82730834205D14FF0010B7A
:106A800005E0BBF1000F19D166BB6CB3B3462846D5
:106A90000137FCF781FA9CB1D8F82060BE428CBF68
:106AA00000260126BBF1000F0CD0D8F81810B9420F
:106AB0008CBF0021012122460C469BE75C46E6E79D
:106AC0000126EFE70121F6E74FF0000B96E74900BA
:106AD000C9F8001062E700238AF8003000299CD032
:106AE000062374E7002CEFD18AF8004095E70000F8
:106AF0002DE9F04F8BB006AE169C059004F16C00AA
:106B000086E80C00FCF7A8FEE46804F04A04402C78
:106B1000054650D0082C14BF4FF00A094FF0100959
:106B200014A93046F3F76EF80746002840F072814A
:106B30003046F3F758F8D5F8BC308342024603D00C
:106B4000D5F8C010814239D1991A4B424B4102937A
:106B50002B7C13B1AB6A934215D06B6A934212D06F
:106B600006980192FCF758F94FF0FF3314A930460C
:106B70000793F3F75AF8019A002800F04D81304648
:106B8000F3F731F802464FF0000846462B7C13B16C
:106B9000AB6A934245D06B6A934242D0D5F8CC3071
:106BA000934216D1B8F1000F0AD0B9F10A0F13D1F0
:106BB0005CB926467BE04FF00809B1E70297E2E7AF
:106BC000002C71D0B9F1080F74D001364FF00108D4
:106BD00011E0B8F1000F23D0D5F8C430934203D0B0
:106BE000D5F8C83093426CD1002C65D0B9F1100FA4
:106BF0006CD10026B04606980192FCF70DF94FF0D3
:106C0000FF3314A906A80793F3F70FF8019A002899
:106C10005AD006A8F2F7E7FF0246B8F1000FB5D147
:106C20004746B9F1100F14BF4B46162301937C4B16
:106C300009932B7C2BB1202109A80392ECF7A1FD2D
:106C4000039A95F824B14FF6FF7393FBF9F303937E
:106C5000BBF1000F42D005F1CC030493002F40F0AC
:106C60008C80BA463C462B7C002B63D0A96A9142AB
:106C700060D1002E00F08680F1B209A8ECF75FFE2B
:106C800000260698FCF7C8F84FF0FF3314A906A8B1
:106C90000793F2F7CAFF0346002800F09D8006A87C
:106CA000F2F7A1FF0246DEE726464FF001084FF05B
:106CB0000809A0E7464689E72646A0464FF0100996
:106CC00099E74FF00108ACE70127AAE7CDF8049057
:106CD0004FF00108ABE74FF0010A1BE0002F77D11E
:106CE000BA463C464FF0FF3B01981146FCF735F998
:106CF000431C44D0039BA342EDD319FB04F4C0F51D
:106D00007F43A4B2FF339C42C8BF4AF0010A044447
:106D1000A4B201360698FCF77FF814A906A8CDF8AE
:106D20001CB0F2F782FF034658B306A8F2F75BFFE8
:106D30000246D9E76B6A934221D001990498FCF787
:106D4000B0F90346F0B1049A831A3C2B4FEAA30230
:106D5000039BC8BF063AA3420DD319FB04F4C2F546
:106D60007F43A4B2FF339C42C8BF4AF0010A1444D7
:106D7000A4B2013685E7DA4683E70024A246002361
:106D800000E001270998FCF764F970B1F1B209A895
:106D90000193ECF7D4FDD5E9020109AA02F09CFFAA
:106DA000019B10B9179904220A6036B9B8F1000F97
:106DB00003D10998FCF74DF980B17BB9BAF1000F06
:106DC00025D1029B0BB16442A4B2189B1C800BE03E
:106DD000DA465B465C46D5E75F46D3E70023189A60
:106DE0001380179A042313602FB1179B179A1B68FF
:106DF00043F002031360DDE90601059B83E803000D
:106E000009A8FCF745F905980BB0BDE8F08F4FF6DF
:106E1000FF73E4E70022029200260127B04600E754
:106E200030CD012470B588B006AD85E80C00109B0C
:106E300004930F9B03930E9B02930CAB04460E46E8
:106E400093E803008DE80300204695E80C003146E6
:106E5000FFF74EFE204608B070BD00002DE9F04F50
:106E60008BB006AE169D059005F16C0086E80C000F
:106E7000FCF7F2FCED6805F04A05402D04464FD0C2
:106E8000082D14BF4FF00A094FF0100914A930461D
:106E9000F2F7B8FE0746002840F063813046F2F76B
:106EA000A2FED4F8BC308342834603D0D4F8C0108D
:106EB000814238D1A3EB0B02534253410293237C0E
:106EC00013B1A36A5B4513D0636A5B4510D0069883
:106ED000FBF7A2FF4FF0FF3314A930460793F2F7F8
:106EE000A4FE002800F041813046F2F77CFE834684
:106EF0004FF000084646237C13B1A36A5B4543D09C
:106F0000636A5B4540D0D4F8CC305B4516D1B8F10C
:106F1000000F0AD0B9F10A0F13D15DB92E4676E001
:106F20004FF00809B2E70297E2E7002D6CD0B9F103
:106F3000080F6FD001364FF0010811E0B8F1000FD3
:106F400021D0D4F8C4305B4503D0D4F8C8305B45B9
:106F500067D1002D60D0B9F1100F67D10026B0467F
:106F60000698FBF759FF4FF0FF3314A906A80793C3
:106F7000F2F75BFE002857D006A8F2F734FE8346EE
:106F8000B8F1000FB7D14746B9F1100F14BF4B4607
:106F900016230193774B0993237C1BB1202109A869
:106FA000ECF7EFFB4FF0FF33B3FBF9F3039394F8E7
:106FB00024310093002B41D004F1CC030493002F23
:106FC00040F08280BA463D46237C002B5CD0A16A0B
:106FD000594559D1002E7CD0F1B209A8ECF7AFFC8D
:106FE00000260698FBF718FF4FF0FF3314A906A8F8
:106FF0000793F2F71AFE0346002800F0948006A8D3
:10700000F2F7F1FD8346DFE72E464FF001084FF01F
:107010000809A5E746468EE72E46A8464FF0100918
:107020009EE74FF00108AFE70127ADE7CDF80490E8
:107030004FF00108AEE74FF0010A14E0002F6DD1C8
:10704000BA463D4601985946FBF787FF431C3DD0A1
:10705000039BAB42EFD305FB09F5401928BF4AF06B
:10706000010A054601360698FBF7D6FE4FF0FF33BE
:1070700014A906A80793F2F7D8FD034640B306A863
:10708000F2F7B1FD8346DDE7636A5B451ED00199E7
:1070900004985A46FCF705F80346D0B1049A831ABF
:1070A0003C2B4FEAA302039BC8BF063AAB4208D36E
:1070B00005FB09F5521928BF4AF0010A15460136A9
:1070C0008FE7DDF800A08CE70025AA46002300E04A
:1070D00001270998FBF7BDFF70B1F1B209A8009331
:1070E000ECF72DFCD4E9020109AA02F0F5FD009BA2
:1070F00010B9179904220A6036B9B8F1000F03D10C
:107100000998FBF7A6FF80B17BB9BAF1000F25D132
:10711000029B03B16D42189B1D600CE0DDF800A0DE
:1071200053465546D5E7009FD3E70023189A1360CE
:10713000179A042313602FB1179B179A1B6843F00B
:1071400002031360DDE90601059B83E8030009A83B
:10715000FBF79EFF05980BB0BDE8F08F4FF0FF33B3
:10716000E4E74FF0000BCDF808B000260127B04649
:107170000AE700BF30CD012470B588B006AD85E8C0
:107180000C00109B04930F9B03930E9B02930CAB7C
:1071900004460E4693E803008DE80300204695E878
:1071A0000C003146FFF75AFE204608B070BD0000C3
:1071B0002DE9F04F8BB006AE169D059005F16C00E1
:1071C00086E80C00FCF748FBED6805F04A05402D09
:1071D00004464FD0082D14BF4FF00A094FF0100994
:1071E00014A93046F2F70EFD0746002840F06381EF
:1071F0003046F2F7F8FCD4F8BC308342834603D023
:10720000D4F8C010814238D1A3EB0B025342534152
:107210000293237C13B1A36A5B4513D0636A5B4579
:1072200010D00698FBF7F8FD4FF0FF3314A9304655
:107230000793F2F7FAFC002800F041813046F2F79C
:10724000D2FC83464FF000084646237C13B1A36A64
:107250005B4543D0636A5B4540D0D4F8CC305B4596
:1072600016D1B8F1000F0AD0B9F10A0F13D15DB9E8
:107270002E4676E04FF00809B2E70297E2E7002DCC
:107280006CD0B9F1080F6FD001364FF0010811E052
:10729000B8F1000F21D0D4F8C4305B4503D0D4F846
:1072A000C8305B4567D1002D60D0B9F1100F67D1B0
:1072B0000026B0460698FBF7AFFD4FF0FF3314A948
:1072C00006A80793F2F7B1FC002857D006A8F2F7FA
:1072D0008AFC8346B8F1000FB7D14746B9F1100FC9
:1072E00014BF4B4616230193774B0993237C1BB1A4
:1072F000202109A8ECF745FA4FF0FF33B3FBF9F36F
:10730000039394F824310093002B41D004F1CC0373
:107310000493002F40F08280BA463D46237C002B28
:107320005CD0A16A594559D1002E7CD0F1B209A890
:10733000ECF705FB00260698FBF76EFD4FF0FF33D8
:1073400014A906A80793F2F770FC0346002800F082
:10735000948006A8F2F747FC8346DFE72E464FF0FD
:1073600001084FF00809A5E746468EE72E46A846D5
:107370004FF010099EE74FF00108AFE70127ADE796
:10738000CDF804904FF00108AEE74FF0010A14E089
:10739000002F6DD1BA463D4601985946FBF7DDFDF9
:1073A000431C3DD0039BAB42EFD305FB09F54019CD
:1073B00028BF4AF0010A054601360698FBF72CFD66
:1073C0004FF0FF3314A906A80793F2F72EFC0346EB
:1073D00040B306A8F2F707FC8346DDE7636A5B4526
:1073E0001ED0019904985A46FBF75BFE0346D0B1C4
:1073F000049A831A3C2B4FEAA302039BC8BF063AA8
:10740000AB4208D305FB09F5521928BF4AF0010A1F
:10741000154601368FE7DDF800A08CE70025AA4667
:10742000002300E001270998FBF713FE70B1F1B2C9
:1074300009A80093ECF783FAD4E9020109AA02F043
:107440004BFC009B10B9179904220A6036B9B8F1B9
:10745000000F03D10998FBF7FCFD80B17BB9BAF1AD
:10746000000F25D1029B03B16D42189B1D600CE0FB
:10747000DDF800A053465546D5E7009FD3E700232B
:10748000189A1360179A042313602FB1179B179A49
:107490001B6843F002031360DDE90601059B83E8E6
:1074A000030009A8FBF7F4FD05980BB0BDE8F08FC9
:1074B0004FF0FF33E4E74FF0000BCDF808B00026A3
:1074C0000127B0460AE700BF30CD012470B588B06F
:1074D00006AD85E80C00109B04930F9B03930E9B55
:1074E00002930CAB04460E4693E803008DE80300BC
:1074F000204695E80C003146FFF75AFE204608B0BA
:1075000070BD2DE9F0418CB008AC149ED6F80C800B
:1075100084E80C0028F04A0343F00803F3600BAB47
:107520000493159BCDE9026312AB05468C4693E8A4
:1075300003008DE8030006AF94E80C00614638466E
:10754000FFF736FE97E80300169B0B9AC6F80C80EF
:1075500084E8030085E8030028461A600CB0BDE803
:10756000F08100002DE9F04F8FB00AAF1A9C079010
:1075700004F16C0087E80C00FCF76EF9E56805F093
:107580004A05402D06464ED0082D14BF4FF00A097B
:107590004FF0100918A93846F2F734FB804600284E
:1075A00040F0AC813846F2F71EFBD6F8BC3083427F
:1075B000044603D0D6F8C020824237D11A1B53426A
:1075C00053410193337C13B1B36AA34213D0736A5E
:1075D000A34210D00A98FBF71FFC4FF0FF3318A905
:1075E00038460B93F2F721FB002800F089813846DA
:1075F000F2F7F9FA04464FF0000A5746337C13B10C
:10760000B36AA34244D0736AA34241D0D6F8CC30C7
:10761000A34217D1BAF1000F0BD0B9F10A0F14D160
:1076200065B92F4687E04FF00809B3E7CDF804802D
:10763000E1E7002D7CD0B9F1080F7FD001374FF082
:10764000010A11E0BAF1000F21D0D6F8C430A342EC
:1076500003D0D6F8C830A34277D1002D70D0B9F14D
:10766000100F78D10027BA460A98FBF7D5FB4FF0E8
:10767000FF3318A90AA80B93F2F7D7FA002867D0AE
:107680000AA8F2F7B0FA0446BAF1000FB6D1D04614
:10769000B9F1100F14BF4B46162304939B4B0D9367
:1076A000337C1BB120210DA8ECF76BF8019B013B4B
:1076B0000593019B059803F10043013B0293029956
:1076C0004FEAE9734A46D9F73DF996F82431039316
:1076D000CDE90801002B46D006F1CC030693B8F1A2
:1076E000000F40F0A780C3464546CDF80080337CAC
:1076F000002B71D0B26AA2426ED1002F00F0A1809F
:10770000F9B20DA8ECF71BF900270A98FBF784FBE8
:107710004FF0FF3318A90AA80B93F2F786FA034635
:10772000002800F0C0800AA8F2F75DFA0446DEE700
:107730002F464FF0010A4FF0080995E757467EE7BC
:107740002F46AA464FF010098EE74FF0010A9FE737
:107750004FF001089CE7CDF810904FF0010A9DE72B
:107760004FF0010B26E0B8F1000F40F09580C346C2
:107770004546CDF8008004982146FBF7EEFB431CFC
:107780005BD0089B009AAB42099B9341E8D3A9FBCD
:10779000055309FB0233059A111A029A62EBE07253
:1077A000A9429A4138BF4BF0010B451943EBE073F6
:1077B000009301370A98FBF72FFB4FF0FF3318A90E
:1077C0000AA80B93F2F731FA0346002837D00AA82B
:1077D000F2F709FA0446CEE7736AA3422DD0049962
:1077E00006982246FBF75DFC034650B3069A0099C3
:1077F000831A3C2B4FEAA302089BC8BF063AAB4250
:10780000099B8B4113D3A9FB055309FB0133059950
:10781000881A029961EBE271A842994138BF4BF096
:10782000010B551943EBE273009301376DE7DDF867
:107830000CB06AE700250095AB46002301E04FF04D
:1078400001080D98FBF705FC70B1F9B20DA8029381
:10785000ECF775F8D6E902010DAA02F03DFA029B99
:1078600010B91B9904220A6037B9BAF1000F03D18D
:107870000D98FBF7EEFBC8B1C3B9BBF1000F32D1D5
:10788000019B23B1009B6D4263EB430300931C9B60
:10789000009A1D605A6011E0DDF80CB0CDF800B020
:1078A0005B465D46CDE7DDF80C80CAE70022002389
:1078B0001C99C1E900231B9A04231360B8F1000F3F
:1078C00005D01B9B1B9A1B6843F002031360DDE984
:1078D0000A01079B83E803000DA8FBF7D9FB079873
:1078E0000FB0BDE8F08F019B1BB100224FF00043A9
:1078F000DEE74FF0FF326FF00043D9E70024019438
:1079000000274FF00108BA46C2E600BF30CD01247F
:1079100070B588B006AD85E80C00109B04930F9BF2
:1079200003930E9B02930CAB04460E4693E80300B0
:107930008DE80300204695E80C003146FFF712FE63
:10794000204608B070BD00002DE9F04F8DB008AFA3
:10795000189C059004F16C0087E80C00FBF77CFF95
:10796000E56805F04A05402D06464ED0082D14BFA7
:107970004FF00A0A4FF0100A16A93846F2F742F9FA
:107980008146002840F0A4813846F2F72CF9D6F859
:10799000BC308342044603D0D6F8C020824237D19F
:1079A0001A1B534253410393337C13B1B36AA3426E
:1079B00013D0736AA34210D00898FBF72DFA4FF04A
:1079C000FF3316A938460993F2F72FF9002800F083
:1079D00081813846F2F707F904464FF0000BD8468C
:1079E000337C13B1B36AA34246D0736AA34243D037
:1079F000D6F8CC30A34218D1BBF1000F0BD0BAF1AE
:107A00000A0F15D165B9A84686E04FF0080AB3E71A
:107A1000CDF80C90E1E7002D7BD0BAF1080F7ED0B5
:107A200008F101084FF0010B12E0BBF1000F22D06A
:107A3000D6F8C430A34203D0D6F8C830A34275D1DB
:107A4000002D6ED0BAF1100F76D14FF00008C3466A
:107A50000898FBF7E1F94FF0FF3316A908A809933E
:107A6000F2F7E3F8002864D008A8F2F7BCF804465F
:107A7000BBF1000FB4D1D946BAF1100F14BF534671
:107A800016230293964B0B93337C1BB120210BA83A
:107A9000EBF777FE4FEAEA7352464FF0FF304FF0B4
:107AA000FF31D8F74FFF96F824310193CDE9060155
:107AB000002B49D006F1CC030493B9F1000F40F03C
:107AC000AC80CDF800904D464F46337C002B75D0EE
:107AD000B26AA24272D1B8F1000F00F0A5805FFA3D
:107AE00088F10BA8EBF72BFF4FF000080898FBF785
:107AF00093F94FF0FF3316A908A80993F2F795F808
:107B00000346002800F0BF8008A8F2F76CF804468E
:107B1000DBE7A8464FF0010B4FF0080A98E7D8467C
:107B200080E7A846AB464FF0100A91E74FF0010BF3
:107B3000A2E74FF001099FE7CDF808A04FF0010B35
:107B4000A0E70123009327E0B9F1000F40F09680F1
:107B5000CDF800904D464F4602982146FBF7FDF9BF
:107B6000431C5DD0069BAB42079BBB41E9D3AAFBFC
:107B700005530AFB073341194FEAE07757EB03013E
:107B800000994FF0000228BF0122114345190091CE
:107B900047EB030708F101080898FBF73DF94FF0A0
:107BA000FF3316A908A80993F2F73FF80346002807
:107BB00038D008A8F2F717F80446CDE7736AA34255
:107BC0002ED0029904982246FBF76BFA034658B36D
:107BD000049A831A3C2B4FEAA302069BC8BF063ABD
:107BE000AB42079BBB4115D3AAFB05530AFB0733E6
:107BF00050194FEAE27757EB030000984FF000016D
:107C000028BF012108435519009047EB030708F1ED
:107C100001086BE7019B009368E700252F4600955C
:107C2000002301E04FF001090B98FBF712FA78B13D
:107C30005FFA88F10BA80193EBF781FED6E9020108
:107C40000BAA02F049F8019B10B9199904220A60A5
:107C5000B8F1000F06D1BBF1000F03D10B98FBF771
:107C6000F8F998B193B9009B6BBB039B13B16D42BC
:107C700067EB47071A9BC3E900570FE0019B00938E
:107C80001D461F46D0E7DDF80490CDE70022002313
:107C90001A99C1E90023199A04231360B9F1000F5E
:107CA00005D0199B199A1B6843F002031360DDE9A4
:107CB0000801059B83E803000BA8FBF7E9F9059889
:107CC0000DB0BDE8F08F4FF0FF324FF0FF33DFE72C
:107CD000002403944FF000084FF00109C346CBE69F
:107CE00030CD012470B588B006AD85E80C00109B3E
:107CF00004930F9B03930E9B02930CAB04460E461A
:107D000093E803008DE80300204695E80C00314617
:107D1000FFF71AFE204608B070BD2DE9F04F8FB076
:107D2000DDE91AB70AAC4FF0000A06460BF16C0009
:107D300084E80C008846CDF834A0FBF7E9FC0DABD5
:107D4000CDE906B302226323CDE904320CAB0293E2
:107D5000CDF80CA018AB814693E803008DE8030032
:107D600008AD94E80C0041462846FDF78CF995E8EB
:107D700003000D9B84E80300002B51D118A9204675
:107D8000F1F753FF002846D02046F1F72CFF2A22B6
:107D900001464846F1F71BFFA0F13005EBB2092B75
:107DA00039D82046FBF7F8F80C9B4FF00A0808FB7F
:107DB000035518A920460C95F1F737FF98B12046D6
:107DC000F1F711FF2A2201464846F1F700FFA0F122
:107DD0003005EBB2092B06D82046FBF7DDF80C9BEB
:107DE00008FB03550C950C9BA3F26C730C931C9B26
:107DF0000C9A5A6118A92046F1F704FF18B13B68A4
:107E000043F002033B6094E8030086E80300304639
:107E10000FB0BDE8F08F0C9B442BE8DC6433E5E742
:107E20003B6843F004033B60E4E72DE9F0479CB076
:107E3000DDE926960AAC054609F16C0084E80C00E1
:107E40008846FBF773FD0DF1380A07465146FBF7EC
:107E50003FFB384615A9FBF72BFB00230D930DAB19
:107E6000CDE905930723CDE903A30CAB029324AB23
:107E700093E803008DE8030008AF94E80C00414646
:107E80003846FDF7FCFA97E803000D9B84E80300F1
:107E90009BB9289B0C9A9A6124A92046F1F7B2FE5F
:107EA00018B1336843F00203336094E8030085E8B7
:107EB000030028461CB0BDE8F087336843F0040394
:107EC0003360E9E72DE9F047A6B0DDE930960AAC6A
:107ED000054609F16C0084E80C008846FBF726FD96
:107EE0000DF1380A07465146FBF721FB38461AA91F
:107EF000FBF7FEFA00230D930DABCDE905930C23A0
:107F0000CDE903A30CAB02932EAB93E803008DE8FD
:107F1000030008AF94E80C0041463846FDF7AFFA7D
:107F200097E803000D9B84E803009BB9329B0C9AF1
:107F30001A612EA92046F1F765FE18B1336843F0A7
:107F40000203336094E8030085E80300284626B066
:107F5000BDE8F087336843F004033360E9E72DE9B7
:107F6000F04F93B0DDE91EB70AAC05460BF16C008B
:107F700084E80C00DDF880A08946FBF7D7FC0DA94A
:107F8000FBF784FA0023CDE90F3311930D9BCDE964
:107F900002B7CDE904A30FAE06961CAB93E803002D
:107FA0008DE803000DF1200894E80C004946404696
:107FB000FDF71AFB98E8030084E8030051463046B9
:107FC00001F090FE1CA92046F1F71CFE18B13B6899
:107FD00043F002033B6094E8030085E80300284671
:107FE00013B0BDE8F08F2DE9F04F93B0DDE91EB777
:107FF0000AAC05460BF16C0084E80C00DDF880A0AB
:108000008946FBF793FC0DA9FBF73AFA0023CDE96B
:108010000F3311930D9BCDE902B7CDE904A30FAE49
:1080200006961CAB93E803008DE803000DF12008D1
:1080300094E80C0049464046FDF7D6FA98E803005C
:1080400084E803005146304601F04CFE1CA920464E
:10805000F1F7D8FD18B13B6843F002033B6094E8A8
:10806000030085E80300284613B0BDE8F08F000048
:108070002DE9F04F91B00AA981E80C00DDE91C3927
:1080800003F16C0406902046FBF742FB0490204667
:10809000FBF7A8FE00F140030793836A05461BB176
:1080A000036B003B18BF012302932B7CA34C0D9460
:1080B0001BB120210DA8EBF764FB20210EA80E9424
:1080C000EBF75FFB05F1440300260893EB6B0F937E
:1080D000B04637460396B24601960FAB9B5D042B24
:1080E00062D8DFE813F08C0164013000FE00050067
:1080F000DFF84CB21AA90AA8F1F797FD0346044627
:10810000002800F03D810AA80993F1F76CFD0A21CF
:10811000024605900898FAF7C4FF059A099B0028C3
:1081200000F01D81079BC41AA410DBF800300EA8D4
:10813000195DEBF704FC7C1C039F0AA8FAF72CFFDF
:1081400003972746D6E71C9BDB689A051FD4BAF134
:10815000010F1CD8DEB1012E0BD1029BBBB99DF8DB
:108160003C30032B13D09DF83E30012B0FD002265C
:10817000B3E7022E40F057819DF83F30042B06D024
:10818000029A002A00F04A81032B40F049812B6AB1
:1081900005934FF0000B1AA90AA8F1F746FD059BBD
:1081A000044618B99B4511D1012419E09B4517D00D
:1081B0000AA8F1F718FDEA6952F82B20824205D18E
:1081C0000AA8FAF7E9FE0BF1010BE4E7BBF1000F97
:1081D00040F022811C9BDC6884F40074C4F34024CA
:1081E0000136042E40F00E81BAF1010F40F22E81CB
:1081F000002C00F00A81019B002B00F01681EC6A34
:1082000001261AA90AA8F1F710FD002840F00F81F5
:10821000564540F0FA800E98FAF71BFF012810D956
:10822000002230210EA8EBF7F8F8024648B1431CB3
:1082300003D10E98FAF70DFF421E00210EA8FAF79F
:108240000BFF019B73B10EA8EBF7D6F90E9B1B78C1
:10825000302B07D00EA8EBF7D8F92D2201460EA837
:10826000EBF710FA0D98FAF7F4FEA0B1B8F1000F91
:1082700000F0EF809DF80C100DA8EBF760FBD5E93E
:1082800002010DAA01F028FD28B9D9F8003043F009
:108290000403C9F80030B8F1000F03D06B6BBB4288
:1082A00040F0B3801E980EA9EBF7A2F80AAC1AA909
:1082B0002046F1F7A7FC28B1D9F8003043F00203BB
:1082C000C9F8003094E80300069B83E803000EA879
:1082D000FAF7DEFE0DA8FAF7DBFE069811B0BDE84E
:1082E000F08FAB6AABB92B6B63B31AA90AA8F1F78D
:1082F0009CFC044630B30AA8F1F775FCEB6A1B68D6
:1083000083421FD10AA8D5F830A0FAF745FE0194A0
:1083100066E71AA90AA8F1F788FC04460028E2D00B
:108320000AA8F1F760FC6B6A1B688342DBD10AA8DC
:10833000D5F828A0FAF730FE52E700BF30CD01246F
:1083400070000024AB6A1BB9029B83F0010447E76D
:108350002B6B002BF8D1012301931C4640E7696980
:10836000914208D1B8F1000F05D16A6B002A08DDEF
:1083700098460446E1E62B7C1BB1AB69934207D0DB
:1083800001240E98FAF765FE002808BF002427E7AD
:10839000B8F1000F07D147B1F9B20DA8EBF7CFFA4A
:1083A0004446039FC9E64446EBE73C46E9E71AA981
:1083B0000AA8F1F73AFCA8B90024032E3FF414AF41
:1083C0001AA90AA8F1F731FCD8B10AA8F1F70BFCF9
:1083D000082102460498F1F713F990B10AA8FAF7B8
:1083E000DBFDEDE70AA8F1F7FEFB08210246049841
:1083F000F1F706F90028DFD00AA8FAF7CDFD01242D
:10840000DBE70136002C7FF468AED9F8003043F08A
:108410000403C9F8003049E70024E1E603265CE6DE
:10842000029C0326EEE70124DEE66C6AE8E6564588
:108430003FF4F1AE0AA8F1F7D6FB54F82630834298
:10844000E3D10AA8FAF7A8FD0136DAE6002CDCD061
:10845000E1E6F9B210E700BF2DE9F04F91B00AA9AB
:1084600081E80C00DDE91C3903F16C04069020461C
:10847000FBF74EF904902046FBF7FAFB00F14003AE
:108480000793836A05461BB1036B003B18BF0123AA
:1084900002932B7CA34C0D941BB120210DA8EBF76C
:1084A00070F920210EA80E94EBF76BF905F1440347
:1084B00000260893EB6B0F93B04637460396B246FF
:1084C00001960FAB9B5D042B62D8DFE813F08C01A3
:1084D00064013000FE000500DFF84CB21AA90AA8BA
:1084E000F1F7A3FB03460446002800F03D810AA8EB
:1084F0000993F1F778FB0A21024605900898FAF7EC
:10850000D0FD059A099B002800F01D81079BC41A25
:10851000A410DBF800300EA8195DEBF710FA7C1CF4
:10852000039F0AA8FAF738FD03972746D6E71C9B56
:10853000DB689A051FD4BAF1010F1CD8DEB1012EF9
:108540000BD1029BBBB99DF83C30032B13D09DF897
:108550003E30012B0FD00226B3E7022E40F05781A8
:108560009DF83F30042B06D0029A002A00F04A8181
:10857000032B40F049812B6A05934FF0000B1AA999
:108580000AA8F1F752FB059B044618B99B4511D187
:10859000012419E09B4517D00AA8F1F724FBEA69EA
:1085A00052F82B20824205D10AA8FAF7F5FC0BF10C
:1085B000010BE4E7BBF1000F40F022811C9BDC685B
:1085C00084F40074C4F340240136042E40F00E817C
:1085D000BAF1010F40F22E81002C00F00A81019BBC
:1085E000002B00F01681EC6A01261AA90AA8F1F7FF
:1085F0001CFB002840F00F81564540F0FA800E9891
:10860000FAF727FD012810D9002230210EA8EAF739
:1086100004FF024648B1431C03D10E98FAF719FD36
:10862000421E00210EA8FAF717FD019B73B10EA898
:10863000EAF7E2FF0E9B1B78302B07D00EA8EAF773
:10864000E4FF2D2201460EA8EBF71CF80D98FAF76F
:1086500000FDA0B1B8F1000F00F0EF809DF80C1004
:108660000DA8EBF76CF9D5E902010DAA01F034FB76
:1086700028B9D9F8003043F00403C9F80030B8F144
:10868000000F03D06B6BBB4240F0B3801E980EA965
:10869000EAF7AEFE0AAC1AA92046F1F7B3FA28B100
:1086A000D9F8003043F00203C9F8003094E8030021
:1086B000069B83E803000EA8FAF7EAFC0DA8FAF778
:1086C000E7FC069811B0BDE8F08FAB6AABB92B6B35
:1086D00063B31AA90AA8F1F7A8FA044630B30AA8A6
:1086E000F1F781FAEB6A1B6883421FD10AA8D5F81B
:1086F00030A0FAF751FC019466E71AA90AA8F1F72D
:1087000094FA04460028E2D00AA8F1F76CFA6B6AE2
:108710001B688342DBD10AA8D5F828A0FAF73CFCF5
:1087200052E700BF30CD012470000024AB6A1BB9B2
:10873000029B83F0010447E72B6B002BF8D1012348
:1087400001931C4640E76969914208D1B8F1000FD6
:1087500005D16A6B002A08DD98460446E1E62B7CC9
:108760001BB1AB69934207D001240E98FAF771FC54
:10877000002808BF002427E7B8F1000F07D147B150
:10878000F9B20DA8EBF7DBF84446039FC9E644466F
:10879000EBE73C46E9E71AA90AA8F1F746FAA8B9B7
:1087A0000024032E3FF414AF1AA90AA8F1F73DFAEA
:1087B000D8B10AA8F1F717FA082102460498F0F791
:1087C0001FFF90B10AA8FAF7E7FBEDE70AA8F1F757
:1087D0000AFA082102460498F0F712FF0028DFD0B9
:1087E0000AA8FAF7D9FB0124DBE70136002C7FF455
:1087F00068AED9F8003043F00403C9F8003049E707
:108800000024E1E603265CE6029C0326EEE7012451
:10881000DEE66C6AE8E656453FF4F1AE0AA8F1F7E9
:10882000E2F954F826308342E3D10AA8FAF7B4FB00
:108830000136DAE6002CDCD0E1E6F9B210E700BF41
:108840002DE9F0438DB006AC84E80C00DDE9173863
:1088500009AFCDE9038702938C4614AB18490991FF
:10886000054693E803009DF858208DE803000AAE02
:10887000FAB194E80C0061463046FFF7F9FB96E840
:108880000300DDF8249084E80300E6F751FD199910
:108890000A9033464246484600F076FF94E80300CB
:1088A00085E803003846FAF7F3FB28460DB0BDE82B
:1088B000F08394E80C0061463046FFF7CDFDDEE71B
:1088C00030CD01242DE9F04F8DB006ACDDF864B059
:1088D0009DF8609007460BF16C0084E80C008A4616
:1088E000FAF716FF1A9B1F490991CDE902B309AEA9
:1088F000049616AB804693E803008DE803000AADAA
:1089000094E80C0051462846B9F1000F26D0FFF735
:10891000AFFB95E8030084E803000998FAF799FB98
:10892000054680B101461B98EBF71EFBDDF824A03D
:108930001B98EBF789F91B9B55441B682A46514647
:108940004046FAF703FB94E8030087E8030030464B
:10895000FAF79EFB38460DB0BDE8F08FFFF77CFDBF
:10896000D7E700BF30CD0124244B1A68D0075CBF85
:1089700001221A60224B1A68D1075CBF01221A60DB
:10898000204B1A68D2075CBF01221A601E4B1A687E
:10899000D0075CBF01221A601C4B1A68D1075CBF6C
:1089A00001221A601A4B1A68D2075CBF01221A60B2
:1089B000184B1A68D0075CBF01221A60164B1A6860
:1089C000D1075CBF01221A60144B1A68D2075CBF42
:1089D00001221A60124B1A68D0075CBF01221A608C
:1089E000104B1A68D1075CBF01221A600E4B1A683F
:1089F000D2075CBF01221A60704700BF58CE012425
:108A000054CE012450CE01244CCE012448CE012462
:108A100044CE012440CE01243CCE012438CE012492
:108A200034CE012430CE01242CCE01240AB104F02E
:108A3000C0B87047B1F1005F08B506D3B1F1804FFF
:108A400001D3F2F7EEFFF2F7E9FFBDE80840880036
:108A5000E6F79EBB03684160002243F8212070477F
:108A600050F8083B1B1A5842584170470B68B3F145
:108A7000805F10B502D30B48F2F7DCFF93420BD9AD
:108A8000B3EB420F4FEA420406D2B4F1805F2ABF33
:108A90006FF070430C600B6009680131FFF7CAFF8B
:108AA00010BD00BFFD670508006800F09BBA10B557
:108AB0000446FFF7D5FF18B9A1682046FFF7F4FF79
:108AC00010BD000008B5034608465B689842114691
:108AD00003D902460148F2F7B3FF08BDC566050891
:108AE000406801F180510139091A914208B502D25A
:108AF0001846F2F79FFF08BD03688B4207D842680B
:108B000003EB8203994294BF0020012070470120AB
:108B10007047012A10B404D10A685DF8044B026062
:108B200070475DF8044BFFF781BF012A30B403D1D1
:108B30000B68036030BC7047002AFBD030BC04F0E7
:108B40003BB80B46012B10B41146044603D12260FA
:108B50005DF8044B7047002BFAD05DF8044B1A46C1
:108B600004F02DB837B5032904460191154606D9FE
:108B7000002201A9FFF77AFF019B2060A360019901
:108B800019B120682A46FFF7DCFF01992046FFF75C
:108B900061FF03B030BD08B5521A9210FFF7B9FF5C
:108BA00008BD08B5521A9210FFF7B3FF08BD10B503
:108BB0000446FFF755FF08B9A06810BD0320FCE785
:108BC0002DE9F3470A9E1F46436801EB0208B21ADB
:108BD0001A4404460D46A3EB08090192FFF7E7FF8C
:108BE00001A902462046FFF741FF82461DB12168D8
:108BF0002A46FFF78EFF37B12EB1324639460AEBCF
:108C00008500FFF786FFB9F1000F08D021683544D1
:108C10004A4601EB88010AEB8500FFF77AFF204600
:108C2000FFF745FF019BC4F800A0A36002B0BDE8B8
:108C3000F08737B504460191FFF7B9FF019B8342E6
:108C400002460FD901A92046FFF710FF626821688C
:108C500001320546FFF75DFF2046FFF728FF019B25
:108C60002560A36003B030BDF7B5456804460E46E5
:108C7000FFF79DFF6F1C874207D901230093002354
:108C80001A4629462046FFF79BFF2368394643F8DA
:108C900025602046FFF7DEFE03B0F0BD2DE9F74367
:108CA00016461D4604461B4B2A460F463146FFF723
:108CB00017FF2046FFF77BFFD4F80480A5EB0609D9
:108CC000C14448451ED3F319B8EB03020AD0AE42A3
:108CD00008D0206800EB870000EB860100EB8500E0
:108CE000FFF723FF35B120680A9A294600EB870079
:108CF000FFF727FF20464946FFF7ACFE204603B0AA
:108D0000BDE8F08300950023324639462046FFF740
:108D100057FFE7E73B67050807B500920B460022BF
:108D20004168FFF7BBFF03B05DF804FB10B5446872
:108D30008C4203D2091BFFF7EFFF10BDFDD9FFF7EF
:108D400089FEFAE708B50022FFF7F0FF08BD2DE91C
:108D5000F843DDE908780E4615461C4637B19742C0
:108D60003CD83A4619463046FFF7DFFEB8F1000F0F
:108D700017D0AF4215D0424606EB850106EB8700BF
:108D8000FFF7D3FEAF420CD906EB850304EB870255
:108D900093424FEA870906D33A4621463046FFF709
:108DA000C4FEBDE8F883A3420AD8A41B07EBA404C1
:108DB000641B3A4606EB84013046FFF7AAFEF0E753
:108DC0001D1B4FEAA508424621463046FFF7ADFE7F
:108DD000A7EB080206EB09017019EEE7B8F1000FE6
:108DE000C9D1D1E72DE9F74F0C9E1546044632460E
:108DF0000F4698462946204BFFF772FE2046FFF7A4
:108E0000D6FED4F804B0A6EB050ADA4450452BD3BD
:108E10002368414603EB870920462F44ABEB070745
:108E2000FFF76AFEB8B147B1B54206D03A4609EB42
:108E3000850109EB8600FFF778FE26B132464146F0
:108E40004846FFF766FE20465146FFF703FE2046E0
:108E500003B0BDE8F08FCDE9006743462A46494696
:108E60002046FFF774FFEEE7009643462A46394650
:108E70002046FFF7A5FEE6E72B6805082DE9F3413C
:108E80004768044602EB07080E461546FFF78FFEBB
:108E900040450FD335B120682A46314600EB8700A4
:108EA000FFF737FE20464146FFF7D4FD204602B0CB
:108EB000BDE8F08100953346002239462046FFF791
:108EC0007FFEEFE72DE9F041064690460F460A4A3D
:108ED00019461D46FFF7F6FD7468641B444528BF1C
:108EE000444634B13168224601EB85013846FFF72C
:108EF00010FE2046BDE8F081FC6605087FB5002421
:108F00001023CDE90234036815469E6912686B464A
:108F1000CDE90044B0479DF8043003F00603062B6A
:108F200003BF009B2B600120204604B070BD009859
:108F300090420CBF062001207047000010B5034B83
:108F40000360044600F045F9204610BDB809060844
:108F500010B50446FFF7F2FF20460821E6F707F9AF
:108F6000204610BD2DE9F0411F46DDE90834DDF84B
:108F7000188098450646154607D1079900F02CF948
:108F800018B165710020BDE8F0813946304600F027
:108F900023F90028F6D00123C4F800802571A371BD
:108FA000F0E738B515461C4600F016F920B1082345
:108FB000E36006232560237138BD2DE9F0410546A5
:108FC0000C4616461F4600F007F948B9032F07D88C
:108FD00023683246294620465B69BDE8F0411847C0
:108FE000BDE8F08101F0CEBBFFF7FCBF2DE9F043F7
:108FF000884689B017461D46064620B900242046FB
:1090000009B0BDE8F083026852F8083C52F8049CAD
:109010000022CDE9052210220792C25852F8042CF2
:109020004A4500EB0304E9D1002D2BDA05AAD9F853
:109030000030CDE90262CDE900480622DC6929460C
:109040003B464846A047059C002CD7D09DF81A10F7
:1090500001F00603062BD2D09DF819309DF8182098
:109060001A4002F00602062AC9D003F00503042BB9
:10907000C4D00029C2D1002D0DDB2C44A642BDD1A5
:10908000059CBCE7DD42D1D13946484600F0A4F842
:109090000028CBD0B3E7AB1CB0D03B6800961E6A6B
:1090A0002246434629463846B04700F006000628C7
:1090B000E5E7002070470000024B1868BFF35B8FA4
:1090C000704700BF8CCE0124E6F762B8FFF7FCBF03
:1090D00010B5034B03600446FFF730FF204610BD78
:1090E000180A060810B50446FFF7F2FF20460C21C7
:1090F000E6F73DF8204610BD2DE9F041DDF8188077
:10910000904506460F4615461C460BD0B0680368CE
:10911000CDF818801E6A2A4623463946B446BDE873
:10912000F0416047194600F057F80028EED00620BD
:10913000BDE8F0812DE9F14F0D461946DDE90A4BF6
:10914000DDE90CA681461746984600F045F890B137
:10915000002D3460377109DB2C44A24514BF012473
:109160000624B471002001B0BDE8F08F0235F9D1BA
:109170000123B371F6E7544506D15946484600F03D
:109180002BF808B17771EDE7D9F808000368CDE94D
:109190000CA6CDE90A4BDC693A4643462946A4466B
:1091A00001B0BDE8F04F60472DE9F04107460C469D
:1091B00015461E46FFF7F5FE48B9B86803689F6973
:1091C0002A4633462146BC46BDE8F0416047BDE82B
:1091D000F081704700207047814208B50ED040688A
:1091E00003782A2B0CD049680B782A2B08BF013151
:1091F000D7F776F8B0FA80F0400908BD0120FCE707
:109200000020FAE710B5034B03600446FFF796FE13
:10921000204610BD900A060810B50446FFF7F2FF7D
:1092200020461821E5F7A3FF204610BD2DE9F74F92
:10923000DDF830A05245054688461646994605D0C9
:10924000EF6805EBC70547B9012020E01946FFF795
:10925000C3FF0028F4D0062019E0EC68A30719D555
:10926000221214F0010404D018F1030F12D0336855
:109270009A58A8680368CDF800A0D3F820B032440B
:109280004B464146D847032804D92043C0B203B017
:10929000BDE8F08F013F083DD5E7F0B40D1E049CFA
:1092A000164606DB2E44B4420CBF06200120F0BC5B
:1092B0007047023505D0056804942C6AA446F0BCBA
:1092C00060470120F3E72DE9F04F91B0CDE9052388
:1092D0001D9C1C9AA368DB0644BF8368A3601A9B8D
:1092E000934281460F4608D11B99FFF775FF20B1C5
:1092F000059B63714FF0000882E006994846FFF72E
:109300006BFF98B11A9B2360002F059B237108DB2C
:109310001A9B1F441C9BBB4214BF01270627A77141
:10932000E8E70237E6D10123A371E3E7002FA9BFE5
:109330001C9B0790DB1B07934FF0020C0123CDE928
:1093400008C3059B4FF0000843F00103CDF82880C7
:109350000B93D9F80CA009EBCA0BBAF1000F09D195
:109360000A9B002B4CD0089B012B49D00123CDE94F
:10937000083AEEE70023CDE90D33DBF80C30A568A1
:109380000F95DE0743BF1A980B9A0068059A4FEABB
:10939000232148BF41581A980144079838B18842A0
:1093A000099E2CBF00200120B04200F0B380980736
:1093B00006D4BB1C02D1AE0700F0AE8002F0FD0265
:1093C000DBF808000DAD036803951C9D02951B9DFD
:1093D000CDE900153946DD69069BA84763799DF8FC
:1093E00039209DF83A500D991343062D637101D031
:1093F000022D09D19DF8383021602371A571804676
:10940000404611B0BDE8F08F2268B8F1000F13D1CB
:10941000A2B99DF838202160227121B11BB1D9F881
:109420000830DD07EBD56379042BE8D00AF1FF3A69
:10943000ABF1080B804690E7002A37D0914206D165
:1094400023799DF83820134323714046EBE709B98F
:109450000028FAD0032BA67904D9D90729D5A36807
:109460009B0726D57EB9032D05D9EE0741D5D9F83E
:10947000083098073DD51C9B009306981B9B3946E6
:10948000FFF70BFF0646E5B9032E05D9F10732D5E4
:10949000D9F808309A072ED51C9B00930D9A1B9B78
:1094A00006983946FFF7F9FE05460AE00029D1D1B2
:1094B000CBE7012E38BF0126012D38BF0125F6B2BA
:1094C000EDB285EA0603DBB2032B16D9032D81BF6B
:1094D0000D9B23602E469DF8383086BF23710020F7
:1094E0004046B307A67102D416F001069BD10020B6
:1094F00085E70126E5E70125E3E73540EDB20023E6
:10950000032D236003D90223A371012077E70120F3
:10951000A07188E701230A93404687E72DE9F04FC1
:109520008BB00546049101921C46FFF73AFD0028D6
:1095300062D1D4F80890D5F80C8019F0100F18BF3C
:10954000D5F8089009F0010305EBC8074FF0000AB1
:1095500005930DF1180BB8F1000F04D120790038F4
:1095600018BF012049E0FA68CDF818A002F0010305
:10957000029302F0020303930399059B8DF81CA04C
:109580000B43CDE9089A03D108F1FF38083FE2E721
:10959000019B002B34D0029B121213B1019B1B685C
:1095A0009A58019B1A44B868049903689B691E463F
:1095B0005B46B0470028E7D0099B082B03D1029BEC
:1095C0000BB1BB6809939DF81C30032B05D9039A96
:1095D0001AB923F002038DF81C30E168C1B99BE889
:1095E0000F0084E80F002379032B05D99A0709D5CA
:1095F000AB6813F0010FC7D101200BB0BDE8F08FAD
:10960000019AD0E7DB07F7D5AB6813F0020FF2E75A
:109610002368069A934204D0002323600223237117
:10962000EAE72BB123799DF81C2013432371ABE7A4
:1096300009980828F2D00829F0D0FFF7CDFD0028BE
:10964000F0D1EBE7002170B5084604F0D9FF0646DB
:10965000D6F7A6FE451C08492846FFF737FD044605
:1096600038B131462A4605F078F80449002004F064
:10967000C7FF204670BD00BFDC0906083C3F050857
:10968000F7B507460E461546FFF7DCFF044618B946
:1096900004232B6003B0F0BD01A9384601F0F0FEB1
:1096A000019B86ED000ABB4201D01B785BB1002311
:1096B000336004232B602146002004F0A1FF2046E4
:1096C000FFF792FCE6E7DFED097AB4EE670AF1EE08
:1096D00010FA09D0DFED067AB4EE670AF1EE10FA5F
:1096E000E9D16FF40003E3E7024BE1E70000807F7C
:1096F000000080FFFFFF7F7FF7B507460E46154647
:10970000FFF7A0FF044618B904232B6003B0F0BD97
:1097100001A9384601F0A8FE019BBB4286ED000B73
:1097200001D01B786BB100220023C6E9002304237B
:109730002B602146002004F063FF2046FFF754FC15
:10974000E4E79FED0B7BB4EE470BF1EE10FA0BD084
:109750009FED097BB4EE470BF1EE10FAE9D14FF023
:10976000FF326FF48013E0E7054B4FF0FF32DCE788
:10977000000000000000F07F000000000000F0FF8B
:10978000FFFFEF7F00000000F8B507460C461646C5
:10979000FFF758FF054610B904233360F8BD1C4994
:1097A0002246384603F0C2F8013001280ED80022C4
:1097B0000023C4E90023042333602946002004F079
:1097C0001FFF2846BDE8F840FFF70EBC94ED007B74
:1097D0009FED0B6BB4EE467BF1EE10FA0BD09FEDD4
:1097E0000A6BB4EE467BF1EE10FAE6D14FF0FF3291
:1097F0006FF48013DDE7074B4FF0FF32D9E700BF6E
:10980000000000000000F07F000000000000F0FFFA
:1098100074680508FFFFEF7F08B50346002208467D
:109820001A600449D6F75CFD10B10348F2F70CF951
:1098300008BD00BF3C3F05087868050800230360A9
:109840007047009B1A60039B019A1A6003207047BF
:10985000009B03201A607047012070470120704769
:10986000981A009B984228BF1846704700207047FE
:1098700010B5064B044640F8083BFFF7DFFF044BEA
:1098800023602046E5F731FD204610BD0C0B06088D
:109890003C01060810B50446FFF7EAFF2046FFF733
:1098A000A1FB204610BD000010B5064B044640F851
:1098B000083BFFF7C3FF044B23602046E5F715FD87
:1098C000204610BD380B0608F008060810B50446FF
:1098D000FFF7EAFF2046FFF785FB204610BD00009A
:1098E000003910B5054B036018BF012141600446E3
:1098F000E5F71EFDA060204610BD00BF0C0B06085A
:10990000003910B5054B036018BF012141600446C2
:10991000E5F70EFDA060204610BD00BF380B06081D
:109920002DE9F04F0F46D1E9000185B00DF108088F
:109930001446DDE90F6A1D4688E8030004F05AFE6C
:109940002B1B9B104343AAEB0602934232DCAC4232
:10995000A14604D34D4594BF0020012031E042468A
:10996000D9F80010304601F0E9FE421C04F104046D
:1099700003462ED098E803001E4487E80300E6E77C
:10998000D9F80010424601A801F0D8FEB0F1FF3F1F
:1099900004F1040483461CD0AAEB060383420FD3D0
:1099A000024601A9304604F0D8FE98E8030087E893
:1099B00003005E44AC42A146CCD25645E0D3C9E791
:1099C00001200E9BC3F80090119B1E6005B0BDE8FE
:1099D000F08F0220F5E72DE9F7438846D1E9000131
:1099E000E946DDE90B7689E8030015461C46A542E9
:1099F00001D2B74204D3A5422CBF0020012015E0BC
:109A0000621B29464B46384601F074FE411C024653
:109A10000BD0831C11D008B93860012299E80300EB
:109A2000043788E803001544E1E702200A9B1D6023
:109A30000D9B1F6003B0BDE8F0830120F6E708B579
:109A400004F0D8FD431E5842584108BD04F0D2BD71
:109A50002DE9F7430D46D1E90001E94689E8030005
:109A6000DDF8288014461E460027B44202D2B8F121
:109A7000000F03D1384603B0BDE8F0834B46321BDC
:109A80002146002001F036FEC31C0246F2D8012810
:109A900099E8030038BF012285E803001444174405
:109AA00008F1FF38E1E708B50846114603F03AF837
:109AB000031E18BF012343EAA07008BD08461146E3
:109AC0001A4603F043B808B50846114603F055F8A6
:109AD000031E18BF012343EAA07008BD08461146C3
:109AE0001A4603F055B808B50846114603F01AF8AF
:109AF000031E18BF012343EAA07008BD08461146A3
:109B00001A4603F023B808B50846114603F035F8A5
:109B1000031E18BF012343EAA07008BD0846114682
:109B20001A4603F035B813B506220023C0E9012315
:109B300041F20203C360044601A8E6F757F901A900
:109B400004F16C00E5F75CFC01A8E5F74BFC02B002
:109B500010BD6421024690FBF1F301FB130030B904
:109B60004FF4C87192FBF1F301FB132323B912F0F8
:109B7000030F0CBF012000207047000070B500F2F9
:109B80006C740129D8BF013CA0F1460340F26D106E
:109B9000002C00FB03F36FF4EC7026460344B8BFBF
:109BA000E61C03EBA603B5106FF0630094FBF0F026
:109BB0000344192095FBF0F600FB16554FF4C870CE
:109BC00094FBF0F40A4803EBD57330F811102344EA
:109BD0000B4413440720013B93FBF0F2C2EBC2029B
:109BE0009B1A0344B3FBF0F0C0EBC000181A70BD21
:109BF0005C0B060830B5C468252320050B7043BFF5
:109C00002B234B70881C481C630544BF232300F89A
:109C1000013B04F48271B1F5827F03462BD02E25DF
:109C200003F8025B2A2545700AB103F8012B0429C9
:109C300003F1010202D16621197014E0B1F5807FB1
:109C400004F4804004D100280CBF65214521F3E7CE
:109C5000B1F5827F0AD114F4804F1A460CBF6121FE
:109C6000412102F8011B0023137030BD00280CBFF6
:109C700067214721E0E7002AD7D1ECE70139013B12
:109C8000994228BF1946F0B5054606460F1801202F
:109C9000BE4200D010B9695C13440FE016F8010B06
:109CA000D45CA4EB000CDCF1000040EB0C00013BA9
:109CB000EEE713F80109441A60426041934201D073
:109CC0000028F6D14BB2002B05DD13788B428CBFF8
:109CD000002000F00100F0BD126852F80C3CFFF7C4
:109CE000CDBF0000028840F20113934304BF8B688C
:109CF0000C332DE9F04108BF8B6090F900300678F5
:109D0000002B05460C460FDA437813F002031FBF01
:109D10004B69642193FBF1F001FB10336968642007
:109D2000133900FB0133636122F47F7222F00102D8
:109D30005205520DB2F5806F37D106F01803182B7B
:109D400028D0700726D56069524F00F26C70FFF77B
:109D500000FF414201F01A01E2693944002331F861
:109D600002CB944540F3928031075CBF03F1FF3191
:109D70002161F60608D4013B0D2101FB003037F8C4
:109D80001030D21A0132E2602B7823F0180343F02E
:109D900018032B702B782169180701D40B2904D8DC
:109DA000E2686069FFF7EAFEA0612B882E7823F451
:109DB0007E7323F003035B055B0DB3F5806F13D156
:109DC0003207276901D40B2F0ED8606900F26C703E
:109DD000FFF7BFFE0D2202FB00772E4AE36832F840
:109DE0001720013B1344E36116F0600F4CD0B3071A
:109DF0004AD516F00401676923D101223846FFF7DE
:109E0000BDFE86F02008C8F34018A0EB080007222A
:109E1000C0F1070090FBF2F3C3EBC303C01AAB78A9
:109E200003F03F03013BC3EBC3031844A369A3EB57
:109E30000803134493FBF2F2C2EBC2029B1A1844CC
:109E4000E06106F01803182B1ED007F26C70FFF7C4
:109E500080FE104DE269414201F01A0129440023BD
:109E600031F8027B974213DD37075CBF03F1FF3106
:109E70002161F10608D4013B0D2101FB003035F8CA
:109E80001030D21A0132E260BDE8F081013366E79A
:109E90000133E5E75C0B060873B5079B00F1080288
:109EA0000260D3E900530F2B044605EB0306019330
:109EB00006D9002201A9F8F747FA019B2060A360A8
:109EC000206832462946F8F7D4FA019B226863607D
:109ED00000212046D15402B070BD73B500F10802D4
:109EE000079B0260D3E900539A0005EB83060C2A16
:109EF00043F31D030446019306D9002201A9FEF78E
:109F0000B5FD019B2060A360206832462946FEF71C
:109F100042FE20460199FEF79DFD204602B070BD2D
:109F200013B5059B1B680446A3F10C0053F8043CD1
:109F3000002B05DBE9F702FC2060204602B010BDD3
:109F4000002201A9E9F704FCF6E713B5059B1B689D
:109F50000446A3F10C0053F8043C002B05DBE9F7A1
:109F600001FF2060204602B010BD002201A9E9F7E0
:109F700003FFF6E7D2E90023FFF780BE2DE9F047A3
:109F80000C460021814608469846174604F038FBE7
:109F90008246D6F705FA451C2846FFF795F82A466B
:109FA0005146064604F0D9FBD9F81010002004F001
:109FB00027FB089B42463946204603F087FB314683
:109FC0000546002004F01CFB3046FFF70DF805B9EC
:109FD0002570BDE8F087000038B584680546C4BB2D
:109FE000C820E5F7D5F8504B4460C0E90244C0E909
:109FF0000444C0E90644C0E90844C0E90A44C0E991
:10A000000C44C0E90E44C0E91044C0E91244C0E960
:10A010001444C0E91644C0E91844C0E91A44C0E930
:10A020001C44C0E91E440360C0E92044C0E9224446
:10A03000C0E92444C0E92644C0E92844C0E92A44D0
:10A04000C0E92C44C0E92E44C0F8C04080F8C440A8
:10A05000A860AB68354A36499967C3E90222354A98
:10A060003549D967C3E90422344A3549C3F8801019
:10A07000C3E90622334A1A62334A5A62334A9A6261
:10A08000334ADA62334A1A63334A5A63334A9A6369
:10A09000334ADA63334A1A64334A5A64334A9A6455
:10A0A000334ADA64334A1A65334A5A65334A9A6541
:10A0B000334ADA65334A1A66334A5A66334A9A662D
:10A0C000334ADA66334A34491A67344A5A67C3F85E
:10A0D00084103349C3F888103249C3F88C103249D0
:10A0E000C3F890103149C3F894103149C3F898105F
:10A0F0003049C3F89C103049C3E928122F4AC3F8ED
:10A10000A8202F4AC3F8AC202E4AC3F8B0202E4A0C
:10A11000C3F8B4202D4AC3F8B8202D4AC3F8BC2098
:10A120002C4AC3F8C02038BD98000608D46705083B
:10A13000AF690508E3670508B4690508506C0508B0
:10A14000B9690508414B05082A6905082D69050804
:10A150003969050840690508476905084F69050818
:10A160005969050862690508696905087269050881
:10A17000766905087A6905087E6905088269050817
:10A18000866905088A6905088E69050896690508C3
:10A190009F690508A5690508C0690508AB69050838
:10A1A000CA690508D2690508DB690508E46905087C
:10A1B000E8690508EC690508F0690508F46905080F
:10A1C000F8690508FC690508006A0508046A0508BD
:10A1D000086A05080C6A05082DE9F0470C460021BD
:10A1E000814608469846174604F00AFA8246D6F792
:10A1F000D7F8451C2846FEF767FF2A465146064613
:10A2000004F0ABFAD9F81010002004F0F9F9089B1B
:10A2100042463946204604F0CDF931460546002035
:10A2200004F0EEF93046FEF7DFFE05B92560BDE823
:10A23000F087000038B584680546C4BBC820E4F741
:10A24000A7FF504B4460C0E90244C0E90444C0E9A0
:10A250000644C0E90844C0E90A44C0E90C44C0E926
:10A260000E44C0E91044C0E91244C0E91444C0E9F6
:10A270001644C0E91844C0E91A44C0E91C44C0E9C6
:10A280001E440360C0E92044C0E92244C0E92444DC
:10A29000C0E92644C0E92844C0E92A44C0E92C4466
:10A2A000C0E92E44C0F8C04080F8C440A860AB6844
:10A2B000354A36499967C3E90222354A3549D96793
:10A2C000C3E90422344A3549C3F88010C3E90622A1
:10A2D000334A1A62334A5A62334A9A62334ADA621A
:10A2E000334A1A63334A5A63334A9A63334ADA6306
:10A2F000334A1A64334A5A64334A9A64334ADA64F2
:10A30000334A1A65334A5A65334A9A65334ADA65DD
:10A31000334A1A66334A5A66334A9A66334ADA66C9
:10A32000334A34491A67344A5A67C3F884103349A8
:10A33000C3F888103249C3F88C103249C3F8901022
:10A340003149C3F894103149C3F898103049C3F823
:10A350009C103049C3E928122F4AC3F8A8202F4A7D
:10A36000C3F8AC202E4AC3F8B0202E4AC3F8B4205C
:10A370002D4AC3F8B8202D4AC3F8BC202C4AC3F894
:10A38000C02038BD4C0806083CDA0508A4DC0508E6
:10A3900060DA0508B8DC050884DF0508CCDC0508B0
:10A3A00084DA050890DA05089CDA0508CCDA050895
:10A3B000E8DA050804DB050824DB05084CDB0508A2
:10A3C00070DB05088CDB0508B0DB0508C0DB050881
:10A3D000D0DB0508E0DB0508F0DB050800DC05083C
:10A3E00010DC050820DC050840DC050864DC0508F5
:10A3F0007CDC0508E8DC050894DC050810DD0508B0
:10A4000030DD050854DD050878DD050888DD050820
:10A4100098DD0508A8DD0508B8DD0508C8DD0508D4
:10A42000D8DD0508E8DD0508F8DD050808DE0508C3
:10A4300018DE050808B500F08FF9000000487047E5
:10A44000106A05087047000010B5034B036004460E
:10A4500000F030F9204610BDD00B060810B50446B8
:10A46000FFF7F2FF2046FEF7BDFD204610BD0000BD
:10A4700013B51346012B00F10802026008BF0E233A
:10A480004FF0000218BF0D234260027211460BBF4D
:10A4900000930093034B044B0446F8F755F920460C
:10A4A00002B010BD196A0508286A0508024A034966
:10A4B000034800F019B900BF0000002445A40408B7
:10A4C000E400002400487047366A05081368994282
:10A4D00004D153681B1A58425841704700207047F6
:10A4E000704700000048704784700508742A10B552
:10A4F0001ADC572A0CDC4D2A07DC3B2A0CDC242A08
:10A500000EDC0F2A18DC0E2A16D9C0E9002116E04D
:10A510000B4BA2F158040CE00A4BA2F13C0408E0FA
:10A52000A2F12D03012BEFE7A2F17604182CECD851
:10A53000054BE340DB07E8D5044B0260436010BDE8
:10A540009D00BF1F8F080200BF07F101EC0000242F
:10A550007047C0E90021704713B5036814465B6972
:10A560000A460146684698476368019A9A4206D1AE
:10A5700000982368C31A5842584102B010BD002009
:10A58000FBE74B68834204D10868831A584258415C
:10A590007047002070477047704710B50446FEF7BB
:10A5A00021FD204610BD10B50446FEF71BFD2046D8
:10A5B00010BD00002DE9F04300F1080385B00360F1
:10A5C000002304461646436003723C2502AF294629
:10A5D0002046F8F766F8D4F800802A46414630460F
:10A5E00002F0F6FA20B94046D5F7DAFE014603E05C
:10A5F00022280BD16D0000212046F8F752F863683D
:10A60000002BE4D0204605B0BDE8F08398F8003078
:10A61000002BE8D1134BEC4603F108096246186899
:10A620005968E646AEE8030008334B45F446F6D1D8
:10A6300018689B88AEF80430CEF8000013464246F6
:10A640009C46BCE80300BC4510605160634602F1C3
:10A650000802F5D1DCF8000010609CF8043013719A
:10A660000D21C9E7286A050810B50B6886B01B697B
:10A67000044668469847DDE90012204600F060F87D
:10A680006846F7F782FE204606B010BD13B51446A3
:10A690000A4601466846FFF729FF6368019A9A4215
:10A6A00006D100982368C31A5842584102B010BD21
:10A6B0000020FBE77047000010B5064C064907482C
:10A6C000224600F011F8224605490648BDE8104030
:10A6D00000F00AB80000002497A50408EC0000244C
:10A6E00099A50408E80000240B460146184600F02E
:10A6F0008FBF000088422DE9F04104460D4618D076
:10A70000A0B1A1EB000840460021E8F7A5FE00F14A
:10A710000C070646214638462A46E8F709FE414618
:10A720003046E8F78DFE3846BDE8F0810248F1F783
:10A730007EF9024FF7E700BF5366050830CD0124CC
:10A7400013B5044608461146014401AAFFF7D2FF9B
:10A750002060204602B010BD08B5062002F08AFA3B
:10A760000120DEF791FC002301461A46184604F04A
:10A7700011B80000024B0146186800F02DB800BF68
:10A7800070020024024B0146186804F067BE00BF47
:10A790007002002470B50F4E0C463168054611B9A1
:10A7A00003F082FF30602146284603F07DFF431C02
:10A7B00003D14FF0FF34204670BDC41C24F00304C5
:10A7C000A042F8D0211A284603F06EFF0130F2D1E2
:10A7D000EFE700BF98CE01242DE9F843CD1C25F00A
:10A7E000030508350C2D38BF0C25002D064601DB6E
:10A7F000A94204D90C2333600020BDE8F883DFF8B8
:10A80000D48000F069F8D8F800301C4644BB2946D3
:10A810003046FFF7BFFF431C044658D1D8F800402C
:10A820002746002F43D1002C4BD0236839463046B1
:10A8300004EB030903F038FF814542D121686D1A0A
:10A8400029463046FFF7A6FF01303AD023682B4453
:10A850002360D8F800305A6862BBC8F800700FE077
:10A860002268521B20D40B2A17D96119A3422560F4
:10A8700018BF5960636808BFC8F8001062514B6088
:10A88000304600F02FF804F10B00231D20F00700E4
:10A89000C21A1CBF1B1AA350AFE76268A3420CBFC9
:10A8A000C8F800205A60EBE723466468AEE73C46F0
:10A8B0007F68B6E71A465B68A342FBD1002353606A
:10A8C000DEE70C233360304600F00CF894E70560B7
:10A8D000D6E700BF9CCE0124014803F033BF00BF80
:10A8E00006D00124014803F02FBF00BF06D0012489
:10A8F00070B504460D46164645EC104B05F006FDB6
:10A900007EB1C5F30A53C3F16B03002B09DD1B05B0
:10A9100003F17F51002001F5401141EC170B20EEAF
:10A92000070B70BD000000002DE9F04F2DED0A8BE4
:10A9300097B088460E920022129205904FF0000ABE
:10A940004FF0000B0A46119211782B294CD039D8C0
:10A950000D2933D8082933D800293CD00022089289
:10A96000119D2A78302A40F0B7806A7802F0DF0221
:10A97000582A70D10293089B019312AB0093904A1E
:10A98000059813AB11A904F01BFE10F00F06044646
:10A9900005D0062E2AD101350023119508930E9B70
:10A9A000002B40F03785089B4BEC10ABCBB1B1EEE0
:10A9B000400B17B0BDEC0A8BBDE8F08F2029CDD13C
:10A9C0000132C0E72D29C9D101210891511C1191F3
:10A9D0005278002AC4D10E9BCDF84480002B40F061
:10A9E00017854BEC10ABE4E70021EEE7129A3AB181
:10A9F000352114A805F081FD1299059805F05AF942
:10AA0000731E139A042B06D8DFE803F014031D20ED
:10AA10001400DDE914ABE30548BF4BF0004B2BF00D
:10AA200000431B0D1B05002BB9D103F05FFE222351
:10AA30000360B4E7DDE914A302F2334223F4801388
:10AA400043EA025BE7E7DFF880B1E4E76FF0004B31
:10AA50004FF0FF3ADFE7119B5A1C11925B78302BC5
:10AA6000F9D0002B9BD001230793119B0A9300235D
:10AA7000069399461D460A2211980478A4F13003E2
:10AA8000D9B209292AD94F49012202F04DF898B3C9
:10AA9000002022462B4607460146652A01D0452A5A
:10AAA00018D11BB9079B034395D00023DDF84480E0
:10AAB00008F10102119298F801202B2A74D02D2A56
:10AAC0007AD04FF0000EA2F13004092C40F28280BF
:10AAD000CDF8448000249DE00023C5E7082DC8BFC1
:10AAE000069900F10100CABF02FB013302FB0939DC
:10AAF000069301351190BFE7119B5A1C11925A78A9
:10AB0000BDB307462B46A2F13001092912D9012114
:10AB1000C3E7119B5A1C11925A780130302AF8D0A1
:10AB2000A2F13103082B00F27A84119B0A930746A5
:10AB300000200346303A00F1010114D00F449C4636
:10AB40004FF00A0E0CF10104E61AB14213DC20EAC0
:10AB5000E0701918082903F10103034419DC0A21E4
:10AB600001FB09290021119A501C119052780846C6
:10AB7000C9E72846D2E7BCF1080F03DC0EFB09F950
:10AB8000A446DFE7102CDEBF069E0EFB06F60696F7
:10AB9000F6E70F29DFBF06980A2101FB0022069283
:10ABA000E0E7002701217DE74FF0000E08F10202E7
:10ABB000119298F8022086E74FF0010EF6E700BFE9
:10ABC000E80C06083E6A05080000F07F119A541C44
:10ABD00011945278302AF9D0A2F13104082C3FF6B2
:10ABE00079AFA2F1300C119A0992119A541C119468
:10ABF0005278A2F13006092E37D9099EA41B082CE1
:10AC000044F61F6402DC6445A8BF6446BEF1000F31
:10AC100000D06442002B4DD1079B18437FF4BFAE98
:10AC200000297FF4D8AE692A27D024DC492A24D011
:10AC30004E2A7FF4D0AE974911A804F0E3FE002815
:10AC40003FF4C9AE119B1B78282B2DD1924914AA31
:10AC500011A804F0EBFE052826D1159BDDF850A0C5
:10AC600043F0FF4B4BF4E00B99E60A2404FB0C2C59
:10AC7000ACF1300CB9E76E2ADBE7884911A804F083
:10AC8000C1FE00283FF4A7AE119B8549013B11A8E6
:10AC9000119304F0B7FE10B9119B01331193DFF843
:10ACA00014B24FF0000A7AE67E4803F065FD5BECD3
:10ACB00010AB74E607EE909AE21BB8EE677B002DAE
:10ACC00008BF1D46102B09921A46A8BF1022092B57
:10ACD0005BEC17AB15DCE11B00293FF460AEA4EB85
:10ACE000070172DD162959DC6F4B099A03EBC20389
:10ACF00093ED007B4BEC16AB27EE067B5BEC17ABC2
:10AD00004DE66949DDED066A01EBC20111ED125B0A
:10AD10000F2BB8EE666BA7EE056B5BEC16ABDADDBE
:10AD20009A1AE11B0A44002A40F3948012F00F00A3
:10AD30000AD05D4901EBC00191ED007B4BEC16ABF5
:10AD400027EE067B5BEC17AB32F00F0273D0B2F547
:10AD50009A7F47DD0024254607942646059ADFF8AA
:10AD600054B1222313604FF0000A079B002B3FF4DD
:10AD700016AE1299059804F09DFF0598314604F02F
:10AD800099FF0598294604F095FF0799059804F066
:10AD900091FF0598214604F08DFF00E6C3F12501DF
:10ADA000E01B8142BCDB404AC3F10F0302EBC3014D
:10ADB00091ED007B09994BEC16ABCB1A02EBC30269
:10ADC00027EE067B92ED006B96E71631A8DB364B3B
:10ADD0003C1B03EBC40494ED007B4BEC16AB86EEFE
:10ADE000077B8BE700204BEC17AB304E121101466E
:10ADF000012A23DC08B15BEC17AB2C4A2C4802EB90
:10AE0000C10292ED007BABF1547B4BEC16AB294AAF
:10AE100027EE067B17EE901A0A4082425BEC17ABD6
:10AE200098D8A0F58010824286BFDFF88CB04FF032
:10AE3000FF3A01F1547B0022069276E012F0010FF6
:10AE400004D096ED006B012027EE067B01315210F5
:10AE50000836CDE7EFD0524212F00F000AD0124967
:10AE600001EBC00191ED007B4BEC16AB86EE077B4E
:10AE70005BEC17AB1211DED01F2A1FDD0024254624
:10AE800007942646059A22234FF0000A4FF0000B44
:10AE900013606AE7E5690508D40C0608146B050819
:10AEA000546C0508506C0508600F0608380F06083A
:10AEB0000000A07C0000F07FFFFFEF7F12F0100188
:10AEC00018BF6A2106914BEC17ABAF490020D6079B
:10AED00004D591ED006B012027EE067B521001F1A5
:10AEE0000801F4D108B15BEC17AB069AB2B1CBF311
:10AEF0000A51C1F16B02002A58460FDD1F2A55DDA9
:10AF0000342ADEBF4FF0FF32C1F14B018A404FF0CF
:10AF1000000ACCBF4FF05C7B02EA000B4BEC17AB96
:10AF2000B5EE407BF1EE10FAA8D00A990598CDF85D
:10AF300000902A4604F026FF079000283FF40AAF4D
:10AF4000099B3F1B002BB4BF3B4600230A93099B80
:10AF50009FED89BB23EAE37300240D932546079BED
:10AF60000598596804F066FE064600283FF4F6AEE0
:10AF7000079B1A694BEC19AB023203F10C019200EA
:10AF80000C3003F0EAFBB0EE490B059814AA13A9A4
:10AF900005F02CFA129000283FF4E0AE059801214C
:10AFA00004F086FF054640B90025D7E64FF0FF3193
:10AFB00001FA02F202EA0A0AB0E7139F149A002F7C
:10AFC000ABBF0A9B0D9BDDF83480DDF82890ACBF49
:10AFD00007EB0309A3EB0708069BFF1A1744C2F10E
:10AFE00036036A4A013F974251DAD11B1F29A3EB6E
:10AFF00001034FF001023EDC8A400C9200220B92CA
:10B0000009EB03079844069BB94598444B46A8BFF3
:10B010003B464345A8BF4346002BC2BFFF1AA8EBDF
:10B020000308A9EB03090A9B002B16DD29460598A6
:10B030001A4604F0F5FF05460028B5D00146129ADD
:10B04000059804F04BFF0F9000283FF487AE12994B
:10B05000059804F02FFE0F9B1293002F1BDC099B19
:10B06000002B21DD31460D9A059804F0D9FF0646E4
:10B07000D0B9002672E6C7F17F4707F57F0707F5CD
:10B080007B47E23702FA07F10B910C92B8E70022F6
:10B090000B920122F9E7129905983A4605F01AF841
:10B0A00012900028DBD159E6B8F1000F07DD3146D8
:10B0B0000598424605F00EF806460028D9D0B9F1A9
:10B0C000000F08DD294605984A4605F003F80546B5
:10B0D00000283FF443AE12990598324605F082F8F5
:10B0E000044600283FF43AAE0023D0F80C80C36039
:10B0F000294605F05BF800284CDA58EA0A0872D1B4
:10B10000CBF31303002B6ED12BF000431B0D1B055B
:10B11000B3F1D66F67D9636913B92369012B62DD77
:10B1200021460122059804F0D5FF2946044605F082
:10B130003DF8002857DD2BF00043069A1B0D1B0538
:10B14000002A6ED0B3F1D66F6BD8B3F15C7F7FF677
:10B1500099AE9FED0B7B4BEC16AB0D4B26EE077BB0
:10B1600017EE902A13405BEC17AB002B7FF401AE77
:10B17000059A22231360FCE50000C0FFFFFFDF41BA
:10B180000000000000005039000D060802FCFFFF1F
:10B190000000F07FD9465DD1CBF31303B8F1000F67
:10B1A0002AD0A94A93422AD1069B5246FBB1A74B0B
:10B1B0000BEA0303B3F1D46F4FF0FF311AD81B0D24
:10B1C000C3F16B0301FA03F39A4218D1A04B9945DE
:10B1D00002D101323FF4C2AD9C4B09EA030303F5EF
:10B1E000801B4FF0000A069B002BB2D1C1E54FF047
:10B1F000FF33E9E70B46E7E753EA0A039BD00B9BD3
:10B20000C3B113EA090FEED0069A50465946B8F179
:10B21000000F13D0FFF76CFB39EE007B5BEC17AB34
:10B22000E1E7A3F580136FEA135B6FEA0B5B4FF066
:10B23000FF3AD8E70C9B13EA0A0FE4E7FFF758FB45
:10B2400039EE400BB5EE400BF1EE10FA5BEC10ABB3
:10B25000C9D117E62946204605F020F9B0EE007B5B
:10B26000B4EEC70BF1EE10FA5DD8B8F1000F64D15F
:10B27000BAF1000F4BD1CBF31303B7EE008B002BC9
:10B2800060D1B4EEC80BB6EE008BF1EE10FA01D42B
:10B2900020EE088BB1EE48AB6C486E4909EA000716
:10B2A0008F4253EC1A2B7DD1A9F1547B4BEC1CAB94
:10B2B000B0EE4C0B05F02AF86448A0EE0ACB1CEE69
:10B2C000903A654A03EA000191425BEC1CAB3CD921
:10B2D00019EE902A5E4B9A4204D119EE103A0133CE
:10B2E0003FF43CADDFF868B14FF0FF3A1299059892
:10B2F00004F0E0FC0598314604F0DCFC0598294692
:10B3000004F0D8FC0598214604F0D4FC27E6BAF1F5
:10B31000010F03D1BBF1000F3FF4B4ADBFEE00ABA2
:10B32000B7EE008BB8E7B6EE008B20EE088BB8F1D5
:10B33000000FAFD0B0EE48ABAEE7B7EE00ABB0EE6B
:10B340004A8BA9E7BFEE00ABA6E703F1547B069B4F
:10B35000D946002BCAD12BF000431B0D1B059F4281
:10B36000C4D151EC180BD5F705FBD5F7AFF9CBF3EA
:10B37000130941EC170B49EA0A0959EA080938EEA2
:10B38000478B3CD09FED2A7BB4EEC78BF1EE10FAD1
:10B390003FF5EFAC9FED287BB4EEC78BF1EE10FAD2
:10B3A000A4DDE6E40699E1B1B7F1D46F19D8B4EEA3
:10B3B000CB8BF1EE10FA11D8BCEEC88B18EE103A18
:10B3C000012B38BF012308EE103AB8EE488BB8F1D4
:10B3D000000F11D1B1EE487B53EC172B03F1D6616E
:10B3E000CB1BB0EE490B43EC1A2B04F08FFFAAEEF7
:10B3F000009B5BEC19ABAAE7B0EE487BECE79FED56
:10B40000107BB4EEC78BF1EE10FA7FF56FAFB0E4AE
:10B41000002308930E9A119B1360FFF7C4BA652AA4
:10B420003FF4BFAB452A3FF4BCAB0121FFF7F4BBAF
:10B430009535A094FFFFDF3F35E5AF350000E03FD5
:10B440009535A094FFFFCF3FFFFF0F000000F07F76
:10B45000FFFFEF7F0000E07FFFFF9F7C014BFFF7C6
:10B4600063BA00BF040100240A4601460248034BA8
:10B470000068FFF759BA00BF7002002404010024DD
:10B4800010B5214C214B0A4601462068FFF74CFAC3
:10B49000B4EE400BF1EE10FAB0EE407B0DD717EE94
:10B4A000903A002B1A4804DA03F06EF9B1EE400A24
:10B4B00010BDBDE8104003F067B9B7EEC00BDFED7B
:10B4C000156AB0EEC06AB4EE666AF1EE10FA08DDF5
:10B4D000B0EEC76B9FED0A5BB4EE456BF1EE10FA70
:10B4E0000ADD10EE103A13F0FF4FE1D117EE902A6B
:10B4F000094B1340002BDBD0236822221A60D7E7C8
:10B50000FFFFFFFFFFFFEF7F700200240401002414
:10B51000506C0508FFFF7F7F0000F07F2DE9F043AE
:10B52000344E86460D46284615F8014B375D17F018
:10B530000807F8D12D2C10D12C780127851C33F069
:10B54000100015D1302C0DD1287800F0DF005828DC
:10B5500008D16C78023510230AE02B2C04BF2C781C
:10B56000851CECE7002BF6D1302C14BF0A230823EE
:10B570004FF0FF380026B8FBF3F803FB08F96FEA39
:10B5800009093046A4F1300CBCF1090F10D864460B
:10B59000A3421EDDB6F1FF3F07D0804516D301D18F
:10B5A000A14513DB00FB0340012615F8014BE9E739
:10B5B000A4F1410CBCF1190F01D8373CE8E7A4F124
:10B5C000610CBCF1190F04D8573CE1E74FF0FF368E
:10B5D000EBE7731C06D12223CEF80030304632B997
:10B5E000BDE8F08307B14042002AF9D006B1691ED8
:10B5F0001160F5E7290D0608FFF790BF13460A46CC
:10B60000014602480068FFF789BF00BF70020024AE
:10B6100010B504460448134620B10A4602202146CC
:10B6200003F0B8F810BD00BF95E70408F0B5431C5F
:10B6300087B003D14FF0FF3007B0F0BD1C4D8DF83F
:10B640000B0004AE08220021304601F047FA2F68B3
:10B650007C6CFCB95020FFF78DF80246786420B965
:10B66000144B1548182103F0F5F82B685B6CC3E9FF
:10B670000044C3E90244C3E90444C3E90A44C3E9FA
:10B680000C44C3E90E44C3E91044C3E912449C616D
:10B690001C775C62094B0096D3F8E44028680123CC
:10B6A0000DF10B0203A9A0470128C3D80398C3E7F3
:10B6B00070020024406A0508576A05080401002446
:10B6C000F7B50A4C089ED4F8E47000960546144677
:10B6D00012B9074A01232146B847431C01BF002382
:10B6E00033608A232B6003B0F0BD00BF0401002447
:10B6F000506C050807B5009313460A4601460348F7
:10B700000068FFF7DDFF03B05DF804FB7002002462
:10B71000F0B5094C85B0D4F8E07005461E4609B96D
:10B720000A4601A9B847431C01BF002333608A239E
:10B730002B6005B0F0BD00BF0401002413460A468B
:10B74000014602480068FFF7E3BF00BF7002002413
:10B750007FB5431C054603D14FF0FF3004B070BDE8
:10B76000082200210DEB020001F0B8F9174B1E680A
:10B77000746CECB95020FEF7FDFF0246706420B9EE
:10B78000134B1448162103F065F8C0E90044C0E9E2
:10B790000244C0E90444C0E90A44C0E90C44C0E9D9
:10B7A0000E44C0E91044C0E9124484610477446245
:10B7B000094B2A46D3F8E04001A902AB3046A04726
:10B7C0000128C9D19DF80400C8E700BF7002002419
:10B7D000406A0508B06A050804010024024B0344CE
:10B7E000587800F008007047280D0608034B1B5CD2
:10B7F00003F00303012B08BF20307047290D060812
:10B8000001390B291FD8DFE801F006080A0C0E10D9
:10B81000121416181A1C04F0C6BF04F0D1BF04F0AD
:10B82000DDBF04F0F1BF00F010B800F014B800F074
:10B8300023B800F033B800F03FB800F04BB800F088
:10B8400057B800F067B800207047303809288CBF1F
:10B85000002001207047002100F000B838B50446F0
:10B860000D4600F01FF830B12946204600F036F8AA
:10B87000B0FA80F0400938BD002100F001B80000A6
:10B88000FF2807D8044B185C00F00300831E5842C1
:10B890005841704700207047290D0608002100F02C
:10B8A00001B80000FF289DBF024B185C00F0970014
:10B8B00000207047290D0608002100F001B80000A3
:10B8C000FF289DBF024B185C00F01000002070475D
:10B8D000290D0608002100F001B80000FF289DBFD7
:10B8E000024B185C00F0080000207047290D060884
:10B8F000002100F001B80000FF2807D8044B185CB5
:10B9000000F00300431E5842584170470020704722
:10B91000290D0608A0F13003092B07D920F02000DB
:10B92000413805288CBF0020012070470120704756
:10B93000FE2806D8034B1B5C03F00303012B08BF52
:10B9400020307047290D0608FE2806D8034B1B5CE3
:10B9500003F00303022B08BF20387047290D0608A7
:10B9600038B50B78613B05460C46172B5ED8DFE8EF
:10B9700003F00C1A22295D5D305D5D5D5D375D5D14
:10B980005D3E5D5D4A5D515D5D582D492046D4F7B1
:10B99000A7FC00284ED02B492046D4F7A1FC002854
:10B9A00044D1022045E028492046D4F799FC0028DC
:10B9B0003CD103203DE025492046D4F791FCA8BBAB
:10B9C000042036E022492046D4F78AFC70BB0520CB
:10B9D0002FE020492046D4F783FC38BB062028E01E
:10B9E0001D492046D4F77CFC00BB072021E01B4901
:10B9F0002046D4F775FCF8B119492046D4F770FCFD
:10BA0000A0B9092015E017492046D4F769FC68B9A8
:10BA10000A200EE014492046D4F762FC30B90B200E
:10BA200007E012492046D4F75BFC38B116232B609F
:10BA3000002038BD0120FCE70820FAE70C20F8E7D9
:10BA4000AD6705089A670508096B0508886705084A
:10BA5000A7670508B36705089467050882670508A6
:10BA6000A0670508B46E05088E670508A667050877
:10BA7000024B01461868FFF773BF00BF7002002435
:10BA8000F0B52DED028BB0EE408B85B017460D9DC5
:10BA90000C9E18EE902A25F02005002AB6BF2D2214
:10BAA0000022B1EE408B462D0C461A7004D0452D75
:10BAB00000D10134022100E0032103AB019302AB6A
:10BAC000009322463346B0EE480B02F069FF472D43
:10BAD00014D1FB070AD50219B5EE408BF1EE10FA2E
:10BAE00008BF03923021039B934219D3039B0E9A04
:10BAF0001B1A136005B0BDEC028BF0BD462D00EBA8
:10BB00000402E9D10378302B07D1B5EE408BF1EE7A
:10BB100010FA1CBFC4F10104346033681A44DBE737
:10BB20005C1C03941970DEE7F7B50029BABF4942DF
:10BB30002D232B2309290270437029DD0DF1070302
:10BB40001D460A271A46B1FBF7F607FB16143034D8
:10BB500002F8014C0C46632C03F1FF333146F1DC53
:10BB60003031941E03F8011C411C2346AB420AD31A
:10BB70000DF109039B1AAC4288BF00230233034432
:10BB8000181A03B0F0BD13F8016B01F8016FEDE76F
:10BB9000302330318370C170031DF1E700000000D5
:10BBA0002DE9F04F8DB00C46DDF8588016461F4643
:10BBB000054602F02DFDD0F800B05846D4F7F0FB52
:10BBC00000230A93D8F8003094F818902268059062
:10BBD000073323F0070303F10801C8F8001093EDC1
:10BBE000000B9FED976BB0EEC07BB4EE467BF1EEA1
:10BBF00010FA84ED120B24DDB5EEC00BF1EE10FA55
:10BC000002D52D2384F843308F49904BB9F1470F6B
:10BC10008CBF8846984622F00402032323612260E9
:10BC20004FF0000A009733460BAA2146284600F041
:10BC3000D1F9013040F089804FF0FF300DB0BDE800
:10BC4000F08FB4EE400BF1EE10FA09D710EE903AF7
:10BC5000002BBCBF2D2384F843307D497D4BD5E7B5
:10BC60006368591C09F0DF0A39D10623636042F486
:10BC700080620023226003930AABCDE9019309ABF4
:10BC8000009361680DF123032846FFF7F9FEBAF12E
:10BC9000470F0999804629D1C81C02DB6368994285
:10BCA00041DDA9F102095FFA89F901394A4604F137
:10BCB00050000991FFF738FF0A9A1318012A8246AB
:10BCC000236102DC2268D20701D5013323619DF88C
:10BCD0002330002BA6D02D2384F84330A2E7BAF1FD
:10BCE000470FC4D1002BC2D10123BFE7B9F1650FC3
:10BCF000DBD9B9F1660F18D1002963680BDD21612A
:10BD000013B92268D00702D501330B442361A16522
:10BD10004FF0000ADBE713B92268D20701D50233DE
:10BD2000F4E70123F2E74FF067090A9B994205DB2C
:10BD300023682161D807EAD54B1CE7E70029D4BF67
:10BD4000C1F1020201221344E0E723685A0507D437
:10BD50002369424631462846B84701302AD16BE76D
:10BD6000B9F1650F40F2E08094ED127BB5EE407BB7
:10BD7000F1EE10FA33D1384A012331462846B8474C
:10BD800001303FF459AFDDE90938434502DB236850
:10BD9000D8070FD5059B5A4631462846B84701308B
:10BDA0003FF44AAF4FF0000908F1FF3804F11A0AD6
:10BDB000C84509DC23689B0700F10781E0680B9BFD
:10BDC0009842B8BF184639E7012352463146284603
:10BDD000B84701303FF430AF09F10109E8E7099BAA
:10BDE000002B3BDC1C4A012331462846B847013072
:10BDF0003FF422AFDDE9093959EA030302D1236890
:10BE0000D907D7D5059B5A4631462846B847013051
:10BE10003FF412AF4FF0000A04F11A0B099B5B428A
:10BE2000534501DC4B4694E701235A4631462846E8
:10BE3000B84701303FF400AF0AF1010AEEE700BF56
:10BE4000FFFFFFFFFFFFEF7F136B05080F6B050878
:10BE50001B6B0508176B0508B53C0508A36DDDF8DD
:10BE600028A05345A8BF5346002B994637DC002332
:10BE7000079329EAE97904F11A02A36D0799069359
:10BE8000A3EB09038B4231DC099B9A453BDC236819
:10BE9000DA0738D4099BAAEB0309069BAAEB030334
:10BEA0009945A8BF9946B9F1000F34DC4FF000085E
:10BEB00029EAE97904F11A0B099BAAEB0303A3EB26
:10BEC000090343457FF776AF01235A46314628469A
:10BED000B84701303FF4B0AE08F10108ECE7424644
:10BEE00031462846B8470130C1D1A5E60123314685
:10BEF00028460692B84701303FF49EAE079B069A4B
:10BF000001330793B9E7059B5A4631462846B8479F
:10BF10000130BFD190E6069A4B464244314628464E
:10BF2000B8470130C2D187E6DDF82890B9F1010F9A
:10BF300001DCDB0736D50123424631462846B847A7
:10BF400001303FF479AE059B5A4631462846B84742
:10BF500001303FF471AE94ED127BB5EE407BF1EE13
:10BF600010FA09F1FF3918D04B4608F101023146A9
:10BF70002846B84701300CD15EE601235A463146C7
:10BF80002846B84701303FF457AE08F10108C845CC
:10BF9000F3DB534604F15002DCE64FF0000804F1F5
:10BFA0001A0BF4E701234246E1E701234A463146F2
:10BFB0002846B84701303FF43FAE08F10108E36876
:10BFC0000B995B1A4345F0DCF8E64FF0000804F1EA
:10BFD0001909F4E72DE9F047164698468A680B6977
:10BFE000DDF820909342B8BF1346336091F84320A8
:10BFF00007460C460AB1013333602368990642BFF5
:10C00000336802333360256815F0060506D104F164
:10C01000190AE36832689B1AAB4226DC94F8433075
:10C020002268003B18BF012392062BD404F143027F
:10C0300041463846C84701301ED02368226903F0C4
:10C040000603042B02BFE5683368ED1AA3680CBF32
:10C0500025EAE57500259342C4BF9B1AED1800261A
:10C060001A34B5421AD1002008E001235246414655
:10C070003846C847013003D14FF0FF30BDE8F087A4
:10C080000135C6E7E1185A1C302081F843002244EC
:10C0900094F8451082F843100233C7E70123224683
:10C0A00041463846C8470130E6D00136D9E700009E
:10C0B0002DE9FF470F7E0C9E782F914680460C4657
:10C0C0009A4601F1430207D8622F0AD8002F00F0E8
:10C0D000D180582F00F0B88004F1420684F84270F5
:10C0E0003AE0A7F16303152BF6D801A151F823F02C
:10C0F00049C104085DC10408D9C00408D9C00408B6
:10C10000D9C00408D9C004085DC10408D9C0040816
:10C11000D9C00408D9C00408D9C004085BC2040807
:10C1200087C1040815C20408D9C00408D9C004088E
:10C130007DC20408D9C0040887C10408D9C0040816
:10C14000D9C004081DC2040833681A1D1B68326078
:10C1500004F1420684F8423001239CE033682068F1
:10C16000191D3160060601D51D6803E04506FBD5A3
:10C17000B3F90050002D03DA2D236D4284F84330CB
:10C1800058480A2311E021683368080653F8045B15
:10C1900002D4490648BFADB26F2F5248336014BF76
:10C1A0000A230823002184F843106668A660002E45
:10C1B00005DB21682E4321F0040121604BD0164697
:10C1C000B5FBF3F103FB1157C75D06F8017D2F4660
:10C1D000BB420D46F4D9082B0BD12368DF0708D5E5
:10C1E000236961689942DEBF302306F8013C06F1FD
:10C1F000FF36921B2261CDF800A04B4603AA2146D0
:10C200004046FFF7E7FE01304AD14FF0FF3004B05F
:10C21000BDE8F087236843F0200323603248782785
:10C2200084F84570236831681F0651F8045B02D416
:10C230005F0648BFADB23160D90744BF43F0200369
:10C2400023601DB11023ADE72648E9E7236823F0FA
:10C2500020032360F6E71646BDE733682568616969
:10C26000181D30602E061B6801D5196002E06806B3
:10C27000FBD51980002323611646BCE733681A1DDD
:10C2800032601E68626800213046D4F739F808B180
:10C29000801B606063682361002384F84330AAE751
:10C2A0002369324649464046D0470130ADD0236825
:10C2B0009B0713D4E068039B9842B8BF1846A6E7D3
:10C2C0000123324649464046D04701309DD00135D2
:10C2D000E36803995B1AAB42F2DCEBE7002504F15B
:10C2E0001906F5E7BD6805081F6B05082DE9F04F35
:10C2F00087B0914603938B685A1EB2F5AE7F81BF1B
:10C300006FF4AE7503EB050B40F25D138B600B68A9
:10C310000A464FF0000543F4F06342F81C3BCDE9B8
:10C32000045580460C4698BF4FF0000B019216460C
:10C33000AA462F460295A2685AB1D9F800301B7858
:10C340004E2B63D8402B3BD8A3F12B01C8B20E284B
:10C3500039D91FB1236823F4807323600AF1FF3AAF
:10C36000BAF1010F00F21481019B9E4200F2058197
:10C37000012007B0BDE8F08FA3F161020D2AE8D8D3
:10C3800001A151F822F000BFD1C4040853C304082E
:10C3900053C3040853C304082DC5040807C5040883
:10C3A00053C3040853C30408DFC4040853C3040878
:10C3B00053C3040853C3040853C304089BC40408AC
:10C3C000A3F14102DAE70E29C3D801A050F821F009
:10C3D0008BC4040853C304088BC404081BC5040899
:10C3E00053C304082DC4040871C4040871C40408AC
:10C3F00071C4040871C4040871C4040871C4040839
:10C4000071C4040871C4040871C404086E2B09D8EF
:10C41000602BB1D8542B7BD0592B9AD1072D98D1B2
:10C4200008252FE0742B73D0792BF6E72168C80517
:10C430001ED521F0800121600137BBF1000F03D030
:10C4400001320BF1FF3BA260A368013BA3602369AB
:10C4500001332361D9F80430013B002BC9F80430C3
:10C4600040F38280D9F800300133C9F8003062E728
:10C470001AEB05017FF46DAF226822F4C0722260CE
:10C480000D468A4606F8013BDEE7226810067FF576
:10C4900060AF22F080022260F4E7BAF1000F0CD105
:10C4A00077B9226802F4E061B1F5E06F08D122F4B7
:10C4B000F06222604FF0010AE4E7BAF1020F50D0B7
:10C4C000012D02D0042D7FF444AF0135EDB2D9E740
:10C4D000BAF1010F7FF43DAF4FF0020AD2E775B910
:10C4E000002F7FF437AF226802F4E061B1F5E06F0E
:10C4F00040F0FC8022F4F06222600125C2E7032DA7
:10C50000E3D0052DDFE7022D7FF423AF0325B9E744
:10C51000062D7FF41EAF0725B4E7226891057FF54D
:10C5200018AF22F4207222600297ABE7226802F46F
:10C53000A061B1F5806F05D050057FF50AAF002FDF
:10C5400000F0D480910558BF029922F4F06258BFE0
:10C55000791A42F4C07258BFCDE904162260002750
:10C5600090E74FF0030A8DE7D4F880314946404602
:10C57000984700283FF4DFAEEBE6D4F87C3116F89C
:10C58000011D4A46404698472369013B2361EBE67B
:10C590006B1E062B24D8022D36D8019B9E427FF6B7
:10C5A000E7AED4F87C3116F8011D4A46404698475C
:10C5B0002369013B2361F0E7D4F87C311BF8011DAE
:10C5C0004A46404698472369013B23610AF1FF3AF6
:10C5D0005FFA8AFABAF1020FEED1033DEDB2761B93
:10C5E0002368DA0530D55B0511D5019B9E427FF6A5
:10C5F000BFAED4F87C3116F8011D4A464046984734
:10C600002369013B2361F0E7AA46B346DEE716F84B
:10C61000011C2369652903F1FF3306F1FF3523610E
:10C620000CD045290AD0D4F87C314A464046984778
:10C63000236916F8021C013BB51E2361D4F87C3136
:10C640004A46404698472E46226812F0100201D012
:10C6500000208EE63270236803F4C063B3F5806F68
:10C6600023D1029B9F420AD0DA1B04F26F139E4231
:10C6700028BF04F5B7761E49304600F035F9019918
:10C6800000224046FEF7EAFE039B21681B6811F07A
:10C69000020F03F1040215D003990A601B6883EDB1
:10C6A000000BE3680133E360D2E7049B002BE6D084
:10C6B00005990A230131404603F0DEFF049B059EE5
:10C6C000C21AD2E711F0040F03990A60E6D1B4EE62
:10C6D000400BF1EE10FA1D6805D7064802F054F839
:10C6E00085ED000ADDE7B7EEC00BF9E7002735E678
:10C6F000306B0508506C0508002310B50446C0E9EE
:10C700000033C0E90433836081814366C281836161
:10C71000194608225C3000F0E1F90D4B63620D4BC5
:10C72000A3620D4BE3620D4B23630D4B24629C42CD
:10C7300006D003F16802944202D0D0339C4205D166
:10C7400004F15800BDE8104001F0FABF10BD00BF71
:10C7500085C90408ABC90408E3C9040807CA04086A
:10C76000A0CE0124024A0349034800F069B800BF83
:10C77000F0000024191205087402002441680C4BD3
:10C78000994210B5044601D004F046FDA168094B5A
:10C79000994202D0204604F03FFDE168064B9942E1
:10C7A00004D02046BDE8104004F036BD10BD00BFE7
:10C7B000A0CE012408CF012470CF012410B50B4B6B
:10C7C0000B4C0C4A1A60204600220421FFF794FF0C
:10C7D00004F1680001220921FFF78EFF04F1D00067
:10C7E0000222BDE810401221FFF786BFD8CF0124F6
:10C7F000A0CE012465C70408014801F0A3BF00BF13
:10C8000008D00124014801F09FBF00BF08D00124D7
:10C8100010B50446FFF7F0FF236A1BB1BDE81040D6
:10C82000FFF7F0BF044B2362044B1B68002BF5D1CC
:10C83000FFF7C4FFF2E700BF7DC70408D8CF01248B
:10C840002DE9F8430746884614460026D4E90195A9
:10C85000B9F1010905D52468002CF7D13046BDE8AF
:10C86000F883AB89012B07D9B5F90E30013303D01A
:10C8700029463846C04706436835E9E70CB430B569
:10C88000184B0C1E1D689DB008DA8B232B604FF0EF
:10C89000FF301DB0BDE8304002B070474FF4027366
:10C8A000ADF814304FF000031B9314BF04F1FF33B5
:10C8B0002346049307934FF6FF7302900690ADF85A
:10C8C0001630209A21AB02A92846019304F006F8FD
:10C8D000431CBCBF8B232B60002CDAD0029B0022B0
:10C8E0001A70D6E7700200240EB410B59DB01FABCD
:10C8F000029006906FF000410A48079104910A499E
:10C9000053F8042B0591002402A9006801931B949D
:10C9100003F0E4FF029B1C701DB0BDE8104003B0A3
:10C92000704700BF700200240802FFFF0EB470B50C
:10C930009DB021AC00254FF4017254F8046BADF8A2
:10C9400014201B9502900690D3F72AFD0B4B039001
:10C9500007900B480B934FF6FF73ADF81630324635
:10C96000234602A900680F951495019404F00CF970
:10C970001DB0BDE8704003B0704700BFA7C90408F0
:10C980007002002410B50C46B1F90E1001F066FEDD
:10C990000028ABBF636DA3891B1823F48053ACBF81
:10C9A0006365A38110BD002070472DE9F0411F464B
:10C9B0008B89DB0505460C46164605D5B1F90E10E8
:10C9C0000223002201F038FEA389B4F90E1023F4EB
:10C9D0008053A38132463B462846BDE8F04101F032
:10C9E00073BE10B50C46B1F90E1001F025FE431CC4
:10C9F000A38915BF606523F4805343F48053A3815A
:10CA000018BFA38110BDB1F90E1001F005BE30B5FD
:10CA10001446002C9BB005461A4605DA8B230360AA
:10CA20004FF0FF301BB030BD4FF40273ADF80C3047
:10CA30004FF00003199314BF04F1FF332346029310
:10CA400005934FF6FF7300910491ADF80E306946DF
:10CA50001E9B03F043FF431CBCBF8B232B60002CA9
:10CA6000E0D0009B00221A70DCE7000007B50093BD
:10CA700013460A46014603480068FFF7C8FF03B0A3
:10CA80005DF804FB7002002410B5013902449042A5
:10CA900001D1002005E0037811F8014FA34201D035
:10CAA000181B10BD0130F2E7884210B501EB0204FB
:10CAB00002D98442234607D8431EA14208D011F868
:10CAC000012B03F8012FF8E7024401468A4200D106
:10CAD00010BD13F8014D02F8014DF7E7024403467B
:10CAE000934200D1704703F8011BF9E710B50246E5
:10CAF000147813460132002CFAD1013B11F8012BB6
:10CB000003F8012F002AF9D110BDC9B20346184617
:10CB100013F8012B12B18A42F9D17047002918BFCE
:10CB200000207047D3F7DCBB10B56AB10139841817
:10CB300010F8012B11F8013F9A4203D1A04201D015
:10CB4000002AF5D1D01A10BD1046FCE730B50446D6
:10CB500000200B46904213F8015B08D10B461C786D
:10CB60001A460133002CFAD1401A104430BD255426
:10CB7000002DFBD001301946EBE704F0E3BD02467F
:10CB80001346043219680029FAD1181A8010704728
:10CB900004F0F0BD30B5034600249442184601D19C
:10CBA000002030BD05688D4203F10403F9D0013443
:10CBB000F3E7920001F0D1BD9200FFF775BF0023AB
:10CBC000934200D1704740F823100133F8E700008A
:10CBD000F7B500270E460197144692B1014610485A
:10CBE00001AB0122006804F0C5FB0546D3F7D8FB72
:10CBF000A04209D3013C22462946304601F0ADFD52
:10CC00003755222003B0F0BD2946304601F09DFD86
:10CC100001980028F6D12B78002B08BF1620F1E7E9
:10CC2000700200241F2938B505460C4604D9162386
:10CC300003604FF0FF3038BDC26B12B152F82130A3
:10CC40004BB9284601F02EFD224601462846BDE894
:10CC5000384001F015BD012B0AD0591C03D1162311
:10CC600003600120E7E7002142F82410204698479E
:10CC70000020E0E7024B01461868FFF7D3BF00BF72
:10CC8000700200244269002A40F26C73A8BF6FF062
:10CC900063031344920705D1642193FBF1F201FB76
:10CCA0001232CAB94FF4C87293FBF2F102FB11338E
:10CCB000B3FA83F35B09D0E90602400000EB0210EF
:10CCC000184441F2A263984227D011DC01280ADC03
:10CCD000C043C00F404270470123ECE7104BC340F4
:10CCE00043F3000070470A381728F7D9002070472F
:10CCF00041F2B463984206DC41F2B1639842D4BF7A
:10CD0000002001207047A0F5B65002381528EDD854
:10CD1000044BC34003F0010070470120704700BF7F
:10CD2000CF00CC001F002A002DE9F04F8FB01E4627
:10CD3000002307460D4602931C461378002B00F093
:10CD4000AD84252B1FD192F80190B9F1300F24D07A
:10CD5000B9F12B0F21D002F101084FF0000998F82A
:10CD60000020313A082A1BD80A22404606A9FEF7BD
:10CD700045FCDDF81880024698F80010452911D1CD
:10CD800008F1010810E0691EA14240F25D813B55A7
:10CD9000013204F1010A5446CFE702F10208DEE74E
:10CDA0000022E9E74F29EBD098F80000A0F1250117
:10CDB000552900F24981DFE811F069044701470174
:10CDC0004701470147014701470147014701470123
:10CDD0004701470147014701470147014701470113
:10CDE0004701470147014701470147014701470103
:10CDF00047017500A300DC00280147015901CB0160
:10CE000045024C02470147014701640247014701BF
:10CE10006F0247019F02270331035B036303C903CA
:10CE2000D800DF033F04470147014701470147019D
:10CE3000470156008D00BA001D011D0147017E010A
:10CE40008D0047015D0245024C0261026602470106
:10CE50006F029802D000A802290338039503C0038B
:10CE6000D400D1030204B369AD4A183352F823B099
:10CE70005846D3F795FA0BF1FF3B04EB000A6B1E03
:10CE8000A24507D198F80030002B00F0088408F183
:10CE9000010280E7A34240F2D7801BF8012F3A55E8
:10CEA0000134EDE7B2699E4B03EB8203D3F87CB00B
:10CEB0005846D3F775FA0BF1FF3B04EB000A6B1EE3
:10CEC000A245DFD0A34240F2BF801BF8012F3A55A4
:10CED0000134F5E7924B326953F822B05846D3F744
:10CEE0005FFA0BF1FF3B04EB000A6B1EA245C9D0B1
:10CEF000A34240F2A9801BF8012F3A550134F5E70F
:10CF00003369874A0C3352F823B05846D3F748FAAE
:10CF10000BF1FF3B04EB000A6B1EA245B2D0A3420B
:10CF200040F292801BF8012F3A550134F5E77C4B13
:10CF3000D3F8A0A05046D3F733FA9AF80030002B6C
:10CF400000F0408333465246291B3819FFF7ECFEA8
:10CF5000002879DD04EB000A94E7714BD3F8E4A0D4
:10CF6000E8E76F4BD3F89CA0E4E76D4BD3F898A0AB
:10CF7000E0E7D6F814A06B498A45ACBF4FF0000B30
:10CF80004FF0010BBAF1000F12DB64209AFBF0F0B6
:10CF90001330B9F1000F15D0632828DD624B6349C7
:10CFA000B9F12B0F0CBF9C468C46DFF89CE10DE0DD
:10CFB0000AF26C70039201F049FC6421039A90FB21
:10CFC000F1F0E6E7DFF864C1DFF880E1584B01904B
:10CFD000022A2CBFCBEB0201CBF10201514A009196
:10CFE0009245A8BF63467246291B381923E0DFF833
:10CFF0003CC1DAE74F49504AF368642818BF0A4633
:10D00000291B3819FFF73AFC17E0706933690028CB
:10D0100003F1010A07EB040BF368A5EB040919DB24
:10D02000642290FBF2FC02FB1C00444ACDE9003074
:10D03000494653465846FFF721FC002804DB00EB25
:10D04000040A55453FF61EAF4FF0000A50460FB098
:10D05000BDE8F08F00F26C70039301F0F7FB6422DF
:10D06000039B90FBF2FC0CFB1200DEE725218DF800
:10D070001810B9F1000F0BD0052A8DF8199017D8A8
:10D080000DF11A002E4901F060FB334606AA5BE75A
:10D090002B238DF8193004232A4A1E210DF11A0082
:10D0A000FFF7ECFB0028EBDD0DF11A031844E9E76C
:10D0B000931FE5D0F0E73046FFF7E4FD8246706944
:10D0C000002811DB642390FBF3F203FB12006423BE
:10D0D00082449AFBF3F203FB12AA9A44BAFBF3F2DE
:10D0E00003FB12A3144A8BE700F26C7001F0AEFB55
:10D0F0006423BAF1000F90FBF3F202FB130007DA8E
:10D100007269A3F2CF739A42B8BF4FF0010ADEE70B
:10D11000DDD07269034B9A42B8BF4FF0FF3AD6E7B1
:10D120002C0E060894F8FFFF16360508506C05080B
:10D13000A46D0508446B0508526B0508486B05088B
:10D14000576B0508435D05083C6B0508356B050802
:10D150007169BC4805928142ACBF0023012330466F
:10D16000CDE90331FFF78EFD0499059A0029824627
:10D1700039DB4FF0640B91FBFBFB0BF1130B706978
:10D1800000283DDB4FF0640C90FBFCFE0CFB1E0006
:10D19000BAF1000F43DA7169AB4B994203DA4FF0F1
:10D1A000010ACDF80CA08244BAF1FF3F42D10BF145
:10D1B000FF3B4FF0630A039B642101FB0BAA002B8A
:10D1C00040F0E081B9F12B0F40F0E78142F20F719E
:10D1D0008A4500F26B8225238DF8183006A930238A
:10D1E000881C4B70E1E101F26C700592049101F032
:10D1F0002DFB4FF0640CDDE9041290FBFCFBBEE755
:10D2000000F26C70CDE9042101F020FB4FF0640CBA
:10D21000DDE9042190FBFCFE0EFB1C00B8E7C2D048
:10D22000884B9942B4BF012300230393B8BF4FF04A
:10D23000FF3AB8E7BAF1640F04BF0BF1010B4FF0EE
:10D24000000AB8E78149824AB3686B2818BF0A46CA
:10D25000D6E6B36863B10C2B04D00C2193FBF1F23A
:10D2600001FB12337A49794A492818BF0A46C7E6B2
:10D270000C23F7E7F369774A0133C1E633690133D9
:10D2800030E773682EE76B1E9C42BFF4DDAE04F1FD
:10D29000010A0A233B55F5E5B3680B2B6E4BD4BF4F
:10D2A0000022012203EB8203D3F8A4B05846D3F73F
:10D2B00077F804EB000A69480BF1FF3B691EA245B1
:10D2C0003FF4E0ADA1427FF6BFAE98F800201BF816
:10D2D000013F502A06D1C25C02F00302012A08BFB6
:10D2E0002033DBB23B550134E9E70322336993FB7A
:10D2F000F2F35B4A013383E673680093B368594ADB
:10D30000291B3819FFF7BAFA97E6336A002B78DB46
:10D3100000F0DEF9029B0BB900F0E6F904F040FAE8
:10D32000336A002BD4BF00220122282302FB0333DF
:10D33000C358C3F1000A00F0D1F9012302937269C6
:10D34000B2F145034FEAE27C6CF1000CBCF1000F36
:10D35000A5EB040107EB040002DA03334CF1000CE7
:10D360009B0843EA8C7302F1FF3E4FF0640B4FEAD7
:10D37000AC0C9EFBFBFEB3EB0E036CEBEE7C4FF4B0
:10D38000C87B02F22B1E9EFBFBFE13EB0E034CEB45
:10D39000EE7C463A40F26D1E0EFB02F29B184CEBFF
:10D3A000E27CF269D6F804B09B184FF0180E4CEBF3
:10D3B000E27CA3FB0E230EFB0C33D6F808C012EB65
:10D3C0000C0243EBEC734FF03C0CA2FB0C2E0CFB5D
:10D3D00003EE12EB0B034EEBEB72A3FB0CE30CFB27
:10D3E0000233D6F800C01EEB0C0243EBEC73B2EB39
:10D3F0000A0263EBEA73CDE900231B4AFFF73EFA0A
:10D400001BE64FF0000A9AE733686BE66B1E9C42FE
:10D41000BFF41AAE04F1010A09233BE73368019314
:10D4200073680093B368114ADEE56B1E9C42BFF43B
:10D430000BAEB3691BB9372304F1010A2AE7303375
:10D44000DBB2F9E794F8FFFF95F8FFFF526B050890
:10D45000446B0508636B05082C0E0608290D0608A9
:10D46000686B0508776B05086D6B0508726B05081E
:10D47000F369B26907339B1A072293FBF2F331E693
:10D480003046FFF7FFFBB26932B1013A0028F36979
:10D4900026DC03D10A33EEE70622F7E7D21A7369D6
:10D4A000002B40F26B71A8BF6FF064010B44990729
:10D4B00005D1642093FBF0F100FB113171B94FF4F9
:10D4C000C87193FBF1F001FB1033B3FA83F35B09EE
:10D4D000D21A042ACCBF3423352303E60123F7E70D
:10D4E0000123FFE57249039206A801F02EF906A870
:10D4F000D2F756FF06AB03EB000A0AF1010AD34646
:10D50000B9F1000F09D0039A03F80090052A01D958
:10D51000931F06D167495846B5E506AA2B23135435
:10D5200004230EA9644AA1EB0A015046FFF7A6F9AD
:10D530000028C8BF0AEB000BECE76B1E9C42BFF44F
:10D5400083ADB36904F1010A3033A3E6B2691AB1BD
:10D55000013AF36907338EE70622FAE7706900287B
:10D5600005DB642390FBF3F202FB1303BAE500F240
:10D570006C7001F06BF9F4E771695048814209DA87
:10D58000A0EB010A2D218DF8181002B1013A0DF11E
:10D59000190103E001F26C7A14E606A9252008704F
:10D5A000B9F1000F7FF41BAE481C4549039201F00E
:10D5B000CCF8039ACDF800A0134606AAA0E6336A79
:10D5C000002B01DAA2465DE400F082F8029B0BB961
:10D5D00000F08AF804F0E4F8336A002BD4BF00228C
:10D5E0000122282302FB033307EB040AC358C3F1CB
:10D5F000000900F073F83C2399FBF3F002F0F5FA10
:10D600003C23A5EB040B90FBF3F202FB130000900C
:10D610002C4A4FF461635946504699FBF3F3FFF7E8
:10D620002DF90028FFF610AD00EB040A55457FF6F2
:10D630000BAD0123029325E4336A002BC2DB00F01B
:10D6400047F8029B0BB900F04FF8336A1E4A002BD3
:10D65000D4BF00230123A24652F823904846D2F7B4
:10D660009FFE09F1FF3920446B1E504502D100F0A6
:10D6700035F8DEE7534506D919F8012F07F80A20D7
:10D680000AF1010AF1E700F029F8DDE46B1E9C4283
:10D69000BFF4DAAC04F1010A2523FBE5A246002D14
:10D6A0003FF4D4AC002307F80A30CFE449466AE7D8
:10D6B000816B0508F86B0508435D050894F8FFFFCA
:10D6C0005F6B0508896B0508FC000024FFF72CBB85
:10D6D000014801F036B800BF04D00124014801F030
:10D6E00032B800BF04D00124014B186800F002B822
:10D6F000700200242DE9F04F8DB0074604F050F879
:10D70000BC49BD4D0446384602F068FA064610BBD7
:10D71000BA4BBB4A1860BB4BA0621860BA4B20657D
:10D72000C3E900224A2100220023C4E90300C4E91E
:10D730000500C4E90D00C4E90F00C4E90823C4E9E9
:10D7400012232868217284F83010FDF71BF82E6030
:10D750000DB0BDE8F08F2968002940F08E80286860
:10D76000FDF710F83046D2F71BFE411C3846FDF796
:10D7700033F82860002840F08680A24ADFF88882CB
:10D78000DFF878A200231360A04ACAF80030002016
:10D790000021C8E90022C4E90333C4E90533C4E920
:10D7A0000801C4E90D33C4E90F33C4E912014A2268
:10D7B0002272A36284F83020236533783A2B08BFA5
:10D7C000013633783C2B62D1751C914A91490AABE2
:10D7D0002846FFF7ABF80028BADD0A9BDA1E072AB5
:10D7E000B6D8EB5C3E2BB3D102360A9BF518F35C3E
:10D7F0002D2B5AD101354FF0FF390023ADF81E30E3
:10D80000ADF8203008AF0AABCDE9013703930DF135
:10D810001E03009380490AAB07AA2846FFF786F843
:10D82000002895DDBDF81E30BDF820603C2202FBCB
:10D830000366BDF81C304FF4616202FB03660A9B6D
:10D8400009FB06F605EB0309EB5C3C2B40F0EE8090
:10D8500009F10105714A6F490AAB2846FFF766F8DE
:10D86000002828DC99F801303E2B24D1684BA662B1
:10D87000C8E90033CAF800606AE7D2F731FD002832
:10D880007FF46DAF64E7314600F05FFF75E7604AF3
:10D8900063490AAB3046FFF749F800287FF758AFD5
:10D8A0000A9B033B072BA0D952E72B2B08BF01355E
:10D8B0004FF00109A1E70A9BDA1E072A3FF648AF9D
:10D8C000EB5C3E2B7FF444AF09F102090A9B09EBA4
:10D8D000030519F803302D2B40F0B78001354FF0C8
:10D8E000FF390023ADF81C30ADF81E30ADF8203004
:10D8F0000A930AABCDE9027301930DF11E03009365
:10D9000045490AAB07AA2846FFF710F8002800F39C
:10D91000A280A6F5616304930A9B27461D444FF03D
:10D92000000B2B782C2B08BF013595F80090B9F12E
:10D930004D0F40F0A3800AAB0DF12602CDE9013274
:10D9400009AA0092374903930DF122022846FEF7F7
:10D95000EDFF03287FF4FCAEBDF822104B1E0B2B0D
:10D960003FF6F6AEBDF82420531E042B3FF6F0AE72
:10D97000BDF82630062B3FF6EBAEC7E9031287F859
:10D9800008907B610A9B05EB030900254FF0020319
:10D99000ADF81C30ADF81E50ADF820500A9599F83E
:10D9A00000302F2B40F096800AAB08AACDE9013257
:10D9B0000DF11E0200921C49039307AA4846FEF788
:10D9C000B5FFA84200F386804A2100220023C4E963
:10D9D0000355C4E90555C4E90823C4E90D55C4E954
:10D9E0000F55C4E912232172A56284F83010256511
:10D9F000AEE600BF956B0508DCCF0124F8CF01240B
:10DA0000F5680508FCCF0124FC000024506C0508D3
:10DA1000ECCF0124986B0508CD6B0508E0CF0124FD
:10DA2000AB6B0508B96B0508CC6B05083E4A3F494E
:10DA30000AAB4846FEF77AFF00287FF717AF0A9B2C
:10DA4000033B072B7FF642AF82E62B2B08BF013545
:10DA50004FF0010945E7BDF81E20BDF820303C21FC
:10DA600001FB0233BDF81C204FF4616101FB02335E
:10DA700009FB03F34FE74FF0010B52E7B9F14A0FEF
:10DA800006BF01354B4644230A220BA928460593BD
:10DA9000FDF7B4FDDDF82C90059BADF82600A945F7
:10DAA00014D14D23BBF1000F07D1237203210223B0
:10DAB000C4E90313C4F814B067E784F830300B22CC
:10DAC0000123C4E90D230023E3635EE780B23B72C8
:10DAD00078615AE7BDF81E20BDF820303C2101FBDB
:10DAE0000233BDF81C204FF4616101FB0233BB61BE
:10DAF0000A9D28374D44BBF1000FBCD0049B236521
:10DB00000B4BC8F800306068074BA662C8F80430B9
:10DB100003F04AFEA26A236DCAF800209B1A054A48
:10DB200018BF0123136013E6E0CF0124AB6B050897
:10DB3000ECCF0124FCCF01244269002A40F26C732F
:10DB4000A8BF6FF063031344920705D1642193FBD0
:10DB5000F1F201FB1232CAB94FF4C87293FBF2F131
:10DB600002FB1133B3FA83F35B09D0E906024000EC
:10DB700000EB0210184441F2A263984227D011DC56
:10DB800001280ADCC043C00F404270470123ECE784
:10DB9000104BC34043F3000070470A381728F7D9E9
:10DBA0000020704741F2B463984206DC41F2B16351
:10DBB0009842D4BF002001207047A0F5B65002382B
:10DBC0001528EDD8044BC34003F001007047012035
:10DBD000704700BFCF00CC001F002A0038B50023DB
:10DBE0001546C0F8FC33FF22044602F002F8431C3D
:10DBF00008BF00202860204638BD00002DE9F04F06
:10DC0000ADF2A44D1E46002307460D4602931C4666
:10DC10001368002B00F0B684252B1FD1D2F8049096
:10DC2000B9F1300F25D0B9F12B0F22D002F1040841
:10DC30004FF00009D8F80020313A082A1CD80A22EF
:10DC4000404608A902F090FDDDF820800246D8F891
:10DC50000010452912D108F1040811E0691EA14203
:10DC600040F26B8147F82430043204F1010A544633
:10DC7000CEE702F10808DDE70022E8E74F29EAD005
:10DC8000D8F80000A0F12501552900F25681DFE8FF
:10DC900011F0710454015401540154015401540110
:10DCA00054015401540154015401540154015401CC
:10DCB00054015401540154015401540154015401BC
:10DCC000540154015401540154017700A800E700A5
:10DCD000350154016701D5014F0256025401540128
:10DCE00054016E02540154017A025401A902320314
:10DCF0003C0363036B03D303E200E90347045401CD
:10DD00005401540154015401540156009000C100C3
:10DD100029012901540188019000540167024F0232
:10DD200056026B02700254017A02A202D800B302BA
:10DD3000340343039D03CA03DD00DB030A04B36914
:10DD4000B249183307AA51F8231028A8FFF746FF55
:10DD5000079B043804EB030A6B1EA24507D1D8F8D1
:10DD60000030002B00F00F8408F104027FE7A3428B
:10DD700040F2E38050F8042F47F824200134ECE708
:10DD8000B269A24B03EB820328A8D96F07AAFFF759
:10DD900025FF079B043804EB030A6B1EA245DED067
:10DDA000A34240F2CA8050F8042F47F824200134DF
:10DDB000F4E7964B316907AA53F8211028A8FFF71A
:10DDC0000DFF079B043804EB030A6B1EA245C6D067
:10DDD000A34240F2B28050F8042F47F824200134C7
:10DDE000F4E7336989490C3307AA51F8231028A8AE
:10DDF000FFF7F4FE079B043804EB030A6B1EA245F1
:10DE0000ADD0A34240F2998050F8042F47F8242067
:10DE10000134F4E77D4BD3F8A01007AA28A8FFF738
:10DE2000DDFE0368002B00F0418333460246291BC8
:10DE300007EB8400FFF7E2FE00287EDD04EB000A1A
:10DE40008DE7724B07AAD3F8E410E7E76F4B07AAF8
:10DE5000D3F89C10E2E76D4B07AAD3F89810DDE7E2
:10DE6000D6F814A06A498A45ACBF4FF0000B4FF0BA
:10DE7000010BBAF1000F12DB64209AFBF0F01330B3
:10DE8000B9F1000F15D0632829DD624B6249B9F161
:10DE90002B0F0CBF9C468C46DFF898E10DE00AF290
:10DEA0006C70039200F0D2FC6421039A90FBF1F0B5
:10DEB000E6E7DFF864C1DFF880E1584B0190022A01
:10DEC0002CBFCBEB0201CBF10201514A00919245EC
:10DED000A8BF63467246291B07EB840024E0DFF8E5
:10DEE00038C1D9E74E494F4AF368642818BF0A463B
:10DEF000291B07EB840003F0BBFF17E0706933694F
:10DF0000002803F1010A07EB840BF368A5EB040971
:10DF10001ADB642290FBF2FC02FB1C00424ACDE9B2
:10DF2000003049465346584603F0A2FF002804DB60
:10DF300000EB040A55453FF612AF4FF0000A504679
:10DF40000DF2A44DBDE8F08F00F26C70039300F069
:10DF50007DFC6422039B90FBF2FC0CFB1200DDE7CE
:10DF600025210891B9F1000F0AD0052ACDF8249097
:10DF700014D80AA82D4903F0F1FB334608AA56E746
:10DF80002B23099304232A4A1E210AA803F070FFB9
:10DF90000028EEDD0AAB03EB8000EBE7931FE8D02F
:10DFA000F1E73046FFF7C8FD82467069002811DBB3
:10DFB000642390FBF3F203FB1200642382449AFB78
:10DFC000F3F203FB12AA9A44BAFBF3F203FB12A387
:10DFD000144A8DE700F26C7000F038FC6423BAF14B
:10DFE000000F90FBF3F202FB130007DA7269A3F251
:10DFF000CF739A42B8BF4FF0010ADEE7DDD07269F5
:10E00000034B9A42B8BF4FF0FF3AD6E72C0E0608F2
:10E0100094F8FFFF16360508506C0508A46D050836
:10E0200064DE05089CDE050874DE0508C0DE050810
:10E03000B0DE050844DE050828DE05087169BC4825
:10E0400005928142ACBF002301233046CDE9033164
:10E05000FFF772FD0499059A0029824639DB4FF0DB
:10E06000640B91FBFBFB0BF1130B706900283DDB8C
:10E070004FF0640C90FBFCFE0CFB1E00BAF1000F8D
:10E0800043DA7169AB4B994203DA4FF0010ACDF8DC
:10E090000CA08244BAF1FF3F42D10BF1FF3B4FF09D
:10E0A000630A039B642101FB0BAA002B40F0E08173
:10E0B000B9F12B0F40F0E58142F20F718A4500F271
:10E0C00069822523089308A9302301F108004B60D9
:10E0D000DFE101F26C700592049100F0B7FB4FF0A4
:10E0E000640CDDE9041290FBFCFBBEE700F26C70EF
:10E0F000CDE9042100F0AAFB4FF0640CDDE9042116
:10E1000090FBFCFE0EFB1C00B8E7C2D0884B994286
:10E11000B4BF012300230393B8BF4FF0FF3AB8E721
:10E12000BAF1640F04BF0BF1010B4FF0000AB8E71E
:10E130008149824AB3686B2818BF0A46D8E6B3689B
:10E1400063B10C2B04D00C2193FBF1F201FB1233D1
:10E150007A49794A492818BF0A46C9E60C23F7E7E5
:10E16000F369774A0133C3E63369013330E77368F3
:10E170002EE76B1E9C42BFF4E0AE04F1010A0A23B5
:10E1800047F82430EBE5B3680B2B6E4BD4BF00226D
:10E19000012203EB820328A8D3F8A41007AAFFF7F3
:10E1A0001DFDA2468346002405F1FF39079B9C42D2
:10E1B000BFF4D5ADD1457FF6C0AED8F800305BF8DE
:10E1C0002400502B01D1FDF7B3FB47F82A0001349E
:10E1D0000AF1010AEAE70322336993FBF2F35A4A90
:10E1E000013385E673680093B368584A291B07EB2F
:10E1F000840003F03DFE99E6336A002B78DBFFF7DD
:10E2000067FA029B0BB9FFF76FFA03F0C9FA336A9A
:10E21000002BD4BF00220122282302FB0333C35862
:10E22000C3F1000AFFF75AFA012302937269B2F1AF
:10E2300045034FEAE27C6CF1000CBCF1000FA5EB4A
:10E24000040107EB840002DA03334CF1000C9B0855
:10E2500043EA8C7302F1FF3E4FF0640B4FEAAC0CC3
:10E260009EFBFBFEB3EB0E036CEBEE7C4FF4C87B26
:10E2700002F22B1E9EFBFBFE13EB0E034CEBEE7C1F
:10E28000463A40F26D1E0EFB02F29B184CEBE27C0C
:10E29000F269D6F804B09B184FF0180E4CEBE27CF4
:10E2A000A3FB0E230EFB0C33D6F808C012EB0C02B6
:10E2B00043EBEC734FF03C0CA2FB0C2E0CFB03EE7B
:10E2C00012EB0B034EEBEB72A3FB0CE30CFB0233E4
:10E2D000D6F800C01EEB0C0243EBEC73B2EB0A0263
:10E2E00063EBEA73CDE90023194A03F0C1FD1DE693
:10E2F0004FF0000A9AE733686AE66B1E9C42BFF44F
:10E300001CAE04F1010A09233AE7336801937368EC
:10E310000093B3680F4ADEE56B1E9C42BFF40DAE5E
:10E32000B3691BB9372304F1010A29E73033FAE74F
:10E3300094F8FFFF95F8FFFF9CDE050864DE0508F2
:10E34000F0DE05082C0E060804DF050840DF05088E
:10E3500018DF05082CDF0508F369B26907339B1A3B
:10E36000072293FBF2F333E63046FFF7E5FBB26991
:10E3700032B1013A0028F36926DC03D10A33EEE713
:10E380000622F7E7D21A7369002B40F26B71A8BF1F
:10E390006FF064010B44990705D1642093FBF0F101
:10E3A00000FB113171B94FF4C87193FBF1F001FB1F
:10E3B0001033B3FA83F35B09D21A042ACCBF342397
:10E3C000352305E60123F7E7012301E672490392AD
:10E3D00008A803F0C3F908A8FEF7D1FB08AB03EBCC
:10E3E000800A0AF1040AD346B9F1000F09D0039A52
:10E3F00043F82090052A01D9931F07D16749584651
:10E40000B9E508AA2B2342F82030042328A9A1EB60
:10E410000A01634A8910504603F02AFD0028C8BF4C
:10E420000AEB800BEAE76B1E9C42BFF486ADB36932
:10E4300004F1010A3033A3E6B2691AB1013AF36973
:10E4400007338CE70622FAE77069002805DB6423AE
:10E4500090FBF3F202FB1303BAE500F26C7000F0DC
:10E46000F5F9F4E771694F48814207DAA0EB010A38
:10E470002D21089102B1013A09A903E001F26C7A59
:10E4800016E608A925200860B9F1000F7FF41CAE3C
:10E49000081D4549039203F061F9039ACDF800A0E5
:10E4A000134608AAA2E6336A002B01DAA24656E414
:10E4B000FFF70EF9029B0BB9FFF716F903F070F99D
:10E4C000336A002BD4BF00220122282302FB03332E
:10E4D00007EB840AC358C3F10009FFF7FFF83C2398
:10E4E00099FBF3F001F081FB3C23A5EB040B90FBBF
:10E4F000F3F202FB130000902C4A4FF4616359467B
:10E50000504699FBF3F303F0B3FC0028FFF615AD7A
:10E5100000EB040A55457FF610AD012302931EE47B
:10E52000336A002BC2DBFFF7D3F8029B0BB9FFF76E
:10E53000DBF8336A1E4A002BD4BF00230123A24616
:10E5400052F823904846D1F72BFF09F1FF392044B8
:10E550006B1E504502D1FFF7C1F8DEE7534506D9DF
:10E5600019F8012F47F82A200AF1010AF1E7FFF70D
:10E57000B5F8E2E46B1E9C42BFF4DFAC04F1010A83
:10E580002523FDE5A246002D3FF4D9AC002347F832
:10E590002A30D4E449466CE768DF050888DF0508BF
:10E5A000B0DE050894F8FFFFE0DE050890DF0508FF
:10E5B000FC000024FFF722BB10B5144622B10A4923
:10E5C0001046D1F78DFE08B9084810BD074920460E
:10E5D000D1F786FE0028F7D005492046D1F780FE06
:10E5E0000028F1D00020F0E7DF6B05083C3F05086C
:10E5F000506C0508014B93F8280170470401002472
:10E60000024B0A4601461868FFF7D6BF7002002485
:10E6100000487047F401002438B5064D0023044635
:10E6200008462B60DAF752FD431C02D12B6803B178
:10E63000236038BD00D0012438B5074D0446084694
:10E64000114600222A601A46DAF74AFD431C02D11D
:10E650002B6803B1236038BD00D0012438B5074DC5
:10E6600004460846114600222A601A46DAF712FDCF
:10E67000431C02D12B6803B1236038BD00D00124B4
:10E6800038B5074D00230446084611462B60DAF7DB
:10E69000F3FC431C02D12B6803B1236038BD00BFDB
:10E6A00000D00124DAF7E6BC38B5064D0023044655
:10E6B00008462B60DAF716FD431C02D12B6803B124
:10E6C000236038BD00D0012438B5074D0446084604
:10E6D000114600222A601A46DAF7EAFC431C02D1EE
:10E6E0002B6803B1236038BD00D00124014B1868AA
:10E6F000704700BF7002002470B50D4D0D4C641BB7
:10E70000A4100026A64209D10B4D0C4C04F028FEA3
:10E71000641BA4100026A64205D170BD55F8043B29
:10E7200098470136EEE755F8043B98470136F2E783
:10E730001411060814110608141106083C110608E5
:10E7400070477047704770477047034611F8012BB8
:10E7500003F8012B002AF9D170470A44914200F1D5
:10E76000FF3300D1704710B511F8014B03F8014F8A
:10E770009142F9D110BD00009FED010B704700BF21
:10E78000000000000000F87F9FED010A704700BF05
:10E790000000C07F2DE9F843274D074628689146C1
:10E7A0000E469846FFF7CEFF244A14683CB9244B26
:10E7B0001360244A12B11268C3F88820204C6368A1
:10E7C0001F2B06DD2868FFF7BFFF4FF0FF30BDE8C5
:10E7D000F8832FB3D4F8880068B91B4B002BF1D015
:10E7E0004FF48470FBF7C6FF0028EBD00023C0E98C
:10E7F0004033C4F88800636840F8239001229A40AF
:10E8000000EB8301D0F800311343C0F80031022F30
:10E81000C1F8808002BFD0F804311343C0F804313E
:10E82000636828685A1C0233626044F82360FFF76B
:10E830008BFF0020CBE700BFC002002498D001244A
:10E840000CD001242810060875A704080028B8BFBA
:10E85000404270471FB514461A46094B1B680546CF
:10E86000D8684CB1074B0091CDE9013406492B46DD
:10E8700002F0FAFCFBF770FF044B1C46F3E700BF05
:10E8800070020024156C0508226C0508506C050800
:10E890002DE9F74F03690C69A34207467EDB013C73
:10E8A00001F11408A30000F11405009305EB8403A3
:10E8B000019358F8243055F8242001339A4208EB8C
:10E8C0008409B2FBF3F62ED34FF0000AC446AE46DD
:10E8D000D3465CF8043B98B206FB00A0020C1B0C6C
:10E8E00006FB0323DEF8002080B292B2121A5A44CB
:10E8F000DEF800004FEA134A9BB2C3EB224303EB5E
:10E90000104392B242EA0342E1454EF8042B4FEA2B
:10E91000234BDED2009BEB582BB9019B043B9D425D
:10E920001A462FD33C61384601F040FC002825DB15
:10E930002946002058F8042BD1F800C01FFA82FEA7
:10E940001FFA8CF3A3EB0E030344120CC2EB234219
:10E9500002EB1C429BB243EA0243C14541F8043B2F
:10E960004FEA2240E6D255F8242005EB840322B971
:10E97000043B9D421A460BD33C610136304603B03E
:10E98000BDE8F08F1268043B002ACBD1013CC6E7FA
:10E990001268043B002AEFD1013CEAE70020EEE7D1
:10E9A0002DE9F04F2DED028BC76991B08DED020B73
:10E9B00055EC104B1C9E0791814609920D937FB92F
:10E9C0001020FBF7D7FE0246C9F81C0020B9A04B67
:10E9D000EF21A048FFF73EFFC0E901770760C7605D
:10E9E000D9F81C30196859B15A684A60012393401C
:10E9F0008B60484601F05EF9D9F81C3000221A609D
:10EA00002B1EBBBF23F00043039300230122ACBFA6
:10EA100033603260904B039EB34310D10D9A42F2A3
:10EA20000F731360C6F31303234300F0E6841D9BAA
:10EA30008A4F002B00F0E884FB1C00F0E3BC9DED46
:10EA4000028BB5EE408BF1EE10FA0AD10D9A01233C
:10EA500013601D9B13B11D9A814B1360814F00F011
:10EA6000D3BC0EAA0FA94846B0EE480B01F0BEFC7D
:10EA7000C6F30A530E9A0190002B45D0B0EE487BA6
:10EA800018EE901AC1F3130141F07F5141F4401187
:10EA9000A3F2FF33002507EE901AB7EE086B9FED47
:10EAA000665B37EE467B9FED666BA7EE056B9FEDD1
:10EAB000665B07EE903AB8EEE74BB0EE467BA4EE0D
:10EAC000057BFDEEC76BB5EEC07BF1EE10FA16EEDE
:10EAD000908A08D5B8EEE66BB4EE476BF1EE10FA0B
:10EAE00018BF08F1FF38B8F1160F2BD85E4901EBBB
:10EAF000C80191ED007BB4EEC78BF1EE10FA01D5A1
:10EB000008F1FF3800211EE00F9B134403F232414D
:10EB10002029C1BFC1F140018E4003F2124124FA05
:10EB200001F1D6BFC1F12001314304FA01F107EE32
:10EB3000901AB8EE677B013B17EE901A0125A1F100
:10EB4000F871A8E70121D21A531E069345BFC2F1FE
:10EB500001030493002300234CBF06930493B8F1F0
:10EB6000000F0C9118DB069BCDF8288043440693D8
:10EB70000023079A092A45D8052AC4BF043A0792F8
:10EB8000079AA2F10202CCBF00240124032A44D830
:10EB9000DFE802F03436170B049B0022A3EB0803D6
:10EBA00004930A92C8F10003E3E701220892099A4C
:10EBB00008EB020B0BF1010A5246012AB8BF0122F1
:10EBC00006E001220892099A002A29DD934692461E
:10EBD000D9F81C700021042000F11406964226D9B1
:10EBE00079604846059301F025F8059B0746002803
:10EBF0003ED11E4B024640F2AF11EAE60022E1E7A9
:10EC00000022D3E701240022CDE907244FF0FF3B87
:10EC10000021DA4612220991DAE701220892F5E78B
:10EC20004FF0010BDA465A46CDF824B0D0E7013157
:10EC30004000D1E7AFF3008061436F63A787D23F05
:10EC4000B3C8608B288AC63FFB799F501344D33FDB
:10EC5000406A05085E6C05080000F07F5A6C0508E4
:10EC6000B63C0508B53C0508600F0608B66C0508FB
:10EC7000D9F81C20BAF10E0F10606ED8002C6CD0A1
:10EC8000B8F1000F40F3B480C84A08F00F0102EB5E
:10EC9000C10218F4807F92ED007B4FEA281100F04A
:10ECA0009B80C34A92ED086B88EE066B8DED026B7C
:10ECB00001F00F010322BE48002940F08F809DED36
:10ECC000026B86EE077B8DED027B0C999DED027B3E
:10ECD000002900F0B380B7EE006BB4EEC67BF1EE16
:10ECE00010FA40F1AB80BAF1000F00F0A780BBF141
:10ECF000000F30DDB2EE046B27EE067B8DED027B5C
:10ED000008F1FF31059101325C469DED026BB1EED9
:10ED10000C5B07EE902AB8EEE77BA7EE065B15EEDC
:10ED2000902A51EC150BA2F15071002C40F08A8012
:10ED3000B1EE047B36EE476B41EC170BB4EEC76BBC
:10ED4000F1EE10FA00F36A82B1EE477BB4EEC76BC6
:10ED5000F1EE10FA23D48DED028B0F9A002AC0F247
:10ED60002981B8F10E0F00F32581904B03EBC80306
:10ED700093ED006B099B002B80F2C880BAF1000F65
:10ED800000F3C4800BD1B1EE047B26EE076B9DED42
:10ED9000027BB4EEC76BF1EE10FAC0F23C820024A5
:10EDA0002546099BDB4305933E464FF0000821466C
:10EDB000484600F07FFF002D00F0A280B8F1000F60
:10EDC00005D0A84503D04146484600F073FF2946C8
:10EDD000484600F06FFF93E002226CE7CC0704D5B1
:10EDE00090ED006B013227EE067B4910083063E797
:10EDF00022D0C8F100016D4A01F00F0002EBC00201
:10EE000092ED007B28EE077B8DED027B68480911AF
:10EE10000024022229B9002C3FF457AF8DED027B6C
:10EE200053E7CE0705D590ED006B0132012427EEA4
:10EE3000067B49100830EDE7022246E7CDF8148042
:10EE4000544662E7594A02EBC40212ED024B089A9B
:10EE500041EC170B3C444AB3B6EE003BB7EE002B37
:10EE60003E4683EE045BB2EE043B35EE477BFDEE9F
:10EE7000C64B14EE902AB8EEE45B303236EE456BAA
:10EE8000B4EEC76BF1EE10FA06F8012B38D432EE6F
:10EE9000465BB4EEC75BF1EE10FA6ED4A6423FF4C7
:10EEA0005AAF27EE037B26EE036BE0E721463E4692
:10EEB00027EE047BB2EE043BFDEEC64B14EE902A27
:10EEC000303206F8012BA642B8EEE45B36EE456B15
:10EED00019D1B6EE005B37EE054BB4EEC46BF1EE24
:10EEE00010FA4ADC35EE475BB4EEC56BF1EE10FA72
:10EEF0007FF531AF0E46013916F8013C302BF9D0C1
:10EF0000DDF8148027E026EE036BD5E79DED027B4C
:10EF1000B2EE044B3E4687EE065BBDEEC55B15EEDA
:10EF2000103A303306F8013BF31B9A45B8EEC53B67
:10EF3000A3EE467B32D137EE077BB4EEC67BF1EE13
:10EF400010FA18DCB4EE467BF1EE10FA03D115EEA0
:10EF5000103ADB070FD40199484600F0ABFE0023BE
:10EF60000D9A337008F1010313601D9B002B00F014
:10EF70004B821E6048E2CDF8148033461E4613F8DB
:10EF8000012D392A06D19F42F8D1059A0132059206
:10EF900030223A701A7801321A70B1E727EE047BFA
:10EFA000B5EE407BF1EE10FAB5D1D4E7600F06085C
:10EFB000380F06080899002900F0E980079901290F
:10EFC00000F3CB80002D00F0C48002F23342049E97
:10EFD0001C460593049B13440493069B0121134490
:10EFE0004846069300F064FF059B054666B1069A05
:10EFF000002A09DDB2420499A8BF3246891A049159
:10F000000699B61A8A1A06920BB3089A002A00F0DB
:10F01000C580002C00F0BF802946224648460B934D
:10F0200000F0FEFF019A01460546484600F056FFF3
:10F0300001990590484600F03DFE0B9B1B1B00F01C
:10F04000B08005991A46484600F0EAFF0190012178
:10F05000484600F02DFF0A9B0446002B00F0DA81A1
:10F060001A460146484600F0DBFF079B012B044689
:10F0700000F3A080029B002B40F09680039BC3F31B
:10F080001302002A40F0928023F00042120D120574
:10F09000002A00F08D80049B01330493069B01330A
:10F0A000069301230B930A9B002B00F0B981226980
:10F0B00004EB8202106900F0AFFEC0F12000069B55
:10F0C000184410F01F0000F08180C0F12002042AD3
:10F0D00073DD049BC0F11C0003440493069B0644AB
:10F0E00003440693049B002B05DD01991A4648460C
:10F0F00000F0F0FF0190069B002B05DD21461A462B
:10F10000484600F0E7FF04460C9B002B60D00198B6
:10F11000214601F04BF800285ADA08F1FF33059335
:10F12000019900230A22484600F0E6FD089B019061
:10F13000002B00F07781294600230A22484600F080
:10F14000DBFDBBF1000F05466EDC079B022B48DCA4
:10F150006AE00E9AC2F1360239E70AF1FF34A3429F
:10F1600007DBBAF1000FA3EB04040BDB049E52464D
:10F170002FE7E21A0A9B049E13440A935246234641
:10F18000002426E7049AA2EB0A06002221E7049E47
:10F19000089D1C462AE7019A059252E701991A46F2
:10F1A00051E7059B019352E700237BE7029B79E738
:10F1B0000B9278E700230B9379E793D0049B1C32E2
:10F1C00013440493069B164413448AE70246F5E76A
:10F1D000BAF1000FCDF81480D34621DC079B022B37
:10F1E0001EDDBBF1000F7FF4DCAD21465B4605223E
:10F1F000484600F081FD01460446019800F0D6FF24
:10F2000000287FF7CEAD3E46312306F8013B059B33
:10F2100001330593C9E5CDF8148054462546F2E73D
:10F22000089B002B00F00281002E05DD29463246A6
:10F23000484600F04FFF05460B9B002B58D06968ED
:10F24000484600F0F7FC064628B9824B024640F2D9
:10F25000EF21FFF7BEBB2A690232920005F10C01D3
:10F260000C30FFF77AFA01223146484600F032FFAF
:10F270007B1C049307EB0B030993029B03F0010330
:10F28000A84608930546049B0198214603F1FF3BDD
:10F29000FFF7FEFA4146029000F1300A019800F0B3
:10F2A00085FF2A4606902146484600F09BFFC2682B
:10F2B0000646FAB90146019800F078FF0246314649
:10F2C00048460A9200F0F6FC079B0A9A049E42EA1E
:10F2D0000301089B19430FD1BAF1390F28D0069BBF
:10F2E000002B02DD029B03F1310A8BF800A05EE5E2
:10F2F0002846BDE70122E2E7069B002B04DB0799C5
:10F300000B4308990B4320D1002AEEDD019901221D
:10F31000484600F0DFFE2146019000F047FF00283C
:10F3200003DCE2D11AF0010FDFD0BAF1390FD9D1E5
:10F3300039238BF8003033461E46013B16F8012C6A
:10F34000392A52D001321A7031E5002A07DDBAF1AC
:10F35000390FEDD00AF101038BF8003027E5049B4B
:10F36000099A03F801AC934229D0019900230A229B
:10F37000484600F0C1FCA84501904FF000034FF053
:10F380000A024146484607D100F0B6FC80460546D1
:10F39000049B0133049376E700F0AEFC29468046D7
:10F3A00000230A22484600F0A7FC0546F0E7BBF11F
:10F3B000000FCCBF5E4601263E444FF00008019985
:10F3C0000122484600F086FE2146019000F0EEFE44
:10F3D0000028B0DC02D11AF0010FACD133461E4632
:10F3E00013F8012D302AFAD0E1E49F42A4D1059B05
:10F3F0000133059331233B70D9E41D9B164F1BB19C
:10F4000007F108031D9A1360384611B0BDEC028B5A
:10F41000BDE8F08F079B012B7FF72CAE0A9B0B9367
:10F4200001204CE6BBF1000F7FF7D8AE3E460198B5
:10F430002146FFF72DFA00F1300A06F801ABF21B66
:10F440009345B4DD019900230A22484600F054FC9C
:10F450000190ECE7B66C0508516C050838B5054617
:10F46000002941D051F8043C0C1F002BB8BFE41810
:10F47000FBF732FA1D4A136833B9636014602846FB
:10F48000BDE83840FBF72EBAA34208D920682118FE
:10F490008B4201BF19685B6809182160EDE71A46C5
:10F4A0005B680BB1A342FAD911685018A0420BD186
:10F4B00020680144501883421160E0D118685B68ED
:10F4C000536008441060DAE702D90C232B60D6E7BA
:10F4D000206821188B4204BF19685B68636004BF11
:10F4E000091821605460CAE738BD00BF9CCE0124D2
:10F4F0000369B3EB611F2DE9F0434FEA611200F19C
:10F50000140445DD11F01F0104EB830604EB8205B2
:10F510000CD100F110072946B14234D39B1A9B004D
:10F52000EA1E964238BF0023234415E054F82270A7
:10F53000C1F12008CF4005F1040EA1467645F446FE
:10F5400015D89A1A9200043A0135AE4238BF00220B
:10F55000A318A75007B104331A1BA3424FEAA20213
:10F5600008BF0023026108BF4361BDE8F083DCF8F7
:10F5700000C00CFA08FC4CEA070749F8047B5EF867
:10F58000047BCF40DAE751F804CB47F804CFC3E758
:10F590002346E1E7A0F13003092B02D82038C0B29E
:10F5A0007047A0F16103052B01D84738F7E7A0F1B8
:10F5B0004103052B01D82738F1E7002070470000F0
:10F5C0002DE9F04F85B08A4602930B680190904672
:10F5D0009C1CA14614F8010B3028FAD0A9EB0303B8
:10F5E000A3F1020BFFF7D6FF0546002868D1A0491A
:10F5F00001224846FDF798FA0746002867D199F896
:10F6000001002646FFF7C6FF002862D0234618787F
:10F610003028994603F10103F9D0FFF7BBFFB0FA98
:10F6200080F56D094FF0010B4A46164601323078DD
:10F63000FFF7B0FF0028F8D18D4901223046FDF7D1
:10F6400073FA00283FD144B9741C22461646013291
:10F650003078FFF79FFF0028F8D1A41BA70033786C
:10F6600003F0DF03502B3ED173782B2B33D02D2B9F
:10F6700034D0711C00240878FFF78CFF431EDBB2E6
:10F68000182B30D8A0F1100211F8010FFFF782FFFC
:10F6900000F1FF3C5FFA8CFCBCF1180F4FF00A033D
:10F6A0001ED904B152421744CAF80010EDB1BBF1A3
:10F6B000000F0CBF06250025284605B0BDE8F08FD9
:10F6C00000252C46B0E7002CC7D12746C7E74E4699
:10F6D0002F460125C3E70024B11CCCE70124FBE73A
:10F6E00003FB0200CEE73146DEE7A6EB0903013B50
:10F6F0002946072B0ADC019800F09CFA044640B921
:10F700005C4B0246E4215C48FFF7A4F801315B1032
:10F71000EFE700F1140A002355469B46B14537D365
:10F7200045F804BBA5EB0A05AD102561584600F06D
:10F7300073FB6D01D8F800602D1AB54254DDAD1B86
:10F740002946204600F0FCFE814678B16B1E591117
:10F7500003F01F025AF821104FF0010909FA02F2D2
:10F760000A4203D04B4536DC4FF0020929462046B9
:10F77000FFF7BEFE2F44D8F80830BB4242DA0198AA
:10F78000214600F097FA0E9A00231360A32593E711
:10F7900016F8012D2E2A12D0202B04D145F804BBD7
:10F7A0004FF0000B5B4630780393FFF7F3FE039BAB
:10F7B00000F00F0098404BEA000B0433AEE7B14570
:10F7C000EAD82B49039301223046FDF7ADF9039B9C
:10F7D0000028E1D1A2E7A91E204600F0B1FE0028D2
:10F7E000C2D04FF00309C1E709DA751B2146019821
:10F7F0002A4600F06FFC7F1B044600F1140A4FF00C
:10F800000009B8E7D8F80450BD426FDDED1BAE42E9
:10F8100034DCD8F80C30022B22D0032B24D0012B5F
:10F8200015D1AE4213D1012E0BD1029AD8F8043073
:10F83000136001232361CAF800300E9B62251C600F
:10F840003AE7711E204600F07BFE0028EDD10198BA
:10F85000214600F02FFA0E9A0023136050252BE763
:10F860000F9B002BF3D1E0E70F9B002BDDD1EEE7E0
:10F870003E6A0508B66C0508C76C05086F1EB9F12D
:10F88000000F30D127B13946204600F059FE81469D
:10F890007A1101235AF8222007F01F07BB401342B8
:10F8A0002946204618BF49F00209FFF721FED8F883
:10F8B0000470761B0225B9F1000F47D0D8F80C3040
:10F8C000022B15D0032B17D0012B09D119F0020FF1
:10F8D00006D0DAF8003049EA030919F0010F0ED119
:10F8E00045F0100532E04FF00109D1E70125E2E7CC
:10F8F0000F9BC3F101030F930F9B002BF0D0D4F8A3
:10F9000010B004F114034FEA8B0A03EB8B014FF0A4
:10F91000000C184653F8042BB2F1FF3F1BD0013204
:10F920000260022D04F114033CD1D8F80020013A02
:10F93000B24209D17111012253F8213006F01F069D
:10F9400002FA06F61E423AD145F020050E9B1C60D5
:10F95000029B1F60B0E6994243F804CCD9D8A36853
:10F960009B4517DB61680198013100F063F981461E
:10F9700018B91A4B02468421C5E62269023204F105
:10F980000C0192000C30FEF7E8FE2146019800F0D1
:10F9900091F94C4623695A1C04EB8303226101222E
:10F9A0005A61BEE722695A450BDD01212046FFF767
:10F9B0009FFDD8F808300137BB42FFF6E0AE0125C5
:10F9C000C2E716F01F06FAD05344C6F1200653F8DA
:10F9D000040C00F021FAB042E7DBF0E7B66C050852
:10F9E000C2F10802920070B5C2F1200643680468B3
:10F9F00003FA06F52C43D340046040F8043F8842E4
:10FA0000F4D370BD30B50368013311F8014B14B95C
:10FA10000360012030BD13F8012BA2F14105192D1F
:10FA200098BF2032A242F0D00020F3E72DE9F04F3A
:10FA30000B6801685E1102EB860613F01F0387B0A6
:10FA400018BF04360025371F82469046019346F8BA
:10FA5000045CB9463C460295AB464A784B1C03937E
:10FA600042B3104605910492FFF794FD002851D14E
:10FA7000049A0599202A18D8029B9B4513DD4C4512
:10FA800006D2072D04DC2A4649462046FFF7A8FF88
:10FA9000444552D90023A4F1040944F8043CCDF8AC
:10FAA00008B04C461D460399D7E7292A57D10231A1
:10FAB000CAF80010BBF1000F51D04C4506D2072DFB
:10FAC00004DC2A4649462046FFF78AFF444536D9DA
:10FAD000A8F10402234653F8041B42F8041F9F4276
:10FAE000F9D23B1B23F0030304330134033EB44239
:10FAF00088BF04234344002243F8042B9F42FBD2D7
:10FB00003B681BB9474528D101233B60052007B05E
:10FB1000BDE8F08F0135082D0BF1010B06DD4445E2
:10FB2000C1D9002344F8043C0125043C226800F0BC
:10FB30000F0040EA02102060B5E70825B3E7019BFB
:10FB4000002BDDD0C3F120034FF0FF32DA4056F82E
:10FB5000043C134046F8043CD2E7043FD0E70420BD
:10FB6000D5E700002DE9F84FDFF86CA0064689467E
:10FB7000174601F0E1FEDAF8004034B14B469846F2
:10FB800013F8012B3AB13D2AF9D1304601F0DAFEE3
:10FB90000020BDE8F88FA8EB0908A34654F8040B31
:10FBA0000028F2D042464946FCF7BEFF0028F4D1B7
:10FBB00054F8043C03EB080513F808303D2BECD156
:10FBC000DAF80030ABEB03039B1030463B6001F0EA
:10FBD000B9FE681CDDE700BF4000002407B501AA9C
:10FBE000FFF7C0FF03B05DF804FB0028B8BF404238
:10FBF000704710B5034642B100200C5C43F820402A
:10FC000014B101309042F8D110BD1046FCE782B02B
:10FC100001B901A942B14BB113780B601278101EE3
:10FC200018BF012002B070471046FBE76FF00100DB
:10FC3000F8E7000070B5C66904460D4676B9102095
:10FC4000FAF798FD0246E06120B9184B18486B217D
:10FC5000FEF700FEC0E901660660C660E669F3686B
:10FC600083B1E369DB6853F82500B8B9012101FAD3
:10FC700005F6721D9200204601F04AFE60B1C0E90F
:10FC800001560EE021220421204601F041FEE369E5
:10FC9000F060DB68002BE4D1002070BD026843F8FF
:10FCA00025200023C0E90333F7E700BF406A0508B9
:10FCB000276D050870B5C66905460C4676B9102053
:10FCC000FAF758FD0246E86120B9094B09488F212F
:10FCD000FEF7C0FDC0E901660660C6603CB1EB6995
:10FCE0006268DB6853F82210216043F8224070BD3F
:10FCF000406A0508276D05082DE9F0410D690746A2
:10FD00000C461E4601F1140C0020DCF8003099B2BC
:10FD100002FB01611E0C0B0C02FB063389B20130A1
:10FD200001EB034185424CF8041B4FEA1346ECDC1F
:10FD30000EB3A368AB4219DC616838460131FFF7A6
:10FD400079FF804628B902460C4B0D48BA21FEF7D0
:10FD500081FD2269023204F10C0192000C30FEF7A1
:10FD6000FCFC21463846FFF7A5FF444604EB85031B
:10FD700001355E6125612046BDE8F081B66C05085D
:10FD8000276D05082DE9F8430C4615461F46092244
:10FD90000833064693FBF2F3002101229A4209DB65
:10FDA0003046FFF747FF40B90246194B1948D321A7
:10FDB000FEF750FD52000131F0E7089B4361092D29
:10FDC0004FF00103036116DD04F10909C8462C4414
:10FDD00018F8013B0146303B0A223046FFF78CFF02
:10FDE000A045F5D1A5F108044C442D1B6319BB4275
:10FDF00004DBBDE8F8830A340925F6E714F8013B73
:10FE00000146303B0A223046FFF776FFEEE700BF9F
:10FE1000B66C0508276D0508B0F5803F034636BF70
:10FE2000030400201020B3F1807F3CBF1B02083088
:10FE3000B3F1805F3CBF1B010430B3F1804F3CBF86
:10FE40009B000230002B05DB13F0804F00F1010016
:10FE500008BF202070470368024613F007000BD04C
:10FE6000D90721D4980749BF5B089B08012013607C
:10FE70005CBF13600220704799B209B91B0C1020B7
:10FE8000D9B209B908301B0A190704BF1B0904308D
:10FE9000990704BF9B080230D90703D45B0800F11F
:10FEA000010003D013607047002070472020704786
:10FEB00010B50C460121FFF7BDFE024628B9054BDF
:10FEC000054840F24511FEF7C5FC0123446103617A
:10FED00010BD00BFB66C0508276D05082DE9F04F71
:10FEE00017460A693B699A42A8BF3B468946A4BFA8
:10FEF0000F4699463D69D9F810A0BB68796805EBB3
:10FF00000A06B34285B0B8BF0131FFF793FE30B99E
:10FF10000246414B41484FF4B171FEF79BFC00F1A2
:10FF2000140404EB860E23460022734520D307F108
:10FF3000140809F1140108EB850501EB8A0302930B
:10FF4000EB1B153B23F0030304331537BD4238BFC9
:10FF500004230193029B03918B420CD8002E03DDF6
:10FF60005EF8043D002B55D0066105B0BDE8F08F6A
:10FF700043F8042BD9E7B1F800A0BAF1000F1FD065
:10FF8000C446A14600275CF8042BD9F800301FFABC
:10FF900082FB9BB20AFB0B333B44D9F80070120C76
:10FFA0003F0C0AFB027202EB13429BB243EA02438C
:10FFB000654549F8043B4FEA1247E4D8019BE750F6
:10FFC000039BB3F802900431B9F1000F20D02368ED
:10FFD0004746A4464FF0000AB7F800B0BCF802202C
:10FFE00009FB0B2252449BB243EA02434CF8043B08
:10FFF00057F8043B4FEA134ABCF8003009FB0A33B8
:020000040805ED
:1000000003EB1243BD424FEA134AE5D8019AA350CD
:1000100004349FE7013EA1E7B66C0508276D05088B
:100020002DE9F843154612F0030207460E4607D0A5
:10003000254C013A002354F82220FFF75DFE0646C6
:10004000AD103DD0FC697CB91020FAF793FB024655
:10005000F86128B91D4B1E4840F2B311FEF7FAFBB8
:10006000C0E901440460C460D7F81C80D8F8084097
:100070004CB940F271213846FFF71AFF0023C8F847
:100080000800044603604FF00009EB070AD531462B
:1000900022463846FFF722FF314680463846FFF7B2
:1000A00009FE46466D100BD0206838B9224621461D
:1000B0003846FFF713FF2060C0F800900446E4E7DD
:1000C0003046BDE8F88300BF280F0608406A0508DF
:1000D000276D05082DE9F0470C464968236903EBB5
:1000E0006218A368074691464FEA621A08F10106B2
:1000F000B3420BDB3846FFF79DFD054648B9024683
:10010000284B29484FF4EF71FEF7A4FB01315B0047
:10011000EEE7002300F1140100F1100218465345E8
:1001200033DB20692AEAEA7A04F1140319F01F0983
:1001300001EB8A0103EB800C2BD0C9F1200E8A461B
:100140000022186800FA09F010434AF8040B53F82B
:10015000042B9C4522FA0EF2F3D8ACEB0403153BBA
:1001600023F00303043304F11500604588BF042322
:10017000CA500AB108F10206013E38462E612146F6
:10018000FFF798FD2846BDE8F08742F8040F0133D9
:10019000C5E7043953F8042B41F8042F9C45F9D8DE
:1001A000EAE700BFB66C0508276D05080A69034633
:1001B0000069801A30B50ED11433143103EB820478
:1001C00001EB820154F8045D51F8042D954203D0EF
:1001D00005D24FF0FF3030BDA342F3D3FBE701203F
:1001E000F9E700002DE9F74F8946064611464846D3
:1001F0001446FFF7DBFF051E12D129463046FFF7F4
:1002000019FD024628B93F4B40F237213E48FEF720
:1002100021FB0123C0E90435104603B0BDE8F08F8F
:10022000BCBF4B46A1463046D9F80410BABF1C46A5
:1002300001250025FFF7FEFC024618B9314B40F2BC
:100240004521E3E7D9F810702669C56009F110036C
:1002500009F1140504F1140E00F1140B05EB8708E5
:100260000EEB86060193D9464FF0000C019B5EF819
:10027000040B53F804AF01931FFA8AF3194683B2B3
:10028000CB1A000C6344C0EB1A4000EB23409BB236
:1002900043EA0043764549F8043B4FEA204CE5D851
:1002A000331B153B23F0030315340433A64238BF38
:1002B00004231D445B441E462C4644450ED308F1DE
:1002C0000301491B21F00301033DA84538BF00216C
:1002D0000B4453F8041D91B117619DE754F8041BBA
:1002E000E646080C1CFA81FC714400EB2C4089B2F4
:1002F00041EA004146F8041B4FEA204CDDE7013F8C
:10030000E7E700BFB66C0508276D050882B08DEDE4
:10031000000B019A0F4B1340A3F15073002B08DC24
:100320005B42B3F1A07F4FEA235204DA4FF400237B
:100330001341002208E0A2F114031E2BDABF4FF094
:100340000042DA40012200231946104641EC100B0E
:1003500002B070470000F07F2DE9F041066900F11E
:10036000140808EB8606371F56F8042C1046FFF7D2
:1003700053FDC0F120030A280B601B4915DCC0F1B6
:100380000B0C22FA0CF3B84543EA010534BF56F8CA
:10039000083C0023153002FA00F023FA0CF3034363
:1003A0001C4645EC104BBDE8F081B8453ABF56F805
:1003B000083CA6F1080700230B3812D0C0F1200139
:1003C00023FA01F482402243474542F07F558CBF17
:1003D00057F8042C00228340CA4045F440151343CB
:1003E000DEE742EA0105DBE70000F03F2DE9F743D5
:1003F0000F46012159EC108B1646FFF71BFC0446F3
:1004000030B90246234B244840F20F31FEF722FA5E
:10041000C9F30A55C9F313030DB143F480130193D3
:10042000B8F1000323D068460093FFF714FDDDE91F
:100430000012D0B1C0F1200302FA03F30B43C24013
:1004400063610192019BA361002B0CBF0122022278
:100450002261A5B1A5F2334505443D60C0F13500E8
:100460003060204603B0BDE8F0836161EAE701A88F
:10047000FFF7F1FC019B636120300122E8E704EB08
:100480008203A0F2324038601869FFF7C5FCC0EB68
:100490004210E5E7B66C0508276D05082DE9F74F12
:1004A000884669468146FFF757FF01A9404655EC4B
:1004B000104BFFF751FFD8F81030D9F81020D21A9E
:1004C000DDE900315B1A03EB421357EC106B002B94
:1004D000D6BFC3EB03332A463A46AB46A246CEBF4D
:1004E00002EB035B02EB035300EE903A4BEC17ABCD
:1004F00087EE000B03B0BDE8F08F013970B54911EC
:100500001469013102F1140300EB810103EB84044F
:10051000051FA3420CD3A31A113B23F0030311328E
:10052000A24288BF002318440023884205D370BD2F
:1005300053F8046B45F8046FEBE740F8043BF4E72D
:1005400000F1140200694B11984210B511DB0ADD6D
:1005500011F01F0107D052F8234024FA01F000FAED
:1005600001F18C420BD102EB8303934203D80020AC
:1005700010BD0346F7E753F8041D0029F5D001200C
:10058000F6E70000242B2DE9F0478646904601D877
:10059000012B06D1FEF7AAF8162303600020BDE860
:1005A000F08734480D462A4615F8014B065D16F0D3
:1005B0000806F8D12D2C10D12C780126951C33F08B
:1005C000100215D1302C0DD12A7802F0DF02582A02
:1005D00008D16C78023510230AE02B2C04BF2C784C
:1005E000951CECE7002BF6D1302C14BF0A2308230E
:1005F00006F1004C0CF1FF3C0022BCFBF3F9104665
:1006000003FB19CAA4F13007092F0FD83C46A342B7
:100610001BDD571C07D0814514D301D1A24511DB46
:1006200000FB0340012215F8014BEBE7A4F1410761
:10063000192F01D8373CEAE7A4F16107192F04D834
:10064000573CE4E74FF0FF32EDE7531C08D122237B
:10065000CEF800306046B8F1000FA0D0691E06E069
:1006600006B14042B8F1000F99D0002AF6D1C8F87F
:10067000001094E7290D0608FFF784BF2DE9F84F15
:100680008146884692461F460D46AB4655F8044BB8
:100690000A992046FBF722F906460028F5D12D2CB1
:1006A00011D12C6801210BF1080537F0100318D186
:1006B000302C10D12B6823F02003582B0BD16C6801
:1006C000083510270DE02B2C03BF2C6801460BF1D9
:1006D00008050146E9E7002FF3D1302C14BF0A27A3
:1006E00008274FF0FF32B2FBF7F207FB02FC6FEA7C
:1006F0000C0C0020A4F13003092B05D9A4F141030F
:10070000192B10D8A4F137039F4216DD741C07D0B3
:1007100090420FD801D163450CDC00FB0730012665
:1007200055F8044BE6E7A4F16103192B05D8A4F1B1
:100730005703E9E74FF0FF36F2E7731C08D1222395
:10074000C9F800303046BAF1000F07D1BDE8F88F84
:1007500001B14042BAF1000FF8D00EB1A5F1040882
:10076000CAF80080F2E7000007B51346054A009278
:100770000A46014604480068FFF780FF03B05DF8B1
:1007800004FB00BF04010024700200240346084655
:1007900041B1FF2A04D98A221A604FF0FF30704716
:1007A0000A7001207047002100F000B8FF289DBFAB
:1007B000024B185C00F0070000207047290D060866
:1007C000002100F001B80000FF289DBF024B185C1B
:1007D00000F0030000207047290D0608002100F0FA
:1007E00001B80000FF2808D8064B1B56002B06DB7B
:1007F000A0F109035842584170470020704701207A
:10080000704700BF290D0608002100F001B8000064
:10081000FF289DBF024B185C00F0200000207047AD
:10082000290D06082DE9F0478E681F46BE420B6869
:1008300082460C4690462DD8B1F90C2012F4906FE8
:1008400026D06569096905EB4505A3EB010905EBB0
:10085000D5757B1C4B446D109D4238BF1D4653051A
:1008600027D52946F9F7B8FF064660B321694A46FD
:10087000FDF773FFA38923F4906343F08003A38102
:10088000266165614E44A5EB09052660A5603E46DC
:10089000BE4200D93E46206832464146FCF704F984
:1008A000A3689B1BA3602368334423600020BDE83A
:1008B000F0872A4601F04CF806460028E0D121696D
:1008C0005046FEF7CBFD0C23CAF80030A38943F055
:1008D0004003A3814FF0FF30E9E700002DE9F04F1E
:1008E00098468B891B069DB007460D46144610D5C9
:1008F0000B6973B94021F9F76FFF2860286130B99F
:100900000C233B604FF0FF301DB0BDE8F08F40235B
:100910006B610023099320238DF82930CDF80C80DA
:100920003023DFF89C818DF82A304FF001092346EF
:100930009A4613F8012B0AB1252AF9D1BAEB040B18
:100940000BD05B46224629463846FFF76BFF013045
:1009500000F0A780099A5A4409929AF80030002BB7
:1009600000F09F8000234FF0FF32CDE905230AF10C
:10097000010A049307938DF853301A9354460522C5
:1009800014F8011B4E48CFF7BBFC049AD8B9D00627
:1009900044BF20238DF85330110744BF2B238DF81B
:1009A00053309AF800302A2B15D0079A544600206D
:1009B0004FF00A0C214611F8013B303B092B4BD973
:1009C000B0B1079214E0A0EB080309FA03F3134354
:1009D0000493A246D2E7039B191D1B680391002BC9
:1009E000BBBF5B4242F0020207930793B8BF049279
:1009F00023782E2B0AD163782A2B32D1039B1A1D20
:100A00001B68039243EAE37302340593DFF8C0A046
:100A1000217803225046CFF773FC38B1049BA0EB3A
:100A20000A004022824013430134049314F8011B4E
:100A300024488DF828100622CFF762FC002836D013
:100A4000214B1BBB039B073323F00703083303939E
:100A5000099B334409936AE70CFB02320C460120E0
:100A6000A8E700230134059319464FF00A0C2046ED
:100A700010F8012B303A092A03D9002BC6D0059172
:100A8000C4E70CFB012104460123F0E703AB00930C
:100A90002A460E4B04A93846FBF782F8421C06464C
:100AA000D6D1AB895B063FF52DAF09982CE703AB98
:100AB00000932A46054B04A93846FBF7F9FAEDE7FF
:100AC000806D05088A6D0508A1BB04082508050886
:100AD000866D050838B54B1C144603D14FF0FF3521
:100AE000284638BD938923F020039381636B5268B5
:100AF000CDB28BB1A36B934208DD23685A1E2260EE
:100B000003F8015C636801336360E9E7214600F0A4
:100B1000F6FB0028F1D0E1E72169236851B1994241
:100B200008D213F8011CA94204D1013B0132236011
:100B30006260D5E7C4E90F3204F144036363032321
:100B4000A363234603F8465F23600123DCE710B567
:100B50000C46496B69B104F14403994201D0FEF798
:100B60007DFC236C63600020606313B1E36B236042
:100B700010BD2369236000236360A38943F0200331
:100B8000A3814FF0FF30F3E72DE9F04F0C46ADF5B0
:100B9000237D0021CDE94411A649A0910DF104085F
:100BA000A549A64FCDF818810646A191009392F869
:100BB0000090B9F1000F00F0588117F8093013F0D8
:100BC000080302F1010519D06368002B0FDD2368CB
:100BD0001A78BA5C120701D42A46E8E7459A01322E
:100BE000459262680133013A62602360ECE7A19BA1
:100BF0002146304698470028E9D0EDE7B9F1250FA6
:100C000040F085804193439353782A2B02BF1023F1
:100C1000951C41930A22AA461AF8011BA1F1300340
:100C2000092B1ED9DFF818B203225846CFF768FB0C
:100C300038B1419AA0EB0B00012383401343419349
:100C4000554615F8013B782B06D8572B10D8252B85
:100C50005DD057D8002B75D0032347930A234293C6
:100C600088E0439B02FB0311303943915546D2E79C
:100C7000A3F15802202AEFD801A151F822F000BFB9
:100C8000530D0508590C0508590C0508AD0D05084C
:100C9000590C0508590C0508590C0508590C05088C
:100CA000590C0508590C0508590C0508C30D050811
:100CB000A90D05080B0D05080B0D05080B0D050802
:100CC000590C0508650D0508590C0508590C05084F
:100CD000590C0508590C0508D30D05086D0D0508BC
:100CE0004B0D0508590C0508590C0508CF0D0508D2
:100CF000590C0508A90D0508590C0508590C0508DB
:100D0000530D0508453B022BA6D8052331E0636847
:100D1000002B0DDD23681A784A4540F0A680013388
:100D200062682360459B013A01336260459353E753
:100D3000A19B2146304698470028EBD044980028D4
:100D400040F08B804FF0FF308BE0419A42F0200260
:100D50004192419A42F40072419210226E2B4292CB
:100D600002D905E000234293032302E008234293C3
:100D7000042347936368002B39DD419B590604D453
:100D800023681A78BA5C120738D4479B022B47DCD9
:100D90006B46224641A9304600F06CF8012864D029
:100DA00002287FF419AFC9E70A22D7E7294640464F
:100DB00000F06CFA419B43F0400341930546012348
:100DC000D7E7419B43F0400341930023D1E702233F
:100DD000CFE74198C3063FF5FFAE009B459A191D2A
:100DE00000911B68C0074CBF1A801A60F4E6A19BF3
:100DF0002146304698470028BFD09FE7459A0132E8
:100E000045926268013A002A626002DD0133236084
:100E1000B6E7A19B2146304698470028B0D08DE721
:100E2000042B0FDC6B46224641A9304600F07CF8CB
:100E3000B4E700BFD50A05084F0B0508290D0608C1
:100E4000866D05080A4B002B3FF4C6AE6B46224662
:100E500041A93046FBF74AFAA0E7A3895B063FF5B4
:100E600071AF0DF5237DBDE8F08F4498F9E700BF21
:100E7000EDC204082DE9F84315468A6880460C4601
:100E800032B98A69002A14BF4FF0FF3201228A600A
:100E90002268DFF89090D1065FBF1A68111D1960B3
:100EA00016680027A06988B1012807D12B681A7835
:100EB00063699B5C53B9002F31D022E0022820D116
:100EC0002B681B7819F803301B071AD42368DA063D
:100ED0005EBF2B681B7806F8013B2A686B680132FD
:100EE0002A60A268013B013A6B600137A26042B1FF
:100EF000002BD7DCD4F8803129464046984700289B
:100F0000D0D0236813F0100305D1E2680132E2600B
:100F1000A26902B1337023693B4423610020BDE81C
:100F2000F88300BF290D06082DE9F04F9846744B51
:100F30000C468246164693E8070087B003AB83E869
:100F40000700704BA169704A032908BF1A46A368BD
:100F500001925A1EB2F5AE7F88BF6FF4AE75274678
:100F600082BF03EB050940F25D13A36057F81C3BF9
:100F700043F4506398BF4FF0000923603D464FF0A3
:100F8000000B316803AB097853F82B000222CFF72E
:100F9000B7F928B3BBF1010F59D162682AB92268A9
:100FA000082142F4007261602260226822F4A0628B
:100FB0002260A268511EA16092B13268511C31605A
:100FC000127805F8012B7268013A002A726007DC7A
:100FD000D4F88021314650469047002840F0858063
:100FE0000BF1010BBBF1030FCBD163680BB90A23E3
:100FF0006360636845496069C91A00F047F94FF0BA
:10100000000BA3682268002B3DD03168606991F81D
:1010100000C010F80C00002835D0BCF1300F24D1EE
:10102000100522D50BF1010BB9F1000F03D00133EC
:1010300009F1FF39A3607368013B002B73601BDD6E
:10104000336801333360A368013BA360D9E7BBF188
:10105000020FAED1226802F4C061B1F5007FC4D1A5
:101060001021616042F48072A2E722F410622260D3
:101070000B7805F8013BDEE7D4F880313146504665
:1010800098470028DFD02368D9050DD5BD4209D97E
:1010900015F8011CD4F87C3132465046984705F1CA
:1010A000FF394D46BD4228D0226812F0100213D1FC
:1010B0002A706368019E39465046B047D8F8003020
:1010C00021681A1DC8F8002011F0200F1B680FD0EE
:1010D0001860E3680133E3602369ED1B5D442B4432
:1010E0002361002007B0BDE8F08F4FF0000BCAE786
:1010F000CA074CBF18801860EBE70120F2E700BF79
:10110000B833050879060508F9B50408A16D050886
:10111000B1F90C202DE9F041160705460C4654D4D0
:101120004B68002B02DC0B6C002B48DDE66A002EBE
:1011300045D0002312F480522F68216A2B6030D0F2
:10114000626DA389590705D56368D21A636B0BB129
:10115000236CD21A0023E66A216A2846B047431C52
:10116000A38906D129681D292BD82A4ACA40D60747
:1011700027D500226260D9042269226004D5421C6E
:1011800001D12B6803B96065616B2F60B9B104F1BF
:101190004403994202D02846FEF760F900236363B6
:1011A0000DE001232846B0470246501CC9D12B68E8
:1011B000002BC6D01D2B01D0162B1ED12F60002076
:1011C00022E043F040031BB21BE00F69002FF6D072
:1011D00093070E6808BF4B690F6018BF0023A6EB8A
:1011E00007088B60B8F1000FE9DD216AA66A434663
:1011F0003A462846B047002808DCB4F90C3043F0E2
:101200004003A3814FF0FF30BDE8F0810744A8EB15
:101210000008E7E70100402038B50B6905460C4699
:1012200013B90025284638BD18B1036A0BB9FBF77E
:10123000EFFAB4F90C30002BF3D0626ED00704D46F
:10124000990502D4A06DFDF77DFA28462146FFF7E7
:101250005FFF636EDA070546E4D4A3899B05E1D4FA
:10126000A06DFDF771FADDE70EB403B5014603ABDF
:10127000054853F8042B0068019300F0C1FB02B04D
:101280005DF804EB03B070477002002470B50B7872
:1012900004465E2B0BBF4B784A1C8A1C002108BFFA
:1012A0000121013804F1FF0500F8011FA842FBD11C
:1012B0000BB9501E70BD81F00101E1541046024689
:1012C00012F8015B2D2D05D05D2D16D0002DF1D02B
:1012D0002B46F2E746785D2EFAD0B342F8DC0230B6
:1012E0001A4601329642A154FBDCF21A013A5D1C07
:1012F000B342A8BF0022AB18E1E71046DAE72DE9B8
:10130000F0410C46496B04F1440399421DD14FF45E
:101310008061F9F761FA18B94FF0FF30BDE8F0814C
:101320004FF48063A36394F84630606380F8FF3322
:1013300094F8453080F8FE3394F8443080F8FD335B
:1013400000F2FD3020600020E8E7A66B77003A4607
:1013500000F0FEFA05460028DED000EB0608014644
:1013600032464046FDF7F9F9C4E90D57C4F800804C
:10137000E9E7000010B50446084611461A468E28D3
:1013800000F23081DFE810F08F0038019200940005
:10139000960098009A009C009E00A200A400A8005D
:1013A000AA00AC00AE002E01B000B200B400B6003E
:1013B000B800BE00C000C600C800CA00CC00CE0005
:1013C000D200D600D800DA00DC00DE00E000E20047
:1013D000E4002E012E012E012E012E012E012E01E0
:1013E0002E01E800EC002E012E012E012E012E010F
:1013F0002E012E012E012E012E012E012E012E0175
:10140000EE000801F000F2002E012E012E01F40082
:101410002E012E012E01F6002E012E01FA002E01C2
:101420002E01FC002E012E012E012E012E012E0177
:101430002E012E012E012E01FE002E0100010201BF
:1014400004012E012E0126012E012E012E012E0156
:101450002E012E012E012E01140106010A010C019C
:101460000E0110012E01120116011A01EA00C2003C
:101470002C01BA00D000BC00A000A6002A01F80090
:101480002E011801C4001E011C012E012E012E0187
:101490002E012E01D4002E012E012E01E60028017E
:1014A000200122012401554B184610BD544BFBE787
:1014B000544BF9E7544BF7E7544BF5E7544BF3E73C
:1014C000544BF1E7544BEFE7544BEDE7544BEBE74C
:1014D000544BE9E7544BE7E7544BE5E7544BE3E75C
:1014E000544BE1E7544BDFE7544BDDE7544BDBE76C
:1014F000544BD9E7544BD7E7544BD5E7544BD3E77C
:10150000544BD1E7544BCFE7544BCDE7544BCBE78B
:10151000544BC9E7544BC7E7544BC5E7544BC3E79B
:10152000544BC1E7544BBFE7544BBDE7544BBBE7AB
:10153000544BB9E7544BB7E7544BB5E7544BB3E7BB
:10154000544BB1E7544BAFE7544BADE7544BABE7CB
:10155000544BA9E7544BA7E7544BA5E7544BA3E7DB
:10156000544BA1E7544B9FE7544B9DE7544B9BE7EB
:10157000544B99E7544B97E7544B95E7544B93E7FB
:10158000544B91E7544B8FE7544B8DE7544B8BE70B
:10159000544B89E7544B87E7544B85E7544B83E71B
:1015A000544B81E7544B7FE7544B7DE7544B7BE72B
:1015B000544B79E7544B77E7544B75E7544B73E73B
:1015C000544B71E7544B6FE7544B6DE7544B6BE74B
:1015D000544B69E7544B67E7544B65E7544B63E75B
:1015E000544B61E7002A08BF224600F0A9F8524B8D
:1015F000002818BF034657E7504B55E7A96D05086B
:10160000BB6D0508D56D0508E56D0508FD6D050880
:10161000076E0508216E0508336E0508456E05083E
:101620005E6E05086E6E05087A6E0508976E0508F1
:10163000A96E0508BA6E0508CC6E0508D86E0508B7
:10164000F06E0508FC6E05080E6F05081D6F050895
:101650002D6F05083A6F0508596F0508686F050872
:10166000796F05089D6F0508BB6F0508D96F0508E0
:10167000F96F0508107005081F7005082E70050821
:10168000427005085A7005086870050875700508ED
:101690008B7005089A700508A6700508D5700508B6
:1016A000E670050801710508147105082A7105081E
:1016B000337105084A710508527105085F71050804
:1016C0007471050888710508A0710508AF710508D7
:1016D000C0710508D3710508DF710508F8710508A8
:1016E0000C720508277205083F7205085972050833
:1016F0006172050891720508B0720508CF7205087D
:10170000E6720508F97205081273050829730508C1
:101710003F7305086073050878730508947305081E
:10172000A7730508BD730508D1730508F373050891
:10173000197405082A740508506C0508B16D050870
:1017400000207047031F53F8040F51F8042B9042F8
:1017500001D0801A01E00028F5D170470023036012
:101760000439034651F8042F0AB91A60704743F848
:10177000042BF7E710B50B466AB953F8042B002A7F
:10178000FBD104E053F8044B40F8044B1CB9581A41
:101790008010013810BD013AF4D10260EDE700007D
:1017A00000487047C80200242DE9F8430446FFF7BB
:1017B000F7FF40F2B1739C4240F3A3806FF4F661EF
:1017C0006518A4F2B27340F26D12AD1002FB03551E
:1017D0006FF4C8666FF06302A4F26D7393FBF2F3CB
:1017E0001D44A319484E44604FF4C8720146B3FB30
:1017F000F2F300F150071D440B7AD1F814C04A2BC4
:1018000038D1A20705EB0C0306D14FF0640E94FB10
:10181000FEF20EFB124232B94FF4C87E94FBFEF288
:101820000EFB12421ABBBCF13B0FD4BF4FF0000CB1
:101830004FF0010C6344013B8A694FEAE27CC3FB31
:10184000062C8B6AD2184CEBE373C1E908232831CC
:101850008F42D1D1D0E90843D0E912128C42934192
:10186000B4BF0123002303600120BDE8F8834FF0DB
:10187000000CDFE7442B02D105EB0C03DCE7A307E8
:1018800005D1642294FBF2F302FB134393BB4FF4A4
:10189000C87294FBF2F302FB1343B3FA83F35B09C0
:1018A000DFF868E0D1F80C905B4203F030032A4681
:1018B0004FF00008734408F10108C14553F828E0CF
:1018C0001ADC02F10408072398FBF3F3C3EBC3030C
:1018D000A8EB0303BCEB030C0B6903F1FF3348BF18
:1018E0000CF1070CC3EBC3039C44F44506DA02EB8E
:1018F0000C03A1E70123D3E77244DCE7ACF1070C4A
:10190000F3E70020B1E700BF80510100281006086E
:1019100070B5A1FB025434B92946F8F75DFF0646BD
:1019200028B9304670BD0C2202600026F9E72A462D
:101930002146FBF7D3F8F4E70148FCF703BF00BFEB
:1019400005D001240148FCF7FFBE00BF05D00124EB
:101950002DE9F041074614460D4621B9BDE8F04196
:101960001146F8F739BF2AB9FDF778FD2546284614
:10197000BDE8F08100F0F0F98442064602D8B4EBED
:10198000500FF4D821463846F8F726FF804608B9AC
:101990004546ECE7B4422246294628BF3246FCF7CA
:1019A000DCFE29463846FDF759FDF1E79368013B17
:1019B000002B10B4936008DA9469A34201DB0A2972
:1019C00003D15DF8044B00F033B91368581C106064
:1019D000197008465DF8044B7047F8B506460F4687
:1019E0001446D518AC4201D1002007E014F8011BC1
:1019F0003A463046FFF7DAFF431CF3D1F8BD00004A
:101A00002DE9F04F0D469DB014469846064618B194
:101A1000036A0BB9FAF7FCFE6B6ED90705D4AB89E4
:101A20009A0502D4A86DFCF78DFEAB891B0701D582
:101A30002B699BB92946304600F038F970B16B6EBE
:101A4000DC0704D54FF0FF301DB0BDE8F08FAB8947
:101A50009805F7D4A86DFCF777FEF3E70023099308
:101A600020238DF82930CDF80C803023DFF8AC81AD
:101A70008DF82A304FF0010923469A4613F8012BBE
:101A80000AB1252AF9D1BAEB040B0BD05B462246EA
:101A900029463046FFF7A1FF013000F0A780099AE0
:101AA0005A4409929AF80030002B00F09F800023DE
:101AB0004FF0FF32CDE905230AF1010A04930793A1
:101AC0008DF853301A935446052214F8011B5348DD
:101AD000CEF716FC049AD8B9D10644BF20238DF85E
:101AE0005330130744BF2B238DF853309AF800303E
:101AF0002A2B15D0079A544600204FF00A0C214695
:101B000011F8013B303B092B4BD9B0B1079214E0DF
:101B1000A0EB080309FA03F313430493A246D2E7A8
:101B2000039B191D1B680391002BBBBF5B4242F056
:101B3000020207930793B8BF049223782E2B0AD191
:101B400063782A2B32D1039B1A1D1B68039243EA48
:101B5000E37302340593DFF8D4A0217803225046C2
:101B6000CEF7CEFB38B1049BA0EB0A0040228240A6
:101B700013430134049314F8011B29488DF82810ED
:101B80000622CEF7BDFB00283FD0264B1BBB039B94
:101B9000073323F0070308330393099B3B4409935E
:101BA0006AE70CFB02320C460120A8E7002301344F
:101BB000059319464FF00A0C204610F8012B303AD5
:101BC000092A03D9002BC6D00591C4E70CFB0121DB
:101BD00004460123F0E703AB00932A46124B04A905
:101BE0003046F9F7DDFF0746781CD6D16B6ED90772
:101BF00005D4AB899A0502D4A86DFCF7A5FDAB8985
:101C00005B063FF51FAF09981EE703AB00932A461A
:101C1000054B04A93046FAF74BFAE4E7806D050856
:101C20008A6D0508A1BB0408DB190508866D050847
:101C3000F8B50E461446054618B1036A0BB9FAF713
:101C4000E7FDA369A360A3891A0701D5236943B9F6
:101C50002146284600F02AF818B14FF0FF373846E1
:101C6000F8BD23682269981A6369F6B28342374641
:101C700005DC21462846FFF7CFFA0028EDD1A368FE
:101C8000013BA36023685A1C22601E706269431CDA
:101C90009A4204D0A389DB07E1D50A2EDFD1214681
:101CA0002846FFF7B9FA0028D9D0D6E738B5294B2E
:101CB000054618680C4618B1036A0BB9FAF7A8FD77
:101CC000B4F90C30190722D4DA0607D409222A60A5
:101CD00043F04003A3814FF0FF3033E0580712D5A3
:101CE000616B41B104F14403994202D02846FDF7EB
:101CF000B5FB00236363A38923F02403A38100239E
:101D0000636023692360A38943F00803A3812369E7
:101D10004BB9A38903F42073B3F5007F03D02146A8
:101D2000284600F047F8B4F90C3013F001020AD04D
:101D30000022A26062695242A261226942B913F094
:101D40008000C5D138BD990758BF6269A260F4E729
:101D50000020F7E77002002451F8043C181F002B04
:101D6000BCBF0B58C018704770B50C46B1F90E10C7
:101D7000002996B015461E460DDAA38913F0800F90
:101D80004FF0000114BF40234FF480630020316006
:101D90002B6016B070BD6A4600F048F80028ECDBF6
:101DA000019901F47041A1F50053594259414FF492
:101DB0008063EBE78B89F7B59D0706460C4607D590
:101DC00004F14703236023610123636103B0F0BD85
:101DD00001AB6A46FFF7C8FF009F0546394630460B
:101DE000F8F7FAFC48B9B4F90C309A05EED423F0B0
:101DF000030343F00203A381E2E7A389206043F0D9
:101E00008003A381019BC4E904075BB1B4F90E1000
:101E1000304600F01DF828B1A38923F0030343F0F6
:101E20000103A381A3891D43A581CFE738B5074DE1
:101E300000230446084611462B60D7F74AF9431C95
:101E400002D12B6803B1236038BD00BF00D001244C
:101E500038B5064D0023044608462B60D7F73EF9F7
:101E6000431C02D12B6803B1236038BD00D001248C
:101E70000CB430B5184BB1F1005F1D689DB00C4635
:101E800008D38B232B604FF0FF301DB0BDE83040EE
:101E900002B070474FF40273ADF8143000231B9367
:101EA00002900690B1B14B1E9B00049307934FF62E
:101EB000FF73ADF81630209A21AB02A92846019392
:101EC00000F0E2F8002CDCD0029B0022A0421A6055
:101ED000DBD3D6E70B46E8E7700200242DE9F04E8D
:101EE0002DED028BB0EE408B84B0DDE90E6B924697
:101EF00018EE902A2BF02009002AB6BF2D220022CE
:101F0000B1EE408BB9F1410FDDE910750C461A6056
:101F100068D1B0EE480B304601F0C6F9B4EE007B54
:101F200020EE070BB5EE400BF1EE10FA04BF0123D3
:101F300033605249524BB3EE007BBBF1610F08BFD7
:101F40001946013C2B4620EE070BFDEEC06B16EE4A
:101F5000902A51F8220043F8040B601CB8EEE66B9F
:101F600030EE460B0CD0B5EE400BF1EE10FA04F15A
:101F7000FF3203D122461946302029E01446E2E719
:101F8000B6EE007BB4EEC70BF1EE10FA06DCB4EE51
:101F9000470BF1EE10FAEDD1D207EBD5CC6B18461A
:101FA000302600E0066050F8042DA242FAD0392A0B
:101FB0000CBF8A6A013202605B1B9B103B602846A3
:101FC00004B0BDEC028BBDE8F08E41F8040B013A81
:101FD000002AFADA621C01344FEA8202B8BF0022FA
:101FE0001344E9E7B9F1460F05D0B9F1450F00D127
:101FF0000134022100E0032103AB019302AB009303
:1020000022463346B0EE480BFCF7CAFCB9F1470F45
:1020100020D11AF0010F0ED1039B1B1A3B60002345
:102020003A689A42CBDD129A9342C8DAC25C45F80C
:1020300023200133F4E70319B5EE408BF1EE10FADB
:1020400008BF03933021039A9A42E5D2541C0394AB
:102050001170F8E7B9F1460F00EB0403ECD10278F8
:10206000302A07D1B5EE408BF1EE10FA1CBFC4F157
:102070000104346032681344DEE700BF04E0050861
:10208000C0DF0508000000002DE9F04F2DED028BA8
:10209000ADF5257D1E4600238B4618931C93814683
:1020A0000C92FCF7B5FA03681B781993BBF80C3057
:1020B0001F0615D5DBF8103093B940214846F8F7D4
:1020C0008BFBCBF80000CBF8100030B90C23C9F81B
:1020D00000304FF0FF330F933EE14023CBF8143034
:1020E0000023CDE920339FED8C8B30AC1F941193EE
:1020F00013930D930F930C9B1D4653F8042B0AB1B9
:10210000252AF9D10C9BAB420FD0EF1ABF10C4E9BE
:102110000037219B3B442193209B0133072B2093C5
:1021200074DC08340F9B3B440F932B68002B01F0A9
:10213000818000222B1D17924FF0FF380E9215461A
:1021400053F8042B08920C93089B203B5A2B00F267
:10215000FC84DFE813F07A00FA04FA048000FA0441
:10216000FA04FA046500FA04FA0483008D00FA0404
:102170008A008F00FA04AB00AE00AE00AE00AE00E5
:10218000AE00AE00AE00AE00AE00FA04FA04FA04EF
:10219000FA04FA04FA04FA043F01FA04E900FA0422
:1021A0003F013F013F01FA04FA04FA04FA04C100B6
:1021B000FA04FA04FA04FA04FA04FA04E903FA0441
:1021C000FA04FA04FA046304FA04FA04FA04FA04B6
:1021D000FA04FA04FA04FA043F01FA04E9001601C9
:1021E0003F013F013F01C4001601D800FA04D100AD
:1021F000FA048303A303D903D800FA04E90378009F
:102200004304FA04FA047F04FA0478001FAA59462A
:10221000484601F07DF8002840F0998030AC81E715
:102220004846FCF7F5F9436848461B781893FCF7D5
:10223000EFF983680D93189B2BB10D9B1BB11B7895
:102240000BB145F480650C9B7AE7179B002BFAD104
:1022500020231793F7E745F00105F4E756F8043B10
:102260000E93002BEFDA5B420E9345F00405EAE78C
:102270002B23EEE70C9B53F8042B08922A2A11D14A
:1022800056F8042B0C9342EAE278DCE701FB0828BD
:1022900053F8042B0892089A303A092AF6D948EAEA
:1022A000E87850E74FF000080A21F4E745F0800590
:1022B000C9E700230E930A22089B0E99303B02FBCC
:1022C00001330E930C9B53F8041B0C93A1F13003C4
:1022D000092B0891F0D937E745F00805B3E70C9BC7
:1022E0001B68682B01BF0C9B04330C9345F40075ED
:1022F00018BF45F04005A6E70C9B1B686C2B05D169
:102300000C9B04330C9345F020059CE745F0100529
:1023100099E700BFAFF3008000000000000000005C
:10232000FFFFFFFFFFFFEF7F334653F8040B0993D6
:10233000089B632B17D1EE0615D4F9F777F9411CEA
:1023400011D1BBF80C3043F04003ABF80C30BBF8B4
:102350000C305B063FF5BDAE0F980DF5257DBDEC4D
:10236000028BBDE8F08F0023409041931793CDE995
:102370000A339A461F461E4640AB4FF001080793AA
:1023800023E1AA0611D5073626F007031A465F682F
:1023900052F8086B0992002F05DA76424FF02D03B0
:1023A00067EB47071793012388E2334653F8047B12
:1023B0000993EB0602D53E46FF17ECE76E0603D500
:1023C0003EB247F3C037E6E7A805F4D57EB247F33F
:1023D000C017E0E7073626F00703B3EC028B1FEDCA
:1023E000307BB0EEC86BB4EE476BF1EE10FA099398
:1023F00015DDB5EEC08BF1EE10FA01D52D23179344
:102400000E4A0F4B0899472998BF1A46079225F0A4
:1024100080054FF0000A4FF00308574663E3B4EE1F
:10242000488BF1EE10FA11D718EE903A002BBCBF92
:102430002D231793034A044BE4E700BF58E0050837
:1024400048E0050878E0050868E00508089B612B6E
:1024500000F08281412B40F0818158233022B8F175
:10246000630FCDE91D2345F0020540F3828108F199
:10247000010189004846F8F7AFF900283FF461AF41
:1024800082466423CDE90303B0EE480B089B019319
:1024900045F480771BAB1CAE009302961AAB3A460C
:1024A00041464846FFF71AFD40AB984207901FD1BE
:1024B0003368642B1CDDBAF1000F19D1990048462E
:1024C0000793F8F789F9079B824600283FF439AF54
:1024D000B0EE480BCDE90303089B01931BAB0093BF
:1024E00002961AAB3A4641464846FFF7F7FC07907A
:1024F000089B1B9E23F02003472B40F04781F11CD3
:1025000002DBB04580F26381089B023B0893089A86
:1025100022F02002412A0CBF089A089906F1FF33E5
:102520000ABF02F10F0100220122002B1B93B8BF4A
:10253000C6F101032291B4BF2D212B21092B239138
:1025400040F3398130A90A270A46B3FBF7F607FBA7
:102550001630303042F8040C18466328A1F104010B
:102560003346F1DC303341F8043CA2F1080023ABE0
:1025700030A98842C0F01A810DF1CB039B1A23F0D9
:1025800003030B3A914238BF002324AA02EB03084D
:1025900022ABA8EB03084FEAA80313931C9B012B63
:1025A00003EBA80801DCEA0701D508F101080023C4
:1025B000CDE90A3325F4806545F480771E461A9BE1
:1025C000002B40F048813D46002747453B46B8BFB9
:1025D00043461093179B13B1109B0133109315F0D2
:1025E000020312931EBF109B0233109315F0840355
:1025F000149320D10E9B109A9B1A002B1BDDDDE952
:10260000202CA1492160102B02F1010204F10800E5
:1026100000F3A4820CEB0301072ACDE920216360BB
:1026200040F3B1821FAA5946484600F071FE0028C7
:1026300040F0DE8530AC1799219B17AA59B1226072
:10264000012213442193209B62601344072B2093A3
:1026500000F39B820834129A219B62B11DAA22606A
:10266000022213442193209B62600133072B2093A5
:1026700000F395820834149B802B20D10E9B109A76
:102680009B1A002B1BDDDDE9202C80492160102BDB
:1026900002F1010204F1080000F390820CEB030147
:1026A000072ACDE92021636040F39D821FAA594685
:1026B000484600F02DFE002840F09A8530ACA7EB8C
:1026C0000807002F1ADDDDE9203270482060102F46
:1026D00003F1010304F1080100F387826760072B0F
:1026E0001744CDE9203740F393821FAA5946484644
:1026F00000F00EFE002840F07B8530ACE905219B00
:1027000000F1888243442193209B079A0133072BD1
:10271000C4E90028209300F3BD8208346A0700F161
:102720004985DDE90E2310998A42ACBF9B185B18DE
:102730000F93219B3BB11FAA5946484600F0E8FD84
:10274000002840F0558500232093BAF1000F40F097
:102750006B85099E30ACCEE478237FE6B8F1FF3F6D
:102760000AD0089B23F02003472B02D1B8F1000FB9
:1027700008D04FF0000A03E04FF0000A4FF00608BF
:1027800040A87EE6C2464FF00108F9E7462B7FF4E9
:10279000BEAE05F00103002E43EA080322DD5BB361
:1027A00008F10108B044662308932BE050F8046B4D
:1027B00043F8046FDDE63AB9302224920DF1940813
:1027C000303348F8043BE3E60DF19008F8E71C9B32
:1027D000B3420BDD002ED4BFC6F102084FF0010852
:1027E000984407E053B108F10208DCE7EB071CD579
:1027F00006F101086723D7E7B046D4E766230893BC
:102800004FF0010815F480630B9321D00023002EB4
:10281000CDE90A337FF7D3AE0D9B1B78FF2B06D192
:10282000DDE90A2313449844C9E6B046E2E7B3421F
:10283000F6DAF61A0D9B5B7833B10B9B01330B93E1
:102840000D9B01330D93E7E70A9B01330A93E3E7FE
:102850000B9B0A93B3E62D231793B4E6AF0607D577
:102860000F9A33680F99D217C3E90012043642E475
:10287000E80603D533680F9A1A60F7E7690607D5AB
:1028800033680F9A1A80F1E7CC1006088C100608FE
:10289000AA05EFD533680F9A1A70E7E715F0200301
:1028A0001FD0073626F007031A465F6852F8086BF8
:1028B000099225F48065002300221792B8F1000FD9
:1028C000C0F2C38425F080020A9256EA070240F063
:1028D000C184B8F1000F00F03181012B40F0BD84BC
:1028E000D1E0324615F0100752F8046B099201D07E
:1028F0001F46DEE715F0400301D0B6B2D9E715F464
:102900000077D6D0F6B2F3E73346782253F8046B5B
:1029100009933023CDE91D32A64B1193002745F0D2
:10292000020502230892C7E7334653F8042B0993A4
:1029300000231793089B0792532B35D015F01006F0
:1029400032D1B8F1000F14DB0798424631464746B2
:10295000CDF7D6FC08B1079BC71A632F0ED9791C97
:1029600089004846F7F738FF00283FF4EAAC824672
:1029700007E00798CDF714FD0746EEE74FF0000A91
:1029800040A8B8460023BB4208D1002740F8237076
:102990007323CDE90A770790089316E6079AD25C6D
:1029A00040F823200133EEE7B8F1000F11DB079860
:1029B00042460021FAF7EEF8824600283FF42DAD9A
:1029C000079BC31A9B109845A8BF98464FF0000A72
:1029D00023E50798FAF7D3F88046F7E715F02003C8
:1029E00009D0073626F007031A465F6852F8086BCD
:1029F0000992012360E7324615F0100752F8046B84
:102A0000099201D01F46F4E715F0400301D0B6B299
:102A1000EFE715F40077ECD0F6B2F3E7664B1193CD
:102A200015F0200318D0073626F007031A465F6812
:102A300052F8086B0992EB0708D556EA070305D050
:102A400030231D93089B1E9345F0020525F48065F5
:102A5000022331E7574BE2E7324615F0100752F8F0
:102A6000046B099201D01F46E5E715F0400301D041
:102A7000B6B2E0E715F40077DDD0F6B2F3E70A2E40
:102A800077F1000304D23036A396A3AB00F006BC66
:102A90000A9B002503F480631C950DF5247A0B93A3
:102AA0000A22002330463946CDF74CFFAAF1040331
:102AB00007930B9B30324AF8042C013543B30D9B2E
:102AC0001B789D4224D1FF2D22D00A2E77F10007DA
:102AD0000DD21C95079A0A9DA4AB9B1A47464FF04E
:102AE000000A4FEAA308CDE90AAA56466DE5AAF105
:102AF00008030793189B4AF8083C0D9B5D7815B1B5
:102B000001330D930025DDF81CA006460F46C7E7EC
:102B10000A2E77F10007F6D2DBE7119A06F00F03D1
:102B2000360952F82330079A46EA077642F8043D00
:102B30003F0956EA07030792EFD1CBE71BB9E80735
:102B400001D53026A0E7A4ABA8E3089B002B00F03A
:102B50007183409300231793099608E41021616064
:102B6000072A6144CDE920210ADD1FAA59464846BB
:102B7000159300F0CDFB002840F03A83159B30A858
:102B8000103B04463BE5044655E51FAA5946484616
:102B900000F0BEFB002840F02B8330AC5BE51FAAA1
:102BA0005946484600F0B4FB002840F0218330AC81
:102BB00061E500BFC0DF050804E005081021616081
:102BC000072A6144CDE920210ADD1FAA594648465B
:102BD000129300F09DFB002840F00A83129B30A85E
:102BE000103B04464FE5044669E510200244072BDC
:102BF000CDE92032606008DD1FAA5946484600F042
:102C000087FB002840F0F48230A9103F0C465AE5BB
:102C10000C4673E5089A652A40F24982B5EE408B6E
:102C2000F1EE10FA67D1714A226001221344219318
:102C3000209B62601344072B209335DC0834DDE9C8
:102C40001B36B34202DBEA077FF568AD19AB2360A0
:102C500001236360219B01332193209B0133072BC8
:102C600020932BDC0834013E002E7FF757AD604FD8
:102C70004FF01008DDE92032102E03F1010304F1BA
:102C80000801276024DC6660072B1644CDE9203656
:102C900040F38B821FAA5946484600F039FB0028B2
:102CA00040F0A68230AC39E51FAA5946484600F0EC
:102CB0002FFB002840F09C8230ACC0E71FAA594689
:102CC000484600F025FB002840F0928230ACCAE76D
:102CD0001032072BCDE92032C4F8048008DD1FAA8A
:102CE0005946484600F014FB002840F0818230A984
:102CF000103E0C46BEE71B9A002A7BDC3B4A226052
:102D0000012213442193209B62601344072B2093DC
:102D100045DC08341C9F1B9B219A3B4305F00101B5
:102D20000B433FF4FBAC19AB236001231A446360EF
:102D3000209B21920133072B20933ADC04F10803F6
:102D40001B9E002E1CDA2A4C76421A464FF01008C1
:102D5000DDE92010102E01F1010103F108031460D8
:102D600031DC566007290644CDE9201608DD1FAA8C
:102D70005946484600F0CCFA002840F0398230AB82
:102D8000079AC3E90027219A3A442192209A0132F6
:102D9000072A20923FF77EAF03F10804BEE41FAA82
:102DA0005946484600F0B4FA002840F0218230AC81
:102DB000B0E71FAA5946484600F0AAFA002840F09A
:102DC000178230ABBCE710300729CDE92010C2F8DC
:102DD000048008DD1FAA5946484600F099FA0028E9
:102DE00040F0068230AB103E1A46B1E788E0050895
:102DF0008C1006081C9A089292001292089A42F3CC
:102E00001D08B045A8BFB046B8F1000F0BDD434424
:102E10002193209B079A0133072BC4E900282093B4
:102E200000F38E800834B8F1000FACBFA6EB0807A2
:102E30003746002F1CDDDFF87883C4F80080DDE919
:102E40002032102F03F1010304F1080100F3828006
:102E50006760072B1744CDE9203740F38E801FAA07
:102E60005946484600F054FA002840F0C18130AC81
:102E7000079B03EB86066B050BD50B9B002B0A9B70
:102E80007DDC002B7DDC079B129A13449E4228BFF9
:102E90001E461B9B089A9A4201DCEF070DD519AB21
:102EA000236001236360219B01332193209B013325
:102EB000072B209300F3E7800834129B079F089AA2
:102EC0001F441B9BBF1BBF10D31A9F42A8BF1F46A6
:102ED000002F219B0ADD3B442193209B0133072BCC
:102EE000C4E90067209300F3D88008341B9E089B38
:102EF000002FA3EB0606A8BFF61B002E7FF70EAC33
:102F0000AB4F4FF01008DDE92032102E03F1010322
:102F100004F1080127607FF7B6AE1032072BCDE928
:102F20002032C4F8048008DD1FAA5946484600F044
:102F3000EFF9002840F05C8130A9103E0C46E2E732
:102F40001FAA5946484600F0E3F9002840F0508196
:102F500030AC68E710200244072BCDE920326060D6
:102F600008DD1FAA5946484600F0D2F9002840F073
:102F70003F8130A9103F0C465FE70C4678E7002BF5
:102F800051DD0A9B013B0A9318AB23600123636068
:102F9000219B01332193209B0133072B209349DC94
:102FA0000834079B129A03EB02080D9BA8EB060856
:102FB0001B784FEAA8089845A8BF9846B8F1000FBB
:102FC000219B09DD43442193209B0133072BC4E956
:102FD0000068209338DC08340D9B1F78B8F1000F8F
:102FE000A8BFA7EB0807002F18DDDDE920327048E5
:102FF0002060102F03F1010304F108012EDC67604B
:10300000072B1744CDE920373BDD1FAA5946484618
:1030100000F07EF9002840F0EB8030AC0D9B1B786F
:1030200006EB830629E70D9B013B0D930B9B013BB0
:103030000B93A9E71FAA5946484600F069F90028F2
:1030400040F0D68030ACACE71FAA5946484600F0A5
:103050005FF9002840F0CC8030ACBDE7102002447E
:10306000072BCDE92032606008DD1FAA594648468B
:1030700000F04EF9002840F0BB8030A9103F0C460C
:10308000B3E70C46CAE71FAA5946484600F040F984
:10309000002840F0AD8030AC0FE71FAA59464846E3
:1030A00000F036F9002840F0A38030AC1EE72099EC
:1030B0001C9E079820605A1C01310120012ECDE989
:1030C000201204F10803606001DCE80768D50729D5
:1030D00008DD1FAA5946484600F01AF9002840F0BA
:1030E000878030AB19AA1A6001225A60219A0132F6
:1030F0002192209A0132072A209223DC0833B5EE70
:10310000408BF1EE10FADDE9202106F1FF3422D0E8
:103110000798013204302144072AC3E90004CDE9AD
:10312000202140DD1FAA5946484600F0F1F800284A
:103130005ED130AB22AA1A60139A13995A60219A71
:103140000A4422E61FAA5946484600F0E1F8002842
:103150004ED130ABD3E7012EECDD154E1027DDE963
:103160002021102C02F1010203F108001E6007DC8F
:103170005C60072A0C44CDE92024D3DC0346D9E760
:103180001031072ACDE920215F6006DD1FAA5946CC
:10319000484600F0BDF858BB30A8103C0346DEE7B7
:1031A0000729C7DDBEE70833C4E70C46FFF7B6BA08
:1031B0008C1006080E9B109A9D1A002D7FF7B1AA5D
:1031C000374E1027DDE92032102D03F10103266070
:1031D00018DC6560072B1544CDE920357FF7A1AADF
:1031E0001FAA5946484600F093F800283FF499AAD0
:1031F000BAF1000F3FF4ABA851464846FCF72EF950
:10320000FFF7A5B81032072BCDE92032676002DC4A
:103210000834103DD6E71FAA5946484600F078F812
:103220000028E5D130ACF4E751464846FCF716F9E2
:10323000FFF78FBA219B002B3FF489A81FAA59469C
:10324000484600F065F8FFF782B856EA07020A958B
:103250003FF443AB012B3FF412AC022BA4AB07931A
:103260003FF45BAC079A06F007031146303341F890
:10327000043DF60846EA4776FF08079156EA07013B
:10328000F0D10A99CD077FF525AC302B3FF422AC65
:103290000799302341F8043CA2F10803079319E48D
:1032A000CC10060800000000002210EE901A026008
:1032B000154A21F00043934221D810EE102A1A43F8
:1032C0001DD0124A0A4052B99FED0D7B20EE070B2C
:1032D00010EE901A6FF0350221F000430260026890
:1032E0001B15A3F2FE331A446FF31E51026053EC18
:1032F000102B41F07F5343F4001343EC102B704725
:103300000000000000005043FFFFEF7F0000F07F4F
:103310002DE9F041156806460F461446A3680835A6
:103320002BB900200023C4E90133BDE8F0816368B4
:103330005A1E002B6260F4DD55F8048CB8F1000FC2
:10334000ECD04FEA880355F8082C39463046FDF793
:1033500069FA431CE6D0A368A3EB0803A360DDE78A
:10336000F8B500BFF8BC08BC9E467047F8B500BF72
:08337000F8BC08BC9E46704742
:10337800C3340508D3340508DD340508E7340508E7
:10338800023605080B3605081436050818360508F0
:103398001C36050821360508023605080B360508CF
:1033A8001C360508213605081436050818360508A0
:1033B800A36D0508B43C0508A66D0508626173692C
:1033C800635F737472696E673A20636F6E737472A9
:1033D800756374696F6E2066726F6D206E756C6CA4
:1033E800206973206E6F742076616C6964007B229B
:1033F8004837223A226F7574206837222C224944B4
:10340800223A25642C22455252455552223A2573B8
:103418007D0A004374726C53746174650054686566
:1034280072416972007B22427573223A25642C220C
:103438004E616D65223A222573222C2267656E72D1
:1034480065223A222573222C224944223A25642CEB
:103458000022446570617373656D656E74206475D0
:1034680020627566666572222C226964223A256498
:1034780000494400222573223A252E316600222570
:1034880073223A252E366700222573223A252E30DC
:103498006600224A534F4E2074726F70206C6F6E14
:1034A8006720706F75722073706C697420656E2068
:1034B80032222C226964223A2564005361747572A1
:1034C8006174656454656D70506300414361706157
:1034D8006369747900414374726C54656D7000536C
:1034E800617475726174656454656D704100224839
:1034F80065786120696E76616C696465222C227436
:10350800797065223A222573222C227265676973C5
:10351800747265223A222573222C226964223A2584
:10352800642C22627573223A256400224465706116
:103538007373656D656E74222C2274797065223AF6
:10354800222573222C227265676973747265223A88
:10355800222573222C226964223A25642C22627562
:1035680073223A256400225479706520696E74725A
:103578006F757661626C65222C2274797065223AC7
:10358800222573222C227265676973747265223A48
:10359800222573222C226964223A25642C22627522
:1035A80073223A25642C2276616C7565223A256C63
:1035B8007500414B2D5043353531002530345800C6
:1035C800554E4B4E4F574E00766563746F723A3ABC
:1035D8007265736572766500766563746F723A3AE0
:1035E8005F4D5F7265616C6C6F635F696E73657266
:1035F80074006D61703A3A61740076697472696E2C
:10360800652B0076697472696E652D0043462B0040
:1036180043462D006261632B006261632D007B22AB
:103628004944223A2D32302C224E616D65223A22CD
:10363800736E785F6F6E5F636F6E7369676E652216
:103648002C226F6E5F76697472696E652B223A253B
:10365800642C226F6E5F76697472696E652D223AEA
:1036680025642C226F6E5F43462B223A25642C2258
:103678006F6E5F43462D223A25642C226F6E5F627F
:1036880061632B223A25642C226F6E5F6261632D81
:10369800223A25647D0A0022427573206D616E719D
:1036A80075616E74222C226964223A3939392C22C8
:1036B800656C656D656E742030223A2222002242C4
:1036C8007573206E6F6E206E756D657269717565A4
:1036D800222C226964223A3939392C22656C656DAD
:1036E800656E742030223A22257322002249442034
:1036F8006D616E7175616E74222C226964223A398B
:1037080039392C22656C656D656E742031223A2238
:103718002200224944206E6F6E206E756D657269B5
:10372800717565222C226964223A3939392C22654F
:103738006C656D656E742031223A2225732200452E
:103748004B4300225461696C6C6520646573206585
:103758006C656D656E747320696E636F72726563F4
:103768007465222C226964223A25640022466C6F13
:103778006174206E6F6E20636F6E73656375746914
:1037880066222C2274797065223A222573222C2213
:103798007265676973747265223A222573222C2236
:1037A80073756976616E74223A222573222C226918
:1037B80064223A25642C22627573223A2564002219
:1037C800466C6F617420696E76616C696465222C41
:1037D8002274797065223A222573222C2272656739
:1037E8006973747265223A222573222C2269642235
:1037F8003A25642C22627573223A2564004469666E
:10380800666572656E7469616C00226D616C666FC5
:10381800726D65222C226964223A3939392C226C5E
:10382800696E65223A2225732200226E6220656C39
:10383800656D656E7473222C226964223A393939B0
:103848002C226E62223A25642C226C696E65223A1B
:103858002225732200636F7574732000434F5554FB
:103868005320004366426F756C506F7369746976B4
:10387800655F3100454B43333032442D3031327867
:103888000064656661756C74006665726D650043F9
:1038980066426F756C4E656761746976655F320064
:1038A8004A757344654672756974735F3300414B9A
:1038B8002D43433535302D3031327800426F7563F2
:1038C80068657269654C735F3400414B2D4343351D
:1038D80035302D3031397800426F7563686572690B
:1038E800654C735F350054726164426F7563686537
:1038F8007269655F3600414B2D43433535302D30B5
:103908003135780054726164426F75636865726915
:10391800655F370054726164426F756368657269E8
:10392800655F380054726164426F756368657269D7
:10393800655F390054726164426F756368657269C6
:10394800655F31300054726164426F7563686572F7
:1039580069655F31310054726169746575724C73C1
:103968005F313200414B2D4343353530412D3032E4
:10397800307800546750726F6D6F5F31330056694D
:103988007472696E65416E746947617370695F31FD
:10399800340046726F6D61676546655F3135004674
:1039A800726F6D61676546655F31360046726F6D8F
:1039B80061676546655F3137004368617263757496
:1039C80065726965547261645F3138004368617279
:1039D80063757465726965547261645F3139004357
:1039E80068617263757465726965547261645F3287
:1039F80030004D6172656546655F323100424F4E59
:103A08004E4554204E455645004C454F4C443235A2
:103A18000053617572697373657269655F3232004C
:103A280034656D6547616D6D655F3233004C454F98
:103A38004E533235004D6172616963686167654C48
:103A4800735F323400536E61636B696E674C735FEA
:103A5800323500414B2D43433535302D30313878E0
:103A6800004C454F4E4433370054674368617263D6
:103A78007574657269654C735F3236004C454F4CFE
:103A8800445433006F757665727400566F6C6169C3
:103A98006C6C65734C735F3237004C454F4E443144
:103AA8003800566F6C61696C6C65734C735F3238A3
:103AB8000054726169746575724C735F32390054D1
:103AC8006750726F6D6F5F3330005472616974654F
:103AD80075724C735F333100436861726375746546
:103AE8007269654C735F3332004368617263757441
:103AF800657269654C735F3333004368617263753F
:103B080074657269654C735F333400436F72707308
:103B1800477261735F3335004772757965726573F3
:103B280052617065735F3336004C454F4E443235F1
:103B380000546746726F6D6167654C735F33370079
:103B48004C454F4E4454330046726F6D6167654C67
:103B5800735F33380046726F6D6167654C735F330E
:103B6800390046726F6D6167654C735F343000557C
:103B78006C74726146726169735F343100556C749C
:103B8800726146726169735F343200556C74726198
:103B980046726169735F3433005467556C7472619F
:103BA80046726169735F343400556C747261467291
:103BB8006169735F343500556C747261467261696E
:103BC800735F343600556C74726146726169735F55
:103BD80034370053757267656C6573506F7274651E
:103BE8005F34380053757267656C6573506F727413
:103BF800655F34390042616353757267656C65733C
:103C08005F353000546742616353757267656C6550
:103C1800735F35310053757267656C6573506F72E9
:103C280074655F35330053757267656C6573506FE3
:103C38007274655F35340053757267656C657350CF
:103C48006F7274655F35350053757267656C65739F
:103C5800506F7274655F35360053757267656C65B1
:103C680073506F7274655F353700436652657365CC
:103C78007276655F353800426F756368657269658D
:103C88004C735F353900736F6E64650041637175FD
:103C980069736974696F6E536F6E646573435F38D7
:103CA8003000416371756931362D30313030006331
:103CB8006F6E64656E736575722B00506F736974EF
:103CC80069665F383100414B2D50433535312D3011
:103CD80031363200636F6E64656E736575722D00E0
:103CE8004E6567617469665F38320067656E726534
:103CF8005F756E6B6E6F776E006E616D655F756E6A
:103D08006B6E6F776E006465766963655F756E6B61
:103D18006E6F776E006272616E645F756E6B6E6F48
:103D2800776E006D6F64656C5F756E6B6E6F776E26
:103D3800003030363400303036350030303636001A
:103D48004D61784375746F75740030303637004DA7
:103D5800696E4375746F7574003030363800446985
:103D6800737041646A4B00303036390054656D70A9
:103D7800556E697400303037310041646A75737468
:103D8800533400303037320041646A7573745333EA
:103D98000030303735004D61696E53776974636858
:103DA8000030303739004D656C74506572696F6446
:103DB8000030303741004D656C74496E7465727619
:103DC800616C003030374200546865725334250006
:103DD8003030374300546865726D4D6F646500304C
:103DE800303744004E696768744F666673657400BF
:103DF80030303745004E6967687453657462616393
:103E08006B0030303833004375746F75743200308E
:103E18003042340041646A75737453360030314659
:103E280034004D696E4F6E54696D6500303146350A
:103E3800004D696E4F666654696D650030334538CC
:103E4800004465664D6574686F6400303345390019
:103E580044656653746F7054656D70003033454126
:103E680000446566496E74657276616C003033454E
:103E780042004D617844656654696D65003033458C
:103E8800430054696D655374616767003033454476
:103E980000447269704F666654696D650030334539
:103EA800450046616E537461727454656D700030DC
:103EB8003345460046616E537461727444656C0004
:103EC800303346300046616E447572696E674465EA
:103ED8006600303346310044656653746F7053652D
:103EE8006E73003033463300533554656D700030BF
:103EF80033463500303346410050756D7044776E57
:103F080044656C0030334643004D617854686572EF
:103F180052756E5400303430350041644D6F64651D
:103F280000303430370044697361626C65446566FB
:103F3800003034304300446566726F7374537461A3
:103F480074650030343131005F44736444656752EE
:103F580065710030343132004D63446566537461D5
:103F68007274003034423100446566314872003062
:103F780034423200446566324872003034423300BD
:103F88004465663348720030344234004465663410
:103F98004872003034423500446566354872003056
:103FA8003442360044656636487200303442420076
:103FB800446566314D696E0030344243004465669D
:103FC800324D696E003034424400446566334D69B1
:103FD8006E003034424500446566344D696E0030E9
:103FE80034424600446566354D696E0030344330CE
:103FF80000446566364D696E0030354531004661CE
:104008006E53746F7054656D7000303545320046DC
:10401800616E50756C73654D6F646500303545335E
:104028000046616E4379636C65003035453400465F
:10403800616E4F6E2500303744300044656C6179FD
:104048004F664F757470003037443100446931430E
:104058006F6E6669670030374432004469315374C3
:104068006174757300303744330053775665727343
:10407800696F6E00303744370030374442004F7262
:104088006465724E6F4C6F7700303744440041636B
:1040980063436F646500303744450053656E736F42
:1040A80072436F6E6669670030374534004D61783A
:1040B800486F6C6454696D65003037453500446954
:1040C8007370533425003037453600486F6C6441AF
:1040D800667465724465660030374631004D617814
:1040E8005472616E73507265730030374632004DFA
:1040F800696E5472616E735072657300303746454D
:10410800005265736574416C61726D0030383037E8
:1041180000446932436F6E66696700303830380092
:1041280043617365436C65616E0030383039004C0B
:1041380069676874436F6E6669670030383041009C
:104148004C6967687452656D6F7465003038314426
:10415800004170706C4D6F6465003038323000413A
:104168006363436F64653200303834330044693325
:10417800436F6E666967003038343800446F6F7279
:10418800496E6A537461727400303834390046617C
:104198006E466F72636564436C0030383442004485
:1041A8006973706C4D656E75320030383631004475
:1041B8006973706C4374726C0030383632004C6925
:1041C8006768744D733D4F6666003038363300417A
:1041D8006C52656C436F6E6600303943430044652A
:1041E80066726F737454696D6500303943450043D6
:1041F8006F6D70312F4C6C73760030394346004632
:10420800616E52656C6179003039443000446566EE
:1042180052656C61790030394530004565764F64E8
:1042280025003039453200533341697254656D7049
:10423800003039453300533441697254656D70005C
:10424800303945340030394535004E696768744364
:104258006F6E640030394537005375706572686554
:10426800617452656600303945380053757065725F
:1042780068656174003039453900533254656D7092
:104288000030394542005468657252756E74696D24
:1042980065003039454400456B634572726F7200A2
:1042A80030394546004576617050726573735065C4
:1042B8000030394630004576617054656D7054653C
:1042C8000030394637005265667269676572616EFB
:1042D800740030394641005F526567436F6E640071
:1042E8003039464200533654656D700030394643C4
:1042F8000044693253746174757300304131300081
:10430800446973706C6179416972003041313200DF
:10431800416C61726D416972003041313700416C06
:1043280061726D52656C61790030413138004C69B9
:1043380067687452656C6179003041324600546890
:10434800657242616E640030413330004469335312
:104358007461747573003041333400304133350073
:10436800304134340041645374617465007462648C
:104378005F30413439003041344100546354656D35
:10438800704D65616E003041344200546354656D70
:1043980070417665003041344300416B76446F25A7
:1043A800003041353800416363446566726F737449
:1043B80000304135390030424335004D6F70546547
:1043C8006D700030424337004D61785368003042C9
:1043D800434200416B76506572696F640030424316
:1043E80044004D696E536800466F72636564436CA0
:1043F8006F7365003042453400466F7263656443ED
:104408006F6F6C007462645F32373131003237315C
:104418003200416C61726D44656C617900323731EC
:104428003300446F6F724F70656E44656C003237AD
:1044380032320050756C6C646F776E44656C003274
:1044480037323300486967684C696D4169720032D8
:10445800373234004C6F774C696D416972003237DE
:10446800323500486967684C696D324169720032BB
:10447800373236004C6F774C696D324169720032C1
:1044880037323700486967684C696D3153360032F6
:10449800373238004C6F774C696D315336003237FC
:1044A800323900486967684C696D325336003237D3
:1044B8003241004C6F774C696D32533600323732D7
:1044C8004200416C44656C6179533600323732439F
:1044D80000416C44656C617944693100323732447B
:1044E80000416C44656C6179446932003237333578
:1044F80000416C61726D53342500323734350050F9
:10450800756C6C4444656C53360034453230004356
:104518006F6E74724572726F720034453231005298
:1045280074634572726F72003445323200506545CB
:1045380072726F7200344532330053324572726FB3
:104548007200344532340053334572726F7200344E
:104558004532350053344572726F72003445323635
:104568000053354572726F72003445323700533646
:104578004572726F72003445323800533545727295
:104588006F72420034453239004869676854656D76
:1045980070416C61726D0034453241004C6F775444
:1045A800656D70416C61726D003445324200446F34
:1045B8006F72416C61726D0034453243003445328C
:1045C8004400496E6A65637450726F620034453204
:1045D80045004E6F52666753656C0034453246009D
:1045E8004869676854656D70533600344533300048
:1045F8004C6F7754656D7053360034453331004441
:104608006931416C61726D0034453332004469325E
:10461800416C61726D0034453333005374616E64CC
:1046280062794D6F64650034453334003445333561
:1046380000344533360041644661756C7400344576
:1046480033370041644963656400344533380041B9
:10465800644E6F74446566720034453339004164B2
:10466800466C6173686761730030343036004164AA
:104678005265736574007462645F30383539003090
:1046880039454100533154656D7000303946320068
:104698005F54656D70526566003042424300546E47
:1046A8005300304243340053746172744F642500E0
:1046B8003042433800416B7644696D0030424339DB
:1046C800005374617274557054696D6500304243CB
:1046D8004300476C69646500304245430050652FCC
:1046E800733153656C6563740030424632004D7413
:1046F80072546E5365630030424633004D74724BFA
:1047080070666163746F720053314572726F720024
:104718003030423600546865725334254E67740051
:104728003041354100436173655368757464776E31
:10473800003034323200446973704444656C00744C
:1047480062645F3033463400303432330044656687
:1047580046616E53746F700030394335005F43759E
:10476800746F757454656D700030394639005F4355
:104778007574696E54656D700030433444004D6340
:104788004C69714374726C00304335300053686D66
:104798006178466C6F6F6400304335310053686D43
:1047A800696E466C6F6F64004869676854416C6154
:1047B800726D004C6F7754416C61726D004D617879
:1047C800486F6C6474696D6500526566674C656115
:1047D8006B00436F32416C61726D003445334100A8
:1047E80030373643005F416C61726D526567304106
:1047F800646472003037364400416C61726D5265F2
:10480800673141646472003037364500416C61722B
:104818006D52656732416464720030373646004134
:104828006C61726D5265673341646472003037376A
:104838003000416C61726D52656734416464720086
:104848003037373100416C61726D526567354164AC
:104858006472003037373200416C61726D5265679F
:104868003641646472003037373300416C61726DD1
:104878005265673741646472007462645F30424213
:104888003800304242390030424241003042424210
:1048980000506C616E745479706500476173547987
:1048A8007065007462645F30424330007462645F14
:1048B8003042433600414374726C537461747573AB
:1048C800005A6F6E6541007462645F304243410074
:1048D8007462645F304243450030424346004152AF
:1048E80065666572656E63654465676300746264D6
:1048F8005F3042443000304244310030424432009C
:10490800415265714361700030424433004F665232
:10491800756E6E696E67436F6D7041003042443446
:1049280000506F50726573737572654100746264EC
:104938005F3042443500304244360030424438004B
:104948004D6564696154656D7041003042444100B1
:1049580044697363686172676547617341003042F7
:1049680044430053756374696F6E47617341007403
:1049780062645F304244440030424445003042455E
:104988003000537461747573446179506F4100301D
:104998004245310053686564410030424532005356
:1049A8006166657479537769746368413100304290
:1049B8004533005361666574795377697463684158
:1049C800320030424535004D6F6465506F415F4D90
:1049D8004100304245360043617061636974794132
:1049E80000304245370041536574706F696E7442F8
:1049F800617200304245380041536574706F696ECA
:104A080074446567430030424541005A6F6E6550F3
:104A18006F416465666364004F66667365744E69CA
:104A280067687441003042454500526566657265A5
:104A38006E63654D617841003042463000526566CC
:104A48006572656E63654D696E410030424631009E
:104A5800436F6E74726F6C53656C656374696F6EC7
:104A68004100466163746F724B70410054696D6513
:104A7800546E506F41003042463400526174654FA5
:104A8800664368616E6765413100304246350052C1
:104A98006174654F664368616E67654132003042F4
:104AA8004636005374657052756E74696D654100C1
:104AB8003042463700446F776E4100304246390035
:104AC800446F776E4C696D6974506F4144656743F4
:104AD800003042464100536865644C696D69744111
:104AE80000304246420043617044617941003042DF
:104AF8004643004361704E6967687441003042461E
:104B08004400537461727444656C617941003042A9
:104B18004645004F666644656C61794100304246FF
:104B2800460053656E736F72506F410030433030EA
:104B3800004D6F6465506F415F414D003043303127
:104B4800004F66436F6D70726573736F72734100C7
:104B58003043303200436F6D7053697A65410030DD
:104B68004330330030433034004D696E537065650F
:104B780064506F41487A0030433035005374617295
:104B8800745370656564506F41487A00304330361D
:104B9800004D6178537065656441487A0030433050
:104BA8003700506572696F6454696D650030433031
:104BB80038004379636C6554696D65410030433052
:104BC80039004D696E4361704100304330410053F4
:104BD8007461727443617041003043304300315353
:104BE800644D6178410030433044004F66556E6C27
:104BF8006F616465727341003043313400436F6DF7
:104C0800704D696E4F6E41003043313500436F6D12
:104C1800704D696E4F666641003043313600436F10
:104C28006D7052657374617274410030433137009E
:104C3800436F6D7053616665747941003043313854
:104C4800003043313900304331410052657374619B
:104C5800727454696D654100304331420053616696
:104C680065747944656C61794100304331430031A2
:104C7800615364476173007462645F304331440078
:104C880030433145003161537461747573003043AA
:104C980031460032615374617475730030433230A9
:104CA80000336153746174757300304332310034DA
:104CB8006153746174757300304332320035615347
:104CC8007461747573003043323300366153746114
:104CD80074757300304332340037615374617475EE
:104CE8007300304332350038615374617475730052
:104CF800304332360031614361700030433237004F
:104D0800326143617000304332380033614361706F
:104D1800003043323900346143617000304332411E
:104D280000356143617000304332420036614361AF
:104D380070003043324300376143617000304332C2
:104D48004400386143617000304332450052756E4B
:104D580074696D652F6379636C6573410030433204
:104D68004600316152756E74696D650030433330A9
:104D780000326152756E74696D65003043333100DD
:104D8800336152756E74696D650030433332003497
:104D98006152756E74696D65003043333300356157
:104DA80052756E74696D6500304333340036615254
:104DB800756E74696D65003043333500376152751F
:104DC8006E74696D65003043333600386152756E14
:104DD80074696D6500304333370031614379636C22
:104DE800657300304333380032614379636C65730F
:104DF80000304333390033614379636C65730030A5
:104E08004333410034614379636C65730030433345
:104E1800420035614379636C657300304333430066
:104E280036614379636C65730030433344003761FE
:104E38004379636C657300304333450038614379C7
:104E4800636C65730030433346003161496E5365C6
:104E580072766963650030433430003261496E53BD
:104E68006572766963650030433431003361496E99
:104E780053657276696365003043343200346149A2
:104E88006E5365727669636500304334330035616B
:104E9800496E536572766963650030433434003671
:104EA80061496E5365727669636500304334350035
:104EB8003761496E536572766963650030433436ED
:104EC800003861496E536572766963650030433412
:104ED8003700424374726C537461747573003043C5
:104EE8003438005A6F6E6542003043344200424302
:104EF80074726C54656D70003043344600425265DC
:104F0800666572656E636544656743004243617018
:104F180061636974790030433532004252657143E8
:104F280061700030433533004F6652756E6E696E9E
:104F380067436F6D7042003043353400506F5072D4
:104F4800657373757265420030433536005361747A
:104F580075726174656454656D704200304335380C
:104F6800004D6564696154656D7042003043354198
:104F78000044697363686172676547617342003012
:104F88004335430053756374696F6E47617342001C
:104F9800304335450042656466636400304336300B
:104FA80000537461747573446179506F42003043E3
:104FB800363100536865644200304336320053612D
:104FC8006665747953776974636842310030433693
:104FD8003300536166657479537769746368423244
:104FE80000304336340030433635004D6F64655029
:104FF8006F425F4D41003043363600436170616354
:105008006974794200304336380042536574706FD2
:10501800696E74446567430030433641005A6F6EC9
:1050280065506F4264656663640030433643004FE1
:1050380066667365744E6967687442003043364526
:10504800005265666572656E63654D617842003031
:10505800433730005265666572656E63654D696EEB
:1050680042003043373100436F6E74726F6C536582
:105078006C656374696F6E42003043373200466175
:1050880063746F724B704200304337330054696D5C
:1050980065546E506F420030433734005261746576
:1050A8004F664368616E67654231003043373500AB
:1050B800526174654F664368616E676542320030BD
:1050C800433736005374657052756E74696D654266
:1050D800003043373700446F776E4200304337392A
:1050E80000446F776E4C696D6974506F4244656710
:1050F80043003043374100536865644C696D6974F7
:1051080042003043374200436170446179420030C5
:10511800433743004361704E696768744200304307
:10512800374400537461727444656C61794200308D
:10513800433745004F666644656C617942003043E9
:1051480037460053656E736F72506F4200304338B4
:1051580030004D6F6465506F425F414D00304338F9
:1051680031004F66436F6D70726573736F7273426F
:10517800003043383200436F6D7053697A654200DE
:10518800304338330030433834004D696E5370650E
:105198006564506F42487A00304338350053746173
:1051A80072745370656564506F42487A00304338B2
:1051B80036004D6178537065656442487A00304323
:1051C8003837004379636C6554696D654200304334
:1051D8003838004D696E43617042003043383900F9
:1051E8005374617274436170420030433842003135
:1051F80053644D6178420030433843004F66556E22
:105208006C6F616465727342003043393200436FDA
:105218006D704D696E4F6E42003043393300436FF5
:105228006D704D696E4F66664200304339340043F5
:105238006F6D705265737461727442003043393512
:1052480000436F6D7053616665747942003043396D
:1052580036003043393700304339380052657374AB
:1052680061727454696D6542003043393900536185
:105278006665747944656C61794200304339410050
:1052880031625364476173003043394300316253DC
:105298007461747573003043394400326253746129
:1052A8007475730030433945003362537461747503
:1052B8007300304339460034625374617475730067
:1052C8003043413000316243617000304341310066
:1052D800326243617000304341320033624361708F
:1052E800003043413300346243617000304341343D
:1052F8000052756E74696D652F6379636C657342CE
:10530800003043413500316252756E74696D650035
:105318003043413600326252756E74696D650030F3
:1053280043413700336252756E74696D65003043CE
:10533800413800346252756E74696D6500304341BE
:10534800390031624379636C657300304341410031
:1053580032624379636C65730030434142003362C3
:105368004379636C65730030434143003462437989
:10537800636C65730030434144003162496E536584
:1053880072766963650030434145003262496E5365
:105398006572766963650030434146003362496E41
:1053A8005365727669636500304342300034624960
:1053B8006E536572766963650030434231007462EA
:1053C800645F304342330030434234007462645FA8
:1053D8003043423700304342380052656665726593
:1053E8006E63655F3644656743007462645F30438B
:1053F800423900304342410052756E6E696E674310
:10540800617000304342420052657175657374657E
:10541800644361700030434243004F6652756E6EBC
:10542800696E6746616E730030434244007462647B
:105438005F30434245003043424600506350726536
:1054480073737572650030434331004D656469615B
:10545800007462645F304343320030434333004199
:1054680069724F6E436F6E64003043433500526576
:10547800636F766572795374617475730030434352
:1054880036005361666574795377697463684300BD
:1054980030434338004D6F646550635F4D410030C1
:1054A8004343390043617061636974794300304351
:1054B80043420030434343004F66667365744E6948
:1054C80067687450630030434345005265666572EF
:1054D800656E63655F384465674300304344300058
:1054E8005265666572656E63655F31304465674312
:1054F8000030434432005265636F766572795370A9
:105508004465674300304344330052656352616D1C
:1055180070446F776E0030434434004C696D697491
:105528004E69676874003043443500466163746FA0
:10553800724B704300304344360054696D65546EB5
:10554800506300304344370053656E736F72506385
:105558000030434438004D6F6465436F6E7369676C
:105568006E0030434439004374726C4D6F646500BB
:1055780030434441004F6646616E730030434442F5
:10558800004374726C54797065003043444300538F
:1055980074617274537065656450632500304344C8
:1055A80044004D696E53706565645063250030434F
:1055B8004530004174436F6D704F66660030434557
:1055C800320053706565640030434533005374619D
:1055D80072742F73746F7000304345340030434544
:1055E8003500304345360030434537003453746145
:1055F800747573003043453800355374617475739E
:105608000030434539003653746174757300304374
:105618004541003753746174757300304345420047
:105628003853746174757300304345430052756E86
:1056380074696D652F6379636C6573330030434516
:10564800440030434545003152756E74696D6554A8
:105658006F74616C0030434546003252756E746950
:105668006D65546F74616C00304346300033527579
:105678006E74696D65546F74616C00304346310017
:105688003452756E74696D65546F74616C00304383
:105698004632003552756E74696D65546F74616C6D
:1056A8000030434633003652756E74696D65546F29
:1056B80074616C0030434634003752756E74696DFE
:1056C80065546F74616C0030434635003852756E0E
:1056D80074696D65546F74616C0030443030004DEE
:1056E800696E4C696D6974506F4144656743003059
:1056F800443032004D6178416C61726D506F4144A5
:105708006567430030443033004D617844656C610F
:1057180079310030443034004D696E4C696D410078
:1057280030443035004D61784C696D41003044306B
:10573800360030443037004D61784C696D697450DB
:105748006F41446567430030443039004D696E4C01
:10575800696D6974506F4244656743003044304254
:10576800004D6178416C61726D506F4244656743CA
:105778000030443043004D617844656C61793200F3
:1057880030443044004D696E4C696D4200304430FD
:1057980045004D61784C696D420030443046003018
:1057A800443130004D61784C696D6974506F4244E2
:1057B8006567430030443131004D61784C696D694B
:1057C800745063424261720030443132004D617856
:1057D8004C696D69745063424465674300304431D5
:1057E80034004D617844656C61793300304431365A
:1057F800005265737461727454696D653300304486
:10580800313700416C61726D5265736574003044C4
:105818003138004F664469416C61726D46637400AB
:105828003044314100416C61726D44656C6179317D
:10583800003044314300416C61726D44656C61799C
:1058480032003044314500416C61726D44656C61D1
:105858007933003044314600546865726D6F737453
:105868006174003044323000437574496E0030442E
:105878003231004375744F75740030443232003051
:1058880044334600446563616C4E75697400304466
:1058980034300044656C657374003044343100540E
:1058A800634D65616E003044343300446174616255
:1058B80061736553796E6368003044343400416C19
:1058C80061726D73003044343500506F614D696EFC
:1058D8004F6666736574003044343600506F614D0E
:1058E80061784F6666736574003044343700506FD2
:1058F800614F6666736574003044343900496E6AD6
:10590800656374696F6E4F6E4100304434410050D6
:105918006F624D61784F6666736574003044344237
:1059280000506F624D696E4F66667365740030444F
:10593800344300506F624F666673657400304434B8
:105948004500496E6A656374696F6E4F6E42003038
:10595800424332004F6E2F6F666600314641350074
:1059680053797374656D6F6E6F66660031464136A4
:105978000052737453656E730031464137003146E7
:1059880041380031464139003146414100314641F4
:1059980042003146414300314641440031464145C9
:1059A8000031464146004D637800314642300031AF
:1059B80046423100314642320031464233003146D8
:1059C80042340031464235003146423600314642C3
:1059D80037003146423800314642390031464241AB
:1059E80000314642420031464243003146424400BB
:1059F800314642450031464246003030393600547F
:105A0800684F666673657400303039370054684FE4
:105A180066667365744B003032313400436D7052E2
:105A2800656C61794E6300303231430045787452B9
:105A3800656C61790030334644004375746F757442
:105A4800533564696600303544430046616E5374CB
:105A58006F70436F00303544460046616E44656C94
:105A6800436F0030383236004D6F64654170706C9A
:105A780069005F416363446566536B6970005465F0
:105A88006D70486175746500416C61726D65426145
:105A9800737365007B224944223A2D312C227265AA
:105AA800626F6F74223A312C224D4355223A226F8D
:105AB8007574206837222C2276657273696F6E229E
:105AC8003A222573227D0A007B224944223A2D314D
:105AD8002C227265626F6F74223A302C224D435526
:105AE800223A226F7574206837222C2276657273E9
:105AF800696F6E223A222573227D0A007C25730085
:105B0800554E4B00504F520050494E00424F5200E4
:105B180053465400495744470057574447004C5090
:105B28005752006E6F6E65007B224944223A2D332E
:105B3800312C2252223A222573222C2246223A2242
:105B48002573222C2253223A25752C224D223A25E0
:105B58006C752C225043223A222530386C58222C5E
:105B6800224C52223A222530386C58222C224322C9
:105B78003A222530386C58222C2248223A222530E5
:105B8800386C58222C224D4D223A222530386C5838
:105B9800222C2242223A222530386C58227D0A00D3
:105BA8007B224944223A2D33312C2252223A222593
:105BB80073222C2246223A222573222C2253223A7F
:105BC80025752C224D223A256C757D0A00484152D4
:105BD80044004D454D00425553005553414745003B
:105BE8004E4D49004552520062617369635F737498
:105BF80072696E673A3A617070656E64007B22491B
:105C080044223A2D33322C225374617469737469B7
:105C180063456C656D656E74223A256C757D0A0066
:105C28006E756C6C00252E2A66005C753030007B22
:105C3800224944223A2D33332C226964223A2575AD
:105C48002C22646576696365223A22736E78222C69
:105C5800224E616D65223A0064657461696C735FF8
:105C6800002C2267656E7265223A002C2273636FDE
:105C780072655F6E69676874223A002C2273636FDD
:105C880072655F646179223A002C2273636F7265D2
:105C98005F7765696768746564223A002C226E6FC5
:105CA80074655F6E69676874223A002C226E6F749F
:105CB800655F646179223A002C226E6F74655F67B4
:105CC8006C6F62616C223A002C22736176696E6790
:105CD800223A002C226E756D5F646566726F73746C
:105CE800223A256C752C22636F6E645F6E69676853
:105CF80074223A007B224944223A25642C226465A6
:105D080076696365223A22736E78222C224E616D81
:105D180065223A222573222C2254595045223A22D0
:105D2800686973746F7269717565222C22444154D5
:105D380041223A7B002C222564223A256C75007D8D
:105D48002C2273636F72655F746F74616C223A25DD
:105D58002E3666002C226E6F74655F746F74616CEA
:105D6800223A252E3666002C2273636F72655F64B3
:105D78006179223A252E3666002C226E6F74655F93
:105D8800646179223A252E3666002C2273636F727D
:105D9800655F6E69676874223A252E3666002C2284
:105DA8006E6F74655F6E69676874223A252E366671
:105DB800002C22636F6E645F6E69676874223A22F2
:105DC800257322002C22637574696E5F64617922E1
:105DD8003A252E3166002C22637574696E5F6E69F0
:105DE800676874223A252E3166002C226375746F19
:105DF80075745F646179223A252E3166002C22631E
:105E080075746F75745F6E69676874223A252E31F0
:105E180066002C226E756D5F646566726F737422FE
:105E28003A256C75002C22746F74616C223A256CCB
:105E380075002C227469636B223A256C75002C223C
:105E4800636F7574223A252E36660073696D752066
:105E58000053494D5520006F7569006E6F6E007BC9
:105E6800224944223A2D32352C224E616D65223A60
:105E780022736E785F636F6E666967222C2276697B
:105E88007472696E652B223A7B226F75766572741F
:105E9800223A25642C226665726D65223A25647D56
:105EA8002C226E625F76697472696E652D223A25BE
:105EB800642C226261632B223A7B226F75766572AD
:105EC80074223A25642C226665726D65223A25642F
:105ED8007D2C226E625F6261632D223A25642C223A
:105EE8006E625F43462B223A25642C226E625F4322
:105EF800462D223A25642C22636F6E645F6E6967B3
:105F080068745F43462B223A256C752C22636F6EAA
:105F1800645F6E696768745F43462D223A256C7525
:105F28002C22636F6E645F6E696768745F7669744C
:105F380072696E652B223A256C752C22636F6E642C
:105F48005F6E696768745F76697472696E652D2221
:105F58003A256C752C22636F6E645F6E696768748E
:105F68005F6261632B223A256C752C22636F6E6425
:105F78005F6E696768745F6261632D223A256C758C
:105F88007D0A007B224944223A2D32362C224E616A
:105F98006D65223A22736E785F766F6C756D652237
:105FA8002C22746F74616C5F766F6C756D65223A24
:105FB800256C752C22766F6C756D652B223A256CD5
:105FC800752C22766F6C756D652D223A256C752CB3
:105FD80022766F6C756D65223A7B227669747269D8
:105FE8006E652B223A256C752C2276697472696E5F
:105FF800652D223A256C752C226261632B223A2585
:106008006C752C226261632D223A256C752C224313
:10601800462B223A256C752C2243462D223A256CB4
:10602800757D7D0A00223A5B007B224E616D6522F8
:106038003A2200222C2273636F7265223A00252EC1
:106048003466007D0063616E6E6F742063726561F3
:106058007465207374643A3A766563746F72206C61
:106068006172676572207468616E206D61785F7314
:10607800697A652829007B224944223A2D32372C37
:1060880022646576696365223A22736E78222C222F
:106098004E616D65223A2272616E6B696E67222CC1
:1060A8002254595045223A2272616E6B696E6722FA
:1060B8002C2244415441223A7B007B224944223A13
:1060C8002D32382C22646576696365223A22736E14
:1060D80078222C224E616D65223A22636F75745FB7
:1060E80067726F75706573222C2254595045223A95
:1060F80022636F7574222C22636F75745F63662B3D
:10610800223A252E32662C22636F75745F63662DE2
:10611800223A252E32662C22636F75745F76697475
:1061280072696E652B223A252E32662C22636F75B2
:10613800745F76697472696E652D223A252E32660F
:106148002C22636F75745F6261632B223A252E32AD
:10615800662C22636F75745F6261632D223A252E67
:1061680032662C22636F75745F706F73223A252E26
:1061780032662C22636F75745F6E6567223A252E2E
:1061880032662C22636F75745F746F74616C223A87
:10619800252E32667D0A007B224944223A2D323967
:1061A8002C22646576696365223A22736E78222C04
:1061B800224E616D65223A2267726F75705F736354
:1061C8006F72657322002C2273636F72655F002201
:1061D8006E6F6E22007B224944223A2D33302C22E6
:1061E800646576696365223A22736E78222C224EA2
:1061F800616D65223A2272616E6B696E67222C228C
:1062080054595045223A2272616E6B696E672200BA
:10621800666C6173680068656C70007B2249442273
:106228003A2D333530302C224E616D65223A226684
:106238006C6173685F68656C70222C22636F6D6D8A
:10624800616E6473223A22666C61736820736C6FA6
:1062580074737C666C6173682073796E63203C622A
:1062680075733E205B74696D656F75745F6D735DE2
:106278007C666C617368207772697465203C62750E
:10628800733E205B736C6F745D7C666C6173682011
:106298006A756D70203C6275733E222C226E6F7495
:1062A80065223A22736C6F74206F6D69747465642B
:1062B800206D65616E73207468652072656164790C
:1062C8002073746167656420696D61676520666F16
:1062D800722074686174206275732C206F7468650D
:1062E800727769736520612067656E6572696320DE
:1062F80073746167656420696D61676520697320DF
:106308007573656420696620617661696C61626C89
:1063180065227D0A00736C6F7473007B22494422E6
:106328003A2D333530302C224E616D65223A226683
:106338006C6173685F736C6F74222C22736C6F745A
:10634800223A25752C22627573223A25752C227201
:1063580065616479223A25752C2273697A65223A37
:10636800256C752C226372633332223A256C757D55
:106378000A007B224944223A2D333530312C224EF3
:10638800616D65223A22666C6173685F6572726F2F
:1063980072222C226572726F72223A22696E7661BD
:1063A8006C69645F627573227D0A0073796E63009D
:1063B8007B224944223A2D333530322C224E616DEE
:1063C80065223A22666C6173685F73796E63222C6A
:1063D80022627573223A25752C2273746174757361
:1063E800223A222573227D0A007B224944223A2D33
:1063F800333530312C224E616D65223A22666C614C
:1064080073685F6572726F72222C226572726F7286
:10641800223A22696E76616C69645F74696D656F92
:106428007574222C22627573223A25757D0A0077CD
:1064380072697465007B224944223A2D3335303124
:106448002C224E616D65223A22666C6173685F6525
:1064580072726F72222C226572726F72223A2269EE
:106468006E76616C69645F736C6F74222C2262753E
:1064780073223A25757D0A007B224944223A2D333E
:106488003530312C224E616D65223A22666C61737B
:10649800685F6572726F72222C226572726F722247
:1064A8003A22736C6F745F6E6F745F7265616479A2
:1064B800222C22627573223A25757D0A007B2249B7
:1064C80044223A2D333530312C224E616D65223A03
:1064D80022666C6173685F6572726F72222C226526
:1064E80072726F72223A2277726974655F666169A7
:1064F8006C6564222C22627573223A25752C2273EE
:106508006C6F74223A25752C22737461747573222A
:106518003A222573227D0A007B224944223A2D33F0
:106528003530342C224E616D65223A22666C6173D7
:10653800685F7772697465222C22627573223A2526
:10654800752C22736C6F74223A25752C2273746132
:10655800747573223A226F6B227D0A006A756D701A
:10656800007B224944223A2D333530352C224E61A6
:106578006D65223A22666C6173685F6A756D702278
:106588002C22627573223A25752C227374617475F6
:1065980073223A222573227D0A007B224944223A3B
:1065A8002D333530312C224E616D65223A22666CCE
:1065B8006173685F6572726F72222C226572726FE6
:1065C80072223A22756E6B6E6F776E5F636F6D6DB8
:1065D800616E64222C22636F6D6D616E64223A22B3
:1065E8002573227D0A006F6B00686F6C64007374FA
:1065F80061727400225C2F62666E72740076657236
:1066080073696F6E007B22433033312D31223A2279
:106618002573222C22433033312D32223A2225731E
:10662800222C22433033312D33223A222573222C57
:10663800224837223A222573227D0A007472756532
:106648000066616C736500EFBBBF006261736963CC
:106658005F737472696E673A3A5F535F636F6E7304
:106668007472756374206E756C6C206E6F7420760E
:10667800616C69640063616E6E6F7420637265613A
:106688007465207368696D20666F7220756E6B6E15
:106698006F776E206C6F63616C653A3A666163650B
:1066A8007400756E696E697469616C697A656420D5
:1066B8005F5F616E795F737472696E670025733A04
:1066C800205F5F706F73202877686963682069733B
:1066D80020257A7529203E20746869732D3E7369D8
:1066E8007A652829202877686963682069732025D6
:1066F8007A75290062617369635F737472696E6782
:106708003A3A636F70790062617369635F73747298
:10671800696E673A3A5F535F6372656174650062D8
:10672800617369635F737472696E673A3A6572611F
:1067380073650062617369635F737472696E673A47
:106748003A5F4D5F7265706C6163655F6175780073
:1067580062617369635F737472696E673A3A6173F1
:106768007369676E0062617369635F737472696EDF
:10677800673A3A726573697A65007072696E740077
:10678800636E74726C007570706572006C6F7765FB
:106798007200616C7068610070756E637400786473
:1067A8006967697400616C6E756D00677261706805
:1067B8000062617369635F737472696E673A3A69FC
:1067C8006E7365727400252E2A4C6600256D2F2580
:1067D800642F25790025483A254D0025483A254D4E
:1067E8003A25530062617369635F696F733A3A636C
:1067F8006C6561720062617369635F737472696E5C
:10680800673A3A5F4D5F63726561746500626173F0
:1068180069635F737472696E673A3A7265706C6126
:1068280063650062617369635F737472696E673A66
:106838003A5F4D5F7265706C616365006261736990
:10684800635F737472696E673A3A62617369635F12
:10685800737472696E670062617369635F737472DF
:10686800696E673A3A73756273747200254C6600F4
:106878006C6F63616C653A3A66616365743A3A5F56
:10688800535F6372656174655F635F6C6F63616CAE
:1068980065206E616D65206E6F742076616C696429
:1068A800002D2B785830313233343536373839614A
:1068B800626364656630313233343536373839418E
:1068C8004243444546002D2B785830313233343515
:1068D80036373839616263646566414243444546E8
:1068E800002D3031323334353637383900474D547E
:1068F8000048535400414B535400505354004D53D7
:1069080054004353540045535400415354004E53CC
:1069180054004345540049535400454554004A53D4
:106928005400504D0025493A254D3A2553202570ED
:106938000053756E646179004D6F6E64617900541F
:10694800756573646179005765646E657364617910
:10695800005468757273646179004672696461797C
:106968000053617475726461790053756E004D6FE0
:106978006E0054756500576564005468750046726A
:106988006900536174004A616E75617279004665E9
:10699800627275617279004D61726368004170724C
:1069A800696C004D6179004A756E65004A756C79AD
:1069B800004175677573740053657074656D626521
:1069C80072004F63746F626572004E6F76656D6218
:1069D800657200446563656D626572004A616E00A8
:1069E800466562004D617200417072004A756E0022
:1069F8004A756C0041756700536570004F637400F9
:106A08004E6F760044656300696F73747265616DDB
:106A180000696F73747265616D206572726F7200C0
:106A2800556E6B6E6F776E206572726F7200676558
:106A38006E65726963002E005245454E54206D61A3
:106A48006C6C6F6320737563636565646564002FA0
:106A58006275696C642F676E752D746F6F6C732D1A
:106A6800666F722D73746D33325F31332E332E722D
:106A7800656C312E32303235303532332D30393085
:106A8800302F7372632F6E65776C69622F6E65772E
:106A98006C69622F6C6962632F7374646C69622F0E
:106AA80062746F77632E63002F6275696C642F6759
:106AB8006E752D746F6F6C732D666F722D73746D98
:106AC80033325F31332E332E72656C312E323032D1
:106AD80035303532332D303930302F7372632F6EA5
:106AE80065776C69622F6E65776C69622F6C696275
:106AF800632F7374646C69622F7763746F622E639B
:106B080000626C616E6B00494E4600696E66004E0D
:106B1800414E006E616E00303132333435363738CD
:106B2800396162636465660065256C6400257325B8
:106B38002E2A6400257325302E2A6400253264002D
:106B4800252E32642F252E32642F252E32640059CB
:106B58002D256D2D2564002E2A7500252E33640001
:106B6800252E316400256C6C6400252E32643A258C
:106B78002E32643A252E32640025652D25622D2596
:106B880000252B30336C64252E326C6400545A0077
:106B98002531315B2D2B302D39412D5A612D7A5DF0
:106BA800256E002531315B412D5A612D7A5D256EA8
:106BB800004D256875256E2E256875256E2E25686D
:106BC80075256E002F256875256E3A256875256E22
:106BD8003A256875256E00504F53495800256120A5
:106BE80025622025652025483A254D3A255320253C
:106BF800590025612025622025652025483A254D24
:106C08003A255320255A202559006D64002C20660A
:106C1800756E6374696F6E3A200061737365727480
:106C2800696F6E2022257322206661696C65643A5B
:106C38002066696C6520222573222C206C696E659C
:106C4800202564257325730A00496E66696E697488
:106C580079004E614E002F6275696C642F676E75FE
:106C68002D746F6F6C732D666F722D73746D333264
:106C78005F31332E332E72656C312E32303235301F
:106C88003532332D303930302F7372632F6E65777C
:106C98006C69622F6E65776C69622F6C6962632F0D
:106CA8007374646C69622F64746F612E630042614F
:106CB8006C6C6F6320737563636565646564002F2E
:106CC8006275696C642F676E752D746F6F6C732DA8
:106CD800666F722D73746D33325F31332E332E72BB
:106CE800656C312E32303235303532332D30393013
:106CF800302F7372632F6E65776C69622F6E6577BC
:106D08006C69622F6C6962632F7374646C69622F9B
:106D18006764746F612D6765746865782E63002FEA
:106D28006275696C642F676E752D746F6F6C732D47
:106D3800666F722D73746D33325F31332E332E725A
:106D4800656C312E32303235303532332D303930B2
:106D5800302F7372632F6E65776C69622F6E65775B
:106D68006C69622F6C6962632F7374646C69622F3B
:106D78006D707265632E6300232D302B2000686CC4
:106D88004C0065666745464700412D46612D6638CB
:106D98003930313233343536375D002B2D00785891
:106DA8000053756363657373004E6F74206F776E5D
:106DB8006572004E6F20737563682066696C652084
:106DC8006F72206469726563746F7279004E6F2008
:106DD800737563682070726F6365737300496E74AE
:106DE80065727275707465642073797374656D204B
:106DF80063616C6C00492F4F206572726F72004E90
:106E08006F207375636820646576696365206F72A7
:106E1800206164647265737300417267206C6973E2
:106E28007420746F6F206C6F6E67004578656320FF
:106E3800666F726D6174206572726F7200536F6352
:106E48006B657420616C726561647920636F6E6E26
:106E58006563746564004261642066696C65206ED0
:106E6800756D626572004E6F206368696C64726547
:106E78006E0044657374696E6174696F6E20616435
:106E88006472657373207265717569726564004E0A
:106E98006F206D6F72652070726F636573736573B1
:106EA800004E6F7420656E6F75676820737061633C
:106EB80065005065726D697373696F6E2064656EE5
:106EC800696564004261642061646472657373007B
:106ED800446576696365206F72207265736F757299
:106EE800636520627573790046696C652065786909
:106EF8007374730043726F73732D64657669636589
:106F0800206C696E6B004E6F207375636820646532
:106F180076696365004E6F742061206469726563E9
:106F2800746F727900486F737420697320646F7787
:106F38006E00436F6E6E656374696F6E20616C726C
:106F48006561647920696E2070726F67726573730A
:106F58000049732061206469726563746F727900F7
:106F6800496E76616C696420617267756D656E74CF
:106F7800004E6574776F726B20696E746572666116
:106F88006365206973206E6F7420636F6E6669672E
:106F98007572656400436F6E6E656374696F6E2009
:106FA80061626F72746564206279206E6574776FB0
:106FB800726B00546F6F206D616E79206F70656E13
:106FC8002066696C657320696E2073797374656DCA
:106FD8000046696C652064657363726970746F72CA
:106FE8002076616C756520746F6F206C61726765BF
:106FF800004E6F742061206368617261637465720A
:107008002064657669636500546578742066696CE8
:107018006520627573790046696C6520746F6F200E
:107028006C6172676500486F737420697320756EB0
:10703800726561636861626C65004E6F2073706190
:107048006365206C656674206F6E2064657669637D
:1070580065004E6F7420737570706F72746564008C
:10706800496C6C6567616C207365656B005265617E
:10707800642D6F6E6C792066696C65207379737402
:10708800656D00546F6F206D616E79206C696E6B51
:10709800730042726F6B656E2070697065004D6198
:1070A8007468656D617469637320617267756D6575
:1070B8006E74206F7574206F6620646F6D61696EE1
:1070C800206F662066756E6374696F6E0052657313
:1070D800756C7420746F6F206C61726765004E6FF9
:1070E800206D657373616765206F662064657369D9
:1070F8007265642074797065004964656E746966A8
:107108006965722072656D6F76656400496C6C659F
:1071180067616C20627974652073657175656E634B
:107128006500446561646C6F636B004E6574776FCE
:10713800726B20697320756E726561636861626C39
:1071480065004E6F206C6F636B004E6F742061207A
:1071580073747265616D0053747265616D20696F37
:1071680063746C2074696D656F7574004E6F20735D
:10717800747265616D207265736F757263657300F3
:107188005669727475616C206369726375697420DD
:10719800697320676F6E650050726F746F636F6CF0
:1071A800206572726F7200556E6B6E6F776E20700D
:1071B800726F746F636F6C004D756C7469686F7073
:1071C80020617474656D7074656400426164206D3B
:1071D8006573736167650046756E6374696F6E20C9
:1071E8006E6F7420696D706C656D656E7465640092
:1071F8004469726563746F7279206E6F7420656D6F
:107208007074790046696C65206F722070617468CB
:10721800206E616D6520746F6F206C6F6E6700540F
:107228006F6F206D616E792073796D626F6C696321
:10723800206C696E6B73004E6F20627566666572AE
:1072480020737061636520617661696C61626C6549
:10725800004E6F20646174610041646472657373E9
:107268002066616D696C79206E6F7420737570701B
:107278006F727465642062792070726F746F636FC7
:107288006C2066616D696C790050726F746F636F02
:107298006C2077726F6E67207479706520666F72E4
:1072A80020736F636B657400536F636B6574206F35
:1072B8007065726174696F6E206F6E206E6F6E2DCF
:1072C800736F636B65740050726F746F636F6C20BB
:1072D8006E6F7420617661696C61626C6500436FE2
:1072E8006E6E656374696F6E20726566757365642A
:1072F80000436F6E6E656374696F6E2072657365A7
:1073080074206279207065657200416464726573E7
:107318007320616C726561647920696E207573658C
:107328000041646472657373206E6F7420617661C6
:10733800696C61626C6500536F6674776172652071
:1073480063617573656420636F6E6E656374696FDE
:107358006E2061626F727400536F636B657420698D
:1073680073206E6F7420636F6E6E6563746564005E
:10737800536F636B657420697320616C7265616417
:107388007920636F6E6E6563746564004F70657213
:107398006174696F6E2063616E63656C6564005328
:1073A80074617465206E6F74207265636F766572A0
:1073B80061626C650050726576696F7573206F77CE
:1073C8006E65722064696564004F706572617469E6
:1073D8006F6E206E6F7420737570706F7274656451
:1073E800206F6E20736F636B65740056616C7565F2
:1073F80020746F6F206C6172676520666F722064FD
:107408006566696E6564206461746120747970656D
:10741800004D65737361676520746F6F206C6F6EC4
:107428006700436F6E6E656374696F6E2074696D73
:107438006564206F757400007F8700247F850024B1
:107448007F830024E41B0024501B0024BC1A002462
:107458004A554200B6380508393D0508664705080B
:1074680046000000CDCCCC3DB63805083E3D0508A9
:107478000538050846000000CDCCCC3DB6380508D7
:10748800433D0508483D050846000000CDCCCC3DED
:10749800B6380508523D0508573D05084600000066
:1074A800CDCCCC3DB6380508613D0508663D0508DC
:1074B80046000000CDCCCC3DB63805086F3D050828
:1074C800743D0508490000000000803FB6380508F3
:1074D8007D3D0508823D050846000000CDCCCC3D29
:1074E800B63805088B3D0508903D050846000000A4
:1074F800CDCCCC3DB6380508993D05089E3D05081C
:10750800490000000000803FB6380508A93D05087D
:10751800AE3D0508490000000000803FB638050868
:10752800B93D0508BE3D0508490000000000803F40
:10753800B6380508CB3D0508D03D050849000000D0
:107548000000803FB6380508D83D0508DD3D050830
:10755800490000000000803FB6380508E73D0508EF
:10756800EC3D050846000000CDCCCC3DB6380508FA
:10757800F83D0508FD3D0508420000000000803F79
:10758800B63805080A3E05080F3E05084600000003
:10759800CDCCCC3DB6380508173E05081C3E05087D
:1075A80046000000CDCCCC3DB6380508253E050880
:1075B8002A3E0508490000000000803FB63805084B
:1075C800343E0508393E0508490000000000803FA8
:1075D800B6380508443E0508493E0508490000003C
:1075E8000000803FB6380508533E0508583E050898
:1075F80046000000CDCCCC3DB6380508643E0508F1
:10760800693E0508490000000000803FB6380508BB
:10761800753E05087A3E0508490000000000803FD5
:10762800B6380508853E05088A3E05084900000069
:107638000000803FB6380508943E0508993E0508C5
:10764800490000000000803FB6380508A53E05083F
:10765800AA3E050846000000CDCCCC3DB63805084A
:10766800B73E0508BC3E0508490000000000803F01
:10767800B6380508C83E0508CD3E05084900000093
:107688000000803FB6380508DA3E0508DF3E0508E9
:10769800490000000000803FB6380508EB3E0508A9
:1076A800F03E050846000000CDCCCC3DB6380508B4
:1076B800F73E0508623F0508420000000000803FD1
:1076C800B6380508FC3E0508013F050849000000DA
:1076D8000000803FB63805080C3F0508113F050833
:1076E800490000000000803FB63805081D3F050826
:1076F800223F0508490000000000803FB638050811
:10770800293F05082E3F0508420000000000803F81
:10771800B6380508393F05083E3F05084200000015
:107728000000803FB63805084B3F0508503F050864
:10773800460000000000803FB63805085B3F05089A
:10774800603F0508490000000000803FB638050882
:107758006B3F0508703F0508490000000000803FA6
:10776800B6380508773F05087C3F05084900000042
:107778000000803FB6380508833F0508883F0508A4
:10778800490000000000803FB63805088F3F050813
:10779800943F0508490000000000803FB6380508FE
:1077A8009B3F0508A03F0508490000000000803FF6
:1077B800B6380508A73F0508AC3F05084900000092
:1077C8000000803FB6380508B33F0508B83F0508F4
:1077D800490000000000803FB6380508C03F050892
:1077E800C53F0508490000000000803FB63805087D
:1077F800CD3F0508D23F0508490000000000803F42
:10780800B6380508DA3F0508DF3F050849000000DB
:107818000000803FB6380508E73F0508EC3F05083B
:10782800490000000000803FB6380508F43F05080D
:10783800F93F0508490000000000803FB6380508F8
:10784800014005080640050846000000CDCCCC3DA7
:10785800B638050812400508174005084900000019
:107868000000803FB638050824400508294005086F
:10787800490000000000803FB6380508324005087E
:1078880037400508490000000000803FB638050869
:107898003E40050843400508490000000000803FBD
:1078A800B63805084F40050854400508490000004F
:1078B8000000803FB63805085E40050863400508AB
:1078C800420000000000803FB63805086D400508FA
:1078D80072400508490000000000803FB6380508DE
:1078E8007C4005081B340508490000000000803F63
:1078F800B63805088140050886400508490000009B
:107908000000803FB63805089140050896400508F4
:10791800490000000000803FB63805089E40050871
:10792800A3400508490000000000803FB63805085C
:10793800B0400508B5400508490000000000803F38
:10794800B6380508C1400508C640050849000000CA
:107958000000803FB6380508CE400508D34005082A
:10796800420000000000803FB6380508E0400508E6
:10797800E540050846000000CDCCCC3DB6380508EA
:10798800F2400508F740050846000000CDCCCC3D84
:10799800B6380508044105080941050842000000F9
:1079A8000000803FB638050814410508194105084C
:1079B800490000000000803FB6380508234105084B
:1079C80028410508490000000000803FB638050836
:1079D8003241050837410508490000000000803F92
:1079E800B63805084341050848410508420000002B
:1079F8000000803FB638050854410508594105087C
:107A0800490000000000803FB638050862410508BB
:107A180067410508490000000000803FB6380508A6
:107A28007041050875410508490000000000803FC5
:107A3800B63805087F41050884410508490000005B
:107A48000000803FB63805089141050896410508B1
:107A5800490000000000803FB6380508A24105082B
:107A6800A7410508490000000000803FB638050816
:107A7800B2410508B7410508490000000000803FF1
:107A8800B6380508C1410508C64105084900000087
:107A98000000803FB6380508D2410508D7410508DF
:107AA800490000000000803FB6380508E14105089C
:107AB800E6410508490000000000803FB638050887
:107AC800F2410508F7410508420000000000803F28
:107AD800B6380508024205080742050842000000BA
:107AE8000000803FB6380508104205081542050811
:107AF800420000000000803FB63805081E42050815
:107B080023420508490000000000803FB6380508F8
:107B18002A4205082F42050846000000CDCCCC3D7E
:107B2800B6380508394205083E42050846000000F7
:107B3800CDCCCC3DB63805084842050825340508A3
:107B480046000000CDCCCC3DB63805084D420508AE
:107B580052420508420000000000803FB638050880
:107B68005C4205086142050846000000CDCCCC3DCA
:107B7800B63805086E42050873420508460000003D
:107B8800CDCCCC3DB63805087D42050882420508B3
:107B980046000000CDCCCC3DB63805088942050822
:107BA8008E420508490000000000803FB6380508ED
:107BB8009A4205089F420508420000000000803FE5
:107BC800B6380508A8420508AD4205084600000079
:107BD800CDCCCC3DB6380508B9420508BE420508EB
:107BE80046000000CDCCCC3DB6380508C942050892
:107BF800CE420508490000000000803FB63805085D
:107C0800DA420508DF420508490000000000803F0D
:107C1800B6380508E8420508ED42050846000000A8
:107C2800CDCCCC3DB6380508F4420508F942050824
:107C3800420000000000803FB638050803430508ED
:107C48000843050846000000CDCCCC3DB6380508F1
:107C5800134305081843050846000000CDCCCC3D69
:107C6800B6380508214305082643050842000000E8
:107C78000000803FB638050831430508364305083B
:107C8800420000000000803FB6380508414305085F
:107C980046430508490000000000803FB638050843
:107CA8004F43050854430508420000000000803F88
:107CB800B63805085E430508774705084600000002
:107CC800CDCCCC3DB63805086343050866470508A2
:107CD80046000000CDCCCC3DB63805086843050801
:107CE8006D430508490000000000803FB6380508CC
:107CF8007943050875430508460000000000803FE9
:107D0800B63805087E430508834305084600000089
:107D1800CDCCCC3DB63805088E43050893430508FD
:107D280046000000CDCCCC3DB63805089D4305087B
:107D3800A2430508490000000000803FB638050846
:107D4800A9430508AE430508490000000000803F2C
:107D5800B6380508B94305087B5A050849000000EC
:107D68000000803FB6380508BE430508C343050830
:107D780046000000CDCCCC3DB6380508CB430508FD
:107D8800D043050846000000CDCCCC3DB6380508E8
:107D9800D6430508DB430508490000000000803F82
:107DA800B6380508E5430508EA430508460000001B
:107DB800CDCCCC3DB6380508DC480508F0430508AD
:107DC800420000000000803FB6380508FC43050863
:107DD80001440508420000000000803FB63805084D
:107DE800104405080C440508460000000000803FC8
:107DF800B6380508154405081A4405084900000066
:107E08000000803FB6380508254405082A440508BF
:107E1800490000000000803FB638050836440508D0
:107E28003B440508490000000000803FB6380508BB
:107E3800474405084C44050846000000CDCCCC3D1D
:107E4800B6380508574405085C4405084600000094
:107E5800CDCCCC3DB6380508664405086B4405080A
:107E680046000000CDCCCC3DB6380508774405085F
:107E78007C44050846000000CDCCCC3DB63805084A
:107E8800874405088C44050846000000CDCCCC3D4D
:107E9800B6380508974405089C44050846000000C4
:107EA800CDCCCC3DB6380508A6440508AB4405083A
:107EB80046000000CDCCCC3DB6380508B6440508D0
:107EC800BB44050846000000CDCCCC3DB6380508BB
:107ED800C5440508CA440508490000000000803F61
:107EE800B6380508D4440508D944050849000000F7
:107EF8000000803FB6380508E4440508E944050851
:107F0800490000000000803FB6380508F444050821
:107F1800F9440508490000000000803FB63805080C
:107F28000245050807450508490000000000803F94
:107F3800B63805081245050817450508420000002F
:107F48000000803FB6380508224505082745050882
:107F5800420000000000803FB6380508304505089B
:107F680035450508420000000000803FB638050886
:107F78003D45050842450508420000000000803FD5
:107F8800B63805084A4505084F450508420000006F
:107F98000000803FB6380508574505085C450508C8
:107FA800420000000000803FB63805086445050817
:107FB80069450508420000000000803FB638050802
:107FC8007145050876450508420000000000803F1D
:107FD800B63805087E4505088345050842000000B7
:107FE8000000803FB63805088C450508914505080E
:107FF800420000000000803FB63805089F4505088C
:10800800A4450508420000000000803FB638050876
:10801800B1450508B6450508420000000000803F4C
:10802800B6380508C0450508B540050842000000F7
:108038000000803FB6380508C5450508CA4505084B
:10804800420000000000803FB6380508D545050805
:10805800DA450508420000000000803FB6380508F0
:10806800E3450508E8450508420000000000803F98
:10807800B6380508F3450508F8450508420000002C
:108088000000803FB638050802460508074605087F
:10809800420000000000803FB63805081046050879
:1080A80015460508420000000000803FB638050864
:1080B8001E46050823460508420000000000803FD0
:1080C800B63805082F460508284105084200000073
:1080D8000000803FB6380508344605087A3E050892
:1080E800420000000000803FB63805083946050800
:1080F8003E460508420000000000803FB6380508EB
:10810800464605084B460508420000000000803F2F
:10811800B6380508524605085746050842000000CB
:108128000000803FB6380508614605086646050820
:10813800420000000000803FFE380508393D050870
:108148006647050846000000CDCCCC3DFE38050842
:108158003E3D05080538050846000000CDCCCC3D5D
:10816800FE380508433D0508483D0508460000005F
:10817800CDCCCC3DFE380508523D0508573D0508D5
:1081880046000000CDCCCC3DFE380508613D050811
:10819800663D050846000000CDCCCC3DFE380508FC
:1081A8006F3D0508743D0508490000000000803F48
:1081B800FE3805087D3D0508823D0508460000009B
:1081C800CDCCCC3DFE3805088B3D0508903D050813
:1081D80046000000CDCCCC3DFE380508993D050889
:1081E8009E3D0508490000000000803FFE38050854
:1081F800A93D0508AE3D0508490000000000803F84
:10820800FE380508B93D0508BE3D050849000000CF
:108218000000803FFE380508CB3D0508D03D050825
:10822800490000000000803FFE380508D83D0508D9
:10823800DD3D0508490000000000803FFE380508C4
:10824800E73D0508EC3D050846000000CDCCCC3DD7
:10825800FE380508F83D0508FD3D05084200000008
:108268000000803FFE3805080A3E05080F3E050855
:1082780046000000CDCCCC3DFE380508173E050869
:108288001C3E050846000000CDCCCC3DFE38050854
:10829800253E05082A3E0508490000000000803FE9
:1082A800FE380508343E0508393E05084900000037
:1082B8000000803FFE380508443E0508493E050891
:1082C800490000000000803FFE380508533E0508BD
:1082D800583E050846000000CDCCCC3DFE380508C8
:1082E800643E0508693E0508490000000000803F1B
:1082F800FE380508753E05087A3E05084900000065
:108308000000803FFE380508853E05088A3E0508BE
:10831800490000000000803FFE380508943E05082B
:10832800993E0508490000000000803FFE38050816
:10833800A53E0508AA3E050846000000CDCCCC3D68
:10834800FE380508B73E0508BC3E05084900000090
:108358000000803FFE380508C83E0508CD3E0508E8
:10836800490000000000803FFE380508DA3E050895
:10837800DF3E0508490000000000803FFE38050880
:10838800EB3E0508F03E050846000000CDCCCC3D8C
:10839800FE380508F73E0508623F05084200000060
:1083A8000000803FFE380508FC3E0508013F05082F
:1083B800490000000000803FFE3805080C3F050812
:1083C800113F0508490000000000803FFE380508FD
:1083D8001D3F0508223F0508490000000000803FB6
:1083E800FE38050871460508764605084200000073
:1083F8000000803FFE380508293F05082E3F050884
:10840800420000000000803FFE380508393F05089B
:108418003E3F0508420000000000803FFE38050886
:108428004B3F0508503F0508460000000000803F0C
:10843800FE3805086B3F0508703F05084900000035
:108448000000803FFE380508773F05087C3F050897
:10845800490000000000803FFE380508833F0508FA
:10846800883F0508490000000000803FFE380508E5
:108478008F3F0508943F0508490000000000803F31
:10848800FE3805089B3F0508A03F05084900000085
:108498000000803FFE380508A73F0508AC3F0508E7
:1084A800490000000000803FFE380508B33F05087A
:1084B800B83F0508490000000000803FFE38050865
:1084C800C03F0508C53F0508490000000000803F7F
:1084D800FE380508CD3F0508D23F050849000000D1
:1084E8000000803FFE380508DA3F0508DF3F050831
:1084F800490000000000803FFE380508E73F0508F6
:10850800EC3F0508490000000000803FFE380508E0
:10851800F43F0508F93F0508490000000000803FC6
:10852800FE38050801400508064005084600000019
:10853800CDCCCC3DFE38050812400508174005088B
:10854800490000000000803FFE3805082440050867
:1085580029400508490000000000803FFE38050852
:108568003240050837400508490000000000803FF8
:10857800FE3805083E40050843400508490000004C
:108588000000803FFE3805084F40050854400508A4
:10859800490000000000803FFE3805085E400508DD
:1085A80063400508420000000000803FFE380508CF
:1085B8006D40050872400508490000000000803F32
:1085C800FE3805087C4005081B34050849000000F2
:1085D8000000803FFE3805088140050886400508F0
:1085E800490000000000803FFE380508914005085A
:1085F80096400508490000000000803FFE38050845
:108608009E400508A3400508490000000000803F7F
:10861800FE380508B0400508B540050849000000C7
:108628000000803FFE380508C1400508C64005081F
:10863800490000000000803FFE380508CE400508CC
:10864800D3400508420000000000803FFE380508BE
:10865800E0400508E540050846000000CDCCCC3DCB
:10866800FE380508F2400508F740050846000000F6
:10867800CDCCCC3DFE380508044105080941050864
:10868800420000000000803FFE380508144105083C
:1086980019410508490000000000803FFE38050820
:1086A8002341050828410508490000000000803FD3
:1086B800FE38050832410508374105084900000021
:1086C8000000803FFE380508434105084841050879
:1086D800420000000000803FFE38050854410508AC
:1086E80059410508490000000000803FFE38050890
:1086F8006241050867410508490000000000803F05
:10870800FE38050870410508754105084900000054
:108718000000803FFE3805087F41050884410508B0
:10872800490000000000803FFE3805089141050817
:1087380096410508490000000000803FFE38050802
:10874800A2410508A7410508490000000000803F34
:10875800FE380508824605087E46050846000000E2
:108768000000803FFE380508B2410508B7410508FA
:10877800490000000000803FFE380508C141050897
:10878800C6410508490000000000803FFE38050882
:10879800D2410508D7410508490000000000803F84
:1087A800FE380508E1410508E641050849000000D2
:1087B8000000803FFE380508F2410508F74105082A
:1087C800420000000000803FFE380508024205080C
:1087D80007420508420000000000803FFE380508F7
:1087E8001042050815420508420000000000803FBD
:1087F800FE3805081E420508234205084900000006
:108808000000803FFE3805082A4205082F42050867
:1088180046000000CDCCCC3DFE380508394205089D
:108828003E42050846000000CDCCCC3DFE38050888
:10883800484205082534050846000000CDCCCC3D4B
:10884800FE3805084D42050852420508420000005E
:108858000000803FFE3805085C42050861420508B3
:1088680046000000CDCCCC3DFE3805086E42050818
:108878007342050846000000CDCCCC3DFE38050803
:108888007D4205088242050846000000CDCCCC3D5B
:10889800FE380508874605088C460508460000008E
:1088A800CDCCCC3DFE380508894205088E42050826
:1088B800490000000000803FFE3805089A4205087C
:1088C8009F420508420000000000803FFE3805086E
:1088D800A8420508AD42050846000000CDCCCC3DB5
:1088E800FE380508B9420508BE42050846000000E2
:1088F800CDCCCC3DFE3805089346050898460508BA
:1089080046000000CDCCCC3DFE380508C94205081C
:10891800CE420508490000000000803FFE380508E7
:10892800DA420508DF420508490000000000803FE0
:10893800FE380508E8420508ED4205084600000033
:10894800CDCCCC3DFE380508F4420508F9420508AF
:10895800420000000000803FFE3805080343050878
:108968000843050846000000CDCCCC3DFE3805087C
:10897800134305081843050846000000CDCCCC3D3C
:10898800FE38050821430508264305084200000073
:108998000000803FFE3805083143050836430508C6
:1089A800420000000000803FFE38050841430508EA
:1089B80046430508490000000000803FFE380508CE
:1089C8004F43050854430508420000000000803F5B
:1089D800FE3805085E43050877470508460000008D
:1089E800CDCCCC3DFE38050863430508664705082D
:1089F80046000000CDCCCC3DFE380508684305088C
:108A08006D430508490000000000803FFE38050856
:108A18007943050875430508460000000000803FBB
:108A2800FE3805087E430508834305084600000014
:108A3800CDCCCC3DFE3805088E4305089343050888
:108A480046000000CDCCCC3DFE3805089D43050806
:108A5800A2430508490000000000803FFE380508D1
:108A6800B94305087B5A0508490000000000803F0B
:108A7800FE380508A1460508A64605084900000075
:108A88000000803FFE380508AA460508AF460508DD
:108A980046000000CDCCCC3DFE380508BE43050895
:108AA800C343050846000000CDCCCC3DFE38050880
:108AB800CB430508D043050846000000CDCCCC3D8B
:108AC800FE380508B8460508BD46050846000000FA
:108AD800CDCCCC3DFE380508C4460508C946050876
:108AE800490000000000803FFE380508D64305080D
:108AF800DB430508490000000000803FFE380508F8
:108B0800D5460508DA46050846000000CDCCCC3D20
:108B1800FE380508E5430508EA4305084600000055
:108B2800CDCCCC3DFE380508DC480508F0430508E7
:108B3800420000000000803FFE380508FC4305089D
:108B480001440508420000000000803FFE38050887
:108B5800E0460508E5460508490000000000803F9A
:108B6800FE380508F1460508F646050849000000E4
:108B78000000803FFE380508FF4605080447050841
:108B880046000000CDCCCC3DFE3805081044050851
:108B98000C440508460000000000803FFE38050828
:108BA800154405081A440508490000000000803FE4
:108BB800FE380508254405082A4405084900000030
:108BC8000000803FFE380508364405083B44050888
:108BD800490000000000803FFE38050847440508AA
:108BE8004C44050846000000CDCCCC3DFE380508B5
:108BF800574405085C44050846000000CDCCCC3D30
:108C0800FE380508664405086B4405084600000060
:108C1800CDCCCC3DFE380508774405087C440508D2
:108C280046000000CDCCCC3DFE3805088744050839
:108C38008C44050846000000CDCCCC3DFE38050824
:108C4800974405089C44050846000000CDCCCC3D5F
:108C5800FE380508A6440508AB4405084600000090
:108C6800CDCCCC3DFE380508B6440508BB44050804
:108C780046000000CDCCCC3DFE380508C5440508AB
:108C8800CA440508490000000000803FFE38050876
:108C9800D4440508D9440508490000000000803F75
:108CA800FE380508E4440508E944050849000000C1
:108CB8000000803FFE380508F4440508F94405081B
:108CC800490000000000803FFE38050802450508FD
:108CD80007450508490000000000803FFE380508E8
:108CE8001245050817450508420000000000803FAE
:108CF800FE380508224505082745050842000000FA
:108D08000000803FFE380508304505083545050850
:108D1800420000000000803FFE3805083D45050878
:108D280010470508420000000000803FFE38050893
:108D38004A45050842450508420000000000803FFA
:108D4800FE380508574505084F450508420000004C
:108D58000000803FFE380508644505085C450508A5
:108D6800420000000000803FFE38050871450508F4
:108D780069450508420000000000803FFE380508EC
:108D88007E45050876450508420000000000803F42
:108D9800FE3805088C450508834505084200000093
:108DA8000000803FFE3805089F45050891450508E5
:108DB800420000000000803FFE380508B145050864
:108DC800A4450508420000000000803FFE38050861
:108DD800C0450508B6450508420000000000803F70
:108DE800FE380508C5450508B540050842000000DD
:108DF8000000803FFE380508D5450508CA45050826
:108E0800420000000000803FFE380508E3450508E1
:108E1800DA450508420000000000803FFE380508DA
:108E2800F3450508E8450508420000000000803FBA
:108E3800FE38050802460508F84505084200000006
:108E48000000803FFE38050810460508074605085B
:108E5800420000000000803FFE3805081E46050855
:108E680015460508420000000000803FFE3805084E
:108E78002F46050823460508420000000000803FF1
:108E8800FE38050834460508284105084200000058
:108E98000000803FFE380508394605087A3E050877
:108EA800420000000000803FFE38050846460508DD
:108EB8003E460508420000000000803FFE380508D5
:108EC800524605084B460508420000000000803F56
:108ED800FE380508614605085746050842000000A7
:108EE8000000803F5B3A0508393D050866470508DC
:108EF80046000000CDCCCC3D5B3A05083E3D050858
:108F08000538050846000000CDCCCC3D5B3A050885
:108F1800433D0508483D050846000000CDCCCC3D42
:108F28005B3A0508523D0508573D05084600000014
:108F3800CDCCCC3D5B3A0508613D0508663D05088A
:108F480046000000CDCCCC3D5B3A05086F3D0508D6
:108F5800743D0508490000000000803F5B3A0508A1
:108F68007D3D0508823D050846000000CDCCCC3D7E
:108F78005B3A05088B3D0508903D05084600000052
:108F8800CDCCCC3D5B3A0508993D05089E3D0508CA
:108F9800490000000000803F5B3A0508A93D05082C
:108FA800AE3D0508490000000000803F5B3A050817
:108FB800B93D0508BE3D0508490000000000803F96
:108FC8005B3A0508CB3D0508D03D0508490000007F
:108FD8000000803F5B3A0508D83D0508DD3D0508DF
:108FE800490000000000803F5B3A0508E73D05089E
:108FF800EC3D050846000000CDCCCC3D5B3A0508A9
:10900800F83D0508FD3D0508420000000000803FCE
:109018005B3A05080A3E05080F3E050846000000B1
:10902800CDCCCC3D5B3A0508173E05081C3E05082B
:1090380046000000CDCCCC3D5B3A05081847050832
:109048001D470508490000000000803F5B3A0508FD
:10905800253E05082A3E0508490000000000803F1B
:109068005B3A0508343E0508393E0508490000000A
:109078000000803F5B3A0508443E0508493E050864
:10908800490000000000803F5B3A0508533E050890
:10909800583E050846000000CDCCCC3D5B3A05089B
:1090A800643E0508693E0508490000000000803F4D
:1090B8005B3A0508753E05087A3E05084900000038
:1090C8000000803F5B3A0508853E05088A3E050892
:1090D800490000000000803F5B3A0508943E0508FF
:1090E800993E0508490000000000803F5B3A0508EA
:1090F800A53E0508AA3E050846000000CDCCCC3D9B
:109108005B3A0508B73E0508BC3E05084900000063
:109118000000803F5B3A0508C83E0508CD3E0508BB
:10912800490000000000803F5B3A0508DA3E050868
:10913800DF3E0508490000000000803F5B3A050853
:10914800EB3E0508F03E050846000000CDCCCC3DBE
:109158005B3A0508F73E0508623F05084200000033
:109168000000803F5B3A0508FC3E0508013F050802
:10917800490000000000803F5B3A05080C3F0508E5
:10918800113F0508490000000000803F5B3A0508D0
:109198001D3F0508223F0508490000000000803FE8
:1091A8005B3A0508293F05082E3F050842000000E4
:1091B8000000803F5B3A0508393F05083E3F050837
:1091C800420000000000803F5B3A05084B3F05085D
:1091D800503F0508460000000000803F5B3A050844
:1091E8005B3F0508603F0508490000000000803F1C
:1091F8005B3A05086B3F0508703F05084900000009
:109208000000803F5B3A0508773F05087C3F05086A
:10921800490000000000803F5B3A0508833F0508CD
:10922800883F0508490000000000803F5B3A0508B8
:109238008F3F0508943F0508490000000000803F63
:109248005B3A05089B3F0508A03F05084900000058
:109258000000803F5B3A0508A73F0508AC3F0508BA
:10926800490000000000803F5B3A0508B33F05084D
:10927800B83F0508490000000000803F5B3A050838
:10928800C03F0508C53F0508490000000000803FB1
:109298005B3A0508CD3F0508D23F050849000000A4
:1092A8000000803F5B3A0508DA3F0508DF3F050804
:1092B800490000000000803F5B3A0508E73F0508C9
:1092C800EC3F0508490000000000803F5B3A0508B4
:1092D800F43F0508F93F0508490000000000803FF9
:1092E8005B3A0508014005080640050846000000ED
:1092F800CDCCCC3D5B3A050812400508174005085F
:10930800490000000000803F5B3A0508244005083A
:1093180029400508490000000000803F5B3A050825
:109328003240050837400508490000000000803F2A
:109338005B3A05083E40050843400508490000001F
:109348000000803F5B3A05084F4005085440050877
:10935800490000000000803F5B3A05085E400508B0
:1093680063400508420000000000803F5B3A0508A2
:109378007C4005081B340508490000000000803FB8
:109388005B3A050881400508864005084900000049
:109398000000803F5B3A05089140050896400508A3
:1093A800490000000000803F5B3A05089E40050820
:1093B800A3400508490000000000803F5B3A05080B
:1093C800B0400508B5400508490000000000803F8E
:1093D8005B3A0508C1400508C64005084900000079
:1093E8000000803F5B3A0508CE400508D3400508D9
:1093F800420000000000803F5B3A0508E040050895
:10940800E540050846000000CDCCCC3D5B3A050898
:10941800F2400508F740050846000000CDCCCC3DD9
:109428005B3A0508044105080941050842000000A7
:109438000000803F5B3A05081441050819410508FA
:10944800490000000000803F5B3A050823410508F9
:1094580028410508490000000000803F5B3A0508E4
:109468003241050837410508490000000000803FE7
:109478005B3A0508434105084841050842000000D9
:109488000000803F5B3A050854410508594105082A
:10949800490000000000803F5B3A0508624105086A
:1094A80067410508490000000000803F5B3A050855
:1094B8007041050875410508490000000000803F1B
:1094C8005B3A05087F41050884410508490000000A
:1094D8000000803F5B3A0508914105089641050860
:1094E800490000000000803F5B3A0508A2410508DA
:1094F800A7410508490000000000803F5B3A0508C5
:10950800B2410508B7410508490000000000803F46
:109518005B3A0508C1410508C64105084900000035
:109528000000803F5B3A0508D2410508D74105088D
:10953800490000000000803F5B3A0508E14105084A
:10954800E6410508490000000000803F5B3A050835
:10955800F2410508F7410508420000000000803F7D
:109568005B3A050802420508074205084200000068
:109578000000803F5B3A05081042050815420508BF
:10958800420000000000803F5B3A05081E420508C3
:1095980023420508490000000000803F5B3A0508A7
:1095A8002A4205082F42050846000000CDCCCC3DD4
:1095B8005B3A0508394205083E42050846000000A6
:1095C800CDCCCC3D5B3A0508484205082534050852
:1095D80046000000CDCCCC3D5B3A05084D4205085D
:1095E80052420508420000000000803F5B3A05082F
:1095F8005C4205086142050846000000CDCCCC3D20
:109608005B3A05086E4205087342050846000000EB
:10961800CDCCCC3D5B3A05087D4205088242050861
:1096280046000000CDCCCC3D5B3A050889420508D0
:109638008E420508490000000000803F5B3A05089B
:109648009A4205089F420508420000000000803F3A
:109658005B3A0508A8420508AD4205084600000027
:10966800CDCCCC3D5B3A0508B9420508BE42050899
:1096780046000000CDCCCC3D5B3A0508C942050840
:10968800CE420508490000000000803F5B3A05080B
:10969800DA420508DF420508490000000000803F63
:1096A8005B3A0508E8420508ED4205084600000057
:1096B800CDCCCC3D5B3A0508F4420508F9420508D3
:1096C800420000000000803F5B3A0508034305089C
:1096D8000843050846000000CDCCCC3D5B3A0508A0
:1096E800134305081843050846000000CDCCCC3DBF
:1096F8005B3A050821430508264305084200000097
:109708000000803F5B3A05083143050836430508E9
:10971800420000000000803F5B3A0508414305080D
:1097280046430508490000000000803F5B3A0508F1
:109738004F43050854430508420000000000803FDD
:109748005B3A05085E4305087747050846000000B0
:10975800CDCCCC3D5B3A0508634305086647050850
:1097680046000000CDCCCC3D5B3A050868430508AF
:109778006D430508490000000000803F5B3A05087A
:109788007943050875430508460000000000803F3E
:109798005B3A05087E430508834305084600000038
:1097A800CDCCCC3D5B3A05088E43050893430508AC
:1097B80046000000CDCCCC3D5B3A05089D4305082A
:1097C800A2430508490000000000803F5B3A0508F5
:1097D800A9430508AE430508490000000000803F82
:1097E8005B3A0508B94305087B5A0508490000009B
:1097F8000000803F5B3A0508284705082D47050803
:10980800420000000000803F5B3A0508BE4305089F
:10981800C343050846000000CDCCCC3D5B3A0508A3
:10982800CB430508D043050846000000CDCCCC3D0D
:109838005B3A0508D6430508DB43050849000000E4
:109848000000803F5B3A0508E5430508EA43050840
:1098580046000000CDCCCC3D5B3A0508DC48050845
:10986800F0430508420000000000803F5B3A05080D
:10987800FC43050801440508420000000000803F41
:109888005B3A0508104405080C440508460000002A
:109898000000803F5B3A0508154405081A4405088E
:1098A800490000000000803F5B3A05082544050890
:1098B8002A440508490000000000803F5B3A05087B
:1098C800364405083B440508490000000000803F75
:1098D8005B3A0508474405084C4405084600000063
:1098E800CDCCCC3D5B3A0508574405085C440508D7
:1098F80046000000CDCCCC3D5B3A0508664405081F
:109908006B44050846000000CDCCCC3D5B3A050809
:10991800774405087C44050846000000CDCCCC3DC2
:109928005B3A0508874405088C4405084600000092
:10993800CDCCCC3D5B3A0508974405089C44050806
:1099480046000000CDCCCC3D5B3A0508A64405088E
:10995800AB44050846000000CDCCCC3D5B3A050879
:10996800B6440508BB44050846000000CDCCCC3DF4
:109978005B3A0508C5440508CA44050849000000C3
:109988000000803F5B3A0508D4440508D94405081F
:10999800490000000000803F5B3A0508E4440508E0
:1099A800E9440508490000000000803F5B3A0508CB
:1099B800F4440508F9440508490000000000803F08
:1099C8005B3A0508024505080745050849000000F7
:1099D8000000803F5B3A0508124505081745050851
:1099E800420000000000803F5B3A05082245050858
:1099F80027450508420000000000803F5B3A050843
:109A08003045050835450508420000000000803F44
:109A18005B3A05083D450508424505084200000037
:109A28000000803F5B3A05084A4505084F45050890
:109A3800420000000000803F5B3A050857450508D2
:109A48005C450508420000000000803F5B3A0508BD
:109A58006445050869450508420000000000803F8C
:109A68005B3A05087145050876450508420000007F
:109A78000000803F5B3A05087E45050891450508CA
:109A8800420000000000803F5B3A05088C4505084D
:109A9800A4450508420000000000803F5B3A050825
:109AA8009F450508B6450508420000000000803FB4
:109AB8005B3A0508B1450508B540050842000000B5
:109AC8000000803F5B3A0508C0450508CA450508FF
:109AD800420000000000803F5B3A0508C5450508C4
:109AE800DA450508420000000000803F5B3A05089F
:109AF800D545050807460508420000000000803FDC
:109B08005B3A0508E34505081546050842000000CC
:109B18000000803F5B3A0508F34505082346050821
:109B2800420000000000803F5B3A05080246050835
:109B380028410508420000000000803F5B3A050804
:109B4800104605087A3E0508420000000000803FE4
:109B58005B3A05081E4605083E4605084200000017
:109B68000000803F5B3A05082F4605084B4605086C
:109B7800420000000000803F5B3A050834460508B3
:109B880057460508420000000000803F5B3A050880
:109B98003946050866460508420000000000803F77
:109BA8005B3A050846460508E845050842000000F6
:109BB8000000803F5B3A050852460508F84505084D
:109BC800420000000000803FD2380508393D0508F2
:109BD8006647050846000000CDCCCC3DD2380508C4
:109BE8003E3D05080538050846000000CDCCCC3DB3
:109BF800D2380508433D0508483D050846000000E1
:109C0800CDCCCC3DD2380508523D0508573D050856
:109C180046000000CDCCCC3DD2380508613D050892
:109C2800663D050846000000CDCCCC3DD23805087D
:109C38006F3D0508743D0508490000000000803F9D
:109C4800D23805087D3D0508823D0508460000001C
:109C5800CDCCCC3DD23805088B3D0508903D050894
:109C680046000000CDCCCC3DD2380508993D05080A
:109C78009E3D0508490000000000803FD2380508D5
:109C8800A93D0508AE3D0508490000000000803FD9
:109C9800D2380508B93D0508BE3D05084900000051
:109CA8000000803FD2380508CB3D0508D03D0508A7
:109CB800490000000000803FD2380508D83D05085B
:109CC800DD3D0508490000000000803FD238050846
:109CD800E73D0508EC3D050846000000CDCCCC3D2D
:109CE800D2380508F83D0508FD3D0508420000008A
:109CF8000000803FD23805080A3E05080F3E0508D7
:109D080046000000CDCCCC3DD2380508173E0508EA
:109D18001C3E050846000000CDCCCC3DD2380508D5
:109D2800184705081D470508490000000000803F46
:109D3800D2380508253E05082A3E050849000000D6
:109D48000000803FD2380508343E0508393E050832
:109D5800490000000000803FD2380508443E05084D
:109D6800493E0508490000000000803FD238050838
:109D7800533E0508583E050846000000CDCCCC3DB2
:109D8800D2380508643E0508693E05084900000008
:109D98000000803FD2380508753E05087A3E050860
:109DA800490000000000803FD2380508853E0508BC
:109DB8008A3E0508490000000000803FD2380508A7
:109DC800943E0508993E0508490000000000803FC0
:109DD800D2380508A53E0508AA3E05084600000039
:109DE800CDCCCC3DD2380508B73E0508BC3E0508A9
:109DF800490000000000803FD2380508C83E050829
:109E0800CD3E0508490000000000803FD238050813
:109E1800DA3E0508DF3E0508490000000000803FE3
:109E2800D2380508EB3E0508F03E0508460000005C
:109E3800CDCCCC3DD2380508F73E0508623F050871
:109E4800420000000000803FD2380508FC3E0508AB
:109E5800013F0508490000000000803FD23805088E
:109E68000C3F0508113F0508490000000000803F2D
:109E7800D23805081D3F0508223F050849000000A3
:109E88000000803FD2380508293F05082E3F050805
:109E9800420000000000803FD2380508393F05081D
:109EA8003E3F0508420000000000803FD238050808
:109EB8004B3F0508503F0508460000000000803F62
:109EC800D23805085B3F0508603F050849000000D7
:109ED8000000803FD2380508394705083E47050885
:109EE800490000000000803FD23805086B3F050894
:109EF800703F0508490000000000803FD23805087F
:109F0800773F05087C3F0508490000000000803FB6
:109F1800D2380508833F0508883F05084900000036
:109F28000000803FD23805088F3F0508943F050898
:109F3800490000000000803FD23805089B3F050813
:109F4800A03F0508490000000000803FD2380508FE
:109F5800A73F0508AC3F0508490000000000803F06
:109F6800D2380508B33F0508B83F05084900000086
:109F78000000803FD2380508C03F0508C53F0508E6
:109F8800490000000000803FD2380508CD3F050891
:109F9800D23F0508490000000000803FD23805087C
:109FA800DA3F0508DF3F0508490000000000803F50
:109FB800D2380508E73F0508EC3F050849000000CE
:109FC8000000803FD2380508F43F0508F93F05082E
:109FD800490000000000803FD2380508014005080C
:109FE8000640050846000000CDCCCC3DD238050817
:109FF8001240050817400508490000000000803F8E
:10A00800D238050824400508294005084900000001
:10A018000000803FD238050832400508374005085F
:10A02800490000000000803FD23805083E4005087E
:10A0380043400508490000000000803FD238050869
:10A048004F40050854400508490000000000803FC3
:10A05800D23805085E400508634005084200000044
:10A068000000803FD23805087C4005081B340508ED
:10A07800490000000000803FD238050891400508DB
:10A0880096400508490000000000803FD2380508C6
:10A098009E400508A3400508490000000000803FD5
:10A0A800D2380508B0400508B54005084900000049
:10A0B8000000803FD2380508C1400508C6400508A1
:10A0C800490000000000803FD2380508CE4005084E
:10A0D800D3400508420000000000803FD238050840
:10A0E800E0400508E540050846000000CDCCCC3D21
:10A0F800D2380508F2400508F74005084600000078
:10A10800CDCCCC3DD23805080441050809410508E5
:10A11800420000000000803FD238050814410508BD
:10A1280019410508490000000000803FD2380508A1
:10A138002341050828410508490000000000803F28
:10A14800D2380508324105083741050849000000A2
:10A158000000803FD23805084341050848410508FA
:10A16800420000000000803FD2380508544105082D
:10A1780059410508490000000000803FD238050811
:10A188006241050867410508490000000000803F5A
:10A19800D2380508704105087541050849000000D6
:10A1A8000000803FD23805087F4105088441050832
:10A1B800490000000000803FD23805089141050899
:10A1C80096410508490000000000803FD238050884
:10A1D800A2410508A7410508490000000000803F8A
:10A1E800D2380508B2410508B74105084900000002
:10A1F8000000803FD2380508C1410508C64105085E
:10A20800490000000000803FD2380508D241050807
:10A21800D7410508490000000000803FD2380508F2
:10A22800E1410508E6410508490000000000803FBB
:10A23800D2380508F2410508F74105084200000038
:10A248000000803FD2380508024205080742050889
:10A25800420000000000803FD2380508104205087F
:10A2680015420508420000000000803FD23805086A
:10A278001E42050823420508490000000000803FEF
:10A28800D23805082A4205082F4205084600000072
:10A29800CDCCCC3DD2380508394205083E420508E8
:10A2A80046000000CDCCCC3DD23805084842050810
:10A2B8002534050846000000CDCCCC3DD238050831
:10A2C8004D42050852420508420000000000803F48
:10A2D800D23805085C4205086142050846000000BE
:10A2E800CDCCCC3DD23805086E420508734205082E
:10A2F80046000000CDCCCC3DD23805087D4205088B
:10A308008242050846000000CDCCCC3DD238050875
:10A31800894205088E420508490000000000803F78
:10A32800D23805089A4205089F42050842000000F5
:10A338000000803FD2380508A8420508AD4205084C
:10A3480046000000CDCCCC3DD2380508B9420508FE
:10A35800BE42050846000000CDCCCC3DD2380508E9
:10A36800C9420508CE420508490000000000803FA8
:10A37800D2380508DA420508DF420508490000001E
:10A388000000803FD2380508E8420508ED4205087C
:10A3980046000000CDCCCC3DD2380508F442050873
:10A3A800F9420508420000000000803FD238050845
:10A3B800034305080843050846000000CDCCCC3D02
:10A3C800D23805081343050818430508460000005D
:10A3D800CDCCCC3DD23805082143050826430508D5
:10A3E800420000000000803FD238050831430508CC
:10A3F80036430508420000000000803FD2380508B7
:10A408004143050846430508490000000000803F15
:10A41800D23805084F430508544305084200000098
:10A428000000803FD23805085E43050877470508D5
:10A4380046000000CDCCCC3DD23805086343050862
:10A448006647050846000000CDCCCC3DD23805084B
:10A45800684305086D430508490000000000803F77
:10A46800D2380508794305087543050846000000F9
:10A478000000803FD23805087E430508834305085D
:10A4880046000000CDCCCC3DD23805088E430508E7
:10A498009343050846000000CDCCCC3DD2380508D2
:10A4A8009D430508A2430508490000000000803FBD
:10A4B800D2380508A9430508AE430508490000003D
:10A4C8000000803FD2380508B94305087B5A0508C3
:10A4D800490000000000803FD238050828470508D9
:10A4E8002D470508420000000000803FD2380508CB
:10A4F800BE430508C343050846000000CDCCCC3D4B
:10A50800D2380508CB430508D043050846000000AB
:10A51800CDCCCC3DD2380508D6430508DB43050829
:10A52800490000000000803FD2380508E5430508CF
:10A53800EA43050846000000CDCCCC3DD2380508DA
:10A54800DC480508F0430508420000000000803F91
:10A55800D2380508FC4305080144050842000000FC
:10A568000000803FD2380508104405080C4405084F
:10A57800460000000000803FD23805081544050851
:10A588001A440508490000000000803FD238050839
:10A59800254405082A440508490000000000803FBA
:10A5A800D2380508364405083B4405084900000030
:10A5B8000000803FD2380508474405084C44050888
:10A5C80046000000CDCCCC3DD238050857440508DC
:10A5D8005C44050846000000CDCCCC3DD2380508C7
:10A5E800664405086B44050846000000CDCCCC3D08
:10A5F800D2380508774405087C4405084600000061
:10A60800CDCCCC3DD2380508874405088C440508D4
:10A6180046000000CDCCCC3DD2380508974405084B
:10A628009C44050846000000CDCCCC3DD238050836
:10A63800A6440508AB44050846000000CDCCCC3D37
:10A64800D2380508B6440508BB4405084600000092
:10A65800CDCCCC3DD2380508C5440508CA44050808
:10A66800490000000000803FD2380508D44405089E
:10A67800D9440508490000000000803FD238050889
:10A68800E4440508E9440508490000000000803F4B
:10A69800D2380508F4440508F944050849000000C3
:10A6A8000000803FD238050802450508074505081F
:10A6B800490000000000803FD2380508124505080F
:10A6C80017450508420000000000803FD238050801
:10A6D8002245050827450508420000000000803F84
:10A6E800D238050830450508354505084200000000
:10A6F8000000803FD23805083D4505084245050859
:10A70800420000000000803FD23805084A4505088D
:10A718004F450508420000000000803FD238050878
:10A72800574505085C450508420000000000803FC9
:10A73800D238050864450508694505084200000047
:10A748000000803FD23805087145050876450508A0
:10A75800420000000000803FD23805087E45050809
:10A7680091450508420000000000803FD2380508E6
:10A778008C450508A4450508420000000000803FFC
:10A78800D23805089F450508B6450508420000006F
:10A798000000803FD2380508B1450508B5400508D6
:10A7A800420000000000803FD2380508C045050877
:10A7B800CA450508420000000000803FD23805085D
:10A7C800C5450508DA450508420000000000803F3D
:10A7D800D2380508D5450508074605084200000097
:10A7E8000000803FD2380508E345050815460508EE
:10A7F800420000000000803FD2380508F3450508F4
:10A8080023460508420000000000803FD2380508B2
:10A818000246050828410508420000000000803F64
:10A82800D2380508104605087A3E0508420000009F
:10A838000000803FD23805081E4605083E46050838
:10A84800420000000000803FD23805082F46050866
:10A858004B460508420000000000803FD23805083A
:10A868003446050857460508420000000000803FAE
:10A87800D238050839460508664605084200000032
:10A888000000803FD238050846460508E845050817
:10A89800420000000000803FD238050852460508F3
:10A8A800F8450508420000000000803F6C390508A3
:10A8B800393D05086647050846000000CDCCCC3D6B
:10A8C8006C3905083E3D05080538050846000000B6
:10A8D800CDCCCC3D6C390508433D0508483D0508FD
:10A8E80046000000CDCCCC3D6C390508523D05082A
:10A8F800573D050846000000CDCCCC3D6C39050815
:10A90800613D0508663D050846000000CDCCCC3DFC
:10A918006C3905086F3D0508743D050849000000BD
:10A928000000803F6C3905087D3D0508823D05081B
:10A9380046000000CDCCCC3D6C3905088B3D0508A0
:10A94800903D050846000000CDCCCC3D6C3905088B
:10A95800993D05089E3D0508490000000000803F1C
:10A968006C390508A93D0508AE3D050849000000F9
:10A978000000803F6C390508B93D0508BE3D050853
:10A98800490000000000803F6C390508CB3D0508F0
:10A99800D03D0508490000000000803F6C390508DB
:10A9A800D83D0508DD3D0508490000000000803F4E
:10A9B8006C390508E73D0508EC3D05084600000030
:10A9C800CDCCCC3D6C390508F83D0508FD3D0508A2
:10A9D800420000000000803F6C3905080A3E050867
:10A9E8000F3E050846000000CDCCCC3D6C3905086B
:10A9F800173E05081C3E050846000000CDCCCC3D9E
:10AA08006C390508184705081D4705084900000066
:10AA18000000803F6C390508253E05082A3E0508D8
:10AA2800490000000000803F6C390508343E0508E5
:10AA3800393E0508490000000000803F6C390508D0
:10AA4800443E0508493E0508490000000000803FD3
:10AA58006C390508533E0508583E050846000000B5
:10AA6800CDCCCC3D6C390508643E0508693E050827
:10AA7800490000000000803F6C390508753E050854
:10AA88007A3E0508490000000000803F6C3905083F
:10AA9800853E05088A3E0508490000000000803F01
:10AAA8006C390508943E0508993E050849000000E0
:10AAB8000000803F6C390508A53E0508AA3E050838
:10AAC80046000000CDCCCC3D6C390508B73E0508E2
:10AAD800BC3E0508490000000000803F6C390508AD
:10AAE800C83E0508CD3E0508490000000000803F2B
:10AAF8006C390508DA3E0508DF3E05084900000004
:10AB08000000803F6C390508EB3E0508F03E05085B
:10AB180046000000CDCCCC3D6C3905084B470508F4
:10AB280047470508460000000000803F6C390508CB
:10AB3800F73E0508623F0508420000000000803F1C
:10AB48006C390508FC3E0508013F0508490000006E
:10AB58000000803F6C3905080C3F0508113F0508C7
:10AB6800490000000000803F6C3905081D3F0508BA
:10AB7800223F0508490000000000803F6C390508A5
:10AB8800293F05082E3F0508420000000000803FCD
:10AB98006C390508393F05083E3F050842000000AA
:10ABA8000000803F6C3905084B3F0508503F0508F9
:10ABB800460000000000803F6C3905085B3F05082F
:10ABC800603F0508490000000000803F6C39050817
:10ABD800394705083E470508490000000000803F46
:10ABE8006C39050850470508554705084600000018
:10ABF800CDCCCC3D6C3905086B3F0508703F050886
:10AC0800490000000000803F6C390508773F0508BF
:10AC18007C3F0508490000000000803F6C390508AA
:10AC2800833F0508883F0508490000000000803F71
:10AC38006C3905088F3F0508943F05084900000056
:10AC48000000803F6C3905089B3F0508A03F0508B8
:10AC5800490000000000803F6C390508A73F05083F
:10AC6800AC3F0508490000000000803F6C3905082A
:10AC7800B33F0508B83F0508490000000000803FC1
:10AC88006C390508C03F0508C53F050849000000A4
:10AC98000000803F6C390508CD3F0508D23F050804
:10ACA800490000000000803F6C390508DA3F0508BC
:10ACB800DF3F0508490000000000803F6C390508A7
:10ACC800E73F0508EC3F0508490000000000803F09
:10ACD8006C390508F43F0508F93F050849000000EC
:10ACE8000000803F6C39050801400508064005084A
:10ACF80046000000CDCCCC3D6C3905081240050853
:10AD080017400508490000000000803F6C3905081D
:10AD18002440050829400508490000000000803F3C
:10AD28006C3905083240050837400508490000001D
:10AD38000000803F6C3905083E400508434005087F
:10AD4800490000000000803F6C3905084F400508A5
:10AD580054400508490000000000803F6C39050890
:10AD68005E40050863400508420000000000803F7F
:10AD78006C3905087C4005081B34050849000000AB
:10AD88000000803F6C390508914005089640050889
:10AD9800490000000000803F6C3905089E40050806
:10ADA800A3400508490000000000803F6C390508F1
:10ADB800B0400508B5400508490000000000803F84
:10ADC8006C390508C1400508C6400508490000005F
:10ADD8000000803F6C390508CE400508D3400508BF
:10ADE800420000000000803F6C390508E04005087B
:10ADF800E540050846000000CDCCCC3D6C3905087F
:10AE0800F2400508F740050846000000CDCCCC3DCF
:10AE18006C3905080441050809410508420000008D
:10AE28000000803F6C3905081441050819410508E0
:10AE3800490000000000803F6C39050823410508DF
:10AE480028410508490000000000803F6C390508CA
:10AE58003241050837410508490000000000803FDD
:10AE68006C390508434105084841050842000000BF
:10AE78000000803F6C390508544105085941050810
:10AE8800490000000000803F6C3905086241050850
:10AE980067410508490000000000803F6C3905083B
:10AEA8007041050875410508490000000000803F11
:10AEB8006C3905087F4105088441050849000000F0
:10AEC8000000803F6C390508914105089641050846
:10AED800490000000000803F6C390508A2410508C0
:10AEE800A7410508490000000000803F6C390508AB
:10AEF800B2410508B7410508490000000000803F3D
:10AF08006C390508C1410508C6410508490000001B
:10AF18000000803F6C390508D2410508D741050873
:10AF2800490000000000803F6C39050860470508AB
:10AF38006547050846000000CDCCCC3D6C390508B6
:10AF4800E1410508E6410508490000000000803F8E
:10AF58006C390508F2410508F74105084200000070
:10AF68000000803F6C3905080242050807420508C1
:10AF7800420000000000803F6C39050810420508B7
:10AF880015420508420000000000803F6C390508A2
:10AF98001E42050823420508490000000000803FC2
:10AFA8006C3905082A4205082F42050846000000AA
:10AFB800CDCCCC3D6C390508394205083E42050820
:10AFC80046000000CDCCCC3D6C3905084842050848
:10AFD8002534050846000000CDCCCC3D6C39050869
:10AFE8004D42050852420508420000000000803F1B
:10AFF8006C3905085C4205086142050846000000F6
:10B00800CDCCCC3D6C3905086E4205087342050865
:10B0180046000000CDCCCC3D6C3905087D420508C2
:10B028008242050846000000CDCCCC3D6C390508AD
:10B03800894205088E420508490000000000803F4B
:10B048006C3905089A4205089F420508420000002D
:10B058000000803F6C390508A8420508AD42050884
:10B0680046000000CDCCCC3D6C390508B942050836
:10B07800BE42050846000000CDCCCC3D6C39050821
:10B08800C9420508CE420508490000000000803F7B
:10B098006C39050871470508764705084600000021
:10B0A800CDCCCC3D6C390508DA420508DF420508ED
:10B0B800490000000000803F6C390508E842050897
:10B0C800ED42050846000000CDCCCC3D6C390508A2
:10B0D800F4420508F9420508420000000000803FDC
:10B0E8006C390508034305080843050846000000B5
:10B0F800CDCCCC3D6C390508134305081843050829
:10B1080046000000CDCCCC3D6C390508214305082C
:10B1180026430508420000000000803F6C390508FE
:10B128003143050836430508420000000000803F0F
:10B138006C390508414305084643050849000000E5
:10B148000000803F6C3905084F4305085443050843
:10B15800420000000000803F6C3905085E43050886
:10B168007747050846000000CDCCCC3D6C39050872
:10B17800634305086647050846000000CDCCCC3D72
:10B188006C390508684305086D4305084900000047
:10B198000000803F6C3905087943050875430508A8
:10B1A800460000000000803F6C3905087E43050812
:10B1B8008343050846000000CDCCCC3D6C3905081A
:10B1C8008E4305089343050846000000CDCCCC3DCE
:10B1D8006C3905089D430508A2430508490000008D
:10B1E8000000803F6C390508A9430508AE430508EF
:10B1F800490000000000803F6C390508B943050884
:10B208007B5A0508490000000000803F6C3905089A
:10B21800284705082D470508420000000000803F28
:10B228006C390508BE430508C343050846000000FD
:10B23800CDCCCC3D6C390508CB430508D043050877
:10B2480046000000CDCCCC3D6C390508D643050836
:10B25800DB430508490000000000803F6C39050801
:10B26800E5430508EA43050846000000CDCCCC3D7F
:10B278006C390508DC480508F04305084200000061
:10B288000000803F6C390508FC43050801440508A7
:10B29800420000000000803F6C390508814705081E
:10B2A80086470508420000000000803F6C39050809
:10B2B800904705089547050846000000CDCCCC3DD1
:10B2C8006C390508A0470508A54705084600000091
:10B2D800CDCCCC3D6C390508104405080C44050854
:10B2E800460000000000803F6C3905081544050839
:10B2F8001A440508490000000000803F6C39050821
:10B30800254405082A440508490000000000803F3C
:10B318006C390508364405083B4405084900000017
:10B328000000803F6C390508474405084C4405086F
:10B3380046000000CDCCCC3D6C39050857440508C3
:10B348005C44050846000000CDCCCC3D6C390508AE
:10B35800664405086B44050846000000CDCCCC3D8A
:10B368006C390508774405087C4405084600000048
:10B37800CDCCCC3D6C390508874405088C440508BC
:10B3880046000000CDCCCC3D6C3905089744050833
:10B398009C44050846000000CDCCCC3D6C3905081E
:10B3A800A6440508AB44050846000000CDCCCC3DBA
:10B3B8006C390508B6440508BB440508460000007A
:10B3C800CDCCCC3D6C390508C5440508CA440508F0
:10B3D800490000000000803F6C390508D444050886
:10B3E800D9440508490000000000803F6C39050871
:10B3F800E4440508E9440508490000000000803FCE
:10B408006C390508F4440508F944050849000000AA
:10B418000000803F6C390508024505080745050806
:10B42800490000000000803F6C39050812450508F6
:10B4380017450508420000000000803F6C390508E8
:10B448002245050827450508420000000000803F06
:10B458006C390508304505083545050842000000E7
:10B468000000803F6C3905083D4505084245050840
:10B47800420000000000803F6C3905084A45050875
:10B488004F450508420000000000803F6C39050860
:10B49800574505085C450508420000000000803F4C
:10B4A8006C3905086445050869450508420000002F
:10B4B8000000803F6C390508714505087645050888
:10B4C800420000000000803F6C3905087E450508F1
:10B4D800B0470508420000000000803F6C390508AD
:10B4E8008C450508BB470508420000000000803F66
:10B4F8006C3905089F450508B64505084200000057
:10B508000000803F6C390508B1450508C5470508A6
:10B51800420000000000803F6C390508C04505085E
:10B52800CA450508420000000000803F6C39050844
:10B53800C5450508DA450508420000000000803FBF
:10B548006C390508D545050807460508420000007E
:10B558000000803F6C390508E345050815460508D5
:10B56800420000000000803F6C390508F3450508DB
:10B5780023460508420000000000803F6C3905089A
:10B588000246050828410508420000000000803FE7
:10B598006C390508104605087A3E05084200000087
:10B5A8000000803F6C3905081E4605083E46050820
:10B5B800420000000000803F6C3905082F4605084E
:10B5C8004B460508420000000000803F6C39050822
:10B5D8003446050857460508420000000000803F31
:10B5E8006C3905083946050866460508420000001A
:10B5F8000000803F6C39050846460508D147050814
:10B60800420000000000803F6C39050852460508DA
:10B61800DA470508420000000000803F6C39050841
:10B6280061460508E8450508420000000000803F23
:10B638006C390508E3470508F8450508420000008D
:10B648000000803FCE3C0508E8470508ED4705089F
:10B65800460000000000803FCE3C0508FC47050876
:10B6680001480508490000000000803FCE3C05085D
:10B678000F48050814480508490000000000803FED
:10B68800CE3C05082248050827480508490000005F
:10B698000000803FCE3C0508354805083A480508B3
:10B6A800490000000000803FCE3C050848480508D6
:10B6B8004D480508490000000000803FCE3C0508C1
:10B6C8005B48050860480508490000000000803F05
:10B6D800CE3C05086E480508734805084900000077
:10B6E8000000803FCE3C05088548050881480508CC
:10B6F800460000000000803FCE3C05088A48050847
:10B70800A23D0508490000000000803FCE3C050826
:10B718008F4805089E3D0508490000000000803F4D
:10B72800CE3C0508944805089948050849000000DA
:10B738000000803FCE3C0508A1460508A34805083F
:10B74800490000000000803FCE3C0508AF480508CE
:10B75800AB480508490000000000803FCE3C0508C2
:10B76800B8480508B4480508460000000000803FB6
:10B77800CE3C0508CB430508BD4805084900000034
:10B788000000803FCE3C0508B8460508C9480508B2
:10B79800490000000000803FCE3C0508D34805085A
:10B7A800CF480508460000000000803FCE3C050851
:10B7B800D6430508DD34050846000000CDCCCC3D55
:10B7C800CE3C0508DC480508D848050849000000B3
:10B7D8000000803FCE3C0508E1480508E64805081A
:10B7E80046000000CDCCCC3DCE3C0508F948050804
:10B7F800F5480508460000000000803FCE3C0508DB
:10B80800FE480508D3340508490000000000803FC1
:10B81800CE3C050803490508084905084900000009
:10B828000000803FCE3C0508104905081549050869
:10B83800490000000000803FCE3C05082449050867
:10B848002949050846000000CDCCCC3DCE3C050872
:10B858003949050835490508460000000000803FC1
:10B86800CE3C05083E490508E734050846000000B7
:10B87800CDCCCC3DCE3C05084349050848490508D0
:10B8880046000000CDCCCC3DCE3C05085349050808
:10B898005849050846000000CDCCCC3DCE3C0508F3
:10B8A800664905086B49050846000000CDCCCC3D2B
:10B8B800CE3C05087B490508774905084600000085
:10B8C8000000803FCE3C050880490508194A050854
:10B8D80046000000CDCCCC3DCE3C05088549050886
:10B8E8008A490508490000000000803FCE3C050851
:10B8F800974905089C490508490000000000803F59
:10B90800CE3C0508A2490508A749050849000000DA
:10B918000000803FCE3C0508B6490508BB4905082C
:10B92800490000000000803FCE3C0508FC430508A4
:10B938000C4C0508490000000000803FCE3C05087B
:10B94800CA490508CF490508490000000000803FA2
:10B95800CE3C0508DA490508DF490508490000001A
:10B968000000803FCE3C0508E9490508EE49050876
:10B9780046000000CDCCCC3DCE3C0508FB4905086F
:10B98800004A050846000000CDCCCC3DCE3C050859
:10B998000E4A0508134A050846000000CDCCCC3DE8
:10B9A800CE3C0508E0460508204A05084600000088
:10B9B800CDCCCC3DCE3C05082D4A0508324A0508B9
:10B9C80046000000CDCCCC3DCE3C0508404A0508D9
:10B9D800454A050846000000CDCCCC3DCE3C0508C4
:10B9E800534A0508584A0508490000000000803FEE
:10B9F800CE3C0508F14605086A4A050846000000DD
:10BA0800CDCCCC3DCE3C0508FF460508744A050858
:10BA1800490000000000803FCE3C05087E4A05082A
:10BA2800834A050846000000CDCCCC3DCE3C050835
:10BA3800924A0508974A050846000000CDCCCC3D3F
:10BA4800CE3C0508A64A0508AB4A0508490000008F
:10BA58000000803FCE3C0508B84A0508BD4A0508E5
:10BA6800490000000000803FCE3C0508C34A050895
:10BA7800C84A050846000000CDCCCC3DCE3C0508A0
:10BA8800D94A0508DE4A0508490000000000803F41
:10BA9800CE3C0508E94A0508EE4A050849000000B9
:10BAA8000000803FCE3C0508F64A0508FB4A050819
:10BAB800490000000000803FCE3C0508054B050802
:10BAC8000A4B0508490000000000803FCE3C0508ED
:10BAD800164B05081B4B0508490000000000803F75
:10BAE800CE3C0508254B05082A4B050849000000EF
:10BAF8000000803FCE3C0508344B0508394B05084B
:10BB0800490000000000803FCE3C0508444B050872
:10BB1800494B0508490000000000803FCE3C05085D
:10BB2800584B05085D4B050846000000CDCCCC3DC0
:10BB3800CE3C0508674B0508614B05084600000028
:10BB4800CDCCCC3DCE3C05086C4B0508714B0508A7
:10BB580046000000CDCCCC3DCE3C05087F4B050807
:10BB6800844B050846000000CDCCCC3DCE3C0508F2
:10BB7800944B0508994B050846000000CDCCCC3DF8
:10BB8800CE3C0508A54B0508AA4B0508490000004E
:10BB98000000803FCE3C0508B54B0508BA4B0508A8
:10BBA800490000000000803FCE3C0508C54B050851
:10BBB800CA4B0508490000000000803FCE3C05083C
:10BBC800D24B0508D74B0508490000000000803F0C
:10BBD800CE3C0508E14B0508E64B05084900000086
:10BBE8000000803FCE3C0508EE4B0508F34B0508E6
:10BBF800490000000000803FCE3C0508004C0508C5
:10BC0800054C0508490000000000803FCE3C0508AF
:10BC1800104C0508154C0508490000000000803F3D
:10BC2800CE3C0508214C0508264C050849000000B3
:10BC38000000803FCE3C0508334C0508384C050809
:10BC4800490000000000803FCE3C0508444C050830
:10BC5800094C0508490000000000803FCE3C05085B
:10BC6800494C0508194C0508490000000000803FB0
:10BC7800CE3C05084E4C0508534C05084900000009
:10BC88000000803FCE3C0508604C0508654C05085F
:10BC9800490000000000803FCE3C0508724C0508B2
:10BCA800774C050846000000CDCCCC3DCE3C0508BD
:10BCB800834C05087F4C0508490000000000803FC0
:10BCC800CE3C0508884C05088D4C05084900000045
:10BCD8000000803FCE3C0508964C05089B4C0508A3
:10BCE800490000000000803FCE3C0508A44C050830
:10BCF800A94C0508490000000000803FCE3C05081B
:10BD0800B24C0508B74C0508490000000000803F08
:10BD1800CE3C0508C04C0508C54C05084900000084
:10BD28000000803FCE3C0508CE4C0508D34C0508E2
:10BD3800490000000000803FCE3C0508DC4C0508A7
:10BD4800E14C0508490000000000803FCE3C050892
:10BD5800EA4C0508EF4C0508490000000000803F48
:10BD6800CE3C0508F84C0508FD4C050849000000C4
:10BD78000000803FCE3C0508034D0508084D050826
:10BD8800490000000000803FCE3C05080E4D050824
:10BD9800134D0508490000000000803FCE3C05080F
:10BDA800194D05081E4D0508490000000000803F98
:10BDB800CE3C0508244D0508294D0508490000001A
:10BDC8000000803FCE3C05082F4D0508344D05087E
:10BDD800490000000000803FCE3C05083A4D0508A8
:10BDE8003F4D0508490000000000803FCE3C050893
:10BDF800454D05084A4D0508490000000000803FF0
:10BE0800CE3C0508504D0508554D05084900000071
:10BE18000000803FCE3C0508654D05086A4D0508C1
:10BE2800490000000000803FCE3C0508744D05081D
:10BE3800794D0508490000000000803FCE3C050808
:10BE4800834D0508884D0508490000000000803F23
:10BE5800CE3C0508924D0508974D0508490000009D
:10BE68000000803FCE3C0508A14D0508A64D0508F9
:10BE7800490000000000803FCE3C0508B04D050891
:10BE8800B54D0508490000000000803FCE3C05087C
:10BE9800BF4D0508C44D0508490000000000803F5B
:10BEA800CE3C0508CE4D0508D34D050849000000D5
:10BEB8000000803FCE3C0508DD4D0508E24D050831
:10BEC800490000000000803FCE3C0508EB4D050806
:10BED800F04D0508490000000000803FCE3C0508F1
:10BEE800F94D0508FE4D0508490000000000803F97
:10BEF800CE3C0508074E05080C4E05084900000011
:10BF08000000803FCE3C0508154E05081A4E05086E
:10BF1800490000000000803FCE3C0508234E05087C
:10BF2800284E0508490000000000803FCE3C050867
:10BF3800314E0508364E0508490000000000803FD4
:10BF4800CE3C05083F4E0508444E05084900000050
:10BF58000000803FCE3C05084D4E0508524E0508AE
:10BF6800490000000000803FCE3C05085E4E0508F1
:10BF7800634E0508490000000000803FCE3C0508DC
:10BF88006F4E0508744E0508490000000000803F08
:10BF9800CE3C0508804E0508854E0508490000007E
:10BFA8000000803FCE3C0508914E0508964E0508D6
:10BFB800490000000000803FCE3C0508A24E05085D
:10BFC800A74E0508490000000000803FCE3C050848
:10BFD800B34E0508B84E0508490000000000803F30
:10BFE800CE3C0508C44E0508C94E050849000000A6
:10BFF8000000803FCE3C0508D54E0508DA4E0508FE
:10C00800490000000000803FCE3C0508E64E0508C8
:10C01800EB4E0508490000000000803FCE3C0508B3
:10C02800F14E0508F64E050846000000CDCCCC3D83
:10C03800CE3C0508004F0508054F050846000000DE
:10C04800CDCCCC3DCE3C0508A0470508144F0508CB
:10C05800490000000000803FCE3C05081E4F05083F
:10C06800234F0508490000000000803FCE3C05082A
:10C078002B4F0508304F0508490000000000803F9D
:10C08800CE3C05083F4F0508444F05084600000010
:10C09800CDCCCC3DCE3C0508504F0508554F050882
:10C0A80046000000CDCCCC3DCE3C0508644F0508C9
:10C0B800694F050846000000CDCCCC3DCE3C0508B4
:10C0C800744F0508794F050846000000CDCCCC3DDB
:10C0D800CE3C0508874F05088C4F05084600000030
:10C0E800CDCCCC3DCE3C0508984F05089D4F0508A2
:10C0F80046000000CDCCCC3DCE3C0508A44F050839
:10C10800A94F0508490000000000803FCE3C050803
:10C11800B64F0508BB4F0508490000000000803FE6
:10C12800CE3C0508C14F0508C64F05084900000068
:10C138000000803FCE3C0508D54F0508DA4F0508BA
:10C14800490000000000803FCE3C0508E94F050883
:10C158001D520508490000000000803FCE3C05083C
:10C16800EE4F0508F34F0508490000000000803F26
:10C17800CE3C0508FE4F050803500508490000009D
:10C188000000803FCE3C05080D50050812500508F8
:10C1980046000000CDCCCC3DCE3C0508205005081B
:10C1A8002550050846000000CDCCCC3DCE3C050806
:10C1B800325005083750050846000000CDCCCC3D6C
:10C1C800CE3C0508445005084950050846000000C3
:10C1D800CDCCCC3DCE3C0508575005085C50050831
:10C1E80046000000CDCCCC3DCE3C05086A50050881
:10C1F8006F500508490000000000803FCE3C05084C
:10C20800815005088650050846000000CDCCCC3D7D
:10C21800CE3C0508905005089550050849000000D7
:10C228000000803FCE3C05089F500508A450050833
:10C2380046000000CDCCCC3DCE3C0508B3500508E7
:10C24800B850050846000000CDCCCC3DCE3C0508D2
:10C25800C7500508CC500508490000000000803F81
:10C26800CE3C0508D9500508DE50050849000000F5
:10C278000000803FCE3C0508E4500508E950050859
:10C2880046000000CDCCCC3DCE3C0508FA50050850
:10C29800FF500508490000000000803FCE3C05081B
:10C2A8000A5105080F510508490000000000803FA9
:10C2B800CE3C0508175105081C5105084900000027
:10C2C8000000803FCE3C0508265105082B51050883
:10C2D800490000000000803FCE3C050837510508A2
:10C2E8003C510508490000000000803FCE3C05088D
:10C2F800465105084B510508490000000000803FE1
:10C30800CE3C0508555105085A510508490000005A
:10C318000000803FCE3C0508655105086A510508B4
:10C32800490000000000803FCE3C0508795105080F
:10C338007E51050846000000CDCCCC3DCE3C05081A
:10C34800885105088251050846000000CDCCCC3D37
:10C35800CE3C05088D51050892510508460000009D
:10C36800CDCCCC3DCE3C0508A0510508A55105080B
:10C3780046000000CDCCCC3DCE3C0508B5510508A3
:10C38800BA51050846000000CDCCCC3DCE3C05088E
:10C39800C6510508CB510508490000000000803F40
:10C3A800CE3C0508D6510508DB51050849000000B8
:10C3B8000000803FCE3C0508E3510508E851050818
:10C3C800490000000000803FCE3C0508F2510508F6
:10C3D800F7510508490000000000803FCE3C0508E1
:10C3E800FF51050804520508490000000000803F7D
:10C3F800CE3C0508115205081652050849000000F0
:10C408000000803FCE3C0508215205082652050849
:10C41800490000000000803FCE3C05083252050864
:10C4280037520508490000000000803FCE3C05084F
:10C438004452050849520508490000000000803FA1
:10C44800CE3C0508555205081A5205084900000057
:10C458000000803FCE3C05085A5205082A520508BC
:10C46800490000000000803FCE3C05085F520508E7
:10C4780064520508490000000000803FCE3C0508D2
:10C488007152050876520508490000000000803FF7
:10C49800CE3C05088352050888520508460000006E
:10C4A800CDCCCC3DCE3C05089052050895520508E8
:10C4B800490000000000803FCE3C05089E52050858
:10C4C800A3520508490000000000803FCE3C050843
:10C4D800AC520508B1520508490000000000803F31
:10C4E800CE3C0508BA520508BF52050849000000AD
:10C4F8000000803FCE3C0508C8520508CD5205080B
:10C50800490000000000803FCE3C0508D3520508D2
:10C51800D8520508490000000000803FCE3C0508BD
:10C52800DE520508E3520508490000000000803F7C
:10C53800CE3C0508E9520508EE52050849000000FE
:10C548000000803FCE3C0508F4520508F952050862
:10C55800490000000000803FCE3C0508095305084B
:10C568000E530508490000000000803FCE3C050836
:10C57800185305081D530508490000000000803FB6
:10C58800CE3C0508275305082C5305084900000030
:10C598000000803FCE3C0508365305083B5305088C
:10C5A800490000000000803FCE3C050845530508BF
:10C5B8004A530508490000000000803FCE3C0508AA
:10C5C8005353050858530508490000000000803FF0
:10C5D800CE3C05086153050866530508490000006C
:10C5E8000000803FCE3C05086F53050874530508CA
:10C5F800490000000000803FCE3C05087D53050837
:10C6080082530508490000000000803FCE3C050821
:10C618008E53050893530508490000000000803F29
:10C62800CE3C05089F530508A4530508490000009F
:10C638000000803FCE3C0508B0530508B5530508F7
:10C64800490000000000803FCE3C0508C1530508A2
:10C65800BE480508490000000000803FCE3C0508A0
:10C66800CA530508C6530508460000000000803F6D
:10C67800CE3C0508CF530508DE3405084600000007
:10C68800CDCCCC3DCE3C0508D8530508D45305087D
:10C69800460000000000803FCE3C0508DD53050839
:10C6A800E253050846000000CDCCCC3DCE3C050841
:10C6B800F6530508F2530508460000000000803FC5
:10C6C800CE3C0508FB530508005405084900000046
:10C6D8000000803FCE3C05080B540508105405089F
:10C6E800490000000000803FCE3C05081D540508A5
:10C6F80022540508490000000000803FCE3C050890
:10C7080030540508C334050846000000CDCCCC3DA4
:10C71800CE3C050839540508355405084600000084
:10C728000000803FCE3C05083E54050843540508E8
:10C7380046000000CDCCCC3DCE3C05084E54050843
:10C748005354050846000000CDCCCC3DCE3C05082E
:10C758005D54050859540508460000000000803F54
:10C76800CE3C0508625405086754050846000000D9
:10C77800CDCCCC3DCE3C050871540508765405084F
:10C78800490000000000803FCE3C0508855405089C
:10C798008A540508490000000000803FCE3C050887
:10C7A800985405089D540508490000000000803F82
:10C7B800CE3C0508A7540508AC54050849000000FC
:10C7C8000000803FCE3C0508B6540508014A05081C
:10C7D80046000000CDCCCC3DCE3C0508BB54050836
:10C7E800C054050846000000CDCCCC3DCE3C050821
:10C7F800CE540508D354050846000000CDCCCC3DE6
:10C80800CE3C0508E3540508E85405084600000036
:10C81800CDCCCC3DCE3C0508F9540508FE5405089E
:10C8280046000000CDCCCC3DCE3C05080D55050892
:10C838001255050846000000CDCCCC3DCE3C05087D
:10C848001E55050823550508490000000000803FD3
:10C85800CE3C05082E55050833550508460000004E
:10C86800CDCCCC3DCE3C05083D55050842550508C4
:10C87800490000000000803FCE3C05084B550508E4
:10C8880050550508490000000000803FCE3C0508CF
:10C89800595505085E550508490000000000803F0D
:10C8A800CE3C05086A5505086F5505084900000083
:10C8B8000000803FCE3C0508785505087D550508E1
:10C8C800490000000000803FCE3C0508845505085B
:10C8D80089550508490000000000803FCE3C050846
:10C8E8009255050897550508490000000000803F4B
:10C8F800CE3C0508A5550508AA55050849000000BD
:10C908000000803FCE3C0508B6550508BB55050814
:10C91800490000000000803FCE3C0508C5550508C9
:10C92800CA550508490000000000803FCE3C0508B4
:10C93800D0550508D5550508490000000000803F7E
:10C94800CE3C0508E055050865400508490000008B
:10C958000000803FCE3C0508E5550508FB42050868
:10C96800490000000000803FCE3C0508EA55050854
:10C9780056430508490000000000803FCE3C0508EA
:10C98800EF550508F4550508490000000000803FF0
:10C99800CE3C0508FC55050801560508490000006D
:10C9A8000000803FCE3C0508095605080E560508CC
:10C9B800490000000000803FCE3C050816560508D7
:10C9C8001B560508490000000000803FCE3C0508C2
:10C9D8002356050828560508490000000000803F36
:10C9E800CE3C0508305605083556050849000000B4
:10C9F8000000803FCE3C05084556050850560508FE
:10CA0800490000000000803FCE3C05084A56050852
:10CA18004F560508490000000000803FCE3C05083D
:10CA28005D56050862560508490000000000803F71
:10CA3800CE3C0508705605087556050849000000E3
:10CA48000000803FCE3C0508835605088856050837
:10CA5800490000000000803FCE3C050896560508B6
:10CA68009B560508490000000000803FCE3C0508A1
:10CA7800A9560508AE560508490000000000803F89
:10CA8800CE3C0508BC560508C156050849000000FB
:10CA98000000803FCE3C0508CF560508D45605084F
:10CAA800490000000000803FCE3C0508E25605081A
:10CAB800E756050846000000CDCCCC3DCE3C050825
:10CAC800F7560508FC56050846000000CDCCCC3DBD
:10CAD800CE3C05080C570508115705084900000009
:10CAE8000000803FCE3C05081B5705082057050865
:10CAF80046000000CDCCCC3DCE3C050828570508A3
:10CB08002D57050846000000CDCCCC3DCE3C05088D
:10CB1800355705081E4B0508490000000000803FF6
:10CB2800CE3C05083A5705083F570508460000005F
:10CB3800CDCCCC3DCE3C05084F57050854570508C9
:10CB480046000000CDCCCC3DCE3C05086457050816
:10CB58006957050846000000CDCCCC3DCE3C050801
:10CB6800795705087E570508490000000000803FF6
:10CB7800CE3C0508885705088D5705084600000073
:10CB8800CDCCCC3DCE3C0508955705089A570508ED
:10CB980046000000CDCCCC3DCE3C0508A257050888
:10CBA8003F510508490000000000803FCE3C0508C1
:10CBB800A7570508AC57050846000000CDCCCC3D6A
:10CBC800CE3C0508BC570508C157050846000000BB
:10CBD800CDCCCC3DCE3C0508D0570508D557050827
:10CBE80046000000CDCCCC3DCE3C0508E5570508F5
:10CBF800EA570508490000000000803FCE3C0508C0
:10CC0800F4570508F9570508490000000000803F5F
:10CC1800CE3C0508065805080B58050849000000D1
:10CC28000000803FCE3C0508165805081B5805082B
:10CC3800490000000000803FCE3C05082858050840
:10CC48002D580508490000000000803FCE3C05082B
:10CC5800395805083E580508490000000000803F83
:10CC6800CE3C05084A5805084F58050849000000F9
:10CC78000000803FCE3C05085B5805086058050851
:10CC8800490000000000803FCE3C05086B580508AD
:10CC98007058050846000000CDCCCC3DCE3C0508B8
:10CCA800765805087B58050846000000CDCCCC3DD9
:10CCB800CE3C0508825805088E4605084600000047
:10CCC800CDCCCC3DCE3C0508875805088C580508C6
:10CCD800490000000000803FCE3C05089658050832
:10CCE8009B580508490000000000803FCE3C05081D
:10CCF800A2580508A758050846000000CDCCCC3D31
:10CD0800CE3C0508AE580508B35805084900000090
:10CD18000000803FCE3C0508C1580508C6580508E4
:10CD2800490000000000803FCE3C0508CD580508AA
:10CD3800D2580508490000000000803FCE3C050895
:10CD4800DF580508E4580508490000000000803F46
:10CD5800CE3C0508F1580508F658050846000000BD
:10CD6800CDCCCC3DCE3C0508005905080559050831
:10CD7800490000000000803FCE3C05081259050814
:10CD880017590508490000000000803FCE3C0508FF
:10CD98002459050829590508490000000000803F6A
:10CDA800CE3C0508365905083B59050846000000E1
:10CDB800CDCCCC3DCE3C0508455905084A59050857
:10CDC800490000000000803FAA3C0508FC47050810
:10CDD80001480508490000000000803FAA3C0508FA
:10CDE800575905085C590508490000000000803FB4
:10CDF800AA3C050863590508685905084900000058
:10CE08000000803FAA3C05087459050879590508AF
:10CE1800490000000000803FAA3C05088159050828
:10CE2800474B050846000000CDCCCC3DAA3C050880
:10CE3800865905085B4B050846000000CDCCCC3D63
:10CE4800AA3C05088B5905086A4B050846000000EE
:10CE5800CDCCCC3DAA3C0508905905086F4B050878
:10CE680046000000CDCCCC3DAA3C050895590508E4
:10CE7800203F050846000000CDCCCC3DAA3C050863
:10CE88009A5905087446050846000000CDCCCC3DEB
:10CE9800AA3C05089F5905082C3F050846000000D4
:10CEA800CDCCCC3DAA3C0508A45905082641050867
:10CEB80046000000CDCCCC3DAA3C0508A959050880
:10CEC800AE590508490000000000803FAA3C05084B
:10CED800B2590508474B0508490000000000803F8B
:10CEE800AA3C0508B75905085B4B0508490000002E
:10CEF8000000803FAA3C0508BC5905086A4B050894
:10CF0800490000000000803FAA3C0508C1590508F7
:10CF18006F4B0508490000000000803FAA3C050847
:10CF2800C6590508203F0508490000000000803F59
:10CF3800AA3C0508CB5905087446050849000000B5
:10CF48000000803FAA3C0508D05905082C3F050879
:10CF5800490000000000803FAA3C0508D559050893
:10CF680026410508490000000000803FAA3C05084A
:10CF7800DA5905083541050846000000CDCCCC3DFE
:10CF8800AA3C0508DF5905080543050846000000C6
:10CF9800CDCCCC3DAA3C0508E45905084D3F050811
:10CFA80046000000CDCCCC3DAA3C0508E95905084F
:10CFB8005D3F050846000000CDCCCC3DAA3C0508E5
:10CFC800EE5905082744050846000000CDCCCC3DA5
:10CFD800AA3C0508F3590508215A0508460000002F
:10CFE800CDCCCC3DAA3C0508F8590508124C0508DB
:10CFF80046000000CDCCCC3DAA3C0508FD590508EB
:10D00800234C050846000000CDCCCC3D7C380508F3
:10D01800393D05086647050846000000CDCCCC3DE3
:10D028007C3805083E3D050805380508460000001F
:10D03800CDCCCC3D7C380508433D0508483D050866
:10D0480046000000CDCCCC3D7C380508523D050893
:10D05800573D050846000000CDCCCC3D7C3805087E
:10D06800613D0508663D050846000000CDCCCC3D75
:10D078007C3805086F3D0508743D05084900000027
:10D088000000803F7C3805087D3D0508823D050885
:10D0980046000000CDCCCC3D7C3805088B3D05080A
:10D0A800903D050846000000CDCCCC3D7C380508F5
:10D0B800993D05089E3D0508490000000000803F95
:10D0C8007C380508CB3D0508D03D0508490000001F
:10D0D8000000803F7C380508E73D0508EC3D050861
:10D0E80046000000CDCCCC3D7C380508F83D05084D
:10D0F800FD3D0508420000000000803F7C3805081F
:10D10800025A0508075A0508420000000000803F3F
:10D118007C380508105A0508155A0508460000000D
:10D12800CDCCCC3D7C380508253E05082A3E0508AF
:10D13800490000000000803F7C380508343E05089F
:10D14800393E0508490000000000803F7C3805088A
:10D158001F5A0508245A0508420000000000803FB5
:10D168007C3805082F5A0508345A05084200000083
:10D178000000803F7C380508443E0508493E050804
:10D18800490000000000803F7C380508533E050830
:10D19800583E050846000000CDCCCC3D7C3805083B
:10D1A800643E0508693E0508490000000000803F0C
:10D1B8007C380508753E05087A3E050849000000D8
:10D1C8000000803F7C380508853E05088A3E050832
:10D1D800490000000000803F7C380508943E05089F
:10D1E800993E0508490000000000803F7C3805088A
:10D1F800A53E0508AA3E050846000000CDCCCC3D5A
:10D208007C380508B73E0508BC3E05084900000003
:10D218000000803F7C380508C83E0508CD3E05085B
:10D22800490000000000803F7C380508DA3E050808
:10D23800DF3E0508490000000000803F7C380508F3
:10D24800EB3E0508F03E050846000000CDCCCC3D7D
:10D258007C380508F73E0508623F050842000000D3
:10D268000000803F7C380508FC3E0508013F0508A2
:10D27800490000000000803F7C3805080C3F050885
:10D28800113F0508490000000000803F7C38050870
:10D298003D5A0508425A050846000000CDCCCC3D51
:10D2A8007C380508393F05083E3F05084200000064
:10D2B8000000803F7C3805086B3F0508703F050873
:10D2C800490000000000803F7C380508773F0508CA
:10D2D8007C3F0508490000000000803F7C380508B5
:10D2E800833F0508883F0508490000000000803F8B
:10D2F8007C3805088F3F0508943F05084900000061
:10D308000000803F7C3805089B3F0508A03F0508C2
:10D31800490000000000803F7C380508A73F050849
:10D32800AC3F0508490000000000803F7C38050834
:10D33800B33F0508B83F0508490000000000803FDA
:10D348007C380508C03F0508C53F050849000000AE
:10D358000000803F7C380508CD3F0508D23F05080E
:10D36800490000000000803F7C380508DA3F0508C6
:10D37800DF3F0508490000000000803F7C380508B1
:10D38800E73F0508EC3F0508490000000000803F22
:10D398007C380508F43F0508F93F050849000000F6
:10D3A8000000803F7C3805084E5A0508535A050886
:10D3B800490000000000803F7C3805085D5A0508D8
:10D3C800625A0508490000000000803F7C380508C3
:10D3D800014005080640050846000000CDCCCC3DBC
:10D3E8007C3805083E400508434005084900000010
:10D3F8000000803F7C3805084F4005085440050868
:10D40800490000000000803F7C3805085E400508A0
:10D4180063400508420000000000803F7C38050892
:10D428007C4005081B340508490000000000803FC7
:10D438007C3805089E400508A340050849000000FF
:10D448000000803F7C380508B0400508B540050855
:10D45800490000000000803F7C380508C1400508ED
:10D46800C6400508490000000000803F7C380508D8
:10D47800CE400508D3400508420000000000803F68
:10D488007C380508044105080941050842000000E8
:10D498000000803F7C38050814410508194105083B
:10D4A800490000000000803F7C380508234105083A
:10D4B80028410508490000000000803F7C38050825
:10D4C8006B5A0508705A0508490000000000803FA3
:10D4D8007C380508F2410508F741050842000000BC
:10D4E8000000803F7C38050802420508074205080D
:10D4F800420000000000803F7C3805081042050803
:10D5080015420508420000000000803F7C380508ED
:10D518002A4205082F42050846000000CDCCCC3D24
:10D528007C380508394205083E42050846000000D7
:10D53800CDCCCC3D7C380508484205082534050883
:10D5480046000000CDCCCC3D7C3805084D4205088E
:10D5580052420508420000000000803F7C38050860
:10D568009A4205089F420508420000000000803FDB
:10D578007C380508934605089946050846000000CA
:10D58800CDCCCC3D7C380508F4420508F9420508A5
:10D59800420000000000803F7C380508034305086E
:10D5A8000843050846000000CDCCCC3D7C38050872
:10D5B800134305081843050846000000CDCCCC3DB0
:10D5C8007C38050821430508264305084200000069
:10D5D8000000803F7C380508B94305087A5A0508D9
:10D5E800490000000000803F7C38050828470508EE
:10D5F8002D470508420000000000803F7C380508E0
:10D60800FC43050801440508420000000000803F73
:10D618007C380508104405080C440508460000003D
:10D628000000803F7C380508154405081A440508A1
:10D63800490000000000803F7C38050825440508A3
:10D648002A440508490000000000803F7C3805088E
:10D65800364405083B440508490000000000803FA7
:10D668007C380508474405084C4405084600000076
:10D67800CDCCCC3D7C380508574405085C440508EA
:10D6880046000000CDCCCC3D7C380508D4440508C4
:10D69800D9440508490000000000803F7C3805088F
:10D6A800E4440508E9440508490000000000803FFB
:10D6B8007C380508F4440508F944050849000000C9
:10D6C8000000803F7C380508124505081745050805
:10D6D800420000000000803F7C380508224505080C
:10D6E80027450508420000000000803F7C380508F7
:10D6F8003045050835450508420000000000803F18
:10D708007C3805083D4505085C45050842000000D1
:10D718000000803F7C3805084A450508694505082A
:10D72800420000000000803F7C3805085745050886
:10D73800865A0508420000000000803F7C38050832
:10D7480064450508905A0508420000000000803F23
:10D758007C38050871450508B645050842000000F3
:10D768000000803F7C3805087E4505080746050807
:10D77800420000000000803F7C3805088C45050801
:10D7880015460508420000000000803F7C38050867
:10D798009F4505087A3E0508420000000000803FCA
:10D7A8007C380508B1450508B54005084200000069
:10D7B8000000803F7C380508C04505082841050859
:10D7C800420000000000803F7C380508C545050878
:10D7D80023460508420000000000803F0C5B050856
:10D7E800105B0508145B0508185B05081C5B050839
:10D7F800215B0508265B0508D55B0508DA5B05088B
:10D80800DE5B0508E25B0508E85B0508EC5B0508DC
:10D81800303132333435363738396162636465669E
:10D8280000000000143605081836050802360508F9
:10D838000B3605081C3605082136050800000000CF
:10D84800010203040102030406070809EE6505083E
:10D85800016E0508EB6E05086C71050800061016C8
:10D8680000061016010002000400060008000A0065
:10D878000C00100020004000800000010804020491
:10D888000801010101010103070100004E5374362C
:10D898006C6F63616C653566616365744500000093
:10D8A800B809060894D805084300000010CE0124E2
:10D8B80078CD0124FCCD01246CCD012404CE0124B3
:10D8C80074CD012420CE012488CD01241CCE01244E
:10D8D80084CD012418CE012480CD012414CE012446
:10D8E8007CCD012400CE012470CD012470CE01240A
:10D8F800B8CD01245CCE0124ACCD012464CE012432
:10D90800B4CD012480CE0124C8CD01247CCE0124CD
:10D91800C4CD012478CE0124C0CD012474CE0124C5
:10D92800BCCD012460CE0124B0CD0124000000004C
:10D938000000000074000000720000007500000084
:10D9480065000000000000006600000061000000A3
:10D958006C0000007300000065000000000000007B
:10D96800470000004D0000005400000000000000C7
:10D9780048000000530000005400000000000000B0
:10D98800410000004B00000053000000540000005C
:10D998000000000050000000530000005400000088
:10D9A800000000004D00000053000000540000007B
:10D9B8000000000043000000530000005400000075
:10D9C8000000000045000000530000005400000063
:10D9D8000000000041000000530000005400000057
:10D9E800000000004E00000053000000540000003A
:10D9F8000000000043000000450000005400000043
:10DA0800000000004900000053000000540000001E
:10DA18000000000045000000450000005400000020
:10DA2800000000004A0000005300000054000000FD
:10DA380000000000250000006D0000002F0000001D
:10DA480025000000640000002F00000025000000F1
:10DA580079000000000000002500000048000000D8
:10DA68003A000000250000004D0000003A000000C8
:10DA780025000000530000000000000041000000E5
:10DA88004D00000000000000500000004D000000A4
:10DA98000000000025000000490000003A000000D6
:10DAA800250000004D0000003A000000250000009D
:10DAB8005300000020000000250000007000000056
:10DAC8000000000053000000750000006E00000018
:10DAD8006400000061000000790000000000000000
:10DAE8004D0000006F0000006E00000064000000A0
:10DAF80061000000790000000000000054000000F0
:10DB0800750000006500000073000000640000005C
:10DB180061000000790000000000000057000000CC
:10DB280065000000640000006E0000006500000051
:10DB3800730000006400000061000000790000002C
:10DB4800000000005400000068000000750000009C
:10DB58007200000073000000640000006100000013
:10DB6800790000000000000046000000720000007C
:10DB780069000000640000006100000079000000F6
:10DB88000000000053000000610000007400000065
:10DB980075000000720000006400000061000000D1
:10DBA800790000000000000053000000750000002C
:10DBB8006E000000000000004D0000006F00000033
:10DBC8006E00000000000000540000007500000016
:10DBD800650000000000000057000000650000001C
:10DBE800640000000000000054000000680000000D
:10DBF80075000000000000004600000072000000F0
:10DC080069000000000000005300000061000000EF
:10DC180074000000000000004A00000061000000DD
:10DC28006E00000075000000610000007200000036
:10DC380079000000000000004600000065000000B8
:10DC48006200000072000000750000006100000022
:10DC58007200000079000000000000004D00000084
:10DC6800610000007200000063000000680000000E
:10DC78000000000041000000700000007200000079
:10DC8800690000006C000000000000004D0000006A
:10DC98006100000079000000000000004A00000058
:10DCA800750000006E000000650000000000000024
:10DCB8004A000000750000006C00000079000000B8
:10DCC800000000004100000075000000670000002F
:10DCD80075000000730000007400000000000000E0
:10DCE8005300000065000000700000007400000090
:10DCF800650000006D000000620000006500000083
:10DD080072000000000000004F00000063000000E7
:10DD1800740000006F000000620000006500000051
:10DD280072000000000000004E0000006F000000BC
:10DD380076000000650000006D0000006200000031
:10DD480065000000720000000000000044000000B0
:10DD58006500000063000000650000006D00000021
:10DD68006200000065000000720000000000000072
:10DD78004A000000610000006E0000000000000082
:10DD8800460000006500000062000000000000007E
:10DD98004D0000006100000072000000000000005B
:10DDA8004100000070000000720000000000000048
:10DDB8004A000000750000006E000000000000002E
:10DDC8004A000000750000006C0000000000000020
:10DDD800410000007500000067000000000000001E
:10DDE8005300000065000000700000000000000003
:10DDF8004F000000630000007400000000000000F5
:10DE08004E0000006F0000007600000000000000D7
:10DE180044000000650000006300000000000000EE
:10DE28002500000073000000250000002E000000FF
:10DE38002A00000064000000000000002500000027
:10DE48007300000025000000300000002E000000D4
:10DE58002A00000064000000000000002500000007
:10DE680032000000640000000000000025000000EF
:10DE78002E00000032000000640000002F000000A7
:10DE8800250000002E0000003200000064000000A1
:10DE98002F000000250000002E00000032000000C6
:10DEA8006400000000000000250000006C00000075
:10DEB8007500000000000000590000002D0000005F
:10DEC800250000006D0000002D0000002500000066
:10DED80064000000000000002E0000002A0000007E
:10DEE8007500000000000000250000002E00000062
:10DEF800330000006400000000000000250000005E
:10DF08002E00000031000000640000000000000046
:10DF1800250000006C0000006C0000006400000098
:10DF280000000000250000002E0000003200000064
:10DF3800640000003A000000250000002E000000E8
:10DF480032000000640000003A00000025000000D4
:10DF58002E000000320000006400000000000000F5
:10DF680025000000650000002D00000025000000CD
:10DF7800620000002D0000002500000000000000E5
:10DF88005900000000000000250000002B000000E0
:10DF980030000000330000006C0000006400000046
:10DFA800250000002E000000320000006C00000078
:10DFB8006400000000000000300000003100000094
:10DFC800320000003300000034000000350000007B
:10DFD800360000003700000038000000390000005B
:10DFE800610000006200000063000000640000009F
:10DFF800650000006600000000000000300000001E
:10E00800310000003200000033000000340000003E
:10E01800350000003600000037000000380000001E
:10E0280039000000410000004200000043000000E9
:10E038004400000045000000460000000000000009
:10E04800490000004E0000004600000000000000EB
:10E05800690000006E00000066000000000000007B
:10E068004E000000410000004E00000000000000CB
:10E078006E000000610000006E000000000000005B
:10E08800300000000000000000000000B4FF050898
:10E09800210103085D0103080000000088FF05084E
:10E0A80071010308AD0103080000000028070608F5
:10E0B800C1010308FD01030800000000FC06060872
:10E0C800110203084D02030800000000D8FF0508EC
:10E0D8000107030835070308000000004C0706087D
:10E0E800490703087D07030853743132636F646579
:10E0F8006376745F6261736500000000B809060802
:10E10800F0E00508537432335F5F636F64656376CC
:10E11800745F61627374726163745F62617365498D
:10E1280044736331305F6D6273746174655F744505
:10E1380000000000900A06080CE105080000000035
:10E1480002000000A8D805080200000004E1050844
:10E1580002000000537437636F6465637674494442
:10E16800736331305F6D6273746174655F74450009
:10E17800180A06085CE105083CE1050853743233C7
:10E188005F5F636F64656376745F61627374726105
:10E1980063745F626173654944696331305F6D62BE
:10E1A80073746174655F744500000000900A060886
:10E1B80084E105080000000002000000A8D8050856
:10E1C8000200000004E105080200000053743763F0
:10E1D8006F64656376744944696331305F6D627357
:10E1E800746174655F744500180A0608D4E105086F
:10E1F800B4E10508537432335F5F636F6465637617
:10E20800745F61627374726163745F62617365499C
:10E218004473447531305F6D6273746174655F7403
:10E2280045000000900A0608FCE10508000000000F
:10E2380002000000A8D805080200000004E1050853
:10E2480002000000537437636F6465637674494451
:10E2580073447531305F6D6273746174655F7445C2
:10E2680000000000180A06084CE205082CE2050820
:10E27800537432335F5F636F64656376745F6162A2
:10E288007374726163745F6261736549446944754C
:10E2980031305F6D6273746174655F7445000000AE
:10E2A800900A060878E20508000000000200000055
:10E2B800A8D805080200000004E1050802000000D3
:10E2C800537437636F646563767449446944753180
:10E2D800305F6D6273746174655F7445000000009F
:10E2E800180A0608C8E20508A8E2050800000000A8
:10E2F8003CE10508000000000000000000000000EC
:10E308000000000000000000000000000000000005
:10E3180000000000000000000000000078E105088F
:10E32800251503083915030821110308650C03088E
:10E33800151303086D0C0308710C030895130308E3
:10E34800750C030800000000B4E105080000000097
:10E3580000000000000000000000000000000000B5
:10E3680000000000000000000000000000000000A5
:10E3780000000000F0E105084D15030861150308C9
:10E388009D110308650C03083D1203086D0C030872
:10E39800710C03089D120308750C030800000000A7
:10E3A8002CE205080000000000000000000000004A
:10E3B8000000000000000000000000000000000055
:10E3C8000000000000000000000000006CE20508EA
:10E3D8007515030889150308B5130308790C030894
:10E3E800C11403086D0C0308710C030879140308A1
:10E3F800750C030800000000A8E2050800000000F2
:10E408000000000000000000000000000000000004
:10E4180000000000000000000000000000000000F4
:10E4280000000000E8E205089D150308B11503087F
:10E4380025100308790C0308291403086D0C030838
:10E44800710C0308F50F0308750C0308EFBBBF0038
:10E45800900A060878E405080000000002000000A1
:10E4680064FC05080200000048E90508020C0000E9
:10E478002A4E537431335F5F66616365745F7368F6
:10E48800696D7331325F474C4F42414C5F5F4E5F5D
:10E498003131336E756D70756E63745F7368696D55
:10E4A8004963454500000000900A0608D0E40508C5
:10E4B800000000000200000048FC050802000000FF
:10E4C80048E90508020C00002A4E537431335F5F97
:10E4D80066616365745F7368696D7331325F474C59
:10E4E8004F42414C5F5F4E5F313132636F6C6C61FC
:10E4F80074655F7368696D4963454500900A06084D
:10E5080024E50508000000000200000060FD050881
:10E518000200000048E90508020C00002A4E537466
:10E5280031335F5F66616365745F7368696D73310A
:10E53800325F474C4F42414C5F5F4E5F3131356D22
:10E548006F6E657970756E63745F7368696D496322
:10E558004C62314545450000900A060880E50508EB
:10E56800000000000200000098FD050802000000FD
:10E5780048E90508020C00002A4E537431335F5FE6
:10E5880066616365745F7368696D7331325F474CA8
:10E598004F42414C5F5F4E5F3131356D6F6E65792B
:10E5A80070756E63745F7368696D49634C6230455A
:10E5B80045450000900A0608DCE505080000000053
:10E5C8000200000070FE05080200000048E9050886
:10E5D800020800002A4E537431335F5F6661636539
:10E5E800745F7368696D7331325F474C4F42414CB9
:10E5F8005F5F4E5F3131346D6F6E65795F6765744B
:10E608005F7368696D49634545000000900A060814
:10E6180034E605080000000002000000B8FE050806
:10E628000200000048E90508020800002A4E537459
:10E6380031335F5F66616365745F7368696D7331F9
:10E64800325F474C4F42414C5F5F4E5F3131346D12
:10E658006F6E65795F7075745F7368696D4963453E
:10E6680045000000900A06088CE605080000000036
:10E6780002000000C8FD05080200000048E905087E
:10E68800021000002A4E537431335F5F6661636580
:10E69800745F7368696D7331325F474C4F42414C08
:10E6A8005F5F4E5F3131336D657373616765735FAB
:10E6B8007368696D4963454500000000900A0608C3
:10E6C800E4E605080000000002000000D803060880
:10E6D8000200000048E90508020C00002A4E5374A5
:10E6E80031335F5F66616365745F7368696D733149
:10E6F800325F474C4F42414C5F5F4E5F3131336E62
:10E70800756D70756E63745F7368696D497745459B
:10E7180000000000900A06083CE705080000000019
:10E72800020000007C0306080200000048E9050812
:10E73800020C00002A4E537431335F5F66616365D3
:10E74800745F7368696D7331325F474C4F42414C57
:10E758005F5F4E5F313132636F6C6C6174655F73FC
:10E7680068696D4977454500900A060890E70508ED
:10E778000000000002000000D404060802000000A7
:10E7880048E90508020C00002A4E537431335F5FD4
:10E7980066616365745F7368696D7331325F474C96
:10E7A8004F42414C5F5F4E5F3131356D6F6E657919
:10E7B80070756E63745F7368696D49774C62314533
:10E7C80045450000900A0608ECE70508000000002F
:10E7D800020000000C0506080200000048E90508D0
:10E7E800020C00002A4E537431335F5F6661636523
:10E7F800745F7368696D7331325F474C4F42414CA7
:10E808005F5F4E5F3131356D6F6E657970756E6320
:10E81800745F7368696D49774C62304545450000FF
:10E82800900A060848E805080000000002000000F9
:10E83800E40506080200000048E90508020800008F
:10E848002A4E537431335F5F66616365745F736822
:10E85800696D7331325F474C4F42414C5F5F4E5F89
:10E868003131346D6F6E65795F6765745F736869A0
:10E878006D49774545000000900A0608A0E805089C
:10E8880000000000020000002C060608020000003C
:10E8980048E90508020800002A4E537431335F5FC7
:10E8A80066616365745F7368696D7331325F474C85
:10E8B8004F42414C5F5F4E5F3131346D6F6E657909
:10E8C8005F7075745F7368696D497745450000002E
:10E8D800900A0608F8E80508000000000200000099
:10E8E8003C0506080200000048E90508021000007F
:10E8F8002A4E537431335F5F66616365745F736872
:10E90800696D7331325F474C4F42414C5F5F4E5FD8
:10E918003131336D657373616765735F7368696DF2
:10E9280049774545004E5374366C6F63616C6535A5
:10E938006661636574365F5F7368696D45000000E2
:10E94800B80906082DE90508900A060870E90508BF
:10E95800000000000200000048FF05080200000057
:10E9680048E90508020800002A4E537431335F5FF6
:10E9780066616365745F7368696D7331325F474CB4
:10E988004F42414C5F5F4E5F31313374696D655F53
:10E998006765745F7368696D4963454500000000E9
:10E9A800900A0608C8E905080000000002000000F7
:10E9B800BC0606080200000048E905080208000035
:10E9C8002A4E537431335F5F66616365745F7368A1
:10E9D800696D7331325F474C4F42414C5F5F4E5F08
:10E9E80031313374696D655F6765745F7368696D2C
:10E9F80049774545000000000000000058E405087C
:10EA0800851F0308A91F030833BD03083BBD03087E
:10EA18001BC0030807C00308F3BF03080000000079
:10EA2800B0E4050845210308712103082D190308DE
:10EA38006F3003084DBD03080000000004E5050819
:10EA4800BD1F0308E51F03080DBD030813BD030818
:10EA58006BC0030857C0030843C003082FC003084E
:10EA680019BD03081FBD030829BD030800000000E5
:10EA780060E50508F91F030821200308E7BC03081F
:10EA8800EDBC0308BBC00308A7C0030893C0030874
:10EA98007FC00308F3BC0308F9BC030803BD0308DF
:10EAA80000000000BCE5050885210308A92103082A
:10EAB8009B1A0308993003080000000014E60508B3
:10EAC800BD210308E12103080B1B030821230308C8
:10EAD800000000006CE605083520030851200308F3
:10EAE800391E03081F310308431B030800000000F8
:10EAF800C4E605086520030889200308E92B0408F3
:10EB0800EF2B040805300408672E0408532E040868
:10EB1800000000001CE70508F5210308212203086E
:10EB28004F1B0308E7310308FF2B0408000000000F
:10EB380070E705089D200308C5200308C32B0408B7
:10EB4800C92B040819300408A32E04088F2E0408C2
:10EB58007B2E0408CF2B0408D52B0408DF2B0408D0
:10EB680000000000CCE70508D920030801210308AC
:10EB78009D2B0408A32B04082D300408DF2E04085D
:10EB8800CB2E0408B72E0408A92B0408AF2B0408C1
:10EB9800B92B04080000000028E8050835220308FE
:10EBA80059220308BD1C03081132030800000000A5
:10EBB80080E805086D220308912203082D1D03082B
:10EBC8007923030800000000D8E805081521030888
:10EBD80031210308191E030897320308631D03082F
:10EBE8000000000050E90508A5220308C92203080F
:10EBF800911A03084F1A03080D1A0308CB190308C2
:10EC0800891903084719030800000000A8E9050846
:10EC1800DD22030801230308B31C0308711C030841
:10EC28002F1C0308ED1B0308AB1B0308691B030813
:10EC38005374313063747970655F62617365000085
:10EC4800B809060838EC050853743563747970659B
:10EC580049634500900A060850EC050800000000CA
:10EC680002000000A8D805080200000048EC0508CA
:10EC78000200000053743563747970654977450064
:10EC8800180A06087CEC0508A8030608000000001E
:10EC98005CEC0508B93F0308E13F03081541030888
:10ECA800254103084541030855410308B13F0308BE
:10ECB80007400308B53F0308F33F030800000000BE
:10ECC80088EC05081D400308414003085542030825
:10ECD80091420308DB42030807430308154203086F
:10ECE8001B420308354203083B4203083343030829
:10ECF8003B430308594303087D43030853743130E9
:10ED08006D6F6E65795F626173650000B80906080A
:10ED180004ED0508537431336D657373616765736A
:10ED28005F62617365000000B80906081CED0508FC
:10ED380053743974696D655F626173650000000022
:10ED4800B809060838ED05084E5374375F5F6378D5
:10ED580078313137636F6C6C617465496345450080
:10ED6800180A060850ED0508A8D805084E53743748
:10ED78005F5F6378783131386E756D70756E637466
:10ED88004963454500000000180A060874ED0508A7
:10ED9800A8D805084E5374375F5F637878313131EE
:10EDA800306D6F6E657970756E637449634C62314E
:10EDB80045454500900A06089CED0508000000003E
:10EDC80002000000A8D805080200000014ED05089C
:10EDD800020000004E5374375F5F63787831313139
:10EDE800306D6F6E657970756E637449634C62300F
:10EDF80045454500900A0608DCED050800000000BE
:10EE080002000000A8D805080200000014ED05085B
:10EE1800020000004E5374375F5F637878313138F1
:10EE28006D6573736167657349634545000000004C
:10EE3800900A06081CEE0508000000000200000009
:10EE4800A8D805080200000030ED050802000000FF
:10EE58004E5374375F5F6378783131396D6F6E6503
:10EE6800795F67657449635374313969737472657E
:10EE7800616D6275665F6974657261746F7249630A
:10EE880053743131636861725F7472616974734974
:10EE98006345454545000000180A060858EE050870
:10EEA800A8D805084E5374375F5F637878313139D5
:10EEB8006D6F6E65795F7075744963537431396F1E
:10EEC80073747265616D6275665F69746572617489
:10EED8006F72496353743131636861725F74726130
:10EEE800697473496345454545000000180A0608DA
:10EEF800ACEE0508A8D805084E5374375F5F6378F1
:10EF08007831313874696D655F6765744963537426
:10EF180031396973747265616D6275665F697465AC
:10EF28007261746F72496353743131636861725FDF
:10EF38007472616974734963454545450000000072
:10EF4800900A060800EF0508000000000200000013
:10EF5800A8D805080200000048ED050802000000D6
:10EF68000000000068ED05086545030881450308B1
:10EF7800C34903081D490308A94403080000000009
:10EF880090ED0508FD0503081D0603088F440308D6
:10EF980097440308B1460308A146030891460308AD
:10EFA80000000000BCED050831FF020851FF02080F
:10EFB800694403086F440308F1460308E14603085F
:10EFC800D1460308C1460308754403087B44030877
:10EFD8008544030800000000FCED050865FF0208F1
:10EFE80085FF0208434403084944030831470308DE
:10EFF8002147030811470308014703084F44030842
:10F00800554403085F4403080000000038EE050873
:10F018003545030851450308A3440308999E04088D
:10F02800A744030800000000A0EE0508BD4403083B
:10F03800D1440308C970030859710308000000008F
:10F04800F4EE0508E5440308F9440308FD520308F3
:10F058000D5403080000000048EF05080D4503089B
:10F06800214503089F4403084D670308D367030835
:10F07800F5650308B7660308E564030859680308DB
:10F08800900A0608A8F00508000000000200000029
:10F0980090ED05080200000048E90508020C000090
:10F0A8002A4E537431335F5F66616365745F7368BA
:10F0B800696D7331325F474C4F42414C5F5F4E5F21
:10F0C8003131336E756D70756E63745F7368696D19
:10F0D8004963454500000000900A060800F105084C
:10F0E800000000000200000068ED050802000000B2
:10F0F80048E90508020C00002A4E537431335F5F5B
:10F1080066616365745F7368696D7331325F474C1C
:10F118004F42414C5F5F4E5F313132636F6C6C61BF
:10F1280074655F7368696D4963454500900A060810
:10F1380054F105080000000002000000BCED0508BD
:10F148000200000048E90508020C00002A4E53742A
:10F1580031335F5F66616365745F7368696D7331CE
:10F16800325F474C4F42414C5F5F4E5F3131356DE6
:10F178006F6E657970756E63745F7368696D4963E6
:10F188004C62314545450000900A0608B0F1050873
:10F198000000000002000000FCED0508020000006D
:10F1A80048E90508020C00002A4E537431335F5FAA
:10F1B80066616365745F7368696D7331325F474C6C
:10F1C8004F42414C5F5F4E5F3131356D6F6E6579EF
:10F1D80070756E63745F7368696D49634C6230451E
:10F1E80045450000900A06080CF2050800000000DA
:10F1F80002000000A0EE05080200000048E905082A
:10F20800020800002A4E537431335F5F66616365FC
:10F21800745F7368696D7331325F474C4F42414C7C
:10F228005F5F4E5F3131346D6F6E65795F6765740E
:10F238005F7368696D49634545000000900A0608D8
:10F2480064F205080000000002000000F4EE050862
:10F258000200000048E90508020800002A4E53741D
:10F2680031335F5F66616365745F7368696D7331BD
:10F27800325F474C4F42414C5F5F4E5F3131346DD6
:10F288006F6E65795F7075745F7368696D49634502
:10F2980045000000900A0608BCF2050800000000BE
:10F2A8000200000038EE05080200000048E90508E1
:10F2B800021000002A4E537431335F5F6661636544
:10F2C800745F7368696D7331325F474C4F42414CCC
:10F2D8005F5F4E5F3131336D657373616765735F6F
:10F2E8007368696D4963454500000000900A060887
:10F2F80014F30508000000000200000090F805085B
:10F308000200000048E90508020C00002A4E537468
:10F3180031335F5F66616365745F7368696D73310C
:10F32800325F474C4F42414C5F5F4E5F3131336E25
:10F33800756D70756E63745F7368696D497745455F
:10F3480000000000900A06086CF3050800000000A1
:10F358000200000068F805080200000048E90508F6
:10F36800020C00002A4E537431335F5F6661636597
:10F37800745F7368696D7331325F474C4F42414C1B
:10F388005F5F4E5F313132636F6C6C6174655F73C0
:10F3980068696D4977454500900A0608C0F3050875
:10F3A8000000000002000000BCF805080200000090
:10F3B80048E90508020C00002A4E537431335F5F98
:10F3C80066616365745F7368696D7331325F474C5A
:10F3D8004F42414C5F5F4E5F3131356D6F6E6579DD
:10F3E80070756E63745F7368696D49774C623145F7
:10F3F80045450000900A06081CF4050800000000B6
:10F4080002000000FCF805080200000048E90508B1
:10F41800020C00002A4E537431335F5F66616365E6
:10F42800745F7368696D7331325F474C4F42414C6A
:10F438005F5F4E5F3131356D6F6E657970756E63E4
:10F44800745F7368696D49774C62304545450000C3
:10F45800900A060878F40508000000000200000081
:10F46800A0F905080200000048E9050802080000A4
:10F478002A4E537431335F5F66616365745F7368E6
:10F48800696D7331325F474C4F42414C5F5F4E5F4D
:10F498003131346D6F6E65795F6765745F73686964
:10F4A8006D49774545000000900A0608D0F4050824
:10F4B8000000000002000000F4F905080200000046
:10F4C80048E90508020800002A4E537431335F5F8B
:10F4D80066616365745F7368696D7331325F474C49
:10F4E8004F42414C5F5F4E5F3131346D6F6E6579CD
:10F4F8005F7075745F7368696D49774545000000F2
:10F50800900A060828F5050800000000020000001F
:10F5180038F905080200000048E905080210000053
:10F528002A4E537431335F5F66616365745F736835
:10F53800696D7331325F474C4F42414C5F5F4E5F9C
:10F548003131336D657373616765735F7368696DB6
:10F558004977454500000000900A060880F505082F
:10F56800000000000200000048EF0508020000004B
:10F5780048E90508020800002A4E537431335F5FDA
:10F5880066616365745F7368696D7331325F474C98
:10F598004F42414C5F5F4E5F31313374696D655F37
:10F5A8006765745F7368696D4963454500000000CD
:10F5B800900A0608D8F505080000000002000000BF
:10F5C80048FA05080200000048E90508020800009A
:10F5D8002A4E537431335F5F66616365745F736885
:10F5E800696D7331325F474C4F42414C5F5F4E5FEC
:10F5F80031313374696D655F6765745F7368696D10
:10F6080049774545000000000000000088F0050823
:10F6180089780308AD7803088F44030897440308E2
:10F62800B1460308A14603089146030800000000FC
:10F63800E0F00508497A0308757A0308D5720308CB
:10F648006F890308A94403080000000034F1050885
:10F65800C1780308E9780308694403086F4403087C
:10F66800F1460308E1460308D1460308C1460308EA
:10F67800754403087B440308854403080000000020
:10F6880090F10508FD780308257903084344030829
:10F698004944030831470308214703081147030871
:10F6A800014703084F440308554403085F4403080F
:10F6B80000000000ECF10508897A0308AD7A030818
:10F6C80043740308998903080000000044F2050800
:10F6D800C17A0308E57A0308B3740308197C0308A0
:10F6E800000000009CF205083979030855790308E1
:10F6F800F7740308798A0308EB7403080000000014
:10F70800F4F20508697903088D790308C38C0308A6
:10F71800C98C0308958F0308D58E0308C58E030886
:10F72800000000004CF30508F97A0308257B03085C
:10F738000F750308338B0308D98C030800000000F9
:10F74800A0F30508A1790308C97903089D8C03086B
:10F75800A38C0308A58F0308058F0308F58E0308FB
:10F76800E58E0308A98C0308AF8C0308B98C03083D
:10F7780000000000FCF30508DD790308057A03089A
:10F78800778C03087D8C0308B58F0308358F030831
:10F79800258F0308158F0308838C0308898C0308B9
:10F7A800938C03080000000058F40508397B03080F
:10F7B8005D7B03087D7603085D8B0308000000006D
:10F7C800B0F40508717B0308957B0308ED76030800
:10F7D800717C03080000000008F50508197A030881
:10F7E800357A03082F7703083B8C0308237703082F
:10F7F8000000000060F50508A97B0308CD7B03081D
:10F8080039740308F7730308B5730308737303089F
:10F8180031730308EF7203085968030800000000F9
:10F82800B8F50508E17B0308057C0308737603082F
:10F8380031760308EF750308AD7503086B75030887
:10F848002975030819B003084E5374375F5F63784E
:10F8580078313137636F6C6C617465497745450061
:10F86800180A060850F80508A8D805084E53743732
:10F878005F5F6378783131386E756D70756E63745B
:10F888004977454500000000180A060874F805087D
:10F89800A8D805084E5374375F5F637878313131E3
:10F8A800306D6F6E657970756E637449774C62312F
:10F8B80045454500900A06089CF805080000000028
:10F8C80002000000A8D805080200000014ED050891
:10F8D800020000004E5374375F5F6378783131312E
:10F8E800306D6F6E657970756E637449774C6230F0
:10F8F80045454500900A0608DCF8050800000000A8
:10F9080002000000A8D805080200000014ED050850
:10F91800020000004E5374375F5F637878313138E6
:10F928006D6573736167657349774545000000002D
:10F93800900A06081CF905080000000002000000F3
:10F94800A8D805080200000030ED050802000000F4
:10F958004E5374375F5F6378783131396D6F6E65F8
:10F96800795F67657449775374313969737472655F
:10F97800616D6275665F6974657261746F724977EB
:10F9880053743131636861725F7472616974734969
:10F998007745454545000000180A060858F9050846
:10F9A800A8D805084E5374375F5F637878313139CA
:10F9B8006D6F6E65795F7075744977537431396FFF
:10F9C80073747265616D6275665F6974657261747E
:10F9D8006F72497753743131636861725F74726111
:10F9E800697473497745454545000000180A0608BB
:10F9F800ACF90508A8D805084E5374375F5F6378DB
:10FA08007831313874696D655F6765744977537407
:10FA180031396973747265616D6275665F697465A1
:10FA28007261746F72497753743131636861725FC0
:10FA38007472616974734977454545450000000053
:10FA4800900A060800FA05080000000002000000FD
:10FA5800A8D805080200000048ED050802000000CB
:10FA68000000000068F80508958D0308B18D0308AB
:10FA7800319203086D910308D98C03080000000037
:10FA880090F80508CD060308ED060308C38C0308A3
:10FA9800C98C0308958F0308D58E0308C58E030803
:10FAA80000000000BCF80508B9000308D9000308E5
:10FAB8009D8C0308A38C0308A58F0308058F0308F2
:10FAC800F58E0308E58E0308A98C0308AF8C03089C
:10FAD800B98C030800000000FCF80508ED000308D5
:10FAE8000D010308778C03087D8C0308B58F030884
:10FAF800358F0308258F0308158F0308838C0308A7
:10FB0800898C0308938C03080000000038F9050865
:10FB1800658D0308818D0308D38C0308DB9E0408D8
:10FB2800D78C030800000000A0F90508ED8C030835
:10FB3800018D030875B8030805B903080000000023
:10FB4800F4F90508158D0308298D0308A59A0308FB
:10FB58009D9B03080000000048FA05083D8D030836
:10FB6800518D0308CF8C03080DAF030893AF03082A
:10FB7800B5AD030877AE0308A5AC030819B00308B0
:10FB880053743962617369635F696F73496353744E
:10FB98003131636861725F74726169747349634576
:10FBA80045000000180A060888FB0508D4FB05086C
:10FBB80000000000ACFB050851BA030865BA030849
:10FBC800537438696F735F6261736500B80906081A
:10FBD800C8FB050800000000D4FB050875BB030836
:10FBE800ADBB030853690000900A0608ECFB050842
:10FBF8000000000001000000ACFB050803F4FFFF53
:10FC08001CFC050830FC0508080000000000000086
:10FC1800F0FB0508C1BB0308F5BB0308F8FFFFFFAD
:10FC2800F8FFFFFFF0FB0508E5BB030807BC030866
:10FC3800537437636F6C6C617465496345000000E9
:10FC4800180A060838FC0508A8D805085374386E41
:10FC5800756D70756E63744963450000180A06086F
:10FC680054FC0508A8D805085374376E756D5F678E
:10FC780065744963537431396973747265616D626F
:10FC880075665F6974657261746F72496353743124
:10FC980031636861725F7472616974734963454561
:10FCA80045000000180A060870FC0508A8D80508D1
:10FCB8005374376E756D5F70757449635374313959
:10FCC8006F73747265616D6275665F697465726180
:10FCD800746F72496353743131636861725F74720F
:10FCE800616974734963454545000000180A0608B0
:10FCF800B8FC0508A8D80508537431375F5F7469E4
:10FD08006D6570756E63745F6361636865496345AB
:10FD180000000000180A060800FD0508A8D8050814
:10FD2800537431315F5F74696D6570756E637449C2
:10FD380063450000180A060828FD0508A8D8050824
:10FD4800537431306D6F6E657970756E6374496385
:10FD58004C62314545000000900A060848FD050838
:10FD68000000000002000000A8D8050802000000FA
:10FD780014ED050802000000537431306D6F6E6594
:10FD88007970756E637449634C62304545000000B4
:10FD9800900A060880FD0508000000000200000027
:10FDA800A8D805080200000014ED050802000000AC
:10FDB8005374386D657373616765734963450000F3
:10FDC800900A0608B8FD05080000000002000000BF
:10FDD800A8D805080200000030ED05080200000060
:10FDE800537432335F5F636F64656376745F616217
:10FDF8007374726163745F62617365496363313000
:10FE08005F6D6273746174655F744500900A0608DB
:10FE1800E8FD05080000000002000000A8D8050859
:10FE28000200000004E10508020000005374396D67
:10FE38006F6E65795F6765744963537431396973A7
:10FE4800747265616D6275665F6974657261746FFD
:10FE580072496353743131636861725F74726169A6
:10FE68007473496345454500180A060834FE0508B9
:10FE7800A8D805085374396D6F6E65795F7075740D
:10FE88004963537431396F73747265616D62756655
:10FE98005F6974657261746F724963537431316359
:10FEA8006861725F7472616974734963454545009E
:10FEB800180A06087CFE0508A8D805085374387483
:10FEC800696D655F7075744963537431396F737404
:10FED8007265616D6275665F6974657261746F726F
:10FEE800496353743131636861725F747261697414
:10FEF8007349634545450000180A0608C4FE05080D
:10FF0800A8D8050853743874696D655F67657449C6
:10FF180063537431396973747265616D6275665FB4
:10FF28006974657261746F724963537431316368BF
:10FF380061725F7472616974734963454545000075
:10FF4800900A06080CFF05080000000002000000E7
:10FF5800A8D805080200000048ED050802000000C6
:10FF6800537431385F5F6D6F6E657970756E637449
:10FF78005F636163686549634C6230454500000012
:10FF8800180A060868FF0508A8D805085374313808
:10FF98005F5F6D6F6E657970756E63745F636163C3
:10FFA800686549634C62314545000000180A060837
:10FFB80094FF0508A8D80508537431365F5F6E753D
:10FFC8006D70756E63745F6361636865496345004E
:10FFD800180A0608C0FF0508A8D805080000000090
:10FFE80048FC05089DBE0308B9BE03082DC20308D6
:08FFF8008DC103084DBD030893
:020000040806EC
:100000000000000064FC05082D0803084D080308E3
:1000100033BD03083BBD03081BC0030807C003082A
:10002000F3BF030800000000ACFC050861BD030835
:10003000EDBD030863FA03082DFA030849FF03081E
:10004000AD020408110604085D0A0408390E04080C
:100050004DF50308D9F5030865F6030847060408BB
:1000600000000000F4FC050875BD0308FFBD03088F
:1000700025D10308FDD0030837D3030819D5030899
:100080006FD6030899D80308BFDA03085FD30308C3
:10009000000000001CFD0508B1BD030835BE0308C3
:1000A000000000003CFD0508CDBE030809BF0308A1
:1000B0000000000060FD05087103030891030308B8
:1000C0000DBD030813BD03086BC0030857C0030828
:1000D00043C003082FC0030819BD03081FBD030850
:1000E00029BD03080000000098FD0508A5030308CA
:1000F000C5030308E7BC0308EDBC0308BBC0030845
:10010000A7C0030893C003087FC00308F3BC03081B
:10011000F9BC030803BD030800000000C8FD050882
:100120006DBE030889BE030847BD0308219F04086C
:100130004BBD03080000000014FE0508000000008D
:1001400000000000000000000000000000000000AF
:10015000000000000000000000000000000000009F
:100160000000000070FE050889BD030811BE0308E9
:100170009D190408211A040800000000B8FE0508B3
:100180009DBD030823BE0308D1DF0308E9E003088F
:100190000000000000FF0508C5BD030847BE0308B6
:1001A0001DE103080000000048FF0508D9BD030851
:1001B00059BE030843BD0308B31004083B110408EB
:1001C0007F0F0408191004086F0E04084E5374378B
:1001D0005F5F6378783131313562617369635F7372
:1001E0007472696E6762756649635374313163680E
:1001F00061725F74726169747349634553614963E5
:1002000045454500180A0608CC01060824030608DF
:100210004E5374375F5F637878313131396261737F
:1002200069635F69737472696E6773747265616D17
:10023000496353743131636861725F7472616974C8
:10024000734963455361496345454500180A0608EB
:1002500010020608F0FB0508000000000402060872
:100260008D1C0408B51C04086F210408931F0408A2
:10027000511D04087F1E0408A5210408E11C040880
:1002800059220408FD1C0408B32104084D1C04086D
:1002900003220408AD1F0408440000000000000011
:1002A000F0FB05080000000000000000BCFFFFFF9D
:1002B000BCFFFFFFF0FB050800000000000000008D
:1002C000DC020608A4020608B8020608F0020608C6
:1002D00044000000000000004C020608352104081C
:1002E0004D210408BCFFFFFFBCFFFFFF4C020608C6
:1002F0003D2104085F21040853743135626173693C
:10030000635F73747265616D6275664963537431BE
:1003100031636861725F74726169747349634545E2
:1003200000000000B8090608F802060800000000F6
:1003300024030608D9210408F12104086F210408C8
:10034000712104087321040889210408A5210408E7
:10035000A921040859220408AD210408B321040886
:10036000CB21040803220408D12104085374376305
:100370006F6C6C617465497745000000180A0608C7
:100380006C030608A8D80508537432315F5F6374A4
:100390007970655F61627374726163745F626173C7
:1003A0006549774500000000900A060888030608A2
:1003B0000000000002000000A8D8050802000000AC
:1003C00048EC0508020000005374386E756D7075B6
:1003D0006E63744977450000180A0608C8030608CA
:1003E000A8D805085374376E756D5F6765744977D3
:1003F000537431396973747265616D6275665F69D2
:1004000074657261746F72497753743131636861D6
:10041000725F7472616974734977454545000000E5
:10042000180A0608E4030608A8D805085374376EAE
:10043000756D5F7075744977537431396F73747269
:1004400065616D6275665F6974657261746F72492A
:100450007753743131636861725F74726169747368
:100460004977454545000000180A06082C0406088F
:10047000A8D80508537431375F5F74696D6570756E
:100480006E63745F636163686549774500000000CF
:10049000180A060874040608A8D8050853743131F0
:1004A0005F5F74696D6570756E63744977450000B0
:1004B000180A06089C040608A8D8050853743130A9
:1004C0006D6F6E657970756E637449774C623145F6
:1004D00045000000900A0608BC0406080000000061
:1004E00002000000A8D805080200000014ED05086D
:1004F00002000000537431306D6F6E657970756E57
:10050000637449774C62304545000000900A060844
:10051000F40406080000000002000000A8D8050846
:100520000200000014ED0508020000005374386D4D
:10053000657373616765734977450000900A060823
:100540002C0506080000000002000000A8D80508DD
:100550000200000030ED0508020000005374323341
:100560005F5F636F64656376745F61627374726109
:1005700063745F6261736549776331305F6D627385
:10058000746174655F744500900A06085C0506088E
:100590000000000002000000A8D8050802000000CA
:1005A00004E10508020000005374396D6F6E65792F
:1005B0005F67657449775374313969737472656123
:1005C0006D6275665F6974657261746F72497753A5
:1005D000743131636861725F7472616974734977F1
:1005E00045454500180A0608A8050608A8D80508C4
:1005F0005374396D6F6E65795F7075744977537494
:1006000031396F73747265616D6275665F697465A7
:100610007261746F72497753743131636861725FCC
:10062000747261697473497745454500180A060874
:10063000F0050608A8D8050853743874696D655F1D
:100640007075744977537431396F73747265616D65
:100650006275665F6974657261746F72497753740D
:100660003131636861725F7472616974734977458F
:1006700045450000180A060838060608A8D80508E7
:1006800053743874696D655F676574497753743165
:10069000396973747265616D6275665F69746572DC
:1006A00061746F72497753743131636861725F743A
:1006B000726169747349774545450000900A0608E0
:1006C000800606080000000002000000A8D8050807
:1006D0000200000048ED05080200000053743138A4
:1006E0005F5F6D6F6E657970756E63745F63616374
:1006F000686549774C62304545000000180A0608D5
:10070000DC060608A8D80508537431385F5F6D6FA2
:100710006E657970756E63745F6361636865497750
:100720004C62314545000000180A06080807060813
:10073000A8D80508537431365F5F6E756D70756E9D
:1007400063745F636163686549774500180A06084A
:1007500034070608A8D80508000000007C03060836
:100760004D2D0408692D040871310408B5300408C2
:10077000FF2B040800000000A8030608000000008A
:100780000000000000000000000000000000000069
:100790000000000000000000000000000000000059
:1007A0000000000000000000000000000000000049
:1007B0000000000000000000D8030608FD08030840
:1007C0001D090308E92B0408EF2B04080530040871
:1007D000672E0408532E04080000000020040608B9
:1007E000112C04089D2C0408436904080D690408B1
:1007F000256E040879710408CD7404081179040881
:10080000E57C040835640408C16404084D650408E7
:10081000037504080000000068040608252C04087D
:10082000AF2C04087B460408554604087D4804089C
:100830004F4A0408994B0408C54D0408ED4F0408BD
:10084000A34804080000000090040608612C040876
:10085000E52C040800000000B00406087D2D040803
:10086000B92D040800000000D4040608F9040308A8
:1008700019050308C32B0408C92B04081930040800
:10088000A32E04088F2E04087B2E0408CF2B040807
:10089000D52B0408DF2B0408000000000C05060817
:1008A0002D0503084D0503089D2B0408A32B040800
:1008B0002D300408DF2E0408CB2E0408B72E0408C0
:1008C000A92B0408AF2B0408B92B04080000000072
:1008D0003C0506081D2D0408392D0408F92B0408D1
:1008E0004B9F0408FD2B0408000000008805060843
:1008F00000000000000000000000000000000000F8
:1009000000000000000000000000000000000000E7
:100910000000000000000000E4050608392C04086F
:10092000C12C040841880408C588040800000000A0
:100930002C0606084D2C0408D32C0408F5420408A4
:10094000F54304080000000074060608752C04082E
:10095000F72C04081350040800000000BC06060829
:10096000892C0408092D0408F52B04085F7F04086E
:10097000E77F04082B7E0408C57E04081B7D04085D
:100980004E31305F5F637878616269763131375F0D
:100990005F636C6173735F747970655F696E666FB6
:1009A00045000000180A0608800906084C0A0608D7
:1009B00000000000A40906083D8F0408518F0408B8
:1009C000D5910408D5910408BB8F0408FD8E040856
:1009D000A38F0408658F04082F8F0408004E313060
:1009E0005F5F637878616269763132305F5F736927
:1009F0005F636C6173735F747970655F696E666F56
:100A000045000000180A0608DD090608A4090608C2
:100A100000000000040A0608D1900408E5900408CC
:100A2000D5910408D5910408BB8F0408FD8E0408F5
:100A3000A991040835910408F99004085374397495
:100A40007970655F696E666F00000000B80906087E
:100A50003C0A06084E31305F5F63787861626976E0
:100A60003132315F5F766D695F636C6173735F74A0
:100A70007970655F696E666F45000000180A0608A8
:100A8000540A0608A4090608000000007C0A0608AB
:100A90000592040819920408D5910408D591040818
:100AA000BB8F0408FD8E04081D950408C792040836
:100AB0002D920408537437636F64656376744963D9
:100AC0006331305F6D6273746174655F74450000FB
:100AD000180A0608B40A060814FE0508537437639A
:100AE0006F646563767449776331305F6D627374E8
:100AF0006174655F74450000180A0608DC0A060880
:100B00008805060800000000D00A0608719804084D
:100B100095980408439804085198040843980408D9
:100B2000599804085D9804086198040859980408C5
:100B300000000000F80A0608A9980408CD980408E7
:100B40002199040851980408D79904083F9A040889
:100B50006D980408519A04084D9A040800001F007B
:100B60003B005A0078009700B500D400F300110153
:100B700030014E016D0100001F003C005B00790058
:100B80009800B600D500F400120131014F016E014A
:100B900002030004180A0608A00B06080C0C06083D
:100BA0002A4E31325F474C4F42414C5F5F4E5F31BE
:100BB0003137696F5F6572726F725F636174656709
:100BC0006F7279450000000000000000940B0608D9
:100BD00049A404085DA404083DA4040869A6040807
:100BE00071A4040853A5040859A5040883A50408A2
:100BF0004E5374335F563231346572726F725F6375
:100C0000617465676F72794500000000B8090608D5
:100C1000F00B0608180A0608200C06080C0C06083B
:100C20002A4E31325F474C4F42414C5F5F4E5F313D
:100C3000323267656E657269635F6572726F725F8B
:100C400063617465676F727945000000180A0608D1
:100C5000580C06080C0C06082A4E31325F474C4FE0
:100C600042414C5F5F4E5F31323173797374656D11
:100C70005F6572726F725F63617465676F727945E9
:100C80000000000000000000140C0608E1A40408A5
:100C90009BA50408C5A4040869A60408B5A5040812
:100CA00053A50408CDA4040883A50408000000008F
:100CB0004C0C060851A50408A7A50408E5A40408DF
:100CC00069A60408B5A50408EDA404088DA60408C7
:100CD00083A5040834000000CEFBFFFFCB03000017
:100CE000010000000000000035000000CEFBFFFF07
:100CF000CB03000001000000000000000000000025
:100D0000BC89D897B2D29C3C33A7A8D523F64939E1
:100D10003DA7F444FD0FA5329D978CCF08BA5B2503
:100D2000436FAC642806681100202020202020207A
:100D3000202028282828282020202020202020208B
:100D4000202020202020202020881010101010109B
:100D500010101010101010101004040404040404E7
:100D60000404041010101010101041414141414181
:100D70000101010101010101010101010101010163
:100D80000101010110101010101042424242424273
:100D90000202020202020202020202020202020233
:100DA00002020202101010102000000000000000DB
:100DB0000000000000000000000000000000000033
:100DC0000000000000000000000000000000000023
:100DD0000000000000000000000000000000000013
:100DE0000000000000000000000000000000000003
:100DF00000000000000000000000000000000000F3
:100E000000000000000000000000000000000000E2
:100E100000000000000000000000000000000000D2
:100E2000000000000000000000000000E469050868
:100E3000E8690508EC690508F0690508AB6905086B
:100E4000F4690508F8690508FC690508006A0508E1
:100E5000046A0508086A05080C6A05088E69050811
:100E6000966905089F690508A5690508AB69050825
:100E7000AF690508B4690508B9690508C0690508BE
:100E8000CA690508D2690508DB69050872690508A1
:100E9000766905087A6905087E690508826905088A
:100EA000866905088A6905083969050840690508E1
:100EB000476905084F690508596905086269050809
:100EC00069690508E3670508D4670508E56B050847
:100ED000414B05082A690508FA6B05088E69050863
:100EE000966905089F690508A5690508AB690508A5
:100EF000AF690508B4690508B9690508C06905083E
:100F0000CA690508D2690508DB690508126C05087D
:100F10002D690508506C0508506C0508506C0508D3
:100F2000506C0508506C0508050000001900000011
:100F30007D000000000000000080E03779C34143DD
:100F4000176E05B5B5B89346F5F93FE9034F384D2F
:100F5000321D30F94877825A3CBF737FDD4F1575DB
:100F6000000000000000F03F0000000000002440EE
:100F700000000000000059400000000000408F40C9
:100F8000000000000088C34000000000006AF84034
:100F90000000000080842E4100000000D012634158
:100FA0000000000084D797410000000065CDCD41CE
:100FB000000000205FA00242000000E876483742AF
:100FC000000000A2941A6D42000040E59C30A2424D
:100FD0000000901EC4BCD64200003426F56B0C43C2
:100FE0000080E03779C3414300A0D8855734764369
:100FF00000C84E676DC1AB43003D9160E458E143CA
:10100000408CB5781DAF154450EFE2D6E41A4B443E
:1010100092D54D06CFF08044F64AE1C7022DB54483
:10102000B49DD9794378EA449CD001241F00000084
:101030001C0000001F0000001E0000001F00000038
:101040001E0000001F0000001F0000001E00000026
:101050001F0000001E0000001F0000001F00000015
:101060001D0000001F0000001E0000001F00000007
:101070001E0000001F0000001F0000001E000000F6
:101080001F0000001E0000001F00000030000000D4
:101090003000000030000000300000003000000090
:1010A0003000000030000000300000003000000080
:1010B0003000000030000000300000003000000070
:1010C0003000000030000000300000002000000070
:1010D0002000000020000000200000002000000090
:1010E0002000000020000000200000002000000080
:1010F0002000000020000000200000002000000070
:0C11000020000000200000002000000083
:08110C00D4F1FB7F010000009B
:10111400C50202085539020805780208498C0208FC
:10112400ED71030899B90308C51A0408698904080C
:08113400ADA40408B9A60408EB
:10113C00A10202085D4602084D780208618C020883
:10114C0000000000FF000000F33C0508013D05080D
:10115C000E3D05081D3D05082B3D0508000000004F
:10116C000000000000000000000000000000000073
:10117C00000000000000000000000000506C05089A
:10118C00702300240090D0030090D0030131373934
:10119C003230362067657476657273696F6E2066BF
:1011AC006978000110000000A9680508CE680508E0
:1011BC00E968050868D9050878D9050888D90508AB
:1011CC009CD90508ACD90508BCD90508CCD90508AB
:1011DC00DCD90508ECD90508FCD905080CDA05089A
:1011EC001CDA0508BCD905082CDA0508F5680508D1
:1011FC00F9680508FD68050802690508066905080F
:10120C000A6905080E6905081269050816690508BA
:10121C001A6905081E690508226905080A69050886
:10122C0026690508D00B0608B40C06088C0C0608B9
:10123C000000000003000000A0CE0124F5680508A2
:10124C00F5680508430000000000000000000000E5
:10125C000000000000000000000000000000000082
:10126C00000000004300000000000000000000002F
:10127C000000000000000000000000000000000062
:10128C00000000004300000000000000000000000F
:10129C000000000000000000000000000000000042
:1012AC0000000000430000000000000000000000EF
:1012BC000000000000000000000000000000000022
:1012CC0000000000430000000000000000000000CF
:1012DC000000000000000000000000000000000002
:1012EC0000000000430000000000000000000000AF
:1012FC0000000000000000000000000000000000E2
:10130C00000000004300000000000000000000008E
:10131C0000000000000000000000000000000000C1
:10132C00000000008D0705080FFC040800000000F9
:10133C00280D06083E6A0508506C0508506C050817
:10134C00506C0508506C0508506C0508506C05086D
:10135C00506C0508506C0508506C0508FFFFFFFF2A
:10136C00FFFFFFFFFFFFFFFFFFFF000001004153E6
:10137C00434949000000000000000000000000008C
:10138C0000000000000000000000000000004153BD
:10139C00434949000000000000000000000000006C
:1013AC000000000000000000000000000000000031
:1013BC007402002400000000A0CE012408CF0124F8
:1013CC0070CF0124000000000000000000000000AD
:1013DC000000000000000000000000000000000001
:1013EC0000000000000000000000000000000000F1
:1013FC0000000000000000000000000000000000E1
:10140C0007D00124000000000100000000000000D3
:10141C004A00000000000000000000000000000076
:10142C0000000000000000000000000000000000B0
:10143C0000000000000000004A0000000000000056
:10144C000000000000000000000000000000000090
:10145C000000000000000000000000000000000080
:040000050802AB7DC5
:00000001FF
