:020000040802F0
:1000000000000824A5AE0208F1920208FB92020843
:100010000F930208199302082393020800000000BE
:100020000000000000000000000000002D93020806
:100030002F93020800000000319302083393020856
:10004000F9AE0208F9AE0208F9AE0208F9AE0208EC
:10005000F9AE0208F9AE0208F9AE0208F9AE0208DC
:10006000F9AE0208F9AE0208F9AE020839930208A7
:10007000F9AE0208F9AE0208F9AE0208F9AE0208BC
:10008000F9AE0208F9AE0208F9AE0208F9AE0208AC
:10009000F9AE0208F9AE0208F9AE0208459302086B
:1000A000F9AE0208F9AE0208F9AE0208F9AE02088C
:1000B0004D930208F9AE0208F9AE0208F9AE020843
:1000C000F9AE0208F9AE0208F9AE0208F9AE02086C
:1000D000F9AE020859930208659302087193020869
:1000E0007D930208F9AE020800000000F9AE020894
:1000F000F9AE0208F9AE0208F9AE0208F9AE02083C
:10010000F9AE0208F9AE0208F9AE0208F9AE02082B
:1001100085930208F9AE0208F9AE0208919302082D
:10012000F9AE0208F9AE0208F9AE0208F9AE02080B
:10013000F9AE0208F9AE0208F9AE0208F9AE0208FB
:1001400000000000000000000000000000000000AF
:10015000F9AE0208F9AE0208F9AE0208F9AE0208DB
:10016000F9AE0208F9AE0208F9AE0208F9AE0208CB
:10017000F9AE0208F9AE0208F9AE0208000000006C
:10018000F9AE0208F9AE0208F9AE0208F9AE0208AB
:10019000F9AE0208F9AE0208F9AE0208F9AE02089B
:1001A000F9AE0208F9AE0208F9AE0208F9AE02088B
:1001B000F9AE0208F9AE0208F9AE0208F9AE02087B
:1001C000F9AE0208F9AE0208F9AE0208F9AE02086B
:1001D000F9AE0208F9AE0208F9AE0208F9AE02085B
:1001E000F9AE0208F9AE0208F9AE0208F9AE02084B
:1001F000F9AE0208F9AE0208F9AE0208F9AE02083B
:10020000F9AE0208F9AE0208F9AE0208F9AE02082A
:10021000F9AE0208F9AE0208F9AE0208F9AE02081A
:10022000F9AE0208F9AE0208F9AE020800000000BB
:10023000F9AE0208F9AE020800000000F9AE0208AB
:10024000F9AE0208F9AE0208F9AE0208F9AE0208EA
:10025000F9AE0208F9AE0208F9AE0208F9AE0208DA
:10026000F9AE0208F9AE0208F9AE0208F9AE0208CA
:10027000F9AE0208F9AE0208F9AE0208000000006B
:10028000F9AE0208F9AE0208F9AE0208000000005B
:0802900000000000F9AE0208B5
:1002A00010B5054C237833B9044B13B10448AFF3B0
:1002B00000800123237010BD2003002400000000F3
:1002C0008836050808B5034B1BB103490348AFF353
:1002D000008008BD000000002403002488360508C3
:1002E00010F8012B11F8013B012A28BF9A42F7D0E0
:1002F000D01A70470000000000000000000000005D
:1003000001F0FF01102A2BDB10F0070F08D010F8C6
:10031000013B013A8B422DD010F0070F42B3F6D1CA
:10032000F0B441EA012141EA014122F007047FF0E3
:1003300000070023F0E80256083C85EA010586EA3A
:10034000010685FA47F5A3FA87F586FA47F6A5FA76
:1003500087F68EB9EED1F0BC01F0FF0102F0070282
:1003600032B110F8013B013A83EA010313B1F8D12D
:100370000020704701387047002D06BF354603380E
:10038000073815F0010F07D1013015F4807F02BF47
:10039000013015F4C03F0130F0BC0138704700BF98
:1003A000034613F8012B002AFBD1181A01387047B5
:1003B00081F0004102E000BF83F0004330B54FEA16
:1003C00041044FEA430594EA050F08BF90EA020F83
:1003D0001FBF54EA000C55EA020C7FEA645C7FEA16
:1003E000655C00F0E2804FEA5454D4EB5555B8BF39
:1003F0006D420CDD2C4480EA020281EA030382EAAA
:10040000000083EA010180EA020281EA0303362D3B
:1004100088BF30BD11F0004F4FEA01314FF4801C0E
:100420004CEA113102D0404261EB410113F0004F20
:100430004FEA03334CEA133302D0524263EB4303D7
:1004400094EA050F00F0A780A4F10104D5F1200E75
:100450000DDB02FA0EFC22FA05F2801841F10001D0
:1004600003FA0EF2801843FA05F359410EE0A5F1A4
:1004700020050EF1200E012A03FA0EFC28BF4CF0D5
:10048000020C43FA05F3C01851EBE37101F000458B
:1004900007D54FF0000EDCF1000C7EEB00006EEB98
:1004A0000101B1F5801F1BD3B1F5001F0CD3490822
:1004B0005FEA30004FEA3C0C04F101044FEA445279
:1004C00012F5800F80F09A80BCF1004F08BF5FEA00
:1004D000500C50F1000041EB045141EA050130BDE0
:1004E0005FEA4C0C404141EB0101013C28BFB1F5F2
:1004F000801FE9D291F0000F04BF01460020B1FA3D
:1005000081F308BF2033A3F10B03B3F120020CDA0F
:100510000C3208DD02F1140CC2F10C0201FA0CF0ED
:1005200021FA02F10CE002F11402D8BFC2F1200C52
:1005300001FA02F120FA0CFCDCBF41EA0C01904008
:10054000E41AA2BF01EB0451294330BD6FEA040451
:100550001F3C1CDA0C340EDC04F11404C4F120023C
:1005600020FA04F001FA02F340EA030021FA04F34E
:1005700045EA030130BDC4F10C04C4F1200220FAA5
:1005800002F001FA04F340EA0300294630BD21FAE3
:1005900004F0294630BD94F0000F83F4801306BFA9
:1005A00081F480110134013D4EE77FEA645C18BF9D
:1005B0007FEA655C29D094EA050F08BF90EA020F34
:1005C00005D054EA000C04BF1946104630BD91EA2C
:1005D000030F1EBF0021002030BD5FEA545C05D12F
:1005E0004000494128BF41F0004130BD14F580046E
:1005F0003CBF01F5801130BD01F0004545F0FE41E2
:1006000041F470014FF0000030BD7FEA645C1ABF16
:10061000194610467FEA655C1CBF0B46024650EA4D
:10062000013406BF52EA033591EA030F41F4002179
:1006300030BD00BF90F0000F04BF0021704730B5FF
:100640004FF4806404F132044FF000054FF00001D4
:1006500050E700BF90F0000F04BF0021704730B595
:100660004FF4806404F1320410F0004548BF40426A
:100670004FF000013EE700BF42004FEAE2014FEABF
:1006800031014FEA02701FBF12F07F4393F07F4F9A
:1006900081F06051704732F07F4208BF704793F09D
:1006A0007F4F04BF41F40021704730B54FF46074B0
:1006B00001F0004521F000411CE700BF50EA0102B3
:1006C00008BF704730B54FF000050AE050EA01025C
:1006D00008BF704730B511F0004502D5404261EBCC
:1006E00041014FF4806404F132045FEA915C3FF40D
:1006F000D8AE4FF003025FEADC0C18BF03325FEAAA
:10070000DC0C18BF033202EBDC02C2F1200300FA5A
:1007100003FC20FA02F001FA03FE40EA0E0021FA7F
:1007200002F11444BDE600BF80F0004002E000BFCB
:1007300081F0004142001FBF5FEA410392EA030FCC
:100740007FEA226C7FEA236C6AD04FEA1262D2EB16
:100750001363C1BFD218414048404140B8BF5B421B
:10076000192B88BF704710F0004F40F4000020F0B4
:100770007F4018BF404211F0004F41F4000121F0CA
:100780007F4118BF494292EA030F3FD0A2F1010214
:1007900041FA03FC10EB0C00C3F1200301FA03F152
:1007A00000F0004302D5494260EB4000B0F5000F75
:1007B00013D3B0F1807F06D340084FEA310102F134
:1007C0000102FE2A51D2B1F1004F40EBC25008BFE6
:1007D00020F0010040EA03007047490040EB0000B0
:1007E000013A28BFB0F5000FEDD2B0FA80FCACF1B1
:1007F000080CB2EB0C0200FA0CF0AABF00EBC250DE
:1008000052421843BCBFD0401843704792F0000FCB
:1008100081F4000106BF80F400000132013BB5E71E
:100820004FEA41037FEA226C18BF7FEA236C21D094
:1008300092EA030F04D092F0000F08BF08467047F9
:1008400090EA010F1CBF0020704712F07F4F04D1C7
:10085000400028BF40F00040704712F100723CBFDA
:1008600000F50000704700F0004343F0FE4040F404
:10087000000070477FEA226216BF08467FEA2363C2
:100880000146420206BF5FEA412390EA010F40F4AD
:10089000800070474FF0000304E000BF10F00043F9
:1008A00048BF40425FEA000C08BF704743F09643E0
:1008B00001464FF000001CE050EA010208BF7047FB
:1008C0004FF000030AE000BF50EA010208BF704782
:1008D00011F0004302D5404261EB41015FEA010C97
:1008E00002BF84460146002043F0B64308BFA3F18F
:1008F0008053A3F50003BCFA8CF2083AA3EBC25371
:1009000010DB01FA02FC634400FA02FCC2F120028F
:10091000BCF1004F20FA02F243EB020008BF20F0C6
:100920000100704702F1200201FA02FCC2F120022C
:1009300050EA4C0021FA02F243EB020008BF20EA21
:10094000DC70704753B94AB9002908BF00281CBFA2
:100950004FF0FF314FF0FF3000F0C2B9ADF1080C9D
:100960006DE904CE00F040F8DDF804E0DDE9022393
:1009700004B0704708B502460B4643EC172BB5EEA2
:10098000C07BF1EE10FA03D4BDE8084000F00CB8CB
:10099000B1EE477B51EC170B00F006F8404261EBDB
:1009A000410108BD000000009FED0B6B41EC170BEF
:1009B0009FED0B5B27EE066BBCEEC66BB8EE464BAD
:1009C000A4EE457BFCEEC77B16EE101A17EE900ADC
:1009D000704700BFAFF30080000000000000F03D52
:1009E000000000000000F0412DE9F047089D8E4610
:1009F00004468846002B4AD18A42174662D9B2FA89
:100A000082F64EB1C6F1200301FA06F820FA03F38C
:100A1000B74043EA0808B4404FEA174E1FFA87FC74
:100A2000B8FBFEF1230C0EFB118843EA084301FBDF
:100A30000CF29A4209D9FB1801F1FF3080F0EA80EC
:100A40009A4240F2E78002393B449A1AA3B2B2FBC1
:100A5000FEF00EFB102243EA024300FB0CFC9C4517
:100A600009D9FB1800F1FF3280F0D6809C4540F296
:100A7000D3803B44023840EA0140A3EB0C03002141
:100A80001DB1F3400022C5E90032BDE8F0878B427A
:100A900005D90DB1C5E9000100210846F5E7B3FA13
:100AA00083F1002946D1734502D3824200F20581C9
:100AB000841A6EEB030201209046002DE5D0C5E9B3
:100AC0000048E2E7002A00F09080B2FA82F6002E99
:100AD00040F0A4808A1A030C4FEA174E80B2BCB2D1
:100AE0000121B2FBFEFC0EFB1C2243EA024304FB85
:100AF0000CF29A4207D9FB180CF1FF3802D29A4245
:100B000000F2E080C4469B1AB3FBFEF20EFB1233E8
:100B100040EA034302FB04F49C4207D9FB1802F1AC
:100B2000FF3002D29C4200F2CA8002461B1B42EAFE
:100B30000C40A5E7C1F120068B4022FA06F71F43BF
:100B40000EFA01F420FA06F32EFA06FE4FEA1749D0
:100B5000234300FA01F81FFA87FCBEFBF9F01C0CD6
:100B600009FB10EE44EA0E4400FB0CFEA64502FA17
:100B700001F209D93C1900F1FF3A80F09C80A645AA
:100B800040F2998002383C44A4EB0E041FFA83FE25
:100B9000B4FBF9F309FB13444EEA044403FB0CFCD9
:100BA000A44508D93C1903F1FF3E80F08280A4459A
:100BB0007FD9023B3C4443EA0040A4EB0C04A0FB79
:100BC00002EC64457346E14662D35FD05DB1B8EB99
:100BD000030264EB090404FA06F622FA01F31E4349
:100BE000CC40C5E9006400214FE7B1FBF2FC010CE9
:100BF00041EA0E4180B240EA01423B4638463C465B
:100C0000B846BE462026B1FBF7F1A2EB080241EA46
:100C10000C4166E7014618E710462CE7C6F12002B2
:100C20002EFA02F3B740B14020FA02F24FEA174E13
:100C30000A43B3FBFEF8BCB20EFB1833110C41EAB9
:100C4000034108FB04F9B04089454FEA104380B2E4
:100C50003ED9791808F1FF3C01D289451FD8A1EB94
:100C60000901B1FBFEF909FB04F80EFB191192B260
:100C700042EA0142424529D2BA1809F1FF31C4D2F1
:100C80004245C2D2A9F102013A44BEE7F0459DD2E5
:100C9000BEEB02036CEB070C0138E14696E7A7EBCD
:100CA00009094944A8F1020CB1FBFEF909FB04F85B
:100CB000DBE773467FE7504666E70846FDE63B44C0
:100CC000023A33E7ACF1020C3B441CE749469CE78F
:100CD000A1EB0901C446B1FBFEF909FB04F8C4E726
:100CE000704700BF38B5044604B938BDE068FFF767
:100CF000F9FFA568204630212C460EF0CCFBF3E727
:100D000008B510F8010C2AF0FDFEB0FA80F0400999
:100D100008BD00F1080373B503600446D1E9005330
:100D20000F2B05EB0306019306D9002201A921F040
:100D30009FFC019B2060A36032462946206821F079
:100D40002CFD019B226800216360D15402B070BD6C
:100D500008B5034678B1084A904206D9074A90423E
:100D600001D91AF0F2FF1AF0EDFF18205843BDE840
:100D700008400EF0A1BB08BD55555505AAAAAA0A00
:100D800000F1080373B504460D46036011B90F481E
:100D90001AF0E1FF0846FFF703FB0F2805EB0006FA
:100DA000019007D9002201A9204621F061FC019B96
:100DB0002060A36032462946206821F0F3FC019BA5
:100DC000226800216360D15402B070BDEC36050882
:100DD0002C200EF071BB38B5044604B938BDE0686C
:100DE000FFF7F9FF04F11000A56821F062FC20462E
:100DF0002C212C460EF04FFBEFE738B504468068F7
:100E00000D46FFF7E8FF0023211DA3606361C4E9DD
:100E10000311AA6872B12879A2602071E868E060C5
:100E20002869206151606A6962612A1DAB606B614B
:100E3000C5E9032238BD38B5044604B938BDE068B9
:100E4000FFF7F9FF04F11000A56821F032FC2046FD
:100E50002C212C460EF01FFBEFE7F8B500F1080738
:100E60000C4605460760084621F0FBFB04F1080626
:100E7000626860B1013203D0314638462DF001FE80
:100E8000636826606B60002363602372F8BD23688B
:100E90002B60A368AB60F3E7F8B5164604468B6891
:100EA0000D1D01223BB9E2B1CA68AA420ED1C4E9C4
:100EB00000352046F8BD1A7C1D46B242D3E90270C7
:100EC0008BBF012200223B460346EBE728460FF08A
:100ED0001CFF037CB3424FF00003E8D3C4E90003D6
:100EE000E7E72846F5E7000013B50A680346094C12
:100EF0004FF4007100922046074A2BF053FE204623
:100F0000FFF74EFA0146204602B0BDE8104008F057
:100F1000D3BF00BFBC0700241E37050870B5466864
:100F2000044608460D46FFF73BFA864209D156B102
:100F30003246294620682BF03BFFB0FA80F040098A
:100F400070BD0020FCE70120FAE7000010B50A4957
:100F50000446FFF7E3FF68B908492046FFF7DEFFC4
:100F600040B907492046FFF7D9FF18B9054920467F
:100F7000FFF7D4FF10BD00BF433705084A560508E8
:100F80000E560508875705087A4B2DE9F04F1F7854
:100F90008BB004460E469046002F31D1014676486C
:100FA00002F08EFC21464568734802F089FCDFF8A8
:100FB000089202683346002D08BF4D464FF4007179
:100FC000002A08BF4A466D480095DFF8B0B1CDE968
:100FD00001246B4A2BF0E6FDB0F5007F13D32346C6
:100FE000684A802168482BF0DDFD674904A8FFF7B7
:100FF000C7FE04A96548FFF777FF04A821F059FB55
:101000000BB0BDE8F08F594661482DF032FD08F174
:101010000408D8F80860DFF870A1B04528D1574817
:101020007D25FFF7BDF983445A4954480BF8015C0C
:101030002BF0F0FE5148FFF7B3F901464F4808F096
:101040003BFF002FDCD0524C2046FFF7A9F920448B
:10105000504900F8015C20462BF0DCFE2046FFF7EB
:101060009FF9014620460BB0BDE8F04F08F024BFC1
:1010700006F1100548492846FFF750FF002873D1B4
:101080002846FFF763FFD6ED0A6A3369B7EEE67AC2
:10109000B0B1424A8DED007B802150462BF082FD9D
:1010A0007F281BD92346374A802137482BF07AFD09
:1010B000354904A8FFF764FE04A96FF43C609AE781
:1010C000BDEEE66A8DED007BB8EEC66AB4EE666AE8
:1010D000F1EE10FA14BF324A324ADDE75046FFF70C
:1010E0005FF90546FFB92548FFF75AF9AB1C284AB6
:1010F0000344FF2B214B8ABF91469946012748465E
:10110000FFF74EF92844B0F5007F10D323461D4A5F
:1011100080211D482BF046FD1B4904A8FFF730FE37
:1011200004A9214867E70127DFF86490E7E79FB14A
:1011300002351748FFF734F90544FF2D0CD9234633
:101140001A4A802110482BF02DFD0F4904A8FFF703
:1011500017FE04A916484EE7514648462BF05AFEA2
:10116000144948462BF056FE30460FF0CCFD06469B
:1011700053E700BFEC220024EC0B0024BC05002444
:101180004D370508793705083C03002444F4FFFF78
:10119000BC030024496E0508993705089C370508EB
:1011A000A6370508B03705083EF4FFFFBA37050833
:1011B00043F4FFFF773705084A6E050810B50A4962
:1011C0000446FFF7ABFE68B908492046FFF7A6FEC4
:1011D00040B907492046FFF7A1FE18B90549204646
:1011E000FFF79CFE10BD00BFE3370508F337050885
:1011F000FD3705080738050870B50446D0E90056E4
:10120000AE4207D1206818B1A168091A0EF043F95F
:10121000204670BD2846183521F04BFAF0E710B58E
:1012200004468068FFF7D7FD204610BD73B500F176
:1012300008031646002204460360731A0D464260F6
:101240000F2B019305D901A921F012FA019B20600F
:10125000A36032462946206821F0A4FA019B226847
:10126000002120466360D15402B070BD2DE9F743E0
:10127000D1E90097804609EB0706BF104B463D4673
:10128000002D1C4608DCF31A022B3BD0032B33D075
:10129000012B3DD0344608E018782AF033FC20B109
:1012A00060782AF02FFCC0B90134002F354636DCB7
:1012B000A6EB0903022B52D0032B4AD0012B54D0AA
:1012C0004D46AC4258D201AB2A4621464046FFF774
:1012D000ADFF404603B0BDE8F083A0782AF012FCD1
:1012E00008B90234E1E7E0782AF00CFC231D08B9C4
:1012F0000334DAE7013DC3E720782AF003FC002835
:10130000D3D0013420782AF0FDFB0028CDD0013461
:1013100020782AF0F7FB002818BF3446C5E730468E
:10132000FFF7EEFC0028CCD1751E2846FFF7E8FC3D
:101330000028C6D1B51E2846FFF7E2FC0028C0D120
:10134000F51E043E2846FFF7DBFC0028B9D1013F1B
:10135000ABE73046FFF7D4FC0028B2D1751E284613
:10136000FFF7CEFC0028ACD1013D2846FFF7C8FCB2
:10137000002808BF4D46A4E702494046FFF700FD9C
:10138000A7E700BF4A6E05082DE9F0432DED028B5B
:10139000ADF5137D07460E46114606A81D46DDE94C
:1013A0009C89FFF763FF079B13BB594A4FF40071F9
:1013B00012A8CDE90179336800932B682BF0F2FB7A
:1013C00012A90CA8FFF7DCFC0CA952489FED528A29
:1013D000FFF78AFD0CA821F06CF906A821F069F945
:1013E000B0EE480A0DF5137DBDEC028BBDE8F0832D
:1013F00000224A4906A821F0E9FC0130D5D100239A
:10140000102205A9069805932AF08CFA0446DDE916
:101410000532934216D01B78A3B9B0F5803F23D391
:101420003F4A4FF4007112A8CDE901793368009367
:101430002B682BF0B7FB12A90CA8FFF7A1FC0CA995
:101440003848C3E7CDE9017933684FF40071304A79
:1014500012A800932B682BF0A5FB12A90CA8FFF78C
:101460008FFC0CA93048B1E7B8F1000F12D1CDE9DB
:10147000029001974FF40071336812A82B4A009331
:101480002B682BF08FFB12A90CA8FFF779FC0CA995
:1014900027489BE7D8F8081085B2264B12A80029E8
:1014A00008BF1946FFF76CFC98F80C60462E09D16E
:1014B00023B2D8ED047A08EE103AB8EEC88A27EEC7
:1014C000888A07E012A8FFF741FD38B907EE905A65
:1014D000B8EE678A12A821F0ECF87EE7422E09D018
:1014E000492E98ED048A0DD124B207EE904AF8EE09
:1014F000E77AE4E7F7EE007A002D9FED0F8A08FE09
:10150000278AE7E707EE905AF8EE677AD7E700BF39
:101510001638050847F4FFFF20BCBE4CC96A050811
:101520005338050846F4FFFF3CF4FFFF8E380508EA
:1015300045F4FFFF4A6E05080000000010B588B0B2
:101540000C46014602A8FFF791FE039B33B9002425
:1015500002A821F0AEF8204608B010BD00220D49C7
:1015600002A821F033FC0130F1D10023102201A99F
:10157000029801932AF0D6F9DDE901329A42E6D0C9
:101580001B78002BE3D1B0F5803FE0D2208001240E
:10159000DEE700BFC96A050870B500228AB00E46B2
:1015A0001849054621F0EBFB044630B13146284688
:1015B0000AB0BDE8704002F0B3B9ADF806000DF115
:1015C00006013046FFF7BAFFD0B1BDF806304FF63E
:1015D000FF72934211D001330B4A052102A82BF070
:1015E000E1FA02A904A8FFF7CBFB04A9284602F000
:1015F00097F9044604A821F05CF820460AB070BDB3
:101600000446FAE7DA380508E33805082DE9F04F13
:101610000F4616460023044685B08360D1E90021B9
:10162000C0E900331144914203F1010805D1674B31
:10163000984508D966481AF091FB12F8010BB042A0
:1016400008BF4346EFE7B8F1000F14D04046FFF75C
:101650007FFB05468246D4E9009BCB451ED120681E
:1016600018B1A168091A0DF016FF1823C4E9005536
:1016700003FB0855A56039680D46D7E900321344CD
:10168000581A80100028A84614DC581B022845D0A0
:1016900003283ED0012847D0984614E049465046DA
:1016A000FFF7DBFB48460AF1180A09F1180921F097
:1016B00000F8D2E72D78B54205D098F80150B54230
:1016C00015D108F10108D4E901A39A4532D003AB42
:1016D00042465046FFF7AAFD636818336360D7E9B6
:1016E00000310B4498456CD008F10101C4E798F82B
:1016F0000250B54202D108F10208E4E798F803C0AD
:1017000008F10405B44502D108F10308DBE701380C
:10171000B8E72878B042D6D005F1010898F8000063
:10172000B042D0D008F1010898F80000B04218BFCC
:101730009846C8E7D4F80090264BAAEB090B4FEA6D
:10174000EB055D43214B9D4201D1234873E7CA4518
:1017500014BF2B460123ED181C4B03D29D4228BF1A
:101760001D462B46CDE900310098FFF7F1FA0546FA
:1017700003AB584442460199FFF758FDCB46284633
:1017800000F11803DA45019311D1B9F1000F05D02A
:10179000A1684846A1EB09010DF07DFE019B009A6E
:1017A00063601823256003FB0253A36097E7594643
:1017B000FFF753FB584620F07CFF0BF1180B019804
:1017C000DEE7204605B0BDE8F08F00BF5555550552
:1017D000F0380508ABAAAAAA003905082DE9F74395
:1017E0001D4607462C200C4607F104090DF064FE47
:1017F0002B6800F11802A145064693F800804FF0CF
:101800000003254680F810800376C3618362C0E937
:1018100008220DD17B691BB13D692B7C434528D340
:10182000424639466846FFF737FBDDE900451DE0D3
:10183000237C43450CD9FB68A34207D020460FF018
:1018400064FA037C4345EBD2C36833B3012017E04D
:1018500025D23B69A3420CD020460FF052FA037CFC
:1018600004464345DCD9EB682BB10546BDB1002CDD
:10187000ECD1A945EAD0287C404594BF0020012046
:101880004B462A46314634460FF041FA7B69013314
:101890007B61204603B0BDE8F0830546E9E7002000
:1018A000FFF720FA2C2130460DF0F5FDF1E708B5E1
:1018B00021F0A9FAC00F08BDF8B5041D0F468568D0
:1018C000264655B9B44205D006F110013846FFF757
:1018D000EEFF78B109481AF044FA05F110003946D4
:1018E000FFF7E5FF0028D5E902230ABF2E461D4673
:1018F0001546E6E706F12800F8BD00BF1A390508CD
:101900002DE9F043ABB00446304906A8FFF738FA9A
:1019100006A92046FFF7D0FF2D4905680CA8FFF760
:101920002FFA0CA92046FFF7C7FF2A49066812A81C
:10193000FFF726FA12A92046FFF7BEFF26490768DF
:1019400018A8FFF71DFA18A92046FFF7B5FF23498D
:10195000D0F800801EA8FFF713FA1EA92046FFF753
:10196000ABFF1F49D0F8009024A8FFF709FA24A97B
:1019700020461C4CFFF7A0FF03681B4A4FF4007180
:1019800020460096CDE90393CDE901782B462BF054
:1019900009F924A820F08DFE1EA820F08AFE18A8C0
:1019A00020F087FE12A820F084FE0CA820F081FE13
:1019B00006A820F07EFE2046FEF7F2FC01462046F7
:1019C0002BB0BDE8F04308F077BA00BF2239050814
:1019D0002B39050834390508383905083C3905081C
:1019E00041390508BC09002446390508F8B5041D2D
:1019F0000F46866825465EB9AC4207D005F1100156
:101A00003846FFF754FF002818BF25462846F8BD82
:101A100006F110003946FFF74AFF0028D6E90232E6
:101A20000ABF354616461E46E5E738B54568044602
:101A30003DB105F1100020F03CFE2C2128460DF0B0
:101A40002AFD204638BD2DE9F04104460F46904658
:101A50008D680E1D012045B908B3FB68B34211D152
:101A6000256066602046BDE8F08105F11001404622
:101A7000FFF71DFF00282E46D5E9022314BF1546A7
:101A80001D46E8E730460FF040F90546414605F1AE
:101A90001000FFF70CFF20B100232360E1E735467B
:101AA000F4E7C4E90050DDE72DE9F341066802AB35
:101AB00004461746456806F1040803E90600A9B97B
:101AC000424513D002F1100105F11000FFF7EFFEBF
:101AD00043463A4629460FF01AF9736928460133FE
:101AE00073610023636002B0BDE8F0810120EFE77D
:101AF0002DE9FF41164605460F460090FFF768F9AD
:101B000000F11008044639464046FFF739F93368BA
:101B100001944246A36202AC29462046FFF793FF98
:101B2000039B23B1684694E80600FFF7BDFF6846B3
:101B3000FFF77BFF04B0BDE8F0812DE9FF411646B9
:101B400005460F460090FFF743F900F110080446E0
:101B500039464046FFF714F9336801944246A362C0
:101B600002AC29462046FFF76EFF039B23B168466F
:101B700094E80600FFF798FF6846FFF756FF04B0A9
:101B8000BDE8F0812DE9FF41164605460F4600905D
:101B9000FFF71EF900F11008044639464046FFF7EA
:101BA000EFF8336801944246A36202AC294620460E
:101BB000FFF749FF039B23B1684694E80600FFF74F
:101BC00073FF6846FFF731FF04B0BDE8F081000005
:101BD0002DE9F04F8DB0214B07464FF0050802ACC0
:101BE00006AE0FCB254684E80F00B8F1010802D1FC
:101BF0000DB0BDE8F08F55F8049B30463C6849466F
:101C0000FFF7BEF831462046FFF7F0FE3B688246FC
:101C100030461C1D20F04DFDA245E6D1D7F800A0AE
:101C2000CDF800A0FFF7D4F800F1100B04464946A8
:101C30005846FFF7A5F800235A465146A36230469E
:101C40000194FFF700FF079B23B1684696E8060062
:101C5000FFF72AFF6846FFF7E8FEC6E7A03605084B
:101C60002DE9F04389B0066805460F4602AC2046D0
:101C7000FFF786F821463046FFF7B8FE06462046B5
:101C800020F017FD2B6804339E421ED0D5F8048047
:101C9000CDF80080FFF79CF800F1100905463946A1
:101CA0004846FFF76DF8B36A4A464146AB622046A4
:101CB0000195FFF7C8FE039B23B1684694E8060030
:101CC000FFF7F2FE6846FFF7B0FE09B0BDE8F0830B
:101CD00010B5044608490068FFF7C2FF20680749AD
:101CE000FFF7BEFF20680649FFF7BAFF20680549E5
:101CF000BDE81040FFF7B4BFE3370508F337050828
:101D0000FD3705080738050870B50E468568041DBF
:101D10000DB9204670BD05F110003146FFF7C7FD33
:101D20000028D5E902230ABF2C461D461546EFE7D9
:101D30002DE9F8431E460B1D04460F469A421546F0
:101D400013D14B694BB10D69314605F11000FFF716
:101D5000AEFD10B10023236027E03246394620460D
:101D6000FFF771FE2046BDE8F88302F11009304606
:101D70004946FFF79CFD8046C8B1FB68AB4202D1E3
:101D800023606360EEE728460EF0BFFF31468046D1
:101D90001030FFF78CFD0028DFD0D8F80C301BB9CD
:101DA0002360C4F80480DDE725606560DAE731462A
:101DB0004846FFF77CFDB0B13B69AB4202D1C4F8A5
:101DC0000080DEE728460EF09CFF804600F11001FF
:101DD0003046FFF76CFD0028BFD0EB68002BBAD06F
:101DE000C4F80080DDE7C4E90050BBE72DE9FF41FE
:101DF00080460E46FFF788FF044608F10403984228
:101E000005D000F110013046FFF751FDF8B1CDF8D3
:101E10000080FEF7DDFF00F1100705463146384629
:101E2000FEF777FF002301952246AB6202AD3B46E9
:101E300041462846FFF77CFF039B6BB1684695E857
:101E40000600FFF731FE04466846FFF7EEFD04F199
:101E5000280004B0BDE8F081029CF5E72DE9FF41C0
:101E600080460E46FFF750FF044608F104039842EF
:101E700005D000F110013046FFF719FDF8B1CDF89B
:101E80000080FEF7A5FF00F11007054631463846F1
:101E9000FEF7E3FF002301952246AB6202AD3B460D
:101EA00041462846FFF744FF039B6BB1684695E81F
:101EB0000600FFF7F9FD04466846FFF7B6FD04F19A
:101EC000280004B0BDE8F081029CF5E72DE9F0435D
:101ED000044685B00F469046FFF716FF231D0546C2
:101EE000984205D000F110013846FFF7E0FCF0B150
:101EF0000094FEF76DFF00F110090646394648468A
:101F0000FEF707FFD8F8003001962A46B36202AE0A
:101F10004B4621463046FFF70BFF039B23B1684633
:101F200096E80600FFF7C0FD6846FFF77EFD05B0A6
:101F3000BDE8F0832DE9F04104460F4690468D68D8
:101F40000E1D012045B908B3FB68B34211D12560CD
:101F500066602046BDE8F08105F110014046FFF7BC
:101F6000A6FC00282E46D5E9022314BF15461D46BF
:101F7000E8E730460EF0C9FE0546414605F110007F
:101F8000FFF795FC20B100232360E1E73546F4E735
:101F9000C4E90050DDE72DE9F34706462C208946C9
:101FA0001C460DF089FA00F1100706F1040A80467C
:101FB00021683846FEF7ADFE0023CA454D46C8F8F5
:101FC000283011D173693BB13469394604F11000EE
:101FD000FFF76DFC00285AD13A4631466846FFF7B4
:101FE000A9FFDDE900542EE009F11004384621462E
:101FF000FFF75DFC80B1F3684B450BD048460EF00F
:1020000084FE394604461030FFF751FC0028E3D027
:10201000E368D3B12C4616E039462046FFF747FC6B
:1020200050B334694C4532D048460EF06AFE04463F
:1020300000F110013846FFF73AFC0028CCD0D9F85F
:102040000C3033B1254604B30DB9A24502D10120AD
:1020500005E04C4604F110013846FFF728FC5346D2
:102060002246414644460EF052FE736901337361C5
:10207000204602B0BDE8F0874C46384620F019FBF8
:102080002C2140460DF007FAF2E72C46F5E7002C2C
:10209000DBD1F2E72DE9FF41071D80460E4685683A
:1020A0003C46B5B9A74205D004F110013046FFF710
:1020B000FEFB48B102AB21460C4A4046009303ABFD
:1020C0000396FFF768FF044604F1280004B0BDE85A
:1020D000F08105F110003146FFF7E9FB0028D5E952
:1020E00002230ABF2C461D461546DAE73976050855
:1020F0002DE9F04F514E93B005460CAC0CAF0FCE0E
:102100000FC496E80300B84684E803000620FEF7F3
:102110001FFE00F19009044606460390CDF8149086
:10212000B14523D14FF000092F1D049685F8049086
:10213000C5F80890C5F81490C5E90377B4421CD1DE
:102140003F4801F0B4FB04463D4801F0B2FB2034A7
:102150008146DFF8F4A0A4F12003994515D103A826
:10216000FFF74AF8284613B0BDE8F08F304657F81D
:10217000041B1836FEF704FED2E721462846FFF777
:1021800089FF1834C0F80090D8E754F81C1C06A842
:10219000BB46002908BF5146FEF7F2FDAE688EBB74
:1021A0005F452AD00BF1100106A8FFF780FB20BB8A
:1021B00024494046FEF7E4FD264663687BBBA64201
:1021C00007D006F110014046FFF771FB002818BF49
:1021D0002646404620F06DFAA6420ED0D6ED0A7A89
:1021E000FDEEE77A17EE903A0B2B06D106A92846AA
:1021F000FFF750FF03680133036006A83C3420F06A
:1022000058FAA8E706F1100006A9FFF750FB0028CE
:10221000D6E902210ABFB3460E461646BFE741463D
:1022200003F110000193FFF742FB019B0028D3E963
:1022300002210ABF1E460B461346BFE7B03605080B
:10224000EC0B0024433705084A6E05082DE9F04FD2
:102250002DED028BADF5357D4FF0000905464FF4AD
:10226000D27010AE17AB0DF1440B8DF85C90CDF829
:1022700060900DF1D008CDF86C9086F80490C6F807
:102280000890C6F81490CDE91933C6E903BB03F0F2
:1022900027F84FF4D37003F023F8D5E900039842F0
:1022A0001AD1814940462CF0E4FB41462EA8FEF7A6
:1022B00067FD2EA97D48FEF717FE2EA820F0F9F93C
:1022C00016A8FEF7ACFF1298FEF7B5FD0DF5357DAB
:1022D000BDEC028BBDE8F08F4A46754920F076FDD3
:1022E000013028680DD003684FF40071714A4046F0
:1022F0002AF058FC41462EA8FEF742FD2EA96E4852
:10230000D9E76B681B1A182B0AD86C4940462CF089
:10231000B0FB41462EA8FEF733FD2EA96848CAE758
:102320004A466349183020F051FD01300ED02B6829
:102330004FF40071634A40469B692AF033FC4146E2
:102340002EA8FEF71DFD2EA95F48B4E740F2A710A6
:1023500002F0C6FF2B6849460A22186829F0E2FA03
:1023600004904FF4D47002F0BBFF2B680A22494658
:10237000986929F0D7FA074640F2A91002F0B0FF99
:102380001EAB4FF4D5708DF87890CDE91C39002341
:102390000A9302F0A5FF39464C4801F091FA8246B3
:1023A00040F2AB1002F09CFF494BDAF808104046AF
:1023B0000AF11804002908BF1946FEF7E1FC4A4655
:1023C0004449404620F0DBFC0690404620F071F97D
:1023D0000EAB40F2A510CDE90B43CDE90E4602F05D
:1023E0007FFFB068FEF727FD07EE907A2E96B8EED5
:1023F000E78AC6E9029BC6E904B9FEF7E9FC00F1E9
:10240000100B814634495846FEF7BAFC5A4631460D
:10241000404689ED0A8ACDF8BC90FFF714FBD8F846
:10242000043023B12EA898E80600FFF73DFB2EA844
:10243000FFF7FBFA0223059300230793D5E9002356
:102440009B1A264ADB105343059A9A4212D3079BE4
:102450003BB3F8B204F0B6FD4FF4E67002F040FF73
:10246000384610AA0499FEF78FFD40F2CD1002F015
:1024700037FF16E0059A01329A4233D33B46184A99
:102480004FF4007134A82AF08DFB34A92EA8FEF772
:1024900077FC2EA96FF43E60FEF726FD2EA820F0F3
:1024A00008F91CA80AE700BFBF39050833F4FFFF8D
:1024B000E16A0508E639050832F4FFFF143A050819
:1024C00031F4FFFF3A3A050830F4FFFFEC0B00242B
:1024D0004A6E0508673A050899370508ABAAAAAA03
:1024E0006B3A05084FF4D770182602F0F9FEBD4B81
:1024F000DAF8081034A8002908BF1946FEF740FC96
:10250000059B296834A85E433144FFF745F88046AF
:1025100034A820F0CEF8B8F1000F00F0E880D8F829
:1025200008904846FDF73CFF1D9A4B46002100905D
:102530001CA820F09DFA40F2AF1002F0D1FEDAF8AC
:102540000810A84B34A8002908BF1946FEF718FC4C
:102550000022A54934A820F012FC002840F0CA80CF
:10256000B8F1000F00F0C98098F80C90A9F146036B
:10257000D3F1000949EB030934A820F09AF8D5F803
:1025800000B0B9F1000F00F095816A680BEB06000E
:10259000059BA2EB0B02D91C944BD2105A439142DB
:1025A000C0F0F78006F118098E4BDAF8081022A85F
:1025B000D944002908BF1946FEF7E2FB494628A87E
:1025C000FEF754FE299A002A40F09980049B4FF4AC
:1025D0000071874A34A8CDE901735BF80630009397
:1025E000229B2AF0DFFA34A92EA8FEF7C9FB2EA9F8
:1025F00080489FED818AFEF777FC2EA820F059F8DD
:1026000028A820F056F822A88DED0A8A20F051F86B
:1026100002234FF4D8700AF11C06089302F060FE02
:102620001CA92046FFF7E2F9864200F067821CA948
:102630002046FFF7DBFB9DED0A8AD0ED007AF4EE31
:10264000487AF1EE10FA00F09B816C491CA8FEF765
:1026500065FC8146002800F047814FF4DB7002F0F2
:102660003FFE1CA92046FFF7C1FBFCEEC87ACDED6A
:10267000077AD0ED007AF8B29DF81C20FCEEE77ADC
:10268000CDED097A9DF8241004F060F840F2B710FF
:1026900002F026FE1CA92046FFF7A8FB584980ED52
:1026A000008A0EA8FFF7DCFA56490EA8FFF7D8FA01
:1026B00055490EA8FFF7D4FA0AAA504910A8FFF707
:1026C00061FA4FF4DC7002F00BFE34A8FFF710FD46
:1026D00034A916A8FEF791FB34A8FEF7A0FD16A8B2
:1026E000FFF70EF940F2B91002F0FAFD46E1DFF80B
:1026F000349116E74FF000093EE7C1463CE700225F
:10270000424928A820F062FB01307FF45FAF00222D
:102710000DA928980D92102229F004F90D9A2899F4
:10272000914218D01278B2B9B0F5803F27D3049BFC
:102730004FF40071364A34A8CDE901735BF80630D6
:102740000093229B2AF02EFA34A92EA8FEF718FB3C
:102750002EA930484DE7049B4FF40071244A34A859
:10276000CDE901735BF806300093229B2AF01AFA38
:1027700034A92EA8FEF704FB2EA9274839E703B297
:10278000D8ED047A08EE103AB8EEC88A28EE278A07
:1027900036E74FF0000822A906F1300BADF888802B
:1027A000ADF8A080FEF7CAFE00283DD1296834A804
:1027B000049ADAF80830CDE9027251F80B20019240
:1027C0008A594FF400710092064A002B08BF134645
:1027D000124A2AF0E7F934A92EA8FEF7D1FA2EA959
:1027E0000F4859E64A6E0508DA380508ABAAAAAAC6
:1027F0001638050842F4FFFF20BCBE4C43370508DD
:10280000875705080E5605084A560508C96A05087F
:102810005338050841F4FFFF3DF4FFFF943A0508E3
:102820000BF4FFFFE8380508286828A95844FEF78C
:1028300085FE0028BAD0BDF88830BDF8A01001335D
:10284000D5F800909BB29942B0D106F118002EA99C
:10285000ADF8B8804844ADF8D080FEF76FFEC0B93F
:10286000049A4FF40071DAF8083034A8CDE9017207
:102870002A6892590092994A002B08BF1346984A39
:102880002AF090F934A92EA8FEF77AFA2EA99548D5
:1028900002E606F1480034A94844FEF74FFE00283E
:1028A000DED0BDF8B820BDF8D03043EA02430A9329
:1028B0000423AEE6894B0BEB0609DAF8081018364C
:1028C00034A8002908BF19465E44FEF759FA049B54
:1028D000384632464946CDE9008334ABFEF754FD15
:1028E00034A88DED0A0A91E67F491CA8FEF716FB75
:1028F0008046002849D07C4934A8FEF741FA34A923
:102900002046FFF7ABFA80ED008A34A81FF0D1FE15
:10291000069BFBB9754934A8FEF732FA34A9204664
:10292000FFF764F8834634A81FF0C3FEB34511D007
:10293000DBED0A7A34A86E49C14638EE278AFEF7E5
:102940001FFA34A92046FFF789FA80ED008A34A8DF
:102950001FF0AFFE67490EA8FFF782F966490EA87F
:10296000FFF77EF9B9F1000F03D061490EA8FFF718
:1029700077F90AAA5C4910A8FFF7DFF8012307934B
:10298000059B089A1344059358E558491CA8FEF77F
:10299000C5FA814608B1069BABB155491CA8FEF7A4
:1029A000BDFA00285ED01CA92046FFF71FFA514946
:1029B00080ED008A0EA8FFF753F94F490EA8FFF7E4
:1029C0004FF9494945E01CA92046FFF70FFA46494F
:1029D00080ED008A34A8FEF7D3F934A92046FFF72A
:1029E00005F8834634A81FF064FEB34511D0DBED33
:1029F0000A7A34A83E49C84638EE278AFEF7C0F95D
:102A000034A92046FFF72AFA80ED008A34A81FF087
:102A100050FE38490EA8FFF723F937490EA8FFF7F3
:102A20001FF9314934A8FEF7ABF934A92046FEF767
:102A3000DDFF814634A81FF03CFEB14505D009F109
:102A40002802294910A8FFF778F8B8F1000F03D041
:102A500027490EA8FFF704F90AAA1CA910A8FFF736
:102A600035FA8BE723491CA8FEF758FAF0B1214943
:102A700034A8FEF785F934A92046FFF7EFF980ED79
:102A8000008A34A81FF015FE17490EA8FFF7E8F8D2
:102A900017490EA8FFF7E4F817490EA8FFF7E0F86A
:102AA0000AAA144910A8FFF723F867E71CA8FEF745
:102AB00085FB60B10BA8FFF78BF81CA92046FFF738
:102AC00095F980ED008A0CA8FFF702F9C4E71CA96C
:102AD0002046FFF78BF980ED008ABDE74A6E0508B6
:102AE000E73A05080AF4FFFF0E560508253B0508DE
:102AF0004A560508875705084337050896491CA814
:102B0000FEF70CFA58B30AAA93492046FFF715F8C6
:102B1000069B002B7FF42DAF904934A8FEF730F9C7
:102B200034A92046FEF762FF804634A81FF0C1FD9D
:102B3000B0453FF41EAFDDED0A7A34A898ED0A8A5D
:102B4000874938EE278AFEF71BF934A92046FFF79C
:102B500085F980ED008A34A81FF0ABFD05E78149B7
:102B60001CA8FEF7DBF928B10AAA7E492046FEF729
:102B7000BFFF95E77C491CA8FEF7D0F980460028E6
:102B800000F09C800AAA78492046784EFEF7FAFFAA
:102B900075490AAA10A8FEF7F5FF4FF4E17002F09C
:102BA0009FFB043602F010FF714BFAB22EA9186099
:102BB000736830460A70002B69D1864202D0337C9C
:102BC000934209D928AB34916A4A3146009334AB19
:102BD0006648FEF703FE0646654B40469DED0A8AB1
:102BE0001B68FCEEC87AF169099306F1180399464F
:102BF000CDED077A9DF81CB00793002951D100282C
:102C00005AD0316A494505D048460EF07EF8017C1D
:102C1000594521D2079B4B4507D099F81080D845DC
:102C200094BF4FF000084FF0010830200CF044FC36
:102C30000022099B014680F810B04361079BC0E960
:102C40000622C0E90822C0E90A224A4640460EF0A0
:102C50005EF8B36A0133B362BDEEC88A18EE103A6B
:102C60000B2B7FF48BAE40F2C31002F039FB34A87B
:102C7000FFF73EFA34A916A8FEF7BFF834A8FEF70E
:102C8000CEFA16A8FEF73CFE4FF4E2702CE593F85E
:102C90001090D3E902EC91452ABF1E466346734665
:102CA00089E7087C89465845D1E902238BBF404615
:102CB000002011461946A0E74846A8E71CA8FEF7E1
:102CC0007DFA70B10BA8FEF783FF0AAA1CA9204663
:102CD000FFF7FCF80A9E1CA92046FFF787F806605C
:102CE000F1E61CA920460AAAFFF7F0F81B491CA828
:102CF000FEF714F900283FF4AFAE069B002B7FF4DB
:102D0000ABAE154934A8FEF73BF834A92046FEF7D0
:102D10006DFE804634A81FF0CCFCB0453FF49CAE5D
:102D200098ED0A8A34A8DDED0A7A08F128080C49E2
:102D300038EE278AFEF724F834A92046FFF78EF8EC
:102D400080ED008A34A81FF0B4FC4246024910A866
:102D5000FEF7F3FE7CE600BF0E560508253B05088E
:102D60004A560508875705084337050804230024F9
:102D700000230024397605082DE9F0410446ADF51D
:102D80000C7D4FF4C87002F0ABFA6368002B5ED084
:102D900042F201456168002959D02068431813F8B0
:102DA000013C0D2B07D825FA03F3DA0703D520469B
:102DB0001FF0ACFDEEE73B4B1B78012B05D10DF569
:102DC0000C7DBDE8F04107F077B803787B2BF6D097
:102DD00001292AD0303B092B27D842783A2A24D11E
:102DE000214603A8FEF712FC2F4BDDE90357A7EBA2
:102DF00005084FEAE806B8F1480F03FB06F62AD8A3
:102E000023684FF40071294A0CA80093334629F037
:102E1000C9FE0CA906A8FDF7B3FF06A92448FEF7D2
:102E200063F806A81FF045FC30E00346214A4FF442
:102E300000710CA829F0B6FE0CA906A8FDF7A0FFAA
:102E40001D4806A9FEF750F806A81FF032FC0DF544
:102E50000C7DBDE8F081F307D2D44FF4CD7002F0C1
:102E60003FFA3046FDF774FF00EB080304460C9070
:102E70000E93AF420ED10CA80D94FFF7E7F90CA802
:102E8000FEF7BAF940F29B1002F02AFA03A8FEF707
:102E9000B3F9DCE72946204618351834FDF739FF29
:102EA000E7E700BFBC0B0024ABAAAAAA523B050867
:102EB000F6F3FFFF323B0508F7F3FFFF03464068D8
:102EC00048B11B68034413F8010C2B2803D02D28AC
:102ED0000CBF2D200020704770B5044630200CF048
:102EE000EBFA064600F110050FCC0FC594E80F0071
:102EF00085E80F00304670BD38B5044604B938BDCA
:102F0000E068FFF7F9FFA568204630212C460CF059
:102F1000C2FAF3E7531A0F2B73B504460D46164653
:102F2000019306D9002201A91FF0A2FB019B20609A
:102F3000A3603246294620681FF034FC019B2268BA
:102F400000216360D15402B070BD000038B500F1BB
:102F5000080304460D46036001B9054D2846FDF7F8
:102F60001FFA29462A182046FFF7D4FF204638BD0D
:102F70004A6E05082DE9F041054610300E46FFF770
:102F8000ABFF2B780446466003700023C0E9023390
:102F9000E86818B12146FFF7EDFFE060AE6827460C
:102FA0004FF0000816B92046BDE8F08106F1100088
:102FB000FFF792FF337805460370C0E90288B860D6
:102FC0004760F06818B12946FFF7D4FFE860B6689B
:102FD0002F46E7E738B50B780D4600F108010446A7
:102FE00003700023C0E904110372C3608361E868C1
:102FF00080B1FFF7BFFF03461A469B68002BFBD149
:10300000034622611A46DB68002BFBD1AB69626183
:10301000A361E060204638BD10B50A4601462DED9B
:10302000028B88B0002865D0062A63D904AB324CE5
:10303000024402A80293FFF76DFF039A82B1029B3C
:10304000134413F8013C3BB10A3BDBB2162B07D803
:1030500024FA03F3DB0703D502A81FF057FCECE7C3
:103060000022264902A81FF08AFEA8B9029C00236C
:1030700001A906340193204628F096FB019BF0EE4F
:10308000408A9C4210D1002402A81FF012FB204667
:1030900008B0BDEC028B10BD0022194902A81FF038
:1030A0006EFE0028E2D0EEE71A783A2AEBD15C1CDB
:1030B00001A9204628F078FB019BB0EE408A9C4293
:1030C000E1D01A783A2ADED15C1C01A9204628F00A
:1030D0006BFB019B9C42D6D01B78002BD3D1094BB4
:1030E0000124C3ED008A084B83ED008A074B83ED72
:1030F000000AC9E70024CAE7090040007D3B050833
:10310000843B0508C80B0024C40B0024C00B00241A
:1031100030B5DDE9055415B111440844286024B1E7
:10312000DDE903210A441344236030BD38B50C4661
:103130000D4905462DED028BFDF7F0FE07EE904A96
:10314000B8EEE78A20B909492846FDF7E7FE40B105
:10315000002C06DDF6EE007A28EE270ABDEC028B85
:1031600038BDB0EE480AF9E73439050838390508A2
:10317000B5EEC00A10B5F1EE10FA04462DED028B43
:10318000F0EE408A86B030D902F0DEFBB5EEC00A20
:10319000F7EE007AF1EE10FA24D4B4EE670AF1EEFD
:1031A00010FA37FE800A2146114837EEC08A00F037
:1031B00087FB01686846FFF7C9FE21460C4800F00E
:1031C0007FFB41696846FFF7B1FFC0EE287A684689
:1031D00027EE888A1FF06DFAB0EE480A06B0BDEC03
:1031E000028B10BD9FED030ADDE79FED028AF3E736
:1031F000EC0B00240000000010B504468068FFF7C7
:103200007BFE204610BD00002DE9F043854F0646A9
:10321000D7ED007AF5EEC07A2DED048BF1EE10FAC1
:1032200095B066DD804D9FED818AEC6805F104085C
:10323000DFF8FC9144450DD1B5EEC08AF1EE10FAED
:103240002CD89FED7A8AB0EE480A15B0BDEC048BFD
:10325000BDE8F08304F110010DA8FFF7BBFE9DF857
:103260003410484600F02CFB016807A8FFF76EFEFB
:103270009DF83410484600F023FB416907A8FFF78A
:1032800055FF07A838EE008A1FF013FA0EA8FFF7C3
:10329000B3FF20460DF035FD0446CBE7EC68DFEDCB
:1032A000638A444510D1F5EEC08AF1EE10FAC8D910
:1032B000B0EE480A3046FFF75BFF80EE288AD7ED74
:1032C000007A28EE278ABEE704F110010DA8FFF767
:1032D00081FE9DF83400B0EE480AFFF749FF0EA8C2
:1032E00078EE808AFFF788FF20460DF00AFD04463D
:1032F000D7E701464E4800F0E3FA016801A8FFF75E
:1033000025FE01A8FFF7DAFD2B28044607D02D285B
:1033100005D09FED468A01A81FF0CBF993E7DFF8AF
:1033200008819FED428AD8F80C5008F10407DFF8B5
:103330000091BD4226D1B5EEC08AF1EE10FAE8D96F
:10334000D8F80C50DFED398ADFF8E480BD4242D175
:10335000F5EEC08AF1EE10FADBD92B2C0CBF354B01
:10336000354B93ED009AB5EEC09AF1EE10FAD0D934
:10337000B0EE480A3046FFF7FBFE80EE288A28EEC2
:10338000098AC8E705F110010DA8FFF723FE9DF893
:103390003410484600F094FA016807A8FFF7D6FDFC
:1033A00007A8FFF78BFD84420AD19DF834104846E8
:1033B00000F086FA416907A8FFF7B8FE38EE008AE8
:1033C00007A81FF076F90EA8FFF716FF28460DF0A4
:1033D00098FC0546ADE705F110010DA8FFF7FAFDD1
:1033E0009DF83410404600F06BFA016807A8FFF71B
:1033F000ADFD07A8FFF762FD84420AD007A81FF0C1
:1034000058F90EA8FFF7F8FE28460DF07AFC05469D
:103410009CE7B0EE480A9DF83400FFF7A9FE78EE6D
:10342000808AEBE7C80B002404230024000000007E
:10343000EC0B0024C40B0024C00B00240138C0B2E4
:103440000228F8B50C4618D80D4B53F820600D4BE8
:1034500053F820508EB185B14FF4007730460AF012
:1034600057FE00213A46284629F0CCFC01230020D3
:103470002781A372C4E90065F8BD0120FCE700BF05
:10348000487605083C760508002337B504468DF8D4
:10349000073007F093FD054607F090FD401B3128EB
:1034A00008D8142301220DF1070120460BF0D0FDAE
:1034B0000028F1D003B030BD837A10B504466BB15B
:1034C0004FF400720021406829F09CFC4FF4007218
:1034D000D4E900010BF0BCFF0023A37210BD000073
:1034E00007B500220B460DF107018DF807200122D8
:1034F0000BF0AEFD30B99DF80700044B1870793819
:1035000018BF012003B05DF804FB00BF04000024D5
:1035100037B50D460446D8B1FFF7B6FF4FF47A73BE
:103520000122104920460BF03EFD90B94FF47A710C
:103530002046FFF7D5FF60B98DF807002B46012222
:103540000DF1070120460BF083FD20B1032800D0C8
:10355000012003B030BD9DF80730034A7A2B137069
:10356000F5E700BF5676050804000024064B00214D
:1035700010B510241846224629F044FC22460021AA
:10358000204429F03FFC10BDCC0B0024014B1878DF
:10359000704700BF04000024012808B508D8054B77
:1035A0001022002103EB001029F02CFC012008BDA3
:1035B0000020FCE7CC0B002401280DD861B1074B9B
:1035C00003EB0010037B0B7043684B6083688B60D8
:1035D000437B01200B73704700207047CC0B002405
:1035E00030B528B101440023094D814201D1D843AF
:1035F00030BD10F8012B5340082243F30004013A78
:103600002C4012F0FF0284EA5303F6D1EDE700BF2D
:103610002083B8EDF8B505460E4610461946012D33
:10362000069B13D8032E11D87AB189B1094C2F010A
:1036300004EB0515E251696013B9FFF7D1FF0346AA
:103640003C440120A36020736673F8BD0020FCE7B2
:103650000846FAE7CC0B002430B5002385B0FF22E2
:103660000D46039301A9CDE901330A4B1A70FFF708
:10367000E5FE044658B940F6AC510198002D18BF3C
:103680002946FFF745FF044601A8FFF715FF20462E
:1036900005B030BD040000242DE9F047FF235D4F45
:1036A00086B03B70431E022B00F2B280012900F26B
:1036B000AF80594B03EB0112127B002A00F0A88067
:1036C0000A0103EB011153F80280B8F1000F00F07A
:1036D0009F80497B11B1884240F09A80134403A92E
:1036E000D3E901960023CDE903330593FFF7A6FE46
:1036F0000446A0B9039D40F6AC512846FFF708FFE9
:10370000044615B12846FFF7BFFE0CB1FF233B70FE
:10371000B9F1000F07D1012403A8FFF7CDFE204621
:1037200006B0BDE8F08726B949464046FFF758FF86
:1037300006464FF47A730122384928460BF033FCD1
:1037400004460028E8D14FF47A712846FFF7C8FEF6
:1037500004460028E0D14FF47A73082201A92846D4
:10376000CDE901960BF01FFC04460028D4D14FF49C
:103770007A712846FFF7B4FE04460028CCD18DF8B4
:10378000020041F2883301220DF1020128460BF0BC
:103790005FFC04460028BFD19DF80230522B3B70DD
:1037A000B9D10646A9EB0604B2460120B4F5807FE4
:1037B00028BF4FF4807407F007FC41F2883308EB10
:1037C0000A01A2B2284626440BF0EDFB044600286D
:1037D000A2D1B14514D88DF8030041F288330122FB
:1037E0000DF1030128460BF033FC08B1044693E7C2
:1037F0009DF80330442B3B708DD1B145D2D88BE777
:1038000041F288312846FFF76BFE0028F5D0EDE73E
:10381000012484E704000024CC0B0024557605081D
:10382000114BFF2230B585B01A70002301A9039314
:10383000CDE90133FFF702FE044690B9019D4FF434
:103840007A730122094928460BF0ADFB044628B9DA
:103850004FF47A712846FFF743FE044601A8FFF7AC
:103860002BFE204605B030BD040000245476050828
:1038700038B5044604B938BDE068FFF7F9FF04F134
:103880001000A5681EF015FF20462C212C460BF0D9
:1038900002FEEFE7014B186AFFF7EABF08000024B9
:1038A00000220270C0E90120C0E9030270470068ED
:1038B0007047D0E900323C2000FB02307047000026
:1038C000F8B5002246683C27964207D1104C236881
:1038D000BFF35B8FDB070CD50E4807E007FB02F454
:1038E00005682B192C598C4201D1181DF8BD0132E5
:1038F000EAE720460BF0D1FD0028EDD00648FFF79F
:10390000CFFF064827F0C3F820460BF0D2FDE3E7CF
:10391000F40B002408000024240000249538020839
:10392000F8B506460F4640F29F75094C013D02D19D
:103930002C462046F8BD21683046FDF7EFFA28B145
:1039400061683846FDF7EAFA0028F2D11434EDE751
:10395000587605082DE9F84FDF4C0723DFF80CB443
:1039600040F65122236004F12000DC4B0025DC4F9F
:1039700041F28D1A6360DB4BE760A360A261DA4E0F
:10398000DFF8EC83DFF8EC93C4E904BBFFF788FFB2
:103990000822D24B04F15C00E263D44AA66365635B
:1039A0002364C4E9112749F6EC62C4E913BB6265DC
:1039B000FFF776FF0922C94B04F19800A267CC4AB1
:1039C000E367C4E9202747F6EE02C4E91C56C4F8B1
:1039D0009020C4E922BBFFF763FF0A22BF4B04F12A
:1039E000D400C4F8B420C34AC4F8B830C4E92F27BF
:1039F00044F2CB52C4E92B56C4F8CC20C4E931BB05
:103A0000FFF74EFF122204F58870C4F8F480C4F862
:103A1000F020B94AC4F804B1C4F8F820B74AC4E9A0
:103A20003F2B44F2C242C4E93A56C4F80821FFF7DA
:103A300037FF1322A94B04F5A670C4F840B1C4F8AF
:103A40002C21AF4AC4F83031C4F83421AD4AC4E95E
:103A50004E2B48F60232C4E94956C4F84421FFF718
:103A60001FFF142204F5C470C4F87CB1C4E95A28BD
:103A7000A54AC4F870214DF67072C4E95856C4E9DD
:103A80005D9BC4F88021FFF70BFF1622934B04F5D2
:103A9000E270C4F8B8B1C4F8A4219C4AC4F8A831B3
:103AA000C4F8AC21974AC4E96C2B4AF63962C4E9E0
:103AB0006756C4F8BC21FFF7F3FE172204F5007027
:103AC000C4F8F4B1C4E97828914ADFF8AC82C4F8AC
:103AD000E821904AC4E97B2B43F26362C4E976563D
:103AE000C4F8F821FFF7DCFE18227C4B04F50F70B8
:103AF000C4F81C22884AC4F82032C4E9892746F653
:103B0000B262864FC4E98556C4F83422C4E98BBB3F
:103B1000FFF7C6FE1922824B04F51E70C4F8582226
:103B2000804AC4F85C82C4F860227F4AC4F86432D8
:103B3000C4F86C2240F2CF52C4F86872C4F8702204
:103B4000C4E99456FFF7ACFE1A22754B04F52D70AC
:103B5000C4E9A528754AC4F89C22754AC4F8A8226D
:103B600041F26E12C4E9A356C4E9A837C4F8AC22E6
:103B7000FFF796FE1B2240F69F3104F53C70C4F817
:103B8000E072C4F8E8126B4FC4E9B4286A4AC4E989
:103B9000B6296A4ADFF8E491C4F8E422C4E9B256CF
:103BA000FFF77EFE1C225E4B40F2E64104F54B70AF
:103BB000C4F820B3C4F82413C4E9C328604AC4E994
:103BC000C63BC4E9C156C4F81423FFF769FE1E22A0
:103BD00040F69F3104F55A70C4F85493C4F85873F2
:103BE000C4F86013C4E9D228564AC4F85023564A90
:103BF000C4E9D056C4F85C23FFF752FE1F2240F6FA
:103C00009F3104F56970C4F89473C4F89C13C4E937
:103C1000E1284E4AC4E9E3294B4AC4E9DF56C4F817
:103C20009823FFF73DFE202204F57870C4F8D07386
:103C3000C4F8D8A3C4E9F028454AC4E9F229454AA2
:103C4000C4E9EE56C4F8D423FFF72AFE212204F279
:103C50001C40C4F80084C4F8FC233F4AC4F808940C
:103C6000C4F804243B4AC4F80C74C4F81024C4F803
:103C700014A4C4E9FD56FFF713FE222237494FF47E
:103C8000016CC4F8382404F58B60354AC4F83464F8
:103C9000C4F83054C4F83C84C4F84024C4F84494B4
:103CA000C4F84874C4F84C14C4F850C4FFF7F8FDC5
:103CB000232225482B4940F69F3CC4F874242A4A05
:103CC000C4F8880404F29440C4F87014C4F88CC496
:103CD000C4F86C5454E000BFF80B002434390508D4
:103CE000943B05088B3B0508A93B0508AF3B05083D
:103CF000BC3B0508CC3B0508DA3B0508EA3B050858
:103D0000F73B0508063C0508143C0508303C05084F
:103D10003F3C05084D3C05085A3C0508803C050819
:103D2000723C0508653C0508883C0508993C050877
:103D3000A63C0508FC3C0508B73C0508C43C050842
:103D4000D53C0508DF3C0508093D0508113D05087F
:103D50001F3D05082D3D0508353D0508503D05086A
:103D6000433D0508583D05085F3D0508A13B050892
:103D700038390508213C050822390508ED3C0508BD
:103D8000C4F87884C4F87C24C4F88094C4F884749B
:103D9000FFF786FD242204F59A60C4F8AC64C4F8E9
:103DA000B024E14AC4F8A854C4F8B824DF4AC4F8DF
:103DB000B484C4F8BC94C4F8C074C4F8C424C4F86F
:103DC000C8A4FFF76DFD252204F20C50C4F8E86486
:103DD000C4F8EC24D64AC4F8E454C4F8F424D34A12
:103DE000C4F8F084C4F8F894C4F8FC74C4F800254E
:103DF000C4F804A5FFF754FD26224FF4016CCD4909
:103E000004F5A960C4F82825CB4AC4F82465C4F891
:103E100040C5C4F82055C4F82C85C4F83025C4F832
:103E20003495C4F83875C4F83C15FFF739FD2722DE
:103E3000C24904F28450C4F85C55C4F86425C04AF1
:103E4000C4F86015C4F86C25B84AC4F86885C4F88D
:103E50007095C4F87475C4F87825C4F87CA5FFF78C
:103E60001FFD282204F5B860C4F89C65C4F8A0259D
:103E7000B44AC4F89855C4F8A825AC4AC4F8A48537
:103E8000C4F8AC95C4F8B075C4F8B425C4F8B8A5A6
:103E9000FFF706FD2922AC4840F69F3CC4F8D865E0
:103EA000C4F8DC25A94AC4F8F00504F2FC50C4F8B3
:103EB000D455C4F8E085C4F8E425C4F8E895C4F8FE
:103EC000EC75C4F8F4C5FFF7EBFC2A2299494FF4CE
:103ED000016C04F5C760C4F818269D4AC4F814663E
:103EE000C4F81056C4F81C86C4F82026C4F82496DA
:103EF000C4F82876C4F82C16C4F830C6FFF7D0FCF6
:103F00002B2291488D4940F69F3CC4F85426914A93
:103F1000C4F8680604F27460C4F85C268E4AC4F8DB
:103F20005016C4F86CC6C4F84C56C4F85886C4F889
:103F30006026C4F86476FFF7B3FC2C2204F5D66043
:103F4000C4F88C66C4F89026844AC4F88856C4F82D
:103F50009826764AC4F89486C4F89C96C4F8A0764D
:103F6000C4F8A426C4F8A8A6FFF79AFC2D2204F2F0
:103F7000EC60C4F8C866C4F8CC26794AC4F8C456C4
:103F8000C4F8D426694AC4F8D086C4F8D896C4F8D0
:103F9000DC76C4F8E026C4F8E4A6FFF781FC2E2204
:103FA0004FF4016C634904F5E560C4F808276D4AD5
:103FB000C4F820C7C4F80467C4F80057C4F80C87D5
:103FC000C4F81027C4F81497C4F81877C4F81C175D
:103FD000FFF766FC30225949634B04F26470C4F861
:103FE0004427624AC4F84017C4F848276049614A28
:103FF000C4F85417C4F84C2740F6CD025E49C4F803
:104000003C57C4F85037C4F85817C4F85C27FFF77A
:1040100047FC4A493120554AC4F87C175449C4F832
:1040200080075648504BC4F8842740F6CD02C4F8A8
:1040300090175149C4F8880704F5F460C4F878571C
:10404000C4F88C37C4F89417C4F89827FFF728FCF5
:1040500032223A49444B04F2DC70C4F8BC27434A8C
:10406000C4F8B817C4F8C0274149454AC4F8CC176A
:10407000C4F8C4274FF489624249C4F8B457C4F85D
:10408000C837C4F8D017C4F8D427FFF709FC2B4968
:104090003320364AC4F8F4173549C4F8F8073A48CB
:1040A000314BC4F8FC274FF48962C4F8081835492D
:1040B000C4F8000804F61800C4F80438C4F8F0572F
:1040C000C4F80C18C4F81028FFF7EAFB34222F4874
:1040D0001A49C4F834282E4AC4F848084FF42A7004
:1040E000C4F83018C4F83C282A492B4AC4F84C08B4
:1040F00004F65400C4F82C58C4F83888C4F8402892
:10410000C4F84418FFF7CCFB22493520224AC4F8F2
:1041100080182249C4F870082148C4F8841840F275
:10412000B251C4F878083DE06C3D05082D3D050806
:10413000793D0508503D0508863D0508583D0508B0
:10414000953D0508A43D0508093D0508B33D050852
:10415000C23D0508D03D0508063C0508DE3D0508C2
:10416000EC3D0508FA3D0508723C05083C39050898
:10417000153E0508083E05081A3E0508223E0508BA
:10418000313E0508403E0508483E05087B3E0508CF
:10419000573E0508733E0508653E0508913E050833
:1041A000823E050804F50960C4F86C68C4F87C28F0
:1041B000C4F86858C4F87488C4F88818FFF770FB0E
:1041C0003621E74840F69F3CC4F8A868C4F8AC180C
:1041D000E449C4F8C00804F6CC00C4F8C4C8C4F864
:1041E000A458C4F8B088C4F8B418C4F8B898C4F88F
:1041F000BC78FFF755FB3921DB48C4F8E468C4F804
:10420000E818DA49C4F8EC0845F2FA40C4F8F018A6
:10421000D749C4F8000904F60810C4F8E058C4F8F7
:10422000F418C4F8F8B8C4F8FCB8FFF739FB3A2022
:10423000CF49C4F82069C4F82409CB48C4F8301920
:1042400044F20171C4F82809CA48C4F81C59C4F8DA
:104250002C0904F64410C4F83C19C4F834B9C4F865
:1042600038B9FFF71DFB3B21C34BC44A4FF4016C27
:10427000C4F8601904F51860C149C4F85C69C4F851
:104280007439C4F85859C4F86489C4F86819C4F872
:104290006C29C4F87079C4F878C9FFF701FBB948F4
:1042A0003C22B94940F69F3CC4F8A809AC48C4F880
:1042B0009C29B64AC4F8B00904F6BC10C4F8981991
:1042C000C4F8B4C9C4F89459C4F8A089C4F8A4299E
:1042D000C4F8AC79FFF7E4FA3D2204F6F810C4F80C
:1042E000D469C4F8D829AA4AC4F8D059C4F8E02936
:1042F000A84AC4F8DC89C4F8E499C4F8E879C4F899
:10430000EC29C4F8F0A9FFF7CBFA3E2204F63420DA
:10431000C4F8106AC4F8142A9F4AC4F80C5AC4F8A6
:104320001C2A9C4AC4F8188AC4F8209AC4F8247A33
:10433000C4F8282AC4F82CAAFFF7B2FA3F228E4B01
:104340004FF4016C04F52760C4F8502A934AC4F86E
:10435000643AC4F84C6AC4F868CAC4F8485AC4F845
:10436000548AC4F8582AC4F85C9AC4F8607AFFF7F3
:1043700097FA4022844904F6AC20C4F8845AC4F861
:104380008C2A874AC4F8881AC4F8942A814AC4F847
:10439000908AC4F8989AC4F89C7AC4F8A02AC4F801
:1043A000A4AAFFF77DFA412204F6E820C4F8C46A03
:1043B000C4F8C82A7B4AC4F8C05AC4F8D02A754A3F
:1043C000C4F8CC8AC4F8D49AC4F8D87AC4F8DC2AE1
:1043D000C4F8E0AAFFF764FA422204F62430C4F8D5
:1043E000006BC4F8042B704AC4F8FC5AC4F80C2BB8
:1043F000684AC4F8088BC4F8109BC4F8147BC4F84E
:10440000182BC4F81CABFFF74BFA432204F53660B7
:10441000C4F83C6BC4F8402B644AC4F8385BC4F859
:10442000482B5C4AC4F8448BC4F84C9BC4F8507BBE
:10443000C4F8542BC4F858ABFFF732FA442204F600
:104440009C30C4F8786BC4F87C2B594AC4F8745B70
:10445000C4F8842B574AC4F8808BC4F8889BC4F8EE
:104460008C7BC4F8902BC4F894ABFFF719FA452263
:104470003B4840F69F3CC4F8B46BC4F8B82B41F2FB
:10448000235A4D4AC4F8CC0B04F6D830C4F8D0CB2C
:10449000C4F8B05BC4F8BC8BC4F8C02BC4F8C49B90
:1044A000C4F8C87BFFF7FCF94622444BDFF824919F
:1044B00004F61440C4F8F42BC4F8003C404A414BC5
:1044C000C4F8F06BC4F8EC5BC4F8F89BC4F8FC2BA0
:1044D000C4F8047CC4F8083CC4F80CACFFF7E0F95D
:1044E0004722364B04F54560C4F82C6CC4F8302CD8
:1044F000C4F83C3C344A334BC4F8285CC4F8349CC0
:10450000C4F8382CC4F8407CC4F8443CC4F848AC27
:10451000FFF7C6F94822294B04F68C40C4F8686CB2
:10452000C4F86C2C294AC4F8645CC4F8742C284A7A
:10453000C4F8709CC4F8802C41F2CD02C4F8783CD9
:10454000C4F87C7CC4F8842CFFF7AAF949221B4BE1
:1045500004F6C840C4F8A46CC4F8A82C3CE000BF22
:10456000093D0508983E050834390508A53E0508AB
:10457000B23E0508C03E0508503D0508653E0508E9
:10458000CF3E0508063C0508583D0508DC3E0508F9
:10459000E93E05082D3D0508F63E0508033F0508E0
:1045A000103F05081D3F05082A3F0508373F05084D
:1045B000443F0508513F0508593F0508723C05086E
:1045C000663F0508733F05087B3F0508883F0508DF
:1045D000953F05082B390508C64AC4F8B43CC4F811
:1045E000B02CC54AC4F8A05CC4F8BC2C45F25E727D
:1045F000C4F8AC9CC4F8B87CC4F8C02CFFF750F9E0
:10460000BE484A22C4F8E06CC4F8F00CBC48C4F8B8
:10461000E42CBC4AC4F8F80C04F60450C4F8DC5C82
:10462000C4F8E89CC4F8EC2CC4F8F47CC4F8FCACE6
:10463000FFF736F94B22B248B34BC4F8202DB34AEA
:10464000C4F8340D04F55460C4F81C6DC4F8185D4A
:10465000C4F8249DC4F8282DC4F82C3DC4F8307D3E
:10466000C4F838ADFFF71CF94C22A74BA84840F618
:10467000AF0ADFF80093C4F85C2DC4F8683DA54A82
:10468000A54BC4F86C0D04F67C50C4F8586DC4F802
:10469000545DC4F8609DC4F8642DC4F8703DC4F83E
:1046A00074ADFFF7FDF84D229948974BC4F8982D4B
:1046B0009A4AC4F8A80D04F6B850C4F8A02D984A38
:1046C000C4F8946DC4F8AC2D41F2B302C4F8905D07
:1046D000C4F89C9DC4F8A43DC4F8B02DFFF7E0F8E1
:1046E0004E22894B8A48C4F8D42DC4F8E03D8D4A47
:1046F000894BC4F8E40D04F6F450C4F8D06DC4F846
:10470000E83DC4F8CC5DC4F8D89DC4F8DC2DC4F8ED
:10471000ECADFFF7C5F84F2240F2E640DFF85892C3
:1047200040F2F25AC4F8102E7F4AC4F8280E04F55D
:104730006360C4F80C6EC4F8085EC4F8148EC4F844
:10474000182EC4F81C9EC4F820BEC4F824BEFFF77F
:10475000A7F85022754B04F66C60C4F8486EC4F894
:104760004C2E734AC4F8603EC4F8502E714AC4F807
:10477000445EC4F8542EC4F85C7EC4F864AEC4F839
:10478000589EFFF78DF851226B4904F6A860C4F8D3
:10479000805EC4F8882E664AC4F8841EC4F88C2E45
:1047A000664AC4F8987EC4F8902E654AC4F8949E70
:1047B000C4F89C2E40F29142C4F8A02EFFF770F886
:1047C00052225D49594B04F6E460C4F8C42E584A9D
:1047D000C4F8BC5EC4F8C82E5A4AC4F8C01EC4F857
:1047E000CC2EC4F8D47EC4F8D83EC4F8DCAEC4F8ED
:1047F000D09EFFF755F85322434B4F4904F57260A2
:10480000C4F8002FC4F80C3F40F2E6434E4AC4F807
:10481000FC1EC4F8183FC4F8F85EC4F8048FC4F84E
:10482000082FC4F810BFC4F814BFFFF739F864228A
:10483000C4F8386F04F65C76444FC4F83C2F444A01
:104840003046C4F8345FC4F8402F424AC4F8487F69
:10485000C4F8442FC4F8545FC4F84CBFC4F850BF28
:10486000FFF71EF86522DFF8148104F69870C4F88B
:10487000705FC4F8782F384AC4F8847F2F46C4F894
:104880007C2F364AC4F8905FC4F8802FC4F8748F28
:10489000C4F888BFC4F88CBFFFF702F86623DFF8BE
:1048A000E0A006F178003767B365A6F65C742C4B80
:1048B000C6F85CA03366C6E914582A4DC6E91ABB8F
:1048C0007566FEF7EDFF67232748C6E9253A274BB3
:1048D000C6E92378C6E9273546F8A4BFC6E901B77B
:1048E000FEF7DEFF224B45221C605A60C6E90978BC
:1048F000BDE8F88F9D3F0508AA3F0508063C05085E
:10490000733F0508B23F0508723C0508BF3F050824
:10491000153E0508CC3F0508D93F0508E13F0508CD
:10492000EC3F0508F43F0508014005082D40050847
:104930003C3905081F400508583D05083540050865
:10494000454005084D4005085B40050885400508C1
:104950006840050874400508934005089F40050815
:10496000BE4005084D3C0508081C0024D040050841
:10497000EC0B002441390508124005084A6E050871
:10498000B040050838B5044C044D3C3C606AFEF765
:104990006FFFAC42F9D138BD241C0024F80B002471
:1049A000B0F5007F014608B509D1094807F0E2FBE0
:1049B000431E58425841BDE8084001F015B8B0F513
:1049C000804F03D1BDE8084003F05AB808BD00BFCE
:1049D000000C02580D2008B500F092FCFEE7000024
:1049E00030B59DB04C22002109A828F00BFA2022F6
:1049F000002101A828F006FA022007F00FFC00238E
:104A00000093234B9A6942F440429A619A6902F4F6
:104A1000404200921F4AD16A41F00101D162D26A3C
:104A200002F001020092009A9A699004FCD50A23D0
:104A3000402400220425099301233C2109A80E9358
:104A40001B92CDE90C340223CDE91232CDE91633A5
:104A500018930C23CDE91451CDE9193207F002FC6B
:104A600008B1FFF7B7FF03233F220390294601A8AF
:104A70000694CDE901230823CDE904344FF4806383
:104A8000CDE9073407F038FF0028EAD11DB030BD6A
:104A9000004802580004005800B5ADF5317DA02251
:104AA0000021634D10A8002428F0ACF9A0220021B9
:104AB00038A828F0A7F94FF4A072002160A828F0C8
:104AC000A1F95C4B5C4AA02110A84FF4005628F0D5
:104AD00069F8584B594AA02138A828F063F806F025
:104AE00033FA00F0C7FAFFF77BFF142200210BA86E
:104AF00028F088F9D5F8E03000224FF4005143F057
:104B000004034F48C5F8E030D5F8E03003F0040363
:104B10000193019BD5F8E03043F00103C5F8E03084
:104B2000D5F8E03003F001030293029BD5F8E030A2
:104B300043F00203C5F8E030D5F8E03003F002039B
:104B40000393039BD5F8E03043F00803C5F8E03049
:104B5000D5F8E03003F008030493049B07F010FB42
:104B600001230BA936480D930E94CDE90B6307F092
:104B700019FA4FF4007C4FF444130BA93148022674
:104B80000D94CDE90BC307F00DFA4FF4804E4FF4AE
:104B900088130BA92B480D96CDE90BE307F002FA19
:104BA0004FF400430BA927480D96CDE90B3407F0CD
:104BB000F9F922462146172006F030FA172006F0B0
:104BC0005FFA22462146282006F028FA282006F01F
:104BD00057FAD5F8D8302246214643F001030B207E
:104BE000C5F8D830D5F8D830174D03F0010300933D
:104BF000009B06F013FA0B2006F042FA1022214621
:104C00000BA828F0FFF8EF234FF0804228460A94C3
:104C1000AC60C5E900230D4BC5E903348023CDE921
:104C20000844AB6109F0A8F890B1FFF7D3FE00BFCC
:104C3000004402584D000024935C0508C75C050839
:104C400000080258000C0258841F00243F0D030086
:104C50004FF480530BA928460B9309F0C7F800289E
:104C6000E3D1089008A90A90284609F07BF90028AA
:104C7000DBD1AB480623AB4CC0E9004340F6FF73E1
:104C8000C0E9023307F08DFA0028CED1A64C0C25DE
:104C9000A64B4FF461262061C4E90200C4E9055027
:104CA000C4E90700C4E909002046C4E900360AF057
:104CB00095FA01460028B8D120460AF089FB014642
:104CC0000028B2D120460AF0A3FB0028ADD120462F
:104CD0000AF063FB0028A8D1954C964BA062C4E96A
:104CE0000200C4E90405C4E90600C4E9080020463E
:104CF000C4E900360AF072FA0146002895D1204630
:104D00000AF066FB002890D1002120460AF080FBC3
:104D100000288AD120460AF040FB002885D1864C25
:104D2000864BA062C4E90200C4E90405C4E9060098
:104D3000C4E908002046C4E900360AF04FFA0146EB
:104D400000287FF472AF20460AF042FB014600289B
:104D50007FF46BAF20460AF05BFB00287FF465AF61
:104D600020460AF01AFB034600287FF45EAF744821
:104D700045F6BF52734983608361C0E900124FF664
:104D8000FF72C0E9032308F0F7FF00287FF44DAF5E
:104D90006D4C6E4BA062C4E90200C4E90405C4E98D
:104DA0000600C4E908002046C4E900360AF016FAF5
:104DB000014600287FF439AF20460AF009FB01467E
:104DC00000287FF432AF20460AF022FB00287FF44F
:104DD0002CAF20460AF0E1FA00287FF426AF5C4CA5
:104DE00045F6BF535B4A0790A060A061C4E9002369
:104DF00042F20F73CDE905002046E36008F0BCFFE6
:104E000000287FF412AF059005A90790204609F00D
:104E1000A9F8054600287FF408AF414807F0F0F9EB
:104E20004FF4A07160A800F0BBF9322005F0ECFD52
:104E300060A8FBF7B5FA014660A805F03DF83220FE
:104E400005F0E2FD10A8FBF7ABFA014610A805F04B
:104E500033F8322005F0D8FD38A8FBF7A1FA014657
:104E600038A805F029F8322005F0CEFD03F0E3FB69
:104E7000322005F0C9FD642000F032FA4FF4C04240
:104E80002946354827F0BEFF4FF4007229463348C3
:104E900027F0B8FF4FF400722946314827F0B2FFDF
:104EA0004FF4007229462F4827F0ACFF4FF4C04260
:104EB000294921480AF0CCFA4FF4007227491A48D0
:104EC0000AF0C6FA4FF4007225491F480AF0C0FAEA
:104ED0004FF40072234916480AF0BAFA2046104CE3
:104EE00008F0FCFD01224FF400511F4807F048F97B
:104EF0006E2000F0F5F9204607F082F905F026FF54
:104F000005F0A8FB04F0AAFC02F014F905F09CFAE5
:104F10006F2000F0E5F90A2005F076FDE8E700BF14
:104F2000D01F0024004800589C1C0024004800406A
:104F3000C41D002400100140581E0024004C0040F5
:104F4000EC1E002400200040301D002400440040DE
:104F5000381F0024001400405F2500245F850024D2
:104F60005F8700245F89002400080258BFF34F8F39
:104F70000549064BCA6802F4E0621343CB60BFF3F5
:104F80004F8F00BFFDE700BF00ED00E00400FA0511
:104F90002DE9F0471D4BDFF89CA01D4F8AF800005B
:104FA000986A1C4E3860D86A1B4D3060586B1B4C99
:104FB000DFF8848028609B6BDFF880902360C8F85E
:104FC00000200122164BC9F800101A7007F01EF9D4
:104FD000144B00221A655A659AF800209A65124A05
:104FE0001268DA65D9F800201A66D8F800205A66E7
:104FF0003A689A663268DA662A681A6722685A67D7
:105000000A4A5A650A4A1A65BDE8F08700ED00E0D1
:10501000F81F0024F41F0024F01F0024EC1F0024BC
:10502000E01F00240040005800200024BEB6BBADA5
:1050300041494452FC1F0024E41F0024E81F0024BF
:1050400070B504460D46FBF7ABF91E280DD82B466C
:1050500038B1C0F12001054A2044BDE8704027F076
:10506000A1BD034A20212046F7E770BDFB5C05087F
:10507000FC5C05082DE9F84F3B4BD3F8D0403B4B87
:1050800066011C6063D4E50063D4E00163D4610071
:1050900063D4A20263D4630263D4C4F3C053344A1A
:1050A000344913700023DFF8E890DFF8E880324FCE
:1050B000324EDFF8E4B0DFF8E4A0314D0B60C9F800
:1050C0000030C8F800303B603360CBF80030CAF8DD
:1050D00000302B7007F09AF82A4B2649D86D244AE5
:1050E00008602949186D88421AD1586D27498842AD
:1050F00016D114F0AA4F13D0996D11701A6ECBF817
:1051000000205A6ECAF800209A6EC9F80020DA6EA4
:10511000C8F800201A6F3A605B6F336001232B7070
:1051200007F074F8174B00221A655A659A65DA651C
:105130001A665A669A66DA661A675A670A4AD2F88F
:10514000D03043F48033C2F8D030BDE8F88F052367
:10515000A5E70623A3E70423A1E707239FE703238B
:105160009DE702239BE700BF00440258042000246F
:10517000FC1F002400200024F01F0024EC1F00244A
:10518000E01F00240040005841494452BEB6BBAD68
:10519000F81F0024F41F0024E81F0024E41F00244B
:1051A00070B50E4692B00546002861D000295FD048
:1051B000354B1C68002321028DF8283003D5334974
:1051C0000AA8FFF73DFF620203D531490AA8FFF79D
:1051D00037FFA30203D52F490AA8FFF731FFE001EB
:1051E00003D52D490AA8FFF72BFF610103D52B49F1
:1051F0000AA8FFF725FFE20003D529490AA8FFF70F
:105200001FFF630003D527490AA8FFF719FF9DF880
:1052100028301BB924490AA829F02BFC234B244928
:105220001B780968013BDBB20C2B96BF214A224B4D
:1052300052F82330214A1278E2B1214800680890E0
:105240002048006807902048006806901F480068C2
:1052500005901F48006804901E48006801920AAA41
:10526000CDE90210009231461B4A284627F09AFCED
:1052700012B070BDCDE901210AAA3146284600923C
:10528000164A27F08FFCF3E704200024035D05088D
:10529000075D05080B5D05080F5D0508135D050832
:1052A000185D05081D5D0508225D0508FC1F00242A
:1052B00000200024B00E0608FF5C0508E01F002453
:1052C000EC1F0024F01F0024F41F0024F81F00240A
:1052D000E41F0024E81F0024275D05089F5D0508E2
:1052E000054B1A68824210B5044604D0186006F0D7
:1052F0008DFF024BDC6510BD0020002400400058EB
:1053000008B572B600221146FFF742FEBFF34F8F79
:10531000FFF72CFE08B5FFF7F3FF08B548B1D0E959
:10532000052172B60820FFF733FEBFF34F8FFFF75A
:105330001DFE02460146F4E770B50A4E04460D46CE
:10534000002230464FF4005106F01AFF294620464D
:1053500004F0E6FD304601224FF40051BDE87040F4
:1053600006F00EBF000802580248002203685A6285
:1053700008F0B4BB841F002408B5034678B1084A7E
:10538000904206D9074A904201D916F0DEFC16F089
:10539000D9FC60205843BDE808400AF08DB808BD2C
:1053A00055555501AAAAAA02F0B50B7801F11007CC
:1053B0000C460546037000F110064B6843608B688D
:1053C00083600FCF0FC697E80300A36A86E8030047
:1053D000AB62E36AEB62236B2B630023C4E90B33FC
:1053E000A362636B6B63A36BAB63E36BEB63236CD5
:1053F0002B64636C6B64A36CAB64E36CEB64236D34
:105400002B65636D6B65A36DAB65E36DEB65F0BDFF
:1054100038B5044604B938BDE068FFF7F9FFA56860
:10542000204634212C460AF036F8F3E708B570B16F
:10543000B0F1805F06D3B0F1005F01D316F085FCB8
:1054400016F080FCC000BDE808400AF035B808BD81
:10545000531A0F2B73B504460D461646019306D911
:10546000002201A91DF004F9019B2060A3603246CF
:10547000294620681DF096F9019B2268002163608F
:10548000D15402B070BD000008B500F108030360FC
:1054900019B912B1034816F05EFC0A44BDE8084091
:1054A000FFF7D6BFEC36050838B5044604B938BD59
:1054B000E068FFF7F9FFA568204630212C4609F087
:1054C000EAFFF3E738B5044604B938BDE068FFF7F2
:1054D000F9FFA568204618212C4609F0DCFFF3E708
:1054E00008B54368C3F17F5303F57F1303F57F537A
:1054F000D1E900123F339A4202D9034816F02EFC3C
:10550000BDE808401DF034BBE75D050808B503465B
:1055100078B1084A904206D9074A904201D916F05C
:1055200014FC16F00FFC18205843BDE8084009F0A1
:10553000C3BF08BD55555505AAAAAA0AF8B500F17A
:1055400008070C460546076008461DF08AF804F176
:105550000806626860B1013203D03146384629F04E
:1055600090FA636826606B60002363602372F8BD65
:1055700023682B60A368AB60F3E770B504460E4662
:105580001546B44201D1284670BD21462846FFF792
:10559000D5FF2046183518341DF08BF8F1E7F8B523
:1055A000164604468B680D1D01223BB9E2B1CA685C
:1055B000AA420ED1C4E900352046F8BD1A7C1D462A
:1055C000B242D3E902708BBF012200223B46034660
:1055D000EBE728460BF099FB037CB3424FF0000346
:1055E000E8D3C4E90003E7E72846F5E7F8B516462F
:1055F00004468B680D1D01223BB9E2B1CA68AA427C
:105600000ED1C4E900352046F8BD1A7C1D46B242D1
:10561000D3E902708BBF012200223B460346EBE731
:1056200028460BF072FB037CB3424FF00003E8D333
:10563000C4E90003E7E72846F5E7F8B5164604464F
:105640008B680D1D01223BB9E2B1CA68AA420ED196
:10565000C4E900352046F8BD1A7C1D46B242D3E9A4
:1056600002708BBF012200223B460346EBE728462F
:105670000BF04BFB037CB3424FF00003E8D3C4E9CB
:105680000003E7E72846F5E72DE9F7430D780646DE
:105690000C4601462A466846FFF7CFFFDDF8048036
:1056A000B8F1000F20D0009B06F10409FBB9C845F2
:1056B0001DD098F81070AF4294BF0027012730200A
:1056C00009F0FAFE844600F110050FCC0FC594E8EE
:1056D0000F0085E80F004B464246614638460BF006
:1056E00016FB73690133736103B0BDE8F0830127D2
:1056F000E5E70000134AF8B50E4604469368151D09
:1057000001213BB9E1B1D268AA420ED1C4E900350A
:105710002046F8BD197C1D46B142D3E902708BBF0B
:10572000012100213B460346EBE728460BF0EDFA4A
:10573000037CB3424FF00003E8D3C4E90003E7E77A
:105740002846F5E78822002401460B488268043089
:10575000034670B53AB9984204D0027C074B8A429E
:1057600088BF184670BD167CD2E902458E422ABF1A
:1057700010462A462246EDE7882200248C22002487
:10578000031D8268184670B532B9834203D0027C8B
:105790008A4288BF184670BD167CD2E902458E4207
:1057A0002ABF10462A462246EEE7000008B5034607
:1057B00078B1084A904206D9074A904201D916F0BA
:1057C000C4FA16F0BFFA18205843BDE8084009F0A3
:1057D00073BE08BD55555505AAAAAA0A031D8268BD
:1057E000184670B532B9834203D0027C8A4288BF22
:1057F000184670BD167CD2E902458E422ABF10467B
:105800002A462246EEE770B50446302009F054FEE1
:10581000064600F110050FCC0FC594E80F0085E88F
:105820000F00304670BD2DE9F041054610300E46A0
:10583000FFF7E9FF2B780446466003700023C0E9B8
:105840000233E86818B12146FFF7EDFFE060AE686B
:1058500027464FF0000816B92046BDE8F08106F152
:105860001000FFF7D0FF337805460370C0E90288C7
:10587000B8604760F06818B12946FFF7D4FFE860C8
:10588000B6682F46E7E7000010B50446F0B11149AD
:10589000FAF726FDD8B110492046FAF721FDB0B13C
:1058A0000E492046FAF71CFD88B10D492046FAF74B
:1058B00017FD60B10B492046FAF712FD38B10A49CD
:1058C0002046FAF70DFDB0FA80F0400910BD012026
:1058D000FCE700BF343905083839050822390508C6
:1058E0002B3905083C39050841390508000000003E
:1058F00038B51C46154652EA04032DED028B16D02E
:10590000FAF7DCFE41EC180B28462146FAF7D6FEE2
:1059100041EC160B88EE067B9FED076B27EE067BAE
:10592000B8FE477B87EE060BBDEC028B38BD9FEDC2
:10593000040BF9E7AFF30080000000000088C340CB
:10594000000000000000F87F01461C482DE9F041EE
:105950002DED028BFFF742FF194A0346904205D115
:105960009FED180ABDEC028BBDE8F0810024006AAF
:1059700003F1180527462646A046854211D154EA70
:105980000703EDD041463046FAF796FF394608EE58
:10599000100A2046FAF790FF07EE900A88EE270AD1
:1059A000E0E7C369027C1C1947F100070B2A02D10A
:1059B0009E1948F100080BF0A6F9DEE70423002445
:1059C0000823002400000000014B1868704700BF46
:1059D000FC220024034B1A68013202D01A680132FB
:1059E0001A607047FC220024024B01221870024BFF
:1059F0001A707047F6220024F72200242DE9F8439C
:105A0000054610B312480026FDF751FF0446104822
:105A1000FDF74FFFDFF83C800746DFF83C90A742D8
:105A200002D13046BDE8F8836368002B08BF4346C7
:105A30009D4208D12078FFF787FE484503D090F8B3
:105A4000303003B101363C34E9E70646E9E700BFF0
:105A5000EC0B00244A6E05088C22002400B5074B8D
:105A600099B0074A60215B69684627F09BF80146B8
:105A70006846FFF761FC19B05DF804FB04230024BD
:105A8000FC5D050838B500F1080304460D460360C7
:105A900011B9064816F05FF90846FAF781FC294665
:105AA0002A182046FFF7D4FC204638BDEC360508FE
:105AB000B0EEC06B0B469FED0E7B10B5B4EE476B9E
:105AC00090B00446F1EE10FA06D904AA0A49FFF78D
:105AD000D9FF204610B010BD084A302104A88DED32
:105AE000000B27F05FF803AA04A92046EFE700BFE8
:105AF000FFFFFFFFFFFFEF7F1F5E0508245E050825
:105B0000F7B50C4601AA19490546FFF7BBFF184B2C
:105B1000184F002C08BF1C46174E013C14F8011FFB
:105B200031B9284622211CF0D8FE284603B0F0BD2A
:105B3000222901D05C2908D15C2128461CF0CDFE29
:105B4000217828461CF0C9FEE8E71F29F9D8394614
:105B500028461DF047F8237828461B09F15C1CF005
:105B6000BCFE237803F00F03F15CEAE7E439050893
:105B70004A6E0508295E0508E40E060800000000CC
:105B8000F0B52DED048BA3B0044616461F462C9DA0
:105B900095ED007B9FEDA46BB0EEC75BB4EE465B6A
:105BA000F1EE10FA00F23A8195ED025BB0EEC54BD2
:105BB000B4EE464BF1EE10FA00F23081B7EE006B16
:105BC00036EE476BB5EEC06BF1EE10FA40F329816B
:105BD00037EE457B9FED965B27EE057B87EE068BC8
:105BE0000B46994A402112A826F0DCFF0CAA12A904
:105BF0002046FFF747FF20464FF4C071B3EE049BE9
:105C00001CF050FE06AA91490CA8FFF73BFF904BF1
:105C10000CA8002E14BF314619461CF0E3FF0146C4
:105C20006846FFF78BFC0CA81CF043FD00990CA8FC
:105C3000FFF766FF0CA92046FFF752FC0CA81CF0EA
:105C400038FD394606A8FFF75BFF824A002106A807
:105C50001CF07EFF01460CA8FFF770FC0CA9204643
:105C6000FFF73EFC0CA81CF024FD06A81CF021FD4B
:105C700006A8042195ED020BFFF71AFF764A0021D2
:105C800006A81CF065FF01460CA8FFF757FC0CA9FD
:105C90002046FFF725FC0CA81CF00BFD06A81CF005
:105CA00008FD06A8042195ED000BFFF701FF6B4AE4
:105CB000002106A81CF04CFF01460CA8FFF73EFC93
:105CC0000CA92046FFF70CFC0CA81CF0F2FC06A85F
:105CD0001CF0EFFC06A8042195ED040BFFF7E8FE8D
:105CE0005F4A002106A81CF033FF01460CA8FFF70D
:105CF00025FC0CA92046FFF7F3FB0CA81CF0D9FCEF
:105D000006A81CF0D6FC06A8022195ED020B20EE99
:105D1000090BFFF7CDFE534A002106A81CF018FF1F
:105D200001460CA8FFF70AFC0CA92046FFF7D8FB98
:105D30000CA81CF0BEFC06A81CF0BBFC06A80221A7
:105D400095ED000B20EE090BFFF7B2FE464A00214D
:105D500006A81CF0FDFE01460CA8FFF7EFFB0CA9FE
:105D60002046FFF7BDFB0CA81CF0A3FC06A81CF006
:105D7000A0FC06A8022195ED040B20EE090BFFF70D
:105D800097FE3A4A002106A81CF0E2FE01460CA844
:105D9000FFF7D4FB0CA92046FFF7A2FB0CA81CF0D0
:105DA00088FC06A81CF085FCB0EE480B06A8022172
:105DB000FFF77EFE2E4A002106A81CF0C9FE014610
:105DC0000CA8FFF7BBFB0CA92046FFF789FB0CA82A
:105DD0001CF06FFC06A81CF06CFC2D9B254A402192
:105DE00012A826F0DFFE12A920461CF0FBFE2E9919
:105DF0000CA8FFF785FE0CA92046FFF771FB0CA845
:105E00001CF057FC1C4920461CF0ECFE68461CF0B8
:105E100050FC204623B0BDEC048BF0BD9FED068BFB
:105E2000DEE69FED078BDBE6FFFFFFFFFFFFEF7F67
:105E30000000000000005940000000000000F87F52
:105E400000000000000000002E5E0508575E0508F7
:105E50004A6E0508605E05086A5E05087A5E0508F8
:105E6000885E05089B5E0508AA5E0508B75E050802
:105E7000C75E0508D25E05089C5D050810B504469E
:105E800000680AF03EFF2060204610BD10B50446B1
:105E900000680AF036FF2060204610BD10B50446A9
:105EA000006818B1A168091A09F0F5FA204610BD7A
:105EB000F8B5124DD5E90067BE4208D0344604F16A
:105EC00028006034FFF7EAFFA742F8D16E600C4D5E
:105ED000D5E90067BE4207D03446204618341CF08E
:105EE000E8FBA742F9D16E600023064A1360064A18
:105EF0001370064A1370064A1370F8BDA0220024DE
:105F0000B0220024AC220024F5220024F422002434
:105F1000EC2200242DE9F04F2DED028B8DB004F022
:105F200009FE8146002873D1BD4DBE4C28686B68C0
:105F3000BD4F1B1A2268DB107B43934226D9531CAA
:105F4000236018235A43831880585968FFF7F4F9DF
:105F5000D5E900239B1A2268DB107B43934200F2B1
:105F60005781B24BB24A1978D2E900239B1A5B11D0
:105F70007B439942C0F04C81FFF79AFFAD480DB0CA
:105F8000BDEC028BBDE8F04F07F0E6BDAA4B1B78D5
:105F90000493002BF0D0A64DA44ED5E900833478AD
:105FA000A3EB08035B117B439C42E5D2DFF8DCA244
:105FB00004EB44049AF800104FEA441B08EB441425
:105FC00071B3A36C06A818F80B100293A36B01938E
:105FD00004F110030093D4E90123FFF7D1FDDDE9BB
:105FE0000601FFF7A9F932788AF800900132D5E965
:105FF0000013D2B25B1A32705B117B439A420CD30E
:10600000FFF756FF8B4807F0A7FD06A81CF051FBD1
:106010000DB0BDEC028BBDE8F08FFFF7A5F9F4E7FA
:106020004FF400728548059126F0ECFE8022059918
:10603000834826F0E7FE18F80B20636881497F4803
:1060400026F0E6FDA76AE36A0837DFF8F49103F16A
:106050000808DFF83CB2474540F01C81D4ED0F7AC8
:10606000B3EE048A7849B7EEE77A754853EC172BFC
:1060700026F0CEFD7249714826F0CCFED4ED0F7AA1
:10608000724967EE887A6E48B7EEE77A53EC172BC1
:1060900026F0BEFD6A49694826F0BCFED4ED107AB0
:1060A0006B49B7EEE77A664853EC172B26F0B0FD44
:1060B0006349624826F0AEFED4ED107A654967EE7A
:1060C000887A5F48B7EEE77A53EC172B26F0A0FDED
:1060D0005B495A4826F09EFED4ED117A5E49B7EE30
:1060E000E77A574853EC172B26F092FD5449534852
:1060F00026F090FED4ED117A584967EE887A504820
:10610000B7EEE77A53EC172B26F082FD4C494B484B
:1061100026F080FEA26C5249494826F079FD484994
:10612000464826F077FED4ED137A4E49B7EEE77A6B
:10613000434853EC172B26F06BFD41493F4826F0AE
:1061400069FED4ED147A4849B7EEE77A3C4853EC3F
:10615000172B26F05DFD3A49384826F05BFED4ED5A
:10616000157A4249B7EEE77A354853EC172B26F0FB
:106170004FFD3349314826F04DFED4ED167A3C49A7
:10618000B7EEE77A2E4853EC172B26F041FD2C4949
:106190002A4826F03FFEA26B3649294826F038FDF2
:1061A0002749264826F036FE626B3349244826F0FC
:1061B0002FFD2349214826F02DFE304B30491A6827
:1061C0001F4826F025FD1E491C4826F023FED4ED6D
:1061D000177A2C49B7EEE77A194853EC172B26F0BB
:1061E00017FD1749154826F015FE2749134826F0D4
:1061F00011FE1248FAF7D4F801461048FFF79CF850
:10620000A068FFF741FB002858D001238AF800302E
:106210000DB0BDEC028BBDE8F04FFFF7A5B800BF95
:10622000B0220024AC220024ABAAAAAAF5220024A2
:10623000A0220024841F0024EC22002488200024B3
:1062400008200024F35E05083E5F0508535F05083B
:10625000665F0508785F0508895F05089D5F05088A
:10626000B05F0508C35F0508D55F0508E95F05084D
:10627000FC5F05081160050824600508F022002471
:10628000316005083D6005089C5D0508F422002486
:10629000355F0508049917F8082C57F8043C59B1E4
:1062A00059464846083726F0B3FC4946094826F0C7
:1062B000B1FD00230493CEE60749F2E7D5E90013C8
:1062C00032785B1A054901325B11D2B24B4332700E
:1062D0009A424FE688200024345F0508ABAAAAAA98
:1062E000034B1B7813B9034807F036BCFFF712BE07
:1062F000EC220024841F002402680C4B9A4210B543
:10630000044603D1BDE81040FFF764BB04F012FC63
:1063100050B92368B3F1804F06D1054807F01CFC43
:10632000BDE81040FFF7F6BD10BD00BF00140040EF
:10633000841F00242DE9F04F03460024C068043375
:10634000A0462746A246A3462546A1462646224603
:106350002DED048B93B00593039402940194059B57
:1063600083421FD1019B58460399FFF7C1FA324679
:10637000029B38465146B0EE409BFFF7B9FAB0EEAB
:10638000408B2A464B4620464146FFF7B1FAB0EE15
:10639000481BB0EE402BB0EE490B13B0BDEC048BA4
:1063A000BDE8F08F90F810E0BEF10E0F25D0D0F8C8
:1063B00028C0019B1CEB0202C16A43F100038E1945
:1063C0000193029B43F100030293C3695D19049397
:1063D00049F10009BEF10B0F0FD11CEB0B0C039B15
:1063E00043F10003C919E34603934AF1000A049BF1
:1063F0000F461B191C4648F1000804920AF083FC62
:10640000049AACE770B5061D0D4604463046FDF70C
:1064100047FAA86888B13146FFF705FA03461A46DD
:106420009B68002BFBD10346E2601A46DB68002B19
:10643000FBD16B6922616361A060204670BD38B5F5
:10644000044604B938BDE068FFF7F9FFA56804F118
:106450001400FCF7D1FE20462C212C4609F01BF835
:10646000EFE72DE9FF411E4604462C200D4609F0BA
:1064700023F8336804F1040807461E78183000F842
:10648000086CFDF70DFAA8452B460DD163691BB1C9
:106490002269137CB3423ED33246214602A8FFF75D
:1064A000A5F8DDE9023233E02A7CB2420ED9E26877
:1064B000954209D028460AF028FC037C0246B342E4
:1064C000EAD2C3683BB32A46012013E026D22269F0
:1064D000019595421FD001A8FFF7D8FC03681B7CEB
:1064E000B342D9D9EB688BB92A46107CB04294BF2D
:1064F00000200120434639460AF009FC6369013354
:1065000063613C46204604B0BDE8F081019B1A4619
:1065100022B1002BD8D19045E7D1D5E707F114007F
:106520001C46FCF769FE2C21384608F0B4FFE9E769
:10653000F0B5051D0A460C7885B08368294683B9F5
:106540008D4202D00B7CA34207D902AB03920A4AC8
:10655000009303ABFFF785FF014601F1140005B07E
:10656000F0BD93F810C0D3E90276A4452ABF1946BE
:1065700033463B46E3E700BF397605082DE9FF4186
:106580001E46054630200C4608F096FF336805F19C
:10659000040807461E781C220021143000F8046C01
:1065A00026F030FCA0450DD16B691BB12C69237C12
:1065B000B3422CD33246294602A8FFF73EF8DDE964
:1065C00002431FE0237CB3420CD9EB68A34207D0FF
:1065D00020460AF09AFB037CB342EBD2C36853B364
:1065E00001201BE029D22B690194A3420FD001A8FE
:1065F000FFF744FC03681B7CB342DBD9E36843B17B
:10660000019C2346CBB122461C46002AE8D1A04576
:10661000E6D0207CB04294BF0020012043462246B1
:1066200039463C460AF073FB6B6901336B612046C7
:1066300004B0BDE8F0810446E9E73021384608F0AF
:106640002AFFF4E7F0B5051D0A460C7885B083688B
:10665000294683B98D4202D00B7CA34207D902ABF5
:1066600003920A4A009303ABFFF788FF014601F14A
:10667000140005B0F0BD93F810C0D3E90276A4452C
:106680002ABF194633463B46E3E700BF3976050883
:106690002DE9F7431D46064618200C4606F104096D
:1066A00008F00AFF2B688046A14525461F784FF069
:1066B0000003077443610DD173691BB135692B7CED
:1066C000BB4228D33A4631466846FEF768FFDDE90B
:1066D00000451DE0237CBB420CD9F368A34207D0E0
:1066E00020460AF012FB037CBB42EBD2C36833B3F3
:1066F000012017E025D23369A3420CD020460AF0CE
:1067000000FB037C0446BB42DCD9EB682BB1054699
:10671000BDB1002CECD1A945EAD0287CB84294BF89
:10672000002001204B462A46414644460AF0EFFA33
:10673000736901337361204603B0BDE8F0830546F9
:10674000E9E71821404608F0A6FEF4E7914B2DE951
:10675000F0411B6894B0904D8DF80D202B60D3B2A2
:10676000CAB28DF80F008DF80E109A421CD00E2B75
:106770001AD18A49C2B28B6804310846002B40F016
:10678000ED80814202D00B7C93420AD90DF10F03B8
:10679000834A82480C9306AB00930CABFFF778FF5B
:1067A00001464B6901334B619DF80F707D4C3946B2
:1067B0007D48FFF713F8A0420646A4F104044AD12D
:1067C00007A8FDF76DF806A90DA88DF83070FFF742
:1067D00019FE9DF83080214604A84246FEF706FFC8
:1067E000059F002F31D0049B002B40F0C080B742A2
:1067F00000F0BD803E7C464594BF002601262C203B
:1068000008F05AFE9DF83030014600F1180203747A
:106810000F9B002B00F0AD809DF83800CB6108760F
:1068200010980862119848625A600EAA129B8B62F7
:106830000023CDE910220F9312935A4B3A4630466B
:106840000AF065FA6369013363610DA8FCF7D4FCB3
:1068500006A8FCF7D1FC0DF10F015348FFF768FEC5
:106860009DF80E10FEF78CFF0DF10F0104464E4807
:10687000FFF75EFE031D9C4214D10DF10F014A4843
:10688000FFF756FE2B689DF80E200CA90D930023F0
:106890008DF83020CDE90E33CDE91033CDE9123338
:1068A000FEF7F2FE0DF10F013F48FFF741FE9DF8A4
:1068B0000D10FEF765FF0DF10F0104463A48FFF792
:1068C00037FE031D9C4214D10DF10F013648FFF72E
:1068D0002FFE2B689DF80D200CA90D9300238DF839
:1068E0003020CDE90E33CDE91033CDE91233FEF778
:1068F000CBFE0DF10F012C482C68FFF719FE0DF1AE
:106900000E01FFF79FFE03680DF10F012648E41A00
:10691000FFF70EFE0DF10E01FFF794FE43680DF137
:106920000F0123444360214B1F481B783BB3FFF703
:10693000FFFD0DF10E01FFF785FE0369234403619E
:106940000DF10F0118482C68FFF7F2FD0DF10D0154
:10695000FFF778FE046014B0BDE8F0811F7CD3E936
:10696000026497422ABF19462346334606E70126AA
:1069700045E70376C0E90732C0E909235DE7FFF781
:10698000D7FD0DF10E01FFF75DFEC3682344C36020
:10699000D6E700BFFC22002400230024D4220024D8
:1069A000397605080823002404230024F822002453
:1069B00010B504461046D4E900230C4C9B1A0C4A2F
:1069C000DB105343E21A8A4201D215F0C7F999420B
:1069D00005D91944A14228BF2146084610BDB3EB92
:1069E000430F4FEA4301F5D92046F7E755555505C2
:1069F000ABAAAAAA2DE9F84F8946804668B161B1D1
:106A00001C4CD4E901739F4209D00A46014638461E
:106A1000FEF73AFD636818336360BDE8F88F164AE5
:106A200001212046FFF7C4FF26688246FEF7BEFE1E
:106A3000A7EB060B05464A4641465844FEF724FD9F
:106A400039462A463046FEF798FD394600F11802CD
:106A50003846FEF792FD074626B1A1683046891BED
:106A600008F019FD1823C4E9005703FB0A55A56077
:106A7000D3E700BFB0220024003905082DE9F04714
:106A8000D0E90173044689469F4207D03846FEF795
:106A900055FD636818336360BDE8F087134A012130
:106AA000FFF786FF26688046FEF780FEA7EB060A02
:106AB000054649465044FEF741FD39462A463046D0
:106AC000FEF75BFD394600F118023846FEF755FD2A
:106AD000074626B1A1683046891B08F0DCFC182364
:106AE000C4E9005703FB0855A560D5E70039050840
:106AF0000A4601462DE9F04F97B000285FD0002AE2
:106B00005DD042F2014404A8FEF7BEFC059A6AB1CA
:106B1000049B134413F8013C0D2B07D824FA03F30C
:106B2000D90703D504A81BF0F1FEEFE70022864940
:106B300004A81CF024F9002837D14FF0FF330522B8
:106B400004A90AA81CF0AAF94FF4C07008F0B4FC1C
:106B500000210446024608460025FEF70EFDCDE959
:106B6000014404F5C07403942A463A210AA81CF093
:106B7000DCF8421C044625D103462A460AA910A87F
:106B80001CF08CF910A901A8FFF778FF10A81BF0E2
:106B900090FDDDE901452D1B302D22D801A8FAF723
:106BA0002BFB0AA81BF085FD06E00022674904A81C
:106BB0001CF0E5F80028C0D004A81BF07AFD17B03F
:106BC000BDE8F08F431B2A460AA910A81CF066F9FD
:106BD00010A901A8651CFFF751FF10A81BF069FD63
:106BE000C2E75B4BED105D43EB07D7D500230A22CC
:106BF00010A91093206824F095FE109B2268934200
:106C0000CCD01F78002FC9D1FF28C7D80DF10201C1
:106C10008DF802004F484FF00208FFF789FC064646
:106C20008068FEF741FC331DB7607761C6E9033326
:106C3000A8450CD3002FB1D1464E9DF80210B06884
:106C4000351D04462F46002C35D12C4640E000234C
:106C50000A2210A91093A06924F064FE109AA16979
:106C600081468A4223D012780ABBFF281FD810928F
:106C700010A90A22206B24F055FE109A216B83463E
:106C80008A4214D092F800A0BAF1000F0FD1012768
:106C90000DF1030130468DF80390FFF7D3FCC0F8E7
:106CA00018A0C0E900ABC0E902BAC0E904AA08F123
:106CB00002083034BCE7237C8B4204D2E3682C46C4
:106CC00025461C46BFE7A368FAD8E268EBB932BB99
:106CD000F3689C422DD0DFF88080AC423FF45EAF79
:106CE00020460AF010F84146074620460AF073F89D
:106CF00004461430FCF780FA20462C213C4608F06C
:106D0000CAFB7369013B7361E7E793F81080D3E92D
:106D100002EC88452ABF1C4663467346D6E792F8C4
:106D200010E0D2E902C38E458ABF15461A46624674
:106D3000CDE7BD42CFD1FFF782FB0023C6E9023584
:106D4000C6E904532AE700BF4A60050850600508F9
:106D5000ABAAAAAA04230024082300242DE9F04F9B
:106D6000014689B005469148FCF7AAFD044601AAF0
:106D70008F4902A8FEF786FE02A904F11800FAF76F
:106D800035FE814602A81BF094FC29468748FCF793
:106D900097FD044601AA874902A8FEF773FE02A9DF
:106DA00004F11800FAF722FE064602A81BF081FC47
:106DB00029467E48FCF784FD1C30814558D0294681
:106DC0007A48FCF77DFD1C30864251D0DFF8F08117
:106DD00008F10404D8F80830A246002B4BD15445E2
:106DE00002D0237CAB422FD9342008F065FB20224F
:106DF000057407460021143026F004F8544543D1A9
:106E0000D8F8143023B1D8F81020137CAB420AD341
:106E1000294602A8FEF76EFCDDE902B2002A5AD02C
:106E2000BBF1000F42D1524540D0107CA84294BF24
:106E300000200120604B394609F069FFD8F8143072
:106E40000133C8F814303C46237D99ED0A6A002BC3
:106E500047D1012284ED066A2275B26AE261D9F84F
:106E6000282022626262B26A84F83030A262E26252
:106E700009B0BDE8F08F187CD3E90221A8422ABFEF
:106E80001C460B461346A8E7237CAB4210D9D8F822
:106E90000C2094420AD0204609F037FF037C0246BA
:106EA000AB42B5D2C368002BBDD022460120C1E75A
:106EB00010D2D8F810209442B5D0204609F021FF16
:106EC000037C8346AB42A3D9E3680BB10246A5E736
:106ED0002246A8E7A346384634215F4608F0DBFA8D
:106EE000B1E794ED067ADFED356AD4ED077A77EEF7
:106EF000265AF4EEC65AF1EE10FA08D477EEA65AE6
:106F000096ED0A5AB4EEE55AF1EE10FA02DD0123CD
:106F100084F8303037EE467AB0EEC77AB4EEE67ACF
:106F2000F1EE10FA58BF84ED066A94ED086A99ED07
:106F30000A7AB4EE476AF1EE10FA48BFB0EE467A2C
:106F400094ED096A84ED087A99ED0A7AB4EE476AFD
:106F5000F1EE10FA36FE077A84ED097A96ED0A7A98
:106F600077EEC77AF0EEE77AF4EEE67AF1EE10FA11
:106F700058BF84ED077A94ED0A7AD6ED0A7AB4EE1A
:106F8000677AF1EE10FA48BFF0EE477A94ED0B7A8B
:106F9000C4ED0A7AD6ED0A7AB4EE677AF1EE10FA09
:106FA00077FE277AC4ED0B7A62E700BFEC0B002472
:106FB0004A5605080E5605088C22002417B7D1380A
:106FC00088220024FFF7CABE2DE9F84FD0E9009AC5
:106FD0001446264AAAEB090307468B46DB105343A7
:106FE000234A934202D1234814F0B8FECA4514BF85
:106FF000194601215B1837D2934228BF13469846A1
:10700000ABEB09054046FEF781FA064600EB050C9E
:10701000002D0FCCACE80F0094E803008CE80300CF
:1070200004DD2A464946304625F0D2FEAAEB0B0A7B
:107030001835BAF1000F354404DD5246594628464A
:1070400027F01FFD5544B9F1000F05D0B968484637
:10705000A1EB090108F01FFA1823C7E9006503FB3B
:107060000866BE60BDE8F88F9046C9E7ABAAAAAA39
:1070700055555505003905082DE9F04100238AB022
:10708000294D0393CDE90133D5E90034E41A002CEE
:1070900002DA264814F062FE0BD0254B64115C43E3
:1070A0002046FEF733FA1823CDE9010003FB040064
:1070B0000390D5E90078B845DDE902460FD1019D7E
:1070C0001B49641B2846E410614301F04DFF3DB3AA
:1070D000711B28460AB0BDE8F04108F0DCB93B78E6
:1070E000B4428DF810307B680593FB6B06937B6C84
:1070F0000793BB6C0893FB6D09930BD004AE254638
:1071000018340FCE0FC596E80300029485E80300FB
:107110006037D0E704AA214601A8FFF755FFF7E73B
:107120000AB0BDE8F08100BFA0220024F0380508B5
:10713000ABAAAAAA2D4A13782DE9F04F8BB0CBB198
:107140002B4B0021DFF8B4A01B7811709AF80020B7
:10715000DFB29A420ED0274B274D1E680435AB682C
:10716000DFF89C80DFF89C900393039CAC4204D131
:107170008AF800700BB0BDE8F08F217C4046FCF728
:107180009FFB834602AA494604A8FEF77BFC04A99C
:107190000BF11800FAF762FED0ED007A04A8FCEEBD
:1071A000E77ACDED017A9DF804B01BF082FA04F184
:1071B000140018345946FEF7E3FAA04203D043699D
:1071C000B34204D9466103A8FEF760FECDE78269A9
:1071D000F31A1A4482619AF800201AB1426A1A44DA
:1071E0004262EFE7026A1A440262EBE7F7220024E8
:1071F000F6220024FC22002404230024F822002488
:10720000EC0B002443370508436810B50C465BB906
:10721000182008F051F9034603F1100294E8030026
:1072200082E80300184610BD5A684260A2B1D168D6
:107230008B424FF000010DD1D1609268002AEBD053
:107240001146D268002AFBD18A68002A18BF11466D
:107250004160E1E79160DFE70260DDE72DE9F84397
:1072600005460E4600F1100110461746FFF7CCFF09
:107270002B780446466003700023C0E90233E868B7
:1072800020B13A462146FFF7E9FFE060AE68A0462C
:107290004FF0000916B92046BDE8F88306F1100149
:1072A0003846FFF7B1FF337805460370C0E902990D
:1072B000C8F80800C0F80480F06820B13A462946B2
:1072C000FFF7CCFFE860B668A846E3E72DE9F04F8A
:1072D0002DED028BAFB09E4D02909E48009106F0BE
:1072E0003BFCFEF7E5FD01F0A8F902F03DFAAB68C2
:1072F0002A691693CDE917251BB1002159609368BF
:1073000003B11793944C0023944AA068AB606B615F
:10731000C5E9032290B116AA9049FFF79FFF0346E3
:107320001A469B68002BFBD10346EA601A46DB68CD
:10733000002BFBD163692A616B61A8601698FEF788
:10734000C1F8009B43B1A068FEF7BCF80023844A53
:10735000A3606361C4E90322DFF818A2DFF818B262
:10736000DAF80C300AF1040907930799494508D166
:10737000DAF814807B4B984540F200817A4814F08B
:10738000EDFC0B7C09A814318DF82030FFF73AF89A
:107390009DF820107548FCF793FA04460FAA74492B
:1073A00016A8FEF76FFB16A904F11800714CFAF746
:1073B00055FDD0ED007A16A8FDEEE77A17EE903A6B
:1073C0008DF81B301BF075F908A96A48FFF7B0F873
:1073D000C3680F93031D01930F9F019BBB4233D1E1
:1073E000009B53B308A96348FFF7A2F89DF81B1050
:1073F000FEF7C6F908A904465E48FFF799F8031D91
:1074000008A95C489C4240F09A80FFF791F81C2242
:10741000044600210FA80FAE25F0F4FC9DF81B30A8
:1074200017AF8DF858300FCE0FC796E8070087E8E2
:10743000070016A92046FEF727F909A8FBF7DCFE8E
:1074400007A8FEF723FD90E710370DF1580C0FCF7A
:10745000ACE80F0097E80F008CE80F0008A9204661
:10746000FFF766F816A9FFF7EDF808A9D0F8048031
:107470002046FFF75DF816A9FFF7E4F808A9C768EA
:107480002046FFF755F816A9FFF7DCF89DF85810CD
:107490009DF81B30066999420FD108A92046FFF7D5
:1074A00047F816A9FFF7CEF8029A03689BF8001078
:1074B000D31A9844002940D01E4408A92046FFF75B
:1074C00037F816A9FFF7BEF808A9C0F808802046CB
:1074D000FFF72EF816A9FFF7B5F808A9476120466F
:1074E000FFF726F816A9FFF7ADF8009B866103B3F6
:1074F000002708A92046FFF71BF816A9FFF7A2F8F6
:1075000008A947602046FFF713F816A9FFF79AF875
:1075100008A9C7602046FFF70BF816A9FFF792F8F5
:1075200008A907612046FFF703F816A9FFF78AF8B4
:1075300007600FA8FEF7A2FC4EE71F44BDE7FEF769
:10754000F7FF0DF11B01FFF77DF80023036074E7DF
:10755000BC220024841F0024D4220024C022002442
:10756000D822002455555501F0380508EC0B0024AD
:107570004337050804230024F8220024B04EB14903
:107580003268B3689B1A5B114B43984517D97768EB
:107590004046BF1AFDF7F0FE04468146D6E900B327
:1075A0005B4548D1306818B1B168091A07F073FF1C
:1075B00060232744346003FB08447760B460DAF842
:1075C0000C300893089CA04B9C4243D102F0E6F893
:1075D000FFF752FD9D4A002010709D4A02981060EE
:1075E0009C4AD2E90002D6E90013904240F034826E
:1075F0005B1A944A5B115343DBB2003B18BF012373
:10760000954A1370009B8BB1944CA068FDF700FF66
:107610000023221DA3606361DAF80C30C4E9032261
:107620001693169B884A934240F018822FB0BDEC07
:10763000028BBDE8F08F594648460193FDF7B4FE32
:107640000BF1280009F16009FEF728FC0BF1600B33
:10765000019BA5E76022002116A8DFF8288225F00B
:10766000D1FB217C7E4804F114078DF85810FCF7FB
:1076700027F943687A48002B08BF43461793217CBB
:10768000FCF71EF903683846002B08BF43461893E1
:10769000FEF750FE8DED1A0B8DED1C1B8DED1E2B94
:1076A00094F810804046FEF74FF941466D488DED45
:1076B000250AFEF793F8644B984240F0A480DFED72
:1076C0006A7A41466748CDED267AFEF787F85E4B29
:1076D000984240F0EC80DFED647A4046CDED277AA9
:1076E000FEF732F8614B0746984200F0108190F89F
:1076F00030105F4B5F4A002908BF13464146584887
:107700002893FCF7DDF8804607AA5B490FA8FEF72F
:10771000B9F90FA908F11800FAF768F980460FA81F
:107720001AF0C7FF217C4E48FCF7CAF8814607AA29
:1077300052490FA8FEF7A6F90FA909F11800FAF7A8
:1077400055F981460FA81AF0B4FF217C4448FCF794
:10775000B7F81C30804542481EBFD8F8283029931E
:107760002A93217CFCF7ACF81C3081451EBFD9F868
:1077700028302B932C933D4B9F4207D03B6A299393
:107780007B6A2A93BB6A2B93FB6A2C93207CAB68A1
:107790003B4A002B40F0BD80394B9A4203D0137C0A
:1077A000834240F26281FBF72FFDA76A8DED2D0A1F
:1077B000B7F1805FBFF4E2AD3FB13846FDF736FE6A
:1077C000CDE9200000EBC700229004F11803276ADE
:1077D0006FF0704B0193019BBB4240F0A480184CAA
:1077E000D4E901B39B4500F0F58016A95846FDF792
:1077F000DBFD0BF16003636020A8FEF74FFB08A8D8
:10780000FEF744FBDEE60027036A00F118090F9338
:10781000BB463B4639460F98814535D157EA0B02A6
:107820003FF44DAF1846F9F747F8594608EE100AED
:107830003846F9F741F807EE100AC8EE077A40E734
:10784000A0220024ABAAAAAA08230024F52200241F
:10785000F0220024B0220024EC22002488220024FC
:10786000EC0B002404230024000000008C220024E0
:10787000566005085A6005084A5605080E56050860
:10788000C02200244A6E0508826A007CD7194BF199
:10789000000B0B2803D1D218134641F100010FA8A9
:1078A00003910193FEF7EAFA0399019BB3E70027DE
:1078B000036A00F118090F93BB463B4639460F98FF
:1078C000814511D157EA0B023FF405AF1846F8F78E
:1078D000F3FF594608EE100A3846F8F7EDFF07EEB9
:1078E000100AC8EE077AF8E6C26A007CD7194BF195
:1078F000000B0B2803D1D218134641F100010FA849
:1079000003910193FEF7BAFA0399019BD7E7584B0D
:10791000F4E693F810C0D3E9027184452ABF1A46F1
:107920000B463B4635E7DDE92142944210D03B7CD3
:10793000083404F8083CFB6944F8043C2194FA69D3
:107940003846239B1344239309F0DDF9074642E7A9
:10795000209BE11ABBEBE10F4FEAE10901D1454859
:107960000DE59C4214BF4846012019EB000927D2BF
:10797000D94528BFD94648460392CDE90431FDF7E1
:1079800055FD0599804697F810C0049B084408F8F7
:1079900001C0C646F9699C46039A416064450EF1F0
:1079A000080E10D10834E41A44441BB1D11A184609
:1079B00007F071FD08EBC903CDE920842293BEE7EF
:1079C0006FF07049D7E79CE803000CF1080C0EE952
:1079D0000300E3E723682849ABEB03094FEA691288
:1079E0004A4326498A42BAD09B4514BF104601201B
:1079F000121822D28A4228BF0A4690464046019376
:107A0000FDF7BAFC16A907464844FDF7CDFC019BDB
:107A10003846994600F16002CB4501920FD123B15F
:107A2000A1681846C91A07F036FD019B27606360FC
:107A3000602303FB0877A760DEE68846DEE7494659
:107A40000393FDF7B1FC09F12800FEF727FA09F1CD
:107A500060090198039BDDE70123D1E5187CFFF75E
:107A60007DF916A8FEF712FADBE5536924939AE62E
:107A70005A60050800390508ABAAAAAA5555550150
:107A800038B5104806F068F80F4CFEF711FA0F4BA6
:107A90005D6985B900F0D1FDFFF7EEFA0C4A25606B
:107AA000D2E900329B1A0B4A18BF01231370BDE8BC
:107AB0003840FEF715BC20680121FFF707FC0023C2
:107AC0002360F4E7841F0024FC2200240423002404
:107AD000B0220024EC22002408B50F4806F03CF840
:107AE000FEF7E6F90D4B18680D4B5B697BB900F0AA
:107AF000A4FDFFF7C1FA0B4AD2E900329B1A0A4AE9
:107B000018BF01231370BDE80840FEF7E9BB002150
:107B1000FFF7DCFBF7E700BF841F0024FC220024F2
:107B200004230024B0220024EC22002408B50B48D2
:107B3000FBF7B6FE0A48FBF7B3FE0A48FBF7B0FEB8
:107B40000023094A09489360C2E90033084AC2E9A0
:107B500000339360FBF7A4FE08BD00BF0823002498
:107B6000D8220024C0220024B02200248C22002429
:107B7000A0220024134B70B5134C9868FDF748FC05
:107B8000D4E90056AE4216D1206818B1A168091A8E
:107B900007F081FC0D48F9F72FFB0D4B9868FDF7B6
:107BA00091FC0C4B9868FDF78DFC0B4BBDE87040C9
:107BB0009868FEF744BC05F128006035FEF76EF9C1
:107BC000E0E700BF88220024A0220024B022002485
:107BD000BC220024D42200240423002401481AF0EB
:107BE00068BD00BF20250024416811B10068FEF780
:107BF00001BF7047F8B5436806461BB3124F134CDC
:107C00003D68BFF35B8F15F001050ED1384607F0D4
:107C100044FC50B104F108030D482572C4E9003555
:107C200022F035FF384607F044FC314607481AF089
:107C3000DCFDD4E9000102F03FF93220BDE8F84054
:107C400002F0E2BEF8BD00BF1C2500242025002460
:107C5000DD7B020808B570B1B0F1005F06D3B0F16A
:107C6000804F01D314F071F814F06CF88000BDE877
:107C7000084007F021BC08BD00F1080373B503609C
:107C80000446D1E900530F2B05EB0306019306D9F7
:107C9000002201A91AF0ECFC019B2060A36032468F
:107CA000294620681AF079FD019B22680021636053
:107CB000D15402B070BD000000F1080373B5044652
:107CC0000D46036011B90F4814F045F80846F8F75F
:107CD00067FB0F2805EB0006019007D9002201A9D8
:107CE00020461AF0C5FC019B2060A360324629465D
:107CF00020681AF057FD019B226800216360D1546F
:107D000002B070BDEC36050838B5044608460D468D
:107D1000F8F746FB63680246C3F17F5303F57F1310
:107D200003F57F533F33984202D9044814F016F804
:107D300029462046BDE838401AF01ABFE75D05081D
:107D400008B50B18104493ED007AD0ED007AB4EE2C
:107D5000677AF1EE10FA0CD10A4B48685168002896
:107D600008BF1846002908BF1946F8F7B9FAC00F2E
:107D700008BDB4EEE77AF1EE10FACCBF0120002086
:107D8000F6E700BF4A6E0508F8B504460D460668DA
:107D900054F8047C314628463A46FFF7D1FF08B92B
:107DA0002660F8BD44F80479F2E7126809680068B3
:107DB000FFF7C6BF2DE9F84F1F46531E05468846FC
:107DC00003EBD37316460C464FEA6309A14528DC42
:107DD000F3070CD4023E06EBD676B4EB660F06D161
:107DE0006300013355F8232045F824201C46661E05
:107DF000DDF8289006EBD6767610A0454FEA840A87
:107E000024DA55F826403A4648462146FFF798FFBF
:107E1000E0B1731E45F80A40344603EBD3735E109D
:107E2000EBE7611C0AA84FEA410B05EBC1010BF11E
:107E3000FF3A05EB8A02FFF7B8FF002808BFDA46D1
:107E400055F82A3045F824305446BFE745F80A7003
:107E5000BDE8F88F8142F7B505460E46019202D083
:107E6000041DA64201D103B0F0BD2A46214601A857
:107E7000FFF79BFF80B1621B2768042A08DDC2F16F
:107E800004002946204424F0A3FF2F600434E8E7CF
:107E900004BF2B682360F8E701992046FFF774FFC1
:107EA000F4E738B5044604B938BDE068FFF7F9FFD8
:107EB00004F11000A5681AF0FCFB20462C212C468A
:107EC00007F0E9FAEFE738B5044604B938BDE068D1
:107ED000FFF7F9FF04F11000A5681AF0EAFB20464D
:107EE0002C212C4607F0D7FAEFE7F8B500F1080788
:107EF0000C460546076008461AF0B3FB04F1080675
:107F0000626860B1013203D03146384626F0B9FDCF
:107F1000636826606B60002363602372F8BD23688A
:107F20002B60A368AB60F3E72DE9F04F044687B000
:107F300090461F460D4600F1040A2B1B402B20DD06
:107F40004FEAA309B8F1000F1ED1A9F1020676107D
:107F500054F826304A46314620460097FFF72AFF5C
:107F600066B1013EF4E755F8043D00212268204641
:107F70002A602A1B00979210FFF71CFF2B1B042B73
:107F8000F1DC07B0BDE8F08F4FEAE30B514605A8DE
:107F9000059704EB8B03564603932B1F039A02931A
:107FA000FFF703FFD4F80090029AB0B1039905A837
:107FB000FFF7FBFE28B154F82B20226044F82B90E9
:107FC00013E0029A514605A8FFF7EFFE50B155F8AD
:107FD000043C236045F8049C07E0514605A8FFF7E0
:107FE000E4FE30B36368C4E90039A9460597334617
:107FF0001E461946224605A8FFF7D7FE331D002866
:10800000F6D1A9F1040B5A46214605A8D946FFF737
:10801000CCFEABF1040B0028F5D14E4511D308F18D
:10802000FF3829463B46304642463546FFF77CFF3F
:1080300083E7DDE9022105A8FFF7B7FE0028BAD0E3
:10804000C5E73368D9F8002046F8042BC9F800309A
:10805000CDE710B50446006818B1A168091A07F009
:108060001AFA204610BD38B5044604B938BDE06898
:10807000FFF7F9FF04F12800A568FFF7EAFF04F114
:1080800010001AF016FB204634212C4607F003FAA4
:10809000EBE770B50E468568041D0DB9204670BD2E
:1080A00005F110003146F9F702FC0028D5E902235A
:1080B0000ABF2C461D461546EFE738B5456804460D
:1080C0005DB105F12800FFF7C4FF05F110001AF0BB
:1080D000F0FA3421284607F0DEF9204638BD2DE9B4
:1080E000F341066802AB04461746456806F10408EA
:1080F00003E90600A9B9424513D002F1100105F1C8
:108100001000F9F7D4FB43463A46294608F0FFFD34
:1081100073692846013373610023636002B0BDE8D0
:10812000F0810120EFE700002DE9F84FD0E9008A47
:1081300093466FF06047AAEB080205468946B7EB05
:10814000A20F4FEAA20302D11B4813F007FEC2455B
:1081500014BF1A4601229B1802D29F4228BF1F4615
:10816000A9EB08043846FFF775FDDBF80030002C5A
:108170000646035103DD2246414624F029FEAAEBC0
:10818000090A0434BAF1000F344404DD524649466A
:10819000204626F076FC5444B8F1000F05D0A968BB
:1081A0004046A1EB080107F076F9C5E9006406EB4B
:1081B0008706AE60BDE8F88F003905080A4610B59D
:1081C000D0E90114A14204D0126841F8042B4160A7
:1081D00010BDFFF7A9FFFBE72DE9F34706462C206A
:1081E00089461C4607F068F900F1100706F1040AF9
:1081F000804621683846FFF778FE0023CA454D4681
:10820000C8F8283011D173693BB13469394604F19B
:108210001000F9F74CFB00285AD13A46314668461F
:10822000F9F788FEDDE900542EE009F11004384624
:108230002146F9F73CFB80B1F3684B450BD048462B
:1082400008F063FD394604461030F9F730FB00288A
:10825000E3D0E368D3B12C4616E039462046F9F75F
:1082600026FB50B334694C4532D0484608F049FDEE
:10827000044600F110013846F9F719FB0028CCD06C
:10828000D9F80C3033B1254604B30DB9A24502D15B
:10829000012005E04C4604F110013846F9F707FBD0
:1082A000534622464146444608F031FD7369013386
:1082B0007361204602B0BDE8F0874C4638461AF09C
:1082C000F8F92C21404607F0E6F8F2E72C46F5E7EE
:1082D000002CDBD1F2E700002DE9FF41071D8046AD
:1082E0000E4685683C46B5B9A74205D004F1100199
:1082F0003046F9F7DCFA48B102AB21460C4A404659
:10830000009303AB0396FFF767FF044604F12800D0
:1083100004B0BDE8F08105F110003146F9F7C7FA65
:108320000028D5E902230ABF2C461D461546DAE788
:10833000397605082DE9F04FA14DB7B0A14E0027C1
:108340002AAC13900FCD0FC495E803002AAD84E842
:1083500003000724013C40F0B6809B48A346A24698
:10836000A146A0462746CDE91C44FDF747FB1490E3
:108370009648FDF743FB15909548FDF73FFB169097
:108380009448FDF73BFB17909348FDF737FB189097
:108390009248FDF733FB19909148FBF788FA0546A0
:1083A0008F48FBF786FA0E941A90CDE91144CDE977
:1083B0000F441A9B9D4240F0948086491EA8FFF707
:1083C0007BFC1EA97F48FFF787FF8449056824A826
:1083D000FFF772FC24A97B48FFF77EFF7A49066805
:1083E0002AA8FFF769FC2AA97648FFF775FF0368FA
:1083F000764930A81A93FFF75FFC30A97148FFF760
:108400006BFF199B4FF400710C93189B0B93179BF8
:108410000A93169B0993159B0893149B07931A9B29
:10842000026870480692704ACDE90463119B039379
:10843000109BCDE901530F9B00930E9B24F0B2FBE0
:1084400030A81AF036F92AA81AF033F924A81AF03D
:1084500030F91EA81AF02DF96248F7F7A1FF139B17
:1084600001466048002B00F0D180FEF7C3FA1DAB37
:1084700052464146204603931CABCDF80090CDE90F
:1084800001B33B46FAF744FE1D9B4FF40071574A77
:1084900001931C9B53480093129BCDE906ABCDE999
:1084A0000489CDE9024724F07DFB4E48F7F778FFB9
:1084B000139B01464B48002B00F0AE80FEF79AFA62
:1084C00037B0BDE8F08F55F8041B30A8FFF7F4FB78
:1084D00030A93046FFF700FF076030A81AF0E9F82E
:1084E00038E7434B30A86968002908BF1946FFF7F1
:1084F000E3FB319B23B930A83C351AF0DAF858E792
:10850000304B3C4E9B68F3B93A4B9E4207D006F184
:10851000100130A8F9F7CBF9002800F083802C492E
:1085200030A8F8F7FBFCAE6900B3A86B3444C8B1BF
:108530003149F7F7D5FEA8B90F9B01330F93129B72
:1085400033441293D7E730A903F110001B93F9F7D6
:10855000AEF91B9B0028D3E902210ABF1E460B4639
:108560001346D0E70E9B01330E93E8E71A4930A873
:10857000F8F7D4FC70B1A86BB04438B11E49F7F7D6
:10858000AFFE18B9119B01331193D8E7109B01334B
:108590001093D4E70F4930A8F8F7C0FC08B137446E
:1085A000CDE70E4930A8F8F7B9FC08B1B144C6E7E9
:1085B000054930A8F8F7B2FC00B3B244BFE700BFEA
:1085C000C836050838250024343905083839050827
:1085D000223905082B3905083C39050841390508B9
:1085E000EC0B00241C2300245E6005088261050852
:1085F0004A6E05083C250024A93B05080B4930A814
:10860000F8F78CFC00289AD0B34498E701F054FCAA
:10861000322002F0F9F92AE701F04EFC322002F094
:10862000F3F94DE7B36A0133B36278E738390508E7
:108630000020FFF77FBEFFF7FBBF0120FFF77ABEE8
:108640002DE9F04104460F4690468D680E1D01202D
:1086500045B908B3FB68B34211D125606660204676
:10866000BDE8F08105F110014046F9F720F9002836
:108670002E46D5E9022314BF15461D46E8E73046CD
:1086800008F043FB0546414605F11000F9F70FF9E4
:1086900020B100232360E1E73546F4E7C4E9005048
:1086A000DDE72DE9F8431E460B1D04460F469A42AE
:1086B000154613D14B694BB10D69314605F11000D8
:1086C000F9F7F5F810B10023236027E03246394668
:1086D0002046FFF7B5FF2046BDE8F88302F11009F8
:1086E00030464946F9F7E3F88046C8B1FB68AB422B
:1086F00002D123606360EEE7284608F006FB3146AE
:1087000080461030F9F7D3F80028DFD0D8F80C30C5
:108710001BB92360C4F80480DDE725606560DAE7F3
:1087200031464846F9F7C3F8B0B13B69AB4202D1D4
:10873000C4F80080DEE7284608F0E3FA804600F13E
:1087400010013046F9F7B3F80028BFD0EB68002BD2
:10875000BAD0C4F80080DDE7C4E90050BBE72DE9DA
:10876000FF4180460E46FFF794FC044608F10403DF
:10877000984205D000F110013046F9F798F810B38F
:108780003420CDF8008006F097FE00F11007054672
:1087900031463846FFF7A9FB002201953B462A6384
:1087A0004146C5E90A2202AD22462846FFF779FF75
:1087B000039B6BB1684695E80600FFF790FC044602
:1087C0006846FFF77AFC04F1280004B0BDE8F081A8
:1087D000029CF5E710B50C1A1346042C07DD014680
:1087E0002246184624F0F4FA0346181910BD04BFB7
:1087F00002681A60F9E700002DE9F04F98468FB043
:10880000164605468A46D2E90037FF1AB810FFF728
:1088100021FA04460744024603900597D6E9000171
:10882000FFF7D8FFA0420746A0EB0409049017D039
:108830004FEAA902014643462046B2FA82F2C2F14B
:108840001F025200FFF770FBB9F1400F2FDD04F15A
:108850004006424620463146FFF7FCFAB74220D197
:108860002C492846FFF750FA043C514628464FEA67
:10887000A9090026284FFFF747FADFF8B4A02846D9
:10888000DFF8B0B02549FFF73FFA4E4515D124492E
:108890002846FFF739FA03A8FFF7DBFB0FB0BDE866
:1088A000F08F304641460436FFF76EFAD6E742466F
:1088B00039462046FFF7CEFAD2E71EB139462846A0
:1088C000FFF722FA51462846FFF71EFA636828464A
:1088D00001365968002908BF5946FFF715FA1149B2
:1088E0002846FFF711FA54F8043F0F4A2021434469
:1088F00006A893ED007AB7EEC77A8DED007B24F0E1
:1089000051F906A92846FFF7FFF908492846FFF75D
:10891000FBF9BAE7E439050877370508246205084A
:108920009B6F0508326205083D6205084262050832
:10893000286205084A6E05082DE9F0418368A2EB1C
:1089400001081746026804460E469B1A98451BD933
:10895000194B984502D9194813F000FA4FEAA800BC
:10896000FFF778F93946024605463046FFF732FFF1
:10897000206818B1A168091A06F08DFD25604544EC
:10898000C4E90155BDE8F0814568AD1AA84508D88D
:1089900039463046FFF71EFF63689842F2D06060A8
:1089A000F0E70D4430462946FFF714FF6268394668
:1089B0002846FFF70FFFF2E7FCFFFF7F4462050840
:1089C0002DE9F04F2DED0C8BADF5557D17460023AD
:1089D00005461DAA0DF15C080726DFF828934FF025
:1089E000000A13918DF85C3018931B938DF8743046
:1089F0001E9321938DF88C3024932793CDE91F2269
:108A000023AACDE91988CDE92522013E31D1B1460D
:108A1000DFF82CA3139B994559D19FEDB98A23AC5C
:108A20002598F0EE488AA04240F08180B54D28A8F4
:108A3000DFF810932C46B449FFF73EF954F8048B45
:108A400054A801364146FFF737F954A916A8FFF795
:108A500086FE08230246414628A8FFF7CDFE54A80B
:108A600019F027FE062E78D0494628A8FFF74CF9C2
:108A7000E4E759F8044B54A82146FFF71DF954A91F
:108A800016A8FFF76CFE00221146FFF755FF54A809
:108A900019F00FFE214654A8FFF70EF954A91CA89F
:108AA000FFF75DFE00221146FFF746FF54A819F0BC
:108AB00000FE214654A8FFF7FFF854A922A8F9F7B1
:108AC000CDF9C0F800A054A819F0F3FD9DE729786E
:108AD000C3468E48FAF7F4FE016854A8002908BF7F
:108AE0005146FFF7E9F8189C84B9C34507D00BF14C
:108AF000100154A8F8F7DBFE002800F0A38154A869
:108B000009F10109183519F0D4FD83E704F11000CB
:108B100054A9F8F7CCFE0028D4E902230ABFA346E3
:108B20001C461446E0E70468C4E104680BE24269AD
:108B30004AB10369134413F8013C2B2B06D1D0ED45
:108B40000A7A78EEA78A08F0DCF86CE72D2B04BFD0
:108B5000D0ED0A7A38EE278AF5E728A86C49FFF7A6
:108B6000D3F828A8002F00F0C880FFF73DF8694926
:108B70002EA8FFF7A1F82EA922A8F9F76FF96649E8
:108B800090ED009A34A8FFF797F834A922A8B7EE21
:108B9000C99AF9F763F9614990ED00AA3AA8FFF77D
:108BA0008BF83AA922A8B7EECAAAF9F757F95C4997
:108BB00090ED00BA40A8FFF77FF840A922A8B7EED1
:108BC000CBBAF9F74BF9574990ED00CA46A8FFF721
:108BD00073F846A922A8B7EECCCAF9F73FF9524973
:108BE00090ED00DA4CA8FFF767F84CA922A8B7EE81
:108BF000CDDAF9F733F938EE887A4C4A4FF4007140
:108C0000B7EEC77A8DED107BB7EEC87A8DED0E7B8F
:108C1000B7EEE87A8DED0C7B90ED007A54A8B7EEB4
:108C2000C77A8DED08DB8DED0A7B8DED06CB8DEDE2
:108C300004BB8DED02AB8DED009B23F0B3FF4CA880
:108C400019F037FD46A819F034FD40A819F031FDA0
:108C50003AA819F02EFD34A819F02BFD2EA819F012
:108C600028FD002F74D054A8F7F79AFB014654A8AA
:108C7000FDF7C0FE07242E4EDFF8CC8040A8DFF8B9
:108C8000CC902C49FFF718F8013C6CD140A82A4938
:108C9000FFF73AF840A8002F00F0B680FEF7A4FFD7
:108CA0000724184DDFF89C8046A82449FFF704F8F4
:108CB000013C40F0AC8046A81F49FFF725F846A8C4
:108CC000002F00F0BC80FEF78FFF46A819F0F1FCE2
:108CD00040A819F0EEFC28A819F0EBFC2498FFF747
:108CE000F2F81E98FFF7BFF91898FFF7BCF90DF5D9
:108CF000557DBDEC0C8BBDE8F08FFEF77BFF36E7B2
:108D000000000000F80E060875620508EC0B002450
:108D10002062050834390508383905082239050864
:108D20002B3905083C39050841390508B9620508A1
:108D3000C5630508966305089C5D0508D4630508AE
:108D40004A6E050877370508985E05083D620508F4
:108D500054A94CA8FEF7B0FF4CA8FEF74BFF4CA857
:108D600019F0A7FC86E755F804BB314640A8FEF78A
:108D7000CBFF594640A8FEF7C7FF414640A8FEF783
:108D8000C3FF59464CA8FEF797FF4CA91CA8FFF754
:108D9000E6FC82464CA819F08CFCDAE900329A42D3
:108DA0000BD159464CA8FEF787FF4CA916A8FFF730
:108DB000D6FC82464CA819F07CFCDAE900239A42E2
:108DC00004D1664940A8FEF79FFF5DE71146DFED3D
:108DD000646A51F8040BD0ED037A8B4276EEA76AF1
:108DE000F7D19B1A20214A464CA89B1007EE903AD7
:108DF000F8EE677A86EEA77AB7EEC77A8DED007B3C
:108E000023F0D0FE4CA9DDE7FEF7F4FE48E755F865
:108E1000046B414646A8FEF777FF31464CA8FEF7A3
:108E20004BFF4CA91CA8FFF79AFC0C2302463146C5
:108E300046A8FFF7E1FC4CA819F03BFC38E7FEF729
:108E4000D9FE42E70BF128000DF1880B4CA94C9597
:108E5000FFF7B4F954A95846F8F756FF23AB044678
:108E6000984205D004F1100154A8F8F720FD20B372
:108E70002C20CDF818B106F01FFB00F1100354A907
:108E8000159018461493FEF7F7FE159A00214CA88A
:108E9000149B9162594647922246F8F749FF4D9B31
:108EA0004CA8002B3FF43FAE90E8060046A8F8F728
:108EB000FBFD044646A8F8F7B8FDD4ED0A7A95ED17
:108EC000057A286977EE877AC4ED0A7A00283FF49C
:108ED00016AE2449F7F704FA00287FF410AE0DF11E
:108EE000700B54A95846FFF7D4F81DAB04469842BE
:108EF00005D000F1100154A8F8F7D9FC30B33420A4
:108F0000CDF818B106F0D8FA00F1100354A9159065
:108F100018461493FEF7B0FE159A00214CA8149B36
:108F200011634792C2E90A1122465946FFF7B9FB7D
:108F30004D9B4CA8002B3FF4F8AD90E8060046A8E6
:108F4000FFF7CDF8044646A8FFF7B7F84CA904F19F
:108F500028004C95FFF732F9D1E500BFCE63050834
:108F600000000000566005080122FFF729BD00003F
:108F7000044B0022191D1A719A605A61C3E903114A
:108F8000704700BF38250024014B9868FEF789BF61
:108F900038250024074B82B0D3F8F42042F00202B7
:108FA000C3F8F420D3F8F43003F002030193019BDB
:108FB00002B07047004402581FB50368B3F1804FF8
:108FC00017D1214B1C20D3F8E82042F00102C3F84E
:108FD000E8200022D3F8E830114603F001030193A2
:108FE000019B02F01BF81C2005B05DF804EB02F0B9
:108FF00047B8164A934213D1134B3720D3F8E820D1
:1090000042F02002C3F8E8200022D3F8E8301146ED
:1090100003F020030293029B02F000F83720E3E7FD
:109020000B4A93420CD1084BD3F8E82042F48072EB
:10903000C3F8E820D3F8E83003F480730393039B6C
:1090400005B05DF804FB00BF004402580014004066
:109050000020004070B5BEB005461422002109A8CA
:1090600023F0D0FEC02200210EA823F0CBFE2B68F7
:10907000964A934254D1022200230EA8CDE90E2332
:1090800003F092FE08B1FBF7A5FC914B4FF4C054DE
:1090900001269048D3F8E82009A942F40022C3F839
:1090A000E820D3F8E82002F400220192019AD3F8D4
:1090B000E02042F00102C3F8E020D3F8E03003F0F2
:1090C00001030293029B0223CDE909430323824C4F
:1090D000CDE90B6306230D9302F064FF4023DFF814
:1090E0000CC24FF480622046A360C4E900C3002391
:1090F000C4E90332C4E90533C4E90733636202F00B
:1091000057F908B1FBF766FC342000220321EC6715
:10911000A56301F083FF342001F0B2FF3EB070BDC3
:109120006E4A934242D1012200230EA8CDE90E23BC
:1091300003F03AFE08B1FBF74DFC654B0024022614
:109140000725D3F8F02009A9654842F01002C3F8BA
:10915000F020D3F8F02002F010020392039AD3F823
:10916000E02042F00202C3F8E020D3F8E0300D9591
:1091700003F002030493049B4023CDE90B44CDE9A3
:10918000093602F00FFF8023012009A90D95CDE9D2
:1091900009360323CDE90B03514802F003FF2520D4
:1091A0002246214601F03AFF2520B5E74D4A934279
:1091B00042D1022200230EA8CDE90E2303F0F4FDD4
:1091C00008B1FBF707FC424B002402260725D3F821
:1091D000E82009A93F4842F40032C3F8E820D3F858
:1091E000E82002F400320592059AD3F8E02042F01C
:1091F0000102C3F8E020D3F8E0300D9503F001033D
:109200000693069B0423CDE90B44CDE9093602F011
:10921000C9FE082301212F480D95CDE90936032306
:10922000CDE90B1309A902F0BDFE262022462146F6
:1092300001F0F4FE26206FE72B4A93427FF46EAFD5
:10924000022200230EA8CDE90E2303F0ADFD08B1E4
:10925000FBF7C0FB1E4B002402260725D3F8E820AD
:1092600009A91F4842F48022C3F8E820D3F8E82077
:1092700002F480220792079AD3F8E02042F002021B
:10928000C3F8E020D3F8E0300D9503F00203089313
:10929000089B4FF48063CDE90B44CDE9093602F019
:1092A00081FE4FF40063012209A90D480D95CDE917
:1092B00009360323CDE90B2302F074FE2720224652
:1092C000214601F0ABFE272026E700BF004C0040FE
:1092D0000044025800000258241C002400100140E1
:1092E00000040258004400400048004010000240C2
:1092F0000C2008B5FCF70EF8FEE71EF0040F0CBFBB
:10930000EFF30880EFF30980FCF707B8F5E708B53D
:109310000920FBF7FFFFFBE708B50A20FBF7FAFF80
:10932000FBE708B50B20FBF7F5FFFBE7704770473D
:10933000704701F037BE0000014802F061BC00BF79
:10934000241C00244FF4007002F01FBF014804F0F9
:109350001FBC00BF841F0024014804F0FBBF00BFF6
:10936000C41D0024014804F0F5BF00BF301D0024D7
:10937000014804F0EFBF00BF9C1C00244FF4804064
:1093800002F003BF014804F0E5BF00BF581E0024EF
:10939000014804F0FDBB00BF381F002401207047C6
:1093A00008B525F037FB162303604FF0FF3008BDEA
:1093B00008B525F02FFB16230360FEE770B50D46B8
:1093C00014460E46731B9C4201DC204670BDAFF371
:1093D000008006F8010BF5E770B50D4614460E4601
:1093E000731B9C4201DC204670BD16F8010BAFF3E5
:1093F0000080F5E74FF0FF3070474FF40053002036
:109400004B60704701207047002070470B4A0346AD
:10941000116810B509B90A491160106809490A4C68
:109420000344091B8B4206D925F0F4FA0C23036090
:109430004FF0FF3010BD1360FCE700BF542500243F
:1094400088D301240000082400400000254AD2F8F7
:10945000883043F47003C2F88830234A136803F05D
:109460000F03062B05D8136823F00F0343F00703FF
:1094700013601E4B1A6842F001021A6000221A6142
:109480001B4A19680A4018491A600A68120705D56C
:109490000A6822F00F0242F007020A600022154912
:1094A0009A61DA611A6299621349D96213491963A0
:1094B0005A639963DA6319645A64196821F4802144
:1094C00019601A660E4B1B686FF30F03B3F1005F50
:1094D00003D20C4B0122C3F808210B4B43F2D202FA
:1094E0001A60704700ED00E000200052004402586E
:1094F0007FEDF6EA000202020000FF018002010196
:109500000010005C00800051004000520FB400B514
:10951000C3B04FF4807144AB02A853F8042B0193FD
:1095200023F038FC002809DDFF284FF47A7302A9E4
:10953000A8BFFF2082B2044805F035FD43B05DF8B6
:1095400004EB04B0704700BF581E0024436837B5D1
:1095500004460D4613B9002003B030BD002201A916
:109560000068019222F0DEF9019B22689A42F2D053
:109570001B78002BEFD128600120EDE730B545F6D0
:10958000A52389B041F22104ADF8003087238DF87E
:1095900003000DF101008DF802304FF6FF738DF8D6
:1095A000052000228DF80410ADF806208DF8082063
:1095B00010F8011F83EA012308211DB201395B0065
:1095C000002D9BB2B8BF634011F0FF01F5D101320D
:1095D00092B2072AECD18DF809301B0A0B2269469A
:1095E0008DF80A304FF47A73024805F0DCFC09B0BC
:1095F00030BD00BF581E002400F1080373B503609E
:109600000446D1E900530F2B05EB0306019306D95D
:10961000002201A919F02CF8019B2060A3603246BA
:109620002946206819F0B9F8019B2268002163607F
:10963000D15402B070BD531A0F2B73B504460D46BA
:109640001646019306D9002201A919F011F8019BD1
:109650002060A36032462946206819F0A3F8019BD8
:10966000226800216360D15402B070BD2DE9F04141
:1096700004460E4602F108050027B442A5F1080091
:1096800001D1BDE8F081204645F8085C18F0E9FFFB
:1096900004F10808626888B1013203D041462846C7
:1096A00025F0EFF963682046183545F81C3C277211
:1096B000C4E9008718F0FDFF1834DEE7236845F899
:1096C000083CA3682B60EDE7C31F58425841704720
:1096D000072830B50D4685B014462CD1012A11D18A
:1096E0000B78013B022B16D810220021684623F08C
:1096F00089FB69460020F9F75FFF297868B90022E5
:10970000072003E03AB9114622460120FFF736FF51
:10971000012005B030BD2978F6E79DF80030002B18
:10972000EDD0064B1A7812B100220A20EEE7044A67
:1097300011701C70ECE70020EBE700BF5E250024F1
:109740005D25002408B5054804F090FD044804F0A8
:109750008DFD0448BDE8084004F088BDC41D002408
:10976000301D00249C1C002410B5084C236843B90C
:10977000074804F07BFD074804F078FD064804F034
:1097800075FD23680133236010BD00BF58250024F8
:10979000C41D0024301D00249C1C00241A4B1A6890
:1097A00010B57AB31A68013A1A601B6853BB174B9D
:1097B0001B7803F0FF042BBB21464FF400721448C2
:1097C00023F020FB21464FF40072124823F01AFBCD
:1097D00021464FF40072104823F014FB4FF400723E
:1097E0000B490E4805F034FE4FF4007209490C484D
:1097F00005F02EFE4FF4007207490A48BDE81040FC
:1098000005F026BE10BD00BF582500245C250024AD
:109810005F8900245F8700245F850024C41D002425
:10982000301D00249C1C002408B5FFF78BFF024B61
:1098300001221A7008BD00BF5C250024054B1B786F
:1098400003F0FF0023B9044B1868003818BF01204B
:10985000704700BF5C25002458250024214B37B5F4
:109860001A7802F0FF04EAB179220DF107011E48CF
:109870008DF8072000221A706423012205F093FB63
:109880001A4B1B4A1A60BFF34F8FBFF34F8F194912
:10989000194BCA6802F4E0621343CB60BFF34F8FE9
:1098A00000BFFDE7154A1378D3B1154B21461D784B
:1098B0001470EDB21C702846F9F7EEFE58B103287B
:1098C0000BD0F9F763FE02460A20294603B0BDE833
:1098D0003040FFF753BE0246F7E722460820F4E780
:1098E00003B030BD5C250024581E00240000002079
:1098F000AD1007B000ED00E00400FA055E2500247D
:109900005D2500242DE9F84FD0E90068204B05467D
:10991000A8EB06040F469146E4105C431D4B9C42A5
:1099200002D11D4812F01AFAB04514BF2246012296
:10993000A1EB060BA41827D244B39C4228BF1C46B7
:109940001820604305F0B8FD824649460AEB0B003B
:10995000FFF752FE394652463046FFF787FE414632
:1099600000F118023846FFF781FE074626B1A968C4
:109970003046891B05F08FFD182303FB04A3C5E9BE
:1099800000A7AB60BDE8F88F1C46D9E7A246DCE72C
:10999000ABAAAAAA55555505003905082DE9F04F7F
:1099A0000C46C7B00146002800F0D281002C00F020
:1099B000EE80021915AE42F2014413A81396FFF788
:1099C0003AFEDDE9137545B90024AC421DD0385D7F
:1099D00022F098F878B10134F7E77B1913F8013CCD
:1099E0000D2BF1D824FA03F3DB07EDD513A818F0FB
:1099F0008DFFE6E74546AC4207D205F1FF3817F880
:109A0000080022F07FF80028F4D12B1B224613A96E
:109A100007A819F043FA13A818F04BFE0022924948
:109A200007A819F0ACF90446002840F08F8124A85B
:109A300012F0F4F98D4B8E4924934B68ADF8044134
:109A400053F80C2C896802F58C72139340946A4485
:109A5000CDE94244CDE9444442F8CC1C214614945B
:109A600053F80C0C13AB184412F0C2F9814B1CA82C
:109A70001B941393143324937F4BCDE91744CDE902
:109A80001534CDE9194406F045FB7C4B1D94159324
:109A900020ABDDE907121E9319B912B1784812F014
:109AA0005AF90A441EA8FFF7C6FD0821304618F0EF
:109AB000F9FB314624A812F09BF900230FAA069364
:109AC0008DF83C30CDE90433CDE90D230DA913A861
:109AD00005F018FD036853F80C3C1844436913F073
:109AE000050FDDE9059217D00DA818F0E2FD13A8C7
:109AF00018F0B4FC049FA9EB070BBBF1180F07D0BB
:109B000007F1180518D95F492846F7F707FA98B101
:109B10005D48FFF7FBFC2CE0914507D00DA94846B6
:109B2000FFF76AFD09F118030593CFE70DAA49462F
:109B300004A8FFF7E7FEC9E754492846F7F7EEF90E
:109B400058B3534D0021102213A823F05BF913A939
:109B5000E0B2F9F731FD58B1159B21469DF8582028
:109B600028460193149B00939DF84C30FFF7CEFCE0
:109B70008CB13C464C4540F0E48027B1069938460C
:109B8000C91B05F088FC012407A818F092FD2046A7
:109B900047B0BDE8F08F0124D4E7BBF1300F13903C
:109BA00001D83C48B5E7039013A907F13000FFF74F
:109BB000CDFC0028F5D0DDF84C8008F1FF32022AF8
:109BC000EFD835492846F7F7A9F906465FFA88FA2B
:109BD00000B3039BBBF1480F13930BD81399504666
:109BE000F9F73AFD032811D92C4A41462C48FFF7D2
:109BF0008DFCBEE713A907F14800FFF7A7FC00287A
:109C0000ECD141462748FFF781FCB2E7264B53F8D9
:109C10002020EAE725492846F7F780F900287CD07C
:109C2000BBF1480F49D913A907F148001396FFF774
:109C30008DFC10B1139D012D02D941461C48E2E76D
:109C4000EDB229465046F9F727FD002861D00328D8
:109C50002A46414696BF144B104B53F82030154806
:109C6000FFF754FC85E700BF0F6405088C32060837
:109C70008C390608A8390608003A06082C39060867
:109C8000EC360508156405081A640508146505080E
:109C90001A65050871650508AA650508733E05087B
:109CA000AF650508E8650508200F06082E6605085B
:109CB00034660508BC6605080126F5B200211022AD
:109CC00013A823F09FF813A92846F9F775FC30B1C3
:109CD0009DF84C301BB19DF858305345B1D0002E43
:109CE000EAD0E5B20021102213A823F08BF813A9C3
:109CF0002846F9F761FC30B19DF84C301BB19DF856
:109D00005830002B9DD014B1414612487BE73446B1
:109D1000E7E72A464146104869E710492846F7F721
:109D2000FDF858B15046F9F77BFD0328414696BF30
:109D30000B4B0C4A53F820200B4858E707990B4867
:109D400061E72046183418F0B4FC13E700241BE741
:109D500004461CE777660508176705085B67050872
:109D6000200F0608733E0508606705089967050817
:109D7000F8B5164E04460D4642F20147064454B16A
:109D800016F8010D0D2803D827FA00F3DB070DD4D0
:109D900021F0B8FE50B92846F6F702FBA04213D1D5
:109DA0000A4F2C44A54204D10120F8BD013CA4B2C5
:109DB000E5E717F8010B21F0ADFE064615F8010B9B
:109DC00021F0A8FE8642EDD00020EEE75F250024BA
:109DD000531A0F2B73B504460D461646019306D948
:109DE000002201A918F044FC019B2060A3603246C8
:109DF0002946206818F0D6FC019B22680021636088
:109E0000D15402B070BD00002DE9704381468846F0
:109E1000154600F08FFE10BB6B1EB3F5007F1ED2FF
:109E2000114C2378072B1AD8104E4FF401721048AA
:109E3000414633785343C21800F8039004335580E9
:109E40002A46184424F01DFE3378013303F007033B
:109E5000337023780133DBB22370BDE87083054A89
:109E6000136801331360F8E7849B0024869B002469
:109E7000608B0024809B0024F8B500F108070C4695
:109E800005460760084618F0ECFB04F10806626816
:109E900060B1013203D03146384624F0F2FD6368E8
:109EA00026606B60002363602372F8BD23682B601B
:109EB000A368AB60F3E70000F8B50446C8200D4680
:109EC000FBF70EFA1CB3002D21DD00F033FEF0B9D4
:109ED0000F4B1B78DBB10F4E0F4F4FF40041304654
:109EE00002F048F960B100F025FE80B9CA20FBF706
:109EF000F7F92146AAB20948BDE8F84004F0C6B80F
:109F0000C920FBF7EDF9384602F07AF9E5E7F8BD2C
:109F10004C000024000C0258D01F0024581E0024BE
:109F20002DE9F0410446D2200D46FBF7D9F92CB3B8
:109F3000002D23DD00F0FEFD00BB114B1B78EBB1C3
:109F4000104E114F4FF40041304602F013F970B13A
:109F500000F0F0FD90B9D420FBF7C2F92146AAB277
:109F60004FF47A730948BDE8F04105F01CB8D320DE
:109F7000FBF7B6F9384602F043F9E3E7BDE8F081B4
:109F80004C000024000C0258D01F0024581E00244E
:109F90002DE9F04105460C46A34F00F0CBFD38B14A
:109FA000BD422BD0A14B9D422BD0A14A95420FD050
:109FB000A04EB54228D1BD4276D19F4DFFF73EFC61
:109FC00048B32A68D36843F00103D360BDE8F08149
:109FD0009D429A4B9A4E0EBF022003201E46B4F5B6
:109FE000007F03D82246314600F0E4FD4FF40072B2
:109FF00031462846BDE8F04105F02ABA0120914ECD
:10A00000EDE702208E4EEAE700224FF400518E4821
:10A0100002F0B6F8CFE740F22D10FBF761F9894B5B
:10A020005CB11A1912F8012C0A2A06D0B4F5007F87
:10A030003FBF0A221A550134A4B229681B78CA68A6
:10A040007B2B22F001024FEA02424FEA1242CA6021
:10A050001CD122467B49012000F0ACFD18B92146F5
:10A060007848FFF729FF4FF4007276496E4805F0F3
:10A07000EFF92A68D36843F00103D36001224FF45B
:10A0800000517148BDE8F04102F07AB840F2371053
:10A09000FBF726F922466B490120FFF7B5FE4FF486
:10A0A0009C70FBF71DF9DEE7604B9D423FD1624D8E
:10A0B000FFF7C4FB002884D14FF49770FBF710F929
:10A0C0005F4B5CB11A1912F8012C0A2A06D0B4F5BC
:10A0D000007F3FBF0A221A550134A4B229681B78B9
:10A0E000CA687B2B22F001024FEA02424FEA124279
:10A0F000CA600ED122465249022000F05BFD18B919
:10A1000021464F48FFF7D8FE4FF400724C494748AC
:10A11000ADE740F24110FBF7E3F822464849022040
:10A12000FFF772FE4FF4A170FBF7DAF8ECE7404B53
:10A130009D4240D1404DFFF781FB00287FF441AFA5
:10A1400040F22F10FBF7CCF83C4B5CB11A1912F817
:10A15000012C0A2A06D0B4F5007F3FBF0A221A5507
:10A160000134A4B229681B78CA687B2B22F0010253
:10A170004FEA02424FEA1242CA600ED122462F49EC
:10A18000032000F017FD18B921462C48FFF794FE74
:10A190004FF400722949264869E740F24B10FBF75B
:10A1A0009FF8224625490320FFF72EFE4FF4A670A4
:10A1B000FBF796F8ECE7B5427FF460AF00F0BAFC2D
:10A1C00020B14FF4C04221491A4813E74FF4987068
:10A1D000FBF786F800F026FA30B921461B4800F05C
:10A1E00093FA08B1FFF7AEFA00F01CFA20B121464D
:10A1F000164800F0A9FAE4E700F09CFC05460028A8
:10A20000DFD113492046FFF7B3FD10B1114B1D708C
:10A21000D7E711492046FFF7ABFD0546F0B10D4BDE
:10A2200001221A70CDE700BFC41D0024301D002498
:10A230009C1C0024581E0024841F00245F850024D9
:10A240005F8700245F890024000802585F250024EE
:10A25000E86705084C000024ED670508042C15D9B3
:10A26000DFF8B4802B4F18F8010B21F053FC0646A1
:10A2700017F8010B21F04EFC864207D10135052D60
:10A28000F1D121462448FCF733FC9AE723492046C4
:10A29000FFF76EFD68B1FFF7D1FA0446002890D1B0
:10A2A00000F04EFC1E4B1C701E4B1C701E4B1C7095
:10A2B00087E7194E21463046F8F7AEFE002880D1D8
:10A2C0001A492046FFF754FD054610B1FBF7C6FBBF
:10A2D00077E7012C0FD9337803F0DF034D2B0AD138
:10A2E000707821F017FC642801D1114B98E76C2895
:10A2F00001D10F4B8BE70F492046FFF739FD0028AE
:10A300003FF475AF4FF4FA6000F07EFBFDF7E4FB1D
:10A3100057E700BF4A6005085F250024025505087D
:10A32000849B0024859B0024869B0024577305088A
:10A33000BC0B0024FD5C0508294B984210B504466F
:10A340001AD1FFF77BFA014620B12046BDE8104044
:10A3500003F08CBF4FF40072224822F053FD4FF4FB
:10A3600000722049204605F073F81F4B1A68D36825
:10A3700043F00103D36010BD1C4B98420DD1FFF791
:10A380005DFA01460028E0D14FF40072184822F02F
:10A3900039FD4FF400721649E4E7164B98420DD18F
:10A3A000FFF74CFA01460028CFD14FF40072124853
:10A3B00022F028FD4FF400720F49D3E70F4B98426B
:10A3C000D9D14FF4C04200210D4822F01BFD204698
:10A3D0004FF4C0420A49BDE8104005F039B800BF4B
:10A3E000C41D00245F890024841F0024301D002424
:10A3F0005F8700249C1C00245F850024581E0024D5
:10A400005F250024F8B54F680646536808460C4699
:10A4100015461F4418F0E0F9B8420FD2284618F04C
:10A42000DBF9B8420AD322460021284618F086FB01
:10A4300001463046FFF720FD3046F8BD294620464C
:10A4400018F0CAFBF4E700002DE9F0433E4DADF5EE
:10A450001F7D3E4E3E4F00F06DFB044618B972B6AC
:10A460002B7823B962B60DF51F7DBDE8F0833178F6
:10A470004FF401731EA859437B1817F8019004315B
:10A48000B3F802803944424624F0FBFA33780133B2
:10A4900003F0070333702B78013BDBB22B7062B6FD
:10A4A00009F1300208AB012106A8D2B2069318F0D8
:10A4B0005AF9284A0EAB0CA8511E0C93FFF788FCE2
:10A4C0000CAA06A912A8FFF79DFF1AAB18A81893AB
:10A4D0001EAB03EB08021946FFF77AFC18AA12A973
:10A4E0006846FFF78FFF18A818F0E3F812A818F0D5
:10A4F000E0F80CA818F0DDF806A818F0DAF81AABA6
:10A500001893DDE900830F2B08EB0309129307D999
:10A51000224612A918A818F0ABF8129B18901A93AB
:10A520004A464146189818F038F9129B189A0021AB
:10A53000199318A8D154F8F71FFC18A818F0B9F807
:10A54000684618F0B6F886E7849B0024859B0024B3
:10A55000608B00249A5E0508024601444FF6FF70A6
:10A5600070B541F2210512F8013B082480EA03206E
:10A5700006B24300002E98B204F1FF33B8BF684022
:10A5800013F0FF04F4D19142EDD170BD08B5102253
:10A590000021074822F036FC064B00224FF4005100
:10A5A00005481A700122BDE8084001F0E9BD00BF6E
:10A5B0001CBC012418BC01240008025838B5074D02
:10A5C00001462C68844207D9241A054822460144D2
:10A5D00022F0FEFB2C6038BD0024FBE70C9C00241D
:10A5E000109C002400B545F6A52389B0ADF80030D5
:10A5F00082238DF803000DF10200019106218DF8F0
:10A600000230FFF7A9FF4FF47A730A226946ADF8CA
:10A610000800034804F0C7FC09B05DF804FB00BF64
:10A62000581E0024074B187850B9074B187838B9D2
:10A63000064B187820B9064B1868003818BF01205F
:10A64000704700BF1CBC012418BC012410BC0124AD
:10A650000C9C0024274B1B78F0B5274C8BB0002BAB
:10A6600042D0264D26486968F8F7BAFFAB6806461F
:10A67000984237D10090224A6B68A9786878F8F739
:10A68000C9FF6E6820B904276878F8F785FF00E0F5
:10A690000027FFF77BFF48F20143A7702380666025
:10A6A000617845F6A520A2786368ADF808000DF141
:10A6B0000A008DF80A1006218DF80B200393FFF78E
:10A6C0004BFF4FF47A73ADF810000A2202A90D482F
:10A6D00004F069FC58B9C4E900000BB0BDE8F040D3
:10A6E000FFF75CB80627CFE72378002BD8D10BB053
:10A6F000F0BD00BF18BC012410BC01241CBC012407
:10A70000105C0124581E002410B5A0B1C1B142183C
:10A710000C4C12F8013D7BB10A3BDBB2162B03D87F
:10A7200024FA03F3DB0707D4012909D10178A1F149
:10A7300042035842584110BD013989B20029E8D17D
:10A740000020F8E7090040002DE9F74F06460C46C7
:10A75000A34FDFF8A082002E00F03E81002C00F015
:10A760003D8197F800A0BAF1000F14D1DFF88C9268
:10A77000D9F80080B8F1000F78D121463046FFF7B4
:10A78000C3FF0546002846D0FFF74EF801252846AE
:10A7900003B0BDE8F08F0025D7F804B0621BD7F8EE
:10A7A0000CA07119ABEB0A03934286BF134690B21B
:10A7B00098B21AFA83F99AB22844CB4585B20ED3DF
:10A7C000BBF5C04F0BD808EB0A0024F05AF9CB4573
:10A7D000C7F80C901CD1834B01221A7012E07878D4
:10A7E000F8F7DAFE4FF4C0420021404622F00AFB9F
:10A7F000FFF7CCFE7C4B48F20142C3F804A01A805C
:10A8000004229A70AC42C1D92E44651BACB2A2E7B7
:10A81000AC42C1D8BAE73378A52B27D0DFF8D09166
:10A82000DFF8DCB116F8082008F1010A0A2A40F026
:10A83000B580B9F800105846FFF7B0F8002300289B
:10A8400018BF0546C9F800303B78002B00F0B580F2
:10A85000A24580F0B280611E06EB0A00A1EB080160
:10A8600089B2FFF771FF002891D08FE7A044B8F5B7
:10A87000404F15D8D9F8008022465C4D31464444FB
:10A8800005EB0800EE1C24F0FCF8AB1CC9F80040F6
:10A890000193D9F80020012A1AD9544B01200AE06B
:10A8A0000023B4F5404FC9F80030E3D96EE7411CEE
:10A8B0008A420FD0084613F8011BA529F7D1197851
:10A8C0005A29F4D1013805D1D9F80030022B08D823
:10A8D00055465CE7FFF772FED9F80030012BF3D83C
:10A8E000F6E795F802B0BBF1020F0AD05846FEF722
:10A8F000EBFE044630B901204FF0010AFFF75EFE7F
:10A90000C7E7082404F10508D9F800209045DFD8EE
:10A91000611C36F804A0019889B2FFF71DFE82453C
:10A92000E9D1BBF1020F33D1082C05D0214601201B
:10A93000FFF758FE4046DFE7D5F803A0D5F807B08B
:10A940000AF1FF32B2F5C04F02D351460420EFE7BF
:10A950000024F8F70BFEFFF719FE254A214625488B
:10A9600014604FF4C042C9F8004022F04BFAFEF7E1
:10A97000FBFE01224FF400511F483A802246BC7072
:10A98000FC60C7E901AB01F0FBFB51462046CFE775
:10A99000224631465846FEF79BFECBE70D2A0CD0E7
:10A9A000D9F800307F2B8DBF0023591C0BF80320F2
:10A9B000C9F8003098BFC9F800101FFA8AF3D046D2
:10A9C0009C423FF62FAF002D7FF4E0AE084B1D6890
:10A9D000003D18BF0125DAE63546D8E62546D6E61D
:10A9E0001CBC012418BC012410BC0124109C0024B0
:10A9F000889B0024105C0124000802580C9C002451
:10AA00008C9B00247047000070B50A4E0025044658
:10AA1000336830465D6203F013F80A235C43A542B5
:10AA200004D30448BDE8704003F044B833685D6A5D
:10AA300000BFF4E7EC1E002430B5084D14688C42CA
:10AA400008D2035D093BDBB2172B03D825FA03F3C9
:10AA5000DB0700D430BD01341460EFE71300800041
:10AA6000F8B51F46136806460D468B42144601D3BF
:10AA70000020F8BD5A1C2260C35C222BF8D13A603A
:10AA80002168A942F4D24A1C2260735C222B06D1B1
:10AA90003B680120D21A069B013A1A60E9E71F2B96
:10AAA000E6D95C2BECD1AA42E2D202312160B15C42
:10AAB0000029DDD0752912D104232268AA42D7D2F9
:10AAC000511C2160B25CA2F13001092904D922F0A5
:10AAD0002002413A052ACBD8013BEED1D0E703480A
:10AAE00022F0A7F90028CBD1C2E700BFF367050821
:10AAF00073B505468DF807100D4E00F05FFA044659
:10AB0000052301220DF10701284604F04CFA68B133
:10AB1000022802D0002002B070BD304601F070FB68
:10AB200000F04CFA031B312BEAD9F3E70120F2E7DE
:10AB3000D01F0024014B1878704700BFA3BF012429
:10AB4000144B1A782DE9F04702F0FF0402BB0122F2
:10AB5000114F124E1A70DFF850A0114BDFF84C90D5
:10AB6000DFF84C800025184641460AF8045009F8E1
:10AB70000450013423F07DFF0346032C47F8045BA7
:10AB800003F1600306F8015BECD1064B01221A7059
:10AB9000BDE8F087A3BF012430BC01242CBC0124F4
:10ABA0007CBE0124A2BF01249FBF01249CBF0124BD
:10ABB000225D05085D4B1B782DE9F04F0D46A1B0D5
:10ABC00003F0FF097BB1441EE3B2022B00F2A88020
:10ABD000002900F0A88001EB020BDFF86881DFF8A4
:10ABE00068A15D4503D1484621B0BDE8F08F15F856
:10ABF000011B0A2940F085804D4B1B5D002B6DD059
:10AC00004C4B1B5D002B69D11AF80430002B65D129
:10AC1000C022494E58F8247002FB046605AA394642
:10AC200005933046FFF708FF059B9F4256D903F175
:10AC3000010CF35C7B2BCDF814C04FD1FFF7FCFE69
:10AC400007AB009306ABFFF70BFF002846D0079A2F
:10AC5000072A43D106983949304422F0A9F8002840
:10AC60003CD105AA39463046FFF7E6FE059B9F42D8
:10AC700034D903F1010CF35C3A2BCDF814C02DD17B
:10AC8000FFF7DAFE07AB009306ABFFF7E9FE28B348
:10AC9000079A531E5E2B21D8069908A803923144C7
:10ACA00023F0EFFE039A3946304602F180030DEBA4
:10ACB0000302002302F8603C05AAFFF7BDFE059BD6
:10ACC0009F420BD903F1010CF35C7D2BCDF814C02E
:10ACD00004D1FFF7B1FE059B9F4205D0002348F841
:10ACE00024300AF804307CE7154B602008A900FBEB
:10ACF000043023F0BEFEBFF35F8F0E4B01221A55C6
:10AD0000ECE758F82430BF2B08D85A1C0A4848F8FA
:10AD10002420C02202FB0402D15462E70123E0E7B1
:10AD20004FF000095FE789465DE700BFA3BF01243C
:10AD30009CBF01249FBF01243CBC0124FC67050883
:10AD40007CBE012430BC01242CBC0124484B1A7861
:10AD50002DE9F04102F0FF05ADF5047D002A68D031
:10AD60000022444C0126562143481A702670FFF7F2
:10AD7000BFFE00B92070562140486670FFF7B8FE4C
:10AD800000B96070012356213D48A370FFF7B0FE63
:10AD900000B9A07000F012F93A4F0646DFF80081C2
:10ADA00000F00CF940F2DB52831B934245D9EFF3DC
:10ADB000108272B6002323706370A37082F3108830
:10ADC000314B4FF4007104A80293304BA3F16002A1
:10ADD0000193C03B00922E4A21F0E4FE431E04463C
:10ADE000B3F5FF7F16D800F0E9F82A4F05462A4E42
:10ADF000DFF8AC80D7F88830202B2FD14FF40041FA
:10AE0000304601F0B7F948B36423A2B204A921483F
:10AE100004F0C9F852211848FFF76AFE522117487A
:10AE2000FFF766FE52211648FFF762FE1B4B002219
:10AE30001A700DF5047DBDE8F0812A460023E15C1F
:10AE400019B1F95C002908BF00220133032BF6D1A8
:10AE5000002AACD1404601F0D3F9A1E700F0AEF8EA
:10AE6000401BB0F5967FD5D2404601F0C9F9C1E745
:10AE7000A2BF01249CBF0124C41D0024301D002456
:10AE80009C1C00249FBF01244D0000243CBF0124D2
:10AE900004680508581E0024000C0258A3BF0124B2
:10AEA000D01F0024DFF838D0FFF7ACFDFEF7CEFA54
:10AEB0000C480D490D4A002302E0D458C450043315
:10AEC000C4188C42F9D30A4A0A4C002301E01360EB
:10AED0000432A242FBD323F0A3FDF9F7DDFD704756
:10AEE0000000082400000024200300241448060861
:10AEF0002003002484D30124FEE7000038B50F4B63
:10AF000005461A780AB9012038BD4FF47A73B3FBAD
:10AF1000F2F30B4A1068B0FBF3F000F0BFF8044600
:10AF20000028F0D10F2DEED8024629464FF0FF3011
:10AF300000F074F8034B20461D60E5E76100002433
:10AF4000480000246400002410B5032000F054F8E9
:10AF500001F030FC0F49104A8B69C3F30323D35C23
:10AF600003F01F03D8408B6903F00F03D35C0B4A37
:10AF700003F01F0320FA03F31360094B18600F203E
:10AF8000FFF7BCFF044618B9FEF704F8204610BDD1
:10AF90000124FBE700440258100F06084400002477
:10AFA00048000024034A044B11681B780B441360CB
:10AFB000704700BFA4BF012461000024014B186842
:10AFC000704700BFA4BF012438B50446FFF7F6FF61
:10AFD0000546631C1EBF044B1B78E418FFF7EEFF09
:10AFE000431BA342FAD338BD61000024014B18680B
:10AFF000000C70470010005C07490302CA6803F4A4
:10B00000E06322F4E0621204120C134343F0BF63C6
:10B0100043F40033CB60704700ED00E0164B30B5D1
:10B02000DC68C4F30224C4F10703251D042B28BFE8
:10B030000423062D4FF0FF358CBF033C002405FA96
:10B0400003F3002805FA04F521EA030322EA0502C6
:10B0500003FA04F343EA02034FEA0313DBB206DB0D
:10B0600000F1604000F5614080F8003330BD00F031
:10B070000F00024A1354F9E700ED00E014ED00E080
:10B08000002807DB0123410900F01F00024A83402A
:10B0900042F82130704700BF00E100E00138B0F114
:10B0A000807F0BD24FF0E023054AF0215861002049
:10B0B00082F82310072298611A61704701207047B7
:10B0C00000ED00E0F0B5DFF844C10468876D644529
:10B0D00045D04C4DAC4242D01835AC423FD018352B
:10B0E000AC423CD01835AC4239D01835AC4236D0E1
:10B0F0001835AC4233D01835AC4230D005F5567512
:10B10000AC422CD01835AC4229D01835AC4226D0F0
:10B110001835AC4223D01835AC4220D01835AC429B
:10B120001DD01835AC421AD01835AC4217D0364D68
:10B13000AC4214D01435AC4211D01435AC420ED010
:10B140001435AC420BD01435AC4208D01435AC42A7
:10B1500005D01435AC4202D01435AC4248D1D0E908
:10B1600019566E60C56E15B1D0E91C566E60644507
:10B17000C56D86682DD0234884422AD01830844279
:10B1800027D01830844224D01830844221D018307F
:10B1900084421ED0183084421BD01830844218D00C
:10B1A00000F55670844214D01830844211D0183003
:10B1B00084420ED0183084420BD01830844208D01C
:10B1C0001830844205D01830844202D018308442AE
:10B1D0000FD13F2005F01F0500FA05F5BD6020687E
:10B1E00020F480202060402E636008D1A260E160DE
:10B1F000F0BD05F01F050120A8407860F3E7A160CD
:10B20000E260F5E7280002400854025810000240AE
:10B210000368024623498B4210B531D018318B4266
:10B220002ED018318B422BD018318B4228D01831B8
:10B230008B4225D018318B4222D018318B421FD03F
:10B2400018318B421CD001F556718B4218D0183141
:10B250008B4215D018318B4212D018318B420FD04F
:10B2600018318B420CD018318B4209D018318B42E7
:10B2700006D018318B4203D023F0FF00906510BD3B
:10B28000DCB218210848103CB4FBF1F101F00701D1
:10B290005F2C415C23F47F7020F00300D16588BFF0
:10B2A0000430EBE710000240300F06080268204926
:10B2B000D3B28A4228D014318A4225D014318A422E
:10B2C00022D014318A421FD014318A421CD014314A
:10B2D0008A4219D014318A4216D014318A4213D0CE
:10B2E0001821103BB3FBF1F312491144A8291CD9D2
:10B2F00003F18052012103F01F0302F5024201FA1B
:10B3000003F30D4992000CE01422083B0121B3FB2A
:10B31000F2F303F1B05201FA03F3084902F51642C1
:10B3200092008366C0E9182170470833E0E700BF48
:10B3300008540258F0FBFDBF8008024080580258B4
:10B340000279511E072910B521D80368134CA34276
:10B350001ED01434A3421BD01434A34218D014348A
:10B36000A34215D01434A34212D01434A3420FD0F8
:10B370001434A3420CD01434A34209D0084B134414
:10B38000084A9B00C0E91B3201238B40436710BD74
:10B39000054B1344054A9B00F4E700BF08540258CC
:10B3A0003F820010400902403F9600164059025863
:10B3B000F8B50446FFF702FE0646002C00F0A9800F
:10B3C00023686F4DAB4264D06E4A934261D018320D
:10B3D00093425ED0183293425BD01832934258D0D9
:10B3E0001832934255D01832934252D018329342B9
:10B3F0004FD002F5567293424BD01832934248D048
:10B400001832934245D01832934242D018329342B8
:10B410003FD0183293423CD01832934239D0183280
:10B42000934236D0584A934240F02F81022284F84A
:10B430003520002284F83420A2681868402A6FF36F
:10B44000101000F04081A2F180014A424A4192036B
:10B45000D4E90316314366693143A6693143E6698D
:10B460003143266A40EA161040EAD10120460A43D9
:10B470001A60464A1A441423B2FBF3F29200E265C2
:10B48000FFF7C6FEE36D03F01F0201239340436004
:10B4900092E0022284F83520002284F834201A68D1
:10B4A00022F001021A6022681368DB0727D41368B0
:10B4B0003748A1691840D4E902363343266933433B
:10B4C00066693343E6690B433343266A3343666A4E
:10B4D000042E43EA000302BFD4E90B0738430343B9
:10B4E0002C4800686FF30F00B0F1005F1BD3606859
:10B4F0002E2810D8282816D943F4801313E0FFF71C
:10B500005DFD801B0528CED920236365032384F8C5
:10B5100035300120F8BD3F38132804D81E4F27FAD4
:10B5200000F0C707E8D41360042E536923F0070323
:10B5300043EA060336D1A06AE66A034396B339B9F3
:10B54000012815D030F002012CD1F0012AD512E0EB
:10B55000B1F5005F22D1032824D801A151F820F0D1
:10B5600077B502084BB5020877B5020871B5020835
:10B57000B6F1C07F16D1402363650123C7E700BF42
:10B58000100002402800024008540258F8ABFDA702
:10B590003F8010FE0010005C0F030F000228EAD964
:10B5A0000328D2D053612046FFF732FEE36D03F04B
:10B5B0001F023F23934083602368AB4245D0454A36
:10B5C000934242D0183293423FD0183293423CD03B
:10B5D0001832934239D01832934236D018329342FF
:10B5E00033D01832934230D002F5567293422CD0A9
:10B5F0001832934229D01832934226D018329342FF
:10B6000023D01832934220D0183293421DD01832E2
:10B6100093421AD01832934217D02F4A934214D033
:10B620001432934211D0143293420ED0143293420A
:10B630000BD01432934208D01432934205D0143206
:10B64000934202D01432934219D120460025FFF7CD
:10B650002DFEA368226E802B04BF00236360636805
:10B66000D9B2013B1160072BD4E9192151602CD8C4
:10B67000FFF766FEE36E1D60D4E91C325A600020BD
:10B680000123606584F8353044E7144A93423FF45F
:10B69000CDAE143293423FF4C9AE143293423FF41C
:10B6A000C5AE143293423FF4C1AE143293423FF41C
:10B6B000BDAE143293423FF4B9AE143293423FF41C
:10B6C000B5AE402321E71022C2E6C4E91B556567E9
:10B6D000D5E700BF28000240085402581C54025805
:10B6E00070B50546002800F0DA8090F83400012893
:10B6F00000F0D780012085F8340095F83500012846
:10B700004FF0000040F0C6800224674E85F83540B7
:10B710002C686865B4421ED0644884421BD018303F
:10B72000844218D01830844215D01830844212D088
:10B73000183084420FD0183084420CD01830844224
:10B7400009D000F55670844205D01830844202D0EA
:10B7500018308442FFD0206820F001002060284685
:10B76000FFF7B0FCB4422A6C53D0504B9C4250D0EF
:10B7700018339C424DD018339C424AD018339C4217
:10B7800047D018339C4244D018339C4241D01833E0
:10B790009C423ED003F556739C423AD018339C42EB
:10B7A00037D018339C4234D018339C4231D01833F0
:10B7B0009C422ED018339C422BD018339C4228D068
:10B7C00018339C4225D0236823F00E0343F00A036C
:10B7D0002360002A54D1364B9C4225D0354B9C42E5
:10B7E00022D014339C421FD014339C421CD01433FB
:10B7F0009C4219D014339C4216D014339C4213D06F
:10B8000014339C4210D02368002043F001032360CE
:10B8100070BD236823F01E0343F0160323601AB1A2
:10B82000236843F0080323602B6E1A68D2032CD4DC
:10B83000EB6E1BB11A6842F480721A60B442E2D017
:10B840001A4B9C42DFD018339C42DCD018339C4208
:10B85000D9D018339C42D6D018339C42D3D0183359
:10B860009C42D0D018339C42CDD003F556739C42F5
:10B87000C9D018339C42C6D018339C42C3D0C2E70B
:10B88000236843F004032360A5E71A6842F480723A
:10B890001A60CDE74FF4006385F834006B65012032
:10B8A000B6E70220B4E700BF1000024028000240C3
:10B8B000085402581C540258F8B50546FFF77EFBA1
:10B8C000074645B195F83530022B06D080236B65CD
:10B8D000002385F834300120F8BD2C687C4EB4423A
:10B8E0005BD07C4B9C4258D018339C4255D01833C7
:10B8F0009C4252D018339C424FD018339C424CD0BB
:10B9000018339C4249D018339C4246D003F55673F5
:10B910009C4242D018339C423FD018339C423CD0CA
:10B9200018339C4239D018339C4236D018339C428D
:10B9300033D018339C4230D018339C422DD023682A
:10B9400023F00E032360644B9C422FD12A6EB44235
:10B95000136823F4807313603DD05E4B9C423AD051
:10B9600018339C4237D018339C4234D018339C4251
:10B9700031D018339C422ED018339C422BD0183330
:10B980009C4228D003F556739C4224D018339C4225
:10B9900021D018339C421ED01DE0236823F01E03E3
:10B9A0002360636923F080036361CFE74B4B9C42C4
:10B9B000CCD014339C42C9D014339C42C6D014332B
:10B9C0009C42C3D014339C42C0D014339C42BDD09F
:10B9D00014339C42BAD0236823F001032360236808
:10B9E000DB0747D42B68EA6DB342A86D02F01F0253
:10B9F0004BD038498B4248D018318B4245D0183152
:10BA00008B4242D018318B423FD018318B423CD010
:10BA100018318B4239D018318B4236D001F556712E
:10BA20008B4232D018318B422FD018318B422CD020
:10BA300018318B4229D018318B4226D018318B42D5
:10BA400023D018318B4220D018318B421DD00121D8
:10BA500001FA02F24260204A93421AD1D5E9193222
:10BA60005A60EB6E5BBB0123002085F8353085F80A
:10BA7000340031E7FFF7A2FAC01B0528AFD9202315
:10BA80006B65032385F8353022E73F2393408360BD
:10BA9000E4E7124A9342E1D014329342DED01432EA
:10BAA0009342DBD014329342D8D014329342D5D093
:10BAB00014329342D2D014329342D4D1CEE71A68D2
:10BAC00022F480721A60D5E91C325A60CBE700BFBD
:10BAD0001000024028000240085402581C5402582A
:10BAE00008B528B190F83530022B03D08023436588
:10BAF00001205DE003683F4A934251D018329342DF
:10BB00004ED0183293424BD01832934248D018325C
:10BB1000934245D01832934242D0183293423FD0DC
:10BB2000183293423CD002F55672934238D0183204
:10BB3000934235D01832934232D0183293422FD0EC
:10BB4000183293422CD01832934229D018329342A3
:10BB500026D01832934223D01A6822F00E021A60BF
:10BB60001A6822F001021A60234A934221D1026E20
:10BB7000136823F480731360D0E9161303F01F02D7
:10BB8000012393404B60D0E919325A60C36E2BB346
:10BB90001A6822F480721A60D0E91C325A601DE0E3
:10BBA000042280F835201A6822F001021A60002071
:10BBB00008BD124A9342DAD014329342D7D01432DD
:10BBC0009342D4D014329342D1D014329342CED087
:10BBD00014329342CBD014329342C8D0012380F860
:10BBE0003530002380F83430036D002BDFD09847C8
:10BBF000DDE700BF10000240085402581C540258F0
:10BC000000232DE9F34101930446844B844F1E68C1
:10BC10000368856DBB42D5F80080D5F800C047D0D9
:10BC2000804A934244D01832934241D01832934212
:10BC30003ED0183293423BD01832934238D018325B
:10BC4000934235D01832934232D002F55672934265
:10BC50002ED0183293422BD01832934228D018326B
:10BC6000934225D01832934222D0183293421FD0EB
:10BC7000183293421CD01832934219D06A4A934228
:10BC800040F03681E16D04201A6801F01F01884000
:10BC900010EA0C0F00F05381560740F15081110457
:10BCA000686040F14481D30300F14781A36CA0E0B8
:10BCB000E26D082102F01F02914011EA080F0BD03B
:10BCC0001868400708D5186820F004001860A960BB
:10BCD000616D41F00101616528FA02F1C80709D5DB
:10BCE0005969090606D501219140A960616D41F0AD
:10BCF000020161650421914011EA080F07D018681C
:10BD0000800704D5A960616D41F0040161651021CF
:10BD100001FA02F212EA080F0FD0196809070CD5D0
:10BD2000AA601A6850036CD51B68190301D4236CF0
:10BD300000E0A36C0BB120469847E26D202102F091
:10BD40001F02914011EA080F7AD02368BB422DD020
:10BD5000344883422AD01830834227D01830834297
:10BD600024D01830834221D0183083421ED018309E
:10BD700083421BD01830834218D000F5567083429E
:10BD800014D01830834211D0183083420ED01830AE
:10BD900083420BD01830834208D01830834205D03C
:10BDA0001830834202D01830834232D1186810F024
:10BDB000100F45D0A96094F83510042936D11968C0
:10BDC00021F016011960596921F080015961216C37
:10BDD00009B9A16C19B1196821F0080119603F2354
:10BDE0009340AB60012384F83530002384F834306D
:10BDF000236D002B00F09880204602B0BDE8F04192
:10BE000018471A68D20592D41A6822F008021A60FC
:10BE10008DE7186810F0020FCBE700BF4800002440
:10BE20001000024028000240085402581A685003CB
:10BE300043D51B6819034DD4636C0BB1204698475A
:10BE4000636D002B70D0636DDA074FD5042384F83F
:10BE500035302368BB421ED04F4A93421BD0183264
:10BE6000934218D01832934215D01832934212D010
:10BE7000183293420FD0183293420CD018329342AA
:10BE800009D002F55672934205D01832934202D07F
:10BE900018329342FFD01A6822F001021A604FF460
:10BEA0001652B6FBF2F6019A0132B242019213D950
:10BEB0001B68DB0714D4012313E01A6812F48072A4
:10BEC00008D1196821F010011960012384F8342089
:10BED00084F83530E36BB0E71A68D707E3D4E7E7B7
:10BEE000032384F83530002384F83430E36C80E792
:10BEF0002A4A93423FF4C6AE143293423FF4C2AE94
:10BF0000143293423FF4BEAE143293423FF4BAAEC1
:10BF1000143293423FF4B6AE143293423FF4B2AEC1
:10BF2000143293423FF4AEAE02B0BDE8F081970602
:10BF300003D41A6822F004021A60236C59E7022025
:10BF4000884010EA0C0F16D0960714D568601004CC
:10BF500003D5D1030DD4636C4BE712F0200208D156
:10BF6000196821F00A011960012384F8342084F84B
:10BF70003530E36B3DE70820884010EA0C0FD3D042
:10BF80001207D1D51A6822F00E021A60012303FAB3
:10BF900001F169606365A4E7280002401C5402585F
:10BFA000406D70472DE9F74F0023DFF8C4914FF043
:10BFB000B0440A6832FA03F502D103B0BDE8F08F4D
:10BFC000012505FA03F818EA020200F0BB804E686A
:10BFD00003274FEA430E06F0030507FA0EFC6F1E17
:10BFE0006FEA0C0C012F34D8876807EA0C0ACF6877
:10BFF00007FA0EF747EA0A078760476827EA080842
:10C00000C6F300179F4047EA08074760C768022D3C
:10C0100007EA0C088F6807FA0EF747EA0807C760B7
:10C0200019D14FEAD30803F0070A4FF00F0B00EBCA
:10C0300088084FEA8A0AD8F820700BFA0AFB27EA28
:10C040000B0B0F6907FA0AF747EA0B07C8F82070CD
:10C0500001E0032DDAD1076805FA0EF516F4403F2A
:10C0600007EA0C0745EA070505606BD0D9F8F450DC
:10C0700023F0030703F0030C4FF00F0E45F0020509
:10C0800007F1B0474FEA8C0CC9F8F45007F5806708
:10C09000D9F8F4500EFA0CFE05F002050195019D49
:10C0A000BD6825EA0E0E314DA8424DD005F58065DC
:10C0B000A8424BD005F58065A84249D005F58065BA
:10C0C000A84247D005F58065A84245D005F58065B2
:10C0D000A84243D005F58065A84241D005F58065AA
:10C0E000A8423FD005F58065A8423DD005F58065A2
:10C0F000A84214BF0A25092505FA0CF516F4801F7D
:10C1000045EA0E05BD606FEA020725680CBF3D4099
:10C11000154316F4001F256065680CBF3D401543AC
:10C1200016F4003F6560D4F884500CBF3D401543C1
:10C13000F603C4F88450D4F8805054BF3D401543F2
:10C14000C4F88050013334E70025D5E70125D3E753
:10C150000225D1E70325CFE70425CDE70525CBE769
:10C160000625C9E70725C7E70825C5E700000258E7
:10C17000004402580369194214BF0120002070478F
:10C180000AB1816170470904FBE74FF0B042D2F871
:10C190008810014208B503D0C2F88800F8F700FC07
:10C1A00008BD70B5044648B303684CF6CC4241F66E
:10C1B00001061A6045F255521A6042685A60826858
:10C1C0009A60FEF7FBFE05462368DA68520706D13F
:10C1D0001969E26891420DD01A61002070BDFEF726
:10C1E000EDFE401BB042EFD92368DB685907EBD066
:10C1F0000320F3E74AF6AA221A60EEE70120EDE7F2
:10C2000003684AF6AA2200201A607047024A13689F
:10C2100043F48073136070470048025838B5104CDF
:10C22000E36813F0040FE36805D103F00703181A5D
:10C2300018BF012038BD23F007031843E060FEF764
:10C24000BDFE054663689B0401D50020F2E7FEF7BA
:10C25000B5FE401BB0F57A7FF4D90120EAE700BFB4
:10C2600000480258F8B50446002874D00368D8077F
:10C270005ED42368990700F1AD802368DA0627D5DC
:10C280009C4A1369916A03F03803082B07D0182BD6
:10C2900040F0038101F00303012B40F0FE8013689E
:10C2A000DB0502D5E369802B55D1FEF79FFE41F2F5
:10C2B0000303216A98428F4B00F2E8805A682029D4
:10C2C00022F0F8420CBF42F0804242EA81625A609A
:10C2D0002368190700F1238123689A0600F144813D
:10C2E00023685D071ED5844D2B6843F480732B6053
:10C2F000FEF764FE06462B68DA0540F15A81A36812
:10C300007C4D012B40F05C812B6F43F001032B67C8
:10C3100041F28837FEF752FE764E0546336F9B0793
:10C3200040F17481616A002940F0778100202BE0A0
:10C33000704A1369916A03F03803102B05D0182B4B
:10C340000BD101F00303022B07D113689A0390D598
:10C350006368002B8DD1012016E06368654DB3F54D
:10C36000803F12D12B6843F480332B60FEF726FE0A
:10C37000604E054633689B033FF57BAFFEF71EFE1C
:10C38000401B6428F6D90320F8BDA3B92B6823F419
:10C3900080332B602B6823F480232B60FEF70EFE86
:10C3A00006462B689F037FF564AFFEF707FE801BF0
:10C3B0006428F6D9E7E7B3F5A02F2B6803D143F43F
:10C3C00080232B60CEE723F480332B602B6823F48B
:10C3D0008023CAE74749E2680B69886A13F038038B
:10C3E00003D0182B2AD1800728D10B685B0701D511
:10C3F000002AB0D03F4D2B6823F0190313432B6064
:10C40000FEF7DCFD06462B685F0711D5FEF7EEFD53
:10C4100041F20303226998426B6822D823F47C33EB
:10C42000402A0CBF43F4003343EA02336B6024E735
:10C43000FEF7C4FD801B0228E5D9A4E72D4D2B682B
:10C44000A2B123F0190313432B60FEF7B7FD064694
:10C450002B685807DAD4FEF7B1FD801B0228F7D904
:10C4600091E723F0FE4343EA0263DFE723F0010391
:10C470002B60FEF7A3FD06462B6859077FF5FDAE3E
:10C48000FEF79CFD801B0228F6D97CE7DA6822F0D3
:10C490007C5242EA0162DA601AE7E369154D6BB338
:10C4A0002B6843F080032B60FEF788FD06462B685F
:10C4B000DF0511D5FEF79AFD41F20303226A984287
:10C4C00010D86B68202A23F0F8430CBF43F0804358
:10C4D00043EA82636B60FBE6FEF770FD801B022877
:10C4E000E5D950E7EB6823F07C5343EA0263EB6045
:10C4F000EEE600BF00440258004802582B6823F0C3
:10C5000080032B60FEF75AFD06462B68D8057FF5A1
:10C51000DFAEFEF753FD801B0228F6D933E76369CF
:10C52000A34D83B16B6F43F001036B67FEF746FDCC
:10C5300006466B6F9B073FF5CFAEFEF73FFD801BB6
:10C540000228F6D91FE76B6F23F001036B67FEF734
:10C5500035FD06466B6F9F077FF5BEAEFEF72EFDDD
:10C56000801B0228F6D90EE7A369914D83B12B6891
:10C5700043F480532B60FEF721FD06462B68980498
:10C580003FF5AEAEFEF71AFD801B0228F6D9FAE69B
:10C590002B6823F480532B60FEF710FD06462B68B2
:10C5A00099047FF59DAEFEF709FD801B0228F6D9A0
:10C5B000E9E6FEF703FD801B64287FF69CAEE2E609
:10C5C000B3B92B6F41F2883723F001032B672B6F30
:10C5D00023F004032B67FEF7F1FC06462B6F980748
:10C5E0007FF5A0AEFEF7EAFC801BB842F6D9CAE69A
:10C5F000052B2B6F03D143F004032B6784E623F054
:10C6000001032B672B6F23F0040380E6FEF7D6FCB3
:10C61000401BB8427FF682AEB5E6654D2B6903F04C
:10C620003803182B78D02B68022923F080732B60F5
:10C6300065D1FEF7C3FC06462B68990159D4AB6A55
:10C64000A26A23F47C7323F003031343E26A43EAF0
:10C650000213AB62636BA26B013B013A5B021204F3
:10C660009BB202F4FE021343226B013AC2F30802AA
:10C670001343E26B013A120602F0FE4213432B63AE
:10C68000EB6A23F00103EB626B6BA26C6FF3CF03D9
:10C6900043EAC2036B63EB6A226C23F00C0313437F
:10C6A000EB62EB6A626C23F002031343EB62EB6A0A
:10C6B00043F48033EB62EB6A43F40033EB62EB6AE2
:10C6C00043F48023EB62EB6A43F00103EB622B68D7
:10C6D00043F080732B60FEF771FC354D04462B68E8
:10C6E0009A013FF523AEFEF769FC001B0228F6D93C
:10C6F00049E6FEF763FC801B02289DD943E6FEF75E
:10C700005DFC04462B689B017FF510AEFEF756FCDE
:10C71000001B0228F6D936E60129AA6A2B6B3FF4E2
:10C720001AAE02F00301A06A81427FF414AEC2F394
:10C730000512E16A8A427FF40EAE226BC3F3080150
:10C74000013A91427FF407AE626BC3F34621013A8E
:10C7500091427FF400AEA26BC3F30641013A9142CD
:10C760007FF4F9ADE26BC3F30663013A93427FF4C1
:10C77000F2AD6B6BA26CC3F3CC039A423FF4D6AD1F
:10C780000B4DEB6A23F00103EB62FEF717FC064644
:10C79000FEF714FCB042FBD06B6BA26C6FF3CF03BF
:10C7A00043EAC2036B63EB6A43F00103EB62BDE54E
:10C7B00000440258494B1A6902F03802102A30B579
:10C7C00000F08880182A0CD0002A40F085801A6872
:10C7D000434812F0200F03D01B68C3F3C103D840B5
:10C7E00030BD996A9D6ADC6A15F47C7FC5F305103B
:10C7F0005A6BF5D0C2F3CC0204F0010401F003013E
:10C8000007EE900A6243B7EE006A0129B8EEE77AB4
:10C8100006EE902AFAEEE96A4ED002293ED00029AF
:10C820004AD11A68920627D519682D4AC1F3C10169
:10C830001B6BCA40C3F3080307EE902AF8EEE75AD1
:10C84000C5EE877A07EE103AB8EEC77A37EE267A49
:10C8500037EE067A67EE877A204B1B6BC3F34623CD
:10C86000013307EE103AF8EEC76A87EEA67AFCEEBF
:10C87000C77A17EE900AB3E71B6BC3F3080307EE02
:10C88000903AF8EEE77A77EEA67A77EE867A9FED21
:10C89000156AC6EE076A67EEA67ADDE71B6BC3F37F
:10C8A000080307EE903AF8EEE77A77EEA67A77EE8D
:10C8B000867A9FED0D6AECE71B6BC3F3080307EE66
:10C8C000903AF8EEE77A77EEA67A77EE867A9FEDE1
:10C8D000076ADEE7064883E7064881E70044025816
:10C8E0000090D0030024744C20BCBE4B0024744A3A
:10C8F00040787D0100093D002DE9F0410D460446D8
:10C9000010B90120BDE8F081884A136803F00F03D5
:10C910008B42C0F0938023685F0700F19B801E0765
:10C920000BD583496069CA6902F07002904204D94C
:10C93000CA6922F070020243CA61D8060BD57C494D
:10C94000A069CA6902F4E062904204D9CA6922F47B
:10C95000E0620243CA6199060BD57549E0690A6A2B
:10C9600002F07002904204D90A6A22F07002024377
:10C970000A629A070BD56E49E0688A6902F00F02D5
:10C98000904204D98A6922F00F0202438A61DF07CC
:10C990006ED423689E0700F1A18064490A6802F002
:10C9A0000F02AA4200F2A880580700F1B1801907CF
:10C9B0000BD55F496069CA6902F07002904204D2E7
:10C9C000CA6922F070020243CA61DA060BD55849DF
:10C9D000A069CA6902F4E062904204D2CA6922F4F2
:10C9E000E0620243CA619B060BD5514AE169136AB2
:10C9F00003F07003994204D2136A23F070030B43CF
:10CA00001362FFF7D7FE4A494A4A8B69C3F30323EF
:10CA1000D35C03F01F03D8408B6903F00F03D35C92
:10CA2000454A03F01F0320FA03F31360434B1860D9
:10CA3000434BBDE8F0411868FEF760BA136823F075
:10CA40000F030B431360136803F00F038B427FF453
:10CA500058AF60E7364920698A6902F07002904257
:10CA60007FF65DAF8A6922F0700202438A6156E761
:10CA70002F4BA1689A6922F470620A439A61616837
:10CA80001A6802291DD112F4003F3FF43AAF1A6927
:10CA900041F28838264F22F007020A431A61FEF756
:10CAA0008DFA06463B69626803F03803B3EBC20FA8
:10CAB0003FF46FAFFEF782FA801B4045F2D90320A6
:10CAC00020E7032902D112F0007FDEE7012902D11D
:10CAD00012F4807FD9E712F0040FD6E71449E0681A
:10CAE0008A6902F00F029042BFF457AF8A6922F0C0
:10CAF0000F0202438A6150E70A6822F00F022A43BC
:10CB00000A600A6802F00F02AA427FF4FAAE4BE70D
:10CB1000074920698A6902F070029042BFF447AF6A
:10CB20008A6922F0700202438A6140E700200052C5
:10CB300000440258100F0608440000244800002456
:10CB40006400002408B5FFF735FE0B4A0B499369D2
:10CB50009269C3F3032302F00F02CB5C03F01F03BF
:10CB600020FA03F3885C064A00F01F0023FA00F065
:10CB70001060044A136008BD00440258100F0608F4
:10CB8000440000244800002408B5FFF7DBFF054BF4
:10CB9000054ADB69C3F30213D35C03F01F03D840DB
:10CBA00008BD00BF00440258100F060808B5FFF783
:10CBB000C9FF054B054ADB69C3F30223D35C03F0CD
:10CBC0001F03D84008BD00BF00440258100F0608DC
:10CBD000F8B5394C06460D46A36A03F00303032B50
:10CBE00067D0236823F080632360FEF7E7F90746E8
:10CBF00023681A0149D4A36A326823F47C3343EAD8
:10CC00000233A362B368F268013B013A5B0212048B
:10CC10009BB202F4FE0213437268013AC2F30802A7
:10CC200013433269013A120602F0FE421343A36332
:10CC3000E36A726923F0C0031343E362E36AB269F3
:10CC400023F020031343E362E36A23F01003E3625B
:10CC5000E36BF2696FF3CF0343EAC203E363E36A72
:10CC600043F01003E362E36AB5B943F40023E362DF
:10CC7000114C236843F080632360FEF79FF905465B
:10CC800023681B010FD5002005E0FEF797F9C01BB4
:10CC90000228ADD90320F8BD012D0CBF43F4801349
:10CCA00043F40013E3E7FEF789F9401B0228E7D9B4
:10CCB000F0E70120EFE700BF00440258F8B5394C17
:10CCC00006460D46A36A03F00303032B67D02368CF
:10CCD00023F080532360FEF771F9074623689A001A
:10CCE00049D4A36A326823F07C7343EA0253A362F7
:10CCF000B368F268013B013A5B0212049BB202F492
:10CD0000FE0213437268013AC2F308021343326908
:10CD1000013A120602F0FE4213432364E36A726989
:10CD200023F440631343E362E36AB26923F40073BC
:10CD30001343E362E36A23F48073E362636CF26992
:10CD40006FF3CF0343EAC2036364E36A43F480737F
:10CD5000E362E36AB5B943F48003E362114C2368EC
:10CD600043F080532360FEF729F9054623689B00B2
:10CD70000FD5002005E0FEF721F9C01B0228ADD930
:10CD80000320F8BD012D0CBF43F4000343F0807372
:10CD9000E3E7FEF713F9401B0228E7D9F0E701208B
:10CDA000EFE700BF004402582DE9F8430368054649
:10CDB00018011ED5AB6EB3F5001F2BD00FD8D3B121
:10CDC000B3F5801F1DD001262B68D90551D5AB6D59
:10CDD000042B4DD8DFE803F0243F46292900B3F5A2
:10CDE000401FF0D1854AA96E136D23F440130B4305
:10CDF00013650026E8E7814AD36A43F40033D3621F
:10CE0000F0E7022105F10800FFF7E2FE06460028E0
:10CE1000DAD1E7E7022105F12800FFF74FFFF5E738
:10CE2000764AD36A43F40033D36234461CBB734A58
:10CE3000A96D136D23F007030B4313652B689A0547
:10CE400028D5EB6D802B43D017D8A3B3402B38D017
:10CE5000012634461EE0002105F10800FFF7B8FE68
:10CE60000446E3E7002105F12800FFF727FFF7E775
:10CE700001263446E2E72646E0E7C02B02D0B3F5B0
:10CE8000807FE5D154BB5D4AE96D136D23F4E073F7
:10CE90000B4313652B685B0531D5D5F8A830B3F586
:10CEA000800F49D01CD8002B39D0B3F5001F3CD0DF
:10CEB0000126344623E0514AD36A43F40033D36257
:10CEC000E0E7002105F10800FFF782FE0446D9E7FC
:10CED000002105F12800FFF7F1FEF7E72646D9E724
:10CEE000B3F5C00F02D0B3F5000FE1D154BB434AF4
:10CEF000D5F8A810936D23F460030B4393652B685A
:10CF00001F0530D5D5F8AC30B3F1007F45D01BD824
:10CF1000B3B3B3F1807F39D00126344623E0374ADA
:10CF2000D36A43F40033D362E0E7002105F108003F
:10CF3000FFF74EFE0446D9E7002105F12800FFF770
:10CF4000BDFEF7E72646DAE7B3F1407F02D0B3F142
:10CF5000806FE1D13CBB294AD5F8AC10936D23F02A
:10CF6000E0630B4393652B68980128D5EB6C202B6D
:10CF70003BD01AD8DBB1102B31D0012634461EE04D
:10CF80001E4AD36A43F40033D362E3E7002105F17C
:10CF90000800FFF71DFE0446DCE7002105F128002C
:10CFA000FFF78CFEF7E72646DDE7302BE5D11CBB0B
:10CFB000124AE96CD36C23F030030B43D3642B6823
:10CFC000D9042CD52B6EB3F5005F74D018D8002B84
:10CFD00064D0B3F5805F67D0012634461FE0074A6E
:10CFE000D36A43F40033D362E1E7022105F108007C
:10CFF000FFF7EEFD0446DAE72646E0E70044025874
:10D00000B3F5405F02D0B3F5804FE5D1002C58D185
:10D010009D4A296E136D23F4E0430B4313652B687F
:10D020009A040BD56B6EB3F5003F64D04BD8002B40
:10D0300051D0B3F5803F57D0012634462B685B04AE
:10D040000CD5D5F8B030B3F1005F75D05BD8002BAC
:10D0500061D0B3F1805F68D0012634462B681F048D
:10D0600011D52B6FB3F1805F6ED0B3F1005F71D03B
:10D07000002B76D1002C77D1834A296F136D23F0D2
:10D0800040530B4313652B68D8017DD5AB6C032B44
:10D0900000F2BF80DFE803F06F6AB66F7A4AD36AA6
:10D0A00043F40033D362B1E7002105F10800FFF734
:10D0B0008FFD0446AAE7002105F12800FFF7FEFDD9
:10D0C000F7E72646ABE723F48032B2F5802F02D093
:10D0D000B3F5403FB0D1A4B96B4A696E136D23F428
:10D0E000E0230B431365A9E7012105F10800FFF7D1
:10D0F0006FFD0446EFE7012105F12800FFF7DEFD93
:10D10000F7E726469AE723F08052B2F1804F02D02B
:10D11000B3F1405FA0D1ACB95B4AD5F8B010936DC4
:10D1200023F0E0430B43936598E7012105F10800E4
:10D13000FFF74EFD0446EEE7012105F12800FFF759
:10D14000BDFDF7E7264689E74F4AD36A43F400332B
:10D15000D3628FE7012105F10800FFF739FD04468E
:10D1600088E7012634468EE726468CE7464AD36A8E
:10D1700043F40033D362002C4ED1434AA96CD36CE4
:10D1800023F003030B43D3642B6859024ED53F4F62
:10D190003B6843F480733B60FDF710FF80463B68BB
:10D1A000DA053BD5002C75D1374BD5F8B4001A6F92
:10D1B000424012F4407F0BD01A6F196F22F4407274
:10D1C00041F480311967196F21F4803119671A67AA
:10D1D000B0F5807F42D0D5F8B4302B4903F44072CB
:10D1E000B2F5407F4BD10869294A20F47C5002EA0D
:10D1F000131202430A61C3F30B03234A116F0B435B
:10D20000136713E0022105F10800FFF7E1FC044673
:10D21000B1E701263446B7E72646B5E7FDF7CEFE6F
:10D22000A0EB08006428BAD9032634462B68D80737
:10D2300009D5EB6F102B45D02ED8002B32D0082B00
:10D2400039D0012634462B68990751D5AB6F052B91
:10D2500064D8DFE803F0453F5D454545FDF7AEFE88
:10D26000DFF82480074641F28839D8F870309B07F0
:10D27000B1D4FDF7A3FEC01B4845F6D9D4E70A692F
:10D2800022F47C52B6E700BF00440258004802581E
:10D29000CFFFFF002646C9E723F00802202A01D06D
:10D2A000182BCED1A4B9204AE96F536D23F038036F
:10D2B0000B435365C7E7012105F10800FFF788FC20
:10D2C0000446EFE7012105F12800FFF7F7FCF7E737
:10D2D0002646B8E7012105F10800FFF779FC04466E
:10D2E000FCB9114AA96F536D23F007030B43536533
:10D2F0002B685A072BD5D5F89430052B00F26E8198
:10D30000DFE813F01A00140066011A001A001A0070
:10D31000012105F12800FFF7D1FCE0E701263446A2
:10D32000E6E72646E4E700BF00440258012105F184
:10D330000800FFF74DFC0446002C40F05281AA4A39
:10D34000D5F89410936D23F007030B4393652B6876
:10D350009B0610D5D5F89030B3F1005F00F06081E6
:10D3600000F24481002B00F04A81B3F1805F00F0AD
:10D370005081012634462B685F0610D5D5F89C30C5
:10D38000B3F5006F00F06E8100F25281002B00F0C7
:10D390005881B3F5806F00F05E81012634462B681A
:10D3A000180610D5D5F8A030B3F5804F00F07C8179
:10D3B00000F26081002B00F06681B3F5005F00F0A1
:10D3C0006C81012634462B68190714D5D5F88430B2
:10D3D000B3F5805F07D1022105F12800FFF76EFC4D
:10D3E000002818BF0126804AD5F88410536D23F415
:10D3F00040530B4353652B68DA0614D5D5F89830A3
:10D40000B3F5807F07D1022105F12800FFF756FC14
:10D41000002818BF0126744AD5F89810936D23F49C
:10D4200040730B4393652B681B031BD5D5F8A410E1
:10D43000B1F5803F00F04081B1F5003F07D00029F1
:10D4400040F0408105F10800FFF7C2FB0446002CC4
:10D4500040F03B81644AD5F8A410936D23F4403327
:10D460000B4393652B685F030FD5D5F88830B3F570
:10D47000001F00F03B81B3F5401F00F02D81B3F594
:10D48000801F00F02481012634462B68D80309D57B
:10D490002B6D002B00F03381B3F5803F00F03D8110
:10D4A000012634462B68990007D5022105F1280092
:10D4B000FFF704FC002818BF0126D5E900319A03C4
:10D4C00040F14381D5F88000B0F5807F00F03F81C6
:10D4D00000F22C81002800F02F810124DF0206D504
:10D4E00041486E6F026D22F0004232430265DE0059
:10D4F00007D53D48D5F8B860026922F4804232432E
:10D500000261980206D53848EE6E026D22F08072F4
:10D51000324302655A0009D5334A106920F40040AD
:10D5200010611069D5F8BC6030431061002B06DA39
:10D530002D486E6DC26C22F040523243C2641F020D
:10D5400007D5294AD5F88C00536D23F440030343D3
:10D550005365CE0706D5002105F10800FFF738FB1B
:10D56000074600B927466B689C0706D5012105F1DF
:10D570000800FFF72DFB064600B93E466B685807CA
:10D5800006D5022105F10800FFF722FB044600B989
:10D5900034466B68190706D5002105F12800FFF70E
:10D5A0008DFB064600B926466B68DA0606D50121D2
:10D5B00005F12800FFF782FB044600B934466B688A
:10D5C0009B0600F1CA80201E18BF0120BDE8F88329
:10D5D000012105F12800FFF771FBACE60126344676
:10D5E000B5E62646B3E600BF0044025823F0805259
:10D5F000B2F1804F03D0B3F1405F7FF4BAAEACB963
:10D600005B4AD5F89010536D23F0E0430B4353650C
:10D61000B1E6002105F10800FFF7DAFA0446EEE76B
:10D62000022105F12800FFF749FBF7E72646A2E6AD
:10D6300023F48062B2F5805F03D0B3F5406F7FF4CE
:10D64000ACAEACB94A4AD5F89C10936D23F4E053C4
:10D650000B439365A3E6002105F10800FFF7B8FA34
:10D660000446EEE7022105F12800FFF727FBF7E764
:10D67000264694E623F40052B2F5004F03D0B3F5EA
:10D68000C04F7FF49EAEACB9394AD5F8A010936D67
:10D6900023F460430B43936595E6002105F10800F0
:10D6A000FFF796FA0446EEE7022105F12800FFF79E
:10D6B00005FBF7E7264686E6022105F12800FFF77D
:10D6C000FDFAC3E601263446CCE62646CAE6284AD9
:10D6D000D36A43F40033D3627CB9254AD5F8881065
:10D6E000536D23F440130B435365CEE6012105F13E
:10D6F0002800FFF7E3FA0446EEE72646C5E61C4A93
:10D70000D36A43F40033D36274B9194A296DD36CD8
:10D7100023F480330B43D364C4E6022105F10800EF
:10D72000FFF756FA0446EFE72646BBE620F4807280
:10D73000B2F5007F7FF4D1AE002C7FF4CFAE0C4C5D
:10D74000626D22F44072024362653446C6E6084FB9
:10D75000FA6A42F40032FA62EEE7022105F128008B
:10D76000FFF7ACFA00283FF42EAF01202EE700BFF0
:10D770000044025808B5FFF7E5F9054B054A1B6A56
:10D78000C3F30213D35C03F01F03D84008BD00BFEE
:10D7900000440258100F06084F4970B58C6A8E6A13
:10D7A000CD6A16F47C3FC6F30533CA6B00F0908057
:10D7B00007EE903AC2F3CC03C5F3001204F0030461
:10D7C000B8EEE77A5343012CB7EE006A06EE903AC2
:10D7D000FAEEE96A6ED0022C5ED0002C6AD10B689A
:10D7E0009B0647D50A688B6BC2F3C1013B4AC3F362
:10D7F0000803CA4007EE902AF8EEE75AC5EE877A8A
:10D8000007EE103AB8EEC77A37EE267A37EE067A88
:10D8100067EE877A304A936BC3F3462307EE103ADC
:10D82000B8EEC77A37EE067AC7EE876AFCEEE66A8C
:10D83000C0ED006A936BC3F3064307EE103AB8EEEF
:10D84000C77A37EE067AC7EE876AFCEEE66AC0ED65
:10D85000016A936BC3F3066306EE903AF8EEE66A4C
:10D8600076EE866A87EEA67AFCEEC77A17EE903AD5
:10D87000836070BD8B6BDFED1A5AC3F3080307EEAC
:10D88000903AF8EEE77A77EEA67A77EE867AC5EEEA
:10D89000876A67EEA67ABDE78B6BDFED125AC3F39A
:10D8A000080307EE903AF8EEE77A77EEA67A77EE7D
:10D8B000867AECE78B6BDFED0C5AC3F3080307EEB7
:10D8C000903AF8EEE77A77EEA67A77EE867ADEE798
:10D8D000C0E90033CCE700BF004402580090D003F9
:10D8E0000024744C20BCBE4B0024744A4F4970B5D0
:10D8F0008C6A8E6ACD6A16F07C7FC6F305534A6C3B
:10D9000000F0908007EE903AC2F3CC03C5F30022FA
:10D9100004F00304B8EEE77A5343012CB7EE006A33
:10D9200006EE903AFAEEE96A6ED0022C5ED0002C38
:10D930006AD10B689B0647D50A680B6CC2F3C1011C
:10D940003B4AC3F30803CA4007EE902AF8EEE75AB1
:10D95000C5EE877A07EE103AB8EEC77A37EE267A28
:10D9600037EE067A67EE877A304A136CC3F34623A4
:10D9700007EE103AB8EEC77A37EE067AC7EE876A36
:10D98000FCEEE66AC0ED006A136CC3F3064307EED3
:10D99000103AB8EEC77A37EE067AC7EE876AFCEE21
:10D9A000E66AC0ED016A136CC3F3066306EE903AB3
:10D9B000F8EEE66A76EE866A87EEA67AFCEEC77A1D
:10D9C00017EE903A836070BD0B6CDFED1A5AC3F30B
:10D9D000080307EE903AF8EEE77A77EEA67A77EE4C
:10D9E000867AC5EE876A67EEA67ABDE70B6CDFED37
:10D9F000125AC3F3080307EE903AF8EEE77A77EE8F
:10DA0000A67A77EE867AECE70B6CDFED0C5AC3F35F
:10DA1000080307EE903AF8EEE77A77EEA67A77EE0B
:10DA2000867ADEE7C0E90033CCE700BF0044025845
:10DA30000090D0030024744C20BCBE4B0024744AD8
:10DA400090F83D30012B2FD10223184A80F83D3049
:10DA5000036893421AD0B3F1804F17D0A2F57C42ED
:10DA6000934213D002F5806293420FD002F5806298
:10DA700093420BD002F57842934207D0A2F56C4254
:10DA8000934203D002F59432934207D19968084A31
:10DA90000A40062A06D0B2F5803F03D01A6842F049
:10DAA00001021A6000207047012070470000014009
:10DAB00007000100036841F21112196A114208D1EE
:10DAC000196A40F24442114203D11A6822F001025D
:10DAD0001A60012380F83D300020704790F83D30F7
:10DAE000012B33D1022380F83D300368DA6842F01D
:10DAF0000102DA60164A93421AD0B3F1804F17D070
:10DB0000A2F57C42934213D002F5806293420FD07B
:10DB100002F5806293420BD002F57842934207D01F
:10DB2000A2F56C42934203D002F59432934207D19E
:10DB30009968084A0A40062A06D0B2F5803F03D009
:10DB40001A6842F001021A600020704701207047F5
:10DB500000000140070001000368DA6822F00102BA
:10DB6000DA6041F21112196A114208D1196A40F2C1
:10DB70004442114203D11A6822F001021A600123C3
:10DB800080F83D30002070477047704770477047FD
:10DB9000036870B5DD6804461E69B2070DD5A90794
:10DBA0000BD56FF002021A61012202779B699A0776
:10DBB00075D0FFF7EAFF00232377730710D56807B6
:10DBC0000ED523686FF0040220461A6102222277E4
:10DBD0009B6913F4407F68D0FFF7D7FF00232377BA
:10DBE00031070FD52A070DD523686FF008022046AC
:10DBF0001A6104222277DB699B075CD0FFF7C5FF1F
:10DC000000232377F10610D5EA060ED523686FF0BE
:10DC1000100220461A6108222277DB6913F4407F44
:10DC20004FD0FFF7B2FF00232377F30708D5E807AB
:10DC300006D523686FF0010220461A61F8F75CFBF5
:10DC400016F4025F08D0290606D523686FF4025245
:10DC500020461A6100F0D1F9F20508D52B0606D549
:10DC600023686FF4807220461A6100F0C7F97006CD
:10DC700008D5690606D523686FF0400220461A6170
:10DC8000FFF785FFB20622D5AB0620D523686FF0DB
:10DC9000200220461A61BDE8704000F0ADB9FFF7E0
:10DCA00073FF2046FFF772FF85E7FFF76DFF204601
:10DCB000FFF76CFF92E7FFF767FF2046FFF766FF6D
:10DCC0009EE7FFF761FF2046FFF760FFABE770BDFF
:10DCD000274A0368904212D0B0F1804F0FD0A2F5CE
:10DCE0007C4290420BD002F58062904207D002F550
:10DCF0008062904203D002F57842904208D123F02E
:10DD000070034A68134323F44073CA6813430AE05C
:10DD1000184A9042F7D002F580629042F3D002F5A3
:10DD200080629042EFD04A6923F0800313438A68EF
:10DD3000C2620A6882620E4A90420FD002F5806287
:10DD400090420BD002F57052904207D002F58062EB
:10DD5000904203D002F58062904201D10A690263C9
:10DD6000026842F0040202600122426103607047CF
:10DD7000000001400040014010B5044650B390F847
:10DD80003D3003F0FF021BB980F83C20FBF714F98B
:10DD900002232068211D84F83D30FFF799FF0123FD
:10DDA000002084F8483084F83E3084F83F3084F80E
:10DDB000403084F8413084F8423084F8433084F8AD
:10DDC000443084F8453084F8463084F8473084F88D
:10DDD0003D3010BD0120FCE710B50A43846842EADB
:10DDE000032224F47F442243826010BD38B590F8AA
:10DDF0003C300446012B4FF0020300F0AA800122C0
:10DE000080F83D30544B80F83C20006885682B40FA
:10DE100083600B68702B56D03CD8502B67D01DD830
:10DE2000402B7DD006D8202B0ED00BD833F010021B
:10DE30000AD00122012384F83D30002384F83C30CD
:10DE4000104638BD302BF4D1826822F4401222F003
:10DE500070021A4342F0070282603DE0602BE9D174
:10DE6000036A026A4D6823F0A00322F01002C96819
:10DE700043EA05130262826922F4704242EA0132E7
:10DE800082610362836823F4401323F0700343F03C
:10DE9000670320E0B3F5005F20D004D8B3F58052CB
:10DEA00018BF0122C6E72D498B42CDD005D823F0FB
:10DEB0001001B1F5801FBDD1C6E729498B42C3D0FF
:10DEC00010318B42F7E7CB68D1E90121FFF784FFDE
:10DED000836843F0770383600022ABE7CB68D1E926
:10DEE0000121FFF779FF836843F48043F3E74A6831
:10DEF000CD68016A036A21F00A0123F001030A4395
:10DF00000362836923F0F00343EA0513836102622D
:10DF1000836823F4401323F0700343F05703DAE7D8
:10DF20004A68CD68016A036A21F00A0123F00103FF
:10DF30000A430362836923F0F00343EA0513836114
:10DF40000262836823F4401323F0700343F0470315
:10DF5000C1E71A4674E700BF8800CEFF200010001A
:10DF60003000100070B590F83C3004460220012BC0
:10DF70003BD023681D4D84F83D00AB425A68986839
:10DF800002D01B4EB34203D122F470024E683243DA
:10DF90000E6822F07002AB4242EA06025A6019D0C3
:10DFA000B3F1804F16D0134A934213D002F580622A
:10DFB00093420FD002F5806293420BD002F5784273
:10DFC000934207D0A2F56C42934203D002F59432FB
:10DFD000934204D1896820F080020A439A600123A9
:10DFE000002084F83D3084F83C0070BD0000014002
:10DFF0000004014000040040704770477047026809
:10E0000052E8003F23F0C00342E8003102680029D3
:10E01000F5D102F1080353E8003F23F4000302F1B5
:10E02000080C4CE800310029F3D12023C0F88830D7
:10E030007047000010B5026852E8003F23F4907367
:10E0400042E8003102680029F5D10F4C02F10803C3
:10E0500053E8003F234002F1080C4CE8003100294E
:10E06000F4D1C36E012B07D152E8003F23F0100317
:10E0700042E800310029F7D12023C0F88C3000237A
:10E08000C366436710BD00BFFEFFFFEFF8B504464F
:10E090001346D4F88850202D32D1F1B1EAB1A4F85A
:10E0A00056200026A4F854202122E06FC4F8906086
:10E0B0002165C4F88820226888B1124F2832C763CE
:10E0C000114F0764114FC0E91376FDF709FB30B11A
:10E0D0001023C4F89030C4F888500120F8BD4022C5
:10E0E00023681A62226802F1080353E8003F43F0F4
:10E0F000800302F1080141E800300028F3D1EDE788
:10E100000220EBE7BFE1020807E2020813E202087F
:10E1100010B50446226852E8003F23F4907342E8A9
:10E12000003123680029F5D1234803F1080252E8A1
:10E13000002F024003F1080C4CE800210029F4D123
:10E14000E26E012A07D153E8002F22F0100243E8C3
:10E1500000210029F7D19A6852061DD503F1080263
:10E1600052E8002F22F0400203F1080040E80021AD
:10E170000029F3D1D4F8800070B10165FDF79CFB54
:10E1800050B1D4F88000FDF70BFF202804D11023F4
:10E190000320C4F8903010BD236800200F22A4F89B
:10E1A0005E001A629A6942F008029A612023C4F85C
:10E1B0008C30E066EFE700BFFEFFFFEF704708B569
:10E1C0000346806BDB69B3F5807F18D00023A0F88D
:10E1D0005630026802F1080353E8003F23F0800341
:10E1E000083242E8003102680029F2D152E8003FCB
:10E1F00043F0400342E800310029F7D108BDFFF7A2
:10E20000DDFFFBE77047806B08B5FFF7FBFF08BD3C
:10E210007047806B38B50468D0F88830D0F88C50DF
:10E22000A268120606D5212B04D10023A0F856308F
:10E23000FFF7E5FEA3685B0606D5222D04D1002377
:10E24000A0F85E30FFF7F6FED0F8903043F01003F0
:10E25000C0F89030FCF770F838BD08B5806B00232B
:10E26000A0F85E30FCF768F808BD704710B50446AA
:10E27000226852E8003F23F4907342E8003123689B
:10E280000029F5D1274803F1080252E8002F024087
:10E2900003F1080C4CE800210029F4D1E26E012AB8
:10E2A00007D153E8002F22F0100243E80021002993
:10E2B000F7D19A6812F040022AD003F1080252E81E
:10E2C000002F22F0400203F1080040E8002100295D
:10E2D000F3D1D4F8800050B1134B0365FDF700FC77
:10E2E00018B1D4F88000036D9847002010BD0F22AC
:10E2F000A4F85E00A0651A629A6942F008029A6169
:10E300002023C4F88C30E0662046FFF7AEFFECE730
:10E310000F21A4F85E20A26519622023C4F88C3076
:10E32000E266F1E7FEFFFFEF2DE30208806B0021BC
:10E330000F2208B50368A0F85E101A629A6942F0CD
:10E3400008029A612023C0F88C30C166FFF78DFF68
:10E3500008BD000003682DE9F041D96940F60F06B9
:10E360001A68044631429D6810D18E0640F19780AC
:10E3700002F0200605F080573E4300F09080436F86
:10E38000002B00F08580BDE8F0411847A64EA74855
:10E390002E401040304300F08280CF0709D5D005D1
:10E3A00007D501201862D4F8900040F00100C4F8AD
:10E3B00090008F0709D5E80707D502201862D4F826
:10E3C000900040F00400C4F890004F0709D5E8071A
:10E3D00007D504201862D4F8900040F00200C4F879
:10E3E00090000F070BD502F02000304307D0082023
:10E3F0001862D4F8900040F00800C4F890000E05B0
:10E400000AD5500108D54FF400601862D4F8903056
:10E4100043F02003C4F89030D4F89030002B37D06C
:10E420008B0609D502F0200205F080552A4303D05F
:10E43000636F0BB12046984726682046D4F8902099
:10E44000B36802F0280203F0400353EA020521D02A
:10E45000FFF7F0FDB3685F0617D5226802F10803E5
:10E4600053E8003F23F04003083242E8003100291E
:10E47000F3D1D4F8800040B16D4B0365FDF730FB5C
:10E4800030B1D4F88000036D7DE72046FBF754FFE0
:10E49000BDE8F081FBF750FFC4F89050F8E7E06E5C
:10E4A000012840F0B580CE0640F1B280D00640F1A0
:10E4B000AF801022B4F85C001A629A68520677D5D1
:10E4C000D4F880505B492A688A421ED018318A42AB
:10E4D0001BD018318A4218D018318A4215D0183111
:10E4E0008A4212D018318A420FD018318A420CD099
:10E4F00018318A4209D001F556718A4205D0183187
:10E500008A4202D018318A42FFD0516889B200296C
:10E5100043D0814241D2EA69A4F85E10B2F5807F0F
:10E520002FD053E8002F22F4807243E80021002905
:10E53000F7D103F1080252E8002F22F0010203F1A3
:10E54000080040E800210029F3D103F1080252E855
:10E55000002F22F0400203F1080040E800210029CA
:10E56000F3D12022C4F88C20E16653E8002F22F07A
:10E57000100243E800210029F7D1D4F88000FDF70C
:10E580009BF90223B4F85C102367B4F85E30C91A13
:10E5900089B22046FBF7FCFC7AE781427FF478AF32
:10E5A000EB69B3F5807F7FF473AF02232367F0E755
:10E5B000B4F85E20B4F85E1092B289B200293FF43C
:10E5C00067AF801A81B200293FF462AF53E8002F91
:10E5D00022F4907243E800200028F7D1164D03F191
:10E5E000080252E8002F2A4003F1080646E80020FE
:10E5F0000028F4D120226067C4F88C20E06653E83C
:10E60000002F22F0100243E800200028F7D1CCE7C9
:10E61000CF0213D56E0211D54FF4801220461A6234
:10E62000BDE8F04100F0B6BE01000010200100047A
:10E630005BE2020810000240FEFFFFEF08060BD568
:10E6400002F0800005F40005284305D0A36F002BDD
:10E650003FF41EAF204696E64F0611D556060FD55D
:10E6600053E8002F22F0400243E800210029F7D1AF
:10E6700020232046A167C4F88830FFF79FFD07E7F5
:10E680000D0206D5500004D52046BDE8F04100F04B
:10E6900083BECB017FF5FCAE002ABFF6F9AE204663
:10E6A000BDE8F04100F077BED0F88C20B0F86010E3
:10E6B000222A08B5036855D15B6A826D0B4013703E
:10E6C000836D01338365B0F85E30013B9BB2A0F8E7
:10E6D0005E30B0F85E309BB2002B42D1026852E847
:10E6E000003F23F4907342E8003103680029F5D11C
:10E6F00003F1080252E8002F22F0010203F1080C96
:10E700004CE800210029F3D120224167C0F88C2079
:10E71000174A0167934205D1C26E012A0ED0FFF756
:10E7200077FD1EE05A681102F6D553E8002F22F05B
:10E73000806243E800210029F7D1EDE70022C2669C
:10E7400053E8002F22F0100243E800210029F7D1FE
:10E75000DA69D20601D510221A62B0F85C10FBF714
:10E7600017FC08BD9A6942F008029A61F9E700BFF8
:10E77000000C0058D0F88C20B0F86010222A08B5A0
:10E78000036852D15A6A1140826D22F8021B8265D9
:10E79000B0F85E20013A92B2A0F85E20B0F85E2098
:10E7A00092B2002A40D153E8002F22F4907243E83D
:10E7B00000210029F7D103F1080252E8002F22F0CE
:10E7C000010203F1080C4CE800210029F3D12022BA
:10E7D0004167C0F88C20174A0167934205D1C26E89
:10E7E000012A0ED0FFF714FD1EE05A681102F6D57B
:10E7F00053E8002F22F0806243E800210029F7D17E
:10E80000EDE70022C26653E8002F22F0100243E831
:10E8100000210029F7D1DA69D20601D510221A6247
:10E82000B0F85C10FBF7B4FB08BD9A6942F008022F
:10E830009A61F9E7000C005803682DE9F047DD699B
:10E840000446D3F800809E68D0F88C20B0F8607041
:10E85000222A40F0B580B0F86830002B00F08B80A1
:10E860004FF0000906F001064FF0040AAB0640F134
:10E8700082802368A26D5B6A3B401370A36D0133F5
:10E88000A365B4F85E30013B9BB2A4F85E30236808
:10E89000DD6968072AD0E9070AD518F4807F07D018
:10E8A00001221A62D4F8902042F00102C4F89020AC
:10E8B000AA0708D53EB102221A62D4F8902042F08D
:10E8C0000402C4F89020680708D53EB1C3F820A020
:10E8D000D4F8903043F00203C4F89030D4F890306C
:10E8E00023B12046FBF728FDC4F89090B4F85E30C1
:10E8F0009BB2002BBAD1226852E8003F23F4807308
:10E9000042E8003123680029F5D1304803F10802BC
:10E9100052E8002F024003F1080545E800210029D4
:10E92000F4D120226167C4F88C20294A21679342E0
:10E930000AD05A68110207D553E8002F22F08062EE
:10E9400043E800210029F7D1E26E012A34D10022E8
:10E95000E26653E8002F22F0100243E8002100296C
:10E96000F7D1DA69D20601D510221A62B4F85C1028
:10E970002046FBF70DFBB4F85E309BB2D3B1B4F880
:10E9800068209A4216D9226802F1080353E8003F32
:10E9900023F08053083242E8003122680029F2D186
:10E9A0000C4B636752E8003F43F0200342E800311C
:10E9B0000029F7D1BDE8F0872046FFF729FCDAE708
:10E9C0009A6942F008029A61F4E700BFFEFFFFEF88
:10E9D000000C0058A9E6020803682DE9F047DD693C
:10E9E0000446D3F800809E68D0F88C20B0F86070A0
:10E9F000222A40F0B280B0F86830002B00F0888006
:10EA00004FF0000906F001064FF0040AAB067FD56F
:10EA10002368A26D596A394022F8021BA265B4F836
:10EA20005E20013A92B2A4F85E20DD6968072AD020
:10EA3000E9070AD518F4807F07D001221A62D4F8BA
:10EA4000902042F00102C4F89020AA0708D53EB1F8
:10EA500002221A62D4F8902042F00402C4F89020F6
:10EA6000680708D53EB1C3F820A0D4F8903043F031
:10EA70000203C4F89030D4F8903023B12046FBF75D
:10EA80005BFCC4F89090B4F85E309BB2002BBDD113
:10EA9000226852E8003F23F4807342E80031236883
:10EAA0000029F5D12F4803F1080252E8002F024057
:10EAB00003F1080545E800210029F4D1202261670F
:10EAC000C4F88C20284A216793420AD05A68110260
:10EAD00007D553E8002F22F0806243E80021002987
:10EAE000F7D1E26E012A34D10022E26653E8002F0A
:10EAF00022F0100243E800210029F7D1DA69D2069A
:10EB000001D510221A62B4F85C102046FBF740FAD7
:10EB1000B4F85E309BB2D3B1B4F868209A4216D9EB
:10EB2000226802F1080353E8003F23F080530832C3
:10EB300042E8003122680029F2D10C4B636752E8A9
:10EB4000003F43F0200342E800310029F7D1BDE83F
:10EB5000F0872046FFF75CFBDAE79A6942F008028B
:10EB60009A61F4E7FEFFFFEF000C005875E702081A
:10EB70000268C369816830B504460069156887B0CA
:10EB8000014360690143A548194328400143E068F7
:10EB90001160516821F440510143A0695160A049BE
:10EBA0008A421CBF216A0843916821F06E4121F41A
:10EBB00030610143606A9160D16A21F00F01014325
:10EBC000D16298498A4212D1974A526D02F03802B6
:10EBD000182A00F001813BD8082A00F0F580102A9D
:10EBE00000F03A81002A00F0E98001206AE08F49B4
:10EBF0008A420DD18C4A526D02F00702052AF4D8E0
:10EC0000DFE812F07E00E2002A01EA0007012B0093
:10EC100087498A42EED087498A42EBD086498A42A8
:10EC2000E8D086498A42CFD085498A42E2D08549D8
:10EC30008A42DFD07A4B9A42D7D17B4A936D03F058
:10EC40000703052BD1D8DFE803F038454A4F590FA9
:10EC5000202A00F0DE80282AC7D1B3F5004F00F04B
:10EC60008A804FF40040C4E04FF40040764B626A63
:10EC7000656833F8122005EB4501B0FBF2F39942C9
:10EC8000B3D8B3EB053FB0D800231946F1F75AFECD
:10EC90002A4609026B0841EA10610002C0184FF0D1
:10ECA000000341F10001F1F74DFE684BA0F5407201
:10ECB0009A429AD82368D86003E0FEF75BFD0028EB
:10ECC000D4D100204FF00113A3660023C4E91D3303
:10ECD00007B030BD6846FEF75FFD0198EFE703A877
:10ECE000FEF704FE0498EAE71368594813F0200F72
:10ECF000BCD01368C3F3C103D840B7E75548B5E7A4
:10ED0000B3F5004F55D10023082B3FF66EAF01A29B
:10ED100052F823F041ED02084DED0208EBEB02083A
:10ED2000EBEB020853ED0208EBEB0208EBEB0208F9
:10ED3000EBEB02085DED02080423E5E70823E3E7B7
:10ED4000FDF722FF0346002BBBD014E0FDF72EFF9A
:10ED5000F8E76846FEF720FD019BF4E703A8FEF7FD
:10ED6000C5FD049BEFE713F0200F394B03D0126869
:10ED7000C2F3C102D340606A334A616832F810209E
:10ED8000B3FBF2F34A0802EB43034FF6EF72B3FB17
:10ED9000F1F3A3F1100191423FF627AF23F00F02E8
:10EDA000C3F34203216892B21343CB6089E7294B36
:10EDB000E1E7FDF7E9FE002883D01AE0B3F5004F44
:10EDC000C4D0FDF7F3FEF6E7B3F5004FB4D06846C4
:10EDD000FEF7E2FC0198EEE7B3F5004F124A136824
:10EDE000C1D013F0200F1A4803D01368C3F3C10336
:10EDF000D840616A144A636832F81120B0FBF2F01F
:10EE000000EB5300B0FBF3F04FF6EF73A0F11002EC
:10EE10004EE7B3F5004FCAD00E48EAE7F369FFCFDB
:10EE2000000C00580010014000440258004400400B
:10EE300000480040004C00400050004000140140D9
:10EE400000780040007C0040380F0608FFFC0F00EF
:10EE50000090D00300093D00B3F5004F3FF46EAFC2
:10EE600003A8FEF743FD0498A5E700BF836A1A07CD
:10EE700010B506D50168846B4A6822F4004222432B
:10EE80004A60DC0706D50168C46A4A6822F4003289
:10EE900022434A60990706D50168046B4A6822F448
:10EEA000803222434A605A0706D50168446B4A689B
:10EEB00022F4802222434A60DC0606D50168C46B36
:10EEC0008A6822F4805222438A60990606D5016836
:10EED000046C8A6822F4005222438A605A0610D5D4
:10EEE0000168446C4A68B4F5801F22F4801242EA3B
:10EEF00004024A6005D14A68846C22F4C0022243AD
:10EF00004A601B0606D50268C16C536823F40023CF
:10EF10000B43536010BD2DE9F843DDF82090044603
:10EF20000D46174698462268D36935EA03030CBF9D
:10EF300001230023BB4201D0002022E0B9F1FF3FB2
:10EF4000F2D0FCF73BF8A0EB0800484529D8B9F10E
:10EF5000000F26D021680B685A07E4D5802DE2D037
:10EF6000402DE0D0CE6916F008060CD008252046CA
:10EF70000D62FFF75FF800230120C4F8905084F879
:10EF80008430BDE8F883CB691B05CCD54FF4006312
:10EF900020460B62FFF74EF8202384F88460C4F803
:10EFA00090300320EDE72DE9F7439846D0F88830FC
:10EFB00004460E46202B174646D1002946D0002A8B
:10EFC00044D021230025C0F89050C0F88830FBF7CA
:10EFD000F5FFA3688146A4F85470B3F5805FA4F8E8
:10EFE000567003D123690BB935461E46B4F8562036
:10EFF0004B46CDF8008092B242B940212046FFF73F
:10F000008AFF202348B9C4F8883009E00022802113
:10F010002046FFF780FF30B120230320C4F888305A
:10F0200003B0BDE8F08322685EB935F8023BC3F354
:10F0300008039362B4F85620013A92B2A4F856201D
:10F04000D4E716F8013BF4E70220E9E70120E7E7FF
:10F050002DE9F7439846D0F88C3004460F46202B14
:10F0600016465CD100295CD0002A5AD02223002504
:10F07000C0F89050C0F88C30C566FBF79FFFA368BE
:10F080008146A4F85C60B3F5805FA4F85E600DD1A2
:10F090002369DBB1FF221646A4F86020B4F85E00B5
:10F0A00080B2E0B92023C4F88C3025E033B925695B
:10F0B000002DEFD07F221D461646EDE7B3F1805FAD
:10F0C0000AD12369002BF5D03F22E4E740F2FF127A
:10F0D0003D461F461646DFE72A462E46DCE74B46EE
:10F0E000002220212046CDF80080FFF714FF30B128
:10F0F00020230320C4F88C3003B0BDE8F0832368DC
:10F100005B6A334047B925F8023BB4F85E30013BF7
:10F110009BB2A4F85E30C1E707F8013BF5E7022097
:10F12000EAE70120E8E773B500260446C0F89060DE
:10F13000FBF744FF236805461B681A071CD56FF0D0
:10F140007E4332464FF40011009303462046FFF7FA
:10F15000E2FE88B1226852E8003F23F0800342E8D3
:10F1600000310029F6D12023C4F888300320002381
:10F1700084F8843002B070BD23681B685B0724D517
:10F180006FF07E4300224FF48001204600932B460F
:10F19000FFF7C1FEC8B1226852E8003F23F4907324
:10F1A00042E8003122680029F5D102F1080353E852
:10F1B000003F23F0010302F1080040E8003100297C
:10F1C000F3D12023C4F88C30D0E720230020C4F8EA
:10F1D0008830C4F88C30E0662067C8E710B5044674
:10F1E00050B3D0F888301BB980F88430F9F732FF7B
:10F1F00024232268C4F88830136823F001031360C5
:10F20000A36A13B12046FFF731FE2046FFF7B0FC9A
:10F21000012811D0236820465A6822F490425A608F
:10F220009A6822F02A029A601A6842F00102BDE848
:10F2300010401A60FFF777BF012010BD30B581651F
:10F2400000238168A0F85C20B1F5805FA0F85E2003
:10F25000436731D10369002B40F2FF1318BFFF232E
:10F26000A0F860300023C0F890302223C0F88C3022
:10F27000016801F1080353E8003F43F0010308313E
:10F2800041E800340368002CF2D1456E8468B5F182
:10F29000005F016935D1B0F86850954231D8B4F5B6
:10F2A000805F29D1C1B1264A426753E8002F42F45A
:10F2B000807243E8002121E029B90369002B0CBFCB
:10F2C000FF237F23CCE7B1F1805FC9D10369002B15
:10F2D0000CBF7F233F23C3E71A4A426703F10802AA
:10F2E00052E8002F42F0805203F1080040E800216C
:10F2F0000029F3D1002030BD114A42670029D4D142
:10F30000ECE7B4F5805F16D151B10F4A426753E87C
:10F31000002F42F4907243E800210029F7D1E9E779
:10F320000A4A426753E8002F42F0200243E80021D6
:10F330000029F7D1DEE7044A42670029F2D0E6E768
:10F3400039E80208D9E90208A9E6020875E70208C7
:10F35000436E30B52BB90123A0F86A30A0F86830AD
:10F3600030BD0368094D9A689968094CC2F342623E
:10F37000490F6B5C615C1B01B3FBF1F3A0F86A30D1
:10F38000AB5CA25C1B01B3FBF2F3E7E7580F060886
:10F39000500F060870477047704790F88430012B73
:10F3A00014D002682423C0F888301168136821F053
:10F3B000005123F0010313600023436611602022F3
:10F3C00080F88430C0F888201846704702207047C3
:10F3D00070B590F884300446012B17D005682423BB
:10F3E000C0F888302E682B6823F001032B60AB68CF
:10F3F00023F060431943A960FFF7AAFF20232E6082
:10F40000C0F88830002084F8840070BD0220FCE73A
:10F4100070B590F884300446012B17D0056824237A
:10F42000C0F888302E682B6823F001032B60AB688E
:10F4300023F060631943A960FFF78AFF20232E6041
:10F44000C0F88830002084F8840070BD0220FCE7FA
:10F4500070B5D0F88C600446202E1AD109B901206D
:10F4600070BD002AFBD00123C36600230367FFF7AA
:10F47000E5FEE36E012BF2D1102223681A622268A6
:10F4800052E8003F43F0100342E800300028F7D173
:10F49000E6E70220E4E719F039BF0268D207034625
:10F4A00005D4427802B1FFDE012058707047002079
:10F4B0007047012303607047012838BF012010B551
:10F4C000044620461BF0EAFA00B110BD19F088FF8F
:10F4D00008B91BF0D5FA8047F3E7000008B5436888
:10F4E000C3F17F5303F57F1303F57F533F339A42F4
:10F4F00002D903480CF032FCBDE8084013F038BBD9
:10F50000E75D05082DE9F347002205460F46014651
:10F5100068460CF037FD9DF800100024002968D0E3
:10F520003B687C601C702B6853F80C1C29446C31C0
:10F5300051F8649C01A8A145D8BF6FF0404900F084
:10F5400073F801A80DF0ECFA804601A800F0DEF88F
:10F550002B6853F80C3C2B449E6F304613F04AF84E
:10F56000421C3BD0D8F818205FFA80FC12F80C300F
:10F570001B0731D4D6E90213A9EB04005B1A8342BE
:10F58000A8BF0346012B08DC3846614613F0A5F9F5
:10F590003046013413F037F81AE00B44481C83421C
:10F5A000824608D99AF800C012F80CC01CF0080F67
:10F5B00000F10100F3D0AAEB010A38465246FFF7EA
:10F5C0008DFFB3685344B3603046544413F012F8CF
:10F5D000A145C5D8002105E0A145FBD9431C5942EE
:10F5E000594149002B6853F80C3C2B4400229A6087
:10F5F0005CB941F004012B6853F80C0C28440CF062
:10F60000DFFB284602B0BDE8F0870029F9D00221CF
:10F61000F1E770474268511E012A416002D1036838
:10F620005B68184770470000044A0B681268036063
:10F6300093421EBF1A6801321A607047B4BF01249A
:10F64000016070470249034800221AF079BA00BFEE
:10F650007C0F0608ACBF012410B5034C23680BB91E
:10F66000FFF7F0FF206810BDACBF012400487047D1
:10F670007C0F060838B543680446B3B96068B0B972
:10F68000E36813BBE06810BB23691BBB206958BB50
:10F69000204638BD52F8250008B1FFF7BBFF013501
:10F6A000D4E90123AB42F5D8E8E70025F8E719F0E3
:10F6B0002FFEE5E752F8250008B1FFF7ABFF013553
:10F6C000D4E90232AB42F5D8DCE70025F8E719F0BF
:10F6D0001FFED9E700252369585908B119F018FE13
:10F6E0000435182DF7D1D1E719F012FED0E70368E1
:10F6F0005A1E012B10B50446026006D1FFF7BAFF6F
:10F700002046BDE8104019F001BE10BD054B10B5F4
:10F710001B6804460068984201D0FFF7E8FF2046C6
:10F7200010BD00BFB4BF01240A4A38B50B680D46AE
:10F7300011688B4218BF1A68044600681CBF01326A
:10F740001A60814201D0FFF7D2FF2B682360204668
:10F7500038BD00BFB4BF0124036823B9034A13684E
:10F76000013313600360006801387047A8BF0124AB
:10F770002DE9F84F044617460846002A47D0FFF700
:10F78000EBFFA368013B9842064631D900F1040A19
:10F790006FF060439A4534BF4FEA8A0B4FF0FF3B4E
:10F7A0005846D4F8049019F023FEA36805460021BA
:10F7B00099422ED100229A4532D85846D4F80C806E
:10F7C00019F016FEA268002191422DD10023924526
:10F7D00031D8C4E9015AE060B9F1000F02D04846BF
:10F7E00019F096FDB8F1000F02D0404619F090FDD7
:10F7F0007B68656801337B6055F82630002B54D157
:10F8000045F8267000252E46A3689D4250D3BDE8DA
:10F81000F88F626852F8212045F821200131C7E7AE
:10F8200045F823200133C6E7E36853F8213040F858
:10F8300021300131C8E740F822300132C7E7D8F85B
:10F840000400FFF789FF86420AD10846FFF784FFCC
:10F8500055F8203080461BB3384603F015FB15E001
:10F8600008F10808D8F80010D1B10846FFF774FF76
:10F870008642E4D1D8F804100846FFF76DFF55F82A
:10F880002030804663B1384608F080FF436801337A
:10F890008146436055F82800FFF7BCFE45F82890E4
:10F8A00055F82600FFF7B6FEAAE7DFF81C80D9E777
:10F8B000E36853F8250020B1FFF7ACFEE36843F896
:10F8C00025600135A0E700BF800F06082DE9F04153
:10F8D000214F3B68BFF35B8FDB0706460C4615469E
:10F8E00006D43846FFF7D9FD10B13846FFF7E1FDE1
:10F8F0001A490F6817B94FF0FF3308E03846FFF791
:10F900002BFFA84248680DD1FFF726FF0346F16898
:10F9100051F8252092B1ECB1236820465B68BDE820
:10F92000F0411847FFF718FFA84205D13846FFF706
:10F9300013FF2B460546EAE70831DAE76268501CF8
:10F940006060581C18BF023241F825401CBF62603D
:10F9500041F82340BDE8F081B8BF0124800F0608BC
:10F9600010B5084C2368BFF35B8FDB0708D4204633
:10F97000FFF793FD20B12046BDE81040FFF799BD89
:10F9800010BD00BF40CE01242DE9F04F302387B0D9
:10F990008360CC4B0160C0240746224600211846F4
:10F9A0001DF030FAC84B78602246002118461DF041
:10F9B00029FAC64BF8600021184614221DF022FADD
:10F9C000021FC34C3A6140F8044CFFF74FFE038816
:10F9D0002380C04CC04DDFF804B4C04EDFF800A453
:10F9E000DFF80094002201231146204604F0FEFCBB
:10F9F0002246BB4CBB493846FFF7BAFE01212046E0
:10FA00001AF002F922463846B749FFF7B1FEB74A65
:10FA1000B74B136000244FF00108B64B2B60214612
:10FA20002846C2E90244C2E90544C2E90744C2F8D3
:10FA300004801474948482F86440C5F80480AA6039
:10FA400000F022FF2A463846AB49AC4DFFF790FE46
:10FA5000AB4AAC4BAC49C2F8048038461360FFF7A0
:10FA600087FEAA4AAA4BAB49C2F804803846136005
:10FA7000FFF77EFEA84B2B60C5F80480FFF7ECFD76
:10FA80002A46A860A549A64D3846FFF771FEA54B4A
:10FA9000A54A1A60A54A2A60214622462846C3E99B
:10FAA0000244C3E90544C3E90744C3E90944C3E97F
:10FAB0000B44C3F804801C829C745C6383F843404D
:10FAC000AB60C5F8048000F083FB2A4638469849AD
:10FAD000984DFFF74DFE984ACBF80020974A2A60D0
:10FAE000214622462846CBE90244CBE90544CBE92E
:10FAF0000744CBE90944CBE90B44ABF810408BF841
:10FB00001240CBF834408BF84340C5F80480C5F868
:10FB100008B0CBF8048000F017FB2A463846884925
:10FB2000884DFFF725FE884A884911603846884984
:10FB3000C2F80480FFF71CFE864A874911603846E8
:10FB40008649C2F80480FFF713FE854A32603146C9
:10FB500042462846C6E90244C6E90444C6E90644CA
:10FB6000C6E90844C6E90A44C6E90C44C6E90E449D
:10FB7000C6E91044C6E91244C6E91444C6E916446D
:10FB8000C6E91844C6E91A44C6E91C44C6E91E443D
:10FB9000C6F80480C6E92044C6E92244C6E92444E4
:10FBA000C6E92644C6E92844C6E92A44C6E92C44E5
:10FBB000C6E92E44C6F8C04086F8C4400CF054FE96
:10FBC0002A4638466749684DFFF7D2FD674A6849BB
:10FBD000116038466749C2F80480FFF7C9FD664ADC
:10FBE0006649116038466649C2F80480FFF7C0FDD7
:10FBF0004146284605F090FA2A46624D6249384649
:10FC0000FFF7B6FD4146284604F0DCFB2A465F4D6F
:10FC10005F493846FFF7ACFD414628461AF004F824
:10FC20002A4638465B495C4DFFF7A2FD5B4B5C4AB8
:10FC30001A6021465B4AC3F804802846C3E902449F
:10FC4000C3E90544C3E90744C3E909441C7483F8C4
:10FC50002441AB60C5F804802A6000F07DFE2A468E
:10FC600038465149514DFFF783FD514A51491160C2
:10FC700038465149C2F80480FFF77AFD4F4A50498F
:10FC8000116038464F49C2F80480FFF771FD4E4AB3
:10FC9000C5F804802A60FFF7DFFC2A46A8604B49BC
:10FCA0004B4D3846FFF764FD4A4ACAF800204A4ADD
:10FCB0002A60214622462846CAE90244CAE9054488
:10FCC00092E000BF44CD012484CC012414CE012451
:10FCD00004CE012464CA01244CCA01248CC201242C
:10FCE00030CA012428CF012474D00124DCC30124AC
:10FCF000A41706085826060858CF012458CA01241C
:10FD000044CA0124F836060808D001243CCA01245C
:10FD10003437060804D001243C2606084CCF0124C1
:10FD200018CA012454C3012474170608B026060813
:10FD300060CF012424CA0124641706087C26060823
:10FD40005CCF0124F4C9012410CA0124002706084D
:10FD500068CF012408CA01241827060864CF0124AB
:10FD600064370608ECCF0124D4C90124ECC901246E
:10FD70003027060854CF0124E4C90124643806085A
:10FD8000E8CF0124F4C4012450CF0124C0C40124CD
:10FD900024CF012470D00124DCC4012464C10124D7
:10FDA000B41706085831060898CF0124E8C4012486
:10FDB000D4C40124AC3E060868D00124CCC401247C
:10FDC000E83E060864D001243C3106088CCF0124AB
:10FDD000A8C4012494170608B031060898C301246A
:10FDE00084C00124F4C00124CAE90744CAE90944D3
:10FDF000CAE90B44CAE90D448AF81040CAF83C40ED
:10FE00008AF86C40C5F80480C5F808A0CAF80480D8
:10FE100000F09EFA2A4638468149824DFFF7A8FC39
:10FE2000814AC9F80020814A2A6021462246284694
:10FE3000C9E90244C9E90544C9E90744C9E90944D3
:10FE4000C9E90B44C9E90D4489F81040C9F83C40A0
:10FE500089F86C40C5F80480C5F80890C9F804809A
:10FE600000F02EFA2A4638467149724DFFF780FCA1
:10FE7000714A7249116038467149C2F80480FFF72F
:10FE800077FC704A7049116038467049C2F80480A6
:10FE9000FFF76EFC6E4A2A60C5E90244C5E90444D6
:10FEA000C5E90644C5E90844C5E90A44C5E90C4466
:10FEB000C5E90E44C5E91044C5E91244C5E9144436
:10FEC000C5E91644C5E91844C5E91A44C5E91C4406
:10FED000C5E91E44C5F80480C5E92044C5E92244AB
:10FEE000C5E92444C5E92644C5E92844C5E92A44AE
:10FEF000C5E92C44C5E92E44C5F8C04085F8C44086
:10FF0000544C42462946204613F03AFC22463846D5
:10FF10005149524CFFF72CFC514A52491160384666
:10FF20005149C2F80480FFF723FC504A5049116040
:10FF300038465049C2F80480FFF71AFC4146204673
:10FF400009F0C2FC224638464B49FFF711FC4B4AE8
:10FF50004B49116038464B49C2F80480FFF708FC52
:10FF6000494A4A49116038464949C2F80480FFF7B6
:10FF7000FFFB484A4849116038464849C2F80480A6
:10FF8000FFF7F6FB464A4749116038464649C2F832
:10FF90000480FFF7EDFB454B454A0092CDE9013B5C
:10FFA000444BCDF8149069463846CDE9033A01F048
:10FFB0009DFC4148FC68FFF7CFFB3D4A44F82020F8
:10FFC0003E48FC68FFF7C8FB384B44F820303C48FB
:10FFD000FC68FFF7C1FB44F820B03A48FC68FFF723
:10FFE000BBFB44F820603848FC68FFF7B5FB314B99
:10FFF00044F820300A48FC68FFF7AEFB44F820A024
:020000040803EF
:100000000B48FC68FFF7A8FB44F820901248FC68F6
:10001000FFF7A2FB44F82050384607B0BDE8F08F48
:10002000A0CF0124B4C40124841706087C3106083B
:100030009CCF0124BCBF0124A0C4012400320608C7
:10004000A8CF012498C4012418320608A4CF0124A3
:10005000183F060884C401244CD0012464C4012440
:100060007CC401243032060894CF012474C40124D6
:100070001840060848D0012490CF01245CC4012414
:10008000F419060850CE012454C401244C1A060861
:100090004CCE01244CC40124A41A060848CE0124E5
:1000A00044C40124FC1A060844CE012454C301248C
:1000B000DCC3012464C1012458CF012460CF012492
:1000C0005CCF0124ECCF012498CF012438B5094D31
:1000D0002B686BB9084C02212046FFF755FC074BF3
:1000E0002C601C6021460648BDE83840FFF7A8BADE
:1000F00038BD00BFB4BF01242CCE0124B0BF012401
:1001000028CE0124024B1B680BB9FFF7DFBF7047F5
:10011000B4BF012438B5002303600446084DFFF73F
:10012000F1FF084A2B6812682360934206D0FFF75C
:1001300017FC2B6823601A6801321A60204638BD0C
:10014000B0BF0124B4BF012438B584680546ACB9FA
:100150004420FFF7B1F91A4B0482C0E90034C0E92A
:100160000244C0E90544C0E90744C0E90944C0E9C4
:100170000B448474446380F84340A860AB68114921
:100180002E225A74AB682C229A74AA680023C2E902
:100190000513C2E90713C2E9091391600A49D36044
:1001A00008681063D362AA685063084A1068AA6896
:1001B000C15C1A4401330B2B82F83810F7D138BDDB
:1001C000641706084A6E05085C42060870000024A1
:1001D00038B584680546ACB94420FFF76DF91A4B71
:1001E0000482C0E90034C0E90244C0E90544C0E922
:1001F0000744C0E90944C0E90B448474446380F8AF
:100200004340A860AB6811492E225A74AB682C2277
:100210009A74AA680023C2E90513C2E90713C2E968
:10022000091391600A49D36008681063D362AA6811
:100230005063084A1068AA68C15C1A4401330B2B4A
:1002400082F83810F7D138BD741706084A6E0508D1
:100250005C42060870000024064B10B5044603609B
:10026000806810B103685B6898472046FFF7D1F9B2
:10027000204610BD7C26060810B50446FFF7ECFFAB
:10028000204619F043F8204610BD0000064B10B57B
:1002900004460360806810B103685B689847204695
:1002A000FFF7B7F9204610BDB026060810B5044682
:1002B000FFF7ECFF204619F029F8204610BD00009A
:1002C00038B584680546B4B97020FFF7F5F8C0E981
:1002D0000244C0E90544C0E90744C0E90944C0E953
:1002E0000B44C0E90D44154B446003600474C463BF
:1002F00080F86C40A860AB682E212C22C3E905125F
:100300000F49104A9A600022C3E90712C3E9091293
:10031000C3E90B12DA605A630B4A10689863AB6842
:10032000D8630A4BAA681B683C32591E0A3311F87D
:10033000010F42F8040F9942F9D138BD841706081D
:10034000501606084A6E05085C4206087000002434
:1003500038B584680546B4B97020FFF7ADF8C0E938
:100360000244C0E90544C0E90744C0E90944C0E9C2
:100370000B44C0E90D44154B446003600474C4632E
:1003800080F86C40A860AB682E212C22C3E90512CE
:100390000F49104A9A600022C3E90712C3E9091203
:1003A000C3E90B12DA605A630B4A10689863AB68B2
:1003B000D8630A4BAA681B683C32591E0A3311F8ED
:1003C000010F42F8040F9942F9D138BD941706087D
:1003D000501606084A6E05085C42060870000024A4
:1003E000064B10B504460360806810B103685B6873
:1003F00098472046FFF70DF9204610BD7C310608CE
:1004000010B50446FFF7ECFF204618F07FFF2046AA
:1004100010BD0000064B10B504460360806810B1A3
:1004200003685B6898472046FFF7F3F8204610BD45
:10043000B031060810B50446FFF7ECFF204618F06F
:1004400065FF204610BD00000D4B10B5036090F80D
:10045000433004467BB1806808B118F059FF6069E9
:1004600008B118F055FFE06908B118F051FF606A53
:1004700008B118F04DFF2046FFF7CBF8204610BD1D
:100480006417060810B50446FFF7DEFF204618F093
:100490003DFF204610BD00000D4B10B5036090F8E5
:1004A000433004467BB1806808B118F031FF6069C1
:1004B00008B118F02DFFE06908B118F029FF606A53
:1004C00008B118F025FF2046FFF7A3F8204610BD1D
:1004D0007417060810B50446FFF7DEFF204618F033
:1004E00015FF204610BD00000D4B10B5036090F8BD
:1004F0006C3004467BB1806808B118F009FFE069F0
:1005000008B118F005FF606A08B118F001FFE06A51
:1005100008B118F0FDFE2046FFF77BF8204610BD1D
:100520008417060810B50446FFF7DEFF204618F0D2
:10053000EDFE204610BD00000D4B10B5036090F895
:100540006C3004467BB1806808B118F0E1FEE069C8
:1005500008B118F0DDFE606A08B118F0D9FEE06A53
:1005600008B118F0D5FE2046FFF753F8204610BD1D
:100570009417060810B50446FFF7DEFF204618F072
:10058000C5FE204610BD000038B584680546ACB9EC
:100590004420FEF791FF1A4B0482C0E90034C0E901
:1005A0000244C0E90544C0E90744C0E90944C0E980
:1005B0000B448474446380F84340A860AB681149DD
:1005C0002E225A74AB682C229A74AA680023C2E9BE
:1005D0000513C2E90713C2E9091391600A49D36000
:1005E00008681063D362AA685063084A1068AA6852
:1005F000C15C1A4401330B2B82F83810F7D138BD97
:10060000641706084A6E05085C420608700000245C
:1006100038B584680546ACB94420FEF74DFF1A4B47
:100620000482C0E90034C0E90244C0E90544C0E9DD
:100630000744C0E90944C0E90B448474446380F86A
:100640004340A860AB6811492E225A74AB682C2233
:100650009A74AA680023C2E90513C2E90713C2E924
:10066000091391600A49D36008681063D362AA68CD
:100670005063084A1068AA68C15C1A4401330B2B06
:1006800082F83810F7D138BD741706084A6E05088D
:100690005C42060870000024064B10B50446036057
:1006A000806810B103685B6898472046FEF7B1FF89
:1006B000204610BD8437060810B50446FFF7ECFF4E
:1006C000204618F023FE204610BD0000064B10B552
:1006D00004460360806810B103685B689847204651
:1006E000FEF797FF204610BDB837060810B5044640
:1006F000FFF7ECFF204618F009FE204610BD000071
:1007000038B584680546B4B97020FEF7D5FEC0E957
:100710000244C0E90544C0E90744C0E90944C0E90E
:100720000B44C0E90D44154B446003600474C4637A
:1007300080F86C40A860AB682E212C22C3E905121A
:100740000F49104A9A600022C3E90712C3E909124F
:10075000C3E90B12DA605A630B4A10689863AB68FE
:10076000D8630A4BAA681B683C32591E0A3311F839
:10077000010F42F8040F9942F9D138BD84170608D9
:10078000501606084A6E05085C42060870000024F0
:1007900038B584680546B4B97020FEF78DFEC0E90F
:1007A0000244C0E90544C0E90744C0E90944C0E97E
:1007B0000B44C0E90D44154B446003600474C463EA
:1007C00080F86C40A860AB682E212C22C3E905128A
:1007D0000F49104A9A600022C3E90712C3E90912BF
:1007E000C3E90B12DA605A630B4A10689863AB686E
:1007F000D8630A4BAA681B683C32591E0A3311F8A9
:10080000010F42F8040F9942F9D138BD9417060838
:10081000501606084A6E05085C420608700000245F
:10082000064B10B504460360806810B103685B682E
:1008300098472046FEF7EDFE204610BD383F0608DB
:1008400010B50446FFF7ECFF204618F05FFD204688
:1008500010BD0000064B10B504460360806810B15F
:1008600003685B6898472046FEF7D3FE204610BD1C
:100870006C3F060810B50446FFF7ECFF204618F061
:1008800045FD204610BD000038B58468054684B992
:100890006820FEF711FEC0E90244C0E90544C0E942
:1008A00007441A4B446003600474848480F86440F5
:1008B000A860AA68164B93602E21002382F82410AA
:1008C000D3601374AA682C2182F82510114A10688D
:1008D000AA68C15C1A440133242B82F82610F7D190
:1008E0000D4B18680023AA68C15C1A4401331A2B07
:1008F00082F84A10F7D1AB68084A5A6104229A611B
:10090000074ADA6105221A6238BD00BFA41706083B
:100910004A6E0508680000246C0000243B68050846
:1009200040680508064B10B504460360806810B1A6
:1009300003685B6898472046FEF76BFE204610BDB3
:100940005826060810B50446FFF7ECFF204618F0BD
:10095000DDFC204610BD000038B58468054694B91A
:100960004FF49470FEF7A8FDC0E90244C0E90544C5
:10097000C0E90744C0E90944184B446003600474AB
:1009800080F82441A860AB68154A9A600022DA60BA
:100990001A7419462E225A622C2241F8282F114A25
:1009A0001268501E233210F8014F41F8044F904254
:1009B000F9D10D4A126803F1B800511E193211F82D
:1009C000014F40F8044F9142F9D1084A5A6104227C
:1009D0009A61074ADA6105221A6238BDB41706081F
:1009E0004A6E0508680000246C0000240810060800
:1009F0001C100608064B10B504460360806810B151
:100A000003685B6898472046FEF703FE204610BD4A
:100A10005831060810B50446FFF7ECFF204618F0E1
:100A200075FC204610BD00000B4B10B5036090F81C
:100A3000643004465BB1806808B118F069FC6069F5
:100A400008B118F065FCE06908B118F061FC2046B7
:100A5000FEF7DFFD204610BDA417060810B50446BA
:100A6000FFF7E2FF204618F051FC204610BD0000C1
:100A70000B4B10B5036090F8243104465BB18068DD
:100A800008B118F045FC606908B118F041FCE06954
:100A900008B118F03DFC2046FEF7BBFD204610BD16
:100AA000B417060810B50446FFF7E2FF204618F019
:100AB0002DFC204610BD000038B58468054684B979
:100AC0006820FEF7F9FCC0E90244C0E90544C0E92A
:100AD00007441A4B446003600474848480F86440C3
:100AE000A860AA68164B93602E21002382F8241078
:100AF000D3601374AA682C2182F82510114A10685B
:100B0000AA68C15C1A440133242B82F82610F7D15D
:100B10000D4B18680023AA68C15C1A4401331A2BD4
:100B200082F84A10F7D1AB68084A5A6104229A61E8
:100B3000074ADA6105221A6238BD00BFA417060809
:100B40004A6E0508680000246C0000243B68050814
:100B500040680508064B10B504460360806810B174
:100B600003685B6898472046FEF753FD204610BD9A
:100B7000D436060810B50446FFF7ECFF204618F0FF
:100B8000C5FB204610BD000038B58468054694B901
:100B90004FF49470FEF790FCC0E90244C0E90544AC
:100BA000C0E90744C0E90944184B44600360047479
:100BB00080F82441A860AB68154A9A600022DA6088
:100BC0001A7419462E225A622C2241F8282F114AF3
:100BD0001268501E233210F8014F41F8044F904222
:100BE000F9D10D4A126803F1B800511E193211F8FB
:100BF000014F40F8044F9142F9D1084A5A6104224A
:100C00009A61074ADA6105221A6238BDB4170608EC
:100C10004A6E0508680000246C00002408100608CD
:100C20001C100608064B10B504460360806810B11E
:100C300003685B6898472046FEF7EBFC204610BD32
:100C4000883E060810B50446FFF7ECFF204618F072
:100C50005DFB204610BDC3689A6810B5C26002B142
:100C6000506042685A600C68844203D10B609860FF
:100C7000436010BD916881420CBF9360D360F6E77A
:100C80008368DA6810B5826002B1506042685A60C9
:100C90000C68844203D10B60D860436010BDD168FA
:100CA00081420CBFD3609360F6E7C268034622B16D
:100CB00010469268002AFBD170474068C2689A4289
:100CC00004D0DA68904208BF18467047034640686F
:100CD000F4E7027803462AB942685268824201D199
:100CE000D06870479A6822B11046D268002AFBD1BA
:100CF0007047586882689A4200D07047034640683F
:100D0000F8E7FFF7D2BFFFF7D0BFFFF7E2BF2DE94B
:100D1000F8431D461F1D0023C1E902330C464A60FB
:100D20000B70A0B19542916002D16960EC6003E064
:100D3000AB68934208BFA9604FF000094FF001086B
:100D40006B68A34232D101221A70BDE8F883D160EA
:100D5000EB689342F0D1E9E7C368A34203D1394677
:100D6000FFF779FF04466368394683F80080304610
:100D700086F80090FFF784FFE2E733B11A7822B9D2
:100D800080F8008083F8008021E08368A34203D1CB
:100D90003946FFF775FF04466368394683F80080DB
:100DA000304686F80090FFF756FFC9E76068027882
:100DB000002AC8D14668B3688342DED1F268002AAF
:100DC000CAD011780029C7D101211970117086F895
:100DD00000903446B4E72DE9F047D0E902240546F7
:100DE0000F46002A3FD0002C39D021460B46896897
:100DF0000029FBD1AB42DE6836D0A34253609A6033
:100E000008D05A6806B1726059688E60DC60E96883
:100E100014464B607A68AA421AD17B606A682978C6
:100E20005A601A7819702A702B78002B7ED007F13F
:100E300004084FF000094FF0010A7B68B34273D0F9
:100E4000002E3CD03378012B39D0012333706DE074
:100E50006A689168A9420CBF9360D360DEE744687A
:100E60001646746003E026466C68002EF9D17B6854
:100E7000AB420FD17E60BB68AB4203D1EB6883B954
:100E80006B68BB60FB68AB42CED1AB6883B96B6863
:100E9000FB60C9E76B689A68AA420CBF9E60DE607F
:100EA000E9E733461A469B68002BFBD1BA60E9E7B5
:100EB00033461A46DB68002BFBD1FA60B4E7A06822
:100EC000B04236D1E06803783BB980F800A04146D3
:100ED00020462370FFF7BFFEE068D0E9022312B17D
:100EE0001178012909D113B11978012905D1636855
:100EF00080F8009026461C469FE713B11B78012B13
:100F000007D101231370002303704146FFF7B8FE99
:100F1000E06823780370C3680122227003B11A705D
:100F200041462046FFF797FE002E8ED12846BDE8A9
:100F3000F08703783BB980F800A041462046237033
:100F4000FFF79EFEA068D0E9023212B111780129A4
:100F500004D1002BCBD019780129C8D013B11B784C
:100F6000012B07D101231370002303704146FFF7C3
:100F700072FEA0682378037083680122227003B197
:100F80001A7041462046FFF77BFECDE7009B032009
:100F90001A60704700207047002070470420704797
:100FA000009B03201A6070477F2908D8D0E90032DF
:100FB0009A4242D05A1C0260197001207047B1F564
:100FC000006F10D2D0E90032D21A012A35D95A1C4A
:100FD00002608A09403A1A70036801F03F015A1C06
:100FE00002608039E8E7B1F5803F11D2D0E90032E4
:100FF000D21A022A21D95A1C02600A0B203A1A700E
:101000000268531C0360C1F38513803B1370E3E750
:10101000B1F5881F11D2D0E90032D21A032A0CD9B7
:101020005A1C02608A0C103A1A700268531C036042
:10103000C1F30533803B1370E2E700207047D0E92D
:101040000032D21AF0B504466FD018787F2802D843
:1010500001332360F0BDC1281DD9DF280ED8012A35
:1010600063D05A7802F0C005802D14D1A2F5425207
:1010700002EB80108142EDD30233EAE7EF2823D858
:10108000012A52D05D7805F0C006802E03D1E028F9
:1010900004D19F2D06D84FF0FF30DBE7ED2801D1BA
:1010A0009F2DF8D8022A40D09A7802F0C006802EF0
:1010B000F1D1A2F56222803A02EB003202EB8510F8
:1010C0008142C7D30333C4E7F428E4D8B1F5803FA5
:1010D000E1D3012A29D05D7805F0C006802EDAD14F
:1010E000F0281DD18F2DD6D9022A1ED09E7806F069
:1010F000C007802FCFD1032A17D0DA7802F0C007BB
:10110000802FC8D1A2F17272A2F5025202EB804286
:1011100002EB053202EB861081429BD3043398E741
:10112000F428E1D18F2DDFD9B5E76FF0010091E709
:101130007F2910B508D8D0E900329A4247D05A1C0E
:1011400002601970012010BDB1F5006F0FD2D0E917
:101150000032D21A012A3AD98C091A46403C02F8C8
:10116000024B01F03F01803902605970EAE7B1F5A6
:10117000803F12D2D0E90032D21A022A27D90A0BB4
:10118000203A1A70C1F38512803A01F03F015A707B
:101190008039DA1C02609970D4E7B1F5881F16D245
:1011A000D0E90032D21A032A11D98A0C103A1A70E7
:1011B000C1F30532803A5A70C1F38512803A01F0CA
:1011C0003F019A7080391A1D0260D970BAE7002079
:1011D000B9E7D0E90032D21AF0B504466FD01878DA
:1011E0007F2802D801332360F0BDC1281DD9DF2834
:1011F0000ED8012A63D05A7802F0C005802D14D190
:10120000A2F5425202EB80108142EDD30233EAE7AD
:10121000EF2823D8012A52D05D7805F0C006802E31
:1012200003D1E02804D19F2D06D84FF0FF30DBE733
:10123000ED2801D19F2DF8D8022A40D09A7802F0EB
:10124000C006802EF1D1A2F56222803A02EB003274
:1012500002EB85108142C7D30333C4E7F428E4D8F6
:10126000B1F5803FE1D3012A29D05D7805F0C006B1
:10127000802EDAD1F0281DD18F2DD6D9022A1ED08A
:101280009E7806F0C007802FCFD1032A17D0DA78D6
:1012900002F0C007802FC8D1A2F17272A2F50252EB
:1012A00002EB804202EB053202EB861081429BD3B7
:1012B000043398E7F428E1D18F2DDFD9B5E76FF03B
:1012C000010091E7B1F5803F10B5D0E900430BD2A2
:1012D0009C4221D0D30789B201D449BA89B2A31C58
:1012E00003602180012010BD1B1B022B14D98B0A27
:1012F000C1F30901A3F52153A1F51051D2079BB207
:1013000089B203D45BBA49BA9BB289B2224622F8A9
:10131000043B02606180E5E70020E4E737B5CDE9F2
:101320000023069D08491446002045B1B0F5881FEA
:1013300005F1FF3503D26846FFF74BFFF5E700984C
:10134000001B03B030BD00BFFFFF100073B51E4689
:10135000079B0093089B01931446A642254607D19C
:101360000020069B009A1D60099B1A6002B070BDA8
:101370002168A1F55843B3F5006F05F1040409D3C2
:10138000B1F5881F06D26846FFF7D2FE0028E4D1E7
:101390000120E6E70220E4E78B070CD5D0E9003214
:1013A000D21A022A09D9064A1188927819809A70AD
:1013B000036803330360012070470020704700BFBB
:1013C000466805082DE9F0410E46044619463046A8
:1013D000069D1746FFF7E0FF30BB0120BDE8F08116
:1013E0001988A1F55840B0F5806F23D2012D29D07E
:1013F000D21A022AF1D95B88A3F55C42B2F5806F5C
:1014000020D2A3F15773A3F5773303EB81214FF07B
:101410000208B94216D83046FFF7C6FD0028DCD0D6
:10142000236803EB48032360D4E900329A42D7D102
:101430000020D3E7A1F55C43B3F5806F02D34FF0F2
:101440000108E6E70220C9E77FB5CDE90223099B41
:1014500004930A9B059300230093074A04A902A85A
:10146000FFF7B0FF089B029A1A600B9B049A1A6060
:1014700007B05DF804FB00BFFFFF100070B50D461C
:101480000446194628461646FFF786FF88B901200C
:1014900070BD1968A1F55843B3F5006F0FD38E42A4
:1014A0000DD32846FFF780FD0028F0D023680433D1
:1014B0002360D4E900329A42EBD10020E8E7022011
:1014C000E6E700001FB5CDE90023079B0293089BC8
:1014D0000393074A002302A96846FFF7CFFF069B44
:1014E000009A1A60099B029A1A6005B05DF804FB25
:1014F000FFFF100038B54B0704460CD5D0E9005368
:101500005B1B022B07D90449032228461BF050FC21
:1015100008B90335256038BD201B0608F8B50D460F
:10152000194604461646FFF7E5FFD4E90030984215
:1015300011D0D5E90072BA420DD031462046FFF7EE
:101540007EFD831C01D1012008E0864207D33B1DAC
:101550002B603860E9E7C01A18BF0120F8BD0220EF
:10156000FCE700001FB5CDE90023079B0293089B11
:101570000393074A002302A96846FFF7CFFF069BA3
:10158000009A1A60099B029A1A6005B05DF804FB84
:10159000FFFF100037B5CDE9000168469DF818102F
:1015A00014461D46FFF7A6FF002044B1A84204F1EF
:1015B000FF3404D829466846FFF741FDF5E7009857
:1015C00003B030BD13B51446194600230093049AA6
:1015D000034B2046FFF7DEFF001B02B010BD00BF2B
:1015E000FFFF10002DE9F8430E4619460546174641
:1015F0009846FFF77FFFD5E900494C4517D0D6E95B
:1016000000329A4213D039462846FFF718FD831C52
:10161000014609D08F420FD342463046FFF752FEB3
:101620000028E8D1C5E900490120BDE8F883B4EB02
:10163000090018BF0120F8E70220F6E71FB5CDE941
:101640000023079B0293089B0393074A012302A9E7
:101650006846FFF7C7FF069B009A1A60099B029A2B
:101660001A6005B05DF804FBFFFF1000F7B5CDE987
:1016700000019DF82010684616461C46FFF73AFF09
:1016800000277D1CB54209D30ED14FF6FF71A14250
:1016900028BF21466846FFF7D2FC05E02146684690
:1016A000FFF7CDFC844202D2009803B0F0BDB0F544
:1016B000803F38BF3D466F1CE3E7000013B514467A
:1016C000194600230093049A034B2046FFF7CEFFF0
:1016D000001B02B010BD00BFFFFF100073B51D4618
:1016E000079B0093089B01931446A54201D100205B
:1016F00009E02188A1F55843B3F5806F1FD22B1B59
:10170000022B07D80120069B009A1C60099B1A60D7
:1017100002B070BD6288A2F55C43B3F5806F15D24C
:10172000A2F15772A2F5773202EB812102266846B8
:10173000FFF7FEFC0028E5D004EB4604D5E7A1F551
:101740005C43B3F5806F01D30126F0E70220DAE7AE
:1017500073B5DDE90765CDE9002310491C46009803
:1017600084420ED0B5420CD06846FFF732FD831C90
:1017700001D1012008E0B0F5881F0CD246F8040B17
:10178000EDE7201A18BF0120069B009A1A60099BFA
:101790001E6002B070BD0220F6E700BFFFFF100020
:1017A000F7B5CDE90023089E0E49144600277D1C9D
:1017B000AE4206D80BD14FF6FF716846FFF709FD20
:1017C00005E06846FFF705FDB0F5881F03D30098D4
:1017D000001B03B0F0BDB0F5803F38BF3D466F1C25
:1017E000E5E700BFFFFF1000F0B585B0CDE90023AD
:1017F0000C9E154F1C460B9BCDE90236009D029BAB
:10180000AC421BD09E4219D039466846FFF7E1FC36
:10181000831C014609D0B1F5881F13D2012202A80A
:10182000FFF750FD0028E9D1009501200A9B009A9E
:101830001A600D9B029A1A6005B0F0BD601B18BFBC
:101840000120F3E70220F1E7FFFF100010B5034B82
:1018500003600446FDF7DDFE204610BDC8190608EA
:1018600010B50446FFF7F2FF204617F04FFD204663
:1018700010BD000010B5034B03600446FDF7C9FE20
:10188000204610BD201A060810B50446FFF7F2FFE7
:10189000204617F03BFD204610BD000010B5034B5D
:1018A00003600446FDF7B5FE204610BD781A060811
:1018B00010B50446FFF7F2FF204617F027FD20463B
:1018C00010BD000010B5034B03600446FDF7A1FEF8
:1018D000204610BDD01A060810B50446FFF7F2FFE7
:1018E000204617F013FD204610BD00002DE9F04FF3
:1018F00089B00B6801934B68A84F02938B680393E0
:10190000A74B3B6004460125019B7D600E4638468F
:101910000021BB60FFF7D0F87B68A248D4F80480B0
:10192000DFF810B3DFF810A32B447B60FDF714FF42
:1019300048F820709C4F9D4A7D603A60FDF78CFE10
:101940007A68B8602A449A48D4F804807A60FDF72F
:1019500003FF48F82070974F974A3A600022029B95
:10196000BB60114638467D60FEF752FE7A68D4F8B7
:1019700004802A4458467A60FDF7EEFE48F820704D
:101980008E4F8F4A3A600022039BBB601146384657
:101990007D60FEF7F9FD7A68D4F804802A44504649
:1019A0007A60FDF7D9FE48F82070DFF89082854A0A
:1019B0008548D4F80490C8F800200227C8F80470BD
:1019C000FDF7CAFE49F82080DFF874827F4A80481C
:1019D000D4F80490C8F80020C8F80470FDF7BCFEE5
:1019E00049F82080DFF85C827A4A7B48D4F804907A
:1019F000C8F80020C8F80470FDF7AEFE49F8208052
:101A0000DFF84482294640460BF04EF8D8F804200F
:101A10007248D4F804902A44C8F80420FDF79CFECC
:101A200049F82080D6E90332049272696C4E05921F
:101A300000216C4AB36030460793DFF8109275605E
:101A40003260FFF7A1F87268D4F804802A4448464F
:101A50007260FDF781FE48F82060634E634A75604E
:101A60003260FDF7F9FD7268B0602A446048D4F82E
:101A700004807260FDF770FE48F820605D4E5E4A9B
:101A800032600022049BB36011463046DFF8C0810B
:101A90007560FEF77DFE7268616806912A444046D3
:101AA0007260FDF759FE0699544A41F82060544E81
:101AB000059B3260002211463046B3607560FEF728
:101AC0001FFE7268616806912A4472604D4A104692
:101AD000FDF742FE069941F820604B4E4B493160BC
:101AE0004B48616806917760FDF736FE069941F82C
:101AF0002060484E484931604848616806917760E7
:101B0000FDF72AFE069941F82060454E45493160AF
:101B10004548616806917760FDF71EFE069941F819
:101B20002060424E2946304611F04AFF7168404815
:101B3000656801317160FDF70FFE45F820601948B6
:101B4000E568FDF709FE019B45F820305846E56839
:101B5000FDF702FE029B45F820305046E568FDF790
:101B6000FBFD039B45F820304846E568FDF7F4FD92
:101B7000079B45F820304046E568FDF7EDFD214A1A
:101B8000049B45F820301046E468FDF7E5FD059B11
:101B900044F8203009B0BDE8F08F00BFECCE01243E
:101BA000D4360608F0CF0124F8CE0124B836060852
:101BB000DCCF0124D4CE0124B8370608E0CE0124BE
:101BC000843706083438060800D001244C3806084B
:101BD000FCCF012478380608E4CF0124E0CF0124AB
:101BE00094CE0124883E0608A0CE01242C3E06088F
:101BF0003CD001247CCE01246C3F0608383F060807
:101C000088CE012454D0012474CE0124E83F060874
:101C100060D001246CCE0124004006085CD0012471
:101C200064CE01242C40060844D0012454CE012463
:101C300040D00124F8CF0124F4CF0124CCCE0124DC
:101C4000C4CE0124BCCE0124ACCE012450D001244A
:101C500058D0012413B5049CCDE9003413460A463C
:101C6000C1684FF0000006F03DFA02B010BD30B57B
:101C70008BB00D460AA901E90C0079230693129B4B
:101C80000593119B0493109B03930EAA044692E8BC
:101C9000030001AB83E80300099B00932046089BE7
:101CA000AA684FF0000106F023FC20460BB030BDBF
:101CB00030B58BB00D460AA901E90C006D230693DF
:101CC000129B0593119B0493109B03930EAA044649
:101CD00092E8030001AB83E80300099B00932046D0
:101CE000089BAA684FF0000106F002FC20460BB0EA
:101CF00030BD30B58BB00D460AA901E90C00772341
:101D00000693129B0593119B0493109B03930EAAB9
:101D1000044692E8030001AB83E80300099B0093AB
:101D20002046089BAA684FF0000106F0E1FB204620
:101D30000BB030BD30B58BB00D460AA901E90C00DF
:101D400064230693129B0593119B0493109B0393AA
:101D50000EAA044692E8030001AB83E80300099B46
:101D600000932046089BAA684FF0000106F0C0FBD4
:101D700020460BB030BD30B58BB00D460AA901E945
:101D80000C0074230693129B0593119B0493109BE4
:101D900003930EAA044692E8030001AB83E8030014
:101DA000099B00932046089BAA684FF0000106F0AB
:101DB0009FFB20460BB030BD81684FF0000006F05D
:101DC00091BBF0B591B00AAC84E80C0000230793F6
:101DD0000D930EAB06930DAB0593199B04939DF8E1
:101DE0006030039316AA0F46054692E8030001AB44
:101DF00083E803000B9B009308AE0A9BBA684FF080
:101E00000001304606F028FC96E803000D9B84E8AC
:101E100003005BB9DDE90E011B9BC3E9000194E8F7
:101E2000030085E80300284611B0F0BD1A9A13603C
:101E3000F5E710B588B00DF1200C0CE90C0000237B
:101E400004939DF8303003930B9B02939DF8283048
:101E50000193079B009313468A684FF000010446E4
:101E600006F0E8FE204608B010BD0A4601694FF0B2
:101E7000000006F02FBB13B5049CCDE900341346D7
:101E80000A46C1684FF0000006F037F902B010BDF5
:101E900030B58BB00D460AA901E90C0079230693F1
:101EA000129B0593119B0493109B03930EAA044667
:101EB00092E8030001AB83E80300099B00932046EE
:101EC000089BAA684FF0000106F06CFB20460BB09F
:101ED00030BD30B58BB00D460AA901E90C006D2369
:101EE0000693129B0593119B0493109B03930EAAD8
:101EF000044692E8030001AB83E80300099B0093CA
:101F00002046089BAA684FF0000106F04BFB2046D4
:101F10000BB030BD30B58BB00D460AA901E90C00FD
:101F200077230693129B0593119B0493109B0393B5
:101F30000EAA044692E8030001AB83E80300099B64
:101F400000932046089BAA684FF0000106F02AFB88
:101F500020460BB030BD30B58BB00D460AA901E963
:101F60000C0064230693129B0593119B0493109B12
:101F700003930EAA044692E8030001AB83E8030032
:101F8000099B00932046089BAA684FF0000106F0C9
:101F900009FB20460BB030BD30B58BB00D460AA909
:101FA00001E90C0074230693129B0593119B049383
:101FB000109B03930EAA044692E8030001AB83E84A
:101FC0000300099B00932046089BAA684FF000017C
:101FD00006F0E8FA20460BB030BD81684FF00000F3
:101FE00006F083BAF0B591B00AAC84E80C00002387
:101FF00007930D930EAB06930DAB0593199B0493BA
:102000009DF86030039316AA0F46054692E8030038
:1020100001AB83E803000B9B009308AE0A9BBA68F0
:102020004FF00001304606F064FB96E803000D9B7C
:1020300084E803005BB9DDE90E011B9BC3E90001E5
:1020400094E8030085E80300284611B0F0BD1A9A11
:102050001360F5E710B588B00DF1200C0CE90C0009
:10206000002304930C9B03930B9B02939DF8283051
:102070000193079B009313468A684FF000010446C2
:1020800006F0BCFE204608B010BD0A4601694FF0BC
:10209000000006F023BA000088422DE9F041044612
:1020A0000D4618D0A0B10F1ABF100021384601F01C
:1020B000A5FE00F10C080646214640462A4601F0DE
:1020C00019FE3946304601F08DFE4046BDE8F081EC
:1020D000024809F040FEDFF80880F6E74A68050884
:1020E00020CF012407B5006801A90C3801F0D0FE0B
:1020F00003B05DF804FBFFF7F5BF50F80C0C704718
:10210000836937B504460D4603B198472B68A3F1A0
:102110000C0053F8043C002B0ADB01F0A3FC206008
:102120002868064BFFF7E9FFA361606003B030BD8C
:10213000002201A901F0A0FCF1E700BFBF210308C4
:102140000B4613B514461A6801691046FFF7D5FF10
:10215000009403464FF0000006F068F902B010BD8D
:102160000B4613B514461A6801691046FFF7C5FF00
:10217000009403464FF0000006F044F902B010BD91
:10218000F8B507460868FFF7B8FF044601300E4669
:1021900017F02EF90023054601462246304601F08D
:1021A0009DFA00232B553D602046F8BD07B5006819
:1021B00001A90C3801F030FB03B05DF804FBFFF718
:1021C000F5BF00002DE9F843154601EB0509494527
:1021D00007460C461A4617D099B10021284601F04F
:1021E000CFFA00F10C080646214640464A4601F067
:1021F00033FA2946304601F0B7FAC7F80080BDE847
:10220000F883034809F0A7FDDFF80880F5E700BF71
:102210004A68050810CF0124836937B504460D4686
:1022200003B198472B68A3F10C0053F8043C002B32
:102230000ADB01F02BFF20602B6853F80C3C636035
:10224000044BA36103B030BD002201A901F028FFB7
:10225000F1E700BFF7200308F8B50B6853F80C5CF2
:102260006FF060426B1C9342074634BF98004FF0FA
:10227000FF300E4617F0BCF80023044601462A46FC
:10228000304601F07BFD002344F825303C602846B1
:10229000F8BD10B50446006843685A1E012B426021
:1022A00002D103685B689847204610BD10B5074B04
:1022B0000360036900220446DA600C30FFF7E9FF8F
:1022C0002046FEF747FC204610BD00BFD42006087C
:1022D00010B50446FFF7EAFF204617F017F820462E
:1022E00010BD000010B5084B0360036900220446CE
:1022F000DA609A611A629A620C30FFF7CAFF2046D0
:10230000FEF7CAF9204610BD1421060810B5044690
:10231000FFF7E8FF204616F0F9FF204610BD000049
:1023200010B5084B0360036900220446DA609A6125
:102330001A629A620C30FFF7ACFF2046FEF7C6F92E
:10234000204610BD4821060810B50446FFF7E8FFF7
:10235000204616F0DBFF204610BD000010B5054BEF
:10236000044640F8103BFFF794FF204609F012FFA7
:10237000204610BDAC21060810B50446FFF7EEFF5D
:10238000204616F0C3FF204610BD000010B5074BD5
:102390000360036900220446DA600C30FFF779FF1E
:1023A0002046FEF73FFC204610BD00BFC8210608AE
:1023B00010B50446FFF7EAFF204616F0A7FF2046B7
:1023C00010BD000010B5084B0360036900220446ED
:1023D000DA601A629A621A630C30FFF75AFF2046DD
:1023E000FEF71EFA204610BD0822060810B5044666
:1023F000FFF7E8FF204616F089FF204610BD0000D9
:1024000010B5084B0360036900220446DA601A62C3
:102410009A621A630C30FFF73CFF2046FEF71AFA67
:10242000204610BD3C22060810B50446FFF7E8FF21
:10243000204616F06BFF204610BD000010B5054B7E
:10244000044640F8103BFFF724FF204610F0FAFD49
:10245000204610BDA022060810B50446FFF7EEFF87
:10246000204616F053FF204610BD0000084B10B563
:10247000044640F80C3BFFF70CFF2046054B40F8A4
:10248000083B17F06FFB2046FDF7C3F8204610BD50
:10249000F8200608B836060810B50446FFF7E6FF30
:1024A000204616F033FF204610BD000010B5064B45
:1024B000044640F8083BFFF7ECFE044B236020463F
:1024C000FDF7A7F8204610BD7C2106083438060821
:1024D00010B50446FFF7EAFF204616F017FF204626
:1024E00010BD000010B5064B044640F8083BFFF74E
:1024F000D0FE044B23602046FDF78BF8204610BD2C
:10250000942106084C38060810B50446FFF7EAFF88
:10251000204616F0FBFE204610BD0000084B10B50B
:10252000044640F80C3BFFF7B4FE2046054B40F84C
:10253000083B17F017FB2046FDF76BF8204610BD4F
:10254000EC2106082C3E060810B50446FFF7E6FF0E
:10255000204616F0DBFE204610BD000010B5064BED
:10256000044640F8083BFFF794FE044B23602046E6
:10257000FDF74FF8204610BD70220608E83F060818
:1025800010B50446FFF7EAFF204616F0BFFE2046CE
:1025900010BD000010B5064B044640F8083BFFF79D
:1025A00078FE044B23602046FDF733F8204610BD2B
:1025B000882206080040060810B50446FFF7EAFF27
:1025C000204616F0A3FE204610BD000010B5064BB5
:1025D000044640F8083BFFF75CFE044B23602046AE
:1025E000FDF717F8204610BDBC220608783806080B
:1025F00010B50446FFF7EAFF204616F087FE204696
:1026000010BD000010B5064B044640F8083BFFF72C
:1026100040FE044B23602046FCF7FBFF204610BD24
:10262000E42206082C40060810B50446FFF7EAFF2E
:10263000204616F06BFE204610BD836910B5044697
:1026400003B19847204610BD70B590B009AD0E4655
:1026500006A981E80C0004461799002328460F9329
:10266000FFF74EFD9DF858300393159B02939DF89C
:1026700050300193079B009304959FED070B069B39
:10268000B2684FF00001204606F0D4FA2846FFF762
:10269000D4FF204610B070BD000000000000000014
:1026A00070B590B009AD0E4606A981E80C0004464D
:1026B0001799002328460F93FFF7AEFD169B03934F
:1026C000159B02939DF850300193079B009304954E
:1026D0009FED070B069BB2684FF00001204606F005
:1026E0008DFB2846FFF7A9FF204610B070BD00BF44
:1026F000000000000000000037B5084614460D46F3
:102700000AF096F884F8240028460AF094F800238A
:10271000A3606361E361012384F8643084F82500D9
:10272000294601A80AF08AF801A904F10800FFF778
:1027300027FDE06001A8FFF739FD294601A80AF04E
:1027400084F801A904F11400FFF71AFDA06101A8A3
:10275000FFF72CFD294601A80AF07EF801A904F133
:102760001C00FFF70DFD206201A8FFF71FFD03B05D
:1027700030BD37B5084614460D4610F0E5FF6062DF
:10278000284610F0E4FF0023A3606361E3610123A6
:1027900084F82431A062294601A810F0DBFF01A9CA
:1027A00004F10800FFF7ECFCE06001A8FFF7FEFC75
:1027B000294601A810F0D5FF01A904F11400FFF784
:1027C0004BFDA06101A8FFF78DFC294601A810F080
:1027D000CFFF01A904F11C00FFF73EFD206201A814
:1027E000FFF780FC03B030BD10B4084611461A460E
:1027F000DDE9013401945DF8044B0AF077B910B4B7
:10280000084611461A46DDE9013401945DF8044B8F
:1028100011F0F8B813B5144601A81A46049B0AF043
:102820006CF901A92046FFF76BFC01A8FFF7BEFC7D
:1028300002B010BD13B5144601A81A46049B11F04E
:10284000E8F801A92046FFF7E7FC01A8FFF74AFCDA
:1028500002B010BD37B5084614460D4609F0A5FF75
:102860006074284609F0A4FFA074284609F0BFFF51
:102870000023A3606361E3616362012384F8433052
:10288000E062294601A809F096FF01A904F10800B9
:10289000FFF776FCE06001A8FFF788FC294601A855
:1028A00009F090FF01A904F11400FFF769FCA06191
:1028B00001A8FFF77BFC294601A809F08AFF01A9BE
:1028C00004F11C00FFF75CFC206201A8FFF76EFC1E
:1028D000294601A809F084FF01A904F12400FFF7AB
:1028E0004FFCA06201A8FFF761FC284609F082FFB7
:1028F0002063284609F083FF606303B030BD37B51D
:10290000084614460D4609F021FF6074284609F078
:1029100020FFA074284609F03BFF0023A3606361F9
:10292000E3616362012384F84330E062294601A831
:1029300009F012FF01A904F10800FFF721FCE06093
:1029400001A8FFF733FC294601A809F00CFF01A9F3
:1029500004F11400FFF714FCA06101A8FFF726FCA6
:10296000294601A809F006FF01A904F11C00FFF7A0
:1029700007FC206201A8FFF719FC294601A809F00D
:1029800000FF01A904F12400FFF7FAFBA06201A8EF
:10299000FFF70CFC284609F0FEFE2063284609F0EC
:1029A000FFFE606303B030BD37B5084614460D46E0
:1029B00010F085FE6061284610F084FEA061284674
:1029C00010F09FFE0023A360E3616362E3620123D2
:1029D00084F86C306063294601A810F076FE01A9E6
:1029E00004F10800FFF7CCFBE06001A8FFF7DEFB75
:1029F000294601A810F070FE01A904F11C00FFF7A0
:102A00002BFC206201A8FFF76DFB294601A810F0FE
:102A10006AFE01A904F12400FFF71EFCA06201A8D0
:102A2000FFF760FB294601A810F064FE01A904F13C
:102A30002C00FFF711FC206301A8FFF753FB284689
:102A400010F062FEA063284610F063FEE06303B05E
:102A500030BD37B5084614460D4610F001FE6061E2
:102A6000284610F000FEA061284610F01BFE00234F
:102A7000A360E3616362E362012384F86C30606306
:102A8000294601A810F0F2FD01A904F10800FFF7A2
:102A900077FBE06001A8FFF789FB294601A810F049
:102AA000ECFD01A904F11C00FFF7D6FB206201A890
:102AB000FFF718FB294601A810F0E6FD01A904F173
:102AC0002400FFF7C9FBA06201A8FFF70BFB294612
:102AD00001A810F0E0FD01A904F12C00FFF7BCFBF8
:102AE000206301A8FFF7FEFA284610F0DEFDA06380
:102AF000284610F0DFFDE06303B030BD13B50C468F
:102B000001A811461A466B46FFF75CFB049A01A91F
:102B1000204609F0D9FF044601A8FFF747FB2046ED
:102B200002B010BD13B50C4601A811461A466B46FB
:102B3000FFF748FB049A01A9204610F051FF044614
:102B400001A8FFF733FB204602B010BDF0B587B0F7
:102B500004AC0E4615461F46DDE90E1203AB2046B7
:102B6000FFF730FB0D9B00933A460C9B01943146D6
:102B700005A809F0ACFF05A92846FFF7C1FA05A88A
:102B8000FFF714FB2046FFF711FB07B0F0BDF0B5CF
:102B900087B00D460E980F99144600EB810103AAE9
:102BA0001E46FFF779FA04AF0D9B0490324600935E
:102BB00029460C9B019705A810F015FF05A9204692
:102BC000FFF72AFB05A8FFF78DFA3846FFF78AFAC8
:102BD00007B0F0BD0846114609F085BF084611460A
:102BE00010F00DBF084609F0D0BE084610F059BEDF
:102BF00082B0F0B587B005469DF850700D93742FE4
:102C000016461398DDE911210FAC0DAB1ED00ED87E
:102C1000642F2DD0CDE90310029294E803008DE8D3
:102C2000030031460CCB284609F006FF1AE0772F47
:102C30002BD0CDE90310029294E803008DE8030045
:102C400031460CCB284609F013FF0BE0CDE9031009
:102C5000029294E803008DE8030031460CCB28462D
:102C600009F096FE284607B0BDE8F04002B0704774
:102C7000CDE90310029294E803008DE80300314689
:102C80000CCB284609F0A0FEECE7CDE90310029238
:102C900094E803008DE8030031460CCB284609F088
:102CA000AFFEDFE782B0F0B587B005469DF8507003
:102CB0000D93742F16461398DDE911210FAC0DAB5F
:102CC0001ED00ED8642F2DD0CDE90310029294E8C7
:102CD00003008DE8030031460CCB284610F038FE87
:102CE0001AE0772F2BD0CDE90310029294E803006D
:102CF0008DE8030031460CCB284610F045FE0BE072
:102D0000CDE90310029294E803008DE803003146F8
:102D10000CCB284610F0C8FD284607B0BDE8F040AF
:102D200002B07047CDE90310029294E803008DE8E9
:102D3000030031460CCB284610F0D2FDECE7CDE97C
:102D40000310029294E803008DE8030031460CCB97
:102D5000284610F0E1FDDFE782B02DE9F0438BB0AB
:102D600005461A9813931646DDE918189DF85C205D
:102D700015AB13AC98B1CDE90480CDE9022193E8FD
:102D800003008DE80300314694E80C00284609F062
:102D90003DFC28460BB0BDE8F04302B0704709AFD8
:102DA000CDE90487CDE902211048099093E803009A
:102DB0008DE803000DF1180994E80C0031464846EF
:102DC00009F043FC99E80300D8F8003084E80300D8
:102DD0001BB91B983946FFF793F994E8030085E87F
:102DE00003003846FFF7E2F9D3E700BF10CF012414
:102DF00082B02DE9F0438BB005461A98139316461E
:102E0000DDE918189DF85C2015AB13AC98B1CDE93D
:102E10000480CDE9022193E803008DE803003146E8
:102E200094E80C00284610F07DFB28460BB0BDE866
:102E3000F04302B0704709AFCDE90487CDE9022124
:102E40001048099093E803008DE803000DF118097C
:102E500094E80C003146484610F083FB99E80300E3
:102E6000D8F8003084E803001BB91B983946FFF7F7
:102E7000D3F994E8030085E803003846FFF732F9F8
:102E8000D3E700BF20CF0124F8B5B14A0C466FF05C
:102E90000103B049054616F03DFA064610B1046834
:102EA0002046F8BDAC4B9C422AD11420FCF704FB11
:102EB00004466820FCF700FBA84B0360A84B466063
:102EC0000746C0E90266C0E90566C0E90766067400
:102ED000868480F864602360A06031462046666086
:102EE000FDF7EAFD6B68E56001336B609D4B236085
:102EF00027613A4629464FF0000005F079F8CFE700
:102F0000994B9C4210D11020FCF7D6FA974B0360E6
:102F100046600446FCF7A0FB6B68C4E90205013378
:102F20006B60934B2360BBE7924B9C420AD10C2011
:102F3000FCF7C2FA6B6801336B60C0E901658E4B28
:102F40000446EFE78D4B9C420AD10C20FCF7B4FA03
:102F50006B6801336B60C0E90165894B0446E1E7AA
:102F6000884B9C420AD10C20FCF7A6FA6B6801330F
:102F70006B60C0E90165844B0446D3E7834B9C42F8
:102F800030D11420FCF798FA04464420FCF794FA58
:102F90007F4B0682C0E900367E4B86740746C0E947
:102FA0000266C0E90566C0E90766C0E90966C0E9CE
:102FB0000B66466380F843602360A060324631466A
:102FC00020466660FDF7E0FA6B68E56001336B60F0
:102FD000714B236027613A4629464FF0000005F007
:102FE000B9F85DE76D4B9C4230D11420FCF764FAD0
:102FF00004464420FCF760FA694B0682C0E90036BB
:10300000684B86740746C0E90266C0E90566C0E9F8
:103010000766C0E90966C0E90B66466380F843604D
:103020002360A0603246314620466660FDF7F0FA24
:103030006B68E56001336B605B4B236027613A4648
:1030400029464FF0000005F0DBF829E7574B9C427A
:103050000CD11420FCF730FA3146044609F024FD67
:103060006B68256101336B60514B5BE7514B9C42B0
:103070002CD11420FCF720FA04464FF49470FCF78E
:103080001BFA4D4B036000214C4B41600646C0E9E2
:103090000211C0E90511C0E90711C0E90911017465
:1030A00080F8241161602360A0602046FDF76CFD6C
:1030B0006B68E56001336B60414B236026613246EB
:1030C00029464FF0000004F0D1FFE9E63D4B9C4259
:1030D00010D11020FCF7F0F9002343603A4B036055
:1030E0000446FCF7B9FA6B6801336B60C4E902056A
:1030F000364B17E7364B9C420BD10C20FCF7DCF922
:103100000023C0E901356B6801336B600446314B25
:1031100008E7314B9C420BD10C20FCF7CDF9002382
:10312000C0E901356B6801336B6004462B4BF9E64F
:103130002B4B9C4258D10C20FCF7BEF90023C0E970
:1031400001356B6801336B600446264BEAE600BF2D
:1031500014200608740F0608F0CF0124A4170608EF
:10316000D4360608D4200608DCCF0124B836060879
:10317000F8200608E4CF0124BC22060800D0012470
:103180007C210608FCCF012494210608F4CF0124F9
:10319000641706088437060814210608F8CF0124AE
:1031A00074170608B837060848210608E0CF01243E
:1031B000AC21060850D00124B4170608883E060842
:1031C000C82106083CD001242C3E0608EC21060844
:1031D00044D00124E422060860D0012470220608AD
:1031E0005CD00124882206083E4B9C4231D1142039
:1031F000FCF762F904467020FCF75EF93A4B036075
:1032000000223A4B42600646C0E90222C0E905228C
:10321000C0E90722C0E90922C0E90B22C0E90D225A
:103220000274C26380F86C2062602360A060114663
:103230002046FDF765FA6B68E56001336B602C4B47
:1032400023602661324629464FF0000005F02EF833
:1032500026E6284B9C4231D11420FCF72DF9044678
:103260007020FCF729F9244B03600022234B4260B5
:103270000646C0E90222C0E90522C0E90722C0E9EA
:103280000922C0E90B22C0E90D220274C26380F852
:103290006C2062602360A06011462046FDF778FA3A
:1032A0006B68E56001336B60154B23602661324625
:1032B00029464FF0000005F04FF8F1E5114B9C4214
:1032C0000CD11420FCF7F8F80021044610F078FB2C
:1032D0006B68256101336B600B4B23E60B4808F0EC
:1032E0003AFD00BF54D0012484170608383F060871
:1032F0000822060858D00124941706086C3F0608D7
:103300003C22060840D00124A02206087468050863
:103310008B6913B5044613B9054808F01CFDD1E9C3
:10332000001201ABFEF74EFF204602B010BD00BFF9
:10333000A168050882B02DE9F04786B004461499CB
:103340009DF84480DDF848909DF84CA00F931546F9
:103350000FAEB1B105AF3846FFF7DAFFCDE902A7EE
:10336000CDE90089204696E80C00294609F0A2F92B
:103370003846FEF71BFF204606B0BDE8F04702B016
:103380007047CDE9019ACDF8008096E80C002946F7
:1033900009F07AF9EFE710B58AB0044600930020EF
:1033A0001346C968099003AA04F0B2FE03A9204697
:1033B000FFF7AEFF03A8FFF740F920460AB010BDA3
:1033C000F0B597B00AAC84E80C000FAE0023CDE94D
:1033D000063615930D930DAB05931F9B04939DF833
:1033E000783003931CAA8C46054692E8030001AB93
:1033F00083E803000B9B009308AF0A9BDCF80820CE
:103400004FF00001384605F027F997E803000D9BBF
:1034100084E80300A3B931460EA8FFF779FF21988D
:103420000EA900F079F90EA8FEF7C0FE94E803009B
:1034300085E803003046FFF700F9284617B0F0BDD5
:10344000209A1360F2E730B58DB0044600200B904F
:103450001198096905682846FEF74FFECDE902502C
:103460001098CDE9003013464FF0000005AA04F093
:10347000F1FF05A92046FFF74BFF05A8FFF7DDF890
:1034800020460DB030BD00008B6913B5044613B95A
:10349000064808F060FCD1E9000101AA00EB8101B7
:1034A000FEF7FAFD2060204602B010BDA1680508B5
:1034B00082B02DE9F04786B0DDE9129A14999DF8A3
:1034C00044800F93044615460FAEB1B105AF3846A0
:1034D000FFF7DAFFCDE902A7CDE90089204696E89B
:1034E0000C00294610F071F83846FEF7FBFD204627
:1034F00006B0BDE8F04702B07047CDE9019ACDF8BB
:10350000008096E80C00294610F04AF8EFE710B565
:103510008AB00446009300201346C968099003AAA4
:1035200004F007FE03A92046FFF7AEFF03A8FFF74C
:1035300084F820460AB010BDF0B597B00AAC84E814
:103540000C000FAE0023CDE9063615930D930DAB9D
:1035500005931F9B04939DF8783003931CAA8C4617
:10356000054692E8030001AB83E803000B9B009340
:1035700008AF0A9BDCF808204FF00001384605F040
:10358000B8F897E803000D9B84E80300A3B931461F
:103590000EA8FFF779FF21980EA900F00DFC0EA8E8
:1035A000FEF7A0FD94E8030085E803003046FFF72E
:1035B00044F8284617B0F0BD209A1360F2E730B502
:1035C0008DB0044600200B901198006850F80C5CF8
:1035D000CDE902051098CDE900301346096905AA26
:1035E0004FF0000004F056FF05A92046FFF74CFFFE
:1035F00005A8FFF722F820460DB030BD0AB119F03A
:10360000D7BB10467047012A30B403D10B78037042
:1036100030BC7047002AFBD030BC1BF032BA012A04
:1036200030B403D10B78037030BC7047002AFBD054
:1036300030BC19F0CDBB0B46012B10B4114604462B
:1036400003D122705DF8044B7047002BFAD05DF86F
:10365000044B1A4619F0D6BB08B5521AFFF7D3FF30
:1036600008BD036853F80C0C7047000038B50C46D1
:103670001546FFF7F6FFA042034604D20348224650
:10368000294608F071FB204638BD00BFBC6805081C
:1036900070B50C4616461D46FFF7E3FF04F1804166
:1036A0000439091AB14202D2284608F057FB70BD0E
:1036B00038B505688D420C4607D8FFF7D2FF0544A0
:1036C000AC4294BF0020012038BD0120FCE708B5C2
:1036D000FFF7C7FFB0FA80F0400908BD2DE9F041BF
:1036E000904606460B4A0F4619461D46FFF7BEFF99
:1036F0003046FFF7B6FF441B444528BF44462CB173
:103700003168224629443846FFF77DFF2046BDE850
:10371000F08100BFF3680508036853F8042C002A01
:10372000B8BF002210B5B8BF43F8042C0A6852F89D
:10373000044C002CBCBF002442F8044C02600B6017
:1037400010BD70B5144605460E46FFF78AFF0346C6
:103750002046834202D84FF0FF3070BD2A68125CC9
:10376000B242FAD10130F4E7044B984204D000236E
:103770008360016008440373704700BF04CF0124D5
:10378000154B984210B5044602D9144808F0E6FAE1
:10379000884203D94B00984238BF1C4604F11D03F0
:1037A000B3F5805F04F10D0012D98C4210D9C3F338
:1037B0000B0304F58054E41A074B9C4228BF1C46B7
:1037C00004F10D00FBF778FE00224460826010BD1A
:1037D0000028F7DA08F0B6FAFCFFFF3F0669050893
:1037E000F8B50F46044680B10021FFF7C9FF00F18C
:1037F0000C060546214630463A46FFF71CFF214697
:103800002846FFF7B1FF3046F8BD014EFBE700BF89
:1038100010CF012415F07ABD054A904210B506D0AC
:103820008268541E002A846001DCFFF7F3FF10BD9C
:1038300004CF0124036813B50446A3F10C0053F828
:10384000043C002B06DD01A9FFF7E6FF034B2360D4
:1038500002B010BD0021FFF787FFF9E710CF012468
:103860002DE9F74F0C46914606461F46FFF7F9FE35
:10387000A7EB090809EB040A8044A0EB0A053068AD
:1038800050F8081C884503D850F8043C002B1EDD76
:1038900001AA4046FFF774FF814600F10C0B24B1EA
:1038A000316822465846FFF7AEFE45B1316804F153
:1038B0000C0038442A4651444844FFF7A4FE3068BF
:1038C00001A90C38FFF7A8FFC6F800B000E03DB929
:1038D000306841460C38FFF747FF03B0BDE8F08F72
:1038E0004F45F5D0274400EB0A012A463844FFF73C
:1038F00096FEEDE710B50446FFF7E9FE034670B902
:10390000226852F8042C002A04DD024601462046B3
:10391000FFF7A6FF23684FF0FF3243F8042C10BDD9
:1039200008B5036853F8043C002B01DBFFF7E2FF06
:1039300008BD10B50446FFF7F3FF206810BD000076
:10394000F8B516460A4A04460F46FFF78FFE0546AD
:103950002046FFF786FEC21BB24220464FF000030E
:1039600028BF32462946FFF77BFF2046F8BD00BF3F
:103970001E690508F8B51C4617460B4B05460E4652
:1039800022463946FFF784FE23463A46314628460A
:10399000FFF766FF34B128689DF8182021463044AF
:1039A000FFF749FE2846F8BD3269050837B50368B8
:1039B0000092CC1A0546012300222146FFF7DAFFC8
:1039C00028684FF0FF3340F8043C204403B030BD7A
:1039D000F8B5069F1E463B4604460D46FFF740FFDE
:1039E0002FB120683A4631462844FFF70CFE2046A6
:1039F000F8BD0000F7B504460E461546FFF731FE48
:103A0000174B014607462A462046FFF741FE31463E
:103A10002046FFF74DFE20B9206850F8043C002BEB
:103A20000ADD2046009533463A460021FFF7D0FFD5
:103A30000446204603B0F0BD331A9D4209D82A46F9
:103A40003146FFF7E0FD206829460C38FFF78CFE71
:103A5000EFE7002BF7D02A463146FFF7E0FDF2E70B
:103A60004F690508034B98421EBF8368013383608A
:103A70000C30704704CF012470B50446104623680B
:103A80000A4618446168FFF77BFE2268054600F18C
:103A90000C0622B104F10C013046FFF7B4FD2846B4
:103AA0002168FFF761FE304670BD73B5066856F8B1
:103AB000083C994204460D4604D856F8042C002AC6
:103AC00010DD1D462046FFF7CCFD01A92A1AA6F1FC
:103AD0000C00FFF7D1FF0546206801A90C38FFF75D
:103AE0009BFE256002B070BD2DE9F04104460846FA
:103AF0000F46FFF7B6FD0646F8B12046FFF7B1FDC9
:103B0000236853F8082C8519954203D853F8043CD0
:103B1000002B03DD29462046FFF7C7FF2046FFF7AD
:103B2000A0FDD4F80080396840443246FFF76BFDB1
:103B3000206829460C38FFF717FE2046BDE8F081C3
:103B40002DE9F04104460D4617464AB31A4B0021B1
:103B5000FFF79EFD2046FFF784FDD4F8008058F85B
:103B6000083CC6199E4203D858F8043C002B08DDD7
:103B700029462046FFF79CFDA8B131462046FFF7B5
:103B800094FF2046FFF76DFDD4F80080294640449D
:103B90003A46FFF738FD206831460C38FFF7E4FD60
:103BA0002046BDE8F08131462046A5EB0808FFF726
:103BB0007CFF25684544E4E7E75D05082DE9F04111
:103BC000044617460D4621B30A46134B0021FFF762
:103BD0005FFD2046FFF745FD236853F8082C461982
:103BE000964203D853F8043C002B03DD31462046AF
:103BF000FFF75BFF2046FFF734FDD4F8008029462D
:103C000040443A46FFF717FD206831460C38FFF76D
:103C1000ABFD2046BDE8F081E75D0508F8B50C4630
:103C200005461746FFF71DFD0B4B0646014622468B
:103C30002846FFF72DFDA64205D23A46A11B28468D
:103C4000FFF7BCFFF8BDFDD94FF0FF3221462846F3
:103C5000FFF776FEF6E700BF6469050808B50022A5
:103C6000FFF7DCFF08BDF8B504460E46FFF7F9FC88
:103C7000236853F8082C451C954203D853F8043C9C
:103C8000002B03DD29462046FFF70FFF2046FFF7F4
:103C9000E8FC27683E54206829460C38FFF764FD8D
:103CA000F8BD012A30B403D10B68036030BC704703
:103CB000002AFBD030BC19F010B9012A30B403D16E
:103CC0000B68036030BC7047002AFBD030BC19F091
:103CD00007B90B46012B10B41146044603D12260EC
:103CE0005DF8044B7047002BFAD05DF8044B1A4680
:103CF00019F0F9B808B5521A9210FFF7D2FF08BDB3
:103D0000036853F80C0C704738B50C461546FFF79E
:103D1000F7FFA042034604D203482246294608F092
:103D200023F8204638BD00BFBC68050870B50C46B6
:103D300016461D46FFF7E4FF04F180510239091AC7
:103D4000B14202D2284608F009F870BD38B50568BE
:103D50008D420C4608D8FFF7D3FF05EB8005AC4237
:103D600094BF0020012038BD0120FCE708B5FFF713
:103D7000C7FFB0FA80F0400908BD00002DE9F0410E
:103D8000904606460B4A0F4619461D46FFF7BCFFF4
:103D90003046FFF7B5FF441B444528BF444634B1C5
:103DA0003168224601EB85013846FFF77AFF20464D
:103DB000BDE8F081F3680508036853F8042C002A75
:103DC000B8BF002210B5B8BF43F8042C0A6852F8F7
:103DD000044C002CBCBF002442F8044C02600B6071
:103DE00010BD0000044B984205D0002383600160A1
:103DF00000EB8100C360704714CF01246FF0704363
:103E0000984210B5044602D3114807F0A7FF884234
:103E100003D94B00984238BF1C46201D800000F19A
:103E20001003B3F5805F0DD98C420BD9C3F30B039C
:103E3000C3F5805304EB9304064B9C4228BF1C46F9
:103E4000201D8000FBF738FB00224460826010BD1B
:103E500006690508FEFFFF0FF8B50F46044680B15E
:103E60000021FFF7CBFF00F10C0605462146304646
:103E70003A46FFF72EFF21462846FFF7B3FF3046AC
:103E8000F8BD014EFBE700BF20CF012415F03EBA7C
:103E9000054A904210B506D08268541E002A8460FC
:103EA00001DCFFF7F3FF10BD14CF01242DE9F74F1C
:103EB0000F46904606461C46FFF722FFA4EB080972
:103EC00008EB070A8144A0EB0A05306850F8081C8B
:103ED000894503D850F8043C002B1FDD01AA484651
:103EE000FFF78CFF804600F10C0B27B131683A4692
:103EF0005846FFF7D6FE4DB131683C4408EB8400CC
:103F00002A4601EB8A010C30FFF7CBFE306801A98D
:103F10000C38FFF7BDFFC6F800B000E03DB93068CF
:103F200049460C38FFF75EFF03B0BDE8F08F44450B
:103F3000F5D03C4400EB8A012A4600EB8400FFF7F1
:103F4000BCFEECE710B50446FFF710FF034670B95E
:103F5000226852F8042C002A04DD0246014620465D
:103F6000FFF7A4FF23684FF0FF3243F8042C10BD85
:103F700008B5036853F8043C002B01DBFFF7E2FFB0
:103F800008BD0000F8B516460A4A04460F46FFF77A
:103F9000BBFE05462046FFF7B3FEC21BB2422046D9
:103FA0004FF0000328BF32462946FFF77FFF204627
:103FB000F8BD00BF1E690508F8B51C4617460B4B37
:103FC00005460E4622463946FFF7B0FE23463A46DE
:103FD00031462846FFF76AFF34B12868069A214621
:103FE00000EB8600FFF775FE2846F8BD326905082C
:103FF000F8B5069F1E463B4604460D46FFF756FFA2
:1040000037B120683A46314600EB8500FFF749FE9C
:104010002046F8BDF7B504460E461546FFF770FE7C
:10402000194B014607462A462046FFF77FFE3146D8
:104030002046FFF78BFE20B9206850F8043C002B87
:104040000ADD2046009533463A460021FFF7D0FFAF
:104050000446204603B0F0BD331AB5EBA30F4FEA78
:10406000A30209D82A463146FFF71BFE20682946DD
:104070000C38FFF7B7FEECE7002AF7D02A463146A6
:10408000FFF71BFEF2E700BF4F690508034B98429C
:104090001EBF8368013383600C30704714CF012446
:1040A00070B50446104623680A4618446168FFF755
:1040B000A5FE2268054600F10C0622B104F10C01B0
:1040C0003046FFF7EEFD28462168FFF78BFE3046AD
:1040D00070BD73B5066856F8083C994204460D4613
:1040E00004D856F8042C002A10DD1D462046FFF7A0
:1040F00007FE01A92A1AA6F10C00FFF7D1FF054619
:10410000206801A90C38FFF7C3FE256002B070BD1E
:104110002DE9F041044608460F46FFF7F1FD06463B
:1041200000B32046FFF7ECFD236853F8082C8519EF
:10413000954203D853F8043C002B03DD2946204662
:10414000FFF7C7FF2046FFF7DBFDD4F80080396892
:1041500008EB80003246FFF7A4FD206829460C38A2
:10416000FFF740FE2046BDE8F08100002DE9F04158
:1041700004460D46174652B31B4B0021FFF7D6FDF0
:104180002046FFF7BDFDD4F8008058F8083CC6195A
:104190009E4203D858F8043C002B08DD29462046EF
:1041A000FFF7D4FDB0B131462046FFF792FF20461D
:1041B000FFF7A6FDD4F80080294608EB80003A46B8
:1041C000FFF76FFD206831460C38FFF70BFE2046E5
:1041D000BDE8F08131462046A5EB0808FFF779FFDE
:1041E00025684544E3E700BFE75D05082DE9F04198
:1041F000044617460D4629B30A46144B0021FFF723
:1042000095FD2046FFF77CFD236853F8082C4619DE
:10421000964203D853F8043C002B03DD3146204678
:10422000FFF757FF2046FFF76BFDD4F800802946C3
:1042300008EB80003A46FFF74CFD206831460C3809
:10424000FFF7D0FD2046BDE8F08100BFE75D05081F
:10425000F8B50C4605461746FFF752FD0B4B0646D0
:10426000014622462846FFF761FDA64205D23A469E
:10427000A11B2846FFF7BAFFF8BDFDD94FF0FF326A
:1042800021462846FFF77EFEF6E700BF6469050871
:1042900008B50022FFF7DCFF08BDF8B504460E465E
:1042A000FFF72EFD236853F8082C451C954203D8D0
:1042B00053F8043C002B03DD29462046FFF709FF95
:1042C0002046FFF71DFD2768294647F82060A7F123
:1042D0000C00FFF787FDF8BD084670470846704799
:1042E00010B5084B044640F8083B15F03BFC237B17
:1042F0001BB1A06908B115F00BF82046FBF789F94E
:10430000204610BD6823060810B50446FFF7E8FFF5
:10431000204614F0FBFF204610BD8A4210B514461B
:1043200003D00298521A1AF0ACFB204610BD8A4204
:1043300038B51846144602D0521A1AF0A2FB20468D
:1043400038BD000010B5064B044640F8083B15F098
:1043500009FC044B23602046FBF75BF9204610BDA7
:1043600098230608483E060810B50446FFF7EAFF02
:10437000204614F0CBFF204610BD2DE9F041C0B01F
:104380006B46044600251F4603F8015B0135B5F571
:10439000807FF9D1264640AA56F81D3B3946D3F80E
:1043A0001C8020463346C0472A463146384618F01E
:1043B000FFFC00280CBF01230223237740B0BDE897
:1043C000F0810000003918BF0121074B10B5416092
:1043D00003600446FBF740F90023A06023732046E6
:1043E00000F08CF9204610BD9823060838B5003B34
:1043F00018BF012343600F4B03600F4B00250029BA
:10440000044604BF2A461946C0E904550273816177
:104410004FF4807229461D3018F0F4FC25774FF4D4
:104420008072294604F21D1018F0ECFC84F81D522D
:10443000204638BD68230608F143060883695B5CA3
:104440009B0744BF2039C9B20846704770B506467D
:104450000C461546AC4201D3284670BD336821781E
:104460009B683046984704F8010BF3E783695B5C6F
:10447000DB0744BF2031C9B20846704770B5064615
:104480000C461546AC4201D3284670BD33682178EE
:104490001B693046984704F8010BF3E7172912D837
:1044A000002933D04B1E162B13D8DFE803F01C1E57
:1044B0002022121226171212121212121224121293
:1044C000121212122800442906D097291CD0202944
:1044D00007D011F0440F14D00D4800E00D4817F03C
:1044E0005BBC0D48FBE70D48F9E70D48F7E70D48C1
:1044F000F5E70D48F3E70D48F1E70D48EFE70D4804
:10450000EDE711F0970F01D00B48E8E70020704766
:104510009D690508AE7005087F690508856905086D
:104520008B690508916905089E6905089769050862
:10453000A4690508AA69050879690508084617F0FD
:1045400097BB38B50C461546AC4201D3284638BD5A
:10455000206817F08DFB44F8040BF5E7084617F0C8
:104560007BBB38B50C461546AC4201D3284638BD56
:10457000206817F071FB44F8040BF5E72DE9F041D2
:104580008846154600F28F4700F5946600F297447E
:1045900017F8013F18EA030F06D1A74206F10406F7
:1045A000F6D10020BDE8F0813168284617F0BCFA4A
:1045B0000028F2D00120F5E72DE9F84F05460C461A
:1045C00016461F4600F2BC4BB44202D33046BDE84B
:1045D000F88F05F29C4905F5926A4FF0000859F8EA
:1045E000041F206817F0A0FA18B19AF8003048EAC2
:1045F0000308D9450AF1010AF1D107F8018B043407
:10460000E2E72DE9F04105460E461F461446BC423E
:10461000A04609D22B68D8F800209B68314628466E
:10462000043498470028F2D04046BDE8F0812DE9D7
:10463000F04105460E461F461446BC42A04609D22C
:104640002B68D8F800209B683146284604349847E8
:104650000028F2D14046BDE8F081243150F8210015
:10466000704710B50446104688420A4600D810BD6F
:1046700012782432013154F8222043F8042BF3E756
:104680007F2910B503461446084605D81A7B1AB18F
:104690000B445C7B204610BD17F0EEF9431C18BF9D
:1046A000C4B2F7E72DE9F0411E46037B069F804622
:1046B0000C461546F3B1A54202D82846BDE8F08164
:1046C00054F8040B7F2804D84044417B07F8011BB1
:1046D000F1E717F0D1F9421C14BFC1B23146F5E73A
:1046E000186817F0C9F9431C14BFC0B2304607F868
:1046F000010B0434A5422346F2D8DEE72DE9F04150
:10470000044600F10C060025284617F0B5F9421CB6
:1047100004D00135802D06F8010FF5D1A5F18003F5
:104720005D425D41257304F18C060025284617F093
:1047300011F90135B5F5807F46F8040FF6D104F282
:104740008F4704F29C4600254FF0010808FA05F156
:10475000C9B207F8011F2046FFF7A0FE0135082D5A
:1047600046F8040FF2D1BDE8F0818368587C7047A9
:104770008368987C70478368D86A70478368186B31
:1047800082B002B070478368586B82B002B0704745
:104790008368587C70478368987C70478368D86AC0
:1047A00070478368186B82B002B070478368586B9B
:1047B00082B002B07047836893F824007047836822
:1047C00093F825007047002070470020704770471D
:1047D0000020914200D3704711F8013B03EB706059
:1047E000F7E7000010B5034B03600446FAF711FF2A
:1047F000204610BD0027060810B50446FFF7F2FF5B
:10480000204614F083FD204610BD000010B5034B78
:1048100003600446FAF7FDFE204610BD182706087F
:1048200010B50446FFF7F2FF204614F06FFD204656
:1048300010BD000010B5034B03600446FAF7E9FE13
:10484000204610BD3027060810B50446FFF7F2FFDA
:10485000204614F05BFD204610BD000010B5054B4E
:10486000044640F8083B15F07DF92046FAF7D1FEE2
:10487000204610BDE426060810B50446FFF7EEFFFB
:10488000204614F043FD204610BD000010B5054B36
:10489000044640F8083B15F065F92046FAF7B9FEE2
:1048A000204610BD3C26060810B50446FFF7EEFF73
:1048B000204614F02BFD204610BD73B5531A0F2B64
:1048C00004460D461646019306D9002201A90DF0B3
:1048D000CFFE019B2060A3603246294620680DF080
:1048E00061FF019B226863600021D15402B070BD5A
:1048F000D0E902218A4202D2013282607047036805
:104900009B6A1847436E0B60836E4B60C36E8B606F
:10491000036FCB60436F0B61836F4B61C36F8B6120
:10492000D0F88030CB61D0F884300B62D0F888307A
:104930004B62D0F88C308B62D0F89030CB627047ED
:10494000D0F894300B60D0F898304B60D0F89C30A1
:104950008B60D0F8A030CB60D0F8A4300B61D0F8D9
:10496000A8304B61D0F8AC308B61D0F8B030CB615F
:10497000D0F8B4300B62D0F8B8304B62D0F8BC300D
:104980008B62D0F8C030CB627047000038B500F1C0
:104990000803054603600C4611B9064807F0DBF929
:1049A0000846EBF7FDFC214622182846BDE83840B2
:1049B000FFF783BFEC36050810B58B680446D9694C
:1049C000FFF7E4FF204610BD10B58B680446596917
:1049D000FFF7DCFF204610BD10B58B6804469968D0
:1049E000FFF7D4FF204610BD10B58B680446596A06
:1049F000FFF7CCFF204610BD10B58B680446D9697F
:104A0000FFF7C4FF204610BD10B58B6804465969F6
:104A1000FFF7BCFF204610BD10B58B6804469968AF
:104A2000FFF7B4FF204610BD10B58B680446596AE5
:104A3000FFF7ACFF204610BD10B58B680446D9695E
:104A4000FFF7A4FF204610BD10B58B6804465969D6
:104A5000FFF79CFF204610BD10B58B68044699688F
:104A6000FFF794FF204610BD07B500920B460022C9
:104A700041680DF053FF03B05DF804FB08B54368CF
:104A8000C3F17F5303F57F1303F57F533F339A42FE
:104A900002D9034807F062F9BDE808400EF068B893
:104AA000E75D05082DE9F04107461648FAF754FE80
:104AB0003B68D3F80C8058F820500646EDB94420E6
:104AC000FAF7FAFC104B05820446C0E90035C0E94C
:104AD0000255C0E90555C0E90755C0E90955C0E9C7
:104AE0000B558574456380F84350394608F0A0FAA9
:104AF000386832462146FAF7E9FE58F82600BDE844
:104B0000F08100BF60CF0124741706084368994202
:104B100070B50646154604D90A460A480A4907F000
:104B200023F96A1C04D10368716000225A5470BDD5
:104B3000002DFCD05A1AAA4228BF2A46BDE8704070
:104B40000DF035BEBC6805081E6905082DE9F04169
:104B500007461648FAF700FE3B68D3F80C8058F871
:104B600020500646EDB94420FAF7A6FC104B05820A
:104B70000446C0E90035C0E90255C0E90555C0E961
:104B80000755C0E90955C0E90B558574456380F8A0
:104B90004350394608F0FEFA386832462146FAF7A3
:104BA00095FE58F82600BDE8F08100BF5CCF0124D7
:104BB0006417060810B504460068FFF799FE4FF029
:104BC000FF33636010BD2DE9F0411F46037F012BC9
:104BD00004460D46164607D1914213D03846521A64
:104BE000BDE8F04119F04DBF0BB9FFF7C6FB2368D4
:104BF000D3F81CE032463B4629462046F446BDE841
:104C0000F0416047BDE8F0810B4611461A460BB1F2
:104C1000EBF776BB1846704737B51D464368994297
:104C200004D90A460548064907F09EF81346009540
:104C300000220DF073FE03B030BD00BFBC68050854
:104C4000B06905082DE9F0431C4687B000F1080360
:104C50001546036002AA0023CDE9002343600372D6
:104C600022460646884668462946FFF726FE641B0C
:104C7000DDE900736400204607EB030914F0B8FB7C
:104C800005463A4623462946404615F0ABF884428D
:104C900002460FD8441C15B1284614F039FB2046B3
:104CA00014F0A6FB3A46014605462346404615F059
:104CB00099F8024629463046FFF7E0FE3846EBF702
:104CC0006FFB3844814505D0471C002130460DF06C
:104CD00004FED6E715B1284614F01AFB68460DF01D
:104CE000E8FC304607B0BDE8F0832DE9F0438DB015
:104CF00000251C46804602AB684600930195FFF7ED
:104D0000DCFD08AB149A214606A8CDE90635FFF76D
:104D1000D4FDDDE90097DDE906564F442E442A46CE
:104D20004946404615F053F8044670B94846EBF73B
:104D300037FB81442846EBF733FB4F4505EB000476
:104D40000DD1341B18BF4FF0FF3406A80DF0B1FC95
:104D500068460DF0AEFC20460DB0BDE8F083A642DB
:104D600003D009F10109651CD9E70124EDE7000032
:104D700008B42DE9F7410F4604200021904619F0B0
:104D8000D3FD16490546EBF7ABFA044678B1284641
:104D9000EBF706FB461C304614F02AFB2946324648
:104DA000044619F06EFE0D49042019F0BDFD0AAB52
:104DB000099A01934146384617F0ECFF054634B195
:104DC0002146042019F0B0FD204614F0A1FA28462F
:104DD00003B0BDE8F04101B0704700BF10580508AE
:104DE00003689B68184703681B69184770B5037F01
:104DF00004460D4643B9FFF7C0FA2368294620460A
:104E00009B69BDE8704018470C44607F70BD70B569
:104E10004418164694F81D313BB903681B6A98473D
:104E20008642034618BF84F81D01184670BDF0B5D0
:104E300089B006AE86E80C00139A0B680592129AA8
:104E40000492119A03929DF8402002920EAA044601
:104E50000D4692E803008DE8030020469F6829462E
:104E600096E80C00B847204609B0F0BDF0B589B00F
:104E700006AE86E80C00139A0B680592129A04920B
:104E8000119A03929DF8402002920EAA04460D4604
:104E900092E803008DE803002046DF68294696E883
:104EA0000C00B847204609B0F0BD70B586B004AC20
:104EB00084E80C009DF8302002920B9A01920B6856
:104EC0009DF8282000929E6894E80C000546B047A3
:104ED000284606B070BD70B586B004AC84E80C00FE
:104EE0000D9A03929DF8302002920B9A01920B6862
:104EF0009DF828200092DE6894E80C000546B04733
:104F0000284606B070BD03689B6818470368DB68D5
:104F1000184710B50B6804461B699847204610BD1A
:104F200010B50B6804465B699847204610BD10B564
:104F30000B6804469B699847204610BD10B50B6866
:104F40000446DB699847204610BD03681B6A184772
:104F500003685B6A82B002B0184703689B6A82B03C
:104F600002B0184703689B6818470368DB68184756
:104F700010B50B6804461B699847204610BD10B554
:104F80000B6804465B699847204610BD10B50B6856
:104F900004469B699847204610BD10B50B6804462F
:104FA000DB699847204610BD03681B6A18470368F1
:104FB0005B6A82B002B0184703689B6A82B002B095
:104FC000184703689B6818470368DB68184710B5E3
:104FD0000B6804461B699847204610BD10B50B6846
:104FE00004465B699847204610BD10B50B6804461F
:104FF0009B699847204610BD03689B681847F0B529
:1050000089B006AE86E80C00129A0B680492119AD9
:105010000392109A02920EAA04460D4692E80300EB
:105020008DE803002046DF68294696E80C00B84763
:10503000204609B0F0BDF0B589B006AE86E80C0098
:10504000129A0B680492119A0392109A02920EAA75
:1050500004460D4692E803008DE8030020461F69D0
:10506000294696E80C00B847204609B0F0BDF0B5D7
:1050700089B006AE86E80C00129A0B680492119A69
:105080000392109A02920EAA04460D4692E803007B
:105090008DE8030020465F69294696E80C00B84772
:1050A000204609B0F0BDF0B589B006AE86E80C0028
:1050B000129A0B680492119A0392109A02920EAA05
:1050C00004460D4692E803008DE8030020469F69E0
:1050D000294696E80C00B847204609B0F0BDF0B567
:1050E00089B006AE86E80C00129A0B680492119AF9
:1050F0000392109A02920EAA04460D4692E803000B
:105100008DE803002046DF69294696E80C00B84781
:10511000204609B0F0BD0000003910B5054B036012
:1051200018BF012141600446FAF796FAA0602046B4
:1051300010BD00BFE426060803689B68184773B5D6
:10514000079E01960D68069E0096ED680446A847E6
:10515000204602B070BD03681B69184710B404688C
:10516000A468A4465DF8044B604738B50D68044652
:10517000ED68A847204638BDF7B56D4685E80600BE
:105180009DF80460089F0446194636B900983A46CF
:105190000DF043FA874218BF01268DF8046095E8A8
:1051A000030084E80300204603B0F0BD2DE9F04F72
:1051B00099B006A9229F059007F16C04204681E86A
:1051C0000C00DDF890909DF88C8007F0A9FC054656
:1051D0002046FFF7BBFCD9F8006090F838303278F1
:1051E0009A420446D9F8042000F08180036B0993A9
:1051F000D0F82090C3690393A869324433469A4299
:105200001D4605D92978415C490703F10103F6D40D
:10521000AD1B0495002D00F0BC804FF0000A0EABD2
:1052200069000CA80C93CDF834A08DF838A00DF0CF
:1052300039FBE26AA5EB020BD3451EDDE16852455E
:10524000A8BF5D460D9A00295CD06B005146CDF891
:1052500000A00CA80DF062FB7319A17C0C98CDE99D
:105260000063D4E9022307F062FD0C994FF0FF328E
:10527000411A0CA8FFF74AFCAB46E26A002A0CDD93
:10528000617C0CA80DF029FBBBF1000F40DBE26A4A
:1052900006EB0B010CA8FFF7F1FBFD6805F0B0036E
:1052A000049315F400750D9B18BFA5694B441D446C
:1052B000002614AB690012A8129313968DF8506063
:1052C0000DF0F0FA049BD7F808A0102B03D1554538
:1052D0002CBF002601264FF0000B09AB13F80B3052
:1052E000042B27D8DFE803F0766C1E606900436B5F
:1052F0000993436AD0F828900393002A3FF47CAFC7
:10530000013679E7009533460CA80DF0B1FBB3E701
:1053100094F83920CBF100010CA8FFF7A5FB049A03
:105320003146B7E7FB689B0504D5D4E9051212A8FE
:10533000FFF7A4FB0BF1010BBBF1040FCDD1B9F1C9
:10534000010F06D9039909F1FF32013112A8FFF7C5
:1053500095FB13998A4509D9049B202BAAEB0101DF
:105360003BD1424612A8FFF77FFB51460AAC129B85
:1053700000912046DDE90612FFF7FEFE94E80300E7
:10538000069012A88DF81C100DF093F90CA80DF0E2
:1053900090F9DDE906010023BB60059B83E803006B
:1053A000184619B0BDE8F08FB9F1000FC2D0039BC9
:1053B000197812A80DF091FABCE7DDE90C12B6E7F6
:1053C00036B14246AAEB050112A8FFF74DFBB1E743
:1053D0004146EEE7002EADD0F3E70A4643460021F2
:1053E00012A8FFF719FCC0E72DE9F04F99B006A904
:1053F000229F059007F16C04204681E80C00DDF83F
:1054000090909DF88C8007F08BFB05462046FFF7B7
:1054100049FBD9F8006090F8383032789A42044657
:10542000D9F8042000F08180036B0993D0F8209014
:10543000C3690393A869324433469A421D4605D98D
:105440002978415C490703F10103F6D4AD1B0495AB
:10545000002D00F0BC804FF0000A0EAB69000CA8D4
:105460000C93CDF834A08DF838A00DF01BFAE26A49
:10547000A5EB020BD3451EDDE1685245A8BF5D4692
:105480000D9A00295CD06B005146CDF800A00CA805
:105490000DF044FA7319A17C0C98CDE90063D4E9AE
:1054A000022307F044FC0C994FF0FF32411A0CA87C
:1054B000FFF72CFBAB46E26A002A0CDD617C0CA8EE
:1054C0000DF00BFABBF1000F40DBE26A06EB0B01BB
:1054D0000CA8FFF7D3FAFD6805F0B003049315F4A8
:1054E00000750D9B18BFA5694B441D44002614ABE5
:1054F000690012A8129313968DF850600DF0D2F93E
:10550000049BD7F808A0102B03D155452CBF0026CB
:1055100001264FF0000B09AB13F80B30042B27D8F2
:10552000DFE803F0766C1E606900436B0993436A01
:10553000D0F828900393002A3FF47CAF013679E736
:10554000009533460CA80DF093FAB3E794F8392090
:10555000CBF100010CA8FFF787FA049A3146B7E7B0
:10556000FB689B0504D5D4E9051212A8FFF786FA5B
:105570000BF1010BBBF1040FCDD1B9F1010F06D92D
:10558000039909F1FF32013112A8FFF777FA139955
:105590008A4509D9049B202BAAEB01013BD1424645
:1055A00012A8FFF761FA51460AAC129B00912046FF
:1055B000DDE90612FFF7E0FD94E80300069012A86B
:1055C0008DF81C100DF075F80CA80DF072F8DDE9DF
:1055D00006010023BB60059B83E80300184619B051
:1055E000BDE8F08FB9F1000FC2D0039B197812A863
:1055F0000DF073F9BCE7DDE90C12B6E736B14246AF
:10560000AAEB050112A8FFF72FFAB1E74146EEE732
:10561000002EADD0F3E70A464346002112A8FFF75B
:10562000FBFAC0E72DE9F04F2DED028BB0EE408B79
:1056300091B004AF07F1080484E80C0097F86030DB
:105640007B607B6E97F868A00546884607F11400DA
:1056500003F16C01F9F7E8FF07F1140007F060FAB5
:1056600090B08146F9F7F8FF04AE4FF0000BB86137
:1056700031468DED028B2E4BCDF800B0402207F164
:105680001800FFF775FB3F28014616DD083121F0B1
:105690000701ADEB010D421C3A60F9F7DDFF04AEE6
:1056A000B8618DED028BCDF800B03146204B3A68E1
:1056B00007F11800FFF75CFB014607F12003002209
:1056C00007F11800BB6139600DF04DF83968BB690E
:1056D000721848463146FFF776FA7B68D3B107F176
:1056E0001803CDE901A37B6E009394E80C004146BA
:1056F0002846FFF75BFD07F118000CF0DAFF07F111
:105700001400FAF703F828463437BD46BDEC028B87
:10571000BDE8F08F07F11803CDE901A37B6E00937C
:1057200094E80C0041462846FFF75EFEE3E700BF21
:10573000C5690508F0B587B004AC84E80C000F9E7D
:105740009DF838200D9B9DF830700093CDE901261F
:10575000054694E80C0027B1FFF728FD284607B05E
:10576000F0BDFFF741FEF9E710B50446D0E900307F
:1057700043B1421C06D118460CF03CFF431C04BF49
:105780000023236010BD38B50D46FFF7EDFF04463A
:105790002846FFF7E9FF431C584204F10102584133
:1057A00054425441011B4842484138BD08B5FFF7F7
:1057B000EAFF80F00100C0B208BD2DE9F74F0546B1
:1057C000DDE912076C466C3084E80C00DDF840A07F
:1057D00007F0A6F94FF0000980464E464FF00A0B3D
:1057E0000CA92046FFF7E2FF70B1119B9E420BD03F
:1057F0002046FFF7B9FF2A22C1B24046FFF707FB58
:105800003038C2B2092A10D9C6B10F9A914515DBBA
:10581000D14513DC0E9AC2F8009094E8030085E8A5
:105820000300284603B0BDE8F08F0BFB0909D14502
:10583000EADC2046FFF7BEF90136D1E73B6843F0CA
:1058400004033B60E9E72DE9F04F8DB000AF07F1AD
:105850002006F861F86E6C3086E80C0007F060F9FD
:10586000BB6E6A46A2EBC3039D46DB08BB61BB6E01
:105870009B007B61BB6E0546E84607F15801304648
:1058800008EB8309FFF792FF044628B90026012C94
:1058900039D840F0718157E13046FFF765FFC4B257
:1058A00021462846FFF79FFA214606462846FFF77D
:1058B00097FA4FF0000B82465C46BB6E9B45E5D0E5
:1058C0007B6E53F82B3028461978FFF78CFAB042DC
:1058D0000FD1A3003B617B6E53F82B00EAF760FD0C
:1058E0003B6949F8240048F803B001340BF1010B7F
:1058F000E3E77B6E53F82B3028461978FFF770FAF0
:105900005045F3D1E5E7CB4609EB84005BF8043B57
:10591000FB625B461A46F96AD2F800C08C4507F173
:105920002C0128BF0A460433D2F800A0C7F82CA0E7
:105930009842EFD1013607F12000FFF73BF9B2455D
:105940002BD107F1580107F12000FFF72FFF824606
:1059500000285AD14FF0000A002359F82320911B48
:105960004A424A41524509BF04F1FF34013358F815
:10597000242048F8232004BF59F8242049F8232084
:105980009C42EAD8BAF1000F7DD0D9F8003001214D
:1059900007F12C0C8C42FB626BD8FB6AB34240F2DD
:1059A000CE8007F1580107F12000FFF7FFFE002825
:1059B00000F0C58007F12000FFF7D6FEC1B22846EF
:1059C000FFF711FA386107F12000FFF7CDFEC1B2F1
:1059D0002846FFF705FA4FF0000AF86054457FF6B5
:1059E00056AF7B6E58F82A2053F82220BA60915D9A
:1059F0002846FFF7F8F93B69BA6898424FEA8A0BE4
:105A000040F08B800AF1010AE8E707F12000FFF778
:105A1000ABFEC1B22846FFF7E6F9386107F1200076
:105A2000FFF7A2FEC1B22846FFF7DAF90023F860BB
:105A3000796E58F8232051F8222059F82310B142EA
:105A400003D801339C42F3D184E7915D7B60284603
:105A5000BA60FFF7C8F93B6998423FF47DAFBA6876
:105A60002846915DFFF7BCF9FB6898427B68E8D156
:105A700072E75A4601311068834298BF62460BF1C3
:105A8000040B136886E7022C64D1BB6EDB0773D46A
:105A9000D8F80030B86EBA6EB3EB500F4FEA52012F
:105AA000D8F804202DD20B44934265D1D7E90532B2
:105AB000D8F8004053F832807B6E53F8243003EB63
:105AC000060946455FD207F1580107F12000FFF7AC
:105AD0006DFE002850D019F8011B2846FFF783F906
:105AE000824607F12000FFF73FFEC1B22846FFF7CC
:105AF0007AF9824530D107F12000FFF75BF80136D3
:105B0000DFE75B1A934237D1D7E90521C8F80030A7
:105B1000D9F8043042F83130C8E7915D2846FFF7E4
:105B20005FF9FB6898423FF46DAF013C58F82420C0
:105B300048F80B2059F8242049F80B204EE70023A1
:105B4000012C19D1002BB1D107F12000FFF732F859
:105B50000136ABE70123F3E719F8011C2846FFF7EC
:105B60003FF9824607F12000FFF7FEFDC1B228464B
:105B7000FFF736F98245BED03B6F3A6F1B6843F0A2
:105B80000403136002E0F7D13B6E1C60D7E9080103
:105B9000FB69343783E803001846BD46BDE8F08F43
:105BA0002DE9F04F87B000AF8146786DD7E913AB90
:105BB00007F110066C3086E80C0006F0B1FF6B466A
:105BC000A3EBCB03F8609D4607F140013046E84661
:105BD000FFF7ECFD002800F088803046FFF7C4FD99
:105BE0000025C3B24FEA4B022C46AA423CD8002CF7
:105BF0007BD03046FEF7DEFFA200D31D23F0070363
:105C0000ADEB030D6E464546331F424455F8041B69
:105C10005AF82100C7E90223EAF7C2FBBA68FB6819
:105C2000954243F8040FF1D1012507F1400107F136
:105C30001000FFF7BBFD58BB012C5AD13368AB42B3
:105C40005ED1D8F80030BA6C5B45A8BFA3EB0B035C
:105C5000136007F1180313E903001C3789E80300F8
:105C60004846BD46BDE8F08F5AF82510097899429C
:105C700004D148F8245001340135B6E7F868C7E983
:105C80000132FFF7ADF87B68BA689842F4D1F0E7CB
:105C900007F11000FFF768FD0023C0B219469C42CF
:105CA00007D88C42C8D007F11000FEF783FF0135FA
:105CB000BBE756F82320AA424FEA830E06EB830C7B
:105CC00002D801310133EAE758F823205AF822209C
:105CD000525D8242F6D0013C58F8242048F80E204C
:105CE00056F82420CCF80020D9E700242546264683
:105CF0009BE7022C04D13368AB42A2D073689EE7C5
:105D0000BB6DBA6D1B6843F00403A1E72DE9F04FAA
:105D1000ABB08946369D0B9005F16C060EA9304656
:105D200081E80C00DDF8E0A03A9C06F0F9FF08904D
:105D3000304606F0F5FE83463998EAF731FB002637
:105D40000A90109634A90EA8FFF730FDDDF84080C8
:105D5000002800F074840A9B9E4280F07084B8F1A1
:105D6000000F00F08184379B379A1B6843F00403CF
:105D7000136000F06CBC089B9B68DA6A12921A6B85
:105D800013925A6B14929A6B1592DA6B16921A6CE4
:105D900017925A6C18929A6C1992DA6C1A921A6DC0
:105DA0001B925A6D1C929A6D1D92DA6D1E921B6E9B
:105DB0001F9310ABCDE905530E23049312AB03934D
:105DC00011AB029334AB93E803008DE803000CAFF2
:105DD0000EAE96E80C0049463846FFF734FD97E8CA
:105DE0000300109B86E80300002B3CD1119A072387
:105DF00092FBF3F3C3EBC303D21ACAF8182023783B
:105E000043F00203DDE0089B12AA98681146FEF7F2
:105E100079FD1EA9FEF794FD10ABCDE905531823BB
:105E2000CDE9032311AB029334AB93E803008DE873
:105E300003000CAF0EAE96E80C0049463846FFF75B
:105E400002FD97E80300109B86E803005BB9119BF5
:105E50000C2293FBF2F102FB1133CAF810302388B5
:105E600043F481632380099E01366BE7089B069407
:105E70009B689B6905930CAF10ABCDE90253CDF83D
:105E800010A034AB93E803008DE803000EAE96E853
:105E90000C0049463846FFF739FF97E80300109B8E
:105EA00086E80300002BDED1637843F0040376E13B
:105EB00010ABCDE9065302266323CDE90436002357
:105EC000039311AB029334AB93E803008DE8030016
:105ED0000CAF0EAE96E80C0049463846FFF76DFC55
:105EE00097E80300109B86E80300002BBBD1119BB1
:105EF0006360238843F49063B4E73046FFF734FCD3
:105F0000DBF81830C0B21B5C180702D53046FEF72C
:105F100051FE10ABCDE9065302211F23CDE9043118
:105F20000123039311AB029334AB93E803008DE894
:105F300003000CAF0EAE96E80C0049463846FFF75A
:105F40003CFC97E80300109B86E80300002B8AD1F5
:105F5000119BCAF80C30238843F4826382E7B94A64
:105F600012AE3346A2F109015846FEF72CFE0CAFE3
:105F7000CDE9056480E710ABCDE906530222172373
:105F8000CDE904320023039311AB029334AB93E8C1
:105F900003008DE803000CAF0EAE96E80C004946F6
:105FA0003846FFF70AFC97E80300109A86E80300DA
:105FB000002A7FF458AF119BCAF80830237862F3A7
:105FC000000323704FE710ABCDE906530C270223E3
:105FD000CDE904730123039311AB029334AB93E82F
:105FE00003008DE803000DF130080EAE96E80C00BA
:105FF00049464046FFF7E1FB98E80300109B86E81E
:106000000300002B7FF42FAF119B93FBF7F207FBEC
:106010001233CAF80830237843F00103D1E710ABFC
:10602000CDE906534FF003084FF4B773CDE90438B8
:106030000123039311AB029334AB93E803008DE883
:1060400003000CAF0EAE96E80C0049463846FFF749
:10605000B4FB97E80300109B86E80300002B7FF455
:1060600002AF119B013BCAF81C30237843F00403B4
:10607000A7E710ABCDE906534FF0020E0C23CDE994
:10608000043E0123039311AB029334AB93E8030066
:106090008DE803000CAF0EAE96E80C00494638467A
:1060A000FFF78BFB97E80300109B86E80300002BAB
:1060B0007FF4D9AE119B013BCAF81030237843F02E
:1060C00008037EE710ABCDE906534FF0020C3B23EB
:1060D000CDE9043C0023039311AB029334AB93E866
:1060E00003008DE803000CAF0EAE96E80C004946A5
:1060F0003846FFF762FB97E80300109B86E8030031
:10610000002B7FF4B0AE119BCAF80430ABE634A983
:106110000EA8FFF74BFB00283FF4A5AE0EA8FFF733
:1061200023FBDBF81830C0B21B5C1E077FF59BAE6B
:106130000EA8FEF73FFDEAE7089B9B681A6A1292D9
:106140005B6A13931278002A3FF48DAE1B78002B04
:106150003FF489AE10ABCDE905530223049312AB93
:10616000039311AB029334AB93E803008DE8030073
:106170000CAF0EAE96E80C0049463846FFF763FBBD
:1061800097E80300109B86E80300002B7FF46BAEBA
:10619000119B002B3FF467AE637843F001036370FB
:1061A00061E6089B06949B689B6A0CAF059309E027
:1061B000254A12AE3346911F5846FEF704FDCDE93D
:1061C00005640CAF10ABCDE90253CDF810A034AB91
:1061D00093E803008DE803000EAE4946384696E882
:1061E0000C00FFF793FD97E8030086E803003AE60A
:1061F00010ABCDE9065302203C23CDE90430002347
:10620000039311AB029334AB93E803008DE80300D2
:106210000CAF0EAE96E80C0049463846FFF7CDFAB3
:1062200097E80300109B86E80300002B7FF41BAE69
:10623000119BCAF8003016E6044A12AE3346A2F1AA
:106240000901B9E7D4690508DA690508E3690508B1
:1062500010ABCDE9065302213523CDE904310023EB
:10626000039311AB029334AB93E803008DE8030072
:106270000CAF0EAE96E80C0049463846FFF79DFA83
:1062800097E80300109B86E80300002B7FF4EBAD3A
:10629000119B22681B0403F47C1322F47C1243F04C
:1062A000200322F0200213432360DCE510ABCDE98C
:1062B000065301220623CDE904320023039311ABD8
:1062C000029334AB93E803008DE803000CAF0EAEED
:1062D00096E80C0049463846FFF76FFA97E8030046
:1062E000109B86E80300002B7FF4BDAD119BCAF81C
:1062F000183084E510ABCDE906534FF00208352382
:10630000CDE904380023039311AB029334AB93E837
:1063100003008DE803000CAF0EAE96E80C00494672
:106320003846FFF74AFA97E80300109B86E8030017
:10633000002B7FF498AD119B22681B0403F47C139F
:1063400022F47C1243F0400322F04002ABE7089BAA
:1063500006949B680CAF9B6828E7089B06949B6893
:106360000CAF1B6922E710ABCDE906534FF0020ECC
:106370006323CDE9043E0023039311AB029334ABB6
:1063800093E803008DE803000CAF0EAE96E80C0016
:1063900049463846FFF711FA97E80300109B86E854
:1063A0000300002B7FF45FAD637823F0060343F016
:1063B0000603637034A93046FFF7F8F900283BD094
:1063C0003046FFF7D1F92A22C1B25846FEF71FFD29
:1063D000A0F130085FFA88F3092B2DD83046FEF77C
:1063E000E9FB119B0A2707FB038334A9304611936D
:1063F000FFF7DCF9A0B13046FFF7B6F92A22C1B2A7
:106400005846FEF704FDA0F130085FFA88F3092B27
:1064100006D83046FEF7CEFB119B07FB0383119392
:10642000119BA3F26C731193637823F002036370E2
:10643000119BCAF8143016E5119B442BDCBF643362
:106440001193F5E710ABCDE906534FF0040C42F27F
:106450000F73CDE9043C0023039311AB029334ABDB
:1064600093E803008DE803000CAF0EAE96E80C0035
:1064700049463846FFF7A1F997E80300109B86E8E4
:106480000300002B7FF4EFAC119BA3F26C73CAF8EE
:106490001430637823F0060307E53046FFF764F90C
:1064A000DBF81830C0B21B5CDF0740F1838010AB13
:1064B000CDE905530E2304936A4B039312AB029369
:1064C00034AB93E803008DE803000CAF494638462F
:1064D00096E80C00FFF7B7F997E8030086E8030099
:1064E00034A93046FFF762F900283FF4BCAC109B9A
:1064F000129A13437FF4B7AC3046FFF735F92D21DC
:1065000007465846FEF772FCFFB2B84236D110AFCC
:1065100017230221CDE90431CDE906570023039367
:1065200012AB029334AB93E803008DE803000CAE8A
:106530000DF1380898E80C0049463046FFF73DF960
:1065400096E803003B2388E803000220CDE90430ED
:10655000CDE906570023039312AB029334AB93E8C3
:1065600003008DE803004946304698E80C00FFF729
:1065700024F996E8030088E8030074E43046FFF746
:10658000F3F82B2106465846FEF730FCF6B2B0422F
:106590007FF469ACBBE73046FFF7E6F825210746F4
:1065A0005846FEF723FCFFB2B84203D13046FEF74F
:1065B00001FB58E4109B43F00403109353E4399B10
:1065C000995DDBF818305B5C1A0714D534A90EA866
:1065D000FFF7ECF800283FF447AC0EA8FFF7C4F82B
:1065E000DBF81830C0B21B5C1B077FF53DAC0EA872
:1065F000FEF7E0FAEAE75846FEF7F5FB80460EA8FC
:10660000FFF7B2F8C1B25846FEF7EDFB804512D055
:1066100039785846FEF7E4FB07460EA8FFF7A4F8C2
:10662000C1B25846FEF7DCFB874204D0109B43F012
:106630000403109318E40EA8FEF7BCFA14E4B8F1B2
:10664000000F7FF490AB0A9B9E427FF48CAB0EABA5
:1066500093E803000B9B83E8030018462BB0BDE8CA
:10666000F08F00BFAC000024399B4246995D58462C
:106670009F19FEF7CCFB2528A1D1731C0993711C2F
:10668000399B4246595C5846FEF7C1FB4528CDF878
:10669000448001D04F2808D1B31C09930999399B34
:1066A0000022595C5846FEF7B2FB25380EAE54283E
:1066B00080D801A353F820F097650308B565030857
:1066C000B5650308B5650308B5650308B565030836
:1066D000B5650308B5650308B5650308B565030826
:1066E000B5650308B5650308B5650308B565030816
:1066F000B5650308B5650308B5650308B565030806
:10670000B5650308B5650308B5650308B5650308F5
:10671000B5650308B5650308B5650308B5650308E5
:10672000B5650308B5650308775D0308075E0308D0
:10673000B15E03085F5F0308B5650308B56503082C
:10674000B5650308775F0308C75F0308B5650308ED
:10675000B5650308B5650308C5600308B56503089A
:10676000B5650308B5650308B5650308B16103089D
:10677000F16103083962030851620308B565030833
:10678000F56203085B630308456403089B64030820
:10679000B5650308B5650308B5650308B565030865
:1067A000B5650308B5650308775D0308075E030850
:1067B0006D5E0308FB5E0308FB5E0308B565030816
:1067C000B5650308075E0308B56503081F60030885
:1067D000B5650308B5650308736003080F61030816
:1067E000B565030839610308B5650308A3610308AB
:1067F000B56503080F610308B5650308B5650308AF
:10680000AD6203084F630308676303082DE9F04F87
:106810008FB0DDE91AB70AAC4FF0000A06460BF15B
:106820006C0084E80C008846CDF834A006F078F9B6
:106830000DABCDE906B302226323CDE904320CABE4
:106840000293CDF80CA018AB814693E803008DE8C5
:10685000030008AD94E80C0041462846FEF7ADFF62
:1068600095E803000D9B84E80300002B51D118A983
:106870002046FEF79BFF002846D02046FEF774FF17
:106880002A22C1B24846FEF7C2FAA0F13005EBB2A7
:10689000092B39D82046FEF78DF90C9B4FF00A08DA
:1068A00008FB035518A920460C95FEF77FFF98B109
:1068B0002046FEF759FF2A22C1B24846FEF7A7FA42
:1068C000A0F13005EBB2092B06D82046FEF772F98D
:1068D0000C9B08FB03550C950C9BA3F26C730C935B
:1068E0001C9B0C9A5A6118A92046FEF74CFF18B160
:1068F0003B6843F002033B6094E8030086E8030032
:1069000030460FB0BDE8F08F0C9B442BE8DC6433BD
:10691000E5E73B6843F004033B60E4E72DE9F0431F
:106920009DB0DDE926960AAC054609F16C0084E8C5
:106930000C00884606F0F4F983689A6C0E92DA6CC3
:106940000F921A6D10925A6D11929A6D1292DA6D21
:1069500013921A6E1492DA6A15921A6B16925A6B87
:1069600017929A6B1892DA6B19921A6C5B6C1B93E4
:1069700000230D930DABCDE9059307231A920493E1
:106980000EAB03930CAB029324AB93E803008DE8AA
:10699000030008AF94E80C0041463846FFF700F9C1
:1069A00097E803000D9B84E803009BB9289B0C9A91
:1069B0009A6124A92046FEF7E6FE18B1336843F039
:1069C0000203336094E8030085E8030028461DB005
:1069D000BDE8F083336843F004033360E9E72DE951
:1069E000F043A7B0DDE930960AAC054609F16C002A
:1069F00084E80C00884606F093F90EAA80681146D8
:106A0000FDF79EFF1AA9FDF77DFF00230D930DAB47
:106A1000CDE905930C23CDE903230CAB02932EABF8
:106A200093E803008DE8030008AF94E80C004146AA
:106A30003846FFF7B5F897E803000D9B84E803009C
:106A40009BB9329B0C9A1A612EA92046FEF79BFE39
:106A500018B1336843F00203336094E8030085E81B
:106A60000300284627B0BDE8F083336843F00403F1
:106A70003360E9E72DE9F04F91B0DDE91CB70AACCE
:106A800005460BF16C0084E80C00DDF878A089461F
:106A900006F046F983681A69CDF808B00DAECDE965
:106AA0000526CDE9037A0023CDE90D330F931AAB08
:106AB00093E803008DE803000DF1200894E80C0032
:106AC00049464046FFF722F998E8030084E80300AE
:106AD0005146304613F09AFA1AA92046FEF753FEA3
:106AE00018B13B6843F002033B6094E8030085E87B
:106AF0000300284611B0BDE8F08F2DE9F04F91B0AA
:106B0000DDE91CB70AAC05460BF16C0084E80C000B
:106B1000DDF878A0894606F003F983689A68CDF815
:106B200008B00DAECDE90526CDE9037A0023CDE905
:106B30000D330F931AAB93E803008DE803000DF1BA
:106B4000200894E80C0049464046FFF7DFF898E833
:106B5000030084E803005146304613F057FA1AA99F
:106B60002046FEF710FE18B13B6843F002033B607D
:106B700094E8030085E80300284611B0BDE8F08FD3
:106B80002DE9F04F91B0DDE91CB605460AAC0BF1DA
:106B90006C004FF0000884E80C0089469DF87CA04A
:106BA0009DF8807005F0BCFFC6F800802521FEF737
:106BB0001DF98DF83000002F36D18DF831A08DF8F9
:106BC00032700023CDE90D330F930CAB05931E9B60
:106BD000CDF808B0CDE903630DAF06971AAB93E883
:106BE00003008DE803000DF1200894E80C004946ED
:106BF0004046FFF78BF898E8030084E803001E99ED
:106C0000384613F003FA1AA92046FEF7BCFD18B166
:106C1000336843F00203336094E8030085E803001F
:106C2000284611B0BDE8F08F8DF831708DF832A094
:106C30008DF83380C5E700002DE9F04F9BB00AA91D
:106C400081E80C00DDE9263903F16C04069020464A
:106C500005F066FF04902046FDF778FF00F1380349
:106C60000793036A05461BB1836A003B18BF0123E3
:106C7000029310AB0E9300230F938DF840302B7CC2
:106C80001BB120210EA80BF00DFE002616AB202113
:106C900014A8149315968DF858600BF003FE05F1B7
:106CA000390308936B6B0D93B04637460396B24693
:106CB00001960DAB9B5D042B61D8DFE813F07C01DE
:106CC00055012F00F4000500DFF844B324A90AA8F9
:106CD000FEF76CFD03460446002800F030810AA848
:106CE0000993FEF741FD0A21C2B208980592FDF70B
:106CF0008BFF059A099B002800F01081079BC01AA2
:106D0000DBF80030195C14A80BF0E7FD7C1C039F36
:106D10000AA8FDF74FFF03972746D7E7269BDB68B6
:106D200098051FD4BAF1010F1CD8DEB1012E0BD18A
:106D3000029BBBB99DF83430032B13D09DF836303D
:106D4000012B0FD00226B4E7022E40F048819DF8B7
:106D50003730042B06D0029A002A00F03B81032B27
:106D600040F03A81AB6905934FF0000B24A90AA8C3
:106D7000FEF71CFD059B044618B99B4512D1012462
:106D80001AE09B4518D00AA8FEF7EEFC6A6912F8D3
:106D90000B20C0B2824205D10AA8FDF70BFF0BF110
:106DA000010BE3E7BBF1000F40F01281269BDC688A
:106DB00084F40074C4F340240136042E40F0FE80B5
:106DC000BAF1010F40F21E81002C00F0FA80019B05
:106DD000002B00F006816C6A012624A90AA8FEF7A0
:106DE000E5FC002840F0FF80564540F0EA80159B06
:106DF000012B11D90022302114A80BF0F5FF024617
:106E000050B1431C08BF159A4FF0000108BF02F1B2
:106E1000FF3214A8FDF77AFE019B3BB114990B7861
:106E2000302B03D02D2214A80BF0D4FD0F9BA3B15F
:106E3000B8F1000F00F0E9809DF80C100EA80BF0DF
:106E40004CFDD5E902010EAA13F028FA28B9D9F8A9
:106E5000003043F00403C9F80030B8F1000F03D04C
:106E6000EB6ABB4240F0AD80289814A90BF0ECFE11
:106E70000AAC24A92046FEF786FC28B1D9F80030D8
:106E800043F00203C9F8003094E80300069B83E84E
:106E9000030014A80BF00DFC0EA80BF00AFC0698DA
:106EA0001BB0BDE8F08F2B6AB3B9AB6A4BB324A912
:106EB0000AA8FEF77BFC044618B30AA8FEF754FCA8
:106EC0006B6A1B78C0B283421BD10AA8D5F828A0F0
:106ED000FDF770FE01946FE724A90AA8FEF766FC8F
:106EE00004460028E1D00AA8FEF73EFCEB691B78B7
:106EF000C0B28342D9D10AA8D5F820A0FDF75AFE26
:106F00005AE72B6A1BB9029B83F0010454E7AB6A72
:106F1000002BF8D1012301931C464DE7697C914277
:106F200008D1B8F1000F05D1EA6A002A08DD9846B9
:106F30000446EDE62B7C1BB1AB7C934205D00124CB
:106F4000159B002B08BF002436E7B8F1000F07D1CE
:106F500047B1F9B20EA80BF0C0FC4446039FD7E638
:106F60004446EDE73C46EBE724A90AA8FEF71EFCE1
:106F7000A8B90024032E3FF423AF24A90AA8FEF7E2
:106F800015FCD0B10AA8FEF7EFFB049BC0B29B69C9
:106F90001B5C1A0711D50AA8FDF70CFEEDE70AA83D
:106FA000FEF7E2FB049BC0B29B691B5C1907E0D5AE
:106FB0000AA8FDF7FFFD0124DCE70136002C7FF471
:106FC00078AED9F8003043F00403C9F800304FE739
:106FD0000024F1E603266CE6029C0326EEE701247A
:106FE000EEE6EC69F8E656453FF401AF0AA8FEF775
:106FF000BBFBA35DC0B28342E3D10AA8FDF7DAFD73
:107000000136EAE6002CDCD0F1E6F9B216E700BF63
:10701000700000242DE9F04F9BB00AA981E80C0014
:10702000DDE9263903F16C040690204605F078FD71
:1070300004902046FDF736FD00F138030793036AFC
:1070400005461BB1836A003B18BF0123029310ABB6
:107050000E9300230F938DF840302B7C1BB1202121
:107060000EA80BF01FFC002616AB202114A81493C9
:1070700015968DF858600BF015FC05F1390308934F
:107080006B6B0D93B04637460396B24601960DAB37
:107090009B5D042B61D8DFE813F07C0155012F00C4
:1070A000F4000500DFF844B324A90AA8FEF77EFB2C
:1070B00003460446002800F030810AA80993FEF731
:1070C00053FB0A21C2B208980592FDF79DFD059A6F
:1070D000099B002800F01081079BC01ADBF80030E4
:1070E000195C14A80BF0F9FB7C1C039F0AA8FDF7A0
:1070F00061FD03972746D7E7269BDB6898051FD4D9
:10710000BAF1010F1CD8DEB1012E0BD1029BBBB925
:107110009DF83430032B13D09DF83630012B0FD05F
:107120000226B4E7022E40F048819DF83730042B48
:1071300006D0029A002A00F03B81032B40F03A81EE
:10714000AB6905934FF0000B24A90AA8FEF72EFBAC
:10715000059B044618B99B4512D101241AE09B45B2
:1071600018D00AA8FEF700FB6A6912F80B20C0B21B
:10717000824205D10AA8FDF71DFD0BF1010BE3E7E3
:10718000BBF1000F40F01281269BDC6884F4007490
:10719000C4F340240136042E40F0FE80BAF1010F02
:1071A00040F21E81002C00F0FA80019B002B00F0C1
:1071B00006816C6A012624A90AA8FEF7F7FA0028BE
:1071C00040F0FF80564540F0EA80159B012B11D915
:1071D0000022302114A80BF007FE024650B1431CD8
:1071E00008BF159A4FF0000108BF02F1FF3214A842
:1071F000FDF78CFC019B3BB114990B78302B03D02D
:107200002D2214A80BF0E6FB0F9BA3B1B8F1000FE1
:1072100000F0E9809DF80C100EA80BF05EFBD5E99C
:1072200002010EAA13F03AF828B9D9F8003043F059
:107230000403C9F80030B8F1000F03D0EB6ABB4279
:1072400040F0AD80289814A90BF0FEFC0AAC24A9EC
:107250002046FEF798FA28B1D9F8003043F002032F
:10726000C9F8003094E80300069B83E8030014A8E3
:107270000BF01FFA0EA80BF01CFA06981BB0BDE825
:10728000F08F2B6AB3B9AB6A4BB324A90AA8FEF7F7
:107290008DFA044618B30AA8FEF766FA6B6A1B78E3
:1072A000C0B283421BD10AA8D5F828A0FDF782FC02
:1072B00001946FE724A90AA8FEF778FA044600288B
:1072C000E1D00AA8FEF750FAEB691B78C0B28342FE
:1072D000D9D10AA8D5F820A0FDF76CFC5AE72B6A93
:1072E0001BB9029B83F0010454E7AB6A002BF8D171
:1072F000012301931C464DE7697C914208D1B8F106
:10730000000F05D1EA6A002A08DD98460446EDE63A
:107310002B7C1BB1AB7C934205D00124159B002B29
:1073200008BF002436E7B8F1000F07D147B1F9B222
:107330000EA80BF0D2FA4446039FD7E64446EDE789
:107340003C46EBE724A90AA8FEF730FAA8B90024C6
:10735000032E3FF423AF24A90AA8FEF727FAD0B1E1
:107360000AA8FEF701FA049BC0B29B691B5C1A07CE
:1073700011D50AA8FDF71EFCEDE70AA8FEF7F4F9FF
:10738000049BC0B29B691B5C1907E0D50AA8FDF7F6
:1073900011FC0124DCE70136002C7FF478AED9F82B
:1073A000003043F00403C9F800304FE70024F1E651
:1073B00003266CE6029C0326EEE70124EEE6EC6968
:1073C000F8E656453FF401AF0AA8FEF7CDF9A35DF4
:1073D000C0B28342E3D10AA8FDF7ECFB0136EAE62E
:1073E000002CDCD0F1E6F9B216E700BF70000024F3
:1073F0002DE9F04391B006AC84E80C00DDE91B38C0
:107400000CAA8C469DF868100A920AAF00220293DB
:10741000CDE9038705460B928DF8302008AE18ABF6
:1074200019B393E803008DE80300614694E80C006B
:107430003046FFF701FC96E80300DDF8289084E869
:107440000300F8F709F91D9908903346424648466B
:1074500012F02EFB94E8030085E8030038460BF099
:1074600028F9284611B0BDE8F08393E803008DE8C1
:107470000300614694E80C003046FFF7CBFDDAE7E5
:107480002DE9F04F91B006ACDDF874B09DF870A016
:1074900005460BF16C0084E80C00884605F040FBC3
:1074A0001E9BCDE902B30AAF04971AAB814693E85D
:1074B00003008DE803000CAA0A9208AE00220B928A
:1074C0008DF83020414694E80C003046BAF1000FA8
:1074D0001DD0FFF7B1FB96E803000B9E84E8030084
:1074E00056B11F9831460BF070FA0A991F9B8A1902
:1074F0001B684846FDF767FB94E8030085E8030036
:1075000038460BF0D6F8284611B0BDE8F08FFFF7EB
:1075100081FDE0E7184B1A68D1075CBF01221A60B1
:10752000164B1A68D2075CBF01221A60144B1A6806
:10753000D0075CBF01221A60124B1A68D1075CBFEA
:1075400001221A60104B1A68D2075CBF01221A6030
:107550000E4B1A68D0075CBF01221A600C4B1A68E8
:10756000D1075CBF01221A600A4B1A68D2075CBFC0
:1075700001221A60704700BF48CF012444CF012484
:1075800040CF01243CCF012438CF012434CF012443
:1075900030CF01242CCF01240BF08BB811F01BBC91
:1075A000F8B54D680746681C0E4611F021FF002310
:1075B000044601462A4630460BF02AFB0023635559
:1075C0003C602846F8BDF8B54D686FF060426B1C12
:1075D0009342074634BF98004FF0FF300E4611F03B
:1075E00007FF0023044601462A46304611F0FEFDFF
:1075F000002344F825303C602846F8BD13B5049CB0
:10760000CDE9003413460A46C1684FF00000FBF78D
:10761000EBF802B010BD30B58BB00D460AA901E9F8
:107620000C0079230693129B0593119B0493109BE6
:1076300003930EAA044692E8030001AB83E803001B
:10764000099B00932046089BAA684FF00001FBF7B6
:10765000CFFA20460BB030BD30B58BB00D460AA92D
:1076600001E90C006D230693129B0593119B049373
:10767000109B03930EAA044692E8030001AB83E833
:107680000300099B00932046089BAA684FF0000165
:10769000FBF7AEFA20460BB030BD30B58BB00D46CF
:1076A0000AA901E90C0077230693129B0593119B0D
:1076B0000493109B03930EAA044692E8030001ABC7
:1076C00083E80300099B00932046089BAA684FF0BB
:1076D0000001FBF78DFA20460BB030BD30B58BB002
:1076E0000D460AA901E90C0064230693129B059339
:1076F000119B0493109B03930EAA044692E8030087
:1077000001AB83E80300099B00932046089BAA680D
:107710004FF00001FBF76CFA20460BB030BD30B5DE
:107720008BB00D460AA901E90C0074230693129B45
:107730000593119B0493109B03930EAA044692E8B1
:10774000030001AB83E80300099B00932046089BDC
:10775000AA684FF00001FBF74BFA20460BB030BD92
:1077600081684FF00000FBF73DBAF0B591B00AAC6C
:1077700084E80C00002307930D930EAB06930DAB2A
:107780000593199B04939DF86030039316AA0F4646
:10779000054692E8030001AB83E803000B9B0093CE
:1077A00008AE0A9BBA684FF000013046FBF7D4FAE6
:1077B00096E803000D9B84E803005BB9DDE90E0148
:1077C0001B9BC3E9000194E8030085E803002846F9
:1077D00011B0F0BD1A9A1360F5E710B588B00DF13D
:1077E000200C0CE90C00002304939DF83030039327
:1077F0000B9B02939DF828300193079B009313463F
:107800008A684FF000010446FBF794FD204608B05B
:1078100010BD0A4601694FF00000FBF7DBB907B560
:107820000092D1E9002301694FF00000FBF766F9EF
:1078300003B05DF804FB13B5049CCDE90034134696
:107840000A46C1684FF00000FAF7D9FF02B010BD38
:1078500030B58BB00D460AA901E90C0079230693D7
:10786000129B0593119B0493109B03930EAA04464D
:1078700092E8030001AB83E80300099B00932046D4
:10788000089BAA684FF00001FBF70CFA20460BB0EA
:1078900030BD30B58BB00D460AA901E90C006D234F
:1078A0000693129B0593119B0493109B03930EAABE
:1078B000044692E8030001AB83E80300099B0093B0
:1078C0002046089BAA684FF00001FBF7EBF9204621
:1078D0000BB030BD30B58BB00D460AA901E90C00E4
:1078E00077230693129B0593119B0493109B03939C
:1078F0000EAA044692E8030001AB83E80300099B4B
:1079000000932046089BAA684FF00001FBF7CAF9D4
:1079100020460BB030BD30B58BB00D460AA901E949
:107920000C0064230693129B0593119B0493109BF8
:1079300003930EAA044692E8030001AB83E8030018
:10794000099B00932046089BAA684FF00001FBF7B3
:10795000A9F920460BB030BD30B58BB00D460AA951
:1079600001E90C0074230693129B0593119B049369
:10797000109B03930EAA044692E8030001AB83E830
:107980000300099B00932046089BAA684FF0000162
:10799000FBF788F920460BB030BD81684FF000003E
:1079A000FBF723B9F0B591B00AAC84E80C000023D2
:1079B00007930D930EAB06930DAB0593199B0493A0
:1079C0009DF86030039316AA0F46054692E803001F
:1079D00001AB83E803000B9B009308AE0A9BBA68D7
:1079E0004FF000013046FBF703FA96E803000D9BC9
:1079F00084E803005BB9DDE90E011B9BC3E90001CC
:107A000094E8030085E80300284611B0F0BD1A9AF7
:107A10001360F5E710B588B00DF1200C0CE90C00EF
:107A2000002304930C9B03930B9B02939DF8283037
:107A30000193079B009313468A684FF000010446A8
:107A4000FBF736FD204608B010BD0A4601694FF02D
:107A50000000FBF7C3B807B50092D1E90023016924
:107A60004FF00000FBF75EF803B05DF804FB000088
:107A700000F1080373B5044603600D4619B912B14D
:107A80000E4804F068F9930005EB82060C2B42F3D4
:107A90001D02019207D9002201A9204611F07AF9AE
:107AA000019B2060A36020683246294611F00DFA40
:107AB0000199204611F062F902B070BDEC3605085C
:107AC00000F1080373B5044603600D4619B912B1FD
:107AD0000D4804F040F90F2A05EB0206019207D980
:107AE000002201A920460AF0C3FD019B2060A3608B
:107AF0003246294620680AF055FE019B22686360E1
:107B00000021D15402B070BDEC360508836973B50D
:107B100004460D4603B1984704F108032360D5E9F4
:107B200000639A0006EB83050C2A43F31D030193BF
:107B300007D9002201A9204611F02CF9019B2060F1
:107B4000A36020682A46314611F0B9F90199204610
:107B500011F014F9014BA36102B070BD9D750308CB
:107B6000836973B504460D4603B1984704F10803D1
:107B70002360D5E900630F2B06EB0305019307D9BA
:107B8000002201A920460AF073FD019B2060A3603A
:107B90002A46314620680AF000FE019B2268636095
:107BA0000021D154014BA36102B070BD9975030847
:107BB00010B5074B0360036900220446DA600C30FD
:107BC000FAF767FB2046F8F7ADFE204610BD00BF70
:107BD000E42C060810B50446FFF7EAFF204611F032
:107BE00095FB204610BD000010B5084B03600369EB
:107BF00000220446DA609A611A629A620C30FAF73F
:107C000048FB2046F8F728FB204610BD242D060827
:107C100010B50446FFF7E8FF204611F077FB204639
:107C200010BD000010B5084B036003690022044634
:107C3000DA609A611A629A620C30FAF72AFB2046DF
:107C4000F8F724FB204610BD582D060810B5044651
:107C5000FFF7E8FF204611F059FB204610BD000059
:107C600010B5054B044640F8103BFAF712FB2046CE
:107C7000FCF7F4FD204610BDBC2D060810B50446E7
:107C8000FFF7EEFF204611F041FB204610BD00003B
:107C900010B5074B0360036900220446DA600C301C
:107CA000FAF7F7FA2046F8F7A5FE204610BD00BF08
:107CB000D82D060810B50446FFF7EAFF204611F05C
:107CC00025FB204610BD000010B5084B036003697A
:107CD00000220446DA601A629A621A630C30FAF7DC
:107CE000D8FA2046F8F77CFB204610BD182E06086F
:107CF00010B50446FFF7E8FF204611F007FB2046C9
:107D000010BD000010B5084B036003690022044653
:107D1000DA601A629A621A630C30FAF7BAFA2046ED
:107D2000F8F778FB204610BD4C2E060810B5044627
:107D3000FFF7E8FF204611F0E9FA204610BD0000E9
:107D400010B5054B044640F8103BFAF7A2FA20465E
:107D500001F09CF9204610BDB02E060810B504466F
:107D6000FFF7EEFF204611F0D1FA204610BD0000CB
:107D7000084B10B5044640F80C3BFAF78AFA204647
:107D8000054B40F8083B11F0EDFE2046F7F741FCAB
:107D9000204610BD082D06083C26060810B50446EE
:107DA000FFF7E6FF204611F0B1FA204610BD0000B3
:107DB00010B5064B044640F8083BFAF76AFA044B44
:107DC00023602046F7F725FC204610BD8C2D0608C1
:107DD0000027060810B50446FFF7EAFF204611F019
:107DE00095FA204610BD000010B5064B044640F839
:107DF000083BFAF74EFA044B23602046F7F709FCDC
:107E0000204610BDA42D06081827060810B5044604
:107E1000FFF7EAFF204611F079FA204610BD000076
:107E2000084B10B5044640F80C3BFAF732FA2046EE
:107E3000054B40F8083B11F095FE2046F7F7E9FBAB
:107E4000204610BDFC2D06083C31060810B504463E
:107E5000FFF7E6FF204611F059FA204610BD00005A
:107E600010B5064B044640F8083BFAF712FA044BEB
:107E700023602046F7F7CDFB204610BD802E060874
:107E80000032060810B50446FFF7EAFF204611F05D
:107E90003DFA204610BD000010B5064B044640F8E0
:107EA000083BFAF7F6F9044B23602046F7F7B1FBDD
:107EB000204610BD982E06081832060810B5044654
:107EC000FFF7EAFF204611F021FA204610BD00001E
:107ED00010B5064B044640F8083BFAF7DAF9044BB4
:107EE00023602046F7F795FB204610BDCC2E0608F0
:107EF0003027060810B50446FFF7EAFF204611F0C8
:107F000005FA204610BD000010B5064B044640F8A7
:107F1000083BFAF7BEF9044B23602046F7F779FBDC
:107F2000204610BDF82E06083032060810B504466B
:107F3000FFF7EAFF204611F0E9F9204610BD0000E6
:107F400070B590B009AD0E4606A981E80C00044654
:107F50001799002328460F93FFF702FE9DF858302B
:107F60000393159B02939DF850300193079B009358
:107F700004959FED070B069BB2684FF00001204669
:107F8000FBF7D8F92846FAF758FB204610B070BD29
:107F9000000000000000000070B590B009AD0E4672
:107FA00006A981E80C0004461799002328460F9380
:107FB000FFF7ACFD169B0393159B02939DF8503081
:107FC0000193079B009304959FED070B069BB268F6
:107FD0004FF000012046FBF76BFA2846FAF72DFB1D
:107FE000204610B070BD00BF00000000000000007F
:107FF00030B5084687B014460D46FCF7E2FF84F81A
:1080000024002846FCF7E0FF0023A3606361E361DE
:10801000012384F8643084F8250029466846FCF77B
:10802000D6FF694604F10800FFF7BAFAE060684637
:108030000AF03FFB29466846FCF7D0FF694604F189
:108040001400FFF7ADFAA06168460AF032FB29463A
:108050006846FCF7CAFF694604F11C00FFF7A0FA66
:10806000206268460AF025FB07B030BD30B50846EF
:1080700087B014460D4601F07CFB6062284601F093
:108080007BFB0023A3606361E361012384F8243157
:10809000A0622946684601F072FB694604F10800B7
:1080A000FFF77EFAE06068460AF003FB294668465F
:1080B00001F06CFB694604F11400FFF784FAA0613B
:1080C000684610F088FE2946684601F066FB69465E
:1080D00004F11C00FFF777FA2062684610F07BFE7F
:1080E00007B030BD10B4084611461A46DDE9013428
:1080F00001945DF8044BFDF731B810B40846114601
:108100001A46DDE9013401945DF8044B01F0FEBB31
:1081100010B586B0144668461A46089BFDF725F848
:1081200069462046FFF71CFD68460AF0C2FA06B011
:1081300010BD10B586B0144668461A46089B01F07B
:10814000ECFB69462046FFF7E1FC684610F043FE71
:1081500006B010BD30B5084687B014460D46FCF792
:1081600001FF60742846FCF700FFA0742846FCF766
:108170001BFF0023A3606361E3616362012384F852
:108180004330E06229466846FCF7F2FE694604F196
:108190000800FFF705FAE06068460AF08AFA294607
:1081A0006846FCF7ECFE694604F11400FFF7F8F9A5
:1081B000A06168460AF07DFA29466846FCF7E6FEAB
:1081C000694604F11C00FFF7EBF9206268460AF0EB
:1081D00070FA29466846FCF7E0FE694604F124007F
:1081E000FFF7DEF9A06268460AF063FA2846FCF75A
:1081F000DEFE20632846FCF7DFFE606307B030BD7B
:1082000030B5084687B014460D46FCF77CFE607416
:108210002846FCF77BFEA0742846FCF796FE002358
:10822000A3606361E3616362012384F84330E06229
:1082300029466846FCF76DFE694604F10800FFF721
:10824000AFF9E06068460AF034FA29466846FCF760
:1082500067FE694604F11400FFF7A2F9A0616846C1
:108260000AF027FA29466846FCF761FE694604F1E0
:108270001C00FFF795F9206268460AF01AFA2946B1
:108280006846FCF75BFE694604F12400FFF788F9B5
:10829000A06268460AF00DFA2846FCF759FE2063F2
:1082A0002846FCF75AFE606307B030BD30B508467B
:1082B00087B014460D4601F02DFA6061284601F0A2
:1082C0002CFAA061284601F047FA0023A360E3617D
:1082D0006362E362012384F86C3060632946684678
:1082E00001F01EFA694604F10800FFF759F9E06051
:1082F00068460AF0DEF92946684601F018FA694630
:1083000004F11C00FFF75FF92062684610F063FD7E
:108310002946684601F012FA694604F12400FFF785
:1083200052F9A062684610F056FD2946684601F0F1
:108330000CFA694604F12C00FFF745F92063684602
:1083400010F049FD284601F00AFAA063284601F022
:108350000BFAE06307B030BD30B5084687B014466D
:108360000D4601F0A8F96061284601F0A7F9A06167
:10837000284601F0C2F90023A360E3616362E3626F
:10838000012384F86C3060632946684601F099F94E
:10839000694604F10800FFF703F9E06068460AF057
:1083A00088F92946684601F093F9694604F11C00F2
:1083B000FFF709F92062684610F00DFD294668466E
:1083C00001F08DF9694604F12400FFF7FCF8A06282
:1083D000684610F000FD2946684601F087F96946B5
:1083E00004F12C00FFF7EFF82063684610F0F3FC6F
:1083F000284601F085F9A063284601F086F9E0637C
:1084000007B030BD10B586B00C46684611461A4616
:10841000FFF756FB089A69462046FCF78DFE044696
:1084200068460AF046F9204606B010BD10B586B081
:108430000C46684611461A46FFF742FB089A694601
:10844000204601F051FA044668460AF032F9204607
:1084500006B010BDF0B58FB002AC0E4615462046F2
:10846000DDE916121F46FFF72BFB159B00933A46DA
:10847000149B0194314608A8FCF761FE08A9284620
:10848000FFF76EFB08A80AF014F920460AF011F96C
:108490000FB0F0BDF0B58FB002AC0E4615462046C9
:1084A000DDE916121F46FFF7E3FA159B00933A46E3
:1084B000149B0194314608A801F019FA08A928462E
:1084C000FFF724FB08A810F086FC204610F083FC80
:1084D0000FB0F0BD08461146FCF73DBE08461146F8
:1084E00001F011BA0846FCF787BD084601F05CB9F7
:1084F00082B0F0B587B005469DF850700D93742F8B
:1085000016461398DDE911210FAC0DAB1ED00ED825
:10851000642F2DD0CDE90310029294E803008DE87A
:10852000030031460CCB2846FCF7BDFD1AE0772F3F
:108530002BD0CDE90310029294E803008DE80300EC
:1085400031460CCB2846FCF7CAFD0BE0CDE9031001
:10855000029294E803008DE8030031460CCB2846D4
:10856000FCF74DFD284607B0BDE8F04002B070476B
:10857000CDE90310029294E803008DE80300314630
:108580000CCB2846FCF757FDECE7CDE9031002922F
:1085900094E803008DE8030031460CCB2846FCF735
:1085A00066FDDFE782B0F0B587B005469DF85070F4
:1085B0000D93742F16461398DDE911210FAC0DAB06
:1085C0001ED00ED8642F2DD0CDE90310029294E86E
:1085D00003008DE8030031460CCB284601F03BF93F
:1085E0001AE0772F2BD0CDE90310029294E8030014
:1085F0008DE8030031460CCB284601F048F90BE02A
:10860000CDE90310029294E803008DE8030031469F
:108610000CCB284601F0CBF8284607B0BDE8F04067
:1086200002B07047CDE90310029294E803008DE890
:10863000030031460CCB284601F0D5F8ECE7CDE934
:108640000310029294E803008DE8030031460CCB3E
:10865000284601F0E4F8DFE782B02DE9F0438FB05F
:1086600016461E9A179305469DF86C10DDE91C0806
:1086700019AB17AC9AB1CDE90482CDE9021093E8A9
:1086800003008DE80300314694E80C002846FCF70F
:10869000CEFB28460FB0BDE8F04302B0704708AFEC
:1086A000CDE90487CDE9021093E803008DE80300CB
:1086B0000DF1280C0DF11809CDE908C28DF828201C
:1086C000314694E80C004846FCF7D0FB99E80300DB
:1086D000D8F8003084E803001BB91F983946FFF72B
:1086E0003FFA94E8030085E80300384609F0E1FF0B
:1086F000CFE782B02DE9F0438FB016461E9A17934C
:1087000005469DF86C10DDE91C0819AB17AC9AB151
:10871000CDE90482CDE9021093E803008DE803005F
:10872000314694E80C00284600F05BFF28460FB065
:10873000BDE8F04302B0704708AFCDE90487CDE94A
:10874000021093E803008DE803000DF1280C0DF1F1
:108750001809CDE908C20A92314694E80C0048464F
:1087600000F05EFF99E80300D8F8003084E80300C9
:108770001BB91F983946FFF7C9F994E8030085E84B
:108780000300384610F027FBD0E70000F8B5B14AE7
:108790000C466FF00103B049054610F0BBFD0646DC
:1087A00010B104682046F8BDAC4B9C422AD114207D
:1087B000F6F782FE04466820F6F77EFEA84B0360BB
:1087C000A84B46600746C0E90266C0E90566C0E9F5
:1087D00007660674868480F864602360A060314672
:1087E00020466660F8F750F86B68E56001336B600F
:1087F0009D4B236027613A4629464FF00000F9F768
:108800007BFFCFE7994B9C4210D11020F6F754FE26
:10881000974B036046600446F6F71EFF6B68C4E999
:10882000020501336B60934B2360BBE7924B9C4284
:108830000AD10C20F6F740FE6B6801336B60C0E98B
:1088400001658E4B0446EFE78D4B9C420AD10C200C
:10885000F6F732FE6B6801336B60C0E90165894B46
:108860000446E1E7884B9C420AD10C20F6F724FE2F
:108870006B6801336B60C0E90165844B0446D3E744
:10888000834B9C4230D11420F6F716FE0446442058
:10889000F6F712FE7F4B0682C0E900367E4B8674E7
:1088A0000746C0E90266C0E90566C0E90766C0E997
:1088B0000966C0E90B66466380F843602360A060E8
:1088C0003246314620466660F7F73EFC6B68E5604D
:1088D00001336B60714B236027613A4629464FF0A4
:1088E0000000F9F7B7FF5DE76D4B9C4230D11420D3
:1088F000F6F7E2FD04464420F6F7DEFD694B0682FA
:10890000C0E90036684B86740746C0E90266C0E9D4
:108910000566C0E90766C0E90966C0E90B664663FB
:1089200080F843602360A06032463146204666608E
:10893000F7F74EFC6B68E56001336B605B4B2360BF
:1089400027613A4629464FF00000F9F7D8FF29E79A
:10895000574B9C420CD11420F6F7AEFD314604462D
:10896000FCF7DAFB6B68256101336B60514B5BE709
:10897000514B9C422CD11420F6F79EFD04464FF437
:108980009470F6F799FD4D4B036000214C4B41600C
:108990000646C0E90211C0E90511C0E90711C0E9A6
:1089A0000911017480F8241161602360A0602046E1
:1089B000F7F7D2FF6B68E56001336B60414B2360D2
:1089C0002661324629464FF00000F9F7D2FEE9E66B
:1089D0003D4B9C4210D11020F6F76EFD0023436002
:1089E0003A4B03600446F6F737FE6B6801336B6061
:1089F000C4E90205364B17E7364B9C420BD10C20DD
:108A0000F6F75AFD0023C0E901356B6801336B604E
:108A10000446314B08E7314B9C420BD10C20F6F752
:108A20004BFD0023C0E901356B6801336B600446E0
:108A30002B4BF9E62B4B9C4258D10C20F6F73CFD12
:108A40000023C0E901356B6801336B600446264B97
:108A5000EAE600BF14200608740F060858CF012468
:108A6000A417060858260608E42C06084CCF012453
:108A70003C260608082D060854CF0124CC2E0608F3
:108A800068CF01248C2D060864CF0124A42D06088C
:108A90005CCF0124641706087C260608242D0608EE
:108AA00060CF012474170608B0260608582D060862
:108AB00050CF0124BC2D060898CF0124B417060816
:108AC00058310608D82D06088CCF01243C31060801
:108AD000FC2D060894CF0124F82E0608A8CF012407
:108AE000802E0608A4CF0124982E06083E4B9C42F7
:108AF00031D11420F6F7E0FC04467020F6F7DCFCD8
:108B00003A4B036000223A4B42600646C0E902221B
:108B1000C0E90522C0E90722C0E90922C0E90B2209
:108B2000C0E90D220274C26380F86C206260236089
:108B3000A06011462046F7F7C3FB6B68E560013380
:108B40006B602C4B23602661324629464FF00000B3
:108B5000F9F72AFF26E6284B9C4231D11420F6F77C
:108B6000ABFC04467020F6F7A7FC244B0360002200
:108B7000234B42600646C0E90222C0E90522C0E953
:108B80000722C0E90922C0E90B22C0E90D220274C4
:108B9000C26380F86C2062602360A06011462046AA
:108BA000F7F7D6FB6B68E56001336B60154B23600C
:108BB0002661324629464FF00000F9F74AFFF1E5F9
:108BC000114B9C420CD11420F6F776FC0021044690
:108BD00000F07AFE6B68256101336B600B4B23E676
:108BE0000B4803F0B8F800BF9CCF01248417060897
:108BF0007C310608182E0608A0CF01249417060819
:108C0000B03106084C2E060890CF0124B02E06087D
:108C1000746805088B6910B5044613B9044803F05D
:108C20009AF8D1E90012FEF74BFF204610BD00BFB5
:108C3000A168050882B02DE9F0478AB0044618996A
:108C40009DF85480DDF858909DF85CA0139315466C
:108C500013AEB1B104AF3846FFF7DCFFCDE902A790
:108C6000CDE90089204696E80C002946FCF733F947
:108C7000384609F01EFD20460AB0BDE8F04702B0B4
:108C80007047CDE9019ACDF8008096E80C0029469E
:108C9000FCF70BF9EFE710B58AB00446009300200B
:108CA0001346C968099003AAF9F7B4FD03A9204641
:108CB000FFF7B0FF03A8F9F7C0FC20460AB010BDCB
:108CC0002DE9F0479AB00AAE86E80C000DF14C0889
:108CD0000023CDE9063819930C930CAB0593259B23
:108CE00004939DF89030039322AA8C46074692E89D
:108CF000030001AB279C83E803000B9B009308ADA6
:108D00000A9BDCF808204FF000012846FAF724F807
:108D100095E803000C9B86E80300002B3DD14146FB
:108D20000DA8FFF777FF0DA809F09BFCDDF838A030
:108D30000546F0B1BAF1000F04D00D9920685246F3
:108D400009F0E8FC0E9B226863600021D1540D9A63
:108D500000230E930DA8137009F0ABFC96E80300F6
:108D600087E803004046F9F768FC38461AB0BDE8CA
:108D7000F087204609F075FC10B92568D4F80890F2
:108D80000D9AC4E9002A0F9AA2601DB10D95CDF885
:108D90003C90DCE70FAB0D93D9E7269A1360DDE733
:108DA00030B58DB00446119800250B9545680395A4
:108DB000006802901098CDE900301346096905AAB1
:108DC0004FF00000F9F7C2FE05A92046FFF722FF89
:108DD00005A8F9F732FC20460DB030BD8B6910B5FF
:108DE000044613B9044802F0B6FFD1E90012FEF7B9
:108DF0003FFE204610BD00BFA168050882B02DE9E6
:108E0000F0478AB0DDE9169A18999DF854801393BB
:108E10000446154613AEB1B104AF3846FFF7DEFF86
:108E2000CDE902A7CDE90089204696E80C00294645
:108E300000F02AFC38460FF0CEFF20460AB0BDE80D
:108E4000F04702B07047CDE9019ACDF8008096E86E
:108E50000C00294600F003FCEFE710B58AB0044689
:108E6000009300201346C968099003AAF9F7E2FCB1
:108E700003A92046FFF7B2FF03A8F9F7DEFB20465F
:108E80000AB010BD2DE9F0479AB00AAE86E80C0092
:108E90000DF14C080023CDE9063819930C930CAB67
:108EA0000593259B04939DF89030039322AA8C464A
:108EB000074692E8030001AB279D83E803000B9B64
:108EC000009308AC0A9BDCF808204FF00001204614
:108ED000F9F78EFF94E803000C9B86E80300002B53
:108EE0003CD141460DA8FFF779FF0DA80FF04CFFCC
:108EF000DDF838A00446E8B1BAF1000F04D00D99AE
:108F0000286852460FF099FF0E9928460FF036FF59
:108F10000D9A00230E930DA813600FF05CFF96E8E6
:108F2000030087E803004046F9F787FB38461AB08C
:108F3000BDE8F08728460FF027FF10B92C68D5F858
:108F400008900D9AC5E9002A0F9AAA601CB10D94E9
:108F5000CDF83C90DCE70FAB0D93D9E7269A136070
:108F6000DDE730B58DB00446119800250B954568B6
:108F70000395006802901098CDE900301346096906
:108F800005AA4FF00000F9F702FE05A92046FFF7F9
:108F900025FF05A8F9F751FB20460DB030BD8368C9
:108FA000586970478368986970478368586B704741
:108FB0008368986B82B002B070478368D86B82B0C8
:108FC00002B0704783685869704783689869704732
:108FD0008368586B70478368986B82B002B07047A3
:108FE0008368D86B82B002B070478368586A704754
:108FF0008368986A70470020704700207047704768
:109000000020914200D3704751F8043B03EB70609D
:10901000F7E7000010B5034B03600446F6F7F9FAD2
:10902000204610BD0032060810B50446FFF7F2FFD7
:10903000204610F06BF9204610BD000010B5034B20
:1090400003600446F6F7E5FA204610BD183206081C
:1090500010B50446FFF7F2FF204610F057F92046FE
:1090600010BD000010B5034B03600446F6F7D1FABB
:10907000204610BD3032060810B50446FFF7F2FF57
:10908000204610F043F9204610BD000010B5054BF6
:10909000044640F8083B10F065FD2046F6F7B9FAA3
:1090A000204610BDE431060810B50446FFF7EEFF78
:1090B000204610F02BF9204610BD000010B5054BDE
:1090C000044640F8083B10F04DFD2046F6F7A1FAA3
:1090D000204610BD3C31060810B50446FFF7EEFFF0
:1090E000204610F013F9204610BD73B5531A1646EA
:1090F0000C2B4FEAA30204460D46019206D900222A
:1091000001A90FF047FE019B2060A3602068324652
:1091100029460FF0DAFE019920460FF02FFE02B02B
:1091200070BDD0E902218A4202D2043282607047C7
:1091300003689B6A1847436E0B60836E4B60C36E77
:109140008B60036FCB60436F0B61836F4B61C36FA9
:109150008B61D0F88030CB61D0F884300B62D0F8CE
:1091600088304B62D0F88C308B62D0F89030CB6274
:109170007047D0F894300B60D0F898304B60D0F83E
:109180009C308B60D0F8A030CB60D0F8A4300B615D
:10919000D0F8A8304B61D0F8AC308B61D0F8B0304B
:1091A000CB61D0F8B4300B62D0F8B8304B62D0F855
:1091B000BC308B62D0F8C030CB62704738B500F15C
:1091C0000803054603600C4611B9074802F0C3FDC9
:1091D000084613F068FE214604EB80022846BDE8ED
:1091E0003840FFF782BF00BFEC36050810B58B682A
:1091F0000446D969FFF7E2FF204610BD10B58B6821
:1092000004465969FFF7DAFF204610BD10B58B6898
:109210000446D96AFFF7D2FF204610BD10B58B680F
:109220000446596AFFF7CAFF204610BD10B58B6887
:109230000446D969FFF7C2FF204610BD10B58B6800
:109240000446D96AFFF7BAFF204610BD10B58B68F7
:109250000446596AFFF7B2FF204610BD10B58B686F
:109260000446D969FFF7AAFF204610BD00F10803A4
:1092700073B5044603600D4611B90F4802F06BFD4B
:109280000846E7F78DF80F2805EB0006019007D98F
:10929000002201A9204609F0EBF9019B2060A360A0
:1092A00032462946206809F07DFA019B22686360F6
:1092B0000021D15402B070BDEC36050810B58B68A2
:1092C00004469968FFF7D2FF204610BD10B58B68A1
:1092D00004469968FFF7CAFF204610BD10B58B6899
:1092E00004469968FFF7C2FF204610BD07B50092FB
:1092F0000B46002241680FF065FE03B05DF804FBE9
:1093000008B54368C3F17F6303F57F2303F6FF735A
:109310009A4202D9034802F021FDBDE808400FF04F
:1093200041BF00BFE75D05082DE9F041074616483B
:10933000F6F712FA3B68D3F80C8058F8205006462E
:10934000F5B97020F6F7B8F8104B45600446C0E94F
:109350000255C0E90555C0E90755C0E90955C0E9FE
:109360000B55C0E90D5503600574C56380F86C505A
:1093700039460AF095FD386832462146F6F7A6FAD6
:1093800058F82600BDE8F081A0CF01249417060804
:109390004368994270B50646154604D90A460A48FC
:1093A0000A4902F0E1FC6A1C04D1036871600022E2
:1093B0005A5470BD002DFCD05A1AAA4228BF2A4622
:1093C000BDE8704009F0F3B9BC6805081E690508DE
:1093D0002DE9F04107461648F6F7BEF93B68D3F889
:1093E0000C8058F820500646F5B97020F6F764F85E
:1093F000104B45600446C0E90255C0E90555C0E977
:109400000755C0E90955C0E90B55C0E90D55036082
:109410000574C56380F86C5039460AF0FBFD386866
:1094200032462146F6F752FA58F82600BDE8F08198
:109430009CCF01248417060810B40468E46AA4468B
:109440005DF8044B604710B504460068FFF769FEFD
:109450004FF0FF33636010BD0B4611461A460BB147
:1094600013F02CBD1846704737B51D464368994226
:1094700004D90A460548064902F076FC13460095D1
:1094800000220FF09FFD03B030BD00BFBC6805088F
:10949000B06905082DE9F0471C4686B000F10803C5
:1094A0001646036002AA0023C0E90133CDE9002378
:1094B00005462246684688463146FFF716FEDDE936
:1094C000007307EB8309234BA41B9C424FEA6406FD
:1094D00094BFB0004FF0FF300FF08AFF6FF0604A8A
:1094E00004463A4633462146404610F08BFC8642FD
:1094F000024613D8461C14B120460FF009FF56450A
:1095000034BFB0004FF0FF300FF072FF3A46014613
:1095100004463346404610F075FC02462146284674
:10952000FFF7EEFE384613F0BEFC07EB80008145E6
:1095300005D0071D002128460FF02AFDD1E714B100
:1095400020460FF0E5FE68460FF045FC284606B0C1
:10955000BDE8F087FCFFFF3F2DE9F0438DB000250B
:109560001C46804602AB684600930195FFF7BDFD9F
:1095700008AB149A214606A8CDE90635FFF7B5FDDC
:10958000DDE90097DDE9065609EB870705EB86065E
:109590002A464946404610F02AFC044678B9484617
:1095A00013F081FC09EB8009284613F07CFC4F4541
:1095B00005EB80040DD1341B18BF4FF0FF3406A813
:1095C0000FF009FC68460FF006FC20460DB0BDE820
:1095D000F083A64203D009F10409251DD8E7012430
:1095E000EDE7F0B589B006AE86E80C00139A0B687B
:1095F0000592129A0492119A03929DF840200292C9
:109600000EAA04460D4692E803008DE803002046AA
:109610009F68294696E80C00B847204609B0F0BD7F
:10962000F0B589B006AE86E80C00139A0B68059277
:10963000129A0492119A03929DF8402002920EAA67
:1096400004460D4692E803008DE803002046DF68DB
:10965000294696E80C00B847204609B0F0BD70B521
:1096600086B004AC84E80C000C9A02920B9A01922A
:109670000B689DF8282000929E6894E80C0005462F
:10968000B047284606B070BD70B586B004AC84E81B
:109690000C000D9A03920C9A02920B9A01920B689D
:1096A0009DF828200092DE6894E80C000546B0473B
:1096B000284606B070BD03689B6818470368DB68DE
:1096C000184710B50B6804461B699847204610BD23
:1096D00010B50B6804465B699847204610BD10B56D
:1096E0000B6804469B699847204610BD10B50B686F
:1096F0000446DB699847204610BD03681B6A18477B
:1097000003685B6A82B002B0184703689B6A82B044
:1097100002B0184703689B6818470368DB6818475E
:1097200010B50B6804461B699847204610BD10B55C
:109730000B6804465B699847204610BD10B50B685E
:1097400004469B699847204610BD10B50B68044637
:10975000DB699847204610BD03681B6A18470368F9
:109760005B6A82B002B0184703689B6A82B002B09D
:10977000184703689B6818470368DB68184710B5EB
:109780000B6804461B699847204610BD10B50B684E
:1097900004465B699847204610BD10B50B68044627
:1097A0009B699847204610BD03689B681847F0B531
:1097B00089B006AE86E80C00129A0B680492119AE2
:1097C0000392109A02920EAA04460D4692E80300F4
:1097D0008DE803002046DF68294696E80C00B8476C
:1097E000204609B0F0BDF0B589B006AE86E80C00A1
:1097F000129A0B680492119A0392109A02920EAA7E
:1098000004460D4692E803008DE8030020461F69D8
:10981000294696E80C00B847204609B0F0BDF0B5DF
:1098200089B006AE86E80C00129A0B680492119A71
:109830000392109A02920EAA04460D4692E8030083
:109840008DE8030020465F69294696E80C00B8477A
:10985000204609B0F0BDF0B589B006AE86E80C0030
:10986000129A0B680492119A0392109A02920EAA0D
:1098700004460D4692E803008DE8030020469F69E8
:10988000294696E80C00B847204609B0F0BDF0B56F
:1098900089B006AE86E80C00129A0B680492119A01
:1098A0000392109A02920EAA04460D4692E8030013
:1098B0008DE803002046DF69294696E80C00B8478A
:1098C000204609B0F0BD0000003910B5054B03601B
:1098D00018BF012141600446F5F7BEFEA060204696
:1098E00010BD00BFE431060803689B68184773B5D4
:1098F000079E01960D68069E0096ED680446A847EF
:10990000204602B070BD03681B69184710B4046894
:10991000A468A4465DF8044B604738B50D6804465A
:10992000ED68A847204638BD03689B681847F7B51F
:109930006D4685E806009DF80460089F04461946B8
:1099400036B900983A4608F074FE874218BF0126DF
:109950008DF8046095E8030084E80300204603B016
:10996000F0BD00002DE9F04F97B004A9DDF880802C
:10997000039008F16C04204681E80C00229F0AF055
:109980005BF805462046FFF723FD3E68036C32680E
:109990009A4204467B6842D0D0E909B9826B0792AB
:1099A0002A682846576906EB830332460421B847E4
:1099B000851BAD100295002D00F0BF800CAB002779
:1099C00069000AA8CDE90B770A930FF0C6FA626B1B
:1099D000A5EB020ABA452FDDE168BA42A8BF554699
:1099E0000B9A002962D0394600976B000AA80FF045
:1099F000E9FA06EB8503CDE900630A9FA169D4E982
:109A0000022338460AF02DF90B9BC01BB3EBA00FC5
:109A10004FEAA0020BD25E495E4802F0A5F9C26B84
:109A20000792D0E90BB9002BBAD00436B8E711463B
:109A30000AA80FF0A3F9AA46626B002A0CDD61693F
:109A40000AA80FF0A5FABAF1000F35DB626B06EB3E
:109A50008A010AA8FFF754FCD8F80C5005F0B003AF
:109A6000029315F400750B9B18BF256A4B441D44E7
:109A7000002612AB690010A81093CDE911660FF013
:109A80006CFA029BD8F80870102B03D1BD422CBF92
:109A9000002601264FF0000A07AB13F80A30042B0A
:109AA0001CD8DFE803F06B6212565F000095334666
:109AB0000AA80FF02BFBBEE7626CCAF100010AA8EE
:109AC000FFF714FC029A3146C3E7D8F80C309B0527
:109AD00004D5D4E9071210A8FFF712FC0AF1010A15
:109AE000BAF1040FD8D1B9F1010F06D909F1FF324B
:109AF0000BF1040110A8FFF703FC11998F4209D95B
:109B0000029B202BA7EB01013BD1219A10A8FFF764
:109B1000EDFB394608AC109B00912046DDE90412AC
:109B2000FFF705FF94E80300049010A88DF81410C7
:109B30000FF051F90AA80FF04EF9DDE904010023F6
:109B4000C8F80830039B83E80300184617B0BDE847
:109B5000F08FB9F1000FC1D0DBF8001010A80FF0A2
:109B600017FABBE7DDE90A12B5E72EB1219A791B96
:109B700010A8FFF7BBFBB1E72199EFE7002EADD0AE
:109B8000F4E70A46219B002110A8FFF76DFCC0E70F
:109B90001E690508BC6805082DE9F04F97B004A9B7
:109BA000DDF88080039008F16C04204681E80C0009
:109BB000229F09F041FF05462046FFF7B5FB3E68AE
:109BC000036C32689A4204467B6842D0D0E909B9F6
:109BD000826B07922A682846576906EB8303324650
:109BE0000421B847851BAD100295002D00F0BF8001
:109BF0000CAB002769000AA8CDE90B770A930FF098
:109C0000ACF9626BA5EB020ABA452FDDE168BA42F6
:109C1000A8BF55460B9A002962D0394600976B00C1
:109C20000AA80FF0CFF906EB8503CDE900630A9F80
:109C3000A169D4E9022338460AF013F80B9BC01B34
:109C4000B3EBA00F4FEAA0020BD25E495E4802F0D0
:109C50008BF8C26B0792D0E90BB9002BBAD004364F
:109C6000B8E711460AA80FF089F8AA46626B002AE5
:109C70000CDD61690AA80FF08BF9BAF1000F35DB32
:109C8000626B06EB8A010AA8FFF73AFBD8F80C5082
:109C900005F0B003029315F400750B9B18BF256AFD
:109CA0004B441D44002612AB690010A81093CDE967
:109CB00011660FF052F9029BD8F80870102B03D1EF
:109CC000BD422CBF002601264FF0000A07AB13F857
:109CD0000A30042B1CD8DFE803F06B6212565F00D9
:109CE000009533460AA80FF011FABEE7626CCAF17C
:109CF00000010AA8FFF7FAFA029A3146C3E7D8F83A
:109D00000C309B0504D5D4E9071210A8FFF7F8FA28
:109D10000AF1010ABAF1040FD8D1B9F1010F06D93D
:109D200009F1FF320BF1040110A8FFF7E9FA1199CC
:109D30008F4209D9029B202BA7EB01013BD1219A2D
:109D400010A8FFF7D3FA394608AC109B00912046C3
:109D5000DDE90412FFF7EBFD94E80300049010A87E
:109D60008DF814100FF037F80AA80FF034F8DDE979
:109D700004010023C8F80830039B83E80300184659
:109D800017B0BDE8F08FB9F1000FC1D0DBF80010BB
:109D900010A80FF0FDF8BBE7DDE90A12B5E72EB118
:109DA000219A791B10A8FFF7A1FAB1E72199EFE7F3
:109DB000002EADD0F4E70A46219B002110A8FFF742
:109DC00053FBC0E71E690508BC6805082DE9F04F84
:109DD0002DED028BB0EE408B91B004AF07F108047B
:109DE00084E80C007B6E97F860B00546884607F162
:109DF000140003F16C01F5F717FC07F1140009F0EA
:109E00001BFE90B08146F5F727FC04AE4FF0000A28
:109E1000B86131468DED028B294BCDF800A0402270
:109E200007F11800FAF7A4FF3F28014616DD0831B4
:109E300021F00701ADEB010D421C7A60F5F70CFC37
:109E400004AEB8618DED028BCDF800A031461C4BFD
:109E50007A6807F11800FAF78BFF014607F1200333
:109E6000002207F11800BB6179600FF00FF87968E4
:109E7000BB69721848463146FFF7DEFA07F118034E
:109E80000293BB6E01937B6E009394E80C004146F5
:109E90002846BBF1000F10D0FFF764FD07F1180052
:109EA0000EF099FF07F11400F5F730FC284634371F
:109EB000BD46BDEC028BBDE8F08FFFF76DFEEDE710
:109EC000C5690508F0B587B004AC84E80C00DDE98D
:109ED0000D320F9E9DF830700093CDE901260546A6
:109EE00094E80C0027B1FFF73DFD284607B0F0BD10
:109EF000FFF752FEF9E703681B6B184703681B6AFC
:109F0000184703689B69184703689B6A184710B590
:109F10000446D0E9003043B1421C06D1184608F08F
:109F20007FFB431C04BF0023236010BD38B50D46E2
:109F3000FFF7EDFF04462846FFF7E9FF431C5842B0
:109F400004F10102584154425441011B4842484126
:109F500038BD08B5FFF7EAFF80F00100C0B208BDC8
:109F60002DE9F74F0546DDE912076C466C3084E8B1
:109F70000C00DDF840A009F05FFD4FF000098046BD
:109F80004E464FF00A0B0CA92046FFF7E2FF70B1D6
:109F9000119B9E420BD02046FFF7B9FF2A220146B3
:109FA0004046FFF7A8FF3038C2B2092A10D9C6B11F
:109FB0000F9A914515DBD14513DC0E9AC2F800903B
:109FC00094E8030085E80300284603B0BDE8F08F5D
:109FD0000BFB0909D145EADC2046FFF734FA0136CC
:109FE000D1E73B6843F004033B60E9E72DE9F04F1C
:109FF0008DB000AF07F12006B861F86E6C3086E8CE
:10A000000C0009F019FDBB6E6A46A2EBC3039D4626
:10A01000DB087B61BB6E9B003B61BB6E0546E8467F
:10A0200007F15801304608EB8309FFF792FF044619
:10A0300028B90026012C39D840F07A8160E13046F9
:10A04000FFF765FF044601462846FFF757FF214604
:10A0500006462846FFF755FF4FF0000B82465C4648
:10A06000BB6E9B45E5D07B6E53F82B3028461968B4
:10A07000FFF744FFB0420FD1A300FB617B6E53F8A2
:10A080002B0012F010FFFB6949F8240048F803B0D8
:10A0900001340BF1010BE3E77B6E53F82B302846BC
:10A0A0001968FFF72EFF5045F3D1E5E7CB4609EBE2
:10A0B00084005BF8043BFB625B461A46F96AD2F8FF
:10A0C00000C08C4507F12C0128BF0A460433D2F8A2
:10A0D00000A0C7F82CA09842EFD1013607F120006C
:10A0E000FFF7B1F9B2452CD107F1580107F1200073
:10A0F000FFF72FFF824600285ED14FF0000A0023B1
:10A1000059F82320911B4A424A41524509BF04F1A4
:10A11000FF34013358F8242048F8232004BF59F8AD
:10A12000242049F82320A342EAD3BAF1000F00F01B
:10A130008580D9F80030012107F12C0CA142FB6287
:10A1400072D3FB6AB34240F2D68007F1580107F19F
:10A150002000FFF7FEFE002800F0CD8007F1200070
:10A16000FFF7D5FE01462846FFF7C8FEF86007F165
:10A170002000FFF7CCFE01462846FFF7C2FEB300E1
:10A18000B860FB614FF0000A54457FF653AF7B6E19
:10A1900058F82A2053F82220FB697A60D1582846C3
:10A1A000FFF7ACFEFB687A6898424FEA8A0B40F0F2
:10A1B0008F800AF1010AE7E707F12000FFF7A7FE09
:10A1C00001462846FFF79AFEF86007F12000FFF7E6
:10A1D0009EFE01462846FFF794FEB300FB61B8607F
:10A1E0000023796E58F8232051F8222059F82310C3
:10A1F000B14203D801339C42F3D17EE73B60FB6957
:10A200007A60D1582846FFF779FEFB6898423FF400
:10A2100076AFFB697A682846D158FFF772FEBB68B3
:10A2200098423B68E6D16AE75A460131106883429A
:10A2300098BF62460BF1040B13687FE7022C65D1CF
:10A24000BB6EDB0774D4D8F80030B86EBA6EB3EBCF
:10A25000500F4FEA5201D8F804202DD20B449342FC
:10A2600066D1D7E90432D8F8004053F832807B6ECB
:10A2700053F8243003EB8609464560D207F15801B4
:10A2800007F12000FFF765FE002851D059F8041BA4
:10A290002846FFF733FE824607F12000FFF737FE1E
:10A2A00001462846FFF72AFE824531D107F12000FA
:10A2B000FFF7C9F80136DFE75B1A934238D1D7E9D7
:10A2C0000421C8F80030D9F8043042F83130C8E72A
:10A2D000FB692846D158FFF714FEBB6898423FF44B
:10A2E00068AF013C58F8242048F80B2059F8242086
:10A2F00049F80B2048E70023012C19D1002BB0D1DD
:10A3000007F12000FFF79FF80136AAE70123F3E7E2
:10A3100059F8041C2846FFF7F4FD824607F1200097
:10A32000FFF7F5FD01462846FFF7EBFD8245BDD05E
:10A330003B6F3A6F1B6843F00403136002E0F7D1F0
:10A340003B6E1C60D7E90801BB69343783E8030022
:10A350001846BD46BDE8F08F2DE9F04F85B000AF3F
:10A360008046F86CD7F844A007F108096C3089E8FA
:10A370000C0009F061FBBB6C78606A46A2EBC3037A
:10A380009D4607F1380148466C46FFF7E2FD00287C
:10A3900000F084804846FFF7BAFDBA6C00260346F9
:10A3A0004FEA420B3546B34537D8002D76D04846A4
:10A3B000FFF749F8AB00073323F00703ADEB030DBC
:10A3C000E946002654F826305AF8230012F06BFDB7
:10A3D00049F826000136B542F4D1012507F13801CC
:10A3E00007F10800FFF7B5FD48BB012E5AD1D9F897
:10A3F0000030AB425FD1BA6C23689342A8BF9B1A6E
:10A400003A6C136007F1100313E90300143788E86E
:10A4100003004046BD46BDE8F08F5AF82610096893
:10A42000994204D144F8256001350136BBE77868CC
:10A430003B60FFF766FD3B689842F6D1F2E707F113
:10A440000800FFF764FD002386464FEA850B194696
:10A450009E4207D88E42C8D007F10800FEF7F3FFEE
:10A460000135BBE759F82320AA424FEA830C09EBD8
:10A47000830002D801310133EAE754F823205AF867
:10A48000222052F80B207245F5D0013E54F82620C8
:10A4900044F80C2059F826200260D9E700263546FA
:10A4A000B1469BE7022E06D1D9F80030AB42A2D0CC
:10A4B000D9F804309DE73B6D3A6D1B6843F0040307
:10A4C0009FE700002DE9F04FABB08B46369D0B9017
:10A4D00005F16C060EA9304681E80C00DDF8E0A01D
:10A4E0003A9C09F0B7FB0990304609F0A5FA81467D
:10A4F000399812F0D8FC00230A90109334A90EA8C2
:10A500000893FFF726FDDDF84080002800F07A84EC
:10A51000089B0A9A934280F07584B8F1000F00F00E
:10A520008484379B379A1B6843F00403136000F060
:10A5300072BC0233B168089300224846FFF7DBFC87
:10A5400000F092BC099B9B68DA6A12921A6B139214
:10A550005A6B14929A6B1592DA6B16921A6C1792C8
:10A560005A6C18929A6C1992DA6C1A921A6D1B92A4
:10A570005A6D1C929A6D1D92DA6D1E921B6E1F937E
:10A5800010ABCDE905530E23049312AB039311AB2B
:10A59000029334AB93E803008DE803000CAF0EAEDA
:10A5A00096E80C0059463846FFF720FD97E803006F
:10A5B000109B86E80300002B3CD1119A072392FBE5
:10A5C000F3F3C3EBC303D21ACAF81820237843F07D
:10A5D0000203E0E0099B12AA98681146FEF7ABFD62
:10A5E0001EA9FEF7C6FD10ABCDE905531823CDE932
:10A5F000032311AB029334AB93E803008DE803000F
:10A600000CAF0EAE96E80C0059463846FFF7EEFC4C
:10A6100097E80300109B86E803005BB9119B0C22AE
:10A6200093FBF2F102FB1133CAF81030238843F494
:10A6300081632380089B013360E7099B06949B6834
:10A640009B6905930CAF10ABCDE90253CDF810A078
:10A6500034AB93E803008DE803000EAE96E80C00DF
:10A6600059463846FFF72EFF97E80300109B86E80F
:10A670000300002BDED1637843F0040377E110ABD5
:10A68000CDE906534FF002086323CDE904380023D7
:10A69000039311AB029334AB93E803008DE80300FE
:10A6A0000CAF0EAE96E80C0059463846FFF758FC42
:10A6B00097E80300109B86E80300002BBAD1119B9A
:10A6C0006360238843F49063B3E70EA8FFF71FFC91
:10A6D000082102464846FFF727F910B10EA8FEF7F9
:10A6E000B2FE10ABCDE906534FF0020E1F23CDE9A9
:10A6F000043E0123039311AB029334AB93E80300B0
:10A700008DE803000CAF0EAE96E80C0059463846B3
:10A71000FFF726FC97E80300109B86E80300002B58
:10A7200088D1119BCAF80C30238843F4826380E7F8
:10A73000B84A12AE3346A2F109014846FEF77CFE44
:10A740000CAFCDE905647EE710ABCDE906534FF0C1
:10A75000020C1723CDE9043C0023039311AB0293B1
:10A7600034AB93E803008DE803000CAF0EAE96E81F
:10A770000C0059463846FFF7F3FB97E80300109AA0
:10A7800086E80300002A7FF455AF119BCAF8083011
:10A79000237862F3000323704CE710ABCDE9065336
:10A7A0000C270223CDE904730123039311AB029319
:10A7B00034AB93E803008DE803000DF130080EAED2
:10A7C00096E80C0059464046FFF7CAFB98E803009C
:10A7D000109B86E80300002B7FF42CAF119B93FBAA
:10A7E000F7F207FB1233CAF80830237843F001036D
:10A7F000D1E710ABCDE9065303264FF4B773CDE98B
:10A8000004360123039311AB029334AB93E80300A6
:10A810008DE803000CAF0EAE96E80C0059463846A2
:10A82000FFF79EFB97E80300109B86E80300002BD0
:10A830007FF400AF119B013BCAF81C30237843F032
:10A840000403A8E710ABCDE9065302200C23CDE9A1
:10A8500004300123039311AB029334AB93E803005C
:10A860008DE803000CAF0EAE96E80C005946384652
:10A87000FFF776FB97E80300109B86E80300002BA8
:10A880007FF4D8AE119B013BCAF81030237843F017
:10A89000080380E710ABCDE9065302213B23CDE945
:10A8A00004310023039311AB029334AB93E803000C
:10A8B0008DE803000CAF0EAE96E80C005946384602
:10A8C000FFF74EFB97E80300109B86E80300002B80
:10A8D0007FF4B0AE119BCAF80430ABE634A90EA8E1
:10A8E000FFF737FB00283FF4A5AE0EA8FFF70FFBDC
:10A8F000082102464846FFF717F800283FF49AAEB1
:10A900000EA8FEF7A0FDE9E7099B9B681A6A129260
:10A9100012685B6A1393002A3FF48CAE1B68002B0D
:10A920003FF488AE10ABCDE905530223049312AB7C
:10A93000039311AB029334AB93E803008DE803005B
:10A940000CAF0EAE96E80C0059463846FFF74EFBAA
:10A9500097E80300109B86E80300002B7FF46AAEA3
:10A96000119B002B3FF466AE637843F001036370E4
:10A9700060E6099B06949B689B6A0CAF059309E00F
:10A98000254A12AE3346911F4846FEF755FDCDE9E4
:10A9900005640CAF10ABCDE90253CDF810A034AB79
:10A9A00093E803008DE803000EAE5946384696E85A
:10A9B0000C00FFF787FD97E8030086E8030039E6FF
:10A9C00010ABCDE9065302223C23CDE9043200232B
:10A9D000039311AB029334AB93E803008DE80300BB
:10A9E0000CAF0EAE96E80C0059463846FFF7B8FAA1
:10A9F00097E80300109B86E80300002B7FF41AAE53
:10AA0000119BCAF8003015E6044A12AE3346A2F193
:10AA10000901B9E7D4690508DA690508E369050899
:10AA200010ABCDE906534FF002083523CDE90438C9
:10AA30000023039311AB029334AB93E803008DE83A
:10AA400003000CAF0EAE96E80C0059463846FFF7EF
:10AA500087FA97E80300109B86E80300002B7FF439
:10AA6000E9AD119B22681B0403F47C1322F47C12D1
:10AA700043F0200322F0200213432360DAE510ABF9
:10AA8000CDE906534FF0010E0623CDE9043E002325
:10AA9000039311AB029334AB93E803008DE80300FA
:10AAA0000CAF0EAE96E80C0059463846FFF758FA40
:10AAB00097E80300109B86E80300002B7FF4BAADF3
:10AAC000119BCAF8183081E510ABCDE906534FF061
:10AAD000020C3523CDE9043C0023039311AB029310
:10AAE00034AB93E803008DE803000CAF0EAE96E89C
:10AAF0000C0059463846FFF733FA97E80300109BDD
:10AB000086E80300002B7FF495AD119B22681B049F
:10AB100003F47C1322F47C1243F0400322F0400241
:10AB2000AAE7099B06949B680CAF9B6826E7099BE4
:10AB300006949B680CAF1B6920E710ABCDE9065368
:10AB400002266323CDE904360023039311AB02935D
:10AB500034AB93E803008DE803000CAF0EAE96E82B
:10AB60000C0059463846FFF7FBF997E80300109BA5
:10AB700086E80300002B7FF45DAD637823F00603C5
:10AB800043F00603637034A93046FFF7E2F900286A
:10AB90003BD03046FFF7BBF92A2201464846FFF773
:10ABA000AAF9A0F130085FFA88F3092B2DD83046B6
:10ABB000FEF749FC119B0A2707FB038334A93046A3
:10ABC0001193FFF7C6F9A0B13046FFF7A0F92A228A
:10ABD00001464846FFF78FF9A0F130085FFA88F385
:10ABE000092B06D83046FEF72EFC119B07FB03838A
:10ABF0001193119BA3F26C731193637823F00203FA
:10AC00006370119BCAF8143014E5119B442BDCBF10
:10AC100064331193F5E710ABCDE90653042042F2FB
:10AC20000F73CDE904300023039311AB029334ABCF
:10AC300093E803008DE803000CAF0EAE96E80C001D
:10AC400059463846FFF78CF997E80300109B86E8D1
:10AC50000300002B7FF4EEAC119BA3F26C73CAF8D7
:10AC60001430637823F0060306E50EA8FFF74FF9CA
:10AC7000012102464846FEF757FE00287CD010AB63
:10AC8000CDE905530E230493CF4B039312AB0293EC
:10AC900034AB93E803008DE803000CAE0EAB0CCB95
:10ACA00059463046FFF7A2F996E803000EAB83E859
:10ACB000030034A91846FFF74CF900283FF4BAAC5A
:10ACC000109B129A13437FF4B5AC0EA8FFF71FF93F
:10ACD0002D2106464846FFF717F9B04236D110AF8E
:10ACE00017230222CDE90432CDE90657002303934E
:10ACF00012AB029334AB93E803008DE803000CAE73
:10AD00000DF1380898E80C0059463046FFF728F94D
:10AD100096E803003B2388E803000221CDE90431D3
:10AD2000CDE906570023039312AB029334AB93E8AB
:10AD300003008DE803005946304698E80C00FFF701
:10AD40000FF996E8030088E8030073E40EA8FFF704
:10AD5000DEF82B2106464846FFF7D6F8B0427FF4CE
:10AD600069ACBCE70EA8FFF7D2F825210646484695
:10AD7000FFF7CAF8B04241D0109B43F00403109390
:10AD800058E4399B089A082153F822204846FEF7D8
:10AD9000CBFDA8B134A90EA8FFF7DBF800283FF4DB
:10ADA00049AC0EA8FFF7B3F8082102464846FEF763
:10ADB000BBFD00283FF43EAC0EA8FEF744FBE9E7DC
:10ADC000399B4846D959FFF799F806460EA8FFF770
:10ADD0009EF801464846FFF791F886420ED0399B0F
:10ADE0004846D959FFF78DF806460EA8FFF78FF8A9
:10ADF00001464846FFF785F88642BCE70EA8FEF7F5
:10AE000022FB17E4B8F1000F7FF48BAB089B0A9A82
:10AE100093427FF486AB0EAB93E803000B9B83E871
:10AE2000030018462BB0BDE8F08F089B089A0899DC
:10AE30009F00399B484603EB820653F82110424697
:10AE4000FFF759F825289CD1716842464846FFF71C
:10AE500052F84528089BCDF844803FF46AAB4F2850
:10AE60003FF467AB013308932538542884D801A3F5
:10AE700053F820F065AD030879AD030879AD0308F8
:10AE800079AD030879AD030879AD030879AD0308FE
:10AE900079AD030879AD030879AD030879AD0308EE
:10AEA00079AD030879AD030879AD030879AD0308DE
:10AEB00079AD030879AD030879AD030879AD0308CE
:10AEC00079AD030879AD030879AD030879AD0308BE
:10AED00079AD030879AD030879AD030879AD0308AE
:10AEE00079AD030845A50308D5A503087FA6030887
:10AEF00031A7030879AD030879AD030879AD0308DC
:10AF000049A703089BA7030879AD030879AD030897
:10AF100079AD030895A8030879AD030879AD030856
:10AF200079AD030879AD030881A90308C1A9030815
:10AF300009AA030821AA030879AD0308C9AA0308CE
:10AF40002FAB030817AC03086BAC030879AD0308FB
:10AF500079AD030879AD030879AD030879AD03082D
:10AF600079AD030845A50308D5A503083BA603084A
:10AF7000CBA60308CBA6030879AD030879AD030877
:10AF8000D5A5030879AD0308F3A7030879AD030835
:10AF900079AD030845A80308DDA8030879AD0308C7
:10AFA00009A9030879AD030873A9030879AD03085B
:10AFB000DDA8030879AD030879AD03087FAA03086B
:10AFC00023AB03083BAB0308740000242DE9F04FCA
:10AFD0008FB0DDE91AB70AAC4FF0000A06460BF154
:10AFE0006C0084E80C008846CDF834A008F024FDFD
:10AFF0000DABCDE906B302226323CDE904320CABDD
:10B000000293CDF80CA018AB814693E803008DE8BD
:10B01000030008AD94E80C0041462846FEF7A0FF67
:10B0200095E803000D9B84E80300002B51D118A97B
:10B030002046FEF78EFF002846D02046FEF767FF29
:10B040002A2201464846FEF756FFA0F13005EBB232
:10B05000092B39D82046FEF7F6F90C9B4FF00A0869
:10B0600008FB035518A920460C95FEF772FF98B10E
:10B070002046FEF74CFF2A2201464846FEF73BFFDA
:10B08000A0F13005EBB2092B06D82046FEF7DBF91C
:10B090000C9B08FB03550C950C9BA3F26C730C9353
:10B0A0001C9B0C9A5A6118A92046FEF73FFF18B165
:10B0B0003B6843F002033B6094E8030086E803002A
:10B0C00030460FB0BDE8F08F0C9B442BE8DC6433B6
:10B0D000E5E73B6843F004033B60E4E72DE9F04318
:10B0E0009DB0DDE926960AAC054609F16C0084E8BE
:10B0F0000C00884608F0AEFD83689A6C0E92DA6CFC
:10B100000F921A6D10925A6D11929A6D1292DA6D19
:10B1100013921A6E1492DA6A15921A6B16925A6B7F
:10B1200017929A6B1892DA6B19921A6C5B6C1B93DC
:10B1300000230D930DABCDE9059307231A920493D9
:10B140000EAB03930CAB029324AB93E803008DE8A2
:10B15000030008AF94E80C0041463846FFF7FCF8BE
:10B1600097E803000D9B84E803009BB9289B0C9A89
:10B170009A6124A92046FEF7D9FE18B1336843F03E
:10B180000203336094E8030085E8030028461DB0FD
:10B19000BDE8F083336843F004033360E9E72DE949
:10B1A000F043A7B0DDE930960AAC054609F16C0022
:10B1B00084E80C00884608F04DFD0EAA8068114610
:10B1C000FDF7D7FF1AA9FDF7B6FF00230D930DABCE
:10B1D000CDE905930C23CDE903230CAB02932EABF1
:10B1E00093E803008DE8030008AF94E80C004146A3
:10B1F0003846FFF7B1F897E803000D9B84E8030099
:10B200009BB9329B0C9A1A612EA92046FEF78EFE3E
:10B2100018B1336843F00203336094E8030085E813
:10B220000300284627B0BDE8F083336843F00403E9
:10B230003360E9E72DE9F04F91B0DDE91CB70AACC6
:10B2400005460BF16C0084E80C00DDF878A0894617
:10B2500008F000FD83681A69CDF808B00DAECDE99D
:10B260000526CDE9037A0023CDE90D330F931AAB00
:10B2700093E803008DE803000DF1200894E80C002A
:10B2800049464046FFF71EF998E8030084E80300AA
:10B29000514630460EF0BAFE1AA92046FEF746FE89
:10B2A00018B13B6843F002033B6094E8030085E873
:10B2B0000300284611B0BDE8F08F2DE9F04F91B0A2
:10B2C000DDE91CB70AAC05460BF16C0084E80C0004
:10B2D000DDF878A0894608F0BDFC83689A68CDF84F
:10B2E00008B00DAECDE90526CDE9037A0023CDE9FE
:10B2F0000D330F931AAB93E803008DE803000DF1B3
:10B30000200894E80C0049464046FFF7DBF898E82F
:10B31000030084E80300514630460EF077FE1AA978
:10B320002046FEF703FE18B13B6843F002033B6082
:10B3300094E8030085E80300284611B0BDE8F08FCB
:10B340002DE9F04F95B0DDE920B605460AAC0BF1CA
:10B350006C004FF0000884E80C0089469DF88CA032
:10B360009DF8907008F068FBC6F800802521FEF774
:10B37000CBFD1090002F34D1CDE911A70023CDE9EA
:10B380000D330F9310AB0593229BCDF808B0CDE998
:10B3900003630DAF06971EAB93E803008DE803002F
:10B3A0000DF1200894E80C0049464046FFF78AF862
:10B3B00098E8030084E80300229938460EF026FE40
:10B3C0001EA92046FEF7B2FD18B1336843F0020310
:10B3D000336094E8030085E80300284615B0BDE813
:10B3E000F08FCDE9117ACDF84C80C7E72DE9F04F09
:10B3F0009BB00AA981E80C00DDE9263903F16C0451
:10B400000690204608F018FB04902046FDF7E0FF68
:10B4100000F140030793836A05461BB1036B003BB1
:10B4200018BF0123029310AB0E9300230F938DF8E6
:10B4300040302B7C1BB120210EA807F033FA0026E8
:10B4400016AB202114A8149315968DF8586007F0B8
:10B4500029FA05F144030893EB6B0D93B046374688
:10B460000396B24601960DAB9B5D042B62D8DFE8D4
:10B4700013F07B0153013000F4000500DFF840B306
:10B4800024A90AA8FEF765FD03460446002800F03B
:10B490002E810AA80993FEF73AFD0A21024605907B
:10B4A0000898FDF7D9FF059A099B002800F00E8146
:10B4B000079BC41AA410DBF8003014A8195D07F02C
:10B4C0000CFA7C1C039F0AA8FDF7BDFF03972746D3
:10B4D000D6E7269BDB689A051FD4BAF1010F1CD86A
:10B4E000DEB1012E0BD1029BBBB99DF83430032B8A
:10B4F00013D09DF83630012B0FD00226B3E7022E71
:10B5000040F046819DF83730042B06D0029A002A7D
:10B5100000F03981032B40F038812B6A05934FF0FE
:10B52000000B24A90AA8FEF714FD059B044618B9D0
:10B530009B4511D1012419E09B4517D00AA8FEF7BD
:10B54000E6FCEA6952F82B20824205D10AA8FDF7F1
:10B550007AFF0BF1010BE4E7BBF1000F40F0118122
:10B56000269BDC6884F40074C4F340240136042E66
:10B5700040F0FD80BAF1010F40F21D81002C00F077
:10B58000F980019B002B00F00581EC6A012624A9BB
:10B590000AA8FEF7DEFC002840F0FE80B24540F02D
:10B5A000E980159B012B11D90022302114A807F046
:10B5B0001BFC024650B1431C08BF159A4FF0000116
:10B5C00008BF02F1FF3214A8FDF7E2FE019B3BB178
:10B5D00014990B78302B03D02D2214A807F0FAF918
:10B5E0000F9BA3B1B8F1000F00F0E8809DF80C109C
:10B5F0000EA807F072F9D5E902010EAA0EF04EFE70
:10B6000028B9D9F8003043F00403C9F80030B8F184
:10B61000000F03D06B6B9F4240F0AC80289814A9B8
:10B6200007F012FB0AAC24A92046FEF77FFC28B1E4
:10B63000D9F8003043F00203C9F8003094E8030061
:10B64000069B83E8030014A807F033F80EA807F060
:10B6500030F806981BB0BDE8F08FAB6AABB92B6B26
:10B660003BB324A90AA8FEF774FC044608B30AA851
:10B67000FEF74DFCEB6A1B6883421AD10AA8D5F885
:10B6800030A0FDF7E0FE019470E724A90AA8FEF7B8
:10B6900060FC04460028E2D00AA8FEF738FC6B6A7A
:10B6A0001B688342DBD10AA8D5F828A0FDF7CBFEA2
:10B6B0005CE7AB6A1BB9029B83F0010456E72B6B76
:10B6C000002BF8D1012301931C464FE76969914291
:10B6D00008D1B8F1000F05D16A6B002A08DD984641
:10B6E0000446F0E62B7C1BB1AB69934205D00124E4
:10B6F000159B002B08BF002438E7B8F1000F07D1D5
:10B7000047B1F9B20EA807F0E8F84446039FDAE61D
:10B710004446EDE73C46EBE724A90AA8FEF719FCEE
:10B72000A8B90024032E3FF425AF24A90AA8FEF7E8
:10B7300010FCD8B10AA8FEF7EAFB082102460498DB
:10B74000FEF7F2F890B10AA8FDF77DFEEDE70AA832
:10B75000FEF7DDFB082102460498FEF7E5F8002815
:10B76000DFD00AA8FDF76FFE0124DBE70136002CCD
:10B770007FF479AED9F8003043F00403C9F8003003
:10B7800050E70024F2E603266DE6029C0326EEE76E
:10B790000124EFE66C6AF9E6B2453FF402AF0AA86D
:10B7A000FEF7B5FB54F826308342E3D10AA8FDF733
:10B7B0004AFE0136EBE6002CDCD0F2E6F9B217E7E0
:10B7C000700000242DE9F04F9BB00AA981E80C001D
:10B7D000DDE9263903F16C040690204608F02CF9C7
:10B7E00004902046FDF7A0FD00F140030793836A13
:10B7F00005461BB1036B003B18BF0123029310AB3E
:10B800000E9300230F938DF840302B7C1BB1202129
:10B810000EA807F047F8002616AB202114A81493B1
:10B8200015968DF8586007F03DF805F1440308932C
:10B83000EB6B0D93B04637460396B24601960DABBF
:10B840009B5D042B62D8DFE813F07B0153013000CD
:10B85000F4000500DFF840B324A90AA8FEF779FB3D
:10B8600003460446002800F02E810AA80993FEF73B
:10B870004EFB0A21024605900898FDF7EDFD059A5A
:10B88000099B002800F00E81079BC41AA410DBF866
:10B89000003014A8195D07F020F87C1C039F0AA84B
:10B8A000FDF7D1FD03972746D6E7269BDB689A056F
:10B8B0001FD4BAF1010F1CD8DEB1012E0BD1029BAF
:10B8C000BBB99DF83430032B13D09DF83630012BD3
:10B8D0000FD00226B3E7022E40F046819DF83730A4
:10B8E000042B06D0029A002A00F03981032B40F085
:10B8F00038812B6A05934FF0000B24A90AA8FEF7A4
:10B9000028FB059B044618B99B4511D1012419E079
:10B910009B4517D00AA8FEF7FAFAEA6952F82B20DD
:10B92000824205D10AA8FDF78EFD0BF1010BE4E779
:10B93000BBF1000F40F01181269BDC6884F4007499
:10B94000C4F340240136042E40F0FD80BAF1010F0B
:10B9500040F21D81002C00F0F980019B002B00F0CB
:10B960000581EC6A012624A90AA8FEF7F2FA00284C
:10B9700040F0FE80B24540F0E980159B012B11D9C3
:10B980000022302114A807F02FFA024650B1431CC0
:10B9900008BF159A4FF0000108BF02F1FF3214A84A
:10B9A000FDF7F6FC019B3BB114990B78302B03D0CB
:10B9B0002D2214A807F00EF80F9BA3B1B8F1000FC9
:10B9C00000F0E8809DF80C100EA806F086FFD5E97F
:10B9D00002010EAA0EF062FC28B9D9F8003043F03B
:10B9E0000403C9F80030B8F1000F03D06B6B9F421D
:10B9F00040F0AC80289814A907F026F90AAC24A9D5
:10BA00002046FEF793FA28B1D9F8003043F002033C
:10BA1000C9F8003094E80300069B83E8030014A8EB
:10BA200006F047FE0EA806F044FE06981BB0BDE8DF
:10BA3000F08FAB6AABB92B6B3BB324A90AA8FEF716
:10BA400088FA044608B30AA8FEF761FAEB6A1B6895
:10BA500083421AD10AA8D5F830A0FDF7F4FC01946E
:10BA600070E724A90AA8FEF774FA04460028E2D079
:10BA70000AA8FEF74CFA6B6A1B688342DBD10AA85E
:10BA8000D5F828A0FDF7DFFC5CE7AB6A1BB9029B89
:10BA900083F0010456E72B6B002BF8D101230193AF
:10BAA0001C464FE76969914208D1B8F1000F05D1F2
:10BAB0006A6B002A08DD98460446F0E62B7C1BB131
:10BAC000AB69934205D00124159B002B08BF0024CD
:10BAD00038E7B8F1000F07D147B1F9B20EA806F068
:10BAE000FCFE4446039FDAE64446EDE73C46EBE7BE
:10BAF00024A90AA8FEF72DFAA8B90024032E3FF4C2
:10BB000025AF24A90AA8FEF724FAD8B10AA8FEF79F
:10BB1000FEF9082102460498FDF706FF90B10AA835
:10BB2000FDF791FCEDE70AA8FEF7F1F908210246BE
:10BB30000498FDF7F9FE0028DFD00AA8FDF783FC82
:10BB40000124DBE70136002C7FF479AED9F8003010
:10BB500043F00403C9F8003050E70024F2E603265E
:10BB60006DE6029C0326EEE70124EFE66C6AF9E637
:10BB7000B2453FF402AF0AA8FEF7C9F954F82630DF
:10BB80008342E3D10AA8FDF75EFC0136EBE6002C08
:10BB9000DCD0F2E6F9B217E7700000242DE9F0439B
:10BBA00091B006AC84E80C00DDE91B380CAA8C4689
:10BBB0009DF868100A920AAF00220293CDE903872C
:10BBC00005460B928DF8302008AE18AB19B393E8F8
:10BBD00003008DE80300614694E80C003046FFF74F
:10BBE00005FC96E80300DDF8289084E80300F3F7ED
:10BBF00033FD1D9908903346424648460DF058FFE4
:10BC000094E8030085E80300384606F052FD284614
:10BC100011B0BDE8F08393E803008DE803006146AE
:10BC200094E80C003046FFF7CDFDDAE72DE9F04F40
:10BC300091B006ACDDF874B09DF870A005460BF12C
:10BC40006C0084E80C00884607F0F6FE1E9BCDE9E8
:10BC500002B30AAF04971AAB814693E803008DE85C
:10BC600003000CAA0A9208AE00220B928DF8302035
:10BC7000414694E80C003046BAF1000F1DD0FFF7A2
:10BC8000B5FB96E803000B9E84E8030056B11F98AD
:10BC900031460DF0EBF90A991F9B8A191B6848463B
:10BCA000FDF7CAFB94E8030085E80300384606F078
:10BCB00000FD284611B0BDE8F08FFFF783FDE0E7F7
:10BCC000184B1A68D1075CBF01221A60164B1A681C
:10BCD000D2075CBF01221A60144B1A68D0075CBF00
:10BCE00001221A60124B1A68D1075CBF01221A6048
:10BCF000104B1A68D2075CBF01221A600E4B1A68FB
:10BD0000D0075CBF01221A600C4B1A68D1075CBFD8
:10BD100001221A600A4B1A68D2075CBF01221A601E
:10BD2000704700BF88CF012484CF012480CF012435
:10BD30007CCF012478CF012474CF012470CF01245B
:10BD40006CCF012408B50EF09BFE08B50EF098FEEE
:10BD500008B50EF095FE08B50EF092FE08B50EF08F
:10BD60008FFE08B50EF08CFE0FB408B50EF088FEFD
:10BD700008B50EF085FE000010B5034B03600446C5
:10BD800000F08CF8204610BD8C32060810B5044631
:10BD9000FFF7F2FF20460DF0B9FA204610BD000073
:10BDA00008B5836F0BB941F0010103694161194284
:10BDB00002D002480EF0D2FC08BD00BFE3690508BE
:10BDC00008B543691943FFF7EBFF08BD38B50446D2
:10BDD00008460D4600F098FEE067284600F00AFC91
:10BDE000C4F88000284600F0F9FBC4F8840038BD90
:10BDF00038B504460D460EF02AF804F16C012046D1
:10BE0000FFF7E4FF0023A567B5FA85F56D09A4F8EF
:10BE1000743023672361656138BD00000F4B10B596
:10BE200000F1240103600023C0E90133C0E90333BA
:10BE3000C0E90533C0E9073304460A466430C2E965
:10BE4000003308328242FAD10823C4E9193104F1DF
:10BE50006C00F4F75FF9204610BD00BFB032060851
:10BE600070B5846905460E4604B970BDD4E9013247
:10BE70002946304698472468F6E738B50446806975
:10BE800010B90023A36138BDC3685A1EC260002BDD
:10BE9000F7D105680DF03AFA2846F1E70C4B10B5DA
:10BEA000002104460360FFF7DBFF2046FFF7E5FFB4
:10BEB000A06E04F12403984204D008B10DF028FAD2
:10BEC0000023A36604F16C00F3F720FC204610BDAC
:10BED000B032060810B50446FFF7E0FF20460DF02B
:10BEE00015FA204610BD000010B5064B0360002374
:10BEF0004360054B044640F8083FFFF7CFFF20465C
:10BF000010BD00BFE83206088C320608D0F800C029
:10BF1000ACF10C0CDCF800C06044E5E710B5044659
:10BF2000FFF7E2FF20460DF0F1F9204610BDD0F8F2
:10BF300000C0ACF10C0CDCF800C06044EEE700007F
:10BF400010B5044681B10B4B036008221433A35093
:10BF5000002363608B0705D52046074B40F8083F58
:10BF6000FFF79CFF204610BD10682060536850F812
:10BF70000C2CECE7E83206088C3206080A46002151
:10BF8000FFF7DEBFF8B5002303700B6853F80C3CD5
:10BF90000B4416465A6905460C46002A32D1186FE2
:10BFA00008B105F0A2FF236853F80C3C56BB2344AC
:10BFB000DA68D10426D59E6F304606F01BFB236855
:10BFC00053F80C3C2344DF6F27B9FFF7C1FE30461E
:10BFD00006F019FB421C04D0BA69C3B2D35C19073E
:10BFE000F5D4421C534253415B00226852F80C0CBA
:10BFF000204442691A4307D043F00401FFF7E0FEF2
:10C000002846F8BD0023F0E701232B70F8E783688A
:10C01000587C70478368987C70478368D86A7047FB
:10C020008368186B82B002B070478368586B82B027
:10C0300002B070478368587C70478368987C70476B
:10C040008368D86A70478368186B82B002B0704703
:10C050008368586B82B002B07047836893F82400FD
:10C060007047836893F825007047002070470020D0
:10C07000704770470020914200D3704711F8013B90
:10C0800003EB7060F7E7000010B5034B0360044654
:10C09000F3F7BFFA204610BDF836060810B5034B7B
:10C0A00003600446F3F7B5FA204610BD343706089E
:10C0B00010B5034B03600446F3F7ABFA204610BDFE
:10C0C0003438060810B5034B03600446F3F7A1FAB1
:10C0D000204610BD4C38060810B5034B03600446DB
:10C0E000F3F797FA204610BD6437060810B5034BE6
:10C0F00003600446F3F78DFA204610BD6438060845
:10C1000010B5034B03600446F3F783FA204610BDD5
:10C110007838060810B50446FFF7B6FF20460DF044
:10C12000F5F8204610BD10B50446FFF7B7FF2046CE
:10C130000DF0ECF8204610BD10B50446FFF7B8FF2F
:10C1400020460DF0E3F8204610BD10B50446FFF779
:10C15000B9FF20460DF0DAF8204610BD10B50446B0
:10C16000FFF7BAFF20460DF0D1F8204610BD10B5FC
:10C170000446FFF7BBFF20460DF0C8F8204610BD6F
:10C1800010B50446FFF7BCFF20460DF0BFF820466F
:10C1900010BD000010B5054B044640F8083B0DF0FB
:10C1A000E1FC2046F3F735FA204610BDEC370608CF
:10C1B00010B50446FFF7EEFF20460DF0A7F8204625
:10C1C00010BD000010B5054B044640F8083B0DF0CB
:10C1D000C9FC2046F3F71DFA204610BDB836060804
:10C1E00010B50446FFF7EEFF20460DF08FF820460D
:10C1F00010BD000038B50D4B036005690446F3F728
:10C2000035FA854203D015B128460DF081F8A068B3
:10C2100010B103685B68984704F10C000DF0A2FCB4
:10C220002046F3F7F6F9204638BD00BF74370608FC
:10C2300010B50446FFF7DEFF20460DF067F82046F4
:10C2400010BD000088422DE9F04104460D4618D08B
:10C25000A0B1A1EB000840460021F7F791FA00F1E8
:10C260000C070646214638462A46F7F7F5F94146B7
:10C270003046F7F779FA3846BDE8F0810248FFF713
:10C280006AFD024FF7E700BF4A68050810CF012496
:10C29000D0E902218A4202D20132826070470368EB
:10C2A0009B6A18470A2808D82F2918D93030C0B2FD
:10C2B000814214D2A1F130007047A1F13003092B63
:10C2C000F8D9A1F16103052B02D8A1F157007047FD
:10C2D000A1F14103052B02D8A1F1370070474FF0BF
:10C2E000FF30704710B504460068FFF7D1FF4FF0EC
:10C2F000FF33636010BD70B5054616460C4649B164
:10C300000846E4F74DF8211832462046FFF79AFF19
:10C31000286070BD4FF0FF31F6E713B58B6801AAB6
:10C32000D9690446FFF7E7FF204602B010BD13B5F8
:10C330008B6801AA59690446FFF7DDFF204602B069
:10C3400010BD13B58B6801AA99680446FFF7D3FFA7
:10C35000204602B010BD13B58B6801AA596A044685
:10C36000FFF7C9FF204602B010BD13B58B6801AAC4
:10C37000D9690446FFF7BFFF204602B010BD13B5D0
:10C380008B6801AA59690446FFF7B5FF204602B041
:10C3900010BD13B58B6801AA99680446FFF7ABFF7F
:10C3A000204602B010BD13B58B6801AA596A044635
:10C3B000FFF7A1FF204602B010BD13B58B6801AA9C
:10C3C000D9690446FFF797FF204602B010BD13B5A8
:10C3D0008B6801AA59690446FFF78DFF204602B019
:10C3E00010BD13B58B6801AA99680446FFF783FF57
:10C3F000204602B010BD50F80C0C704710B5FFF786
:10C40000FAFF0C46A0421146034603D202482246D8
:10C41000FFF7AAFC204610BDBC6805082DE9F041D5
:10C42000076815460446094A38460E46FFF7E6FFF8
:10C4300001463846FFF7DFFF821BAA4228BF2A4683
:10C4400020460023BDE8F041F7F70ABA1E69050847
:10C4500007B5006801A90C38F7F7DEF903B05DF8FD
:10C4600004FB2DE9F0411F46037F012B04460D46D6
:10C47000164607D1914213D03846521ABDE8F04112
:10C4800012F0FFBA0BB9F7F778FF2368D3F81CE076
:10C4900032463B4629462046F446BDE8F041604717
:10C4A000BDE8F0810B4611461A460BB1E3F728BFF1
:10C4B000184670472DE9F74315461C46244B036088
:10C4C0006A460746884628462146FFF7BBFE0646D1
:10C4D0000190FFF790FF641B640006EB0009204603
:10C4E0000CF086FF054632462346294640460DF0AD
:10C4F00099FC844202460FD8441C15B128460CF022
:10C5000007FF20460CF074FF3246014605462346DD
:10C5100040460DF087FC024629463846F7F710FBE7
:10C520003046E3F73DFF3044814505D0461C0021ED
:10C530003846F7F798FBD6E715B128460CF0E8FE29
:10C5400001A8FFF785FF384603B0BDE8F08300BFC0
:10C5500010CF01242DE9F04385B0804608461146EE
:10C5600003AA1C46FFF76EFE0C990290814601AAB1
:10C570002046FFF767FE054603904846FFF73BFF5E
:10C5800009EB00072846FFF736FF2E182A464946D2
:10C5900040460DF03CFC044670B94846E3F700FF06
:10C5A00081442846E3F7FCFE4F4505EB00040DD11E
:10C5B000341B18BF4FF0FF3403A8FFF749FF02A850
:10C5C000FFF746FF204605B0BDE8F083A64203D042
:10C5D00009F10109651CD9E70124EDE710B504460E
:10C5E0000348F3F7B9F823685B6853F8200010BDDF
:10C5F00008D0012410B504460348F3F7ADF82368CA
:10C600005B6853F8200010BD04D00124F0B589B058
:10C6100006AE86E80C00139A0B680592129A0492F3
:10C62000119A03929DF8402002920EAA04460D46EC
:10C6300092E803008DE8030020469F68294696E8AB
:10C640000C00B847204609B0F0BDF0B589B006AE81
:10C6500086E80C00139A0B680592129A0492119ABC
:10C6600003929DF8402002920EAA04460D4692E8DD
:10C6700003008DE803002046DF68294696E80C0099
:10C68000B847204609B0F0BD70B586B004AC84E868
:10C690000C009DF8302002920B9A01920B689DF8D5
:10C6A000282000929E6894E80C000546B047284672
:10C6B00006B070BD70B586B004AC84E80C000D9A6D
:10C6C00003929DF8302002920B9A01920B689DF81C
:10C6D00028200092DE6894E80C000546B047284602
:10C6E00006B070BD00390B4A026018BF012100225C
:10C6F000C0E90222C0E90522C0E90722C0E90922F7
:10C70000C0E90B22416002828274426380F84320B8
:10C71000704700BF7417060800390B4A026018BF43
:10C7200001210022C0E90222C0E90522C0E9072256
:10C73000C0E90922C0E90B2241600282827442638F
:10C7400080F84320704700BF6417060803689B68A1
:10C7500018470368DB68184710B50B6804461B6967
:10C760009847204610BD10B50B6804465B69984792
:10C77000204610BD10B50B6804469B6998472046BB
:10C7800010BD10B50B680446DB699847204610BD04
:10C7900003681B6A184703685B6A82B002B01847D7
:10C7A00003689B6A82B002B0184703689B68184709
:10C7B0000368DB68184710B50B6804461B69984787
:10C7C000204610BD10B50B6804465B6998472046AB
:10C7D00010BD10B50B6804469B699847204610BDF4
:10C7E00010B50B680446DB699847204610BD036806
:10C7F0001B6A184703685B6A82B002B01847036877
:10C800009B6A82B002B018470039084A026018BF1C
:10C8100001210022C0E90222C0E90522C0E9072265
:10C8200041600274828480F864207047A41706086F
:10C8300003689B6818470368DB68184710B50B68E6
:10C8400004461B699847204610BD10B50B68044686
:10C850005B699847204610BD10B50B6804469B697C
:10C860009847204610BD0000003A084B18BF01222F
:10C8700010B54260036081600446F2F7F7FE0021C4
:10C88000206120460DF03CFD204610BD743706089F
:10C8900083689A680A60DB684B60704783681A692E
:10C8A0000A605B694B60704783689A690A60DB695C
:10C8B0004B60704783681A6A0A605B6A4B60704716
:10C8C0008368DA6A0A601A6B4A605A6B8A609A6BEC
:10C8D000CA60DA6B0A611A6C4A615B6C8B617047E3
:10C8E00083689A6C0A60DA6C4A601A6D8A605A6DC5
:10C8F000CA609A6D0A61DA6D4A611B6E8B6170477E
:10C9000083685A6E0A609A6E4A60DA6E8A601A6F9D
:10C91000CA605A6F0A619A6F4A61DA6F8A61D3F806
:10C920008020CA61D3F884200A62D3F888204A6242
:10C93000D3F88C208A62D3F89030CB62704783683A
:10C94000D3F894200A60D3F898204A60D3F89C204A
:10C950008A60D3F8A020CA60D3F8A4200A61D3F873
:10C96000A8204A61D3F8AC208A61D3F8B020CA610C
:10C97000D3F8B4200A62D3F8B8204A62D3F8BC20B6
:10C980008A62D3F8C030CB62704703689B6818474F
:10C99000F0B589B006AE86E80C00129A0B680492D6
:10C9A000119A0392109A02920EAA04460D4692E83A
:10C9B00003008DE803002046DF68294696E80C0056
:10C9C000B847204609B0F0BDF0B589B006AE86E89C
:10C9D0000C00129A0B680492119A0392109A029218
:10C9E0000EAA04460D4692E803008DE80300204697
:10C9F0001F69294696E80C00B847204609B0F0BDEB
:10CA0000F0B589B006AE86E80C00129A0B68049265
:10CA1000119A0392109A02920EAA04460D4692E8C9
:10CA200003008DE8030020465F69294696E80C0064
:10CA3000B847204609B0F0BDF0B589B006AE86E82B
:10CA40000C00129A0B680492119A0392109A0292A7
:10CA50000EAA04460D4692E803008DE80300204626
:10CA60009F69294696E80C00B847204609B0F0BDFA
:10CA7000F0B589B006AE86E80C00129A0B680492F5
:10CA8000119A0392109A02920EAA04460D4692E859
:10CA900003008DE803002046DF69294696E80C0074
:10CAA000B847204609B0F0BD003910B5054B03600A
:10CAB00018BF012141600446F2F7CEFDA060204678
:10CAC00010BD00BFEC37060803689B68184773B5B4
:10CAD000079E01960D68069E0096ED680446A847DD
:10CAE000204602B070BD03681B69184710B4046883
:10CAF000A468A4465DF8044B604738B50D68044649
:10CB0000ED68A847204638BD10B504460348F2F743
:10CB100023FE23685B6853F8200010BD28CF012452
:10CB200008B5FFF7F1FF08B9FFF712F908BD0000DB
:10CB300010B504460348F2F70FFE23685B6853F80C
:10CB4000200010BDF0CF012408B5FFF7F1FF08B9B0
:10CB5000FFF7FEF808BD00002DE9F043044685B05C
:10CB600008468846FFF7F0FF0146054601A8FFF793
:10CB700065FE0198FFF73FFCE0600CF039FC0023F4
:10CB80000146E268064601A8F6F7A8FDE3682BB166
:10CB900096F90030002BD4BF0023012323742946CB
:10CBA00002A8FFF752FE0298FFF725FCA0610CF0E7
:10CBB0001FFCA26900238146014602A8F6F78EFDFC
:10CBC000294603A8FFF748FE0398FFF714FC2062EC
:10CBD0000CF00EFC226A01460023074603A8F6F774
:10CBE0007DFD2846FFF724FE84F824002846FFF741
:10CBF00022FE84F825004046FFF792FF124B196889
:10CC000004F1260301F124020546FFF72AFC0F4B2D
:10CC10001968284601F11A0204F14A03FFF721FCC2
:10CC2000012384F8643003A8A660C4F81490E76177
:10CC3000FFF70EFC02A8FFF70BFC01A8FFF708FCAA
:10CC400005B0BDE8F08300BF680000246C0000243C
:10CC50002DE9F04105460F48F2F77EFD2B68DF68AD
:10CC600057F820800446B8F1000F0FD16820F2F782
:10CC700023FC41460646FFF7C7FD29463046FFF72D
:10CC80006BFF286822463146F2F720FE57F8240051
:10CC9000BDE8F081F0CF012410B504460348F2F757
:10CCA0005BFD23685B6853F8200010BDF8CF0124BA
:10CCB00008B5FFF7F1FF08B9FFF74AF808BD000013
:10CCC00010B504460348F2F747FD23685B6853F844
:10CCD000200010BDF4CF012408B5FFF7F1FF08B91B
:10CCE000FFF736F808BD000010B504460948F2F712
:10CCF00033FD2368D3E90123984209D252F820007A
:10CD000030B1BDE81040044A044900230CF002BBD6
:10CD1000002010BDECCF012408340608740F06086B
:10CD200008B5FFF7E1FF08B9FFF712F808BD2DE9D4
:10CD3000F043DDE9076400252F4603F1FF3E12F8BA
:10CD400007C0A4EB0608E04502EB070309DC471E19
:10CD5000A64212D14044013D14D2934221D1BDE8F4
:10CD6000F0834FFA8CF9B9F1000FF0DDBE45A4EB6A
:10CD70000C048CBF01370135E1E716F801CB07F849
:10CD800001CFE5E701701E78074604EB060C644509
:10CD900002D101363044DEE714F801EB07F801EF69
:10CDA000F5E7017013F8015D06466719BC4202D130
:10CDB00001352844D1E714F801CB06F801CFF5E797
:10CDC000F7B5DDE9087408461946DDE90A36BFB152
:10CDD000FD1A03EB050CCDE9003C13460246204644
:10CDE000FFF7A5FF041B47B13268521B02D039463A
:10CDF00011F047FE33685B1B1C44346003B0F0BD88
:10CE00003568E6E773B5099CDDE907500E4619461B
:10CE100023680344CDE90003134628463246FFF752
:10CE200086FF401B206002B070BD2DE9F8431D460F
:10CE3000C368DDE9087603F0B003202B8946144669
:10CE4000A7EB06070ED126B132462946204611F03F
:10CE500018FE002F51D03A464946A019BDE8F843C4
:10CE60000FF0D0BF102B11D04FF0000827B13A4679
:10CE7000494620460FF0C6FFB6EB08023DD005EB51
:10CE80000801E019BDE8F84311F0FBBD6C30FFF775
:10CE900047FE2D218046F7F7A9FF2B78834205D165
:10CEA0002B7804F8013B4FF00108DFE72B214046C7
:10CEB000F7F79CFF2B788342F2D030214046F7F7FA
:10CEC00095FF2B788342CFD1012ECDDD78214046CE
:10CED000F7F78CFF6B78834207D12B7823706B7840
:10CEE00063704FF002080234C0E758214046F7F75C
:10CEF0007DFF6B788342B7D1EFE7BDE8F88337B5A4
:10CF0000089D18462B681446CDE90023DDE9062369
:10CF1000FFF78BFF2C6003B030BD70B59DF810405B
:10CF20007CB103460A26B1FBF6F506FB1514144442
:10CF3000247903F8014D0C46092C2946F3D8C01A70
:10CF400070BD03F04A04402C09D1034601F00704E8
:10CF50001444C908247903F8014DF7D1EFE713F41D
:10CF6000804F0CBF042414240346224401F00F0414
:10CF70000909145D03F8014DF8D1E0E72DE9F0410E
:10CF800014469DF820201D460746DDE90683AAB118
:10CF90000646204629460A220023E3F7D3FC4244F2
:10CFA000137906F8013D22462B460A2A73F1000345
:10CFB00004460D46EDD2B81BBDE8F08103F04A02ED
:10CFC000402A0ED1064604F007034344E4081B79C7
:10CFD00006F8013D44EA4574ED0854EA0503F2D130
:10CFE000E9E713F4804F0CBF04231423064698444A
:10CFF00004F00F03240918F8033006F8013D44EA51
:10D0000005742D0954EA0503F2D1D4E738B5044676
:10D010000868FFF7F0F920600D460CF0E9F9226886
:10D020006060014600232846F6F758FB204638BDCD
:10D030002DE9F041044688B008468846FFF738FEDF
:10D040000546014606A8FFF78EFB06A902A8FFF7D2
:10D05000DDFF06A8FFF7FCF9294606A8FFF78AFBC3
:10D0600006A904A8FFF7D2FF06A8FFF7F1F92946A1
:10D0700001A8FFF786FB01A906A8FFF7C7FF01A8D3
:10D08000FFF7E6F9294601A8FFF766FB0198FFF7CD
:10D09000B2F906460CF0ACF90023074601463246C9
:10D0A00001A8F6F71BFBC4E902762EB197F90060E0
:10D0B000002ED4BF0026012626742846FFF746FB23
:10D0C00060742846FFF745FB039B6361029BA361E5
:10D0D000059BE361049B2362079B6362069BA3623B
:10D0E000A0742846FFF754FBE0622846FFF753FB85
:10D0F00020632846FFF754FB60634046FFF710FDAE
:10D10000084B196804F1380301F10B02FFF7A9F984
:10D11000012384F8433001A8FFF79AF908B0BDE86D
:10D12000F08100BF700000242DE9F04105460F4852
:10D13000F2F712FB2B68DF6857F820800446B8F13D
:10D14000000F0FD14420F2F7B7F941460646FFF72A
:10D15000C9FA29463046FFF76BFF28682246314658
:10D16000F2F7B4FB57F82400BDE8F081F8CF0124B2
:10D1700038B504460868FFF73EF920600D460CF00C
:10D1800037F922686060014600232846F6F7A6FAC0
:10D19000204638BD2DE9F041044688B0084688464F
:10D1A000FFF79AFD0546014606A8FFF70BFB06A907
:10D1B00002A8FFF7DDFF06A8FFF74AF9294606A8EF
:10D1C000FFF707FB06A904A8FFF7D2FF06A8FFF7A1
:10D1D0003FF9294601A8FFF703FB01A906A8FFF7BD
:10D1E000C7FF01A8FFF734F9294601A8FFF7E3FAC2
:10D1F0000198FFF700F906460CF0FAF800230746FD
:10D200000146324601A8F6F769FAC4E902762EB162
:10D2100097F90060002ED4BF002601262674284608
:10D22000FFF7C3FA60742846FFF7C2FA039B6361F5
:10D23000029BA361059BE361049B2362079B6362DE
:10D24000069BA362A0742846FFF7D1FAE062284645
:10D25000FFF7D0FA20632846FFF7D1FA6063404613
:10D26000FFF75EFC084B196804F1380301F10B026B
:10D27000FFF7F7F8012384F8433001A8FFF7E8F837
:10D2800008B0BDE8F08100BF700000242DE9F04136
:10D2900005460F48F2F760FA2B68DF6857F82080E0
:10D2A0000446B8F1000F0FD14420F2F705F94146CA
:10D2B0000646FFF731FA29463046FFF76BFF28682C
:10D2C00022463146F2F702FB57F82400BDE8F08110
:10D2D000F4CF01242DE9F04F8DB004AFC7E9011060
:10D2E000BE6CD7F8508007F1100106F16C0081E8A0
:10D2F0000C00FFF7ADFCF56805F04A0A00F12603C3
:10D3000086B0BAF1400F0446FB600DF1100B4146A8
:10D3100068D0B8F1000F5DDDBAF1080918BF4FF011
:10D320000109CDF80090FA682B460BF11400FFF7C5
:10D33000F4FD227CF861C0F114035B44B2B14000FB
:10D34000093020F00700ADEB000D0DF1120B07F1D5
:10D350001C0194F82520CDE90231CDE9006B13467C
:10D360007868D4E90212FFF74DFD5B46FA69B9F11E
:10D37000000F3DD0B8F1000F37DB280506D594F833
:10D38000271003F8011C0132FA61013BB268F96908
:10D39000914211DAD11D21F00701ADEB010D07F12A
:10D3A0001C01CDE9013104AC0094334697F84C10D0
:10D3B0007868FFF7A4FD23460022B260FA69009264
:10D3C000D7E90412B868F7F7D7FEB8682437BD4626
:10D3D000BDE8F08FBAF1080F04D0C8F100014FF09A
:10D3E00001099EE74FF000099BE794F82610C8E773
:10D3F000A905CBD5B8F1000FC8D0BAF1400F02D1C2
:10D4000094F82A10BDE7F968C5F380352944023243
:10D41000897803F8011C94F82A1003F8021CFA61B9
:10D42000023BB3E730B587B004AC84E80C000C9B3A
:10D4300002939DF82C3001930A9B009394E80C0012
:10D440000546FFF747FF284607B030BD2DE9F04FEE
:10D450008DB004AF07F11005D7F8489097F85060E9
:10D46000B86085E80C00D9F80C2097F84C30FA60C9
:10D4700012F0010F07F1180416D1CDE90136CDF8ED
:10D48000009095E80C002046FFF724FF94E8030085
:10D490003861397595E80300BB68243783E80300D9
:10D4A0001846BD46BDE8F08F09F16C007B60FFF7C0
:10D4B000CFFB7B687EB3D0E905A8D9F80860B045FA
:10D4C0003BDAA6EB0806F21D22F00702ADEB020DD7
:10D4D0000DF1100B1946324658460FF093FC00230D
:10D4E000C9F80830FB6803F0B003202B16D1CDF843
:10D4F000008095E8060053462046F7F73DFE94E885
:10D5000003005B4638613975009695E806002046B1
:10D51000F7F732FEBAE7D0E907A8CEE7009695E81C
:10D52000060020465B46F7F727FE94E803003861C3
:10D530003975CDF800805346E7E70023C9F8083075
:10D54000F7E72DE9F04F8BB004AFC7E900103D6C51
:10D5500007F1080105F16C0081E80C00FFF778FB8A
:10D56000EE6806F04A0986B0B9F1400F044600F1B2
:10D5700026080DF1100B60D0B9F1080A18BF4FF062
:10D58000010ACDF800A033464246B96C0BF11400F5
:10D59000FFF7C3FC227C7861C0F114035B44B2B195
:10D5A0004000093020F00700ADEB000D0DF1120B2B
:10D5B00007F1140194F82520CDE90231CDE9005B93
:10D5C00013463868D4E90212FFF71CFC5B46BAF137
:10D5D000000F0ED1B2050CD5BA6C52B1B9F1400FA3
:10D5E0007A692DD194F82A1003F8011C01327A616E
:10D5F000013BAA687969914211DAD11D21F0070136
:10D60000ADEB010D07F11401CDE9013104AC00943B
:10D610002B4697F844103868FFF771FC2346002228
:10D62000AA607A690092D7E902127868F7F7A4FD38
:10D6300078681C37BD46BDE8F08F4FF0000AA0E7C0
:10D64000C6F3803608EB06010232897803F8011C24
:10D6500094F82A1003F8021C7A61023BC9E730B53E
:10D6600087B004AC84E80C000C9B02939DF82C302E
:10D6700001930A9B009394E80C000546FFF761FFB5
:10D68000284607B030BD2DE9F04188B004AC0E9EAD
:10D69000D6F80C8084E80C0028F4804323F04A0379
:10D6A00043F40273F360109B02939DF83C30CDE984
:10D6B000006306AF054694E80C003846FFF741FFCB
:10D6C00097E8030004908DF8141094E8030085E8AF
:10D6D00003002846C6F80C8008B0BDE8F0812DE9AB
:10D6E000F04F8DB004AFC7E9011007F1100181E8D8
:10D6F0000C00BB6C03F16C00D7E91486FFF7A8FAA5
:10D7000000F12603FB60BB6CDD6805F04A0A8AB0B5
:10D71000BAF1400F04460DF1100B424633466FD06C
:10D72000B8F1010F76F1000160DBBAF1080918BF0A
:10D730004FF00109CDE90159F96800910BF128007A
:10D74000FFF71CFC227CF861C0F128035B44C2B1E6
:10D750004000093020F00700ADEB000D07F11C017F
:10D7600094F82520CDE902310DF1120BCDF804B06B
:10D77000BB6C009378681346D4E90212FFF742FBB2
:10D780005B46FA69B9F1000F40D0002E3BDB28055B
:10D7900006D594F8271003F8011C0132FA61013B09
:10D7A000BA6CF9699268914211DAD11D21F0070132
:10D7B000ADEB010D07F11C01CDE9013104AC009482
:10D7C000BB6C97F84C107868FFF799FB2346B96C4F
:10D7D00000228A60FA690092D7E90412B868F7F764
:10D7E000CBFCB8682437BD46BDE8F08FBAF1080F0E
:10D7F00006D0D8F1000266EB46034FF0010999E725
:10D800004FF0000996E794F82610C4E7A905C7D59C
:10D8100058EA0606C4D0BAF1400F02D194F82A1093
:10D82000B9E7F968C5F3803529440232897803F8ED
:10D83000011C94F82A1003F8021CFA61023BAFE7BE
:10D8400030B587B004AC84E80C00DDE90C23CDE9E9
:10D8500002239DF82C3001930A9B009394E80C005E
:10D860000546FFF73CFF284607B030BD2DE9F04FD5
:10D870008DB004AFC7E90210BD6C07F1100181E85B
:10D880000C003B6D7B6005F16C007B6D3B60FFF72E
:10D89000DFF9EE6806F04A098AB0B9F1400F044694
:10D8A00000F126080DF1100B63D0B9F1080A18BF7A
:10D8B0004FF0010ACDE9016ACDF80080D7E90032C6
:10D8C0000BF12800FFF75AFB227CF861C0F1280316
:10D8D0005B44B2B14000093020F00700ADEB000D11
:10D8E0000DF1120B07F11C0194F82520CDE902314E
:10D8F000CDE9005B1346B868D4E90212FFF782FA5B
:10D900005B46BAF1000F10D1B2050ED5D7E900126F
:10D910000A430AD0B9F1400FFA692DD194F82A10C0
:10D9200003F8011C0132FA61013BAA68F9699142CE
:10D9300011DAD11D21F00701ADEB010D07F11C013A
:10D94000CDE9013104AC00942B4697F84C10B8682F
:10D95000FFF7D5FA23460022AA60FA690092D7E9B8
:10D960000412F868F7F708FCF8682437BD46BDE8EC
:10D97000F08F4FF0000A9DE7C6F3803608EB0601F2
:10D980000232897803F8011C94F82A1003F8021C6B
:10D99000FA61023BC9E730B587B004AC84E80C00FB
:10D9A000DDE90C23CDE902239DF82C3001930A9B7D
:10D9B000009394E80C000546FFF758FF284607B08F
:10D9C00030BD2DE9F04F2DED028BB0EE408B91B0C4
:10D9D00004AF07F110093D6E89E80C0005F16C03F6
:10D9E000C7E901101846FB60FFF732F9D5F804804B
:10D9F00097F86820B8F1000F064607F12001284685
:10DA0000B8BF4FF006080CF089FAEB6803F4827A8D
:10DA10008CB0BAF5827F04AC00F0B480F1F71CFE44
:10DA200007F12003F8612D228DED028BCDF80080E7
:10DA3000214607F11C00F7F79BF9B861BB692C2B55
:10DA40001BDD03F1010B083323F00703ADEB030DDE
:10DA5000BAF5827F04AC00F0A380F1F7FDFD07F179
:10DA60002003F8615A468DED028BCDF800802146E7
:10DA700007F11C00F7F77CF9B861F868FFF750F878
:10DA8000BA69D31D23F00703ADEB030D0DF1170A9F
:10DA90004FEADA082AF0070A224421465346FEF7E5
:10DAA000E0FCD7F818B02E2259462046FEF7FAFCC3
:10DAB00030B1031B96F8242003F838200AEB03004A
:10DAC000337C002B37D058B9BBF1020F08DD6278E8
:10DAD000392A30D8A378303B092B2CD82F2A2AD9C1
:10DAE0004FEA4B03073323F00703ADEB030D237815
:10DAF0002D2B0DF1100801D02B2B5FD19AF800309F
:10DB000088F800300BF1FF33BB61012407F11802E4
:10DB100096F8253003920AEB0402029208EB040205
:10DB2000CDE90002D6E902127868FFF749F9BB692E
:10DB30002344BB61C246AA68BB69934211DAD31D74
:10DB400023F00703ADEB030D07F11803CDE901A3A3
:10DB500004AC009497F8641078682B46FFF7CFF96F
:10DB6000A2460023AB60BB690093B86899E8060041
:10DB70005346F7F701FBB8683437BD46BDEC028B5E
:10DB8000BDE8F08FF1F768FD07F12003F8612D2261
:10DB90008DED008B214607F11C00F7F7E9F84CE703
:10DBA000F1F75AFD07F12003F8615A468DED008B1D
:10DBB000214607F11C00F7F7DBF85DE70024A5E735
:10DBC00030B587B004AC84E80C00002302939DF8C4
:10DBD0002C3001930A9B009394E80C000546FFF754
:10DBE000F0FE284607B030BD2DE9F04F2DED028B39
:10DBF000B0EE408B91B004AF07F110093D6E89E89B
:10DC00000C0005F16C03C7E901101846FB60FFF733
:10DC10001FF8D5F8048097F86820B8F1000F064681
:10DC200007F120012846B8BF4FF006080CF076F93E
:10DC3000EB6803F4827A8CB0BAF5827F04AC00F012
:10DC4000B480F1F709FD07F12003F8612D228DED75
:10DC5000028BCDF80080214607F11C00F7F788F809
:10DC6000B861BB692C2B1BDD03F1010B083323F0DA
:10DC70000703ADEB030DBAF5827F04AC00F0A3807F
:10DC8000F1F7EAFC07F12003F8615A468DED028BAB
:10DC9000CDF80080214607F11C00F7F769F8B8615C
:10DCA000F868FEF73DFFBA69D31D23F00703ADEB1B
:10DCB000030D0DF1170A4FEADA082AF0070A224489
:10DCC00021465346FEF7CDFBD7F818B02E22594611
:10DCD0002046FEF7E7FB30B1031B96F8242003F83B
:10DCE00038200AEB0300337C002B37D058B9BBF146
:10DCF000020F08DD6278392A30D8A378303B092B2F
:10DD00002CD82F2A2AD94FEA4B03073323F00703D5
:10DD1000ADEB030D23782D2B0DF1100801D02B2B2B
:10DD20005FD19AF8003088F800300BF1FF33BB6107
:10DD3000012407F1180296F8253003920AEB040239
:10DD4000029208EB0402CDE90002D6E902127868DB
:10DD5000FFF736F8BB692344BB61C246AA68BB69BA
:10DD6000934211DAD31D23F00703ADEB030D07F146
:10DD70001803CDE901A304AC009497F86410786807
:10DD80002B46FFF7BCF8A2460023AB60BB690093AB
:10DD9000B86899E806005346F7F7EEF9B8683437E3
:10DDA000BD46BDEC028BBDE8F08FF1F755FC07F1E5
:10DDB0002003F8612D228DED008B214607F11C0018
:10DDC000F6F7D6FF4CE7F1F747FC07F12003F861BF
:10DDD0005A468DED008B214607F11C00F6F7C8FF6F
:10DDE0005DE70024A5E730B587B004AC84E80C00FB
:10DDF0004C2302939DF82C3001930A9B009394E8E6
:10DE00000C000546FFF7F0FE284607B030BD0000C5
:10DE10002DE9F04F8FB006A9189F059007F16C040B
:10DE2000204681E80C009DF86480FEF779FE0546E7
:10DE30002046FFF72BFA1A9B90F838201B681978B8
:10DE40009142044607D0026B0992D0F82090C26933
:10DE500003921E460BE0426BD0F828900992426A6A
:10DE600003921846FEF7C7FA0028F2D05E1C184647
:10DE7000FEF7C1FAA9693044334698421D4605D9D8
:10DE80002A788A5C520703F10103F6D4AD1BAA4637
:10DE9000002D00F0BD80794B0A9369000AA8F5F7C0
:10DEA00004FEE36AA5EB030BBBF1000F29DD15EAC5
:10DEB000230538BF5D46E368002B5BD00A98FEF768
:10DEC0009AFA0021024600916B000AA8F5F752FD6C
:10DED0000AA8F5F725FD7319A17C0A98CDE900631E
:10DEE000D4E90223FEF723FF83460AA8F5F718FDBD
:10DEF0000A994FF0FF32ABEB01010AA8FEF78EFA48
:10DF0000AB46E36A002B0CDD617C0AA8F5F7ABFE9B
:10DF1000BBF1000F34DBE26A06EB0B010AA8F5F750
:10DF20000FFEFD680A9805F0B0030493FEF763FA4C
:10DF300015F4007518BFA569504B0B934844054470
:10DF400069000BA8F5F7B1FD049BBE68102B21D129
:10DF5000B5422CBF4FF0000B4FF0010B4FF0000A01
:10DF600009AB13F80A30042B1FD8DFE803F0756AF9
:10DF7000165C65002A4631460AA8F5F73BFDBFE767
:10DF800094F83920CBF100010AA8F5F717FE5246A4
:10DF90003146C3E74FF0000BE0E7FB689B0504D573
:10DFA000D4E905120BA8F5F7CBFD0AF1010ABAF185
:10DFB000040FD5D1B9F1010F06D9039909F1FF3248
:10DFC00001310BA8F5F7BCFD0B9D2846FEF713FAAF
:10DFD00086420AD9049B202BA6EB000440D142467E
:10DFE00021460BA8F5F7EAFD30460CACDDE9061238
:10DFF0000B9B00902046F7F7BFF894E803000690CB
:10E000000BA88DF81C10FEF723FA0AA8FEF720FAD9
:10E01000DDE906010023BB60059B83E80300184689
:10E020000FB0BDE8F08FB9F1000FBED0039B197897
:10E030000BA8F5F718FEB8E70AA90BA8F5F754FDE9
:10E04000B3E7BBF1000F05D04246711B0BA8F5F7F3
:10E05000B5FDAAE74146EBE7BBF1000FA5D0F3E71A
:10E06000074A00212846FEF7C9F9CDF8008001468D
:10E07000234600220BA8F5F77DFCB5E710CF01245D
:10E08000B06905082DE9F04F8FB006A9189F0590DB
:10E0900007F16C04204681E80C009DF86480FEF7CF
:10E0A0003FFD05462046FFF73FF81A9B90F83820C1
:10E0B0001B6819789142044607D0026B0992D0F888
:10E0C0002090C26903921E460BE0426BD0F8289064
:10E0D0000992426A03921846FEF78DF90028F2D0A1
:10E0E0005E1C1846FEF787F9A9693044334698420A
:10E0F0001D4605D92A788A5C520703F10103F6D43C
:10E10000AD1BAA46002D00F0BD80794B0A93690033
:10E110000AA8F5F7CAFCE36AA5EB030BBBF1000FF5
:10E1200029DD15EA230538BF5D46E368002B5BD087
:10E130000A98FEF760F90021024600916B000AA8D8
:10E14000F5F718FC0AA8F5F7EBFB7319A17C0A9800
:10E15000CDE90063D4E90223FEF7E9FD83460AA86E
:10E16000F5F7DEFB0A994FF0FF32ABEB01010AA88D
:10E17000FEF754F9AB46E36A002B0CDD617C0AA87C
:10E18000F5F771FDBBF1000F34DBE26A06EB0B0122
:10E190000AA8F5F7D5FCFD680A9805F0B0030493CA
:10E1A000FEF729F915F4007518BFA569504B0B93BC
:10E1B0004844054469000BA8F5F777FC049BBE684A
:10E1C000102B21D1B5422CBF4FF0000B4FF0010BAB
:10E1D0004FF0000A09AB13F80A30042B1FD8DFE810
:10E1E00003F0756A165C65002A4631460AA8F5F701
:10E1F00001FCBFE794F83920CBF100010AA8F5F73C
:10E20000DDFC52463146C3E74FF0000BE0E7FB6808
:10E210009B0504D5D4E905120BA8F5F791FC0AF18A
:10E22000010ABAF1040FD5D1B9F1010F06D903994A
:10E2300009F1FF3201310BA8F5F782FC0B9D28464E
:10E24000FEF7D9F886420AD9049B202BA6EB0004DE
:10E2500040D1424621460BA8F5F7B0FC30460CAC45
:10E26000DDE906120B9B00902046F6F785FF94E847
:10E27000030006900BA88DF81C10FEF7E9F80AA819
:10E28000FEF7E6F8DDE906010023BB60059B83E8A5
:10E29000030018460FB0BDE8F08FB9F1000FBED0F3
:10E2A000039B19780BA8F5F7DEFCB8E70AA90BA8C1
:10E2B000F5F71AFCB3E7BBF1000F05D04246711B1E
:10E2C0000BA8F5F77BFCAAE74146EBE7BBF1000F93
:10E2D000A5D0F3E7074A00212846FEF78FF8CDF8CE
:10E2E00000800146234600220BA8F5F743FBB5E763
:10E2F00010CF0124B06905082DE9F04F2DED028BF8
:10E30000B0EE408B8FB004AF07F1100484E80C002E
:10E3100097F85830BB60FB6D97F860A005468846BB
:10E3200007F1200003F16C01F1F77EF907F12000FD
:10E33000FEF7F6FB90B0F860F1F78EF904AE4FF0FF
:10E34000000B7862314BCDF800B08DED028B40228E
:10E35000314607F12400F6F70BFD3F28814617DD13
:10E3600000F1080323F00703ADEB030D421C7A60B4
:10E37000F1F772F904AE78628DED028BCDF800B042
:10E38000224B7A68314607F12400F6F7F1FC81460A
:10E3900007F11C0200214846F5F722FA06EB090BAB
:10E3A000786207F12400F5F7BBFA7B6AF8685A46F1
:10E3B0003146FEF756F8BB68D3B107F12403CDE927
:10E3C00001A3FB6D009394E80C0041462846FFF73B
:10E3D0001FFD07F12400FEF73BF807F12000F1F7DD
:10E3E00095F928462C37BD46BDEC028BBDE8F08F71
:10E3F00007F12403CDE901A3FB6D009394E80C0021
:10E4000041462846FFF73EFEE3E700BFC569050821
:10E41000F0B587B004AC84E80C000F9E9DF838205E
:10E420000D9B9DF830700093CDE90126054694E8D8
:10E430000C0027B1FFF7ECFC284607B0F0BDFFF752
:10E4400021FEF9E72DE9F043A7B004462E9E9DF882
:10E45000C4909DF8C8706C36304602AD85E80C005B
:10E46000FEF75EFB80463046FEF75AFC2521064645
:10E470004046F6F7BBFC8DF81400CFB98DF8159027
:10E480008DF81670309B009306A905AB80223046AC
:10E490000BF008FF06A8E1F783FF009095E806005F
:10E4A000204606ABF6F768FE204627B0BDE8F083AD
:10E4B00000238DF815708DF816908DF81730E1E770
:10E4C0002DE9F74F0546DDE912076C466C3084E80C
:10E4D0000C00DDF840A0FEF723FB4FF0000980465A
:10E4E0004E464FF00A0B0CA92046F7F75FF970B1C2
:10E4F000119B9E420BD02046F7F736F92A22C1B273
:10E500004046F6F784FC3038C2B2092A10D9C6B1A9
:10E510000F9A914515DBD14513DC0E9AC2F8009095
:10E5200094E8030085E80300284603B0BDE8F08FB7
:10E530000BFB0909D145EADC2046FDF7D3FE013685
:10E54000D1E73B6843F004033B60E9E72DE9F04F76
:10E550008DB000AF07F12006F861F86E6C3086E8E8
:10E560000C00FEF7DDFABB6E6A46A2EBC3039D46C4
:10E57000DB08BB61BB6E9B007B61BB6E0546E8465A
:10E5800007F15801304608EB8309F7F70FF9044605
:10E5900028B90026012C39D840F0718157E1304666
:10E5A000F7F7E2F8C4B221462846F6F71CFC2146EC
:10E5B00006462846F6F714FC4FF0000B82465C46F0
:10E5C000BB6E9B45E5D07B6E53F82B3028461978FF
:10E5D000F6F709FCB0420FD1A3003B617B6E53F804
:10E5E0002B00E1F7DDFE3B6949F8240048F803B051
:10E5F00001340BF1010BE3E77B6E53F82B30284617
:10E600001978F6F7EDFB5045F3D1E5E7CB4609EB7A
:10E6100084005BF8043BFB625B461A46F96AD2F859
:10E6200000C08C4507F12C0128BF0A460433D2F8FC
:10E6300000A0C7F82CA09842EFD1013607F12000C6
:10E64000FDF750FEB2452BD107F1580107F120002C
:10E65000F7F7ACF8824600285AD14FF0000A0023A1
:10E6600059F82320911B4A424A41524509BF04F1FF
:10E67000FF34013358F8242048F8232004BF59F808
:10E68000242049F823209C42EAD8BAF1000F7DD01B
:10E69000D9F80030012107F12C0C8C42FB626BD8B9
:10E6A000FB6AB34240F2CE8007F1580107F1200027
:10E6B000F7F77CF8002800F0C58007F12000F7F795
:10E6C00053F8C1B22846F6F78EFB386107F12000F7
:10E6D000F7F74AF8C1B22846F6F782FB4FF0000A76
:10E6E000F86054457FF656AF7B6E58F82A2053F8F1
:10E6F0002220BA60915D2846F6F775FB3B69BA683F
:10E7000098424FEA8A0B40F08B800AF1010AE8E751
:10E7100007F12000F7F728F8C1B22846F6F763FBA7
:10E72000386107F12000F7F71FF8C1B22846F6F765
:10E7300057FB0023F860796E58F8232051F8222007
:10E7400059F82310B14203D801339C42F3D184E736
:10E75000915D7B602846BA60F6F745FB3B699842BD
:10E760003FF47DAFBA682846915DF6F739FBFB6848
:10E7700098427B68E8D172E75A46013110688342BB
:10E7800098BF62460BF1040B136886E7022C64D134
:10E79000BB6EDB0773D4D8F80030B86EBA6EB3EB3B
:10E7A000500F4FEA5201D8F804202DD20B44934267
:10E7B00065D1D7E90532D8F8004053F832807B6E36
:10E7C00053F8243003EB060946455FD207F15801A0
:10E7D00007F12000F6F7EAFF002850D019F8011BD6
:10E7E0002846F6F700FB824607F12000F6F7BCFF4B
:10E7F000C1B22846F6F7F7FA824530D107F120007A
:10E80000FDF770FD0136DFE75B1A934237D1D7E998
:10E810000521C8F80030D9F8043042F83130C8E793
:10E82000915D2846F6F7DCFAFB6898423FF46DAF3D
:10E83000013C58F8242048F80B2059F8242049F8C6
:10E840000B204EE70023012C19D1002BB1D107F189
:10E850002000FDF747FD0136ABE70123F3E719F888
:10E86000011C2846F6F7BCFA824607F12000F6F7AD
:10E870007BFFC1B22846F6F7B3FA8245BED03B6FA4
:10E880003A6F1B6843F00403136002E0F7D13B6E5C
:10E890001C60D7E90801FB69343783E80300184698
:10E8A000BD46BDE8F08F2DE9F04F87B000AF81463F
:10E8B000786DD7E913AB07F110066C3086E80C00D1
:10E8C000FEF72EF96B46A3EBCB03F8609D4607F1EC
:10E8D00040013046E846F6F769FF002800F08880DE
:10E8E0003046F6F741FF0025C3B24FEA4B022C46F3
:10E8F000AA423CD8002C7BD03046FDF7F3FCA200A6
:10E90000D31D23F00703ADEB030D6E464546331FC1
:10E91000424455F8041B5AF82100C7E90223E1F7E5
:10E920003FFDBA68FB68954243F8040FF1D1012519
:10E9300007F1400107F11000F6F738FF58BB012C32
:10E940005AD13368AB425ED1D8F80030BA6C5B451F
:10E95000A8BFA3EB0B03136007F1180313E903002F
:10E960001C3789E803004846BD46BDE8F08F5AF8D9
:10E9700025100978994204D148F824500134013512
:10E98000B6E7F868C7E90132F6F72AFA7B68BA6891
:10E990009842F4D1F0E707F11000F6F7E5FE002306
:10E9A000C0B219469C4207D88C42C8D007F110006B
:10E9B000FDF798FC0135BBE756F82320AA424FEA41
:10E9C000830E06EB830C02D801310133EAE758F8D5
:10E9D00023205AF82220525D8242F6D0013C58F89A
:10E9E000242048F80E2056F82420CCF80020D9E73F
:10E9F0000024254626469BE7022C04D13368AB420F
:10EA0000A2D073689EE7BB6DBA6D1B6843F0040328
:10EA1000A1E700002DE9F04FADB08946389D0B907D
:10EA200005F16C060EA9304681E80C00DDF8E8A07F
:10EA30003C9CFEF775F908903046FEF771F8834666
:10EA40003B98E1F7ADFC00260A90109636A90EA877
:10EA5000F6F7ACFEDDF84080002800F061840A9BE8
:10EA60009E4280F05D84B8F1000F00F06D84399B08
:10EA7000399A1B6843F00403136000F059BC14AECC
:10EA800031460898FDF71CFF08981BA9FDF728FFE1
:10EA900010ABCDE905530E23CDE9036311AB02930F
:10EAA00036AB93E803008DE803000CAF0EAE96E89A
:10EAB0000C0049463846FFF749FD97E80300109BD4
:10EAC00086E80300002B3CD1119A072392FBF3F355
:10EAD000C3EBC303D21ACAF81820237843F0020309
:10EAE000DFE014AE31460898FDF70AFF089820A928
:10EAF000FDF725FF10ABCDE905531823CDE90363DE
:10EB000011AB029336AB93E803008DE803000CAF22
:10EB10000EAE96E80C0049463846FFF717FD97E819
:10EB20000300109B86E803005BB9119B0C2293FB4A
:10EB3000F2F102FB1133CAF81030238843F48163E9
:10EB40002380099E013681E7089812A9FDF7ACFEE3
:10EB5000129B06940CAF059310ABCDE90253CDF890
:10EB600010A036AB93E803008DE803000EAE96E8E4
:10EB70000C0049463846FFF74DFF97E80300109B0D
:10EB800086E80300002BDCD1637843F0040376E1D0
:10EB900010ABCDE9065302266323CDE904360023EA
:10EBA000039311AB029336AB93E803008DE80300A7
:10EBB0000CAF0EAE96E80C0049463846FFF780FCD5
:10EBC00097E80300109B86E80300002BB9D1119B46
:10EBD0006360238843F49063B2E73046F6F7C4FDE0
:10EBE000DBF81830C0B21B5C180702D53046FDF7C1
:10EBF00079FB10ABCDE9065302211F23CDE9043187
:10EC00000123039311AB029336AB93E803008DE825
:10EC100003000CAF0EAE96E80C0049463846FFF7ED
:10EC20004FFC97E80300109B86E80300002B88D177
:10EC3000119BCAF80C30238843F4826380E7B94AF9
:10EC400014AE3346A2F109015846FDF70AFC0CAF99
:10EC5000CDE9056480E710ABCDE906530222172306
:10EC6000CDE904320023039311AB029336AB93E852
:10EC700003008DE803000CAF0EAE96E80C00494689
:10EC80003846FFF71DFC97E80300109A86E803005A
:10EC9000002A7FF456AF119BCAF80830237862F33C
:10ECA000000323704DE710ABCDE906530C27022378
:10ECB000CDE904730123039311AB029336AB93E8C0
:10ECC00003008DE803000DF130080EAE96E80C004D
:10ECD00049464046FFF7F4FB98E80300109B86E89E
:10ECE0000300002B7FF42DAF119B93FBF7F207FB82
:10ECF0001233CAF80830237843F00103D1E710AB90
:10ED0000CDE906534FF003084FF4B773CDE904384B
:10ED10000123039311AB029336AB93E803008DE814
:10ED200003000CAF0EAE96E80C0049463846FFF7DC
:10ED3000C7FB97E80300109B86E80300002B7FF4D5
:10ED400000AF119B013BCAF81C30237843F0040349
:10ED5000A7E710ABCDE906534FF0020E0C23CDE927
:10ED6000043E0123039311AB029336AB93E80300F7
:10ED70008DE803000CAF0EAE96E80C00494638460D
:10ED8000FFF79EFB97E80300109B86E80300002B2B
:10ED90007FF4D7AE119B013BCAF81030237843F0C3
:10EDA00008037EE710ABCDE906534FF0020C3B237E
:10EDB000CDE9043C0023039311AB029336AB93E8F7
:10EDC00003008DE803000CAF0EAE96E80C00494638
:10EDD0003846FFF775FB97E80300109B86E80300B1
:10EDE000002B7FF4AEAE119BCAF80430A9E636A919
:10EDF0000EA8F6F7DBFC00283FF4A3AE0EA8F6F74A
:10EE0000B3FCDBF81830C0B21B5C1E077FF599AE6F
:10EE10000EA8FDF767FAEAE714AE08983146FDF749
:10EE200049FD149B1B78002B3FF48BAE159B1B7880
:10EE3000002B3FF486AE10ABCDE905530223CDE99C
:10EE4000036311AB029336AB93E803008DE8030034
:10EE50000CAF0EAE96E80C0049463846FFF776FB3D
:10EE600097E80300109B86E80300002B7FF469AE4F
:10EE7000119B002B3FF465AE637843F00103637090
:10EE80005FE6089B06949B689B6A0CAF059309E0BC
:10EE9000254A14AE3346911F5846FDF7E2FACDE9F4
:10EEA00005640CAF10ABCDE90253CDF810A036AB22
:10EEB00093E803008DE803000EAE4946384696E815
:10EEC0000C00FFF7A7FD97E8030086E8030038E68B
:10EED00010ABCDE9065302203C23CDE904300023DA
:10EEE000039311AB029336AB93E803008DE8030064
:10EEF0000CAF0EAE96E80C0049463846FFF7E0FA34
:10EF000097E80300109B86E80300002B7FF419AEFE
:10EF1000119BCAF8003014E6044A14AE3346A2F13D
:10EF20000901B9E7D4690508DA690508E369050844
:10EF300010ABCDE9065302213523CDE9043100237E
:10EF4000039311AB029336AB93E803008DE8030003
:10EF50000CAF0EAE96E80C0049463846FFF7B0FA03
:10EF600097E80300109B86E80300002B7FF4E9ADCF
:10EF7000119B22681B0403F47C1322F47C1243F0DF
:10EF8000200322F0200213432360DAE510ABCDE921
:10EF9000065301220623CDE904320023039311AB6B
:10EFA000029336AB93E803008DE803000CAF0EAE7E
:10EFB00096E80C0049463846FFF782FA97E80300C6
:10EFC000109B86E80300002B7FF4BBAD119BCAF8B1
:10EFD000183082E510ABCDE906534FF00208352317
:10EFE000CDE904380023039311AB029336AB93E8C9
:10EFF00003008DE803000CAF0EAE96E80C00494606
:10F000003846FFF75DFA97E80300109B86E8030097
:10F01000002B7FF496AD119B22681B0403F47C1334
:10F0200022F47C1243F0400322F04002ABE7089840
:10F0300014A9FDF72DFC149B06940CAF26E7089845
:10F0400014A9FDF72BFCF6E710ABCDE906534FF002
:10F05000020E6323CDE9043E0023039311AB029318
:10F0600036AB93E803008DE803000CAF0EAE96E8D4
:10F070000C0049463846FFF723FA97E80300109B37
:10F0800086E80300002B7FF45CAD637823F0060371
:10F0900043F00603637036A93046F6F787FB002875
:10F0A0003BD03046F6F760FB2A22C1B25846F5F74E
:10F0B000AEFEA0F130085FFA88F3092B2DD8304658
:10F0C000FDF710F9119B0A2707FB038336A9304689
:10F0D0001193F6F76BFBA0B13046F6F745FB2A22F9
:10F0E000C1B25846F5F793FEA0F130085FFA88F3F5
:10F0F000092B06D83046FDF7F5F8119B07FB038373
:10F100001193119BA3F26C731193637823F00203A4
:10F110006370119BCAF8143013E5119B442BDCBFBC
:10F1200064331193F5E710ABCDE906534FF0040CAF
:10F1300042F20F73CDE9043C0023039311AB029319
:10F1400036AB93E803008DE803000CAF0EAE96E8F3
:10F150000C0049463846FFF7B3F997E80300109BC7
:10F1600086E80300002B7FF4ECAC119BA3F26C73D8
:10F17000CAF81430637823F0060306E53046F6F744
:10F18000F3FADBF81830C0B21B5CDF0740F1838074
:10F1900010ABCDE905530E2304936A4B039314ABD4
:10F1A000029336AB93E803008DE803000CAF4946A9
:10F1B000384696E80C00FFF7C9F997E8030086E89F
:10F1C000030036A93046F6F7F1FA00283FF4B9AC4F
:10F1D000109B149A13437FF4B4AC3046F6F7C4FA8C
:10F1E0002D2107465846F5F701FEFFB2B84236D149
:10F1F00010AF17230221CDE90431CDE906570023D2
:10F20000039314AB029336AB93E803008DE803003D
:10F210000CAE0DF1380898E80C0049463046FFF76F
:10F220004FF996E803003B2388E803000220CDE96C
:10F230000430CDE906570023039314AB029336AB99
:10F2400093E803008DE803004946304698E80C0037
:10F25000FFF736F996E8030088E8030071E43046CA
:10F26000F6F782FA2B2106465846F5F7BFFDF6B2AF
:10F27000B0427FF466ACBBE73046F6F775FA25215D
:10F2800007465846F5F7B2FDFFB2B84203D1304603
:10F29000FDF728F855E4109B43F00403109350E465
:10F2A0003B9B995DDBF818305B5C1A0714D536A9D7
:10F2B0000EA8F6F77BFA00283FF444AC0EA8F6F748
:10F2C00053FADBF81830C0B21B5C1B077FF53AAC71
:10F2D0000EA8FDF707F8EAE75846F5F784FD8046E3
:10F2E0000EA8F6F741FAC1B25846F5F77CFD804505
:10F2F00012D039785846F5F773FD07460EA8F6F791
:10F3000033FAC1B25846F5F76BFD874204D0109B23
:10F3100043F00403109315E40EA8FCF7E3FF11E497
:10F32000B8F1000F7FF4A3AB0A9B9E427FF49FAB22
:10F330000EAB93E803000B9B83E8030018462DB047
:10F34000BDE8F08FAC0000243B9B4246995D5846D7
:10F350009F19F5F75CFD2528A2D1731C0993711C38
:10F360003B9B4246595C5846F5F751FD4528CDF880
:10F37000448001D04F2808D1B31C099309993B9BC5
:10F380000022595C5846F5F742FD25380EAE542848
:10F3900081D801A353F820F079F2030897F203080B
:10F3A00097F2030897F2030897F2030897F203080D
:10F3B00097F2030897F2030897F2030897F20308FD
:10F3C00097F2030897F2030897F2030897F20308ED
:10F3D00097F2030897F2030897F2030897F20308DD
:10F3E00097F2030897F2030897F2030897F20308CD
:10F3F00097F2030897F2030897F2030897F20308BD
:10F4000097F2030897F203087FEA0308E3EA030888
:10F4100091EB03083FEC030897F2030897F2030807
:10F4200097F2030857EC0308A7EC030897F20308C8
:10F4300097F2030897F20308A5ED030897F2030873
:10F4400097F2030897F2030897F2030891EE030876
:10F45000D1EE030819EF030831EF030897F2030810
:10F46000D5EF03083FF0030827F103087DF10308F7
:10F4700097F2030897F2030897F2030897F203083C
:10F4800097F2030897F203087FEA0308E3EA030808
:10F4900049EB0308DBEB0308DBEB030897F20308F7
:10F4A00097F20308E3EA030897F20308FFEC030866
:10F4B00097F2030897F2030853ED0308EFED0308F2
:10F4C00097F2030819EE030897F2030883EE030886
:10F4D00097F20308EFED030897F2030897F2030889
:10F4E0008DEF03082FF0030849F003082DE9F04FD2
:10F4F00089B004AF029014986C3087E80C00FDF7D7
:10F50000A7FB12A905463846F6F73DF90446002840
:10F5100040F0A6813846F6F727F995F84B105FFAC8
:10F5200080F9494503D095F84A304B4522D12B7CD0
:10F530001BB195F825304B451CD095F824304B4530
:10F5400018D0494514BF2D212B211698F4F78BFBB9
:10F550000498FCF79DFE4FF0FF3312A9384605933F
:10F56000F6F724F9002800F07D813846F6F7FCF81C
:10F570005FFA80F90026B0464FF0FF3A2B7C1BB1B2
:10F5800095F825304B4521D095F824304B451DD0BA
:10F5900095F84E304B4519D11EB916983021F4F725
:10F5A00062FB0498FCF774FE12A93846CDF814A04B
:10F5B000F6F7FCF808F10108064628B13846F6F7D8
:10F5C000D3F85FFA80F9D9E701242646A84B0793C0
:10F5D0002B7C1BB1202107A8F4F767FA95F864B0DB
:10F5E000BBF1000F78D005F14E030193002C40F0E1
:10F5F0003281A2462B7C002B00F0B38095F8253099
:10F600004B4540F0AE80BAF1000F40F08880002CEE
:10F6100040F08580B8F1000F7ED05FFA88F107A82E
:10F62000F4F721FBA0460498FCF732FE4FF0FF33BD
:10F6300012A938460593F6F7B9F800286FD0384676
:10F64000F6F792F833465FFA80F91E46D2E795F84E
:10F6500024304B450BD1BAF1000F08D13CB91698B4
:10F660002E21F4F700FBB3464FF0010A42E095F873
:10F670005C304B4503D095F862304B454FD1002CA0
:10F680004DD1002E4BD065211698F4F7ECFA049872
:10F69000FCF7FEFD4FF0FF3312A938460593F6F74D
:10F6A00085F88346002800F0D9803846F6F75CF8E4
:10F6B00095F84B305FFA80F94B4509D095F84A3000
:10F6C0004B4507D12D211698F4F7CDFA5C4611E091
:10F6D0002B21F8E75C461DE0002C40F0BC80A246E0
:10F6E000A9F13003092BB2D816984946F4F7BBFAB2
:10F6F0004FF0010B0498FCF7CBFD4FF0FF3312A93C
:10F7000038460593F6F752F848B13846F6F72CF824
:10F710005FFA80F95E46E3E71698F4F78BF80798EE
:10F72000FCF769FE88B1BAF1000F05D124B95FFA80
:10F7300088F107A8F4F797FAD5E9020107AA0AF0B9
:10F740005FFC10B9159B04221A6097E80300029B26
:10F7500083E8030007A8FCF77BFE029809B0BDE828
:10F76000F08F95F824304B4513D10798FCF743FEF2
:10F77000BAF1000FD3D1002CD1D120B15FFA88F1BA
:10F7800007A8F4F770FA16982E21F4F76CFADA4607
:10F7900049E701984A460A21FCF784FE58B1019BCB
:10F7A000C01A00F13001C9B21698F4F75CFA08F1FA
:10F7B00001085E4637E795F85C304B4503D095F875
:10F7C00062304B45ABD10798FCF715FE002CA6D153
:10F7D000002EA4D038B1BAF1000F04D15FFA88F13D
:10F7E00007A8F4F740FA65211698F4F73CFA049854
:10F7F000FCF74EFD4FF0FF3312A938460593F5F79D
:10F80000D5FF039050B33846F5F7AEFF95F84B108F
:10F81000039B5FFA80F9494503D095F84A004845B3
:10F8200017D12C7C1CB195F8250048450FD095F8D0
:10F83000240048450DD016980393494514BF2D2147
:10F840002B21F4F710FA039B1C461E46EBE62346D9
:10F85000FBE61C46F9E60024A24660E734465EE774
:10F860004FF000094FF0000846460124AEE600BF05
:10F8700010CF01242DE9F0438DB008AC179E0AAFDC
:10F8800084E80C0089461D4B0A9320210546384622
:10F89000F4F70BF9CDE90367169B029314AB93E8D9
:10F8A00003008DE803000DF1180894E80C004046B1
:10F8B0004946FFF71BFE98E80300DDF8288084E83E
:10F8C0000300EFF7C9FE18990B900BAB4046324688
:10F8D0000AF06AF814A92046F5F755FF18B1336805
:10F8E00043F00203336094E8030085E803003846E0
:10F8F000FCF7AEFD28460DB0BDE8F08310CF012423
:10F900002DE9F0438DB008AC179E0AAF84E80C00D7
:10F9100089461D4B0A93202105463846F4F7C5F861
:10F92000CDE90367169B029314AB93E803008DE8BF
:10F9300003000DF1180894E80C0040464946FFF713
:10F94000D5FD98E80300DDF8288084E80300EFF790
:10F9500083FE18990B900BAB404632460AF060F8D4
:10F9600014A92046F5F70FFF18B1336843F00203DE
:10F97000336094E8030085E803003846FCF768FD2F
:10F9800028460DB0BDE8F08310CF01242DE9F043E7
:10F990008DB008AC179E0AAF84E80C0089461D4B59
:10F9A0000A93202105463846F4F77FF8CDE903672E
:10F9B000169B029314AB93E803008DE803000DF14E
:10F9C000180894E80C0040464946FFF78FFD98E878
:10F9D0000300DDF8288084E80300EFF73DFE189966
:10F9E0000B900BAB404632460AF062F814A9204651
:10F9F000F5F7C9FE18B1336843F00203336094E8A9
:10FA0000030085E803003846FCF722FD28460DB0C8
:10FA1000BDE8F08310CF01242DE9F04F8BB006AE86
:10FA2000169C059004F16C0086E80C00FDF710F9B7
:10FA3000E46804F04A04402C054654D0082C14BF56
:10FA40004FF00A094FF0100914A93046F5F79BFE54
:10FA50000746002840F075813046F5F785FE95F899
:10FA60004A30C2B2934203D095F84B1091423DD137
:10FA7000991A4B424B4100932B7C1BB195F82530D2
:10FA8000934216D095F82430934212D006980192F2
:10FA9000FCF7FEFB4FF0FF3314A930460793F5F750
:10FAA00085FE019A002800F04E813046F5F75CFE95
:10FAB000C2B24FF0000846462B7C1BB195F82530AA
:10FAC000934246D095F82430934242D095F84E3078
:10FAD000934216D1B8F1000F0AD0B9F10A0F13D131
:10FAE0005CB926467EE04FF00809ADE70097E0E7F5
:10FAF000002C74D0B9F1080F77D001364FF001080F
:10FB000011E0B8F1000F23D095F84C30934203D0A8
:10FB100095F84D3093426FD1002C68D0B9F1100F99
:10FB20006FD10026B04606980192FCF7B1FB4FF06A
:10FB3000FF3314A906A80793F5F738FE019A0028A9
:10FB40005DD006A8F5F710FEC2B2B8F1000FB3D130
:10FB50004746B9F1100F14BF4B46162302937C4B56
:10FB600009932B7C2BB1202109A80192F3F79DFF6B
:10FB7000019A009B95F864B003F10043013B0193A7
:10FB8000B3FBF9F30393BBF1000F42D005F14E0331
:10FB90000493002F40F08480BA463C462B7C002B17
:10FBA00060D095F8251091425CD1002E7DD0F1B245
:10FBB00009A8F4F758F800260698FCF769FB4FF0FF
:10FBC000FF3314A906A80793F5F7F0FD03460028B4
:10FBD00000F0948006A8F5F7C7FDC2B2DEE726461E
:10FBE0004FF001084FF008099DE7464686E7264694
:10FBF000A0464FF0100996E74FF00108A9E701274A
:10FC0000A7E7CDF808904FF00108A8E74FF0010AE8
:10FC100018E0002F6ED1BA463C464FF0FF3B0298E9
:10FC20001146FCF73FFB431C3CD0039BA342EDD3A2
:10FC3000019B04FB09F41B1AA34238BF4AF0010AD6
:10FC4000013604440698FCF723FB14A906A8CDF856
:10FC50001CB0F5F7ABFD034630B306A8F5F784FDFD
:10FC6000C2B2DCE795F8243093421BD00299049885
:10FC7000FCF718FCB0B1049BC01A039B0F28C8BF47
:10FC80000638A3420AD3019B04FB09F41B1AA342C2
:10FC900038BF4AF0010A013604448DE7DA468BE7A3
:10FCA0000024A246002300E001270998FCF7A3FBEB
:10FCB00070B1F1B209A80193F3F7D5FFD5E90201BC
:10FCC00009AA0AF09DF9019B10B9179904220A604C
:10FCD00036B9B8F1000F03D10998FCF78CFB78B165
:10FCE00073B9BAF1000F24D1009B03B16442189B91
:10FCF0001C600BE0DA465B465C46D6E75F46D4E71D
:10FD00000023189A1360179A042313602FB1179BCE
:10FD1000179A1B6843F002031360DDE90601059B97
:10FD200083E8030009A8FCF793FB05980BB0BDE836
:10FD3000F08F009B002B0CBF6FF000434FF000438F
:10FD4000DFE70022009200260127B04601E700BF4E
:10FD500010CF012470B588B006AD85E80C00109B6B
:10FD600004930F9B03930E9B02930CAB04460E4629
:10FD700093E803008DE80300204695E80C00314627
:10FD8000FFF74AFE204608B070BD2DE9F04F91B054
:10FD90000CAD0790DDE91C0985E80C00C368DDF8AF
:10FDA00078A0DB070E4639D44FF0FF330F930FAB2B
:10FDB000CDE9039302901AAB93E803008DE80300AA
:10FDC0000AAC95E80C0031462046FFF725FE94E882
:10FDD00003000F9B012B85E803000CD803F00103FF
:10FDE0008AF8003095E80300079B83E80300184673
:10FDF00011B0BDE8F08F01238AF800300423C9F860
:10FE000000301AA92846F5F7BEFC0028EAD0D9F838
:10FE1000003043F00203C9F80030E3E76C30FCF730
:10FE200017FF066A8469B6FA86F6B4FA84F44FF0CE
:10FE3000010B80467609640900275A469EB194B1A9
:10FE400000213AB3D8F82020BA4223D117B30022B8
:10FE50008AF80020BBF1000F5CD0D8F81830BB4204
:10FE600058D10423D7E71AA928460892F5F78BFC46
:10FE7000089A01460028E4D109902846F5F774FC59
:10FE8000DDE90821C0B29EB9D8F81C20D25D8242BB
:10FE900010D08CB1BBF1000F40D0D8F81830BB4265
:10FEA0003CD1002F3AD001238AF80030994032E04B
:10FEB000002AEED044B90124D8F81430DB5D834227
:10FEC00005D14FF0010B05E0BBF1000F19D166BB66
:10FED0006CB3B34628460137FCF704FA9CB1D8F856
:10FEE0002060BE428CBF00260126BBF1000F0CD063
:10FEF000D8F81810B9428CBF0021012122460C46C7
:10FF00009CE75C46E6E70126EFE70121F6E74FF0C4
:10FF1000000B97E74900C9F8001063E700238AF84F
:10FF2000003000299DD0062375E7002CEFD18AF818
:10FF3000004096E72DE9F04F8BB006AE169C059079
:10FF400004F16C0086E80C00FCF782FEE46804F023
:10FF50004A04402C054654D0082C14BF4FF00A091F
:10FF60004FF0100914A93046F5F70DFC074600289C
:10FF700040F075813046F5F7F7FB95F84A30C2B28C
:10FF8000934203D095F84B1091423DD1991A4B42C0
:10FF90004B4102932B7C1BB195F82530934216D030
:10FFA00095F82430934212D006980192FCF770F92C
:10FFB0004FF0FF3314A930460793F5F7F7FB019A8A
:10FFC000002800F04E813046F5F7CEFBC2B24FF06C
:10FFD000000846462B7C1BB195F82530934246D04D
:10FFE00095F82430934242D095F84E30934216D182
:10FFF000B8F1000F0AD0B9F10A0F13D15CB9264647
:020000040804EE
:100000007CE04FF00809ADE70297E0E7002C72D0E2
:10001000B9F1080F75D001364FF0010811E0B8F1C1
:10002000000F23D095F84C30934203D095F84D3013
:1000300093426DD1002C66D0B9F1100F6DD100261E
:10004000B04606980192FCF723F94FF0FF3314A94C
:1000500006A80793F5F7AAFB019A00285BD006A82B
:10006000F5F782FBC2B2B8F1000FB3D14746B9F140
:10007000100F14BF4B46162301937C4B09932B7C26
:100080002BB1202109A80392F3F70FFD039A95F8ED
:1000900064B04FF6FF7393FBF9F30393BBF1000FCA
:1000A00043D005F14E030493002F40F08B80BA46F5
:1000B0003C462B7C002B64D095F82510914260D1F2
:1000C000002E00F08480F1B209A8F3F7CCFD0026E1
:1000D0000698FCF7DDF84FF0FF3314A906A8079344
:1000E000F5F764FB0346002800F09B8006A8F5F7AF
:1000F0003BFBC2B2DDE726464FF001084FF008098E
:100100009FE7464688E72646A0464FF0100998E745
:100110004FF00108ABE70127A9E7CDF804904FF0B5
:100120000108AAE74FF0010A1BE0002F75D1BA467B
:100130003C464FF0FF3B01981146FCF7B3F8431CD7
:1001400042D0039BA342EDD319FB04F4C0F57F43D7
:10015000A4B2FF339C42C8BF4AF0010A0444A4B2CF
:1001600001360698FCF794F814A906A8CDF81CB03F
:10017000F5F71CFB034648B306A8F5F7F5FAC2B23B
:10018000D9E795F8243093421ED001990498FCF7E2
:1001900089F9C8B1049BC01A039B0F28C8BF063851
:1001A000A3420DD319FB04F4C0F57F43A4B2FF337F
:1001B0009C42C8BF4AF0010A0444A4B2013687E752
:1001C000DA4685E70024A246002300E001270998CB
:1001D000FCF711F970B1F1B209A80193F3F743FDEF
:1001E000D5E9020109AA09F00BFF019B10B9179983
:1001F00004220A6036B9B8F1000F03D10998FCF760
:10020000FAF880B17BB9BAF1000F25D1029B0BB18E
:100210006442A4B2189B1C800BE0DA465B465C4645
:10022000D5E75F46D3E70023189A1380179A042373
:1002300013602FB1179B179A1B6843F002031360DA
:10024000DDE90601059B83E8030009A8FCF700F936
:1002500005980BB0BDE8F08F4FF6FF73E4E700227E
:10026000029200260127B04601E700BF10CF01240B
:1002700070B588B006AD85E80C00109B04930F9B09
:1002800003930E9B02930CAB04460E4693E80300C7
:100290008DE80300204695E80C003146FFF74AFE42
:1002A000204608B070BD00002DE9F04F8BB006AEBF
:1002B000169D059005F16C0086E80C00FCF7C8FC63
:1002C000ED6805F04A05402D044655D0082D14BFB1
:1002D0004FF00A094FF0100914A93046F5F753FA08
:1002E0000746002840F06B813046F5F73DFA94F858
:1002F0004A305FFA80FB5B4503D094F84B105945B8
:100300003DD1A3EB0B02534253410293237C1BB11B
:1003100094F825305B4515D094F824305B4511D016
:100320000698FBF7B5FF4FF0FF3314A9304607934B
:10033000F5F73CFA002800F046813046F5F714FA4C
:100340005FFA80FB4FF000084646237C1BB194F80F
:1003500025305B4545D094F824305B4541D094F876
:100360004E305B4516D1B8F1000F0AD0B9F10A0F33
:1003700013D15DB92E4679E04FF00809ACE702973A
:10038000E0E7002D6FD0B9F1080F72D001364FF0C1
:10039000010811E0B8F1000F22D094F84C305B4511
:1003A00003D094F84D305B456AD1002D63D0B9F18C
:1003B000100F6AD10026B0460698FBF769FF4FF090
:1003C000FF3314A906A80793F5F7F0F900285AD0CF
:1003D00006A8F5F7C9F95FFA80FBB8F1000FB4D1B0
:1003E0004746B9F1100F14BF4B4616230193784BC3
:1003F0000993237C1BB1202109A8F3F756FB4FF08A
:10040000FF33B3FBF9F3039394F864300093002BAC
:1004100043D004F14E030493002F40F08380BA468A
:100420003D46237C002B5FD094F8251059455BD1C5
:10043000002E7CD0F1B209A8F3F715FC002606982F
:10044000FBF726FF4FF0FF3314A906A80793F5F733
:10045000ADF90346002800F0948006A8F5F784F96A
:100460005FFA80FBDDE72E464FF001084FF00809E8
:10047000A2E746468BE72E46A8464FF010099BE7B9
:100480004FF00108ADE70127ABE7CDF804904FF03E
:100490000108ACE74FF0010A14E0002F6CD1BA4616
:1004A0003D4601985946FBF7FDFE431C3CD0039B9B
:1004B000AB42EFD305FB09F5401928BF4AF0010A0A
:1004C000054601360698FBF7E3FE4FF0FF3314A90B
:1004D00006A80793F5F76AF9034638B306A8F5F7B7
:1004E00043F95FFA80FBDCE794F824305B451BD0CE
:1004F000019904985A46FBF7D5FFA8B1049BC01A8E
:10050000039B0F28C8BF0638AB4208D305FB09F58B
:10051000401928BF4AF0010A054601368FE7DDF889
:1005200000A08CE70025AA46002300E001270998D7
:10053000FBF761FF70B1F1B209A80093F3F793FBE9
:10054000D4E9020109AA09F05BFD009B10B91799D3
:1005500004220A6036B9B8F1000F03D10998FBF7FD
:100560004AFF80B17BB9BAF1000F25D1029B03B1DC
:100570006D42189B1D600CE0DDF800A05346554607
:10058000D5E7009FD3E70023189A1360179A042336
:1005900013602FB1179B179A1B6843F00203136077
:1005A000DDE90601059B83E8030009A8FBF750FF7E
:1005B00005980BB0BDE8F08F4FF0FF33E4E74FF044
:1005C000000BCDF808B000260127B04609E700BFB0
:1005D00010CF012470B588B006AD85E80C00109BE3
:1005E00004930F9B03930E9B02930CAB04460E46A1
:1005F00093E803008DE80300204695E80C0031469F
:10060000FFF752FE204608B070BD00002DE9F04F04
:100610008BB006AE169D059005F16C0086E80C00C7
:10062000FCF716FBED6805F04A05402D044655D051
:10063000082D14BF4FF00A094FF0100914A93046D5
:10064000F5F7A1F80746002840F06B813046F5F732
:100650008BF894F84A305FFA80FB5B4503D094F83E
:100660004B1059453DD1A3EB0B025342534102932A
:10067000237C1BB194F825305B4515D094F82430C9
:100680005B4511D00698FBF703FE4FF0FF3314A92A
:1006900030460793F5F78AF8002800F04681304687
:1006A000F5F762F85FFA80FB4FF000084646237CBE
:1006B0001BB194F825305B4545D094F824305B4558
:1006C00041D094F84E305B4516D1B8F1000F0AD0F6
:1006D000B9F10A0F13D15DB92E4679E04FF0080940
:1006E000ACE70297E0E7002D6FD0B9F1080F72D0A8
:1006F00001364FF0010811E0B8F1000F22D094F854
:100700004C305B4503D094F84D305B456AD1002DE9
:1007100063D0B9F1100F6AD10026B0460698FBF7F6
:10072000B7FD4FF0FF3314A906A80793F5F73EF87D
:1007300000285AD006A8F5F717F85FFA80FBB8F141
:10074000000FB4D14746B9F1100F14BF4B46162322
:100750000193784B0993237C1BB1202109A8F3F75F
:10076000A4F94FF0FF33B3FBF9F3039394F864302B
:100770000093002B43D004F14E030493002F40F06C
:100780008380BA463D46237C002B5FD094F8251029
:1007900059455BD1002E7CD0F1B209A8F3F763FA7A
:1007A00000260698FBF774FD4FF0FF3314A906A846
:1007B0000793F4F7FBFF0346002800F0948006A897
:1007C000F4F7D2FF5FFA80FBDDE72E464FF0010819
:1007D0004FF00809A2E746468BE72E46A8464FF0A1
:1007E00010099BE74FF00108ADE70127ABE7CDF813
:1007F00004904FF00108ACE74FF0010A14E0002F1D
:100800006CD1BA463D4601985946FBF74BFD431C57
:100810003CD0039BAB42EFD305FB09F5401928BF41
:100820004AF0010A054601360698FBF731FD4FF004
:10083000FF3314A906A80793F4F7B8FF034638B3AB
:1008400006A8F4F791FF5FFA80FBDCE794F8243008
:100850005B451BD0019904985A46FBF723FEA8B1CB
:10086000049BC01A039B0F28C8BF0638AB4208D3AD
:1008700005FB09F5401928BF4AF0010A0546013673
:100880008FE7DDF800A08CE70025AA46002300E0F2
:1008900001270998FBF7AFFD70B1F1B209A80093E9
:1008A000F3F7E1F9D4E9020109AA09F0A9FB009BD9
:1008B00010B9179904220A6036B9B8F1000F03D1B4
:1008C0000998FBF798FD80B17BB9BAF1000F25D1EB
:1008D000029B03B16D42189B1D600CE0DDF800A087
:1008E00053465546D5E7009FD3E70023189A136077
:1008F000179A042313602FB1179B179A1B6843F0B4
:1009000002031360DDE90601059B83E8030009A8E3
:10091000FBF79EFD05980BB0BDE8F08F4FF0FF335D
:10092000E4E74FF0000BCDF808B000260127B046F1
:1009300009E700BF10CF012470B588B006AD85E887
:100940000C00109B04930F9B03930E9B02930CAB24
:1009500004460E4693E803008DE80300204695E820
:100960000C003146FFF752FE204608B070BD2DE95D
:10097000F0418CB008AC149ED6F80C8084E80C00D2
:1009800028F04A0343F00803F3600BAB0493159B74
:10099000CDE9026312AB05468C4693E803008DE86F
:1009A000030006AF94E80C0061463846FFF72EFEC0
:1009B00097E80300169B0B9AC6F80C8084E80300A6
:1009C00085E8030028461A600CB0BDE8F0810000FD
:1009D0002DE9F04F8FB00AAF1A9C079004F16C001C
:1009E00087E80C00FCF734F9E56805F04A05402D6E
:1009F000064652D0082D14BF4FF00A094FF01009D7
:100A000018A93846F4F7BFFE8046002840F0B081B0
:100A10003846F4F7A9FE96F84A30C4B2A34203D090
:100A200096F84B20A2423BD11A1B534253410193EB
:100A3000337C1BB196F82530A34214D096F82430AD
:100A4000A34210D00A98FBF723FC4FF0FF3318A9FC
:100A500038460B93F4F7AAFE002800F08B81384645
:100A6000F4F782FEC4B24FF0000A5746337C1BB144
:100A700096F82530A34246D096F82430A34242D0BF
:100A800096F84E30A34218D1BAF1000F0BD0B9F14D
:100A90000A0F15D16DB92F4689E04FF00809AFE76D
:100AA000CDF80480DFE7002D7ED0B9F1080F00F00B
:100AB000818001374FF0010A11E0BAF1000F21D017
:100AC00096F84C30A34203D096F84D30A34278D12B
:100AD000002D71D0B9F1100F79D10027BA460A98CC
:100AE000FBF7D6FB4FF0FF3318A90AA80B93F4F7D6
:100AF0005DFE002868D00AA8F4F736FEC4B2BAF149
:100B0000000FB3D1D046B9F1100F14BF4B461623D6
:100B100004939B4B0D93337C1BB120210DA8F2F75E
:100B2000C4FF019B013B0593019B059803F1004322
:100B3000013B029302994FEAE9734A46DFF702FF4D
:100B400096F864300393CDE90801002B47D006F1F5
:100B50004E030693B8F1000F40F0A680C346454609
:100B6000CDF80080337C002B72D096F82520A2426D
:100B70006ED1002F00F09F80F9B20DA8F3F773F843
:100B800000270A98FBF784FB4FF0FF3318A90AA847
:100B90000B93F4F70BFE0346002800F0BE800AA872
:100BA000F4F7E2FDC4B2DDE72F464FF0010A4FF043
:100BB000080994E757467DE72F46AA464FF01009EB
:100BC0008DE74FF0010A9EE74FF001089BE7CDF853
:100BD00010904FF0010A9CE74FF0010B26E0B8F1AE
:100BE000000F40F09380C3464546CDF8008004983E
:100BF0002146FBF757FB431C59D0089B009AAB4298
:100C0000099B9341E8D3A9FB055309FB0233059ADD
:100C1000111A029A62EBE072A9429A4138BF4BF076
:100C2000010B451943EBE073009301370A98FBF77A
:100C30002FFB4FF0FF3318A90AA80B93F4F7B6FD6A
:100C40000346002835D00AA8F4F78EFDC4B2CEE7DB
:100C500096F82430A3422AD0049906982246FBF73E
:100C600021FC20B3069B009AC01A089B0F28C8BF1E
:100C70000638AB42099B934113D3A9FB055309FBEB
:100C80000233059A111A029A62EBE072A9429A4164
:100C900038BF4BF0010B451943EBE073009301376C
:100CA0006FE7DDF80CB06CE700250095AB4600233C
:100CB00001E04FF001080D98FBF79DFB70B1F9B210
:100CC0000DA80293F2F7CFFFD6E902010DAA09F0B1
:100CD00097F9029B10B91B9904220A6037B9BAF13F
:100CE000000F03D10D98FBF786FBC8B1C3B9BBF168
:100CF000000F32D1019B23B1009B6D4263EB430394
:100D000000931C9B009A1D605A6011E0DDF80CB046
:100D1000CDF800B05B465D46CDE7DDF80C80CAE754
:100D2000002200231C99C1E900231B9A04231360AD
:100D3000B8F1000F05D01B9B1B9A1B6843F0020300
:100D40001360DDE90A01079B83E803000DA8FBF7A8
:100D50007FFB07980FB0BDE8F08F019B1BB100220D
:100D60004FF00043DEE74FF0FF326FF00043D9E76A
:100D70000024019400274FF00108BA46C3E600BFE3
:100D800010CF012470B588B006AD85E80C00109B2B
:100D900004930F9B03930E9B02930CAB04460E46E9
:100DA00093E803008DE80300204695E80C003146E7
:100DB000FFF70EFE204608B070BD00002DE9F04F91
:100DC0008DB008AF189C059004F16C0087E80C000A
:100DD000FBF73EFFE56805F04A05402D064652D078
:100DE000082D14BF4FF00A0A4FF0100A16A9384612
:100DF000F4F7C9FC8146002840F0A7813846F4F793
:100E0000B3FC96F84A30C4B2A34203D096F84B2004
:100E1000A2423BD11A1B534253410393337C1BB173
:100E200096F82530A34214D096F82430A34210D06F
:100E30000898FBF72DFA4FF0FF3316A938460993AF
:100E4000F4F7B4FC002800F082813846F4F78CFCFB
:100E5000C4B24FF0000BD846337C1BB196F8253056
:100E6000A34247D096F82430A34243D096F84E30A0
:100E7000A34218D1BBF1000F0BD0BAF10A0F15D164
:100E800065B9A84687E04FF0080AAFE7CDF80C90A7
:100E9000DFE7002D7CD0BAF1080F7FD008F1010800
:100EA0004FF0010B12E0BBF1000F22D096F84C304E
:100EB000A34203D096F84D30A34276D1002D6FD0D7
:100EC000BAF1100F77D14FF00008C3460898FBF72E
:100ED000DFF94FF0FF3316A908A80993F4F766FC71
:100EE000002865D008A8F4F73FFCC4B2BBF1000F9E
:100EF000B2D1D946BAF1100F14BF5346162302934C
:100F0000964B0B93337C1BB120210BA8F2F7CDFD40
:100F10004FEAEA7352464FF0FF304FF0FF31DFF7F0
:100F200011FD96F864300193CDE90601002B4AD0FB
:100F300006F14E030493B9F1000F40F0AB80CDF8F9
:100F400000904D464F46337C002B76D096F82520F6
:100F5000A24272D1B8F1000F00F0A3805FFA88F1CD
:100F60000BA8F2F780FE4FF000080898FBF790F905
:100F70004FF0FF3316A908A80993F4F717FC0346AE
:100F8000002800F0BD8008A8F4F7EEFBC4B2DAE751
:100F9000A8464FF0010B4FF0080A97E7D8467FE7C5
:100FA000A846AB464FF0100A90E74FF0010BA1E7BF
:100FB0004FF001099EE7CDF808A04FF0010B9FE725
:100FC0000123009327E0B9F1000F40F09480CDF8A1
:100FD00000904D464F4602982146FBF763F9431CAB
:100FE0005BD0069BAB42079BBB41E9D3AAFB0553F1
:100FF0000AFB073341194FEAE07757EB03010099E9
:101000004FF0000228BF012211434519009147EB20
:10101000030708F101080898FBF73AF94FF0FF338E
:1010200016A908A80993F4F7C1FB0346002836D097
:1010300008A8F4F799FBC4B2CDE796F82430A34290
:101040002BD0029904982246FBF72CFA28B3049B74
:10105000C01A069B0F28C8BF0638AB42079BBB418E
:1010600015D3AAFB05530AFB073341194FEAE07772
:1010700057EB030100994FF0000228BF01221143F2
:101080004519009147EB030708F101086DE7019B43
:1010900000936AE700252F460095002301E04FF0FA
:1010A00001090B98FBF7A7F978B15FFA88F10BA853
:1010B0000193F2F7D8FDD6E902010BAA08F0A0FFD0
:1010C000019B10B9199904220A60B8F1000F06D1EA
:1010D000BBF1000F03D10B98FBF78DF998B193B9D1
:1010E000009B6BBB039B13B16D4267EB47071A9BD9
:1010F000C3E900570FE0019B00931D461F46D0E750
:10110000DDF80490CDE7002200231A99C1E90023FD
:10111000199A04231360B9F1000F05D0199B199A8D
:101120001B6843F002031360DDE90801059B83E8B7
:1011300003000BA8FBF78CF905980DB0BDE8F08F04
:101140004FF0FF324FF0FF33DFE7002403944FF0FE
:1011500000084FF00109C346CCE600BF10CF0124C0
:1011600070B588B006AD85E80C00109B04930F9B0A
:1011700003930E9B02930CAB04460E4693E80300C8
:101180008DE80300204695E80C003146FFF716FE77
:10119000204608B070BD2DE9F04F8FB0DDE91AB7D9
:1011A0000AAC4FF0000A06460BF16C0084E80C0014
:1011B0008846CDF834A0FBF7B3FC0DABCDE906B300
:1011C00002226323CDE904320CAB0293CDF80CA0CC
:1011D00018AB814693E803008DE8030008AD94E85E
:1011E0000C0041462846FDF76BF995E803000D9B7E
:1011F00084E80300002B51D118A92046F4F7D6FA51
:10120000002846D02046F4F7AFFA2A22C1B2484659
:10121000F3F7FDFDA0F13005EBB2092B39D82046DC
:10122000FBF760F80C9B4FF00A0808FB035518A960
:1012300020460C95F4F7BAFA98B12046F4F794FAE0
:101240002A22C1B24846F3F7E2FDA0F13005EBB225
:10125000092B06D82046FBF745F80C9B08FB0355E5
:101260000C950C9BA3F26C730C931C9B0C9A5A610B
:1012700018A92046F4F787FA18B13B6843F0020337
:101280003B6094E8030086E8030030460FB0BDE8F9
:10129000F08F0C9B442BE8DC6433E5E73B6843F0BC
:1012A00004033B60E4E72DE9F0479CB0DDE92696B6
:1012B0000AAC054609F16C0084E80C008846FBF78F
:1012C0002FFD0DF1380A07465146FBF709FB38465A
:1012D00015A9FBF7F5FA00230D930DABCDE90593A6
:1012E0000723CDE903A30CAB029324AB93E80300DF
:1012F0008DE8030008AF94E80C0041463846FDF73E
:10130000D2FA97E803000D9B84E803009BB9289B61
:101310000C9A9A6124A92046F4F735FA18B133687B
:1013200043F00203336094E8030085E80300284695
:101330001CB0BDE8F087336843F004033360E9E78D
:101340002DE9F047A6B0DDE930960AAC054609F173
:101350006C0084E80C008846FBF7E2FC0DF1380ACB
:1013600007465146FBF7EBFA38461AA9FBF7C8FACD
:1013700000230D930DABCDE905930C23CDE903A319
:101380000CAB02932EAB93E803008DE8030008AF8B
:1013900094E80C0041463846FDF785FA97E80300CB
:1013A0000D9B84E803009BB9329B0C9A1A612EA90D
:1013B0002046F4F7E8F918B1336843F002033360CC
:1013C00094E8030085E80300284626B0BDE8F087CE
:1013D000336843F004033360E9E72DE9F04F93B03D
:1013E000DDE91EB70AAC05460BF16C0084E80C0081
:1013F000DDF880A08946FBF793FC0DA9FBF74EFAB8
:101400000023CDE90F3311930D9BCDE902B7CDE950
:1014100004A30FAE06961CAB93E803008DE803000F
:101420000DF1200894E80C0049464046FDF7F2FA19
:1014300098E8030084E803005146304608F0E6FDD2
:101440001CA92046F4F79FF918B13B6843F002034A
:101450003B6094E8030085E80300284613B0BDE82C
:10146000F08F2DE9F04F93B0DDE91EB70AAC0546C9
:101470000BF16C0084E80C00DDF880A08946FBF7D6
:101480004FFC0DA9FBF704FA0023CDE90F331193AC
:101490000D9BCDE902B7CDE904A30FAE06961CABB8
:1014A00093E803008DE803000DF1200894E80C0098
:1014B00049464046FDF7AEFA98E8030084E8030089
:1014C0005146304608F0A2FD1CA92046F4F75BF90E
:1014D00018B13B6843F002033B6094E8030085E8E1
:1014E0000300284613B0BDE8F08F00002DE9F04F4F
:1014F00091B00AA981E80C00DDE91C3903F16C0404
:1015000006902046FBF70CFB04902046FBF7BEFE3E
:1015100000F138030793036A05461BB1836A003B59
:1015200018BF012302932B7C9A4C0D941BB12021F0
:101530000DA8F2F7BAFA20210EA80E94F2F7B5FA28
:1015400005F13903002608936B6B0F93B0463746BD
:101550000396B24601960FAB9B5D042B61D8DFE882
:1015600013F08E0167012F00FE000500DFF828B29E
:101570001AA90AA8F4F71AF903460446002800F04D
:1015800040810AA80993F4F7EFF80A21C2B208983B
:101590000592FAF787FF059A099B002800F0208141
:1015A000079BC01ADBF80030195C0EA8F2F75BFB52
:1015B0007C1C039F0AA8FAF795FE03972746D7E7F6
:1015C0001C9BDB6898051FD4BAF1010F1CD8DEB153
:1015D000012E0BD1029BBBB99DF83C30032B13D0DD
:1015E0009DF83E30012B0FD00226B4E7022E40F0CA
:1015F0005A819DF83F30042B06D0029A002A00F051
:101600004D81032B40F04C81AB6905934FF0000BEB
:101610001AA90AA8F4F7CAF8059B044618B99B450D
:1016200012D101241AE09B4518D00AA8F4F79CF8BF
:101630006A6912F80B20C0B2824205D10AA8FAF7F3
:1016400051FE0BF1010BE3E7BBF1000F40F02481E9
:101650001C9BDC6884F40074C4F340240136042E1F
:1016600040F01081BAF1010F40F23081002C00F0FF
:101670000C81019B002B00F018816C6A01261AA9CD
:101680000AA8F4F793F8002840F01181564540F07D
:10169000FC800E98FAF7AFFE012810D90022302105
:1016A0000EA8F2F74EF8024648B1431C03D10E983B
:1016B000FAF7A1FE421E00210EA8FAF7AFFE019B29
:1016C00073B10EA8F2F72CF90E9B1B78302B07D0C4
:1016D0000EA8F2F72EF92D2201460EA8F2F766F9B0
:1016E0000D98FAF788FEA0B1B8F1000F00F0F18074
:1016F0009DF80C100DA8F2F7B6FAD5E902010DAA73
:1017000008F07EFC28B9D9F8003043F00403C9F88A
:101710000030B8F1000F03D0EB6ABB4240F0B58057
:101720001E980EA9F1F7F8FF0AAC1AA92046F4F7A3
:101730002AF828B1D9F8003043F00203C9F8003084
:1017400094E80300069B83E803000EA8FAF780FEE6
:101750000DA8FAF77DFE069811B0BDE8F08F2B6A50
:10176000E3B9AB6A002B2ED01AA90AA8F4F71EF829
:10177000044640B30AA8F3F7F7FF6B6A1B78C0B2C0
:10178000834220D10AA8D5F828A0FAF7ABFD01942E
:1017900064E700BF10CF0124700000241AA90AA832
:1017A000F4F704F804460028DBD00AA8F3F7DCFFBE
:1017B000EB691B78C0B28342D3D10AA8D5F820A028
:1017C000FAF790FD4AE72B6A1BB9029B83F00104EC
:1017D00044E7AB6A002BF8D1012301931C463DE797
:1017E000697C914208D1B8F1000F05D1EA6A002A5C
:1017F00008DD98460446DDE62B7C1BB1AB7C9342AA
:1018000007D001240E98FAF7F6FD002808BF00243F
:1018100024E7B8F1000F07D147B1F9B20DA8F2F7EC
:1018200022FA4446039FC5E64446EBE73C46E9E717
:101830001AA90AA8F3F7BAFFA8B90024032E3FF4A7
:1018400011AF1AA90AA8F3F7B1FFD0B10AA8F3F7AC
:101850008BFF049BC0B29B691B5C1A0711D50AA8B9
:10186000FAF740FDEDE70AA8F3F77EFF049BC0B24C
:101870009B691B5C1907E0D50AA8FAF733FD012420
:10188000DCE70136002C7FF466AED9F8003043F077
:101890000403C9F8003047E70024DFE603265AE6D0
:1018A000029C0326EEE70124DCE6EC69E6E65645F9
:1018B0003FF4EFAE0AA8F3F757FFA35DC0B283422F
:1018C000E3D10AA8FAF70EFD0136D8E6002CDCD0E9
:1018D000DFE6F9B20EE700BF2DE9F04F91B00AA99B
:1018E00081E80C00DDE91C3903F16C040690204608
:1018F000FBF716F904902046FBF716FC00F13803BD
:101900000793036A05461BB1836A003B18BF012396
:1019100002932B7C9A4C0D941BB120210DA8F2F759
:10192000C4F820210EA80E94F2F7BFF805F1390390
:10193000002608936B6B0F93B04637460396B2466A
:1019400001960FAB9B5D042B61D8DFE813F08E018D
:1019500067012F00FE000500DFF828B21AA90AA8C7
:10196000F3F724FF03460446002800F040810AA84C
:101970000993F3F7F9FE0A21C2B208980592FAF723
:1019800091FD059A099B002800F02081079BC01A51
:10199000DBF80030195C0EA8F2F765F97C1C039F98
:1019A0000AA8FAF79FFC03972746D7E71C9BDB683A
:1019B00098051FD4BAF1010F1CD8DEB1012E0BD14E
:1019C000029BBBB99DF83C30032B13D09DF83E30F1
:1019D000012B0FD00226B4E7022E40F05A819DF869
:1019E0003F30042B06D0029A002A00F04D81032BD1
:1019F00040F04C81AB6905934FF0000B1AA90AA87F
:101A0000F3F7D4FE059B044618B99B4512D1012477
:101A10001AE09B4518D00AA8F3F7A6FE6A6912F8E7
:101A20000B20C0B2824205D10AA8FAF75BFC0BF189
:101A3000010BE3E7BBF1000F40F024811C9BDC6845
:101A400084F40074C4F340240136042E40F0108165
:101A5000BAF1010F40F23081002C00F00C81019BA3
:101A6000002B00F018816C6A01261AA90AA8F3F766
:101A70009DFE002840F01181564540F0FC800E98F4
:101A8000FAF7B9FC012810D9002230210EA8F1F78D
:101A900058FE024648B1431C03D10E98FAF7ABFC3E
:101AA000421E00210EA8FAF7B9FC019B73B10EA8E3
:101AB000F1F736FF0E9B1B78302B07D00EA8F1F7FD
:101AC00038FF2D2201460EA8F1F770FF0D98FAF7A6
:101AD00092FCA0B1B8F1000F00F0F1809DF80C105D
:101AE0000DA8F2F7C0F8D5E902010DAA08F088FAAE
:101AF00028B9D9F8003043F00403C9F80030B8F130
:101B0000000F03D0EB6ABB4240F0B5801E980EA9CF
:101B1000F1F702FE0AAC1AA92046F3F734FE28B109
:101B2000D9F8003043F00203C9F8003094E803000C
:101B3000069B83E803000EA8FAF78AFC0DA8FAF7C3
:101B400087FC069811B0BDE8F08F2B6AE3B9AB6A49
:101B5000002B2ED01AA90AA8F3F728FE044640B39A
:101B60000AA8F3F701FE6B6A1B78C0B2834220D14A
:101B70000AA8D5F828A0FAF7B5FB019464E700BFDE
:101B800010CF0124700000241AA90AA8F3F70EFE52
:101B900004460028DBD00AA8F3F7E6FDEB691B78C2
:101BA000C0B28342D3D10AA8D5F820A0FAF79AFB95
:101BB0004AE72B6A1BB9029B83F0010444E7AB6A36
:101BC000002BF8D1012301931C463DE7697C91422B
:101BD00008D1B8F1000F05D1EA6A002A08DD98465D
:101BE0000446DDE62B7C1BB1AB7C934207D001247D
:101BF0000E98FAF700FC002808BF002424E7B8F18B
:101C0000000F07D147B1F9B20DA8F2F72CF84446FE
:101C1000039FC5E64446EBE73C46E9E71AA90AA854
:101C2000F3F7C4FDA8B90024032E3FF411AF1AA99D
:101C30000AA8F3F7BBFDD0B10AA8F3F795FD049B02
:101C4000C0B29B691B5C1A0711D50AA8FAF74AFBB8
:101C5000EDE70AA8F3F788FD049BC0B29B691B5C03
:101C60001907E0D50AA8FAF73DFB0124DCE70136A5
:101C7000002C7FF466AED9F8003043F00403C9F8B5
:101C8000003047E70024DFE603265AE6029C0326DD
:101C9000EEE70124DCE6EC69E6E656453FF4EFAEFC
:101CA0000AA8F3F761FDA35DC0B28342E3D10AA89D
:101CB000FAF718FB0136D8E6002CDCD0DFE6F9B2E3
:101CC0000EE700BF2DE9F0438DB006AC84E80C00B0
:101CD000DDE9173809AFCDE9038702938C4614ABD1
:101CE00018490991054693E803009DF858208DE8AE
:101CF00003000AAEFAB194E80C0061463046FFF7E3
:101D0000F5FB96E80300DDF8249084E80300EDF786
:101D1000A3FC19990A9033464246484607F0C8FE8C
:101D200094E8030085E803003846FAF791FB28465B
:101D30000DB0BDE8F08394E80C0061463046FFF733
:101D4000CBFDDEE710CF01242DE9F04F8DB006ACBE
:101D5000DDF864B09DF8609007460BF16C0084E8F4
:101D60000C008A46FAF7DCFE1A9B1F490991CDE95F
:101D700002B309AE049616AB804693E803008DE8E3
:101D800003000AAD94E80C0051462846B9F1000F53
:101D900026D0FFF7ABFB95E8030084E80300099821
:101DA000FAF729FB054680B101461B98F1F756FF6B
:101DB000DDF824A01B98F1F7B3FD1B9B55441B686D
:101DC0002A4651464046FAF74CFB94E8030087E860
:101DD00003003046FAF73CFB38460DB0BDE8F08F03
:101DE000FFF77AFDD7E700BF10CF0124244B1A6814
:101DF000D0075CBF01221A60224B1A68D1075CBF72
:101E000001221A60204B1A68D2075CBF01221A60B7
:101E10001E4B1A68D0075CBF01221A601C4B1A685F
:101E2000D1075CBF01221A601A4B1A68D2075CBF47
:101E300001221A60184B1A68D0075CBF01221A6091
:101E4000164B1A68D1075CBF01221A60144B1A683E
:101E5000D2075CBF01221A60124B1A68D0075CBF20
:101E600001221A60104B1A68D1075CBF01221A6068
:101E70000E4B1A68D2075CBF01221A60704700BF80
:101E8000D8CF0124D4CF0124D0CF0124CCCF01243A
:101E9000C8CF0124C4CF0124C0CF0124BCCF01246A
:101EA000B8CF0124B4CF0124B0CF0124ACCF01249A
:101EB00038B545682B6853F80C3C1D440446EB6864
:101EC0009B0410D507F089FA68B9A86F58B100F0E3
:101ED00082FB013007D163681A6852F80C0C0121AB
:101EE0001844F9F76DFF204638BD036853F80C3CE1
:101EF000034413B59B6F0446CBB10146684600F01E
:101F000019F89DF800307BB1236853F80C3C23444A
:101F1000986F00F060FB013006D1236853F80C0C79
:101F200001212044F9F74CFF6846FFF7C1FF204626
:101F300002B010BD38B5002303700B68416053F840
:101F40000C3C0B440546186F0C4618B15B690BB985
:101F5000FFF7CBFF236853F80C0C204443691BB9EF
:101F600001232B70284638BDDB07FBD50421F9F788
:101F700027FFF7E703460846D3E901128A4230B546
:101F800014D9411C0ED012F8014C1D6AC1B28C420A
:101F900001D0ED060AD5551E8C429D6001D002F895
:101FA000011C30BD013A9A600020FAE74FF0FF3083
:101FB000F7E7000010B5074B044640F8243B00F05B
:101FC00078FB2046044B40F81C3BEDF79FFB204676
:101FD00010BD00BF2C390608003A060810B50446AB
:101FE000FFF7E8FF204607F091F9204610BD43694E
:101FF0004BB1C2680AB19A4205D2026AC3601207A5
:1020000058BFC0E901337047036A1B0710B5044687
:1020100005D5FFF7ECFFD4E90230C01A10BD4FF030
:10202000FF30FBE7036A1B0710B5044602D44FF0EC
:10203000FF3010BDFFF7DBFFD4E902329342F6D246
:102040001878F6E770B5DDE90434C0E904110949F0
:1020500082616FF00045B3F1004F74F100064269F0
:1020600002DA1A44426170BD2A445B18426164F18D
:102070000004F0E7010000802DE9F04F0D4685B027
:10208000814614461E46DDE90E720023C9E902337B
:102090002B6A4FF0FF3002EA03084FF0FF31C9E925
:1020A000000108F00800C8F3C00308F01001C8F3ED
:1020B0000018A0B1A9B1B7F1010B18BF4FF0010B87
:1020C00082F0100113EA111182F0080208EAD20826
:1020D00009D06A6882B954EA06033AD10CE0834613
:1020E000EEE78B46ECE72A69002A58D0B8F1000FDA
:1020F00002D1BBF1000F2CD02846CDE90212FFF728
:1021000076FF012FDDE9021227D1AB686F699B1AB8
:102110001819A7EB020746EBE37317EB040A46EB2B
:10212000E77704461E4611B9BBF1000F33D0002EED
:102130000ADBEB689B1AD917A342B141A1BF6B68B8
:10214000C9E900461B19AB60B8F1000F0FD0002F92
:1021500011DA484605B0BDE8F08F022F04D1EB68D4
:102160009B1A1C1946EBE376A2463746DBE7BBF128
:10217000000FECD1EDE7EB689B1ADA175345BA4133
:10218000E7DBCDE900A72846AA692969FFF75AFFCE
:10219000C9E900A7DDE7B8F1000FD8D1D9E754EAC3
:1021A0000603A3D0D5E782B02DE9F3470C460AA970
:1021B00081E80C00164698464FF0FF324FF0FF338F
:1021C000C0E900230023C0E902330E9F236A1F40A9
:1021D00017F0080A14BFD4F80490D4F810900546FC
:1021E000B9F1000F02D156EA080323D117F0180FF6
:1021F00020D02046FFF7FBFEB8F1000F1ADBE368A2
:10220000A3EB0903DA17B34272EB080212DBBAF14F
:10221000000F02D063683344A360FB0606D5CDE906
:1022200000682046A2692169FFF70CFF0AAB0FCBBB
:1022300085E80F00284602B0BDE8F04702B07047BD
:102240002DE9F347856A04469A46036A2430174607
:102250000E460D4403F0080803F0100900F0BCFA24
:10226000626A964217BFED1932182A460027B8F164
:10227000000F03D03744C4E902756660B9F1000F5E
:102280000DD00023CDF800A0019331462046FFF782
:10229000D9FEB8F1000F02D1C4E90155E56002B0E2
:1022A000BDE8F08708B511F00303016218BF836A27
:1022B000416A0022FFF7C4FF08BD38B5044639B1B2
:1022C000002A05DB456A002383622B70FFF7B8FF05
:1022D000204638BD2DE9F041036A0D46D90688B085
:1022E00004466AD56A1C66D000F12407384600F01F
:1022F00073FAD4E90413A269561A864220D25B1AF3
:10230000666ADA17CDE90032314632182046FFF707
:1023100099FE236A1B070AD5D4E901135B1AF21848
:10232000E3685B1A0133C4E901623344E360636923
:102330001D70636901336361284608B0BDE8F08110
:102340009342F5D36FF04043984236D04100994212
:1023500028BF1946B1F5007F04AA4FF0000638BF28
:102360004FF4007102A8029203968DF8106000F0FD
:1023700099FA23695FFA85F83BB1A269D21A0092F3
:102380003146039A02A800F073FB414602A800F010
:10239000A4FA02A9384600F057FCD4E90430D4E985
:1023A0000121C31A8A1A2046616AFFF749FF02A871
:1023B00000F07FF9BDE70025BEE74FF0FF35BBE732
:1023C00010B5044681B10B4B036008221433A350AF
:1023D000002363608B0705D52046074B40F8083F74
:1023E000F9F75CFD204610BD10682060536850F876
:1023F0000C2CECE7E83206088C32060870B504466F
:1024000015460E46C1B1104B036044221433A3504D
:1024100004F10800FFF7CEFDA6B92A1D00212046D1
:10242000FFF7CEFFB30705D52046084B40F8443FE1
:10243000F9F734FD204670BD12680260EB6852F86F
:102440000C2CE4E7024AE9E7A83906088C320608B2
:10245000903906080A460021FFF7D0BF002202216A
:10246000FFF7CCBFD0F800C0ACF10C0CDCF800C01A
:102470006044F3E710B50446FFF7F0FF204606F08E
:1024800045FF204610BDD0F800C0ACF10C0CDCF8C4
:1024900000C06044EEE77047704730B500224FF04F
:1024A000FF344FF0FF35C0E90045C0E9022230BDDE
:1024B00082B08DE80C004FF0FF334FF0FF32C0E9DF
:1024C00000230023C0E9023302B0704700207047A8
:1024D000002070474FF0FF307047036810B55B6A0B
:1024E00004469847431C1EBFA36813F8010BA36062
:1024F00010BD4FF0FF3070474FF0FF3070470000C5
:1025000010B5044B044640F81C3BEDF7FFF820469D
:1025100010BD00BF003A060810B50446FFF7F0FFF3
:10252000204606F0F3FE204610BD2DE9F84306468E
:102530000F4690460025454502DB2846BDE8F88356
:10254000D6E90504241A11D0A8EB05094C45C8BFEB
:102550004C4639462246D8BFA1460CF092FA736920
:102560004D442344A84527447361E4DD336839783A
:102570005B6B304698470130DFD001350137DAE731
:102580002DE9F84307460C4690460026464502DBF7
:102590003046BDE8F883D7E902156D1A11D0A8EBD3
:1025A00006094D45C8BF4D4620462A46D8BFA94614
:1025B0000CF067FABB684E442B44B0452C44BB601A
:1025C000E4DD3B6838469B6A9847431CE0D004F83A
:1025D000010B0136DAE703689B691847D0E902214D
:1025E0008A42034602D303689B6A184712F8010B1C
:1025F0009A607047D0E902218A4202D303685B6A7D
:1026000018471078704710B50446FFF7E7FF431CE2
:1026100002D02046FFF7EEFF10BD03681B6B184782
:10262000D0E902218A4202D303685B6A1847106826
:10263000704703681B6B18470AB10CF022BA704749
:102640000B4611461A460BB1DDF75ABE18467047C5
:10265000081E08B501DAF9F775FBBDE80840ECF78C
:102660002BBF50F8083B1B1A5842584170470000D6
:102670000B68B3F1804F10B502D30B48F9F76EFB2E
:1026800093420BD9B3EB420F4FEA420406D2B4F1A6
:10269000804F2ABF6FF040430C600B600968013126
:1026A000FFF7D6FF10BD00BFF4690508006806F00B
:1026B0002DBE10B50446FFF7D4FF18B9A168204617
:1026C000FFF7F4FF10BD000008B5034608465B683D
:1026D0009842114603D902460148F9F745FB08BD67
:1026E000BC680508406801F180410139091A91422E
:1026F00008B502D21846F9F731FB08BD03688B42D2
:1027000006D842681344994294BF002001207047C4
:1027100001207047012A10B404D10A785DF8044BF7
:10272000027070475DF8044BFFF786BF012A30B492
:1027300003D10B78037030BC7047002AFBD030BC4B
:102740000AF046BB0B46012B10B41146044603D1D8
:1027500022705DF8044B7047002BFAD05DF8044BF3
:102760001A460AF04FBB37B50F29044601911546AA
:1027700006D9002201A9FFF77BFF019B2060A3601F
:10278000019919B120682A46FFF7DCFF019B2268F6
:1027900063600021D15403B030BD08B5521AFFF771
:1027A000B9FF08BD08B5521AFFF7B4FF08BD38B528
:1027B00004461546084611446268521A05D025B1F0
:1027C000236819441844FFF7B1FF636822685B1B54
:1027D00000216360D15438BD10B50446FFF741FFB6
:1027E00008B9A06810BD0F20FCE78842F7B5044681
:1027F0000E461DD04D68FFF7EFFFA842024611D2EA
:1028000001A920460195FFF733FF07462046FFF751
:1028100050FF019B2760A360316820682A46FFF7BC
:1028200079FF01E0002DF7D12368656000225A5539
:1028300003B0F0BD2DE9F3470A9E1F46436801EB44
:102840000208B21A1A4404460D46A3EB0809019285
:10285000FFF7C2FF01A902462046FFF709FF8246A3
:102860001DB121682A46FFF755FF37B12EB1324618
:1028700039460AEB0500FFF74DFFB9F1000F07D00D
:10288000216835444A4641440AEB0500FFF742FF00
:102890002046FFF70EFF019BC4F800A0A36002B022
:1028A000BDE8F08737B504460191FFF795FF019B1E
:1028B000834202460FD901A92046FFF7D9FE62687C
:1028C000216801320546FFF725FF2046FFF7F1FE9C
:1028D000019B2560A36003B030BDF7B54668044690
:1028E0000F46FFF779FF751C854207D90123009336
:1028F00000231A4631462046FFF79CFF23689F5568
:102900002368656000225A5503B0F0BD08B54168E0
:1029100001220139FFF74BFF08BD00002DE9F74305
:1029200016461D4604461B4B2A460F463146FFF706
:10293000D9FE2046FFF750FFD4F80490A5EB060817
:10294000C84440451DD3F319B9EB030207D0AE428A
:1029500005D02068384481192844FFF7E7FE35B1D7
:1029600020689DF8282029463844FFF7EBFE2368AD
:10297000C4F804800022204603F8082003B0BDE814
:10298000F08300950023324639462046FFF752FF78
:10299000E5E700BF3269050807B500920B46002243
:1029A0004168FFF7BBFF03B05DF804FB10B5446856
:1029B0008C42034603D2091BFFF7EEFF10BD81BF17
:1029C0000368416000225A54F8E708B50022FFF777
:1029D000EDFF08BD37B503680092CC1A0546012308
:1029E00000222146FFF79AFF2868204403B030BD3B
:1029F0002DE9F041DDE906680D4617461C4636B163
:102A0000964230D8324619462846FFF78FFEB8F175
:102A1000000F11D0BE420FD04246E919A819FFF7A6
:102A200085FEBE4208D9EB19A219934206D332465D
:102A300021462846FFF77AFEBDE8F081A34208D878
:102A4000641BE41B3444324629192846FFF762FE12
:102A5000F2E71F1B3A4621462846FFF767FEF21BA6
:102A6000A919E819F2E7B8F1000FD5D1DBE70000AA
:102A70002DE9F74F0C9E1546044632460F46984600
:102A80002946214BFFF72EFE2046FFF7A5FED4F87E
:102A900004B0A6EB050ADA4450452DD3236841461D
:102AA00003EB070920462F44ABEB0707FFF726FE91
:102AB000C8B147B1B54206D03A4609EB050109EB6A
:102AC0000600FFF733FE26B1324641464846FFF77F
:102AD00021FE2368C4F804A00022204603F80A203F
:102AE00003B0BDE8F08FCDE9006743462A4649466A
:102AF0002046FFF77DFFECE7009643462A4639461D
:102B00002046FFF797FEE4E7226A0508F7B504467A
:102B10001546094A0F461E46FFF7D6FD6268089B18
:102B20000093D21BAA420146334628BF2A462046BC
:102B3000FFF79EFF03B0F0BD0C6A050807B55368A8
:102B4000009313680022FFF7E1FF03B05DF804FB78
:102B500073B50546104614460E46DDF721FC2346A4
:102B60000090002231462846FFF7D0FF02B070BD2A
:102B70002DE9F341D0F80480044602EB08070E4625
:102B80001546FFF729FEB8420ED32DB120682A461C
:102B900031464044FFF7BEFD2368676000222046AF
:102BA000DA5502B0BDE8F081009533460022414677
:102BB0002046FFF73FFEEFE770B5064B04460D4693
:102BC00016460021FFF78EFD324629462046FFF7C4
:102BD000CFFF70BDE75D050808B5D1E90012FFF72A
:102BE000EBFF08BD70B5044608460D46DDF7D8FB7F
:102BF000064B0646024600212046FFF773FD32468B
:102C000029462046FFF7B4FF70BD00BFE75D050809
:102C10002DE9F041064690460F460A4A19461D46E0
:102C2000FFF752FD7468641B444528BF44462CB12D
:102C30003168224629443846FFF76CFD2046BDE83E
:102C4000F08100BFF36805082DE9F043884285B0A4
:102C500005460C4635D0FFF704FD06462046FFF733
:102C600000FD002E4AD06F68002838D06668D7B1C2
:102C700004F1080805F1080901372EB30136324680
:102C800041466846FFF7D8FC3A4649464046FFF7BA
:102C9000D3FC324669464846FFF7CEFC6B68626853
:102CA0006A6063600DE0002EF8D0721C04F1080128
:102CB00005F10800FFF7C0FC63686B60236867607C
:102CC0001F7005B0BDE8F0833A4649464046FFF71D
:102CD000B3FC6B6863602B686E601E70F1E726467C
:102CE0007A1C56F8088F05F108013046FFF7A4FC5E
:102CF00023682B602660C5F80880CFE7AF6868B10D
:102D0000626805F10806013204F108013046FFF758
:102D100093FC2B6823602E60A760BFE722682B68B6
:102D20002A602360A368AB60F6E738B54568AA421D
:102D3000134608D204680A46E018E91AFFF780FC37
:102D400008B1001B38BD4FF0FF30FBE7F8B5446811
:102D5000A3420E461D460CD8E41A9442076828BFC9
:102D600014462A4631463819F0F748FC18B1631E5C
:102D70001CB94FF0FF342046F8BD1C46F1E770B592
:102D8000054608460C461646DDF70AFB3246034662
:102D900021462846FFF7DAFF70BD2DE9F041D0F853
:102DA000048005460E461F461446444504D34FF0A2
:102DB000FF342046BDE8F0812B6839461A5D304665
:102DC000FFF73EFC0028F4D00134EEE770B505466D
:102DD00008460C461646DDF7E3FA3246034621461E
:102DE0002846FFF7DAFF70BD10B503464468104669
:102DF000A04202D34FF0FF3010BD1A68125C8A4225
:102E0000FAD10130F4E738B545684C6800680968C4
:102E1000A5422A4628BF2246F0F7F0FB00B9281B3E
:102E200038BD73B5531A0F2B04460D461646019351
:102E300006D9002201A9FFF71BFC019B2060A360BB
:102E4000324629462068FFF7ADFC019B226863608B
:102E50000021D15402B070BD2DE9F041984600F137
:102E600008030D46174603600E680B4A04463946B0
:102E70002846FFF729FC6A683118D21B20464FF01C
:102E80000003424594BF8A1801EB0802FFF7C9FF0F
:102E90002046BDE8F08100BF3B6A050870B50D46CD
:102EA000044611462846064A1E46FFF70DFC3346E7
:102EB000024629462046FFF7CFFF204670BD00BFDF
:102EC000566A05088368586970478368986970472F
:102ED0008368586B70478368986B82B002B0704704
:102EE0008368D86B82B002B07047836858697047B6
:102EF0008368986970478368586B70478368986BDC
:102F000082B002B070478368D86B82B002B070475D
:102F10008368586A70478368986A704700207047D2
:102F20000020704770470020914200D3704751F84D
:102F3000043B03EB7060F7E710B5034B03600446F6
:102F4000ECF767FB204610BDAC3E060810B5034BFE
:102F500003600446ECF75DFB204610BDE83E060822
:102F600010B5034B03600446ECF753FB204610BD3D
:102F7000E83F060810B5034B03600446ECF749FB35
:102F8000204610BD0040060810B5034B0360044600
:102F9000ECF73FFB204610BD183F060810B5034B69
:102FA00003600446ECF735FB204610BD18400608C8
:102FB00010B5034B03600446ECF72BFB204610BD15
:102FC0002C40060810B50446FFF7B6FF204606F071
:102FD0009DF9204610BD10B50446FFF7B7FF204607
:102FE00006F094F9204610BD10B50446FFF7B8FF6F
:102FF000204606F08BF9204610BD10B50446FFF7B9
:10300000B9FF204606F082F9204610BD10B50446EF
:10301000FFF7BAFF204606F079F9204610BD10B53B
:103020000446FFF7BBFF204606F070F9204610BDAE
:1030300010B50446FFF7BCFF204606F067F92046AE
:1030400010BD000010B5054B044640F8083B06F0E3
:1030500089FD2046ECF7DDFA204610BDA03F0608AA
:1030600010B50446FFF7EEFF204606F04FF9204664
:1030700010BD000010B5054B044640F8083B06F0B3
:1030800071FD2046ECF7C5FA204610BD2C3E06081F
:1030900010B50446FFF7EEFF204606F037F920464C
:1030A00010BD000038B50D4B036005690446ECF710
:1030B000DDFA854203D015B1284606F029F9A0684B
:1030C00010B103685B68984704F10C0006F04AFDF4
:1030D0002046ECF79EFA204638BD00BF283F060880
:1030E00010B50446FFF7DEFF204606F00FF9204634
:1030F00010BD000088422DE9F04104460D4618D06D
:10310000A0B10F1ABF1000213846F0F777FE00F18A
:103110000C080646214640462A46F0F7EBFD3946A4
:103120003046F0F75FFE4046BDE8F0810248F8F710
:1031300012FEDFF80880F6E74A68050820CF012470
:10314000D0E902218A4202D20432826070470368C9
:103150009B6A184770B5054616460C4651B108469D
:1031600009F0A1FE04EB800132462046FFF7C2FFC2
:10317000286070BD6FF00301F6E713B58B6801AAF4
:10318000D9690446FFF7E6FF204602B010BD13B52B
:103190008B6801AA59690446FFF7DCFF204602B09C
:1031A00010BD13B58B6801AAD96A0446FFF7D2FF98
:1031B000204602B010BD13B58B6801AA596A0446B7
:1031C000FFF7C8FF204602B010BD13B58B6801AAF7
:1031D000D9690446FFF7BEFF204602B010BD13B503
:1031E0008B6801AAD96A0446FFF7B4FF204602B0F3
:1031F00010BD13B58B6801AA596A0446FFF7AAFFF0
:10320000204602B010BD13B58B6801AAD9690446E7
:10321000FFF7A0FF204602B010BD50F80C0C70471D
:1032200010B5FFF7FAFF0C46A0421146034603D241
:1032300002482246F8F798FD204610BDBC680508F4
:103240002DE9F041076815460446094A38460E46FE
:10325000FFF7E6FF01463846FFF7DFFF821BAA4271
:1032600028BF2A4620460023BDE8F041F0F71EBEE5
:103270001E69050810B40468E46AA4465DF8044BAE
:1032800060470A2807D82F2917D93030814214D235
:10329000A1F130007047A1F1300009280FD9A1F148
:1032A0006103052B02D8A1F157007047A1F141033A
:1032B000052B02D8A1F1370070474FF0FF3070475F
:1032C00010B504460068FFF73BFF4FF0FF33636023
:1032D00010BD00002DE9F843074615460C46D9B14C
:1032E0000846DDF75DF804EB00094C45064616D0AC
:1032F0002A460021F0F744FA00F10C080546214661
:1033000040464A46F0F7A8F931462846F0F72CFA2D
:10331000C7F80080BDE8F8830248F8F71CFDDFF825
:103320000880F5E74A68050810CF012413B58B68BB
:1033300001AA99680446FFF7CDFF204602B010BDF0
:1033400013B58B6801AA99680446FFF7C3FF2046AE
:1033500002B010BD13B58B6801AA99680446FFF747
:10336000B9FF204602B010BD07B5006801A90C38AE
:10337000F0F78EFD03B05DF804FB50F80C0C7047BD
:1033800070B505460068FFF7F8FF8142034604D98F
:103390000A4607480749F8F7E7FC441AA24228BF43
:1033A000224628460023BDE87040F0F759BA00BF16
:1033B000BC6805081E69050807B5006801A90C3836
:1033C000F0F72AFA03B05DF804FB0B4611461A46E3
:1033D0000BB109F073BD1846704700002DE9F347A3
:1033E00016461C462A4B03606A4607468846304606
:1033F0002146FFF77FFE274B01900546FFF70DFFA3
:10340000A41B9C424FEA640605EB800994BFB00000
:103410004FF0FF3005F0ECFF6FF0604A04462A469B
:1034200033462146404606F00DFD8642024613D83B
:10343000461C14B1204605F06BFF564534BFB00062
:103440004FF0FF3005F0D4FF2A46014604463346CC
:10345000404606F0F7FC024621463846F0F786FE65
:10346000284609F020FD05EB8000814505D0051DAB
:1034700000213846F0F711FFD1E714B1204605F0DE
:1034800047FF01A8FFF770FF384602B0BDE8F0879C
:1034900020CF0124FCFFFF3F2DE9F04385B080469B
:1034A0000846114603AA1C46FFF724FE0C99029019
:1034B000814601AA2046FFF71DFE054603904846B7
:1034C000FFF7ABFE09EB80072846FFF7A6FE05EBEA
:1034D00080062A464946404606F0A9FC044678B9CB
:1034E000484609F0E0FC09EB8009284609F0DBFCBE
:1034F0004F4505EB80040DD1341B18BF4FF0FF344E
:1035000003A8FFF731FF02A8FFF72EFF204605B002
:10351000BDE8F083A64203D009F10409251DD8E7D0
:103520000124EDE7F0B589B006AE86E80C00139AE9
:103530000B680592129A0492119A03929DF840200A
:1035400002920EAA04460D4692E803008DE803009D
:1035500020469F68294696E80C00B847204609B0E7
:10356000F0BDF0B589B006AE86E80C00139A0B6882
:103570000592129A0492119A03929DF840200292A9
:103580000EAA04460D4692E803008DE8030020468B
:10359000DF68294696E80C00B847204609B0F0BD20
:1035A00070B586B004AC84E80C000C9A02920B9AB9
:1035B00001920B689DF8282000929E6894E80C0008
:1035C0000546B047284606B070BD70B586B004AC5D
:1035D00084E80C000D9A03920C9A02920B9A0192C5
:1035E0000B689DF828200092DE6894E80C000546E0
:1035F000B047284606B070BD00390B4A026018BFBC
:1036000001210022C0E90222C0E90522C0E9072207
:10361000C0E90922C0E90B22C0E90D224160027411
:10362000C26380F86C2070479417060800390B4A73
:10363000026018BF01210022C0E90222C0E9052270
:10364000C0E90722C0E90922C0E90B22C0E90D2226
:1036500041600274C26380F86C20704784170608CA
:1036600003689B6818470368DB68184710B50B6848
:1036700004461B699847204610BD10B50B680446E8
:103680005B699847204610BD10B50B6804469B69DE
:103690009847204610BD10B50B680446DB69984773
:1036A000204610BD03681B6A184703685B6A82B036
:1036B00002B0184703689B6A82B002B018470368DB
:1036C0009B6818470368DB68184710B50B68044609
:1036D0001B699847204610BD10B50B6804465B690E
:1036E0009847204610BD10B50B6804469B69984763
:1036F000204610BD10B50B680446DB69984720468C
:1037000010BD03681B6A184703685B6A82B002B089
:10371000184703689B6A82B002B018470039094A0B
:10372000026018BF01210022C0E90222C0E905227F
:10373000C0E90722C0E909224160027480F824210F
:10374000704700BFB417060803689B6818470368F2
:10375000DB68184710B50B6804461B69984720467C
:1037600010BD10B50B6804465B699847204610BD34
:1037700010B50B6804469B699847204610BD0000B1
:10378000003A084B18BF012210B542600360816007
:103790000446EBF76BFF00212061204606F0DEFEB9
:1037A000204610BD283F060883689A680A60DB68D7
:1037B0004B60704783681A690A605B694B607047A9
:1037C00083689A690A60DB694B60704783681A6A8C
:1037D0000A605B6A4B6070478368DA6A0A601A6B3A
:1037E0004A605A6B8A609A6BCA60DA6B0A611A6C1B
:1037F0004A615B6C8B61704783689A6C0A60DA6C13
:103800004A601A6D8A605A6DCA609A6D0A61DA6DF3
:103810004A611B6E8B61704783685A6E0A609A6EAC
:103820004A60DA6E8A601A6FCA605A6F0A619A6FCC
:103830004A61DA6F8A61D3F88020CA61D3F88420A4
:103840000A62D3F888204A62D3F88C208A62D3F8BF
:103850009030CB6270478368D3F894200A60D3F825
:1038600098204A60D3F89C208A60D3F8A020CA60D0
:10387000D3F8A4200A61D3F8A8204A61D3F8AC2079
:103880008A61D3F8B020CA61D3F8B4200A62D3F8B1
:10389000B8204A62D3F8BC208A62D3F8C030CB6229
:1038A000704703689B681847F0B589B006AE86E894
:1038B0000C00129A0B680492119A0392109A0292C9
:1038C0000EAA04460D4692E803008DE80300204648
:1038D000DF68294696E80C00B847204609B0F0BDDD
:1038E000F0B589B006AE86E80C00129A0B68049217
:1038F000119A0392109A02920EAA04460D4692E87B
:1039000003008DE8030020461F69294696E80C0055
:10391000B847204609B0F0BDF0B589B006AE86E8DC
:103920000C00129A0B680492119A0392109A029258
:103930000EAA04460D4692E803008DE803002046D7
:103940005F69294696E80C00B847204609B0F0BDEB
:10395000F0B589B006AE86E80C00129A0B680492A6
:10396000119A0392109A02920EAA04460D4692E80A
:1039700003008DE8030020469F69294696E80C0065
:10398000B847204609B0F0BDF0B589B006AE86E86C
:103990000C00129A0B680492119A0392109A0292E8
:1039A0000EAA04460D4692E803008DE80300204667
:1039B000DF69294696E80C00B847204609B0F0BDFB
:1039C000003910B5054B036018BF01214160044662
:1039D000EBF742FEA060204610BD00BFA03F0608E6
:1039E00003689B68184773B5079E01960D68069E8D
:1039F0000096ED680446A847204602B070BD0368F3
:103A00001B69184710B40468A468A4465DF8044B09
:103A1000604738B50D680446ED68A847204638BDB4
:103A200010B504460348EBF797FE23685B6853F82C
:103A3000200010BD24CF012408B5FFF7F1FF08B91D
:103A4000F8F786F908BD000010B504460348EBF707
:103A500083FE23685B6853F8200010BD50D001241A
:103A600008B5FFF7F1FF08B9F8F772F908BD0000D3
:103A70002DE9F043044685B008460F46FFF7F0FFF6
:103A80000146054601A8FFF765FE0198FFF775FCA2
:103A9000E06005F0ADFC00230146E268064601A89F
:103AA000EFF71CFEE3682BB196F90030002BD4BF72
:103AB000002301232374294602A8FFF752FE02982F
:103AC000FFF7ABFB6FF060429042A06134BF800013
:103AD0004FF0FF3005F08CFCA269002380460146C0
:103AE00002A8F0F74BF9294603A8FFF741FE039817
:103AF000FFF793FB6FF060429042206234BF80007A
:103B00004FF0FF3005F074FC226A01460023814625
:103B100003A8F0F733F92846FFF716FE606228463F
:103B2000FFF715FEA0623846FFF786FF124B1968B3
:103B300004F12C0301F124020546FFF79BFB0F4B18
:103B40001968284601F11A0204F1BC03FFF792FB41
:103B5000012384F8243103A8A660C4F81480C4F8B3
:103B60001C90FFF701FC02A8FFF7FEFB01A8FFF77E
:103B700023FC05B0BDE8F083680000246C0000243D
:103B80002DE9F04105461048EBF7E6FD2B68DF68AC
:103B900057F820800446B8F1000F10D14FF494700C
:103BA000EBF78AFC41460646FFF7B8FD294630464A
:103BB000FFF75EFF286822463146EBF787FE57F88D
:103BC0002400BDE8F08100BF50D0012410B50446A8
:103BD0000348EBF7C1FD23685B6853F8200010BD74
:103BE00058D0012408B5FFF7F1FF08B9F8F7B0F88D
:103BF00008BD000010B504460348EBF7ADFD23688F
:103C00005B6853F8200010BD54D0012408B5FFF7BD
:103C1000F1FF08B9F8F79CF808BD000010B504469C
:103C20000948EBF799FD2368D3E90123984209D2AB
:103C300052F8200030B1BDE81040044A0449002386
:103C400005F068BB002010BD4CD001247C3B060869
:103C5000740F060808B5FFF7E1FF08B9F8F778F820
:103C600008BD2DE9F043DDE9076400252F4603F187
:103C7000FF3E12F807C0A4EB0608BCEBA80F02EB4E
:103C8000070309DB071FA64212D14044013D14D2AD
:103C9000934222D1BDE8F0834FFA8CF9B9F1000FBD
:103CA000F0DDBE45A4EB8C048CBF01370135E0E7A5
:103CB00056F804CB47F804CFE5E701601E78844648
:103CC000B70004EB8606B44202D13E1D3044DDE766
:103CD00054F804EB4CF804EFF5E7016013F8015DCC
:103CE0000746AE0004EB8505AC4202D1351D2844E1
:103CF000CEE754F804CB47F804CFF5E7F7B5DDE994
:103D0000087408461946DDE90A36CFB1FD1AAD1030
:103D100003EB850CCDE9003C134602462046FFF735
:103D2000A0FF041BA41047B13268521B02D03946D1
:103D300009F0D3F833685B1B1C44346003B0F0BD5A
:103D40003568E5E773B5099CDDE907500E4619466D
:103D5000236800EB8303CDE900031346284632466F
:103D6000FFF77FFF401B8010206002B070BD70B570
:103D70009DF810408CB103460A26B1FBF6F506FB10
:103D80001514043452F8244043F8044D0C46092C11
:103D90002946F2D8C01A801070BD03F04A04402CA6
:103DA0000AD1034601F007040434C90852F824403C
:103DB00043F8044DF6D1EDE713F4804F0CBF042512
:103DC0001425034601F00F042C44090952F824403D
:103DD00043F8044DF6D1DDE72DE9F04114469DF896
:103DE00020201D460746DDE90683BAB10646204677
:103DF00029460A220023DCF7A5FD043258F82230B8
:103E000046F8043D22462B460A2A73F10003044675
:103E10000D46ECD2B81B8010BDE8F08103F04A02D9
:103E2000402A0FD1064604F007030433E40858F88B
:103E3000233046F8043D44EA4574ED0854EA05038E
:103E4000F1D1E7E713F4804F0CBF04221422064699
:103E500004F00F031344240958F8233046F8043DB6
:103E600044EA05742D0954EA0503F1D1D2E738B5C7
:103E700004460868FFF7D1F96FF06043984220606C
:103E800034BF80004FF0FF300D4605F0B1FA2268D4
:103E90006060014600232846EFF770FF204638BDDA
:103EA0002DE9F041044688B008468846FFF79AFE9F
:103EB0000546014606A8FFF7E0FB06A902A8FFF7A2
:103EC000D6FF06A8FFF750FA294606A8FFF7DCFB45
:103ED00006A904A8FFF7CBFF06A8FFF745FA294675
:103EE00001A8FFF7D8FB01A906A8FFF7C0FF01A8AA
:103EF000FFF73AFA294601A8FFF7B8FB0198FFF748
:103F00003CFA064605F074FA00230746014632469D
:103F100001A8EFF7E3FBC4E902762EB197F9006040
:103F2000002ED4BF0026012626742846FFF798FBF2
:103F300060612846FFF797FB039BE361029B2362C6
:103F4000059B6362049BA362079BE362069B23635A
:103F5000A0612846FFF7A6FB60632846FFF7A5FB94
:103F6000A0632846FFF7A6FBE0634046FFF764FD29
:103F7000084B196804F1400301F10B02FFF77AF9CD
:103F8000012384F86C3001A8FFF716FA08B0BDE8E9
:103F9000F08100BF700000242DE9F04105460F4874
:103FA000EBF7DAFB2B68DF6857F820800446B8F19E
:103FB000000F0FD17020EBF77FFA41460646FFF75E
:103FC0001BFB29463046FFF76BFF28682246314627
:103FD000EBF77CFC57F82400BDE8F08158D00124B1
:103FE00038B504460868FFF718F96FF06043984247
:103FF000206034BF80004FF0FF300D4605F0F8F927
:1040000022686060014600232846EFF7B7FE20468D
:1040100038BD00002DE9F041044688B008468846C6
:10402000FFF7F4FD0546014606A8FFF755FB06A974
:1040300002A8FFF7D5FF06A8FFF796F9294606A8BC
:10404000FFF751FB06A904A8FFF7CAFF06A8FFF770
:104050008BF9294601A8FFF74DFB01A906A8FFF738
:10406000BFFF01A8FFF780F9294601A8FFF72DFB44
:104070000198FFF782F9064605F0BAF900230746D2
:104080000146324601A8EFF729FBC4E902762EB1BA
:1040900097F90060002ED4BF00260126267428461A
:1040A000FFF70DFB60612846FFF70CFB039BE36104
:1040B000029B2362059B6362049BA362079BE362EE
:1040C000069B2363A0612846FFF71BFB606328461D
:1040D000FFF71AFBA0632846FFF71BFBE06340468F
:1040E000FFF7AAFC084B196804F1400301F10B0229
:1040F000FFF7C0F8012384F86C3001A8FFF75CF9E2
:1041000008B0BDE8F08100BF700000242DE9F04147
:1041100005460F48EBF720FB2B68DF6857F8208037
:104120000446B8F1000F0FD17020EBF7C5F94146F6
:104130000646FFF77BFA29463046FFF76BFF2868F3
:1041400022463146EBF7C2FB57F82400BDE8F08168
:1041500054D001242DE9F04F8DB004A9169F03908F
:1041600007F16C04204681E80C00FFF765FC05466A
:104170002046FFF7CBFF189B026C1B681968914221
:10418000044605D0D0E909A8826B07921E4609E0D3
:10419000C26B0792D0E90BA81846FFF73EF800283B
:1041A000F4D01E1D1846FFF738F82B683246D3F8B6
:1041B0001490042106EB80032846C847851BAD10E8
:1041C000A946002D00F0BE80794B0893690008A82D
:1041D000EFF77FFF636BA5EB030BBBF1000F2BDD4C
:1041E00015EA230538BF5D46E368002B5DD00898CB
:1041F000FFF713F80021024600916B0008A8EFF7C3
:10420000DBFE08A8EFF7B4FE06EB8503CDE90063FB
:104210000898A169D4E90223FFF723FD834608A883
:10422000EFF7A6FE089BABEB03014FF0FF328910BE
:1042300008A8FFF705F8AB46636B002B0CDD61693E
:1042400008A8F0F72AF8BBF1000F34DB626B06EB2D
:104250008B0108A8EFF78AFFFD68089805F0B00306
:104260000293FEF7DAFF15F4007518BF256A504B6C
:10427000099340440544690009A8EFF72AFF029B0F
:10428000BE68102B20D1B5422CBF4FF0000B4FF071
:10429000010B4FF0000907AB13F80930042B1ED8AF
:1042A000DFE803F07469155B64002A46314608A80C
:1042B000EFF7B0FEBFE7626CCBF1000108A8EFF7A3
:1042C00095FF4A463146C4E74FF0000BE1E7FB6833
:1042D0009B0504D5D4E9071209A8EFF747FF09F1B8
:1042E0000109B9F1040FD6D1B8F1010F06D908F1CF
:1042F000FF320AF1040109A8EFF738FF099D2846AB
:10430000FEF78BFF86420AD9029B202BA6EB000406
:1043100040D1179A214609A8EFF768FF30460AAC4A
:10432000DDE90412099B00902046F5F700FB94E8B4
:104330000300049009A88DF81410FFF715F808A8D9
:10434000FFF712F8DDE904010023BB60039B83E85B
:10435000030018460DB0BDE8F08FB8F1000FBED0D5
:10436000DAF8001009A8EFF798FFB8E708A909A83C
:10437000EFF7CEFEB3E7BBF1000F05D0179A711B24
:1043800009A8EFF733FFAAE71799EBE7BBF1000F96
:10439000A5D0F3E7074A00212846FEF741FF179B07
:1043A000009301462346002209A8EFF705FEB5E772
:1043B00020CF0124B06905082DE9F04F8DB004A984
:1043C000169F039007F16C04204681E80C00FFF76C
:1043D00033FB05462046FFF7DFFD189B026C1B6888
:1043E00019689142044605D0D0E909A8826B07926A
:1043F0001E4609E0C26B0792D0E90BA81846FEF7EB
:104400000CFF0028F4D01E1D1846FEF706FF2B688F
:104410003246D3F81490042106EB80032846C8479F
:10442000851BAD10A946002D00F0BE80794B089386
:10443000690008A8EFF74DFE636BA5EB030BBBF11A
:10444000000F2BDD15EA230538BF5D46E368002B1E
:104450005DD00898FEF7E1FE0021024600916B0056
:1044600008A8EFF7A9FD08A8EFF782FD06EB850382
:10447000CDE900630898A169D4E90223FFF7F1FBB5
:10448000834608A8EFF774FD089BABEB03014FF0E0
:10449000FF32891008A8FEF7D3FEAB46636B002BF2
:1044A0000CDD616908A8EFF7F8FEBBF1000F34DB03
:1044B000626B06EB8B0108A8EFF758FEFD680898C1
:1044C00005F0B0030293FEF7A8FE15F4007518BFBF
:1044D000256A504B099340440544690009A8EFF749
:1044E000F8FD029BBE68102B20D1B5422CBF4FF0C7
:1044F000000B4FF0010B4FF0000907AB13F8093028
:10450000042B1ED8DFE803F07469155B64002A46AB
:10451000314608A8EFF77EFDBFE7626CCBF10001E2
:1045200008A8EFF763FE4A463146C4E74FF0000B98
:10453000E1E7FB689B0504D5D4E9071209A8EFF76A
:1045400015FE09F10109B9F1040FD6D1B8F1010F37
:1045500006D908F1FF320AF1040109A8EFF706FEB7
:10456000099D2846FEF759FE86420AD9029B202B58
:10457000A6EB000440D1179A214609A8EFF736FEB2
:1045800030460AACDDE90412099B00902046F5F79D
:10459000CEF994E80300049009A88DF81410FEF7F2
:1045A000E3FE08A8FEF7E0FEDDE904010023BB609E
:1045B000039B83E8030018460DB0BDE8F08FB8F107
:1045C000000FBED0DAF8001009A8EFF766FEB8E7D2
:1045D00008A909A8EFF79CFDB3E7BBF1000F05D0D0
:1045E000179A711B09A8EFF701FEAAE71799EBE7E5
:1045F000BBF1000FA5D0F3E7074A00212846FEF7DC
:104600000FFE179B009301462346002209A8EFF7EF
:10461000D3FCB5E720CF0124B06905082DE9F04FA0
:104620002DED028BB0EE408B8DB004AF07F1080486
:1046300084E80C007B6D97F850B00546884607F17A
:10464000180003F16C01EAF7EFFF07F11800FFF71C
:10465000F3F990B07860EAF7FFFF04AE4FF0000A7C
:10466000F8612D4BCDF800A08DED028B4022314634
:1046700007F11C00F0F77CFB3F28814617DD00F1B5
:10468000080323F00703ADEB030D421C3A60EAF781
:10469000E3FF04AEF8618DED028BCDF800A01E4B58
:1046A0003A68314607F11C00F0F762FB814607F1DA
:1046B000140200214846EFF7CFFB06EB090AF86128
:1046C00007F11C00EFF754FCFB697868524631464D
:1046D000FEF7D0FD07F11C030293BB6D01937B6DC8
:1046E000009394E80C0041462846BBF1000F10D01F
:1046F000FFF730FD07F11C00FEF736FE07F118004A
:10470000EBF704F828462437BD46BDEC028BBDE824
:10471000F08FFFF751FEEDE7C5690508F0B587B0EA
:1047200004AC84E80C00DDE90D320F9E9DF830707A
:104730000093CDE90126054694E80C0027B1FFF768
:1047400009FD284607B0F0BDFFF736FEF9E72DE971
:10475000F8431D46C368DDE9087603F0B003202B5B
:1047600089461446A7EB06070FD126B132462946E3
:10477000204608F0B2FB002F53D03A46494604EBDE
:104780008600BDE8F84308F0AEBB102B12D04FF006
:10479000000827B13A464946204608F0A4FBB6EB8C
:1047A00008023ED005EB880104EB8700BDE8F84322
:1047B00008F093BB6C30FFF73FF92D218046F5F7E9
:1047C000A3FB2B68984205D12B6844F8043B4FF0BB
:1047D0000108DEE72B214046F5F796FB2B6898424F
:1047E000F2D030214046F5F78FFB2B689842CED1AE
:1047F000012ECCDD78214046F5F786FB6B689842A8
:1048000007D12B6823606B6863604FF0020808349F
:10481000BFE758214046F5F777FB6B689842B6D161
:10482000EFE7BDE8F88337B5089D18462B681446B6
:10483000CDE90023DDE90623FFF789FF2C6003B0F3
:1048400030BD2DE9F04F8BB004AFC7E900103E6CCE
:1048500007F1080106F16C0081E80C00FFF790F900
:10486000F568B96C05F04A0A94B0BAF1400F0446F5
:1048700000F12C080DF1100B63D0002959DDBAF1BD
:10488000080918BF4FF001092B464246CDF80090A9
:104890000BF15000FFF76BFA227C7861C0F1140332
:1048A0000BEB830392B1C0000830ADEB000D0DF1AE
:1048B000180B07F11402CDE90232CDE9006BA36AAF
:1048C0003868D4E90212FFF73DFA5B467A69B9F11C
:1048D000000F3BD0B96C002936DB280505D5216BCC
:1048E00043F8041C01327A61043BB2687969914251
:1048F00011DA9100073121F00701ADEB010D07F14D
:104900001401CDE9013104AC00943346796C386868
:10491000FFF789FF23460022B2607A690092D7E947
:1049200002127868F5F703F878681C37BD46BDE8D1
:10493000F08FBAF1080F04D0BB6C4FF00109594257
:10494000A2E74FF000099FE7E16AC9E7A905CCD5C6
:10495000B96C0029C9D0BAF1400F01D1E16BBFE7B2
:10496000C5F380350235023258F8251043F8041C8F
:10497000E16B43F8081C7A61083BB6E730B587B0B5
:1049800004AC84E80C000C9B02930B9B01930A9BE4
:10499000009394E80C000546FFF753FF284607B044
:1049A00030BD2DE9F04F8BB004AF07F10805D7F803
:1049B000409097F84860386085E80C00D9F80C30D2
:1049C0007B6013F0010F07F1100416D102967B6C87
:1049D000CDE90093204695E80C00FFF732FF94E8FC
:1049E0000300B860397395E803003B681C3783E81F
:1049F00003001846BD46BDE8F08F09F16C00FFF7D3
:104A0000BFF886B3D0E905A8D9F80860B0453CDA0C
:104A1000A6EB0806B200073222F00702ADEB020D4A
:104A20000DF1100B3246796C584608F05CFA7B6841
:104A300003F0B0030022202BC9F8082016D1CDF8CE
:104A4000008095E8060053462046F4F770FF94E88E
:104A500003005B46B8603973009695E8060020466F
:104A6000F4F765FFBBE7D0E907A8CDE7009695E826
:104A7000060020465B46F4F75AFF94E80300B8604E
:104A80003973CDF800805346E7E70022C9F80820C3
:104A9000F7E72DE9F04F8BB004AFC7E900103E6C8B
:104AA00007F1080106F16C0081E80C00FFF768F8D7
:104AB000F56805F04A0894B0B8F1400F044600F1DB
:104AC0002C0A0DF1100B5CD0B8F1080918BF4FF09B
:104AD0000109CDF800902B465246B96C0BF15000FD
:104AE000FFF745F9227C7861C0F114030BEB8303D7
:104AF00092B1C0000830ADEB000D0DF1180B07F1BD
:104B00001402CDE90232CDE9006BA36A3868D4E91A
:104B10000212FFF717F95B46B9F1000F0DD1AA0594
:104B20000BD5BA6C4AB1B8F1400F7A692CD1E16B60
:104B300043F8041C01327A61043BB26879699142FE
:104B400011DA9100073121F00701ADEB010D07F1FA
:104B50001401CDE9013104AC00943346796C386816
:104B6000FFF761FE23460022B2607A690092D7E91E
:104B700002127868F4F7DBFE78681C37BD46BDE8A2
:104B8000F08F4FF00009A4E7C5F3803502350232FB
:104B90005AF8251043F8041CE16B43F8081C7A61AD
:104BA000083BCAE730B587B004AC84E80C000C9B26
:104BB00002930B9B01930A9B009394E80C0005461B
:104BC000FFF767FF284607B030BD2DE9F04188B0F8
:104BD00004AC0E9ED6F80C8084E80C0028F48043C8
:104BE00023F04A0343F40273F360109B02930F9B7C
:104BF000CDE9006306AF054694E80C003846FFF7A0
:104C000048FF97E8030004908DF8141094E803001F
:104C100085E803002846C6F80C8008B0BDE8F0819E
:104C20002DE9F04F8DB004AFC7E9011007F1100175
:104C300081E80C00BB6C03F16C00D7E91486FEF729
:104C40009FFF00F12C03FB60BB6CDD6805F04A0A96
:104C5000A8B0BAF1400F04460DF1100B424633469E
:104C60006BD0B8F1010F76F100015CDBBAF10809F5
:104C700018BF4FF00109CDE90159F96800910BF116
:104C8000A000FFF7A9F8227CF861C0F128030BEB24
:104C90008303A2B1C0000830ADEB000D07F11C0288
:104CA000CDE902320DF1180BCDF804B0BB6C0093C6
:104CB000A36A7868D4E90212FFF744F85B46FA6900
:104CC000B9F1000F3ED0002E3ADB280505D5216B47
:104CD00043F8041C0132FA61043BBA6CF96992682A
:104CE000914211DA9100073121F00701ADEB010D7E
:104CF00007F11C01CDE9013104AC0094D7E9123170
:104D00007868FFF790FD2346B96C00228A60FA6943
:104D10000092D7E90412B868F4F709FEB86824379E
:104D2000BD46BDE8F08FBAF1080F06D0D8F10002F9
:104D300066EB46034FF001099DE74FF000099AE743
:104D4000E16AC5E7A905C8D558EA0606C5D0BAF193
:104D5000400F01D1E16BBBE7C5F38035F96802353F
:104D6000023251F8251043F8041CE16B43F8081C8B
:104D7000FA61083BB1E730B587B004AC84E80C00B9
:104D8000DDE90C23CDE902230B9B01930A9B0093E1
:104D900094E80C000546FFF743FF284607B030BDF6
:104DA0002DE9F04F8DB004AFC7E90210BE6C07F1DA
:104DB000100181E80C003B6D7B6006F16C007B6D9F
:104DC0003B60FEF7DDFEF56805F04A08A8B0B8F1D3
:104DD000400F044600F12C0A0DF1100B5FD0B8F122
:104DE000080918BF4FF00109CDE90159CDF800A01D
:104DF000D7E900320BF1A000FEF7EEFF227CF8614C
:104E0000C0F128030BEB830392B1C0000830ADEB77
:104E1000000D0DF1180B07F11C02CDE90232CDE9AE
:104E2000006BA36AB868D4E90212FEF78BFF5B46F9
:104E3000B9F1000F0FD1AA050DD5D7E900120A4329
:104E400009D0B8F1400FFA692CD1E16B43F8041C8A
:104E50000132FA61043BB268F969914211DA9100BA
:104E6000073121F00701ADEB010D07F11C01CDE980
:104E7000013104AC00943346F96CB868FFF7D3FCF9
:104E800023460022B260FA690092D7E90412F8685A
:104E9000F4F74DFDF8682437BD46BDE8F08F4FF0BC
:104EA0000009A1E7C5F38035023502325AF8251012
:104EB00043F8041CE16B43F8081CFA61083BCAE79D
:104EC00030B587B004AC84E80C00DDE90C23CDE9F3
:104ED00002230B9B01930A9B009394E80C00054668
:104EE000FFF75EFF284607B030BD2DE9F04F2DEDEE
:104EF000028BB0EE408B91B004AF07F110093D6E0C
:104F000089E80C0005F16C03C7E901101846FB6045
:104F1000FEF736FED5F8048097F86820B8F1000F48
:104F2000064607F120012846B8BF4FF0060804F0F6
:104F3000F5FFEB6803F4827A8CB0BAF5827F04AC9B
:104F400000F0B480EAF788FB07F12003F8612D2216
:104F50008DED028BCDF80080214607F11C00EFF7A4
:104F600007FFB861BB692C2B1BDD03F1010B083374
:104F700023F00703ADEB030DBAF5827F04AC00F01C
:104F8000A380EAF769FB07F12003F8615A468DED2B
:104F9000028BCDF80080214607F11C00EFF7E8FEF8
:104FA000B861F868FEF748FDBA699300073323F04B
:104FB0000703ADEB030D0DF1170A4FEADA082AF0EB
:104FC000070A534622442146FEF754F9D7F818B091
:104FD000BBF1000F00F086805A462E212046DBF7F9
:104FE0008FF930B1001B8200736A42F838300AEB47
:104FF0008000337C9BB358B9BBF1020F08DD6278A7
:10500000392A2CD8A378303B092B28D82F2A26D927
:105010006B46A3EBCB039D4623782D2B0DF1100897
:1050200001D02B2B60D1DAF80030C8F800300BF13A
:10503000FF33BB61012407F1180303930AEB8403D8
:10504000029308EB8403CDE90003B36A7868D6E9DC
:105050000212FEF753FEBB692344BB61C246AA6835
:10506000BB69934211DA9300073323F00703ADEBDA
:10507000030D07F11803CDE901A304AC0094796E88
:1050800078682B46FFF7CFFBA2460023AB60BB69D5
:105090000093B86899E806005346F4F748FCB868EE
:1050A0003437BD46BDEC028BBDE8F08FEAF7D4FA89
:1050B00007F12003F8612D228DED008B214607F1C9
:1050C0001C00EFF755FE4CE7EAF7C6FA07F120039C
:1050D000F8615A468DED008B214607F11C00EFF771
:1050E00047FE5DE7584684E70024A4E730B587B063
:1050F00004AC84E80C00002302930B9B01930A9BF1
:10510000009394E80C000546FFF7EFFE284607B031
:1051100030BD2DE9F04F2DED028BB0EE408B91B0FC
:1051200004AF07F110093D6E89E80C0005F16C032E
:10513000C7E901101846FB60FEF722FDD5F8048090
:1051400097F86820B8F1000F064607F120012846BD
:10515000B8BF4FF0060804F0E1FEEB6803F4827A72
:105160008CB0BAF5827F04AC00F0B480EAF774FA30
:1051700007F12003F8612D228DED028BCDF8008020
:10518000214607F11C00EFF7F3FDB861BB692C2B3A
:105190001BDD03F1010B083323F00703ADEB030D17
:1051A000BAF5827F04AC00F0A380EAF755FA07F164
:1051B0002003F8615A468DED028BCDF80080214620
:1051C00007F11C00EFF7D4FDB861F868FEF734FC76
:1051D000BA699300073323F00703ADEB030D0DF11C
:1051E000170A4FEADA082AF0070A534622442146F2
:1051F000FEF740F8D7F818B0BBF1000F00F086803A
:105200005A462E212046DBF77BF830B1001B820086
:10521000736A42F838300AEB8000337C9BB358B98C
:10522000BBF1020F08DD6278392A2CD8A378303B15
:10523000092B28D82F2A26D96B46A3EBCB039D46F2
:1052400023782D2B0DF1100801D02B2B60D1DAF82B
:105250000030C8F800300BF1FF33BB61012407F1C7
:10526000180303930AEB8403029308EB8403CDE94C
:105270000003B36A7868D6E90212FEF73FFDBB6906
:105280002344BB61C246AA68BB69934211DA93000A
:10529000073323F00703ADEB030D07F11803CDE946
:1052A00001A304AC0094796E78682B46FFF7BBFA33
:1052B000A2460023AB60BB690093B86899E806007A
:1052C0005346F4F734FBB8683437BD46BDEC028B67
:1052D000BDE8F08FEAF7C0F907F12003F8612D224D
:1052E0008DED008B214607F11C00EFF741FD4CE7E7
:1052F000EAF7B2F907F12003F8615A468DED008B09
:10530000214607F11C00EFF733FD5DE7584684E7BF
:105310000024A4E730B587B004AC84E80C004C232B
:1053200002930B9B01930A9B009394E80C000546A3
:10533000FFF7EFFE284607B030BD2DE9F043ADF58D
:10534000097D0446909E9DF84C929DF850726C36F3
:10535000304602AD85E80C00FEF76EFB8046304615
:10536000FEF778FC252106464046F4F7CDFD049073
:10537000C7B9CDE90597929B009308A904AB802299
:10538000304605F0BDF808A807F08DFD009095E8BF
:105390000600204608ABF4F7CAFA20460DF5097D51
:1053A000BDE8F0830023CDE905790793E3E72DE914
:1053B000F74F0546DDE912076C466C3084E80C00B7
:1053C000DDF840A0FEF738FB4FF0000980464E465E
:1053D0004FF00A0B0CA92046F4F7BBFD70B1119BEE
:1053E0009E420BD02046F4F792FD2A220146404609
:1053F000F4F781FD3038C2B2092A10D9C6B10F9A2C
:10540000914515DBD14513DC0E9AC2F8009094E863
:10541000030085E80300284603B0BDE8F08F0BFBCE
:105420000909D145EADC2046FDF74AFF0136D1E7FC
:105430003B6843F004033B60E9E72DE9F04F8DB092
:1054400000AF07F12006B861F86E6C3086E80C00FA
:10545000FEF7F2FABB6E6A46A2EBC3039D46DB0879
:105460007B61BB6E9B003B61BB6E0546E84607F166
:105470005801304608EB8309F4F76BFD044628B960
:105480000026012C39D840F07A8160E13046F4F7EB
:105490003EFD044601462846F4F730FD2146064607
:1054A0002846F4F72EFD4FF0000B82465C46BB6E9B
:1054B0009B45E5D07B6E53F82B3028461968F4F7EE
:1054C0001DFDB0420FD1A300FB617B6E53F82B0092
:1054D00007F0E9FCFB6949F8240048F803B00134FF
:1054E0000BF1010BE3E77B6E53F82B30284619686C
:1054F000F4F707FD5045F3D1E5E7CB4609EB84000F
:105500005BF8043BFB625B461A46F96AD2F800C0BE
:105510008C4507F12C0128BF0A460433D2F800A0BD
:10552000C7F82CA09842EFD1013607F12000FDF713
:10553000C7FEB2452CD107F1580107F12000F4F75E
:1055400008FD824600285ED14FF0000A002359F87A
:105550002320911B4A424A41524509BF04F1FF34BE
:10556000013358F8242048F8232004BF59F8242098
:1055700049F82320A342EAD3BAF1000F00F0858056
:10558000D9F80030012107F12C0CA142FB6272D343
:10559000FB6AB34240F2D68007F1580107F12000C0
:1055A000F4F7D7FC002800F0CD8007F12000F4F7D5
:1055B000AEFC01462846F4F7A1FCF86007F1200094
:1055C000F4F7A5FC01462846F4F79BFCB300B8604D
:1055D000FB614FF0000A54457FF653AF7B6E58F8DD
:1055E0002A2053F82220FB697A60D1582846F4F724
:1055F00085FCFB687A6898424FEA8A0B40F08F80FE
:105600000AF1010AE7E707F12000F4F780FC014600
:105610002846F4F773FCF86007F12000F4F777FCF4
:1056200001462846F4F76DFCB300FB61B860002327
:10563000796E58F8232051F8222059F82310B142EE
:1056400003D801339C42F3D17EE73B60FB697A606B
:10565000D1582846F4F752FCFB6898423FF476AFE5
:10566000FB697A682846D158F4F74BFCBB6898422E
:105670003B68E6D16AE75A4601311068834298BF19
:1056800062460BF1040B13687FE7022C65D1BB6EF9
:10569000DB0774D4D8F80030B86EBA6EB3EB500F95
:1056A0004FEA5201D8F804202DD20B44934266D120
:1056B000D7E90432D8F8004053F832807B6E53F8B3
:1056C000243003EB8609464560D207F1580107F103
:1056D0002000F4F73EFC002851D059F8041B28465E
:1056E000F4F70CFC824607F12000F4F710FC0146A9
:1056F0002846F4F703FC824531D107F12000FDF77D
:10570000DFFD0136DFE75B1A934238D1D7E9042188
:10571000C8F80030D9F8043042F83130C8E7FB69E6
:105720002846D158F4F7EDFBBB6898423FF468AFC8
:10573000013C58F8242048F80B2059F8242049F857
:105740000B2048E70023012C19D1002BB0D107F121
:105750002000FDF7B5FD0136AAE70123F3E759F86C
:10576000041C2846F4F7CDFB824607F12000F4F72D
:10577000CEFB01462846F4F7C4FB8245BDD03B6F03
:105780003A6F1B6843F00403136002E0F7D13B6EED
:105790001C60D7E90801BB69343783E80300184669
:1057A000BD46BDE8F08F2DE9F04F85B000AF8046D3
:1057B000F86CD7F844A007F108096C3089E80C00B0
:1057C000FEF73AF9BB6C78606A46A2EBC3039D46CC
:1057D00007F1380148466C46F4F7BBFB002800F09F
:1057E00084804846F4F793FBBA6C002603464FEAE0
:1057F000420B3546B34537D8002D76D04846FDF7E5
:105800005FFDAB00073323F00703ADEB030DE94663
:10581000002654F826305AF8230007F044FB49F8D4
:1058200026000136B542F4D1012507F1380107F110
:105830000800F4F78EFB48BB012E5AD1D9F800308E
:10584000AB425FD1BA6C23689342A8BF9B1A3A6CF3
:10585000136007F1100313E90300143788E803000D
:105860004046BD46BDE8F08F5AF8261009689942B7
:1058700004D144F8256001350136BBE778683B6008
:10588000F4F73FFB3B689842F6D1F2E707F10800D6
:10589000F4F73DFB002386464FEA850B19469E42EE
:1058A00007D88E42C8D007F10800FDF709FD013581
:1058B000BBE759F82320AA424FEA830C09EB830087
:1058C00002D801310133EAE754F823205AF82220A4
:1058D00052F80B207245F5D0013E54F8262044F8CA
:1058E0000C2059F826200260D9E700263546B1463B
:1058F0009BE7022E06D1D9F80030AB42A2D0D9F8EE
:1059000004309DE73B6D3A6D1B6843F004039FE74D
:105910002DE9F04FADB08B46389D0B9005F16C062C
:105920000EA9304681E80C00DDF8E8A03C9CFEF7AB
:1059300091F909903046FEF77FF881463B9807F0D1
:10594000B2FA00230A90109336A90EA80893F4F730
:1059500000FBDDF84080002800F06784089B0A9A6D
:10596000934280F06284B8F1000F00F07184399B9B
:10597000399A1B6843F00403136000F05FBC0233E4
:10598000B168089300224846F4F7B5FA00F07FBCEE
:1059900014AE31460998FDF71FFF09981BA9FDF7C2
:1059A0002BFF10ABCDE905530E23CDE9036311ABFB
:1059B000029336AB93E803008DE803000CAF0EAE04
:1059C00096E80C0059463846FFF737FD97E8030084
:1059D000109B86E80300002B3CD1119A072392FB11
:1059E000F3F3C3EBC303D21ACAF81820237843F0A9
:1059F0000203E2E014AE31460998FDF70DFF099865
:105A000020A9FDF728FF10ABCDE905531823CDE9F8
:105A1000036311AB029336AB93E803008DE80300F8
:105A20000CAF0EAE96E80C0059463846FFF705FD60
:105A300097E80300109B86E803005BB9119B0C22DA
:105A400093FBF2F102FB1133CAF81030238843F4C0
:105A500081632380089B013376E7099812A9FDF73B
:105A6000AFFE129B06940CAF059310ABCDE9025329
:105A7000CDF810A036AB93E803008DE803000EAE1E
:105A800096E80C0059463846FFF742FF97E80300B6
:105A9000109B86E80300002BDCD1637843F00403FD
:105AA00077E110ABCDE906534FF002086323CDE94F
:105AB00004380023039311AB029336AB93E8030041
:105AC0008DE803000CAF0EAE96E80C005946384640
:105AD000FFF76DFC97E80300109B86E80300002B9E
:105AE000B8D1119B6360238843F49063B1E70EA89B
:105AF000F4F70DFA082102464846F3F715FF10B1F6
:105B00000EA8FDF7DDFB10ABCDE906534FF0020EFA
:105B10001F23CDE9043E0123039311AB029336AB5F
:105B200093E803008DE803000CAF0EAE96E80C007E
:105B300059463846FFF73BFC97E80300109B86E880
:105B40000300002B86D1119BCAF80C30238843F444
:105B500082637EE7B84A14AE3346A2F10901484693
:105B6000FDF788FB0CAFCDE905647EE710ABCDE90E
:105B700006534FF0020C1723CDE9043C0023039396
:105B800011AB029336AB93E803008DE803000CAF32
:105B90000EAE96E80C0059463846FFF708FC97E829
:105BA0000300109A86E80300002A7FF453AF119B8C
:105BB000CAF80830237862F3000323704AE710AB79
:105BC000CDE906530C270223CDE904730123039387
:105BD00011AB029336AB93E803008DE803000DF19F
:105BE00030080EAE96E80C0059464046FFF7DFFB42
:105BF00098E80300109B86E80300002B7FF42AAF8F
:105C0000119B93FBF7F207FB1233CAF80830237895
:105C100043F00103D1E710ABCDE9065303264FF45F
:105C2000B773CDE904360123039311AB029336AB6E
:105C300093E803008DE803000CAF0EAE96E80C006D
:105C400059463846FFF7B3FB97E80300109B86E8F8
:105C50000300002B7FF4FEAE119B013BCAF81C3001
:105C6000237843F00403A8E710ABCDE906530220E4
:105C70000C23CDE904300123039311AB029336AB1F
:105C800093E803008DE803000CAF0EAE96E80C001D
:105C900059463846FFF78BFB97E80300109B86E8D0
:105CA0000300002B7FF4D6AE119B013BCAF81030E5
:105CB000237843F0080380E710ABCDE906530221B7
:105CC0003B23CDE904310023039311AB029336ABA0
:105CD00093E803008DE803000CAF0EAE96E80C00CD
:105CE00059463846FFF763FB97E80300109B86E8A8
:105CF0000300002B7FF4AEAE119BCAF80430A9E676
:105D000036A90EA8F4F725F900283FF4A3AE0EA893
:105D1000F4F7FDF8082102464846F3F705FE00288F
:105D20003FF498AE0EA8FDF7CBFAE9E714AE099858
:105D30003146FDF74BFD149B1B68002B3FF48AAEE8
:105D4000159B1B68002B3FF485AE10ABCDE90553C6
:105D50000223CDE9036311AB029336AB93E8030052
:105D60008DE803000CAF0EAE96E80C00594638469D
:105D7000FFF763FB97E80300109B86E80300002B06
:105D80007FF468AE119B002B3FF464AE637843F060
:105D9000010363705EE6099B06949B689B6A0CAFE7
:105DA000059309E0254A14AE3346911F4846FDF796
:105DB00061FACDE905640CAF10ABCDE90253CDF823
:105DC00010A036AB93E803008DE803000EAE5946F1
:105DD000384696E80C00FFF79BFD97E8030086E83D
:105DE000030037E610ABCDE9065302223C23CDE990
:105DF00004320023039311AB029336AB93E8030004
:105E00008DE803000CAF0EAE96E80C0059463846FC
:105E1000FFF7CDFA97E80300109B86E80300002BFC
:105E20007FF418AE119BCAF8003013E6044A14AE92
:105E30003346A2F10901B9E7D4690508DA69050812
:105E4000E369050810ABCDE906534FF0020835238E
:105E5000CDE904380023039311AB029336AB93E8EA
:105E600003008DE803000CAF0EAE96E80C00594617
:105E70003846FFF79CFA97E80300109B86E803007A
:105E8000002B7FF4E7AD119B22681B0403F47C1305
:105E900022F47C1243F0200322F0200213432360FB
:105EA000D8E510ABCDE906534FF0010E0623CDE93E
:105EB000043E0023039311AB029336AB93E8030037
:105EC0008DE803000CAF0EAE96E80C00594638463C
:105ED000FFF76DFA97E80300109B86E80300002B9C
:105EE0007FF4B8AD119BCAF818307FE510ABCDE94F
:105EF00006534FF0020C3523CDE9043C00230393F5
:105F000011AB029336AB93E803008DE803000CAFAE
:105F10000EAE96E80C0059463846FFF748FA97E867
:105F20000300109B86E80300002B7FF493AD119BC8
:105F300022681B0403F47C1322F47C1243F0400318
:105F400022F04002AAE7099814A9FDF72DFC149B42
:105F500006940CAF24E7099814A9FDF72BFCF6E78B
:105F600010ABCDE9065302266323CDE904360023A6
:105F7000039311AB029336AB93E803008DE8030063
:105F80000CAF0EAE96E80C0059463846FFF70FFAF4
:105F900097E80300109B86E80300002B7FF45AADBE
:105FA000637823F0060343F00603637036A9304696
:105FB000F3F7CFFF00283BD03046F3F7A8FF2A22A3
:105FC00001464846F3F797FFA0F130085FFA88F3DF
:105FD000092B2DD83046FDF773F9119B0A2707FBD3
:105FE000038336A930461193F3F7B3FFA0B13046CF
:105FF000F3F78DFF2A2201464846F3F77CFFA0F114
:1060000030085FFA88F3092B06D83046FDF758F9B7
:10601000119B07FB03831193119BA3F26C731193E4
:10602000637823F002036370119BCAF8143011E502
:10603000119B442BDCBF64331193F5E710ABCDE922
:106040000653042042F20F73CDE90430002303937A
:1060500011AB029336AB93E803008DE803000CAF5D
:106060000EAE96E80C0059463846FFF7A0F997E8BF
:106070000300109B86E80300002B7FF4EBAC119B20
:10608000A3F26C73CAF81430637823F0060305E5B5
:106090000EA8F3F73CFF012102464846F3F744FC03
:1060A00000287CD010ABCDE905530E230493D04BD0
:1060B000039314AB029336AB93E803008DE803001F
:1060C0000CAE0EAB0CCB59463046FFF7B6F996E84E
:1060D00003000EAB83E8030036A91846F3F739FF37
:1060E00000283FF4B7AC109B149A13437FF4B2AC72
:1060F0000EA8F3F70CFF2D2106464846F3F704FFE0
:10610000B04236D110AF17230222CDE90432CDE9D7
:1061100006570023039314AB029336AB93E80300B6
:106120008DE803000CAE0DF1380898E80C005946D4
:106130003046FFF73CF996E803003B2388E803006C
:106140000221CDE90431CDE906570023039314ABB6
:10615000029336AB93E803008DE8030059463046BE
:1061600098E80C00FFF723F996E8030088E803009D
:1061700070E40EA8F3F7CBFE2B2106464846F3F752
:10618000C3FEB0427FF466ACBCE70EA8F3F7BFFED7
:10619000252106464846F3F7B7FEB04241D0109B92
:1061A00043F00403109355E43B9B089A082153F8ED
:1061B00022204846F3F7B8FBA8B136A90EA8F3F79A
:1061C000C8FE00283FF446AC0EA8F3F7A0FE082155
:1061D00002464846F3F7A8FB00283FF43BAC0EA864
:1061E000FDF76EF8E9E73B9B4846D959F3F786FE81
:1061F00006460EA8F3F78BFE01464846F3F77EFEEF
:1062000086420ED03B9B4846D959F3F77AFE0646A4
:106210000EA8F3F77CFE01464846F3F772FE86426D
:10622000BCE70EA8FDF74CF814E4B8F1000F7FF4BA
:106230009EAB089B0A9A93427FF499AB0EAB93E80E
:1062400003000B9B83E8030018462DB0BDE8F08FD8
:10625000089B089A08999F003B9B484603EB8206DF
:1062600053F821104246F3F746FE25289CD1716869
:1062700042464846F3F73FFE4528089BCDF8448048
:106280003FF47DAB4F283FF47AAB013308932538B8
:10629000542884D801A353F820F000BF8B61040870
:1062A0009F6104089F6104089F6104089F610408BE
:1062B0009F6104089F6104089F6104089F610408AE
:1062C0009F6104089F6104089F6104089F6104089E
:1062D0009F6104089F6104089F6104089F6104088E
:1062E0009F6104089F6104089F6104089F6104087E
:1062F0009F6104089F6104089F6104089F6104086E
:106300009F6104089F6104089F6104089159040873
:10631000F5590408A35A0408555B04089F61040852
:106320009F6104089F6104086D5B0408BF5B04085B
:106330009F6104089F6104089F610408B95C040818
:106340009F6104089F6104089F6104089F6104081D
:10635000A55D0408E55D04082D5E0408455E04089B
:106360009F610408ED5E0408575F04083D6004085F
:10637000916004089F6104089F6104089F610408FC
:106380009F6104089F6104089F61040891590408F3
:10639000F55904085B5A0408EF5A0408EF5A040838
:1063A0009F6104089F610408F55904089F6104086F
:1063B000175C04089F6104089F610408695C040875
:1063C000015D04089F6104082D5D04089F610408B5
:1063D000975D04089F610408015D04089F6104083B
:1063E0009F610408A35E0408475F0408615F040816
:1063F000740000242DE9F04F89B004AF0290149886
:106400006C3087E80C00FDF7BBFB12A90546384647
:10641000F3F78CFD0446002840F097813846F3F7E7
:1064200076FDD5F8C0108142814603D0D5F8BC3046
:1064300083421FD12B7C13B1AB6A4B451AD06B6AD8
:106440004B4517D0494514BF2D212B211698EDF748
:106450000AFC0498FCF774FE4FF0FF3312A938468B
:106460000593F3F776FD002800F071813846F3F7C5
:106470004EFD81460026B0464FF0FF3A2B7C13B10B
:10648000AB6A4B451FD06B6A4B451CD0D5F8CC305E
:106490004B4518D11EB916983021EDF7E4FB04984E
:1064A000FCF74EFE12A93846CDF814A0F3F751FDC3
:1064B00008F10108064620B13846F3F728FD814669
:1064C000DCE701242646A44B07932B7C1BB120213B
:1064D00007A8EDF7EAFA95F824B1BBF1000F74D0E4
:1064E00005F1CC030193002C40F02A81A2462B7CBD
:1064F000002B00F0AF80AB6A4B4540F0AB80BAF1A7
:10650000000F40F08580002C40F08280B8F1000F31
:106510007BD05FFA88F107A8EDF7A5FBA0460498A9
:10652000FCF70EFE4FF0FF3312A938460593F3F740
:1065300010FD00286CD03846F3F7E9FC334681465D
:106540001E46D4E76B6A4B450BD1BAF1000F08D158
:106550003CB916982E21EDF786FBB3464FF0010AA1
:1065600042E0D5F804314B4503D0D5F81C314B45FA
:106570004ED1002C4CD1002E4AD065211698EDF753
:1065800072FB0498FCF7DCFD4FF0FF3312A938468C
:106590000593F3F7DEFC8346002800F0D4803846EC
:1065A000F3F7B5FCD5F8C0308342814609D0D5F861
:1065B000BC30834207D12D211698EDF754FB5C4681
:1065C00012E02B21F8E75C461DE0002C40F0B8807B
:1065D000A246A9F13003092BB4D816985FFA89F1C5
:1065E000EDF741FB4FF0010B0498FCF7A9FD4FF0CC
:1065F000FF3312A938460593F3F7ABFC40B1384698
:10660000F3F785FC81465E46E3E71698EDF712F94D
:106610000798FCF7B2FE88B1BAF1000F05D124B992
:106620005FFA88F107A8EDF71EFBD5E9020107AA7A
:1066300003F0E6FC10B9159B04221A6097E80300EA
:10664000029B83E8030007A8FCF7B6FE029809B096
:10665000BDE8F08F6B6A4B4513D10798FCF78DFEB0
:10666000BAF1000FD4D1002CD2D120B15FFA88F159
:1066700007A8EDF7F8FA16982E21EDF7F4FADA46A6
:106680004DE701984A460A21FCF79FFE58B1019B4D
:10669000C11A891030311698C9B2EDF7E4FA08F141
:1066A00001085E463BE7D5F804314B4503D0D5F8E9
:1066B0001C314B45ACD10798FCF75FFE002CA7D1ED
:1066C000002EA5D038B1BAF1000F04D15FFA88F1DD
:1066D00007A8EDF7C8FA65211698EDF7C4FA0498F3
:1066E000FCF72EFD4FF0FF3312A938460593F3F760
:1066F00030FC039038B33846F3F709FCD5F8C010E6
:10670000039B8142814603D0D5F8BC00484515D192
:106710002C7C14B1A86A48450ED0686A48450DD053
:1067200016980393494514BF2D212B21EDF79BFAB1
:10673000039B1C461E46F2E6234601E71C46FFE685
:106740000024A24664E7344662E74FF000094FF0A8
:10675000000846460124B6E610CF01242DE9F04397
:106760008DB008AC179E0AAF84E80C0089461D4B1B
:106770000A93202105463846EDF797F9CDE90367DE
:10678000169B029314AB93E803008DE803000DF110
:10679000180894E80C0040464946FFF72BFE98E89D
:1067A0000300DDF8288084E80300E8F755FF189916
:1067B0000B900BAB4046324603F0F6F814A9204686
:1067C000F3F7B4FB18B1336843F00203336094E885
:1067D000030085E803003846FCF7EEFD28460DB0BF
:1067E000BDE8F08310CF01242DE9F0438DB008AC53
:1067F000179E0AAF84E80C0089461D4B0A9320219E
:1068000005463846EDF751F9CDE90367169B02932B
:1068100014AB93E803008DE803000DF1180894E829
:106820000C0040464946FFF7E5FD98E80300DDF817
:10683000288084E80300E8F70FFF18990B900BAB52
:106840004046324603F0ECF814A92046F3F76EFBFD
:1068500018B1336843F00203336094E8030085E81D
:1068600003003846FCF7A8FD28460DB0BDE8F083CC
:1068700010CF01242DE9F0438DB008AC179E0AAF6C
:1068800084E80C0089461D4B0A93202105463846B2
:10689000EDF70BF9CDE90367169B029314AB93E870
:1068A00003008DE803000DF1180894E80C00404641
:1068B0004946FFF79FFD98E80300DDF8288084E84B
:1068C0000300E8F7C9FE18990B900BAB404632461F
:1068D00003F0EEF814A92046F3F728FB18B133684B
:1068E00043F00203336094E8030085E80300384670
:1068F000FCF762FD28460DB0BDE8F08310CF0124FF
:106900002DE9F04F8BB006AE169C059004F16C009B
:1069100086E80C00FDF734F9E46804F04A04402CE2
:10692000054650D0082C14BF4FF00A094FF010094B
:1069300014A93046F3F7FAFA0746002840F07281AE
:106940003046F3F7E4FAD5F8BC308342024603D070
:10695000D5F8C010814239D1991A4B424B4100936E
:106960002B7C13B1AB6A934215D06B6A934212D061
:1069700006980192FCF7E4FB4FF0FF3314A9304670
:106980000793F3F7E6FA019A002800F04D813046AC
:10699000F3F7BDFA02464FF0000846462B7C13B1D0
:1069A000AB6A934245D06B6A934242D0D5F8CC3063
:1069B000934216D1B8F1000F0AD0B9F10A0F13D1E2
:1069C0005CB926467DE04FF00809B1E70097E2E7A1
:1069D000002C73D0B9F1080F76D001364FF00108C2
:1069E00011E0B8F1000F23D0D5F8C430934203D0A2
:1069F000D5F8C83093426ED1002C67D0B9F1100F92
:106A00006ED10026B04606980192FCF799FB4FF034
:106A1000FF3314A906A80793F3F79BFA019A0028FD
:106A20005CD006A8F3F773FA0246B8F1000FB5D1AF
:106A30004746B9F1100F14BF4B46162302937C4B07
:106A400009932B7C2BB1202109A80192EDF72DF899
:106A5000019A009B95F824B103F10043013B019397
:106A6000B3FBF9F30393BBF1000F41D005F1CC0365
:106A70000493002F40F08580BA463C462B7C002BC7
:106A80005FD0A96A91425CD1002E7FD0F1B209A8F3
:106A9000EDF7E9F800260698FCF752FB4FF0FF33BC
:106AA00014A906A80793F3F754FA0346002800F048
:106AB000968006A8F3F72BFA0246DFE726464FF04A
:106AC00001084FF008099EE7464687E72646A0469C
:106AD0004FF0100997E74FF00108AAE70127A8E750
:106AE000CDF808904FF00108A9E74FF0010A18E02F
:106AF000002F70D1BA463C464FF0FF3B029811463A
:106B0000FCF7BFFB431C3ED0039BA342EDD3019B8C
:106B100004FB09F41B1AA34238BF4AF0010A0136EC
:106B200004440698FCF70CFB14A906A8CDF81CB089
:106B3000F3F70FFA034640B306A8F3F7E8F9024665
:106B4000DCE76B6A93421ED002990498FCF73DFC87
:106B50000346D8B1049A831A3C2B4FEAA302039B45
:106B6000C8BF063AA3420AD3019B04FB09F49B1A4F
:106B7000A34238BF4AF0010A013614448BE7DA46D3
:106B800089E70024A246002300E001270998FCF7CA
:106B9000F4FB70B1F1B209A80193EDF764F8D5E9FF
:106BA000020109AA03F02CFA019B10B917990422DB
:106BB0000A6036B9B8F1000F03D10998FCF7DDFB84
:106BC00078B173B9BAF1000F24D1009B03B16442CC
:106BD000189B1C600BE0DA465B465C46D6E75F46D6
:106BE000D4E70023189A1360179A042313602FB177
:106BF000179B179A1B6843F002031360DDE9060137
:106C0000059B83E8030009A8FCF7D6FB05980BB0A9
:106C1000BDE8F08F009B002B0CBF6FF000434FF0DE
:106C20000043DFE70022009200260127B04600E77C
:106C300010CF012470B588B006AD85E80C00109B1C
:106C400004930F9B03930E9B02930CAB04460E46DA
:106C500093E803008DE80300204695E80C003146D8
:106C6000FFF74EFE204608B070BD2DE9F04F91B001
:106C70000CAD0790DDE91C0985E80C00C368DDF860
:106C800078A0DB070E4639D44FF0FF330F930FABDC
:106C9000CDE9039302901AAB93E803008DE803005B
:106CA0000AAC95E80C0031462046FFF729FE94E82F
:106CB00003000F9B012B85E803000CD803F00103B0
:106CC0008AF8003095E80300079B83E80300184624
:106CD00011B0BDE8F08F01238AF800300423C9F811
:106CE00000301AA92846F3F721F90028EAD0D9F88C
:106CF000003043F00203C9F80030E3E76C30FCF7E2
:106D00003FFF066A8469B6FA86F6B4FA84F44FF057
:106D1000010B80467609640900275A469EB194B15A
:106D200000213AB3D8F82020BA4223D117B3002269
:106D30008AF80020BBF1000F5DD0D8F81830BB42B4
:106D400059D10423D7E71AA928460892F3F7EEF899
:106D5000089A01460028E4D109902846F3F7D7F8AD
:106D6000DDE90821A6B9D8F81C2052F82720824274
:106D700010D08CB1BBF1000F41D0D8F81830BB4215
:106D80003DD1002F3BD001238AF80030994033E0F9
:106D9000002AEED04CB90124D8F8143053F827302B
:106DA000834205D14FF0010B05E0BBF1000F19D173
:106DB00066BB6CB3B34628460137FCF781FA9CB139
:106DC000D8F82060BE428CBF00260126BBF1000F20
:106DD0000CD0D8F81810B9428CBF002101212246EE
:106DE0000C469BE75C46E6E70126EFE70121F6E764
:106DF0004FF0000B96E74900C9F8001062E7002346
:106E00008AF8003000299CD0062374E7002CEFD1CB
:106E10008AF8004095E700002DE9F04F8BB006AEF0
:106E2000169C059004F16C0086E80C00FCF7A8FEA7
:106E3000E46804F04A04402C054650D0082C14BFE6
:106E40004FF00A094FF0100914A93046F3F76EF815
:106E50000746002840F072813046F3F758F8D5F81D
:106E6000BC308342024603D0D5F8C010814239D1EC
:106E7000991A4B424B4102932B7C13B1AB6A93425C
:106E800015D06B6A934212D006980192FCF758F91C
:106E90004FF0FF3314A930460793F3F75AF8019ADD
:106EA000002800F04D813046F3F731F802464FF0EC
:106EB000000846462B7C13B1AB6A934245D06B6AFF
:106EC000934242D0D5F8CC30934216D1B8F1000F9E
:106ED0000AD0B9F10A0F13D15CB926467BE04FF016
:106EE0000809B1E70297E2E7002C71D0B9F1080F69
:106EF00074D001364FF0010811E0B8F1000F23D033
:106F0000D5F8C430934203D0D5F8C83093426CD141
:106F1000002C65D0B9F1100F6CD10026B046069850
:106F20000192FCF70DF94FF0FF3314A906A807935F
:106F3000F3F70FF8019A00285AD006A8F2F7E7FFF6
:106F40000246B8F1000FB5D14746B9F1100F14BF92
:106F50004B46162301937C4B09932B7C2BB12021AC
:106F600009A80392ECF7A1FD039A95F824B14FF616
:106F7000FF7393FBF9F30393BBF1000F42D005F1CC
:106F8000CC030493002F40F08C80BA463C462B7C07
:106F9000002B63D0A96A914260D1002E00F0868058
:106FA000F1B209A8ECF75FFE00260698FCF7C8F8D6
:106FB0004FF0FF3314A906A80793F2F7CAFF034660
:106FC000002800F09D8006A8F2F7A1FF0246DEE748
:106FD00026464FF001084FF00809A0E7464689E72A
:106FE0002646A0464FF0100999E74FF00108ACE79C
:106FF0000127AAE7CDF804904FF00108ABE74FF066
:10700000010A1BE0002F77D1BA463C464FF0FF3B08
:1070100001981146FCF735F9431C44D0039BA34269
:10702000EDD319FB04F4C0F57F43A4B2FF339C42B7
:10703000C8BF4AF0010A0444A4B201360698FCF71E
:107040007FF814A906A8CDF81CB0F2F782FF03461A
:1070500058B306A8F2F75BFF0246D9E76B6A934282
:1070600021D001990498FCF7B0F90346F0B1049AD5
:10707000831A3C2B4FEAA302039BC8BF063AA342E4
:107080000DD319FB04F4C2F57F43A4B2FF339C4235
:10709000C8BF4AF0010A1444A4B2013685E7DA46B3
:1070A00083E70024A246002300E001270998FCF7AB
:1070B00064F970B1F1B209A80193ECF7D4FDD5E9F8
:1070C000020109AA02F09CFF019B10B91799042242
:1070D0000A6036B9B8F1000F03D10998FCF74DF9F1
:1070E00080B17BB9BAF1000F25D1029B0BB164428C
:1070F000A4B2189B1C800BE0DA465B465C46D5E7E1
:107100005F46D3E70023189A1380179A042313606D
:107110002FB1179B179A1B6843F002031360DDE938
:107120000601059B83E8030009A8FCF745F90598CB
:107130000BB0BDE8F08F4FF6FF73E4E70022029238
:1071400000260127B04600E710CF012470B588B0B3
:1071500006AD85E80C00109B04930F9B03930E9BD8
:1071600002930CAB04460E4693E803008DE803003F
:10717000204695E80C003146FFF74EFE204608B049
:1071800070BD00002DE9F04F8BB006AE169D059046
:1071900005F16C0086E80C00FCF7F2FCED6805F0E8
:1071A0004A05402D04464FD0082D14BF4FF00A0960
:1071B0004FF0100914A93046F2F7B8FE0746002830
:1071C00040F063813046F2F7A2FED4F8BC3083422F
:1071D000834603D0D4F8C010814238D1A3EB0B0210
:1071E000534253410293237C13B1A36A5B4513D0EE
:1071F000636A5B4510D00698FBF7A2FF4FF0FF33A0
:1072000014A930460793F2F7A4FE002800F041814C
:107210003046F2F77CFE83464FF000084646237C5A
:1072200013B1A36A5B4543D0636A5B4540D0D4F891
:10723000CC305B4516D1B8F1000F0AD0B9F10A0F76
:1072400013D15DB92E4676E04FF00809B2E70297F8
:10725000E2E7002D6CD0B9F1080F6FD001364FF086
:10726000010811E0B8F1000F21D0D4F8C4305B451B
:1072700003D0D4F8C8305B4567D1002D60D0B9F198
:10728000100F67D10026B0460698FBF759FF4FF064
:10729000FF3314A906A80793F2F75BFE002857D026
:1072A00006A8F2F734FE8346B8F1000FB7D147467F
:1072B000B9F1100F14BF4B4616230193774B099376
:1072C000237C1BB1202109A8ECF7EFFB4FF0FF3323
:1072D000B3FBF9F3039394F824310093002B41D0CE
:1072E00004F1CC030493002F40F08280BA463D465F
:1072F000237C002B5CD0A16A594559D1002E7CD04B
:10730000F1B209A8ECF7AFFC00260698FBF718FFCE
:107310004FF0FF3314A906A80793F2F71AFE0346AD
:10732000002800F0948006A8F2F7F1FD8346DFE71D
:107330002E464FF001084FF00809A5E746468EE7B4
:107340002E46A8464FF010099EE74FF00108AFE720
:107350000127ADE7CDF804904FF00108AEE74FF0FC
:10736000010A14E0002F6DD1BA463D4601985946F6
:10737000FBF787FF431C3DD0039BAB42EFD305FBDC
:1073800009F5401928BF4AF0010A0546013606985A
:10739000FBF7D6FE4FF0FF3314A906A80793F2F7C8
:1073A000D8FD034640B306A8F2F7B1FD8346DDE7FA
:1073B000636A5B451ED0019904985A46FCF705F8AC
:1073C0000346D0B1049A831A3C2B4FEAA302039BD5
:1073D000C8BF063AAB4208D305FB09F5521928BFCE
:1073E0004AF0010A154601368FE7DDF800A08CE768
:1073F0000025AA46002300E001270998FBF7BDFFFE
:1074000070B1F1B209A80093ECF72DFCD4E90201A8
:1074100009AA02F0F5FD009B10B9179904220A6031
:1074200036B9B8F1000F03D10998FBF7A6FF80B178
:107430007BB9BAF1000F25D1029B03B16D42189BB5
:107440001D600CE0DDF800A053465546D5E7009FCF
:10745000D3E70023189A1360179A042313602FB1FF
:10746000179B179A1B6843F002031360DDE90601BE
:10747000059B83E8030009A8FBF79EFF05980BB066
:10748000BDE8F08F4FF0FF33E4E74FF0000BCDF88D
:1074900008B000260127B0460AE700BF10CF01243C
:1074A00070B588B006AD85E80C00109B04930F9B67
:1074B00003930E9B02930CAB04460E4693E8030025
:1074C0008DE80300204695E80C003146FFF75AFE90
:1074D000204608B070BD00002DE9F04F8BB006AE1D
:1074E000169D059005F16C0086E80C00FCF748FB42
:1074F000ED6805F04A05402D04464FD0082D14BF15
:107500004FF00A094FF0100914A93046F2F70EFDAA
:107510000746002840F063813046F2F7F8FCD4F8C3
:10752000BC308342834603D0D4F8C010814238D1A6
:10753000A3EB0B02534253410293237C13B1A36A82
:107540005B4513D0636A5B4510D00698FBF7F8FDE6
:107550004FF0FF3314A930460793F2F7FAFC0028E6
:1075600000F041813046F2F7D2FC83464FF000082C
:107570004646237C13B1A36A5B4543D0636A5B45EF
:1075800040D0D4F8CC305B4516D1B8F1000F0AD00A
:10759000B9F10A0F13D15DB92E4676E04FF0080914
:1075A000B2E70297E2E7002D6CD0B9F1080F6FD077
:1075B00001364FF0010811E0B8F1000F21D0D4F8E6
:1075C000C4305B4503D0D4F8C8305B4567D1002D8B
:1075D00060D0B9F1100F67D10026B0460698FBF7CE
:1075E000AFFD4FF0FF3314A906A80793F2F7B1FCE3
:1075F000002857D006A8F2F78AFC8346B8F1000F9E
:10760000B7D14746B9F1100F14BF4B46162301936B
:10761000774B0993237C1BB1202109A8ECF745FA8D
:107620004FF0FF33B3FBF9F3039394F82431009345
:10763000002B41D004F1CC030493002F40F0828052
:10764000BA463D46237C002B5CD0A16A594559D1EE
:10765000002E7CD0F1B209A8ECF705FB00260698B5
:10766000FBF76EFD4FF0FF3314A906A80793F2F75E
:1076700070FC0346002800F0948006A8F2F747FC4F
:107680008346DFE72E464FF001084FF00809A5E7D3
:1076900046468EE72E46A8464FF010099EE74FF06B
:1076A0000108AFE70127ADE7CDF804904FF00108DE
:1076B000AEE74FF0010A14E0002F6DD1BA463D4607
:1076C00001985946FBF7DDFD431C3DD0039BAB42BF
:1076D000EFD305FB09F5401928BF4AF0010A05461A
:1076E00001360698FBF72CFD4FF0FF3314A906A8CE
:1076F0000793F2F72EFC034640B306A8F2F707FC07
:107700008346DDE7636A5B451ED0019904985A46BB
:10771000FBF75BFE0346D0B1049A831A3C2B4FEA79
:10772000A302039BC8BF063AAB4208D305FB09F589
:10773000521928BF4AF0010A154601368FE7DDF8D5
:1077400000A08CE70025AA46002300E00127099845
:10775000FBF713FE70B1F1B209A80093ECF783FABE
:10776000D4E9020109AA02F04BFC009B10B9179959
:1077700004220A6036B9B8F1000F03D10998FBF76B
:10778000FCFD80B17BB9BAF1000F25D1029B03B19A
:107790006D42189B1D600CE0DDF800A05346554675
:1077A000D5E7009FD3E70023189A1360179A0423A4
:1077B00013602FB1179B179A1B6843F002031360E5
:1077C000DDE90601059B83E8030009A8FBF7F4FD4A
:1077D00005980BB0BDE8F08F4FF0FF33E4E74FF0B2
:1077E000000BCDF808B000260127B0460AE700BF1D
:1077F00010CF012470B588B006AD85E80C00109B51
:1078000004930F9B03930E9B02930CAB04460E460E
:1078100093E803008DE80300204695E80C0031460C
:10782000FFF75AFE204608B070BD2DE9F0418CB03C
:1078300008AC149ED6F80C8084E80C0028F04A03AB
:1078400043F00803F3600BAB0493159BCDE902638F
:1078500012AB05468C4693E803008DE8030006AFA3
:1078600094E80C0061463846FFF736FE97E80300BF
:10787000169B0B9AC6F80C8084E8030085E8030089
:1078800028461A600CB0BDE8F08100002DE9F04FE9
:107890008FB00AAF1A9C079004F16C0087E80C00C7
:1078A000FCF76EF9E56805F04A05402D06464ED016
:1078B000082D14BF4FF00A094FF0100918A93846D7
:1078C000F2F734FB8046002840F0AC813846F2F7EE
:1078D0001EFBD6F8BC308342044603D0D6F8C02045
:1078E000824237D11A1B534253410193337C13B167
:1078F000B36AA34213D0736AA34210D00A98FBF76D
:107900001FFC4FF0FF3318A938460B93F2F721FB09
:10791000002800F089813846F2F7F9FA04464FF062
:10792000000A5746337C13B1B36AA34244D0736A4A
:10793000A34241D0D6F8CC30A34217D1BAF1000F00
:107940000BD0B9F10A0F14D165B92F4687E04FF07B
:107950000809B3E7CDF80480E1E7002D7CD0B9F148
:10796000080F7FD001374FF0010A11E0BAF1000F84
:1079700021D0D6F8C430A34203D0D6F8C830A342F1
:1079800077D1002D70D0B9F1100F78D10027BA4609
:107990000A98FBF7D5FB4FF0FF3318A90AA80B9301
:1079A000F2F7D7FA002867D00AA8F2F7B0FA04462F
:1079B000BAF1000FB6D1D046B9F1100F14BF4B4643
:1079C000162304939B4B0D93337C1BB120210DA8F0
:1079D000ECF76BF8019B013B0593019B059803F1C4
:1079E0000043013B029302994FEAE9734A46D8F7F4
:1079F000A9FF96F824310393CDE90801002B46D066
:107A000006F1CC030693B8F1000F40F0A780C346FF
:107A10004546CDF80080337C002B71D0B26AA2427B
:107A20006ED1002F00F0A180F9B20DA8ECF71BF980
:107A300000270A98FBF784FB4FF0FF3318A90AA828
:107A40000B93F2F786FA0346002800F0C0800AA8DC
:107A5000F2F75DFA0446DEE72F464FF0010A4FF0D9
:107A6000080995E757467EE72F46AA464FF01009CA
:107A70008EE74FF0010A9FE74FF001089CE7CDF831
:107A800010904FF0010A9DE74FF0010B26E0B8F18E
:107A9000000F40F09580C3464546CDF8008004981D
:107AA0002146FBF7EEFB431C5BD0089B009AAB42E0
:107AB000099B9341E8D3A9FB055309FB0233059ABF
:107AC000111A029A62EBE072A9429A4138BF4BF058
:107AD000010B451943EBE073009301370A98FBF75C
:107AE0002FFB4FF0FF3318A90AA80B93F2F731FAD6
:107AF0000346002837D00AA8F2F709FA0446CEE771
:107B0000736AA3422DD0049906982246FBF75DFCC8
:107B1000034650B3069A0099831A3C2B4FEAA302FE
:107B2000089BC8BF063AAB42099B8B4113D3A9FB04
:107B3000055309FB01330599881A029961EBE2713B
:107B4000A842994138BF4BF0010B551943EBE27342
:107B5000009301376DE7DDF80CB06AE7002500956A
:107B6000AB46002301E04FF001080D98FBF705FC40
:107B700070B1F9B20DA80293ECF775F8D6E90201DD
:107B80000DAA02F03DFA029B10B91B9904220A606B
:107B900037B9BAF1000F03D10D98FBF7EEFBC8B16E
:107BA000C3B9BBF1000F32D1019B23B1009B6D42E1
:107BB00063EB430300931C9B009A1D605A6011E025
:107BC000DDF80CB0CDF800B05B465D46CDE7DDF8E2
:107BD0000C80CAE7002200231C99C1E900231B9AEC
:107BE00004231360B8F1000F05D01B9B1B9A1B6880
:107BF00043F002031360DDE90A01079B83E80300F9
:107C00000DA8FBF7D9FB07980FB0BDE8F08F019BDB
:107C10001BB100224FF00043DEE74FF0FF326FF060
:107C20000043D9E70024019400274FF00108BA4629
:107C3000C2E600BF10CF012470B588B006AD85E85C
:107C40000C00109B04930F9B03930E9B02930CABB1
:107C500004460E4693E803008DE80300204695E8AD
:107C60000C003146FFF712FE204608B070BD000040
:107C70002DE9F04F8DB008AF189C059004F16C0011
:107C800087E80C00FBF77CFFE56805F04A05402D0E
:107C900006464ED0082D14BF4FF00A0A4FF0100AC6
:107CA00016A93846F2F742F98146002840F0A4812F
:107CB0003846F2F72CF9D6F8BC308342044603D09C
:107CC000D6F8C020824237D11A1B53425341039346
:107CD000337C13B1B36AA34213D0736AA34210D0AA
:107CE0000898FBF72DFA4FF0FF3316A93846099391
:107CF000F2F72FF9002800F081813846F2F707F9F2
:107D000004464FF0000BD846337C13B1B36AA3424C
:107D100046D0736AA34243D0D6F8CC30A34218D1E0
:107D2000BBF1000F0BD0BAF10A0F15D165B9A84607
:107D300086E04FF0080AB3E7CDF80C90E1E7002D9C
:107D40007BD0BAF1080F7ED008F101084FF0010B8B
:107D500012E0BBF1000F22D0D6F8C430A34203D00A
:107D6000D6F8C830A34275D1002D6ED0BAF1100FED
:107D700076D14FF00008C3460898FBF7E1F94FF0C1
:107D8000FF3316A908A80993F2F7E3F8002864D096
:107D900008A8F2F7BCF80446BBF1000FB4D1D946ED
:107DA000BAF1100F14BF534616230293964B0B9350
:107DB000337C1BB120210BA8EBF777FE4FEAEA7367
:107DC00052464FF0FF304FF0FF31D8F7BBFD96F829
:107DD00024310193CDE90601002B49D006F1CC03F3
:107DE0000493B9F1000F40F0AC80CDF800904D46FF
:107DF0004F46337C002B75D0B26AA24272D1B8F1E3
:107E0000000F00F0A5805FFA88F10BA8EBF72BFFBD
:107E10004FF000080898FBF793F94FF0FF3316A9CD
:107E200008A80993F2F795F80346002800F0BF80F0
:107E300008A8F2F76CF80446DBE7A8464FF0010B00
:107E40004FF0080A98E7D84680E7A846AB464FF0BF
:107E5000100A91E74FF0010BA2E74FF001099FE7ED
:107E6000CDF808A04FF0010BA0E70123009327E015
:107E7000B9F1000F40F09680CDF800904D464F4686
:107E800002982146FBF7FDF9431C5DD0069BAB42EF
:107E9000079BBB41E9D3AAFB05530AFB07334119F2
:107EA0004FEAE07757EB030100994FF0000228BF3B
:107EB000012211434519009147EB030708F101081E
:107EC0000898FBF73DF94FF0FF3316A908A809936E
:107ED000F2F73FF80346002838D008A8F2F717F861
:107EE0000446CDE7736AA3422ED002990498224635
:107EF000FBF76BFA034658B3049A831A3C2B4FEAFC
:107F0000A302069BC8BF063AAB42079BBB4115D3F1
:107F1000AAFB05530AFB073350194FEAE27757EBE8
:107F2000030000984FF0000128BF012108435519B4
:107F3000009047EB030708F101086BE7019B0093F2
:107F400068E700252F460095002301E04FF0010966
:107F50000B98FBF712FA78B15FFA88F10BA801933E
:107F6000EBF781FED6E902010BAA02F049F8019B6A
:107F700010B9199904220A60B8F1000F06D1BBF1BB
:107F8000000F03D10B98FBF7F8F998B193B9009B58
:107F90006BBB039B13B16D4267EB47071A9BC3E9A9
:107FA00000570FE0019B00931D461F46D0E7DDF808
:107FB0000490CDE7002200231A99C1E90023199A01
:107FC00004231360B9F1000F05D0199B199A1B689F
:107FD00043F002031360DDE90801059B83E8030019
:107FE0000BA8FBF7E9F905980DB0BDE8F08F4FF04D
:107FF000FF324FF0FF33DFE7002403944FF0000817
:108000004FF00109C346CBE610CF012470B588B00C
:1080100006AD85E80C00109B04930F9B03930E9B09
:1080200002930CAB04460E4693E803008DE8030070
:10803000204695E80C003146FFF71AFE204608B0AE
:1080400070BD2DE9F04F8FB0DDE91AB70AAC4FF0E3
:10805000000A06460BF16C0084E80C008846CDF857
:1080600034A0FBF7E9FC0DABCDE906B30222632394
:10807000CDE904320CAB0293CDF80CA018AB8146CD
:1080800093E803008DE8030008AD94E80C00414636
:108090002846FDF78CF995E803000D9B84E8030062
:1080A000002B51D118A92046F1F753FF002846D0E4
:1080B0002046F1F72CFF2A2201464846F1F71BFF24
:1080C000A0F13005EBB2092B39D82046FBF7F8F8C0
:1080D0000C9B4FF00A0808FB035518A920460C9585
:1080E000F1F737FF98B12046F1F711FF2A22014638
:1080F0004846F1F700FFA0F13005EBB2092B06D896
:108100002046FBF7DDF80C9B08FB03550C950C9BF8
:10811000A3F26C730C931C9B0C9A5A6118A920460D
:10812000F1F704FF18B13B6843F002033B6094E8A9
:10813000030086E8030030460FB0BDE8F08F0C9BCB
:10814000442BE8DC6433E5E73B6843F004033B6021
:10815000E4E72DE9F0479CB0DDE926960AAC054638
:1081600009F16C0084E80C008846FBF773FD0DF103
:10817000380A07465146FBF73FFB384615A9FBF77F
:108180002BFB00230D930DABCDE905930723CDE920
:1081900003A30CAB029324AB93E803008DE8030028
:1081A00008AF94E80C0041463846FDF7FCFA97E822
:1081B00003000D9B84E803009BB9289B0C9A9A61ED
:1081C00024A92046F1F7B2FE18B1336843F0020348
:1081D000336094E8030085E8030028461CB0BDE83E
:1081E000F087336843F004033360E9E72DE9F04793
:1081F000A6B0DDE930960AAC054609F16C0084E8CA
:108200000C008846FBF726FD0DF1380A074651465B
:10821000FBF721FB38461AA9FBF7FEFA00230D9362
:108220000DABCDE905930C23CDE903A30CAB029371
:108230002EAB93E803008DE8030008AF94E80C0030
:1082400041463846FDF7AFFA97E803000D9B84E8F6
:1082500003009BB9329B0C9A1A612EA92046F1F7B4
:1082600065FE18B1336843F00203336094E80300FD
:1082700085E80300284626B0BDE8F087336843F060
:1082800004033360E9E72DE9F04F93B0DDE91EB751
:108290000AAC05460BF16C0084E80C00DDF880A008
:1082A0008946FBF7D7FC0DA9FBF784FA0023CDE93B
:1082B0000F3311930D9BCDE902B7CDE904A30FAEA7
:1082C00006961CAB93E803008DE803000DF120082F
:1082D00094E80C0049464046FDF71AFB98E8030075
:1082E00084E803005146304601F090FE1CA9204668
:1082F000F1F71CFE18B13B6843F002033B6094E8C1
:10830000030085E80300284613B0BDE8F08F2DE98F
:10831000F04F93B0DDE91EB70AAC05460BF16C00D7
:1083200084E80C00DDF880A08946FBF793FC0DA9DA
:10833000FBF73AFA0023CDE90F3311930D9BCDE9FA
:1083400002B7CDE904A30FAE06961CAB93E8030079
:108350008DE803000DF1200894E80C0049464046E2
:10836000FDF7D6FA98E8030084E80300514630464A
:1083700001F04CFE1CA92046F1F7D8FD18B13B686E
:1083800043F002033B6094E8030085E803002846BD
:1083900013B0BDE8F08F00002DE9F04F91B00AA9AD
:1083A00081E80C00DDE91C3903F16C0406902046DD
:1083B000FBF742FB04902046FBF7A8FE00F14003C8
:1083C0000793836A05461BB1036B003B18BF01236B
:1083D00002932B7CA34C0D941BB120210DA8EBF72D
:1083E00064FB20210EA80E94EBF75FFB05F144031C
:1083F00000260893EB6B0F93B04637460396B246C0
:1084000001960FAB9B5D042B62D8DFE813F08C0163
:1084100064013000FE000500DFF84CB21AA90AA87A
:10842000F1F797FD03460446002800F03D810AA8B5
:108430000993F1F76CFD0A21024605900898FAF7B6
:10844000C4FF059A099B002800F01D81079BC41AF0
:10845000A410DBF800300EA8195DEBF704FC7C1CBF
:10846000039F0AA8FAF72CFF03972746D6E71C9B21
:10847000DB689A051FD4BAF1010F1CD8DEB1012EBA
:108480000BD1029BBBB99DF83C30032B13D09DF858
:108490003E30012B0FD00226B3E7022E40F0578169
:1084A0009DF83F30042B06D0029A002A00F04A8142
:1084B000032B40F049812B6A05934FF0000B1AA95A
:1084C0000AA8F1F746FD059B044618B99B4511D152
:1084D000012419E09B4517D00AA8F1F718FDEA69B5
:1084E00052F82B20824205D10AA8FAF7E9FE0BF1D7
:1084F000010BE4E7BBF1000F40F022811C9BDC681C
:1085000084F40074C4F340240136042E40F00E813C
:10851000BAF1010F40F22E81002C00F00A81019B7C
:10852000002B00F01681EC6A01261AA90AA8F1F7BF
:1085300010FD002840F00F81564540F0FA800E985B
:10854000FAF71BFF012810D9002230210EA8EBF703
:10855000F8F8024648B1431C03D10E98FAF70DFF14
:10856000421E00210EA8FAF70BFF019B73B10EA863
:10857000EBF7D6F90E9B1B78302B07D00EA8EBF744
:10858000D8F92D2201460EA8EBF710FA0D98FAF74C
:10859000F4FEA0B1B8F1000F00F0EF809DF80C10D0
:1085A0000DA8EBF760FBD5E902010DAA01F028FD4B
:1085B00028B9D9F8003043F00403C9F80030B8F105
:1085C000000F03D06B6BBB4240F0B3801E980EA926
:1085D000EBF7A2F80AAC1AA92046F1F7A7FC28B1DC
:1085E000D9F8003043F00203C9F8003094E80300E2
:1085F000069B83E803000EA8FAF7DEFE0DA8FAF743
:10860000DBFE069811B0BDE8F08FAB6AABB92B6BFF
:1086100063B31AA90AA8F1F79CFC044630B30AA870
:10862000F1F775FCEB6A1B6883421FD10AA8D5F8E5
:1086300030A0FAF745FE019466E71AA90AA8F1F7F7
:1086400088FC04460028E2D00AA8F1F760FC6B6AB7
:108650001B688342DBD10AA8D5F828A0FAF730FEC0
:1086600052E700BF10CF012470000024AB6A1BB991
:10867000029B83F0010447E72B6B002BF8D1012309
:1086800001931C4640E76969914208D1B8F1000F97
:1086900005D16A6B002A08DD98460446E1E62B7C8A
:1086A0001BB1AB69934207D001240E98FAF765FE1F
:1086B000002808BF002427E7B8F1000F07D147B111
:1086C000F9B20DA8EBF7CFFA4446039FC9E644463A
:1086D000EBE73C46E9E71AA90AA8F1F73AFCA8B982
:1086E0000024032E3FF414AF1AA90AA8F1F731FCB5
:1086F000D8B10AA8F1F70BFC082102460498F1F75B
:1087000013F990B10AA8FAF7DBFDEDE70AA8F1F733
:10871000FEFB082102460498F1F706F90028DFD095
:108720000AA8FAF7CDFD0124DBE70136002C7FF41F
:1087300068AED9F8003043F00403C9F8003049E7C7
:108740000024E1E603265CE6029C0326EEE7012412
:10875000DEE66C6AE8E656453FF4F1AE0AA8F1F7AA
:10876000D6FB54F826308342E3D10AA8FAF7A8FDD5
:108770000136DAE6002CDCD0E1E6F9B210E700BF02
:108780002DE9F04F91B00AA981E80C00DDE91C3910
:1087900003F16C0406902046FBF74EF90490204646
:1087A000FBF7FAFB00F140030793836A05461BB110
:1087B000036B003B18BF012302932B7CA34C0D9449
:1087C0001BB120210DA8EBF770F920210EA80E9403
:1087D000EBF76BF905F1440300260893EB6B0F935D
:1087E000B04637460396B24601960FAB9B5D042B0D
:1087F00062D8DFE813F08C0164013000FE00050050
:10880000DFF84CB21AA90AA8F1F7A3FB0346044605
:10881000002800F03D810AA80993F1F778FB0A21AE
:10882000024605900898FAF7D0FD059A099B0028A2
:1088300000F01D81079BC41AA410DBF800300EA8BD
:10884000195DEBF710FA7C1C039F0AA8FAF738FDB4
:1088500003972746D6E71C9BDB689A051FD4BAF11D
:10886000010F1CD8DEB1012E0BD1029BBBB99DF8C4
:108870003C30032B13D09DF83E30012B0FD0022645
:10888000B3E7022E40F057819DF83F30042B06D00D
:10889000029A002A00F04A81032B40F049812B6A9A
:1088A00005934FF0000B1AA90AA8F1F752FB059B9C
:1088B000044618B99B4511D1012419E09B4517D0F6
:1088C0000AA8F1F724FBEA6952F82B20824205D16D
:1088D0000AA8FAF7F5FC0BF1010BE4E7BBF1000F76
:1088E00040F022811C9BDC6884F40074C4F34024B3
:1088F0000136042E40F00E81BAF1010F40F22E81B4
:10890000002C00F00A81019B002B00F01681EC6A1C
:1089100001261AA90AA8F1F71CFB002840F00F81D4
:10892000564540F0FA800E98FAF727FD012810D935
:10893000002230210EA8EAF704FF024648B1431C8A
:1089400003D10E98FAF719FD421E00210EA8FAF77E
:1089500017FD019B73B10EA8EAF7E2FF0E9B1B788F
:10896000302B07D00EA8EAF7E4FF2D2201460EA80F
:10897000EBF71CF80D98FAF700FDA0B1B8F1000F65
:1089800000F0EF809DF80C100DA8EBF76CF9D5E91D
:1089900002010DAA01F034FB28B9D9F8003043F0E8
:1089A0000403C9F80030B8F1000F03D06B6BBB4271
:1089B00040F0B3801E980EA9EAF7AEFE0AAC1AA9E1
:1089C0002046F1F7B3FA28B1D9F8003043F002039A
:1089D000C9F8003094E80300069B83E803000EA862
:1089E000FAF7EAFC0DA8FAF7E7FC069811B0BDE823
:1089F000F08FAB6AABB92B6B63B31AA90AA8F1F776
:108A0000A8FA044630B30AA8F1F781FAEB6A1B68AA
:108A100083421FD10AA8D5F830A0FAF751FC01947F
:108A200066E71AA90AA8F1F794FA04460028E2D0EA
:108A30000AA8F1F76CFA6B6A1B688342DBD10AA8BB
:108A4000D5F828A0FAF73CFC52E700BF10CF01246C
:108A500070000024AB6A1BB9029B83F0010447E756
:108A60002B6B002BF8D1012301931C4640E7696969
:108A7000914208D1B8F1000F05D16A6B002A08DDD8
:108A800098460446E1E62B7C1BB1AB69934207D0C4
:108A900001240E98FAF771FC002808BF002427E78C
:108AA000B8F1000F07D147B1F9B20DA8EBF7DBF829
:108AB0004446039FC9E64446EBE73C46E9E71AA96A
:108AC0000AA8F1F746FAA8B90024032E3FF414AF20
:108AD0001AA90AA8F1F73DFAD8B10AA8F1F717FACE
:108AE000082102460498F0F71FFF90B10AA8FAF790
:108AF000E7FBEDE70AA8F1F70AFA08210246049815
:108B0000F0F712FF0028DFD00AA8FAF7D9FB0124FA
:108B1000DBE70136002C7FF468AED9F8003043F073
:108B20000403C9F8003049E70024E1E603265CE6C7
:108B3000029C0326EEE70124DEE66C6AE8E6564571
:108B40003FF4F1AE0AA8F1F7E2F954F82630834277
:108B5000E3D10AA8FAF7B4FB0136DAE6002CDCD040
:108B6000E1E6F9B210E700BF2DE9F0438DB006ACA5
:108B700084E80C00DDE9173809AFCDE903870293DB
:108B80008C4614AB18490991054693E803009DF8FB
:108B900058208DE803000AAEFAB194E80C00614653
:108BA0003046FFF7F9FB96E80300DDF8249084E8EF
:108BB0000300E6F751FD19990A90334642464846AC
:108BC00000F076FF94E8030085E803003846FAF7E2
:108BD000F3FB28460DB0BDE8F08394E80C00614635
:108BE0003046FFF7CDFDDEE710CF01242DE9F04F31
:108BF0008DB006ACDDF864B09DF8609007460BF1CF
:108C00006C0084E80C008A46FAF716FF1A9B1F498D
:108C10000991CDE902B309AE049616AB804693E8FC
:108C200003008DE803000AAD94E80C005146284685
:108C3000B9F1000F26D0FFF7AFFB95E8030084E8F9
:108C400003000998FAF799FB054680B101461B9885
:108C5000EBF71EFBDDF824A01B98EBF789F91B9BB3
:108C600055441B682A4651464046FAF703FB94E8F0
:108C7000030087E803003046FAF79EFB38460DB044
:108C8000BDE8F08FFFF77CFDD7E700BF10CF0124D0
:108C9000244B1A68D0075CBF01221A60224B1A6865
:108CA000D1075CBF01221A60204B1A68D2075CBF53
:108CB00001221A601E4B1A68D0075CBF01221A609D
:108CC0001C4B1A68D1075CBF01221A601A4B1A6844
:108CD000D2075CBF01221A60184B1A68D0075CBF2C
:108CE00001221A60164B1A68D1075CBF01221A6074
:108CF000144B1A68D2075CBF01221A60124B1A6823
:108D0000D0075CBF01221A60104B1A68D1075CBF04
:108D100001221A600E4B1A68D2075CBF01221A604A
:108D2000704700BF38D0012434D0012430D0012452
:108D30002CD0012428D0012424D0012420D00124C7
:108D40001CD0012418D0012414D0012410D00124F7
:108D50000CD001240AB104F0C0B87047B1F1005F33
:108D600008B506D3B1F1804F01D3F2F7EEFFF2F769
:108D7000E9FFBDE808408800E6F79EBB0368416054
:108D8000002243F82120704750F8083B1B1A584234
:108D9000584170470B68B3F1805F10B502D30B48A0
:108DA000F2F7DCFF93420BD9B3EB420F4FEA4204D8
:108DB00006D2B4F1805F2ABF6FF070430C600B6085
:108DC00009680131FFF7CAFF10BD00BFF46905084B
:108DD000006800F09BBA10B50446FFF7D5FF18B93C
:108DE000A1682046FFF7F4FF10BD000008B5034658
:108DF00008465B689842114603D902460148F2F7DB
:108E0000B3FF08BDBC680508406801F18051013915
:108E1000091A914208B502D21846F2F79FFF08BD21
:108E200003688B4207D8426803EB8203994294BFE0
:108E300000200120704701207047012A10B404D19E
:108E40000A685DF8044B026070475DF8044BFFF759
:108E500081BF012A30B403D10B68036030BC704776
:108E6000002AFBD030BC04F03BB80B46012B10B4F9
:108E70001146044603D122605DF8044B7047002B75
:108E8000FAD05DF8044B1A4604F02DB837B5032923
:108E900004460191154606D9002201A9FFF77AFF81
:108EA000019B2060A360019919B120682A46FFF751
:108EB000DCFF01992046FFF761FF03B030BD08B524
:108EC000521A9210FFF7B9FF08BD08B5521A921056
:108ED000FFF7B3FF08BD10B50446FFF755FF08B90B
:108EE000A06810BD0320FCE72DE9F3470A9E1F464A
:108EF000436801EB0208B21A1A4404460D46A3EB7C
:108F000008090192FFF7E7FF01A902462046FFF793
:108F100041FF82461DB121682A46FFF78EFF37B117
:108F20002EB1324639460AEB8500FFF786FFB9F1CC
:108F3000000F08D0216835444A4601EB88010AEB4E
:108F40008500FFF77AFF2046FFF745FF019BC4F835
:108F500000A0A36002B0BDE8F08737B504460191D8
:108F6000FFF7B9FF019B834202460FD901A92046B2
:108F7000FFF710FF6268216801320546FFF75DFFC9
:108F80002046FFF728FF019B2560A36003B030BD9A
:108F9000F7B5456804460E46FFF79DFF6F1C8742F4
:108FA00007D90123009300231A4629462046FFF7DC
:108FB0009BFF2368394643F825602046FFF7DEFE15
:108FC00003B0F0BD2DE9F74316461D4604461B4B82
:108FD0002A460F463146FFF717FF2046FFF77BFF73
:108FE000D4F80480A5EB0609C14448451ED3F31903
:108FF000B8EB03020AD0AE4208D0206800EB87002D
:1090000000EB860100EB8500FFF723FF35B12068F8
:109010000A9A294600EB8700FFF727FF20464946BA
:10902000FFF7ACFE204603B0BDE8F08300950023B7
:10903000324639462046FFF757FFE7E73269050811
:1090400007B500920B4600224168FFF7BBFF03B053
:109050005DF804FB10B544688C4203D2091BFFF78E
:10906000EFFF10BDFDD9FFF789FEFAE708B5002232
:10907000FFF7F0FF08BD2DE9F843DDE908780E465B
:1090800015461C4637B197423CD83A4619463046F9
:10909000FFF7DFFEB8F1000F17D0AF4215D0424600
:1090A00006EB850106EB8700FFF7D3FEAF420CD934
:1090B00006EB850304EB870293424FEA870906D348
:1090C0003A4621463046FFF7C4FEBDE8F883A34286
:1090D0000AD8A41B07EBA404641B3A4606EB8401E0
:1090E0003046FFF7AAFEF0E71D1B4FEAA5084246EF
:1090F00021463046FFF7ADFEA7EB080206EB09015B
:109100007019EEE7B8F1000FC9D1D1E72DE9F74F9B
:109110000C9E1546044632460F4698462946204B7B
:10912000FFF772FE2046FFF7D6FED4F804B0A6EB98
:10913000050ADA4450452BD32368414603EB8709DF
:1091400020462F44ABEB0707FFF76AFEB8B147B1E3
:10915000B54206D03A4609EB850109EB8600FFF7D8
:1091600078FE26B1324641464846FFF766FE204665
:109170005146FFF703FE204603B0BDE8F08FCDE96E
:10918000006743462A4649462046FFF774FFEEE74C
:10919000009643462A4639462046FFF7A5FEE6E7F5
:1091A000226A05082DE9F3414768044602EB0708E7
:1091B0000E461546FFF78FFE40450FD335B12068A8
:1091C0002A46314600EB8700FFF737FE204641462E
:1091D000FFF7D4FD204602B0BDE8F081009533468C
:1091E000002239462046FFF77FFEEFE72DE9F041E8
:1091F000064690460F460A4A19461D46FFF7F6FDF9
:109200007468641B444528BF444634B13168224623
:1092100001EB85013846FFF710FE2046BDE8F081DE
:10922000F36805087FB500241023CDE902340368F4
:1092300015469E6912686B46CDE90044B0479DF81B
:10924000043003F00603062B03BF009B2B600120B4
:10925000204604B070BD009890420CBF062001204B
:109260007047000010B5034B0360044600F045F959
:10927000204610BD8440060810B50446FFF7F2FFF3
:1092800020460821E6F707F9204610BD2DE9F041F8
:109290001F46DDE90834DDF8188098450646154676
:1092A00007D1079900F02CF918B165710020BDE8CD
:1092B000F0813946304600F023F90028F6D001232A
:1092C000C4F800802571A371F0E738B515461C4637
:1092D00000F016F920B10823E3600623256023710E
:1092E00038BD2DE9F04105460C4616461F4600F0F4
:1092F00007F948B9032F07D8236832462946204684
:109300005B69BDE8F0411847BDE8F08101F0CEBBD4
:10931000FFF7FCBF2DE9F043884689B017461D468C
:10932000064620B90024204609B0BDE8F083026853
:1093300052F8083C52F8049C0022CDE90522102284
:109340000792C25852F8042C4A4500EB0304E9D1B5
:10935000002D2BDA05AAD9F80030CDE90262CDE95B
:1093600000480622DC6929463B464846A047059C42
:10937000002CD7D09DF81A1001F00603062BD2D08E
:109380009DF819309DF818201A4002F00602062AAE
:10939000C9D003F00503042BC4D00029C2D1002D8D
:1093A0000DDB2C44A642BDD1059CBCE7DD42D1D1EA
:1093B0003946484600F0A4F80028CBD0B3E7AB1CF0
:1093C000B0D03B6800961E6A22464346294638467E
:1093D000B04700F006000628E5E7002070470000CF
:1093E000024B1868BFF35B8F704700BF6CD001243D
:1093F000E6F762B8FFF7FCBF10B5034B0360044605
:10940000FFF730FF204610BDE440060810B50446C3
:10941000FFF7F2FF20460C21E6F73DF8204610BD8D
:109420002DE9F041DDF81880904506460F461546B7
:109430001C460BD0B0680368CDF818801E6A2A4617
:1094400023463946B446BDE8F0416047194600F06E
:1094500057F80028EED00620BDE8F0812DE9F14F45
:109460000D461946DDE90A4BDDE90CA68146174693
:10947000984600F045F890B1002D3460377109DB53
:109480002C44A24514BF01240624B471002001B06D
:10949000BDE8F08F0235F9D10123B371F6E75445E9
:1094A00006D15946484600F02BF808B17771EDE730
:1094B000D9F808000368CDE90CA6CDE90A4BDC69B0
:1094C0003A4643462946A44601B0BDE8F04F6047FE
:1094D0002DE9F04107460C4615461E46FFF7F5FEFE
:1094E00048B9B86803689F692A4633462146BC4696
:1094F000BDE8F0416047BDE8F0817047002070474B
:10950000814208B50ED0406803782A2B0CD04968F8
:109510000B782A2B08BF0131D6F7E2FEB0FA80F0B3
:10952000400908BD0120FCE70020FAE710B5034B15
:1095300003600446FFF796FE204610BD5C41060816
:1095400010B50446FFF7F2FF20461821E5F7A3FF08
:10955000204610BD2DE9F74FDDF830A052450546F5
:1095600088461646994605D0EF6805EBC70547B90A
:10957000012020E01946FFF7C3FF0028F4D00620A1
:1095800019E0EC68A30719D5221214F0010404D0E5
:1095900018F1030F12D033689A58A8680368CDF801
:1095A00000A0D3F820B032444B464146D8470328A8
:1095B00004D92043C0B203B0BDE8F08F013F083D9D
:1095C000D5E7F0B40D1E049C164606DB2E44B442CB
:1095D0000CBF06200120F0BC7047023505D005689D
:1095E00004942C6AA446F0BC60470120F3E72DE9FF
:1095F000F04F91B0CDE905231D9C1C9AA368DB06B2
:1096000044BF8368A3601A9B934281460F4608D1EA
:109610001B99FFF775FF20B1059B63714FF00008A0
:1096200082E006994846FFF76BFF98B11A9B2360CA
:10963000002F059B237108DB1A9B1F441C9BBB4218
:1096400014BF01270627A771E8E70237E6D10123F7
:10965000A371E3E7002FA9BF1C9B0790DB1B0793B7
:109660004FF0020C0123CDE908C3059B4FF0000821
:1096700043F00103CDF828800B93D9F80CA009EB37
:10968000CA0BBAF1000F09D10A9B002B4CD0089BE2
:10969000012B49D00123CDE9083AEEE70023CDE9BB
:1096A0000D33DBF80C30A5680F95DE0743BF1A9821
:1096B0000B9A0068059A4FEA232148BF41581A982F
:1096C0000144079838B18842099E2CBF0020012030
:1096D000B04200F0B380980706D4BB1C02D1AE079D
:1096E00000F0AE8002F0FD02DBF808000DAD03686B
:1096F00003951C9D02951B9DCDE900153946DD693A
:10970000069BA84763799DF839209DF83A500D993A
:109710001343062D637101D0022D09D19DF8383015
:1097200021602371A5718046404611B0BDE8F08FDD
:109730002268B8F1000F13D1A2B99DF8382021603A
:10974000227121B11BB1D9F80830DD07EBD563795F
:10975000042BE8D00AF1FF3AABF1080B804690E702
:10976000002A37D0914206D123799DF8382013433F
:1097700023714046EBE709B90028FAD0032BA679FC
:1097800004D9D90729D5A3689B0726D57EB9032D0F
:1097900005D9EE0741D5D9F8083098073DD51C9B6F
:1097A000009306981B9B3946FFF70BFF0646E5B969
:1097B000032E05D9F10732D5D9F808309A072ED5EE
:1097C0001C9B00930D9A1B9B06983946FFF7F9FEE8
:1097D00005460AE00029D1D1CBE7012E38BF01268A
:1097E000012D38BF0125F6B2EDB285EA0603DBB2E2
:1097F000032B16D9032D81BF0D9B23602E469DF8A8
:10980000383086BF237100204046B307A67102D4CA
:1098100016F001069BD1002085E70126E5E701252A
:10982000E3E73540EDB20023032D236003D9022383
:10983000A371012077E70120A07188E701230A9333
:10984000404687E72DE9F04F8BB005460491019221
:109850001C46FFF73AFD002862D1D4F80890D5F8ED
:109860000C8019F0100F18BFD5F8089009F001030B
:1098700005EBC8074FF0000A05930DF1180BB8F17E
:10988000000F04D12079003818BF012049E0FA68A0
:10989000CDF818A002F00103029302F00203039333
:1098A0000399059B8DF81CA00B43CDE9089A03D1C1
:1098B00008F1FF38083FE2E7019B002B34D0029B00
:1098C000121213B1019B1B689A58019B1A44B86885
:1098D000049903689B691E465B46B0470028E7D0A1
:1098E000099B082B03D1029B0BB1BB6809939DF820
:1098F0001C30032B05D9039A1AB923F002038DF803
:109900001C30E168C1B99BE80F0084E80F0023799F
:10991000032B05D99A0709D5AB6813F0010FC7D1FE
:1099200001200BB0BDE8F08F019AD0E7DB07F7D537
:10993000AB6813F0020FF2E72368069A934204D053
:109940000023236002232371EAE72BB123799DF8DA
:109950001C2013432371ABE709980828F2D008298B
:10996000F0D0FFF7CDFD0028F0D1EBE7002170B576
:10997000084604F0D9FF0646D6F712FD451C0849F3
:109980002846FFF737FD044638B131462A4605F030
:1099900078F80449002004F0C7FF204670BD00BFDE
:1099A000A840060810580508F7B507460E461546A4
:1099B000FFF7DCFF044618B904232B6003B0F0BDA9
:1099C00001A9384601F0F0FE019B86ED000ABB427A
:1099D00001D01B785BB10023336004232B60214648
:1099E000002004F0A1FF2046FFF792FCE6E7DFED40
:1099F000097AB4EE670AF1EE10FA09D0DFED067AC3
:109A0000B4EE670AF1EE10FAE9D16FF40003E3E770
:109A1000024BE1E70000807F000080FFFFFF7F7FB7
:109A2000F7B507460E461546FFF7A0FF044618B9DE
:109A300004232B6003B0F0BD01A9384601F0A8FE55
:109A4000019BBB4286ED000B01D01B786BB100225D
:109A50000023C6E9002304232B602146002004F0E4
:109A600063FF2046FFF754FCE4E79FED0B7BB4EE69
:109A7000470BF1EE10FA0BD09FED097BB4EE470BCC
:109A8000F1EE10FAE9D14FF0FF326FF48013E0E706
:109A9000054B4FF0FF32DCE7000000000000F07FD4
:109AA000000000000000F0FFFFFFEF7F000000005B
:109AB000F8B507460C461646FFF758FF054610B99D
:109AC00004233360F8BD1C492246384603F0C2F82F
:109AD000013001280ED800220023C4E9002304230A
:109AE00033602946002004F01FFF2846BDE8F840F7
:109AF000FFF70EBC94ED007B9FED0B6BB4EE467B45
:109B0000F1EE10FA0BD09FED0A6BB4EE467BF1EE4E
:109B100010FAE6D14FF0FF326FF48013DDE7074B08
:109B20004FF0FF32D9E700BF000000000000F07FD7
:109B3000000000000000F0FF6B6A0508FFFFEF7FE8
:109B400008B50346002208461A600449D6F7C8FB48
:109B500010B10348F2F70CF908BD00BF1058050812
:109B60006F6A0508002303607047009B1A60039B1F
:109B7000019A1A6003207047009B03201A60704707
:109B80000120704701207047981A009B984228BF17
:109B9000184670470020704710B5064B044640F841
:109BA000083BFFF7DFFF044B23602046E5F731FD5C
:109BB000204610BDD84106080838060810B50446EE
:109BC000FFF7EAFF2046FFF7A1FB204610BD00008B
:109BD00010B5064B044640F8083BFFF7C3FF044BA3
:109BE00023602046E5F715FD204610BD0442060817
:109BF000BC3F060810B50446FFF7EAFF2046FFF712
:109C000085FB204610BD0000003910B5054B0360F0
:109C100018BF012141600446E5F71EFDA060204603
:109C200010BD00BFD8410608003910B5054B0360D0
:109C300018BF012141600446E5F70EFDA0602046F3
:109C400010BD00BF044206082DE9F04F0F46D1E9D0
:109C5000000185B00DF108081446DDE90F6A1D46C4
:109C600088E8030004F05AFE2B1B9B104343AAEB29
:109C70000602934232DCAC42A14604D34D4594BF68
:109C80000020012031E04246D9F80010304601F0B2
:109C9000E9FE421C04F1040403462ED098E80300B8
:109CA0001E4487E80300E6E7D9F80010424601A801
:109CB00001F0D8FEB0F1FF3F04F1040483461CD04C
:109CC000AAEB060383420FD3024601A9304604F0F3
:109CD000D8FE98E8030087E803005E44AC42A14642
:109CE000CCD25645E0D3C9E701200E9BC3F80090C3
:109CF000119B1E6005B0BDE8F08F0220F5E72DE94D
:109D0000F7438846D1E90001E946DDE90B7689E8A9
:109D1000030015461C46A54201D2B74204D3A54212
:109D20002CBF0020012015E0621B29464B46384617
:109D300001F074FE411C02460BD0831C11D008B9FF
:109D40003860012299E80300043788E803001544CD
:109D5000E1E702200A9B1D600D9B1F6003B0BDE878
:109D6000F0830120F6E708B504F0D8FD431E584201
:109D7000584108BD04F0D2BD2DE9F7430D46D1E9A5
:109D80000001E94689E80300DDF8288014461E46F4
:109D90000027B44202D2B8F1000F03D1384603B015
:109DA000BDE8F0834B46321B2146002001F036FE11
:109DB000C31C0246F2D8012899E8030038BF0122EB
:109DC00085E803001444174408F1FF38E1E708B5BB
:109DD0000846114603F03AF8031E18BF012343EA70
:109DE000A07008BD084611461A4603F043B808B5EE
:109DF0000846114603F055F8031E18BF012343EA35
:109E0000A07008BD084611461A4603F055B808B5BB
:109E10000846114603F01AF8031E18BF012343EA4F
:109E2000A07008BD084611461A4603F023B808B5CD
:109E30000846114603F035F8031E18BF012343EA14
:109E4000A07008BD084611461A4603F035B813B590
:109E500006220023C0E9012341F20203C360044645
:109E600001A8E6F757F901A904F16C00E5F75CFCDD
:109E700001A8E5F74BFC02B010BD6421024690FB3F
:109E8000F1F301FB130030B94FF4C87192FBF1F309
:109E900001FB132323B912F0030F0CBF0120002094
:109EA0007047000070B500F26C740129D8BF013C06
:109EB000A0F1460340F26D10002C00FB03F36FF499
:109EC000EC7026460344B8BFE61C03EBA603B510AE
:109ED0006FF0630094FBF0F00344192095FBF0F65B
:109EE00000FB16554FF4C87094FBF0F40A4803EBDE
:109EF000D57330F8111023440B4413440720013B61
:109F000093FBF0F2C2EBC2029B1A0344B3FBF0F0E6
:109F1000C0EBC000181A70BD2842060830B5C468EE
:109F2000252320050B7043BF2B234B70881C481C36
:109F3000630544BF232300F8013B04F48271B1F5AB
:109F4000827F03462BD02E2503F8025B2A2545701D
:109F50000AB103F8012B042903F1010202D16621A1
:109F6000197014E0B1F5807F04F4804004D100281A
:109F70000CBF65214521F3E7B1F5827F0AD114F4C6
:109F8000804F1A460CBF6121412102F8011B0023BA
:109F9000137030BD00280CBF67214721E0E7002A7D
:109FA000D7D1ECE70139013B994228BF1946F0B5FA
:109FB000054606460F180120BE4200D010B9695C64
:109FC00013440FE016F8010BD45CA4EB000CDCF199
:109FD000000040EB0C00013BEEE713F80109441AC6
:109FE00060426041934201D00028F6D14BB2002B71
:109FF00005DD13788B428CBF002000F00100F0BD1E
:10A00000126852F80C3CFFF7CDBF0000028840F206
:10A010000113934304BF8B680C332DE9F04108BF53
:10A020008B6090F900300678002B05460C460FDA5D
:10A03000437813F002031FBF4B69642193FBF1F0D7
:10A0400001FB103369686420133900FB013363613D
:10A0500022F47F7222F001025205520DB2F5806F98
:10A0600037D106F01803182B28D0700726D5606961
:10A07000524F00F26C70FFF700FF414201F01A01ED
:10A08000E2693944002331F802CB944540F39280D1
:10A0900031075CBF03F1FF312161F60608D4013BB3
:10A0A0000D2101FB003037F81030D21A0132E26086
:10A0B0002B7823F0180343F018032B702B782169B9
:10A0C000180701D40B2904D8E2686069FFF7EAFE9B
:10A0D000A0612B882E7823F47E7323F003035B05A5
:10A0E0005B0DB3F5806F13D13207276901D40B2FB5
:10A0F0000ED8606900F26C70FFF7BFFE0D2202FB04
:10A1000000772E4AE36832F81720013B1344E361DD
:10A1100016F0600F4CD0B3074AD516F004016769FA
:10A1200023D101223846FFF7BDFE86F02008C8F390
:10A130004018A0EB08000722C0F1070090FBF2F3E3
:10A14000C3EBC303C01AAB7803F03F03013BC3EB7F
:10A15000C3031844A369A3EB0803134493FBF2F26F
:10A16000C2EBC2029B1A1844E06106F01803182BD8
:10A170001ED007F26C70FFF780FE104DE26941427D
:10A1800001F01A012944002331F8027B974213DDC4
:10A1900037075CBF03F1FF312161F10608D4013BB1
:10A1A0000D2101FB003035F81030D21A0132E26087
:10A1B000BDE8F081013366E70133E5E72842060890
:10A1C00073B5079B00F108020260D3E900530F2B1F
:10A1D000044605EB0306019306D9002201A9F8F70E
:10A1E00047FA019B2060A360206832462946F8F7B1
:10A1F000D4FA019B2268636000212046D15402B04A
:10A2000070BD73B500F10802079B0260D3E90053EB
:10A210009A0005EB83060C2A43F31D0304460193C1
:10A2200006D9002201A9FEF7B5FD019B2060A360BD
:10A23000206832462946FEF742FE20460199FEF785
:10A240009DFD204602B070BD13B5059B1B680446FA
:10A25000A3F10C0053F8043C002B05DBE9F702FCEA
:10A260002060204602B010BD002201A9E9F704FCDD
:10A27000F6E713B5059B1B680446A3F10C0053F8E1
:10A28000043C002B05DBE9F701FF2060204602B00B
:10A2900010BD002201A9E9F703FFF6E7D2E9002388
:10A2A000FFF780BE2DE9F0470C46002181460846A5
:10A2B0009846174604F038FB8246D6F771F8451CDD
:10A2C0002846FFF795F82A465146064604F0D9FB82
:10A2D000D9F81010002004F027FB089B42463946AD
:10A2E000204603F087FB31460546002004F01CFBA6
:10A2F0003046FFF70DF805B92570BDE8F08700007E
:10A3000038B584680546C4BBC820E5F7D5F8504B7E
:10A310004460C0E90244C0E90444C0E90644C0E91D
:10A320000844C0E90A44C0E90C44C0E90E44C0E94D
:10A330001044C0E91244C0E91444C0E91644C0E91D
:10A340001844C0E91A44C0E91C44C0E91E44036033
:10A35000C0E92044C0E92244C0E92444C0E92644BD
:10A36000C0E92844C0E92A44C0E92C44C0E92E448D
:10A37000C0F8C04080F8C440A860AB68354A364990
:10A380009967C3E90222354A3549D967C3E90422EE
:10A39000344A3549C3F88010C3E90622334A1A62A9
:10A3A000334A5A62334A9A62334ADA62334A1A6348
:10A3B000334A5A63334A9A63334ADA63334A1A6434
:10A3C000334A5A64334A9A64334ADA64334A1A6520
:10A3D000334A5A65334A9A65334ADA65334A1A660C
:10A3E000334A5A66334A9A66334ADA66334A3449FC
:10A3F0001A67344A5A67C3F884103349C3F888107F
:10A400003249C3F88C103249C3F890103149C3F86F
:10A4100094103149C3F898103049C3F89C10304962
:10A42000C3E928122F4AC3F8A8202F4AC3F8AC204A
:10A430002E4AC3F8B0202E4AC3F8B4202D4AC3F8E0
:10A44000B8202D4AC3F8BC202C4AC3F8C02038BD20
:10A4500064370608CB690508A96B0508DA690508A1
:10A46000AE6B05084A6E0508B36B0508216B05083D
:10A47000246B0508276B0508336B05083A6B050844
:10A48000416B0508496B0508536B05085C6B0508B3
:10A49000636B05086C6B0508706B0508746B050829
:10A4A000786B05087C6B0508806B0508846B0508D4
:10A4B000886B0508906B0508996B05089F6B05086C
:10A4C000BA6B0508A56B0508C46B0508CC6B0508BD
:10A4D000D56B0508DE6B0508E26B0508E66B050821
:10A4E000EA6B0508EE6B0508F26B0508F66B0508CC
:10A4F000FA6B0508FE6B0508026C0508066C05087A
:10A500002DE9F0470C46002181460846984617463B
:10A5100004F00AFA8246D5F743FF451C2846FEF7A9
:10A5200067FF2A465146064604F0ABFAD9F81010E8
:10A53000002004F0F9F9089B42463946204604F011
:10A54000CDF931460546002004F0EEF93046FEF71D
:10A55000DFFE05B92560BDE8F087000038B58468E6
:10A560000546C4BBC820E4F7A7FF504B4460C0E9D0
:10A570000244C0E90444C0E90644C0E90844C0E913
:10A580000A44C0E90C44C0E90E44C0E91044C0E9E3
:10A590001244C0E91444C0E91644C0E91844C0E9B3
:10A5A0001A44C0E91C44C0E91E440360C0E92044C9
:10A5B000C0E92244C0E92444C0E92644C0E9284453
:10A5C000C0E92A44C0E92C44C0E92E44C0F8C04088
:10A5D00080F8C440A860AB68354A36499967C3E93A
:10A5E0000222354A3549D967C3E90422344A35493C
:10A5F000C3F88010C3E90622334A1A62334A5A620A
:10A60000334A9A62334ADA62334A1A63334A5A63E4
:10A61000334A9A63334ADA63334A1A64334A5A64D0
:10A62000334A9A64334ADA64334A1A65334A5A65BC
:10A63000334A9A65334ADA65334A1A66334A5A66A8
:10A64000334A9A66334ADA66334A34491A67344AD7
:10A650005A67C3F884103349C3F888103249C3F8E5
:10A660008C103249C3F890103149C3F89410314925
:10A67000C3F898103049C3F89C103049C3E9281238
:10A680002F4AC3F8A8202F4AC3F8AC202E4AC3F89B
:10A69000B0202E4AC3F8B4202D4AC3F8B8202D4A62
:10A6A000C3F8BC202C4AC3F8C02038BD183F0608A8
:10A6B00008110608701306082C11060884130608F2
:10A6C0005016060898130608501106085C11060873
:10A6D0006811060898110608B4110608D01106087A
:10A6E000F0110608181206083C120608581206084F
:10A6F0007C1206088C1206089C120608AC1206088A
:10A70000BC120608CC120608DC120608EC12060879
:10A710000C1306083013060848130608B41306087D
:10A7200060130608DC130608FC130608201406084C
:10A730004414060854140608641406087414060821
:10A740008414060894140608A4140608B414060811
:10A75000C4140608D4140608E414060808B500F06A
:10A760008FF90000004870470A6C05087047000028
:10A7700010B5034B0360044600F030F9204610BDCD
:10A780009C42060810B50446FFF7F2FF2046FEF78C
:10A79000BDFD204610BD000013B51346012B00F18E
:10A7A0000802026008BF0E234FF0000218BF0D23FD
:10A7B0004260027211460BBF00930093034B044B9F
:10A7C0000446F8F755F9204602B010BD136C050891
:10A7D000226C0508024A0349034800F019B900BF7A
:10A7E000000000246DA70408E4000024004870471E
:10A7F000306C05081368994204D153681B1A5842FB
:10A80000584170470020704770470000004870476B
:10A810007E720508742A10B51ADC572A0CDC4D2A02
:10A8200007DC3B2A0CDC242A0EDC0F2A18DC0E2A5B
:10A8300016D9C0E9002116E00B4BA2F158040CE038
:10A840000A4BA2F13C0408E0A2F12D03012BEFE733
:10A85000A2F17604182CECD8054BE340DB07E8D5D1
:10A86000044B0260436010BD9D00BF1F8F080200B3
:10A87000BF07F101EC0000247047C0E900217047D8
:10A8800013B5036814465B690A4601466846984753
:10A890006368019A9A4206D100982368C31A584205
:10A8A000584102B010BD0020FBE74B68834204D141
:10A8B0000868831A58425841704700207047704713
:10A8C000704710B50446FEF721FD204610BD10B5B7
:10A8D0000446FEF71BFD204610BD00002DE9F043A5
:10A8E00000F1080385B00360002304461646436068
:10A8F00003723C2502AF29462046F8F766F8D4F8E3
:10A9000000802A464146304602F0F6FA20B9404619
:10A91000D5F746FD014603E022280BD16D0000214A
:10A920002046F8F752F86368002BE4D0204605B0C3
:10A93000BDE8F08398F80030002BE8D1134BEC46CB
:10A9400003F10809624618685968E646AEE8030054
:10A9500008334B45F446F6D118689B88AEF80430AE
:10A96000CEF80000134642469C46BCE80300BC45B6
:10A9700010605160634602F10802F5D1DCF8000076
:10A9800010609CF8043013710D21C9E7226C050892
:10A9900010B50B6886B01B69044668469847DDE928
:10A9A0000012204600F060F86846F7F782FE204665
:10A9B00006B010BD13B514460A4601466846FFF7B7
:10A9C00029FF6368019A9A4206D100982368C31A46
:10A9D0005842584102B010BD0020FBE7704700000C
:10A9E00010B5064C06490748224600F011F82246E9
:10A9F00005490648BDE8104000F00AB800000024F0
:10AA0000BFA80408EC000024C1A80408E800002442
:10AA10000B460146184600F08FBF000088422DE922
:10AA2000F04104460D4618D0A0B1A1EB0008404605
:10AA30000021E8F7A5FE00F10C070646214638463E
:10AA40002A46E8F709FE41463046E8F78DFE3846CB
:10AA5000BDE8F0810248F1F77EF9024FF7E700BF49
:10AA60004A68050810CF012413B50446084611466C
:10AA7000014401AAFFF7D2FF2060204602B010BDBA
:10AA800008B5062002F08AFA0120DEF791FC0023C7
:10AA900001461A46184604F011B80000024B014660
:10AAA000186800F02DB800BF70020024024B014668
:10AAB000186804F067BE00BF7002002470B50F4E26
:10AAC0000C463168054611B903F082FF306021461B
:10AAD000284603F07DFF431C03D14FF0FF3420468E
:10AAE00070BDC41C24F00304A042F8D0211A2846EB
:10AAF00003F06EFF0130F2D1EFE700BF78D0012400
:10AB00002DE9F843CD1C25F0030508350C2D38BF81
:10AB10000C25002D064601DBA94204D90C23336025
:10AB20000020BDE8F883DFF8D48000F069F8D8F899
:10AB300000301C4644BB29463046FFF7BFFF431C8C
:10AB4000044658D1D8F800402746002F43D1002CA6
:10AB50004BD023683946304604EB030903F038FF35
:10AB6000814542D121686D1A29463046FFF7A6FF7C
:10AB700001303AD023682B442360D8F800305A685B
:10AB800062BBC8F800700FE02268521B20D40B2A69
:10AB900017D96119A342256018BF5960636808BFBF
:10ABA000C8F8001062514B60304600F02FF804F1F5
:10ABB0000B00231D20F00700C21A1CBF1B1AA35054
:10ABC000AFE76268A3420CBFC8F800205A60EBE709
:10ABD00023466468AEE73C467F68B6E71A465B6882
:10ABE000A342FBD100235360DEE70C2333603046E1
:10ABF00000F00CF894E70560D6E700BF7CD0012494
:10AC0000014803F033BF00BFE6D10124014803F03F
:10AC10002FBF00BFE6D1012470B504460D4616468D
:10AC200045EC104B05F006FD7EB1C5F30A53C3F1A8
:10AC30006B03002B09DD1B0503F17F51002001F59B
:10AC4000401141EC170B20EE070B70BD0000000017
:10AC50002DE9F04F2DED0A8B97B088460E92002219
:10AC6000129205904FF0000A4FF0000B0A46119225
:10AC700011782B294CD039D80D2933D8082933D84D
:10AC800000293CD000220892119D2A78302A40F0F9
:10AC9000B7806A7802F0DF02582A70D10293089BCD
:10ACA000019312AB0093904A059813AB11A904F0DD
:10ACB0001BFE10F00F06044605D0062E2AD10135E2
:10ACC0000023119508930E9B002B40F03785089BBD
:10ACD0004BEC10ABCBB1B1EE400B17B0BDEC0A8B17
:10ACE000BDE8F08F2029CDD10132C0E72D29C9D18F
:10ACF00001210891511C11915278002AC4D10E9B58
:10AD0000CDF84480002B40F017854BEC10ABE4E706
:10AD10000021EEE7129A3AB1352114A805F081FD21
:10AD20001299059805F05AF9731E139A042B06D848
:10AD3000DFE803F014031D201400DDE914ABE30584
:10AD400048BF4BF0004B2BF000431B0D1B05002BA5
:10AD5000B9D103F05FFE22230360B4E7DDE914A359
:10AD600002F2334223F4801343EA025BE7E7DFF8A1
:10AD700080B1E4E76FF0004B4FF0FF3ADFE7119B43
:10AD80005A1C11925B78302BF9D0002B9BD00123F9
:10AD90000793119B0A930023069399461D460A22A6
:10ADA00011980478A4F13003D9B209292AD94F495E
:10ADB000012202F04DF898B3002022462B460746A8
:10ADC0000146652A01D0452A18D11BB9079B0343C8
:10ADD00095D00023DDF8448008F10102119298F823
:10ADE00001202B2A74D02D2A7AD04FF0000EA2F128
:10ADF0003004092C40F28280CDF8448000249DE08C
:10AE00000023C5E7082DC8BF069900F10100CABF9D
:10AE100002FB013302FB0939069301351190BFE7AC
:10AE2000119B5A1C11925A78BDB307462B46A2F1CA
:10AE30003001092912D90121C3E7119B5A1C119233
:10AE40005A780130302AF8D0A2F13103082B00F2F1
:10AE50007A84119B0A93074600200346303A00F19A
:10AE6000010114D00F449C464FF00A0E0CF101046E
:10AE7000E61AB14213DC20EAE0701918082903F140
:10AE80000103034419DC0A2101FB09290021119A5D
:10AE9000501C119052780846C9E72846D2E7BCF109
:10AEA000080F03DC0EFB09F9A446DFE7102CDEBF18
:10AEB000069E0EFB06F60696F6E70F29DFBF0698FC
:10AEC0000A2101FB00220692E0E7002701217DE72D
:10AED0004FF0000E08F10202119298F8022086E766
:10AEE0004FF0010EF6E700BFB4430608386C0508C2
:10AEF0000000F07F119A541C11945278302AF9D036
:10AF0000A2F13104082C3FF679AFA2F1300C119A6E
:10AF10000992119A541C11945278A2F13006092E0C
:10AF200037D9099EA41B082C44F61F6402DC644533
:10AF3000A8BF6446BEF1000F00D06442002B4DD183
:10AF4000079B18437FF4BFAE00297FF4D8AE692A6F
:10AF500027D024DC492A24D04E2A7FF4D0AE97494A
:10AF600011A804F0E3FE00283FF4C9AE119B1B7842
:10AF7000282B2DD1924914AA11A804F0EBFE052824
:10AF800026D1159BDDF850A043F0FF4B4BF4E00BAE
:10AF900099E60A2404FB0C2CACF1300CB9E76E2ABC
:10AFA000DBE7884911A804F0C1FE00283FF4A7AEF2
:10AFB000119B8549013B11A8119304F0B7FE10B90C
:10AFC000119B01331193DFF814B24FF0000A7AE6B7
:10AFD0007E4803F065FD5BEC10AB74E607EE909ADB
:10AFE000E21BB8EE677B002D08BF1D46102B0992AF
:10AFF0001A46A8BF1022092B5BEC17AB15DCE11B2E
:10B0000000293FF460AEA4EB070172DD162959DC7C
:10B010006F4B099A03EBC20393ED007B4BEC16AB2D
:10B0200027EE067B5BEC17AB4DE66949DDED066A62
:10B0300001EBC20111ED125B0F2BB8EE666BA7EEB0
:10B04000056B5BEC16ABDADD9A1AE11B0A44002AA9
:10B0500040F3948012F00F000AD05D4901EBC0016B
:10B0600091ED007B4BEC16AB27EE067B5BEC17AB50
:10B0700032F00F0273D0B2F59A7F47DD00242546E7
:10B0800007942646059ADFF854B1222313604FF047
:10B09000000A079B002B3FF416AE1299059804F0A6
:10B0A0009DFF0598314604F099FF0598294604F064
:10B0B00095FF0799059804F091FF0598214604F043
:10B0C0008DFF00E6C3F12501E01B8142BCDB404A55
:10B0D000C3F10F0302EBC30191ED007B09994BEC27
:10B0E00016ABCB1A02EBC30227EE067B92ED006B88
:10B0F00096E71631A8DB364B3C1B03EBC40494EDFA
:10B10000007B4BEC16AB86EE077B8BE700204BEC0D
:10B1100017AB304E12110146012A23DC08B15BEC5B
:10B1200017AB2C4A2C4802EBC10292ED007BABF12D
:10B13000547B4BEC16AB294A27EE067B17EE901A90
:10B140000A4082425BEC17AB98D8A0F5801082428F
:10B1500086BFDFF88CB04FF0FF3A01F1547B00223C
:10B16000069276E012F0010F04D096ED006B0120FC
:10B1700027EE067B013152100836CDE7EFD0524260
:10B1800012F00F000AD0124901EBC00191ED007BD3
:10B190004BEC16AB86EE077B5BEC17AB1211DED0E7
:10B1A0001F2A1FDD0024254607942646059A2223E0
:10B1B0004FF0000A4FF0000B13606AE7DF6B0508E1
:10B1C000A04306080E6D05084E6E05084A6E050878
:10B1D00028460608004606080000A07C0000F07F14
:10B1E000FFFFEF7F12F0100118BF6A2106914BECB0
:10B1F00017ABAF490020D60704D591ED006B0120B5
:10B2000027EE067B521001F10801F4D108B15BEC86
:10B2100017AB069AB2B1CBF30A51C1F16B02002A07
:10B2200058460FDD1F2A55DD342ADEBF4FF0FF32AE
:10B23000C1F14B018A404FF0000ACCBF4FF05C7B5C
:10B2400002EA000B4BEC17ABB5EE407BF1EE10FAC7
:10B25000A8D00A990598CDF800902A4604F026FF58
:10B26000079000283FF40AAF099B3F1B002BB4BF97
:10B270003B4600230A93099B9FED89BB23EAE373B6
:10B2800000240D932546079B0598596804F066FE37
:10B29000064600283FF4F6AE079B1A694BEC19AB43
:10B2A000023203F10C0192000C3003F0EAFBB0EE25
:10B2B000490B059814AA13A905F02CFA129000283E
:10B2C0003FF4E0AE0598012104F086FF054640B941
:10B2D0000025D7E64FF0FF3101FA02F202EA0A0A2E
:10B2E000B0E7139F149A002FABBF0A9B0D9BDDF8AC
:10B2F0003480DDF82890ACBF07EB0309A3EB070807
:10B30000069BFF1A1744C2F136036A4A013F97426F
:10B3100051DAD11B1F29A3EB01034FF001023EDCE0
:10B320008A400C9200220B9209EB03079844069B7B
:10B33000B94598444B46A8BF3B464345A8BF434642
:10B34000002BC2BFFF1AA8EB0308A9EB03090A9B55
:10B35000002B16DD294605981A4604F0F5FF054630
:10B360000028B5D00146129A059804F04BFF0F90C3
:10B3700000283FF487AE1299059804F02FFE0F9B2A
:10B380001293002F1BDC099B002B21DD31460D9A07
:10B39000059804F0D9FF0646D0B9002672E6C7F139
:10B3A0007F4707F57F0707F57B47E23702FA07F18A
:10B3B0000B910C92B8E700220B920122F9E7129947
:10B3C00005983A4605F01AF812900028DBD159E6A4
:10B3D000B8F1000F07DD31460598424605F00EF83A
:10B3E00006460028D9D0B9F1000F08DD2946059896
:10B3F0004A4605F003F8054600283FF443AE12998B
:10B400000598324605F082F8044600283FF43AAE2B
:10B410000023D0F80C80C360294605F05BF80028B3
:10B420004CDA58EA0A0872D1CBF31303002B6ED121
:10B430002BF000431B0D1B05B3F1D66F67D9636971
:10B4400013B92369012B62DD21460122059804F01E
:10B45000D5FF2946044605F03DF8002857DD2BF0BE
:10B460000043069A1B0D1B05002A6ED0B3F1D66F60
:10B470006BD8B3F15C7F7FF699AE9FED0B7B4BEC05
:10B4800016AB0D4B26EE077B17EE902A13405BECB4
:10B4900017AB002B7FF401AE059A22231360FCE565
:10B4A0000000C0FFFFFFDF41000000000000503936
:10B4B000C843060802FCFFFF0000F07FD9465DD1BB
:10B4C000CBF31303B8F1000F2AD0A94A93422AD133
:10B4D000069B5246FBB1A74B0BEA0303B3F1D46FB3
:10B4E0004FF0FF311AD81B0DC3F16B0301FA03F3C0
:10B4F0009A4218D1A04B994502D101323FF4C2AD16
:10B500009C4B09EA030303F5801B4FF0000A069BDE
:10B51000002BB2D1C1E54FF0FF33E9E70B46E7E777
:10B5200053EA0A039BD00B9BC3B113EA090FEED079
:10B53000069A50465946B8F1000F13D0FFF76CFB3E
:10B5400039EE007B5BEC17ABE1E7A3F580136FEA04
:10B55000135B6FEA0B5B4FF0FF3AD8E70C9B13EAE3
:10B560000A0FE4E7FFF758FB39EE400BB5EE400B4E
:10B57000F1EE10FA5BEC10ABC9D117E62946204674
:10B5800005F020F9B0EE007BB4EEC70BF1EE10FA37
:10B590005DD8B8F1000F64D1BAF1000F4BD1CBF3F5
:10B5A0001303B7EE008B002B60D1B4EEC80BB6EEE0
:10B5B000008BF1EE10FA01D420EE088BB1EE48AB0F
:10B5C0006C486E4909EA00078F4253EC1A2B7DD173
:10B5D000A9F1547B4BEC1CABB0EE4C0B05F02AF8F8
:10B5E0006448A0EE0ACB1CEE903A654A03EA0001DB
:10B5F00091425BEC1CAB3CD919EE902A5E4B9A420F
:10B6000004D119EE103A01333FF43CADDFF868B1D4
:10B610004FF0FF3A1299059804F0E0FC0598314686
:10B6200004F0DCFC0598294604F0D8FC0598214676
:10B6300004F0D4FC27E6BAF1010F03D1BBF1000FEF
:10B640003FF4B4ADBFEE00ABB7EE008BB8E7B6EE9B
:10B65000008B20EE088BB8F1000FAFD0B0EE48ABF6
:10B66000AEE7B7EE00ABB0EE4A8BA9E7BFEE00AB9A
:10B67000A6E703F1547B069BD946002BCAD12BF0D9
:10B6800000431B0D1B059F42C4D151EC180BD5F78D
:10B6900071F9D5F71BF8CBF3130941EC170B49EA05
:10B6A0000A0959EA080938EE478B3CD09FED2A7BFE
:10B6B000B4EEC78BF1EE10FA3FF5EFAC9FED287BAF
:10B6C000B4EEC78BF1EE10FAA4DDE6E40699E1B121
:10B6D000B7F1D46F19D8B4EECB8BF1EE10FA11D8C4
:10B6E000BCEEC88B18EE103A012B38BF012308EED0
:10B6F000103AB8EE488BB8F1000F11D1B1EE487B8B
:10B7000053EC172B03F1D661CB1BB0EE490B43EC86
:10B710001A2B04F08FFFAAEE009B5BEC19ABAAE793
:10B72000B0EE487BECE79FED107BB4EEC78BF1EEFB
:10B7300010FA7FF56FAFB0E4002308930E9A119BC7
:10B740001360FFF7C4BA652A3FF4BFAB452A3FF444
:10B75000BCAB0121FFF7F4BB9535A094FFFFDF3FA1
:10B7600035E5AF350000E03F9535A094FFFFCF3FB2
:10B77000FFFF0F000000F07FFFFFEF7F0000E07F82
:10B78000FFFF9F7C014BFFF763BA00BF0401002459
:10B790000A4601460248034B0068FFF759BA00BF4A
:10B7A000700200240401002410B5214C214B0A46EC
:10B7B00001462068FFF74CFAB4EE400BF1EE10FAA8
:10B7C000B0EE407B0DD717EE903A002B1A4804DA02
:10B7D00003F06EF9B1EE400A10BDBDE8104003F071
:10B7E00067B9B7EEC00BDFED156AB0EEC06AB4EE14
:10B7F000666AF1EE10FA08DDB0EEC76B9FED0A5BEA
:10B80000B4EE456BF1EE10FA0ADD10EE103A13F0CB
:10B81000FF4FE1D117EE902A094B1340002BDBD0EC
:10B82000236822221A60D7E7FFFFFFFFFFFFEF7FA9
:10B8300070020024040100244A6E0508FFFF7F7F88
:10B840000000F07F2DE9F043344E86460D46284631
:10B8500015F8014B375D17F00807F8D12D2C10D1E2
:10B860002C780127851C33F0100015D1302C0DD118
:10B87000287800F0DF00582808D16C7802351023B2
:10B880000AE02B2C04BF2C78851CECE7002BF6D1AA
:10B89000302C14BF0A2308234FF0FF380026B8FBD2
:10B8A000F3F803FB08F96FEA09093046A4F1300CFC
:10B8B000BCF1090F10D86446A3421EDDB6F1FF3F6C
:10B8C00007D0804516D301D1A14513DB00FB03400F
:10B8D000012615F8014BE9E7A4F1410CBCF1190F61
:10B8E00001D8373CE8E7A4F1610CBCF1190F04D88A
:10B8F000573CE1E74FF0FF36EBE7731C06D12223FC
:10B90000CEF80030304632B9BDE8F08307B140428E
:10B91000002AF9D006B1691E1160F5E7F143060867
:10B92000FFF790BF13460A46014602480068FFF73A
:10B9300089BF00BF7002002410B5044604481346B6
:10B9400020B10A460220214603F0B8F810BD00BF1E
:10B95000BDEA0408F0B5431C87B003D14FF0FF30B7
:10B9600007B0F0BD1C4D8DF80B0004AE082200217D
:10B97000304601F047FA2F687C6CFCB95020FFF785
:10B980008DF80246786420B9144B1548182103F04D
:10B99000F5F82B685B6CC3E90044C3E90244C3E9D2
:10B9A0000444C3E90A44C3E90C44C3E90E44C3E9AF
:10B9B0001044C3E912449C611C775C62094B0096F9
:10B9C000D3F8E440286801230DF10B0203A9A04736
:10B9D0000128C3D80398C3E7700200243A6C050815
:10B9E000516C050804010024F7B50A4C089ED4F8F0
:10B9F000E47000960546144612B9074A0123214611
:10BA0000B847431C01BF002333608A232B6003B077
:10BA1000F0BD00BF040100244A6E050807B500937D
:10BA200013460A46014603480068FFF7DDFF03B0EE
:10BA30005DF804FB70020024F0B5094C85B0D4F821
:10BA4000E07005461E4609B90A4601A9B847431CDD
:10BA500001BF002333608A232B6005B0F0BD00BF17
:10BA60000401002413460A46014602480068FFF715
:10BA7000E3BF00BF700200247FB5431C054603D11D
:10BA80004FF0FF3004B070BD082200210DEB020022
:10BA900001F0B8F9174B1E68746CECB95020FEF732
:10BAA000FDFF0246706420B9134B1448162103F0C1
:10BAB00065F8C0E90044C0E90244C0E90444C0E9B3
:10BAC0000A44C0E90C44C0E90E44C0E91044C0E98E
:10BAD0001244846104774462094B2A46D3F8E0405B
:10BAE00001A902AB3046A0470128C9D19DF8040046
:10BAF000C8E700BF700200243A6C0508AA6C05086C
:10BB000004010024024B0344587800F008007047F9
:10BB1000F0430608034B1B5C03F00303012B08BF33
:10BB200020307047F143060801390B291FD8DFE8A0
:10BB300001F006080A0C0E10121416181A1C04F054
:10BB4000C6BF04F0D1BF04F0DDBF04F0F1BF00F0C8
:10BB500010B800F014B800F023B800F033B800F0CB
:10BB60003FB800F04BB800F057B800F067B80020BD
:10BB70007047303809288CBF002001207047002111
:10BB800000F000B838B504460D4600F01FF830B19B
:10BB90002946204600F036F8B0FA80F0400938BD5A
:10BBA000002100F001B80000FF2807D8044B185C02
:10BBB00000F00300831E5842584170470020704730
:10BBC000F1430608002100F001B80000FF289DBFE6
:10BBD000024B185C00F0970000207047F143060804
:10BBE000002100F001B80000FF289DBF024B185C47
:10BBF00000F0100000207047F1430608002100F01B
:10BC000001B80000FF289DBF024B185C00F008003F
:10BC100000207047F1430608002100F001B8000041
:10BC2000FF2807D8044B185C00F00300431E58425D
:10BC30005841704700207047F1430608A0F13003D7
:10BC4000092B07D920F02000413805288CBF00209F
:10BC50000120704701207047FE2806D8034B1B5C6B
:10BC600003F00303012B08BF20307047F14306089F
:10BC7000FE2806D8034B1B5C03F00303022B08BF0E
:10BC800020387047F143060838B50B78613B05460C
:10BC90000C46172B5ED8DFE803F00C1A22295D5DF5
:10BCA000305D5D5D5D375D5D5D3E5D5D4A5D515D55
:10BCB0005D582D492046D4F713FB00284ED02B4960
:10BCC0002046D4F70DFB002844D1022045E0284946
:10BCD0002046D4F705FB00283CD103203DE0254950
:10BCE0002046D4F7FDFAA8BB042036E022492046BE
:10BCF000D4F7F6FA70BB05202FE020492046D4F790
:10BD0000EFFA38BB062028E01D492046D4F7E8FAB0
:10BD100000BB072021E01B492046D4F7E1FAF8B127
:10BD200019492046D4F7DCFAA0B9092015E01749D3
:10BD30002046D4F7D5FA68B90A200EE01449204607
:10BD4000D4F7CEFA30B90B2007E012492046D4F7D9
:10BD5000C7FA38B116232B60002038BD0120FCE75C
:10BD60000820FAE70C20F8E7A4690508916905089E
:10BD7000036D05087F6905089E690508AA6905081D
:10BD80008B6905087969050897690508AE7005088B
:10BD9000856905089D690508024B01461868FFF78B
:10BDA00073BF00BF70020024F0B52DED028BB0EE22
:10BDB000408B85B017460D9D0C9E18EE902A25F0FD
:10BDC0002005002AB6BF2D220022B1EE408B462D61
:10BDD0000C461A7004D0452D00D10134022100E038
:10BDE000032103AB019302AB009322463346B0EE2E
:10BDF000480B02F069FF472D14D1FB070AD5021941
:10BE0000B5EE408BF1EE10FA08BF03923021039B90
:10BE1000934219D3039B0E9A1B1A136005B0BDEC15
:10BE2000028BF0BD462D00EB0402E9D10378302BE4
:10BE300007D1B5EE408BF1EE10FA1CBFC4F101043E
:10BE4000346033681A44DBE75C1C03941970DEE746
:10BE5000F7B50029BABF49422D232B2309290270C7
:10BE6000437029DD0DF107031D460A271A46B1FB71
:10BE7000F7F607FB1614303402F8014C0C46632C1D
:10BE800003F1FF333146F1DC3031941E03F8011C1D
:10BE9000411C2346AB420AD30DF109039B1AAC4265
:10BEA00088BF002302330344181A03B0F0BD13F80F
:10BEB000016B01F8016FEDE7302330318370C17001
:10BEC000031DF1E7000000002DE9F04F8DB00C4696
:10BED000DDF8588016461F46054602F02DFDD0F8C5
:10BEE00000B05846D4F75CFA00230A93D8F8003023
:10BEF00094F8189022680590073323F0070303F1A4
:10BF00000801C8F8001093ED000B9FED976BB0EEA1
:10BF1000C07BB4EE467BF1EE10FA84ED120B24DD0B
:10BF2000B5EEC00BF1EE10FA02D52D2384F84330A4
:10BF30008F49904BB9F1470F8CBF8846984622F045
:10BF400004020323236122604FF0000A0097334666
:10BF50000BAA2146284600F0D1F9013040F0898033
:10BF60004FF0FF300DB0BDE8F08FB4EE400BF1EEB6
:10BF700010FA09D710EE903A002BBCBF2D2384F89D
:10BF800043307D497D4BD5E76368591C09F0DF0AD2
:10BF900039D10623636042F4806200232260039358
:10BFA0000AABCDE9019309AB009361680DF123035E
:10BFB0002846FFF7F9FEBAF1470F0999804629D1C3
:10BFC000C81C02DB6368994241DDA9F102095FFAEE
:10BFD00089F901394A4604F150000991FFF738FF09
:10BFE0000A9A1318012A8246236102DC2268D207CA
:10BFF00001D5013323619DF82330002BA6D02D23DA
:10C0000084F84330A2E7BAF1470FC4D1002BC2D164
:10C010000123BFE7B9F1650FDBD9B9F1660F18D17C
:10C02000002963680BDD216113B92268D00702D5AE
:10C0300001330B442361A1654FF0000ADBE713B91C
:10C040002268D20701D50233F4E70123F2E74FF06B
:10C0500067090A9B994205DB23682161D807EAD565
:10C060004B1CE7E70029D4BFC1F1020201221344AF
:10C07000E0E723685A0507D423694246314628463B
:10C08000B84701302AD16BE7B9F1650F40F2E08083
:10C0900094ED127BB5EE407BF1EE10FA33D1384AC5
:10C0A000012331462846B84701303FF459AFDDE956
:10C0B0000938434502DB2368D8070FD5059B5A464C
:10C0C00031462846B84701303FF44AAF4FF00009E7
:10C0D00008F1FF3804F11A0AC84509DC23689B07F8
:10C0E00000F10781E0680B9B9842B8BF184639E71A
:10C0F0000123524631462846B84701303FF430AF5D
:10C1000009F10109E8E7099B002B3BDC1C4A0123EC
:10C1100031462846B84701303FF422AFDDE90939FE
:10C1200059EA030302D12368D907D7D5059B5A469C
:10C1300031462846B84701303FF412AF4FF0000AAD
:10C1400004F11A0B099B5B42534501DC4B4694E713
:10C1500001235A4631462846B84701303FF400AF24
:10C160000AF1010AEEE700BFFFFFFFFFFFFFEF7FCD
:10C170000D6D0508096D0508156D0508116D05089B
:10C1800083400508A36DDDF828A05345A8BF53469A
:10C19000002B994637DC0023079329EAE97904F15B
:10C1A0001A02A36D07990693A3EB09038B4231DCB6
:10C1B000099B9A453BDC2368DA0738D4099BAAEB34
:10C1C0000309069BAAEB03039945A8BF9946B9F159
:10C1D000000F34DC4FF0000829EAE97904F11A0B6A
:10C1E000099BAAEB0303A3EB090343457FF776AF53
:10C1F00001235A4631462846B84701303FF4B0AED5
:10C2000008F10108ECE7424631462846B8470130BC
:10C21000C1D1A5E60123314628460692B847013030
:10C220003FF49EAE079B069A01330793B9E7059B3F
:10C230005A4631462846B8470130BFD190E6069AA3
:10C240004B46424431462846B8470130C2D187E6C2
:10C25000DDF82890B9F1010F01DCDB0736D50123A9
:10C26000424631462846B84701303FF479AE059B37
:10C270005A4631462846B84701303FF471AE94ED36
:10C28000127BB5EE407BF1EE10FA09F1FF3918D0C0
:10C290004B4608F1010231462846B84701300CD11F
:10C2A0005EE601235A4631462846B84701303FF43E
:10C2B00057AE08F10108C845F3DB534604F15002BC
:10C2C000DCE64FF0000804F11A0BF4E701234246C4
:10C2D000E1E701234A4631462846B84701303FF49A
:10C2E0003FAE08F10108E3680B995B1A4345F0DCA7
:10C2F000F8E64FF0000804F11909F4E72DE9F047DA
:10C30000164698468A680B69DDF820909342B8BFBC
:10C310001346336091F8432007460C460AB10133B7
:10C3200033602368990642BF33680233336025685F
:10C3300015F0060506D104F1190AE36832689B1A64
:10C34000AB4226DC94F843302268003B18BF01233F
:10C3500092062BD404F1430241463846C8470130C7
:10C360001ED02368226903F00603042B02BFE56890
:10C370003368ED1AA3680CBF25EAE57500259342E2
:10C38000C4BF9B1AED1800261A34B5421AD10020FA
:10C3900008E00123524641463846C847013003D1E0
:10C3A0004FF0FF30BDE8F0870135C6E7E1185A1CB1
:10C3B000302081F84300224494F8451082F843105D
:10C3C0000233C7E70123224641463846C8470130B9
:10C3D000E6D00136D9E700002DE9FF470F7E0C9E1D
:10C3E000782F914680460C469A4601F1430207D8C1
:10C3F000622F0AD8002F00F0D180582F00F0B880AB
:10C4000004F1420684F842703AE0A7F16303152B69
:10C41000F6D801A151F823F071C4040885C40408BA
:10C4200001C4040801C4040801C4040801C40408C8
:10C4300085C4040801C4040801C4040801C4040834
:10C4400001C4040883C50408AFC404083DC504083A
:10C4500001C4040801C40408A5C5040801C40408F3
:10C46000AFC4040801C4040801C4040845C5040895
:10C4700033681A1D1B68326004F1420684F84230AA
:10C4800001239CE033682068191D3160060601D540
:10C490001D6803E04506FBD5B3F90050002D03DA13
:10C4A0002D236D4284F8433058480A2311E0216857
:10C4B0003368080653F8045B02D4490648BFADB29E
:10C4C0006F2F5248336014BF0A230823002184F8D9
:10C4D00043106668A660002E05DB21682E4321F01C
:10C4E000040121604BD01646B5FBF3F103FB115755
:10C4F000C75D06F8017D2F46BB420D46F4D9082BD7
:10C500000BD12368DF0708D5236961689942DEBF34
:10C51000302306F8013C06F1FF36921B2261CDF86C
:10C5200000A04B4603AA21464046FFF7E7FE013034
:10C530004AD14FF0FF3004B0BDE8F087236843F0E4
:10C54000200323603248782784F8457023683168D7
:10C550001F0651F8045B02D45F0648BFADB23160DC
:10C56000D90744BF43F0200323601DB11023ADE77A
:10C570002648E9E7236823F020032360F6E7164600
:10C58000BDE7336825686169181D30602E061B6899
:10C5900001D5196002E06806FBD5198000232361EC
:10C5A0001646BCE733681A1D32601E6862680021B7
:10C5B0003046D3F7A5FE08B1801B60606368236135
:10C5C000002384F84330AAE72369324649464046AF
:10C5D000D0470130ADD023689B0713D4E068039B9C
:10C5E0009842B8BF1846A6E701233246494640465E
:10C5F000D04701309DD00135E36803995B1AAB4207
:10C60000F2DCEBE7002504F11906F5E7B46A05084A
:10C61000196D05082DE9F04F87B0914603938B689B
:10C620005A1EB2F5AE7F81BF6FF4AE7503EB050BFA
:10C6300040F25D138B600B680A464FF0000543F42F
:10C64000F06342F81C3BCDE9045580460C4698BF88
:10C650004FF0000B01921646AA462F460295A2689B
:10C660005AB1D9F800301B784E2B63D8402B3BD8F9
:10C67000A3F12B01C8B20E2839D91FB1236823F4C6
:10C68000807323600AF1FF3ABAF1010F00F21481BE
:10C69000019B9E4200F20581012007B0BDE8F08FAA
:10C6A000A3F161020D2AE8D801A151F822F000BFE0
:10C6B000F9C704087BC604087BC604087BC60408C7
:10C6C00055C804082FC804087BC604087BC60408A4
:10C6D00007C804087BC604087BC604087BC6040898
:10C6E0007BC60408C3C70408A3F14102DAE70E2998
:10C6F000C3D801A050F821F0B3C704087BC60408D2
:10C70000B3C7040843C804087BC6040855C7040817
:10C7100099C7040899C7040899C7040899C7040869
:10C7200099C7040899C7040899C7040899C7040859
:10C7300099C704086E2B09D8602BB1D8542B7BD035
:10C74000592B9AD1072D98D108252FE0742B73D03F
:10C75000792BF6E72168C8051ED521F080012160FC
:10C760000137BBF1000F03D001320BF1FF3BA26098
:10C77000A368013BA360236901332361D9F8043026
:10C78000013B002BC9F8043040F38280D9F8003017
:10C790000133C9F8003062E71AEB05017FF46DAF91
:10C7A000226822F4C07222600D468A4606F8013BD8
:10C7B000DEE7226810067FF560AF22F0800222607B
:10C7C000F4E7BAF1000F0CD177B9226802F4E06106
:10C7D000B1F5E06F08D122F4F06222604FF0010A57
:10C7E000E4E7BAF1020F50D0012D02D0042D7FF4FE
:10C7F00044AF0135EDB2D9E7BAF1010F7FF43DAF97
:10C800004FF0020AD2E775B9002F7FF437AF2268E4
:10C8100002F4E061B1F5E06F40F0FC8022F4F062D8
:10C8200022600125C2E7032DE3D0052DDFE7022DAD
:10C830007FF423AF0325B9E7062D7FF41EAF07254C
:10C84000B4E7226891057FF518AF22F420722260C8
:10C850000297ABE7226802F4A061B1F5806F05D0C2
:10C8600050057FF50AAF002F00F0D480910558BF26
:10C87000029922F4F06258BF791A42F4C07258BF8C
:10C88000CDE904162260002790E74FF0030A8DE7F8
:10C89000D4F8803149464046984700283FF4DFAE3F
:10C8A000EBE6D4F87C3116F8011D4A46404698471D
:10C8B0002369013B2361EBE66B1E062B24D8022D76
:10C8C00036D8019B9E427FF6E7AED4F87C3116F84D
:10C8D000011D4A46404698472369013B2361F0E722
:10C8E000D4F87C311BF8011D4A464046984723691D
:10C8F000013B23610AF1FF3A5FFA8AFABAF1020FAB
:10C90000EED1033DEDB2761B2368DA0530D55B0529
:10C9100011D5019B9E427FF6BFAED4F87C3116F84C
:10C92000011D4A46404698472369013B2361F0E7D1
:10C93000AA46B346DEE716F8011C2369652903F110
:10C94000FF3306F1FF3523610CD045290AD0D4F816
:10C950007C314A4640469847236916F8021C013B41
:10C96000B51E2361D4F87C314A46404698472E468E
:10C97000226812F0100201D000208EE63270236887
:10C9800003F4C063B3F5806F23D1029B9F420AD0AA
:10C99000DA1B04F26F139E4228BF04F5B7761E49D6
:10C9A000304600F035F9019900224046FEF7EAFED4
:10C9B000039B21681B6811F0020F03F1040215D0DC
:10C9C00003990A601B6883ED000BE3680133E360A1
:10C9D000D2E7049B002BE6D005990A23013140469B
:10C9E00003F0DEFF049B059EC21AD2E711F0040F8C
:10C9F00003990A60E6D1B4EE400BF1EE10FA1D681F
:10CA000005D7064802F054F885ED000ADDE7B7EED9
:10CA1000C00BF9E7002735E62A6D05084A6E0508C0
:10CA2000002310B50446C0E90033C0E90433836035
:10CA300081814366C2818361194608225C3000F01F
:10CA4000E1F90D4B63620D4BA3620D4BE3620D4B9D
:10CA500023630D4B24629C4206D003F1680294428A
:10CA600002D0D0339C4205D104F15800BDE81040FB
:10CA700001F0FABF10BD00BFADCC0408D3CC040850
:10CA80000BCD04082FCD040880D00124024A0349AD
:10CA9000034800F069B800BFF00000244115050804
:10CAA0007402002441680C4B994210B5044601D031
:10CAB00004F046FDA168094B994202D0204604F0DB
:10CAC0003FFDE168064B994204D02046BDE8104086
:10CAD00004F036BD10BD00BF80D00124E8D0012491
:10CAE00050D1012410B50B4B0B4C0C4A1A60204658
:10CAF00000220421FFF794FF04F1680001220921BC
:10CB0000FFF78EFF04F1D0000222BDE81040122191
:10CB1000FFF786BFB8D1012480D001248DCA040854
:10CB2000014801F0A3BF00BFE8D10124014801F092
:10CB30009FBF00BFE8D1012410B50446FFF7F0FF06
:10CB4000236A1BB1BDE81040FFF7F0BF044B23621E
:10CB5000044B1B68002BF5D1FFF7C4FFF2E700BFC1
:10CB6000A5CA0408B8D101242DE9F8430746884630
:10CB700014460026D4E90195B9F1010905D52468C8
:10CB8000002CF7D13046BDE8F883AB89012B07D9DB
:10CB9000B5F90E30013303D029463846C047064365
:10CBA0006835E9E70CB430B5184B0C1E1D689DB014
:10CBB00008DA8B232B604FF0FF301DB0BDE830400A
:10CBC00002B070474FF40273ADF814304FF0000319
:10CBD0001B9314BF04F1FF332346049307934FF6CE
:10CBE000FF7302900690ADF81630209A21AB02A98F
:10CBF0002846019304F006F8431CBCBF8B232B602E
:10CC0000002CDAD0029B00221A70D6E770020024B2
:10CC10000EB410B59DB01FAB029006906FF00041AE
:10CC20000A48079104910A4953F8042B05910024FE
:10CC300002A9006801931B9403F0E4FF029B1C709F
:10CC40001DB0BDE8104003B0704700BF7002002463
:10CC50000802FFFF0EB470B59DB021AC00254FF463
:10CC6000017254F8046BADF814201B9502900690E5
:10CC7000D3F796FB0B4B039007900B480B934FF6A3
:10CC8000FF73ADF816303246234602A900680F95AF
:10CC90001495019404F00CF91DB0BDE8704003B088
:10CCA000704700BFCFCC04087002002410B50C46BA
:10CCB000B1F90E1001F066FE0028ABBF636DA389C9
:10CCC0001B1823F48053ACBF6365A38110BD002003
:10CCD00070472DE9F0411F468B89DB0505460C4660
:10CCE000164605D5B1F90E100223002201F038FED8
:10CCF000A389B4F90E1023F48053A38132463B4636
:10CD00002846BDE8F04101F073BE10B50C46B1F9FC
:10CD10000E1001F025FE431CA38915BF606523F4A6
:10CD2000805343F48053A38118BFA38110BDB1F990
:10CD30000E1001F005BE30B51446002C9BB0054620
:10CD40001A4605DA8B2303604FF0FF301BB030BD6D
:10CD50004FF40273ADF80C304FF00003199314BF79
:10CD600004F1FF332346029305934FF6FF730091BE
:10CD70000491ADF80E3069461E9B03F043FF431C3F
:10CD8000BCBF8B232B60002CE0D0009B00221A70CC
:10CD9000DCE7000007B5009313460A460146034846
:10CDA0000068FFF7C8FF03B05DF804FB70020024C1
:10CDB00010B501390244904201D1002005E003780A
:10CDC00011F8014FA34201D0181B10BD0130F2E74A
:10CDD000884210B501EB020402D98442234607D8E9
:10CDE000431EA14208D011F8012B03F8012FF8E7E8
:10CDF000024401468A4200D110BD13F8014D02F8E9
:10CE0000014DF7E702440346934200D1704703F80F
:10CE1000011BF9E710B50246147813460132002CC5
:10CE2000FAD1013B11F8012B03F8012F002AF9D1A7
:10CE300010BDC9B20346184613F8012B12B18A423D
:10CE4000F9D17047002918BF00207047D3F748BABE
:10CE500010B56AB10139841810F8012B11F8013F9F
:10CE60009A4203D1A04201D0002AF5D1D01A10BDB8
:10CE70001046FCE730B5044600200B46904213F8FC
:10CE8000015B08D10B461C781A460133002CFAD1FD
:10CE9000401A104430BD2554002DFBD001301946F6
:10CEA000EBE704F0E3BD024613460432196800299B
:10CEB000FAD1181A8010704704F0F0BD30B503465F
:10CEC00000249442184601D1002030BD05688D42EF
:10CED00003F10403F9D00134F3E7920001F0D1BD6E
:10CEE0009200FFF775BF0023934200D1704740F8CE
:10CEF00023100133F8E70000F7B500270E4601972D
:10CF0000144692B10146104801AB0122006804F0BA
:10CF1000C5FB0546D3F744FAA04209D3013C22469B
:10CF20002946304601F0ADFD3755222003B0F0BD53
:10CF30002946304601F09DFD01980028F6D12B7856
:10CF4000002B08BF1620F1E7700200241F2938B516
:10CF500005460C4604D9162303604FF0FF3038BD58
:10CF6000C26B12B152F821304BB9284601F02EFDA8
:10CF7000224601462846BDE8384001F015BD012B88
:10CF80000AD0591C03D1162303600120E7E70021D2
:10CF900042F82410204698470020E0E7024B014663
:10CFA0001868FFF7D3BF00BF700200244269002A4F
:10CFB00040F26C73A8BF6FF063031344920705D16E
:10CFC000642193FBF1F201FB1232CAB94FF4C8722B
:10CFD00093FBF2F102FB1133B3FA83F35B09D0E95F
:10CFE0000602400000EB0210184441F2A26398428E
:10CFF00027D011DC01280ADCC043C00F4042704733
:10D000000123ECE7104BC34043F3000070470A389C
:10D010001728F7D90020704741F2B463984206DC24
:10D0200041F2B1639842D4BF002001207047A0F5BF
:10D03000B65002381528EDD8044BC34003F0010068
:10D0400070470120704700BFCF00CC001F002A00AE
:10D050002DE9F04F8FB01E46002307460D46029380
:10D060001C461378002B00F0AD84252B1FD192F8BD
:10D070000190B9F1300F24D0B9F12B0F21D002F17A
:10D0800001084FF0000998F80020313A082A1BD80F
:10D090000A22404606A9FEF745FCDDF81880024644
:10D0A00098F80010452911D108F1010810E0691E17
:10D0B000A14240F25D813B55013204F1010A544620
:10D0C000CFE702F10208DEE70022E9E74F29EBD0C3
:10D0D00098F80000A0F12501552900F24981DFE808
:10D0E00011F0690447014701470147014701470122
:10D0F00047014701470147014701470147014701F0
:10D1000047014701470147014701470147014701DF
:10D11000470147014701470147017500A300DC00B3
:10D12000280147015901CB0145024C024701470143
:10D1300047016402470147016F0247019F0227032D
:10D1400031035B036303C903D800DF033F044701D6
:10D150004701470147014701470156008D00BA00CA
:10D160001D011D0147017E018D0047015D02450241
:10D170004C026102660247016F029802D000A802C9
:10D18000290338039503C003D400D1030204B36913
:10D19000AD4A183352F823B05846D3F701F90BF1D2
:10D1A000FF3B04EB000A6B1EA24507D198F8003044
:10D1B000002B00F0088408F1010280E7A34240F24E
:10D1C000D7801BF8012F3A550134EDE7B2699E4B29
:10D1D00003EB8203D3F87CB05846D3F7E1F80BF1A8
:10D1E000FF3B04EB000A6B1EA245DFD0A34240F2D6
:10D1F000BF801BF8012F3A550134F5E7924B326995
:10D2000053F822B05846D3F7CBF80BF1FF3B04EBB1
:10D21000000A6B1EA245C9D0A34240F2A9801BF8A8
:10D22000012F3A550134F5E73369874A0C3352F838
:10D2300023B05846D3F7B4F80BF1FF3B04EB000AD8
:10D240006B1EA245B2D0A34240F292801BF8012F80
:10D250003A550134F5E77C4BD3F8A0A05046D3F7FC
:10D260009FF89AF80030002B00F040833346524676
:10D27000291B3819FFF7ECFE002879DD04EB000AC2
:10D2800094E7714BD3F8E4A0E8E76F4BD3F89CA088
:10D29000E4E76D4BD3F898A0E0E7D6F814A06B490B
:10D2A0008A45ACBF4FF0000B4FF0010BBAF1000FF5
:10D2B00012DB64209AFBF0F01330B9F1000F15D0A7
:10D2C000632828DD624B6349B9F12B0F0CBF9C46E4
:10D2D0008C46DFF89CE10DE00AF26C70039201F0DD
:10D2E00049FC6421039A90FBF1F0E6E7DFF864C1A2
:10D2F000DFF880E1584B0190022A2CBFCBEB0201F2
:10D30000CBF10201514A00919245A8BF6346724693
:10D31000291B381923E0DFF83CC1DAE74F49504AAE
:10D32000F368642818BF0A46291B3819FFF73AFC2E
:10D3300017E070693369002803F1010A07EB040B59
:10D34000F368A5EB040919DB642290FBF2FC02FBF5
:10D350001C00444ACDE90030494653465846FFF781
:10D3600021FC002804DB00EB040A55453FF61EAF04
:10D370004FF0000A50460FB0BDE8F08F00F26C701D
:10D38000039301F0F7FB6422039B90FBF2FC0CFB80
:10D390001200DEE725218DF81810B9F1000F0BD02F
:10D3A000052A8DF8199017D80DF11A002E4901F0B1
:10D3B00060FB334606AA5BE72B238DF81930042364
:10D3C0002A4A1E210DF11A00FFF7ECFB0028EBDDC5
:10D3D0000DF11A031844E9E7931FE5D0F0E7304652
:10D3E000FFF7E4FD82467069002811DB642390FB9F
:10D3F000F3F203FB1200642382449AFBF3F203FB73
:10D4000012AA9A44BAFBF3F203FB12A3144A8BE765
:10D4100000F26C7001F0AEFB6423BAF1000F90FBD8
:10D42000F3F202FB130007DA7269A3F2CF739A4298
:10D43000B8BF4FF0010ADEE7DDD07269034B9A42B4
:10D44000B8BF4FF0FF3AD6E7F444060894F8FFFF60
:10D45000363905084A6E05089E6F05083E6D0508B9
:10D460004C6D0508426D0508516D05083A5F0508C9
:10D47000366D05082F6D05087169BC48059281421B
:10D48000ACBF002301233046CDE90331FFF78EFD09
:10D490000499059A0029824639DB4FF0640B91FB11
:10D4A000FBFB0BF1130B706900283DDB4FF0640CA4
:10D4B00090FBFCFE0CFB1E00BAF1000F43DA716911
:10D4C000AB4B994203DA4FF0010ACDF80CA082442D
:10D4D000BAF1FF3F42D10BF1FF3B4FF0630A039BD0
:10D4E000642101FB0BAA002B40F0E081B9F12B0F66
:10D4F00040F0E78142F20F718A4500F26B822523EA
:10D500008DF8183006A93023881C4B70E1E101F238
:10D510006C700592049101F02DFB4FF0640CDDE975
:10D52000041290FBFCFBBEE700F26C70CDE9042115
:10D5300001F020FB4FF0640CDDE9042190FBFCFEC0
:10D540000EFB1C00B8E7C2D0884B9942B4BF012340
:10D5500000230393B8BF4FF0FF3AB8E7BAF1640F66
:10D5600004BF0BF1010B4FF0000AB8E78149824A72
:10D57000B3686B2818BF0A46D6E6B36863B10C2BB4
:10D5800004D00C2193FBF1F201FB12337A49794A62
:10D59000492818BF0A46C7E60C23F7E7F369774A1C
:10D5A0000133C1E63369013330E773682EE76B1E40
:10D5B0009C42BFF4DDAE04F1010A0A233B55F5E5B8
:10D5C000B3680B2B6E4BD4BF0022012203EB820306
:10D5D000D3F8A4B05846D2F7E3FE04EB000A69483A
:10D5E0000BF1FF3B691EA2453FF4E0ADA1427FF67F
:10D5F000BFAE98F800201BF8013F502A06D1C25C4C
:10D6000002F00302012A08BF2033DBB23B5501348C
:10D61000E9E70322336993FBF2F35B4A013383E6C4
:10D6200073680093B368594A291B3819FFF7BAFA8F
:10D6300097E6336A002B78DB00F0DEF9029B0BB92A
:10D6400000F0E6F904F040FA336A002BD4BF002260
:10D650000122282302FB0333C358C3F1000A00F060
:10D66000D1F9012302937269B2F145034FEAE27CDA
:10D670006CF1000CBCF1000FA5EB040107EB0400FA
:10D6800002DA03334CF1000C9B0843EA8C7302F17D
:10D69000FF3E4FF0640B4FEAAC0C9EFBFBFEB3EB7E
:10D6A0000E036CEBEE7C4FF4C87B02F22B1E9EFB4C
:10D6B000FBFE13EB0E034CEBEE7C463A40F26D1E84
:10D6C0000EFB02F29B184CEBE27CF269D6F804B038
:10D6D0009B184FF0180E4CEBE27CA3FB0E230EFBC5
:10D6E0000C33D6F808C012EB0C0243EBEC734FF08E
:10D6F0003C0CA2FB0C2E0CFB03EE12EB0B034EEBCF
:10D70000EB72A3FB0CE30CFB0233D6F800C01EEB5C
:10D710000C0243EBEC73B2EB0A0263EBEA73CDE964
:10D7200000231B4AFFF73EFA1BE64FF0000A9AE778
:10D7300033686BE66B1E9C42BFF41AAE04F1010A1B
:10D7400009233BE73368019373680093B368114A78
:10D75000DEE56B1E9C42BFF40BAEB3691BB93723E9
:10D7600004F1010A2AE73033DBB2F9E794F8FFFF4E
:10D7700095F8FFFF4C6D05083E6D05085D6D0508C9
:10D78000F4440608F1430608626D0508716D05084A
:10D79000676D05086C6D0508F369B26907339B1A5C
:10D7A000072293FBF2F331E63046FFF7FFFBB26945
:10D7B00032B1013A0028F36926DC03D10A33EEE7DF
:10D7C0000622F7E7D21A7369002B40F26B71A8BFEB
:10D7D0006FF064010B44990705D1642093FBF0F1CD
:10D7E00000FB113171B94FF4C87193FBF1F001FBEB
:10D7F0001033B3FA83F35B09D21A042ACCBF342363
:10D80000352303E60123F7E70123FFE5724903927D
:10D8100006A801F02EF906A8D2F7C2FD06AB03EB6D
:10D82000000A0AF1010AD346B9F1000F09D0039AA0
:10D8300003F80090052A01D9931F06D1674958467D
:10D84000B5E506AA2B23135404230EA9644AA1EBC1
:10D850000A015046FFF7A6F90028C8BF0AEB000BE3
:10D86000ECE76B1E9C42BFF483ADB36904F1010A7F
:10D870003033A3E6B2691AB1013AF36907338EE790
:10D880000622FAE77069002805DB642390FBF3F2B7
:10D8900002FB1303BAE500F26C7001F06BF9F4E7D8
:10D8A00071695048814209DAA0EB010A2D218DF8F7
:10D8B000181002B1013A0DF1190103E001F26C7A7E
:10D8C00014E606A925200870B9F1000F7FF41BAEFD
:10D8D000481C4549039201F0CCF8039ACDF800A00A
:10D8E000134606AAA0E6336A002B01DAA2465DE4DD
:10D8F00000F082F8029B0BB900F08AF804F0E4F81B
:10D90000336A002BD4BF00220122282302FB0333F9
:10D9100007EB040AC358C3F1000900F073F83C2375
:10D9200099FBF3F002F0F5FA3C23A5EB040B90FB16
:10D93000F3F202FB130000902C4A4FF46163594646
:10D94000504699FBF3F3FFF72DF90028FFF610ADD1
:10D9500000EB040A55457FF60BAD0123029325E445
:10D96000336A002BC2DB00F047F8029B0BB900F0D2
:10D970004FF8336A1E4A002BD4BF00230123A2466E
:10D9800052F823904846D2F70BFD09F1FF392044A5
:10D990006B1E504502D100F035F8DEE7534506D93D
:10D9A00019F8012F07F80A200AF1010AF1E700F03F
:10D9B00029F8DDE46B1E9C42BFF4DAAC04F1010AE5
:10D9C0002523FBE5A246002D3FF4D4AC002307F845
:10D9D0000A30CFE449466AE77B6D0508F26D050819
:10D9E0003A5F050894F8FFFF596D0508836D050837
:10D9F000FC000024FFF72CBB014801F036B800BF43
:10DA0000E4D10124014801F032B800BFE4D101247F
:10DA1000014B186800F002B8700200242DE9F04FA5
:10DA20008DB0074604F050F8BC49BD4D0446384659
:10DA300002F068FA064610BBBA4BBB4A1860BB4BF3
:10DA4000A0621860BA4B2065C3E900224A21002277
:10DA50000023C4E90300C4E90500C4E90D00C4E9DA
:10DA60000F00C4E90823C4E912232868217284F84E
:10DA70003010FDF71BF82E600DB0BDE8F08F29685F
:10DA8000002940F08E802868FDF710F83046D2F764
:10DA900087FC411C3846FDF733F82860002840F029
:10DAA0008680A24ADFF88882DFF878A2002313601C
:10DAB000A04ACAF8003000200021C8E90022C4E9C9
:10DAC0000333C4E90533C4E90801C4E90D33C4E9EB
:10DAD0000F33C4E912014A222272A36284F8302073
:10DAE000236533783A2B08BF013633783C2B62D15B
:10DAF000751C914A91490AAB2846FFF7ABF80028FC
:10DB0000BADD0A9BDA1E072AB6D8EB5C3E2BB3D1EE
:10DB100002360A9BF518F35C2D2B5AD101354FF0D4
:10DB2000FF390023ADF81E30ADF8203008AF0AAB46
:10DB3000CDE9013703930DF11E03009380490AAB31
:10DB400007AA2846FFF786F8002895DDBDF81E30A5
:10DB5000BDF820603C2202FB0366BDF81C304FF488
:10DB6000616202FB03660A9B09FB06F605EB0309EB
:10DB7000EB5C3C2B40F0EE8009F10105714A6F49E6
:10DB80000AAB2846FFF766F8002828DC99F8013030
:10DB90003E2B24D1684BA662C8E90033CAF8006066
:10DBA0006AE7D2F79DFB00287FF46DAF64E731464A
:10DBB00000F05FFF75E7604A63490AAB3046FFF744
:10DBC00049F800287FF758AF0A9B033B072BA0D9E1
:10DBD00052E72B2B08BF01354FF00109A1E70A9B43
:10DBE000DA1E072A3FF648AFEB5C3E2B7FF444AFCA
:10DBF00009F102090A9B09EB030519F803302D2BE3
:10DC000040F0B78001354FF0FF390023ADF81C30EC
:10DC1000ADF81E30ADF820300A930AABCDE902739F
:10DC200001930DF11E03009345490AAB07AA28464C
:10DC3000FFF710F8002800F3A280A6F561630493B3
:10DC40000A9B27461D444FF0000B2B782C2B08BF56
:10DC5000013595F80090B9F14D0F40F0A3800AAB63
:10DC60000DF12602CDE9013209AA0092374903934A
:10DC70000DF122022846FEF7EDFF03287FF4FCAEEB
:10DC8000BDF822104B1E0B2B3FF6F6AEBDF824203C
:10DC9000531E042B3FF6F0AEBDF82630062B3FF6A0
:10DCA000EBAEC7E9031287F808907B610A9B05EB8E
:10DCB000030900254FF00203ADF81C30ADF81E50EB
:10DCC000ADF820500A9599F800302F2B40F096803F
:10DCD0000AAB08AACDE901320DF11E0200921C49DF
:10DCE000039307AA4846FEF7B5FFA84200F38680D3
:10DCF0004A2100220023C4E90355C4E90555C4E9BB
:10DD00000823C4E90D55C4E90F55C4E91223217253
:10DD1000A56284F830102565AEE600BF8F6D05085A
:10DD2000BCD10124D8D10124EC6A0508DCD101243E
:10DD3000FC0000244A6E0508CCD10124926D050830
:10DD4000C76D0508C0D10124A56D0508B36D050890
:10DD5000C66D05083E4A3F490AAB4846FEF77AFFC2
:10DD600000287FF717AF0A9B033B072B7FF642AFD4
:10DD700082E62B2B08BF01354FF0010945E7BDF8BE
:10DD80001E20BDF820303C2101FB0233BDF81C20D1
:10DD90004FF4616101FB023309FB03F34FE74FF0DE
:10DDA000010B52E7B9F14A0F06BF01354B46442338
:10DDB0000A220BA928460593FDF7B4FDDDF82C9047
:10DDC000059BADF82600A94514D14D23BBF1000FEA
:10DDD00007D1237203210223C4E90313C4F814B04A
:10DDE00067E784F830300B220123C4E90D230023B8
:10DDF000E3635EE780B23B7278615AE7BDF81E20AC
:10DE0000BDF820303C2101FB0233BDF81C204FF44B
:10DE1000616101FB0233BB610A9D28374D44BBF1B0
:10DE2000000FBCD0049B23650B4BC8F80030606822
:10DE3000074BA662C8F8043003F04AFEA26A236DBD
:10DE4000CAF800209B1A054A18BF0123136013E685
:10DE5000C0D10124A56D0508CCD10124DCD1012459
:10DE60004269002A40F26C73A8BF6FF06303134449
:10DE7000920705D1642193FBF1F201FB1232CAB97A
:10DE80004FF4C87293FBF2F102FB1133B3FA83F340
:10DE90005B09D0E90602400000EB0210184441F291
:10DEA000A263984227D011DC01280ADCC043C00FCE
:10DEB000404270470123ECE7104BC34043F300009E
:10DEC00070470A381728F7D90020704741F2B46329
:10DED000984206DC41F2B1639842D4BF0020012091
:10DEE0007047A0F5B65002381528EDD8044BC34052
:10DEF00003F0010070470120704700BFCF00CC0045
:10DF00001F002A0038B500231546C0F8FC33FF2255
:10DF1000044602F002F8431C08BF00202860204697
:10DF200038BD00002DE9F04FADF2A44D1E46002390
:10DF300007460D4602931C461368002B00F0B6847A
:10DF4000252B1FD1D2F80490B9F1300F25D0B9F1AB
:10DF50002B0F22D002F104084FF00009D8F800205E
:10DF6000313A082A1CD80A22404608A902F090FD3E
:10DF7000DDF820800246D8F80010452912D108F1BA
:10DF8000040811E0691EA14240F26B8147F8243079
:10DF9000043204F1010A5446CEE702F10808DDE735
:10DFA0000022E8E74F29EAD0D8F80000A0F12501C7
:10DFB000552900F25681DFE811F071045401540133
:10DFC00054015401540154015401540154015401A9
:10DFD0005401540154015401540154015401540199
:10DFE0005401540154015401540154015401540189
:10DFF00054017700A800E700350154016701D501FD
:10E000004F0256025401540154016E02540154014E
:10E010007A025401A90232033C0363036B03D30366
:10E02000E200E9034704540154015401540154012E
:10E03000540156009000C1002901290154018801B2
:10E040009000540167024F0256026B0270025401A5
:10E050007A02A202D800B302340343039D03CA0329
:10E06000DD00DB030A04B369B249183307AA51F88B
:10E07000231028A8FFF746FF079B043804EB030A88
:10E080006B1EA24507D1D8F80030002B00F00F849A
:10E0900008F104027FE7A34240F2E38050F8042F26
:10E0A00047F824200134ECE7B269A24B03EB82036A
:10E0B00028A8D96F07AAFFF725FF079B043804EBB0
:10E0C000030A6B1EA245DED0A34240F2CA8050F87C
:10E0D000042F47F824200134F4E7964B316907AA4E
:10E0E00053F8211028A8FFF70DFF079B043804EB15
:10E0F000030A6B1EA245C6D0A34240F2B28050F87C
:10E10000042F47F824200134F4E7336989490C339C
:10E1100007AA51F8231028A8FFF7F4FE079B04383C
:10E1200004EB030A6B1EA245ADD0A34240F29980D6
:10E1300050F8042F47F824200134F4E77D4BD3F83E
:10E14000A01007AA28A8FFF7DDFE0368002B00F047
:10E15000418333460246291B07EB8400FFF7E2FEAA
:10E1600000287EDD04EB000A8DE7724B07AAD3F886
:10E17000E410E7E76F4B07AAD3F89C10E2E76D4B7A
:10E1800007AAD3F89810DDE7D6F814A06A498A45A3
:10E19000ACBF4FF0000B4FF0010BBAF1000F12DBD8
:10E1A00064209AFBF0F01330B9F1000F15D063280A
:10E1B00029DD624B6249B9F12B0F0CBF9C468C469E
:10E1C000DFF898E10DE00AF26C70039200F0D2FCE7
:10E1D0006421039A90FBF1F0E6E7DFF864C1DFF811
:10E1E00080E1584B0190022A2CBFCBEB0201CBF10E
:10E1F0000201514A00919245A8BF63467246291B0D
:10E2000007EB840024E0DFF838C1D9E74E494F4AD4
:10E21000F368642818BF0A46291B07EB840003F043
:10E22000BBFF17E070693369002803F1010A07EBAF
:10E23000840BF368A5EB04091ADB642290FBF2FC63
:10E2400002FB1C00424ACDE900304946534658467D
:10E2500003F0A2FF002804DB00EB040A55453FF65B
:10E2600012AF4FF0000A50460DF2A44DBDE8F08FFA
:10E2700000F26C70039300F07DFC6422039B90FB22
:10E28000F2FC0CFB1200DDE725210891B9F1000F2B
:10E290000AD0052ACDF8249014D80AA82D4903F0F5
:10E2A000F1FB334608AA56E72B23099304232A4A95
:10E2B0001E210AA803F070FF0028EEDD0AAB03EB75
:10E2C0008000EBE7931FE8D0F1E73046FFF7C8FD89
:10E2D00082467069002811DB642390FBF3F203FB94
:10E2E0001200642382449AFBF3F203FB12AA9A44BD
:10E2F000BAFBF3F203FB12A3144A8DE700F26C7031
:10E3000000F038FC6423BAF1000F90FBF3F202FB3B
:10E31000130007DA7269A3F2CF739A42B8BF4FF0C5
:10E32000010ADEE7DDD07269034B9A42B8BF4FF0B5
:10E33000FF3AD6E7F444060894F8FFFF363905089B
:10E340004A6E05089E6F0508301506086815060810
:10E35000401506088C1506087C15060810150608D9
:10E36000F41406087169BC4805928142ACBF0023D1
:10E3700001233046CDE90331FFF772FD0499059A78
:10E380000029824639DB4FF0640B91FBFBFB0BF15C
:10E39000130B706900283DDB4FF0640C90FBFCFE12
:10E3A0000CFB1E00BAF1000F43DA7169AB4B9942C6
:10E3B00003DA4FF0010ACDF80CA08244BAF1FF3F16
:10E3C00042D10BF1FF3B4FF0630A039B642101FB39
:10E3D0000BAA002B40F0E081B9F12B0F40F0E58152
:10E3E00042F20F718A4500F269822523089308A939
:10E3F000302301F108004B60DFE101F26C700592FF
:10E40000049100F0B7FB4FF0640CDDE9041290FBBF
:10E41000FCFBBEE700F26C70CDE9042100F0AAFB22
:10E420004FF0640CDDE9042190FBFCFE0EFB1C00A8
:10E43000B8E7C2D0884B9942B4BF012300230393AD
:10E44000B8BF4FF0FF3AB8E7BAF1640F04BF0BF161
:10E45000010B4FF0000AB8E78149824AB3686B2884
:10E4600018BF0A46D8E6B36863B10C2B04D00C2160
:10E4700093FBF1F201FB12337A49794A492818BF1C
:10E480000A46C9E60C23F7E7F369774A0133C3E686
:10E490003369013330E773682EE76B1E9C42BFF48B
:10E4A000E0AE04F1010A0A2347F82430EBE5B36833
:10E4B0000B2B6E4BD4BF0022012203EB820328A852
:10E4C000D3F8A41007AAFFF71DFDA2468346002437
:10E4D00005F1FF39079B9C42BFF4D5ADD1457FF6CE
:10E4E000C0AED8F800305BF82400502B01D1FDF706
:10E4F000B3FB47F82A0001340AF1010AEAE70322D4
:10E50000336993FBF2F35A4A013385E6736800934B
:10E51000B368584A291B07EB840003F03DFE99E6D7
:10E52000336A002B78DBFFF767FA029B0BB9FFF722
:10E530006FFA03F0C9FA336A002BD4BF002201221C
:10E54000282302FB0333C358C3F1000AFFF75AFA2A
:10E55000012302937269B2F145034FEAE27C6CF148
:10E56000000CBCF1000FA5EB040107EB840002DAFC
:10E5700003334CF1000C9B0843EA8C7302F1FF3E1D
:10E580004FF0640B4FEAAC0C9EFBFBFEB3EB0E03AB
:10E590006CEBEE7C4FF4C87B02F22B1E9EFBFBFE65
:10E5A00013EB0E034CEBEE7C463A40F26D1E0EFB75
:10E5B00002F29B184CEBE27CF269D6F804B09B188F
:10E5C0004FF0180E4CEBE27CA3FB0E230EFB0C333A
:10E5D000D6F808C012EB0C0243EBEC734FF03C0C86
:10E5E000A2FB0C2E0CFB03EE12EB0B034EEBEB72BB
:10E5F000A3FB0CE30CFB0233D6F800C01EEB0C02AD
:10E6000043EBEC73B2EB0A0263EBEA73CDE9002350
:10E61000194A03F0C1FD1DE64FF0000A9AE733687E
:10E620006AE66B1E9C42BFF41CAE04F1010A09238A
:10E630003AE73368019373680093B3680F4ADEE5E5
:10E640006B1E9C42BFF40DAEB3691BB9372304F1B6
:10E65000010A29E73033FAE794F8FFFF95F8FFFF46
:10E660006815060830150608BC150608F4440608A7
:10E67000D01506080C160608E4150608F815060855
:10E68000F369B26907339B1A072293FBF2F333E66F
:10E690003046FFF7E5FBB26932B1013A0028F36971
:10E6A00026DC03D10A33EEE70622F7E7D21A7369B4
:10E6B000002B40F26B71A8BF6FF064010B44990707
:10E6C00005D1642093FBF0F100FB113171B94FF4D7
:10E6D000C87193FBF1F001FB1033B3FA83F35B09CC
:10E6E000D21A042ACCBF3423352305E60123F7E7E9
:10E6F000012301E67249039208A803F0C3F908A8B0
:10E70000FEF7D1FB08AB03EB800A0AF1040AD346FB
:10E71000B9F1000F09D0039A43F82090052A01D9D6
:10E72000931F07D167495846B9E508AA2B2342F839
:10E730002030042328A9A1EB0A01634A891050461E
:10E7400003F02AFD0028C8BF0AEB800BEAE76B1E26
:10E750009C42BFF486ADB36904F1010A3033A3E6ED
:10E76000B2691AB1013AF36907338CE70622FAE776
:10E770007069002805DB642390FBF3F202FB1303AE
:10E78000BAE500F26C7000F0F5F9F4E771694F48F2
:10E79000814207DAA0EB010A2D21089102B1013A6A
:10E7A00009A903E001F26C7A16E608A925200860A1
:10E7B000B9F1000F7FF41CAE081D4549039203F028
:10E7C00061F9039ACDF800A0134608AAA2E6336ABD
:10E7D000002B01DAA24656E4FFF70EF9029B0BB9B3
:10E7E000FFF716F903F070F9336A002BD4BF00224B
:10E7F0000122282302FB033307EB840AC358C3F129
:10E800000009FFF7FFF83C2399FBF3F001F081FBCF
:10E810003C23A5EB040B90FBF3F202FB13000090EA
:10E820002C4A4FF461635946504699FBF3F303F0C9
:10E83000B3FC0028FFF615AD00EB040A55457FF642
:10E8400010AD012302931EE4336A002BC2DBFFF7F5
:10E85000D3F8029B0BB9FFF7DBF8336A1E4A002B93
:10E86000D4BF00230123A24652F823904846D1F793
:10E8700097FD09F1FF3920446B1E504502D1FFF787
:10E88000C1F8DEE7534506D919F8012F47F82A20C9
:10E890000AF1010AF1E7FFF7B5F8E2E46B1E9C42CA
:10E8A000BFF4DFAC04F1010A2523FDE5A246002DEB
:10E8B0003FF4D9AC002347F82A30D4E449466CE74A
:10E8C00034160608541606087C15060894F8FFFF4F
:10E8D000AC1506085C160608FC000024FFF722BBF6
:10E8E00010B5144622B10A491046D1F7F9FC08B90F
:10E8F000084810BD07492046D1F7F2FC0028F7D0A0
:10E9000005492046D1F7ECFC0028F1D00020F0E7C3
:10E91000D96D0508105805084A6E0508014B93F893
:10E920002801704704010024024B0A46014618687A
:10E93000FFF7D6BF7002002400487047F40100249E
:10E9400038B5064D0023044608462B60DAF752FD21
:10E95000431C02D12B6803B1236038BDE0D10124F0
:10E9600038B5074D04460846114600222A601A466B
:10E97000DAF74AFD431C02D12B6803B1236038BD8E
:10E98000E0D1012438B5074D04460846114600225F
:10E990002A601A46DAF712FD431C02D12B6803B134
:10E9A000236038BDE0D1012438B5074D002304466B
:10E9B000084611462B60DAF7F3FC431C02D12B68A2
:10E9C00003B1236038BD00BFE0D10124DAF7E6BC13
:10E9D00038B5064D0023044608462B60DAF716FDCD
:10E9E000431C02D12B6803B1236038BDE0D1012460
:10E9F00038B5074D04460846114600222A601A46DB
:10EA0000DAF7EAFC431C02D12B6803B1236038BD5E
:10EA1000E0D10124014B1868704700BF7002002448
:10EA200070B50D4D0D4C641BA4100026A64209D1F3
:10EA30000B4D0C4C04F028FE641BA4100026A642CB
:10EA400005D170BD55F8043B98470136EEE755F8FF
:10EA5000043B98470136F2E7DC470608DC47060826
:10EA6000DC4706080448060870477047704770473F
:10EA70007047034611F8012B03F8012B002AF9D146
:10EA800070470A44914200F1FF3300D1704710B53E
:10EA900011F8014B03F8014F9142F9D110BD00006C
:10EAA0009FED010B704700BF000000000000F87FE1
:10EAB0009FED010A704700BF0000C07F2DE9F843B9
:10EAC000274D0746286891460E469846FFF7CEFF29
:10EAD000244A14683CB9244B1360244A12B11268CA
:10EAE000C3F88820204C63681F2B06DD2868FFF7D9
:10EAF000BFFF4FF0FF30BDE8F8832FB3D4F8880094
:10EB000068B91B4B002BF1D04FF48470FBF7C6FFA4
:10EB10000028EBD00023C0E94033C4F888006368C4
:10EB200040F8239001229A4000EB8301D0F8003195
:10EB30001343C0F80031022FC1F8808002BFD0F823
:10EB400004311343C0F80431636828685A1C023347
:10EB5000626044F82360FFF78BFF0020CBE700BF23
:10EB6000C002002478D20124ECD10124F04606082A
:10EB70009DAA04080028B8BF404270471FB514463C
:10EB80001A46094B1B680546D8684CB1074B0091E3
:10EB9000CDE9013406492B4602F0FAFCFBF770FF81
:10EBA000044B1C46F3E700BF700200240F6E0508FB
:10EBB0001C6E05084A6E05082DE9F74F03690C69BC
:10EBC000A34207467EDB013C01F11408A30000F1DB
:10EBD0001405009305EB8403019358F8243055F88D
:10EBE000242001339A4208EB8409B2FBF3F62ED3BA
:10EBF0004FF0000AC446AE46D3465CF8043B98B2D8
:10EC000006FB00A0020C1B0C06FB0323DEF8002011
:10EC100080B292B2121A5A44DEF800004FEA134A48
:10EC20009BB2C3EB224303EB104392B242EA03428E
:10EC3000E1454EF8042B4FEA234BDED2009BEB5804
:10EC40002BB9019B043B9D421A462FD33C613846A9
:10EC500001F040FC002825DB2946002058F8042B51
:10EC6000D1F800C01FFA82FE1FFA8CF3A3EB0E034B
:10EC70000344120CC2EB234202EB1C429BB243EA58
:10EC80000243C14541F8043B4FEA2240E6D255F821
:10EC9000242005EB840322B9043B9D421A460BD382
:10ECA0003C610136304603B0BDE8F08F1268043B8A
:10ECB000002ACBD1013CC6E71268043B002AEFD101
:10ECC000013CEAE70020EEE72DE9F04F2DED028B45
:10ECD000C76991B08DED020B55EC104B1C9E07914E
:10ECE000814609920D937FB91020FBF7D7FE0246AB
:10ECF000C9F81C0020B9A04BEF21A048FFF73EFF48
:10ED0000C0E901770760C760D9F81C30196859B1AC
:10ED10005A684A60012393408B60484601F05EF9CF
:10ED2000D9F81C3000221A602B1EBBBF23F0004311
:10ED3000039300230122ACBF33603260904B039EEB
:10ED4000B34310D10D9A42F20F731360C6F313034D
:10ED5000234300F0E6841D9B8A4F002B00F0E884DB
:10ED6000FB1C00F0E3BC9DED028BB5EE408BF1EE99
:10ED700010FA0AD10D9A012313601D9B13B11D9A3D
:10ED8000814B1360814F00F0D3BC0EAA0FA94846F7
:10ED9000B0EE480B01F0BEFCC6F30A530E9A019088
:10EDA000002B45D0B0EE487B18EE901AC1F313014A
:10EDB00041F07F5141F44011A3F2FF33002507EEEB
:10EDC000901AB7EE086B9FED665B37EE467B9FEDC2
:10EDD000666BA7EE056B9FED665B07EE903AB8EEAB
:10EDE000E74BB0EE467BA4EE057BFDEEC76BB5EEC0
:10EDF000C07BF1EE10FA16EE908A08D5B8EEE66BFD
:10EE0000B4EE476BF1EE10FA18BF08F1FF38B8F115
:10EE1000160F2BD85E4901EBC80191ED007BB4EED3
:10EE2000C78BF1EE10FA01D508F1FF3800211EE082
:10EE30000F9B134403F232412029C1BFC1F14001AD
:10EE40008E4003F2124124FA01F1D6BFC1F1200134
:10EE5000314304FA01F107EE901AB8EE677B013BEB
:10EE600017EE901A0125A1F1F871A8E70121D21A35
:10EE7000531E069345BFC2F10103049300230023F0
:10EE80004CBF06930493B8F1000F0C9118DB069B5E
:10EE9000CDF82880434406930023079A092A45D8D1
:10EEA000052AC4BF043A0792079AA2F10202CCBF16
:10EEB00000240124032A44D8DFE802F03436170B7B
:10EEC000049B0022A3EB080304930A92C8F10003F9
:10EED000E3E701220892099A08EB020B0BF1010A01
:10EEE0005246012AB8BF012206E001220892099A7F
:10EEF000002A29DD93469246D9F81C70002104208F
:10EF000000F11406964226D979604846059301F02F
:10EF100025F8059B074600283ED11E4B024640F2CD
:10EF2000AF11EAE60022E1E70022D3E70124002244
:10EF3000CDE907244FF0FF3B0021DA461222099168
:10EF4000DAE701220892F5E74FF0010BDA465A465C
:10EF5000CDF824B0D0E701314000D1E7AFF3008015
:10EF600061436F63A787D23FB3C8608B288AC63FCF
:10EF7000FB799F501344D33F3A6C0508586E05083F
:10EF80000000F07F546E05088440050883400508A2
:10EF900028460608B06E0508D9F81C20BAF10E0FF5
:10EFA00010606ED8002C6CD0B8F1000F40F3B48024
:10EFB000C84A08F00F0102EBC10218F4807F92EDFD
:10EFC000007B4FEA281100F09B80C34A92ED086B4A
:10EFD00088EE066B8DED026B01F00F010322BE4837
:10EFE000002940F08F809DED026B86EE077B8DED52
:10EFF000027B0C999DED027B002900F0B380B7EEF7
:10F00000006BB4EEC67BF1EE10FA40F1AB80BAF1C2
:10F01000000F00F0A780BBF1000F30DDB2EE046BF3
:10F0200027EE067B8DED027B08F1FF310591013261
:10F030005C469DED026BB1EE0C5B07EE902AB8EEDC
:10F04000E77BA7EE065B15EE902A51EC150BA2F1BB
:10F050005071002C40F08A80B1EE047B36EE476B95
:10F0600041EC170BB4EEC76BF1EE10FA00F36A82B5
:10F07000B1EE477BB4EEC76BF1EE10FA23D48DED01
:10F08000028B0F9A002AC0F22981B8F10E0F00F30B
:10F090002581904B03EBC80393ED006B099B002B7C
:10F0A00080F2C880BAF1000F00F3C4800BD1B1EE3A
:10F0B000047B26EE076B9DED027BB4EEC76BF1EE91
:10F0C00010FAC0F23C8200242546099BDB430593DD
:10F0D0003E464FF000082146484600F07FFF002DD5
:10F0E00000F0A280B8F1000F05D0A84503D041463A
:10F0F000484600F073FF2946484600F06FFF93E052
:10F1000002226CE7CC0704D590ED006B013227EEAC
:10F11000067B4910083063E722D0C8F100016D4A30
:10F1200001F00F0002EBC00292ED007B28EE077B9E
:10F130008DED027B684809110024022229B9002CB8
:10F140003FF457AF8DED027B53E7CE0705D590ED29
:10F15000006B0132012427EE067B49100830EDE7F1
:10F16000022246E7CDF81480544662E7594A02EB82
:10F17000C40212ED024B089A41EC170B3C444AB30F
:10F18000B6EE003BB7EE002B3E4683EE045BB2EEDC
:10F19000043B35EE477BFDEEC64B14EE902AB8EEED
:10F1A000E45B303236EE456BB4EEC76BF1EE10FA2D
:10F1B00006F8012B38D432EE465BB4EEC75BF1EEB5
:10F1C00010FA6ED4A6423FF45AAF27EE037B26EE28
:10F1D000036BE0E721463E4627EE047BB2EE043B9C
:10F1E000FDEEC64B14EE902A303206F8012BA642F3
:10F1F000B8EEE45B36EE456B19D1B6EE005B37EE48
:10F20000054BB4EEC46BF1EE10FA4ADC35EE475B09
:10F21000B4EEC56BF1EE10FA7FF531AF0E46013951
:10F2200016F8013C302BF9D0DDF8148027E026EEEB
:10F23000036BD5E79DED027BB2EE044B3E4687EEB5
:10F24000065BBDEEC55B15EE103A303306F8013BA8
:10F25000F31B9A45B8EEC53BA3EE467B32D137EEA1
:10F26000077BB4EEC67BF1EE10FA18DCB4EE467BF9
:10F27000F1EE10FA03D115EE103ADB070FD4019925
:10F28000484600F0ABFE00230D9A337008F10103ED
:10F2900013601D9B002B00F04B821E6048E2CDF8EE
:10F2A000148033461E4613F8012D392A06D19F4299
:10F2B000F8D1059A0132059230223A701A7801325B
:10F2C0001A70B1E727EE047BB5EE407BF1EE10FA41
:10F2D000B5D1D4E728460608004606080899002953
:10F2E00000F0E9800799012900F3CB80002D00F0A0
:10F2F000C48002F23342049E1C460593049B1344CF
:10F300000493069B012113444846069300F064FFD2
:10F31000059B054666B1069A002A09DDB2420499AA
:10F32000A8BF3246891A04910699B61A8A1A06921B
:10F330000BB3089A002A00F0C580002C00F0BF80B3
:10F340002946224648460B9300F0FEFF019A0146EB
:10F350000546484600F056FF01990590484600F0E2
:10F360003DFE0B9B1B1B00F0B08005991A464846DA
:10F3700000F0EAFF01900121484600F02DFF0A9BB2
:10F380000446002B00F0DA811A460146484600F098
:10F39000DBFF079B012B044600F3A080029B002BA0
:10F3A00040F09680039BC3F31302002A40F0928042
:10F3B00023F00042120D1205002A00F08D80049BFC
:10F3C00001330493069B0133069301230B930A9B9D
:10F3D000002B00F0B981226904EB8202106900F071
:10F3E000AFFEC0F12000069B184410F01F0000F093
:10F3F0008180C0F12002042A73DD049BC0F11C004F
:10F4000003440493069B064403440693049B002B89
:10F4100005DD01991A46484600F0F0FF0190069B71
:10F42000002B05DD21461A46484600F0E7FF04465A
:10F430000C9B002B60D00198214601F04BF800286E
:10F440005ADA08F1FF330593019900230A2248464E
:10F4500000F0E6FD089B0190002B00F07781294623
:10F4600000230A22484600F0DBFDBBF1000F0546F1
:10F470006EDC079B022B48DC6AE00E9AC2F1360272
:10F4800039E70AF1FF34A34207DBBAF1000FA3EB1F
:10F4900004040BDB049E52462FE7E21A0A9B049EEB
:10F4A00013440A9352462346002426E7049AA2EB0B
:10F4B0000A06002221E7049E089D1C462AE7019ABD
:10F4C000059252E701991A4651E7059B019352E7CD
:10F4D00000237BE7029B79E70B9278E700230B93ED
:10F4E00079E793D0049B1C3213440493069B164483
:10F4F00013448AE70246F5E7BAF1000FCDF814800D
:10F50000D34621DC079B022B1EDDBBF1000F7FF4ED
:10F51000DCAD21465B460522484600F081FD0146F0
:10F520000446019800F0D6FF00287FF7CEAD3E4696
:10F53000312306F8013B059B01330593C9E5CDF85E
:10F54000148054462546F2E7089B002B00F0028108
:10F55000002E05DD29463246484600F04FFF05469D
:10F560000B9B002B58D06968484600F0F7FC064614
:10F5700028B9824B024640F2EF21FFF7BEBB2A6951
:10F580000232920005F10C010C30FFF77AFA0122E9
:10F590003146484600F032FF7B1C049307EB0B0317
:10F5A0000993029B03F00103A84608930546049BB8
:10F5B0000198214603F1FF3BFFF7FEFA4146029016
:10F5C00000F1300A019800F085FF2A460690214696
:10F5D000484600F09BFFC2680646FAB9014601980A
:10F5E00000F078FF0246314648460A9200F0F6FCE9
:10F5F000079B0A9A049E42EA0301089B19430FD114
:10F60000BAF1390F28D0069B002B02DD029B03F1D3
:10F61000310A8BF800A05EE52846BDE70122E2E74B
:10F62000069B002B04DB07990B4308990B4320D161
:10F63000002AEEDD01990122484600F0DFFE214656
:10F64000019000F047FF002803DCE2D11AF0010F1F
:10F65000DFD0BAF1390FD9D139238BF800303346D6
:10F660001E46013B16F8012C392A52D001321A707D
:10F6700031E5002A07DDBAF1390FEDD00AF10103B7
:10F680008BF8003027E5049B099A03F801AC9342FC
:10F6900029D0019900230A22484600F0C1FCA84560
:10F6A00001904FF000034FF00A024146484607D14F
:10F6B00000F0B6FC80460546049B0133049376E7D0
:10F6C00000F0AEFC2946804600230A22484600F09E
:10F6D000A7FC0546F0E7BBF1000FCCBF5E46012654
:10F6E0003E444FF0000801990122484600F086FE92
:10F6F0002146019000F0EEFE0028B0DC02D11AF0A5
:10F70000010FACD133461E4613F8012D302AFAD032
:10F71000E1E49F42A4D1059B0133059331233B7063
:10F72000D9E41D9B164F1BB107F108031D9A136006
:10F73000384611B0BDEC028BBDE8F08F079B012B62
:10F740007FF72CAE0A9B0B9301204CE6BBF1000F18
:10F750007FF7D8AE3E4601982146FFF72DFA00F11B
:10F76000300A06F801ABF21B9345B4DD0199002382
:10F770000A22484600F054FC0190ECE7B06E050800
:10F780004B6E050838B50546002941D051F8043CB8
:10F790000C1F002BB8BFE418FBF732FA1D4A1368A0
:10F7A00033B9636014602846BDE83840FBF72EBAD1
:10F7B000A34208D9206821188B4201BF19685B68F1
:10F7C00009182160EDE71A465B680BB1A342FAD92C
:10F7D00011685018A0420BD1206801445018834290
:10F7E0001160E0D118685B68536008441060DAE784
:10F7F00002D90C232B60D6E7206821188B4204BF66
:10F8000019685B68636004BF091821605460CAE727
:10F8100038BD00BF7CD001240369B3EB611F2DE923
:10F82000F0434FEA611200F1140445DD11F01F01AD
:10F8300004EB830604EB82050CD100F11007294686
:10F84000B14234D39B1A9B00EA1E964238BF002374
:10F85000234415E054F82270C1F12008CF4005F18F
:10F86000040EA1467645F44615D89A1A9200043A39
:10F870000135AE4238BF0022A318A75007B10433A8
:10F880001A1BA3424FEAA20208BF0023026108BF6D
:10F890004361BDE8F083DCF800C00CFA08FC4CEAD8
:10F8A000070749F8047B5EF8047BCF40DAE751F89C
:10F8B00004CB47F804CFC3E72346E1E7A0F13003C8
:10F8C000092B02D82038C0B27047A0F16103052B84
:10F8D00001D84738F7E7A0F14103052B01D82738B5
:10F8E000F1E70020704700002DE9F04F85B08A460F
:10F8F00002930B68019090469C1CA14614F8010BE2
:10F900003028FAD0A9EB0303A3F1020BFFF7D6FFCF
:10F910000546002868D1A04901224846FDF798FA1B
:10F920000746002867D199F801002646FFF7C6FF71
:10F93000002862D0234618783028994603F1010345
:10F94000F9D0FFF7BBFFB0FA80F56D094FF0010B5E
:10F950004A46164601323078FFF7B0FF0028F8D14A
:10F960008D4901223046FDF773FA00283FD144B992
:10F97000741C2246164601323078FFF79FFF00289C
:10F98000F8D1A41BA700337803F0DF03502B3ED13E
:10F9900073782B2B33D02D2B34D0711C0024087896
:10F9A000FFF78CFF431EDBB2182B30D8A0F11002FA
:10F9B00011F8010FFFF782FF00F1FF3C5FFA8CFCAA
:10F9C000BCF1180F4FF00A031ED904B1524217447C
:10F9D000CAF80010EDB1BBF1000F0CBF06250025E1
:10F9E000284605B0BDE8F08F00252C46B0E7002C76
:10F9F000C7D12746C7E74E462F460125C3E7002457
:10FA0000B11CCCE70124FBE703FB0200CEE7314643
:10FA1000DEE7A6EB0903013B2946072B0ADC019828
:10FA200000F09CFA044640B95C4B0246E4215C4875
:10FA3000FFF7A4F801315B10EFE700F1140A00238F
:10FA400055469B46B14537D345F804BBA5EB0A059F
:10FA5000AD102561584600F073FB6D01D8F80060C9
:10FA60002D1AB54254DDAD1B2946204600F0FCFEA0
:10FA7000814678B16B1E591103F01F025AF821100C
:10FA80004FF0010909FA02F20A4203D04B4536DC75
:10FA90004FF0020929462046FFF7BEFE2F44D8F852
:10FAA0000830BB4242DA0198214600F097FA0E9ADC
:10FAB00000231360A32593E716F8012D2E2A12D0F8
:10FAC000202B04D145F804BB4FF0000B5B46307887
:10FAD0000393FFF7F3FE039B00F00F0098404BEAFF
:10FAE000000B0433AEE7B145EAD82B49039301225A
:10FAF0003046FDF7ADF9039B0028E1D1A2E7A91E2E
:10FB0000204600F0B1FE0028C2D04FF00309C1E743
:10FB100009DA751B214601982A4600F06FFC7F1B0D
:10FB2000044600F1140A4FF00009B8E7D8F8045071
:10FB3000BD426FDDED1BAE4234DCD8F80C30022B39
:10FB400022D0032B24D0012B15D1AE4213D1012E8C
:10FB50000BD1029AD8F80430136001232361CAF84C
:10FB600000300E9B62251C603AE7711E204600F0B3
:10FB70007BFE0028EDD10198214600F02FFA0E9A65
:10FB80000023136050252BE70F9B002BF3D1E0E7F8
:10FB90000F9B002BDDD1EEE7386C0508B06E050831
:10FBA000C16E05086F1EB9F1000F30D127B139467B
:10FBB000204600F059FE81467A1101235AF822208E
:10FBC00007F01F07BB4013422946204618BF49F0E3
:10FBD0000209FFF721FED8F80470761B0225B9F15F
:10FBE000000F47D0D8F80C30022B15D0032B17D0BC
:10FBF000012B09D119F0020F06D0DAF8003049EADA
:10FC0000030919F0010F0ED145F0100532E04FF055
:10FC10000109D1E70125E2E70F9BC3F101030F932F
:10FC20000F9B002BF0D0D4F810B004F114034FEA6E
:10FC30008B0A03EB8B014FF0000C184653F8042B92
:10FC4000B2F1FF3F1BD001320260022D04F1140318
:10FC50003CD1D8F80020013AB24209D171110122F9
:10FC600053F8213006F01F0602FA06F61E423AD17A
:10FC700045F020050E9B1C60029B1F60B0E6994278
:10FC800043F804CCD9D8A3689B4517DB6168019879
:10FC9000013100F063F9814618B91A4B02468421FC
:10FCA000C5E62269023204F10C0192000C30FEF725
:10FCB000E8FE2146019800F091F94C4623695A1C50
:10FCC00004EB8303226101225A61BEE722695A458F
:10FCD0000BDD01212046FFF79FFDD8F808300137E2
:10FCE000BB42FFF6E0AE0125C2E716F01F06FAD0D0
:10FCF0005344C6F1200653F8040C00F021FAB04238
:10FD0000E7DBF0E7B06E0508C2F10802920070B5BB
:10FD1000C2F120064368046803FA06F52C43D34079
:10FD2000046040F8043F8842F4D370BD30B50368E6
:10FD3000013311F8014B14B90360012030BD13F8F1
:10FD4000012BA2F14105192D98BF2032A242F0D01B
:10FD50000020F3E72DE9F04F0B6801685E1102EB1C
:10FD6000860613F01F0387B018BF04360025371F1F
:10FD700082469046019346F8045CB9463C4602959B
:10FD8000AB464A784B1C039342B31046059104924C
:10FD9000FFF794FD002851D1049A0599202A18D81C
:10FDA000029B9B4513DD4C4506D2072D04DC2A46F9
:10FDB00049462046FFF7A8FF444552D90023A4F145
:10FDC000040944F8043CCDF808B04C461D4603999C
:10FDD000D7E7292A57D10231CAF80010BBF1000F2A
:10FDE00051D04C4506D2072D04DC2A464946204610
:10FDF000FFF78AFF444536D9A8F10402234653F899
:10FE0000041B42F8041F9F42F9D23B1B23F003035B
:10FE100004330134033EB44288BF04234344002228
:10FE200043F8042B9F42FBD23B681BB9474528D1BE
:10FE300001233B60052007B0BDE8F08F0135082D98
:10FE40000BF1010B06DD4445C1D9002344F8043C05
:10FE50000125043C226800F00F0040EA02102060F7
:10FE6000B5E70825B3E7019B002BDDD0C3F12003E4
:10FE70004FF0FF32DA4056F8043C134046F8043C99
:10FE8000D2E7043FD0E70420D5E700002DE9F84F82
:10FE9000DFF86CA006468946174601F0E1FEDAF865
:10FEA000004034B14B46984613F8012B3AB13D2A35
:10FEB000F9D1304601F0DAFE0020BDE8F88FA8EB5A
:10FEC0000908A34654F8040B0028F2D042464946DC
:10FED000FCF7BEFF0028F4D154F8043C03EB0805FE
:10FEE00013F808303D2BECD1DAF80030ABEB03030C
:10FEF0009B1030463B6001F0B9FE681CDDE700BF97
:10FF00004000002407B501AAFFF7C0FF03B05DF869
:10FF100004FB0028B8BF4042704710B5034642B109
:10FF200000200C5C43F8204014B101309042F8D11D
:10FF300010BD1046FCE782B001B901A942B14BB136
:10FF400013780B601278101E18BF012002B07047A2
:10FF50001046FBE76FF00100F8E7000070B5C669D6
:10FF600004460D4676B91020FAF798FD0246E06186
:10FF700020B9184B18486B21FEF700FEC0E9016656
:10FF80000660C660E669F36883B1E369DB6853F82D
:10FF90002500B8B9012101FA05F6721D920020462C
:10FFA00001F04AFE60B1C0E901560EE021220421B1
:10FFB000204601F041FEE369F060DB68002BE4D1EC
:10FFC000002070BD026843F825200023C0E90333F8
:10FFD000F7E700BF3A6C0508216F050870B5C669E0
:10FFE00005460C4676B91020FAF758FD0246E8613E
:10FFF00020B9094B09488F21FEF7C0FDC0E9016611
:020000040805ED
:100000000660C6603CB1EB696268DB6853F8221099
:10001000216043F8224070BD3A6C0508216F050845
:100020002DE9F0410D6907460C461E4601F1140CFE
:100030000020DCF8003099B202FB01611E0C0B0CB1
:1000400002FB063389B2013001EB034185424CF8D3
:10005000041B4FEA1346ECDC0EB3A368AB4219DC79
:10006000616838460131FFF779FF804628B90246BA
:100070000C4B0D48BA21FEF781FD2269023204F1D2
:100080000C0192000C30FEF7FCFC21463846FFF7CD
:10009000A5FF444604EB850301355E6125612046DA
:1000A000BDE8F081B06E0508216F05082DE9F84321
:1000B0000C4615461F4609220833064693FBF2F309
:1000C000002101229A4209DB3046FFF747FF40B981
:1000D0000246194B1948D321FEF750FD5200013159
:1000E000F0E7089B4361092D4FF00103036116DD22
:1000F00004F10909C8462C4418F8013B0146303B7D
:100100000A223046FFF78CFFA045F5D1A5F108047F
:100110004C442D1B6319BB4204DBBDE8F8830A3451
:100120000925F6E714F8013B0146303B0A22304628
:10013000FFF776FFEEE700BFB06E0508216F0508F8
:10014000B0F5803F034636BF030400201020B3F112
:10015000807F3CBF1B020830B3F1805F3CBF1B01B6
:100160000430B3F1804F3CBF9B000230002B05DB15
:1001700013F0804F00F1010008BF20207047036892
:10018000024613F007000BD0D90721D4980749BFC6
:100190005B089B08012013605CBF1360022070475E
:1001A00099B209B91B0C1020D9B209B908301B0A41
:1001B000190704BF1B090430990704BF9B080230CC
:1001C000D90703D45B0800F1010003D01360704726
:1001D000002070472020704710B50C460121FFF722
:1001E000BDFE024628B9054B054840F24511FEF711
:1001F000C5FC01234461036110BD00BFB06E05085A
:10020000216F05082DE9F04F17460A693B699A42AC
:10021000A8BF3B468946A4BF0F4699463D69D9F819
:1002200010A0BB68796805EB0A06B34285B0B8BF79
:100230000131FFF793FE30B90246414B41484FF47C
:10024000B171FEF79BFC00F1140404EB860E23460B
:100250000022734520D307F1140809F1140108EBBB
:10026000850501EB8A030293EB1B153B23F0030387
:1002700004331537BD4238BF04230193029B039119
:100280008B420CD8002E03DD5EF8043D002B55D0C8
:10029000066105B0BDE8F08F43F8042BD9E7B1F84B
:1002A00000A0BAF1000F1FD0C446A14600275CF899
:1002B000042BD9F800301FFA82FB9BB20AFB0B33E8
:1002C0003B44D9F80070120C3F0C0AFB027202EB9F
:1002D00013429BB243EA0243654549F8043B4FEAA7
:1002E0001247E4D8019BE750039BB3F80290043116
:1002F000B9F1000F20D023684746A4464FF0000A0A
:10030000B7F800B0BCF8022009FB0B2252449BB2A4
:1003100043EA02434CF8043B57F8043B4FEA134AC4
:10032000BCF8003009FB0A3303EB1243BD424FEA2D
:10033000134AE5D8019AA35004349FE7013EA1E790
:10034000B06E0508216F05082DE9F843154612F037
:10035000030207460E4607D0254C013A002354F805
:100360002220FFF75DFE0646AD103DD0FC697CB94A
:100370001020FAF793FB0246F86128B91D4B1E487E
:1003800040F2B311FEF7FAFBC0E901440460C46017
:10039000D7F81C80D8F808404CB940F27121384693
:1003A000FFF71AFF0023C8F80800044603604FF067
:1003B0000009EB070AD5314622463846FFF722FFEF
:1003C000314680463846FFF709FE46466D100BD091
:1003D000206838B9224621463846FFF713FF2060CF
:1003E000C0F800900446E4E73046BDE8F88300BF5B
:1003F000F04506083A6C0508216F05082DE9F0471D
:100400000C464968236903EB6218A36807469146C6
:100410004FEA621A08F10106B3420BDB3846FFF7D8
:100420009DFD054648B90246284B29484FF4EF7117
:10043000FEF7A4FB01315B00EEE7002300F114019D
:1004400000F110021846534533DB20692AEAEA7AA4
:1004500004F1140319F01F0901EB8A0103EB800C6E
:100460002BD0C9F1200E8A460022186800FA09F044
:1004700010434AF8040B53F8042B9C4522FA0EF261
:10048000F3D8ACEB0403153B23F00303043304F16E
:100490001500604588BF0423CA500AB108F102065E
:1004A000013E38462E612146FFF798FD2846BDE8FB
:1004B000F08742F8040F0133C5E7043953F8042BE1
:1004C00041F8042F9C45F9D8EAE700BFB06E050853
:1004D000216F05080A6903460069801A30B50ED1FC
:1004E0001433143103EB820401EB820154F8045DF0
:1004F00051F8042D954203D005D24FF0FF3030BDA6
:10050000A342F3D3FBE70120F9E700002DE9F74F01
:1005100089460646114648461446FFF7DBFF051E8E
:1005200012D129463046FFF719FD024628B93F4B44
:1005300040F237213E48FEF721FB0123C0E9043594
:10054000104603B0BDE8F08FBCBF4B46A146304615
:10055000D9F80410BABF1C4601250025FFF7FEFCA0
:10056000024618B9314B40F24521E3E7D9F8107043
:100570002669C56009F1100309F1140504F1140E90
:1005800000F1140B05EB87080EEB86060193D946A4
:100590004FF0000C019B5EF8040B53F804AF01937D
:1005A0001FFA8AF3194683B2CB1A000C6344C0EBDE
:1005B0001A4000EB23409BB243EA0043764549F8DA
:1005C000043B4FEA204CE5D8331B153B23F00303D3
:1005D00015340433A64238BF04231D445B441E4631
:1005E0002C4644450ED308F10301491B21F00301B9
:1005F000033DA84538BF00210B4453F8041D91B1B9
:1006000017619DE754F8041BE646080C1CFA81FCB0
:10061000714400EB2C4089B241EA004146F8041BCA
:100620004FEA204CDDE7013FE7E700BFB06E050869
:10063000216F050882B08DED000B019A0F4B13401E
:10064000A3F15073002B08DC5B42B3F1A07F4FEAAB
:10065000235204DA4FF400231341002208E0A2F1F0
:1006600014031E2BDABF4FF00042DA4001220023B0
:100670001946104641EC100B02B070470000F07FA5
:100680002DE9F041066900F1140808EB8606371FD2
:1006900056F8042C1046FFF753FDC0F120030A283A
:1006A0000B601B4915DCC0F10B0C22FA0CF3B845AA
:1006B00043EA010534BF56F8083C0023153002FA1E
:1006C00000F023FA0CF303431C4645EC104BBDE845
:1006D000F081B8453ABF56F8083CA6F10807002358
:1006E0000B3812D0C0F1200123FA01F482402243DA
:1006F000474542F07F558CBF57F8042C00228340B9
:10070000CA4045F440151343DEE742EA0105DBE742
:100710000000F03F2DE9F7430F46012159EC108B03
:100720001646FFF71BFC044630B90246234B24480B
:1007300040F20F31FEF722FAC9F30A55C9F3130349
:100740000DB143F480130193B8F1000323D0684640
:100750000093FFF714FDDDE90012D0B1C0F12003D2
:1007600002FA03F30B43C24063610192019BA36150
:10077000002B0CBF012202222261A5B1A5F2334554
:1007800005443D60C0F135003060204603B0BDE84F
:10079000F0836161EAE701A8FFF7F1FC019B636167
:1007A00020300122E8E704EB8203A0F232403860F7
:1007B0001869FFF7C5FCC0EB4210E5E7B06E05080D
:1007C000216F05082DE9F74F884669468146FFF7F6
:1007D00057FF01A9404655EC104BFFF751FFD8F8E1
:1007E0001030D9F81020D21ADDE900315B1A03EB82
:1007F000421357EC106B002BD6BFC3EB03332A46D2
:100800003A46AB46A246CEBF02EB035B02EB035374
:1008100000EE903A4BEC17AB87EE000B03B0BDE84F
:10082000F08F013970B549111469013102F11403D7
:1008300000EB810103EB8404051FA3420CD3A31A30
:10084000113B23F003031132A24288BF0023184456
:100850000023884205D370BD53F8046B45F8046F3C
:10086000EBE740F8043BF4E700F1140200694B1198
:10087000984210B511DB0ADD11F01F0107D052F8C4
:10088000234024FA01F000FA01F18C420BD102EB73
:100890008303934203D8002010BD0346F7E753F8C3
:1008A000041D0029F5D00120F6E70000242B2DE9D6
:1008B000F0478646904601D8012B06D1FEF7AAF8EC
:1008C000162303600020BDE8F08734480D462A4611
:1008D00015F8014B065D16F00806F8D12D2C10D145
:1008E0002C780126951C33F0100215D1302C0DD137
:1008F0002A7802F0DF02582A08D16C7802351023DA
:100900000AE02B2C04BF2C78951CECE7002BF6D1C9
:10091000302C14BF0A23082306F1004C0CF1FF3CD5
:100920000022BCFBF3F9104603FB19CAA4F13007FF
:10093000092F0FD83C46A3421BDD571C07D0814529
:1009400014D301D1A24511DB00FB0340012215F8AD
:10095000014BEBE7A4F14107192F01D8373CEAE737
:10096000A4F16107192F04D8573CE4E74FF0FF3298
:10097000EDE7531C08D12223CEF800306046B8F1D1
:10098000000FA0D0691E06E006B14042B8F1000F8A
:1009900099D0002AF6D1C8F8001094E7F143060870
:1009A000FFF784BF2DE9F84F8146884692461F46DF
:1009B0000D46AB4655F8044B0A992046FBF722F941
:1009C00006460028F5D12D2C11D12C6801210BF100
:1009D000080537F0100318D1302C10D12B6823F004
:1009E0002003582B0BD16C68083510270DE02B2CF9
:1009F00003BF2C6801460BF108050146E9E7002F0B
:100A0000F3D1302C14BF0A2708274FF0FF32B2FB76
:100A1000F7F207FB02FC6FEA0C0C0020A4F1300394
:100A2000092B05D9A4F14103192B10D8A4F13703E0
:100A30009F4216DD741C07D090420FD801D1634548
:100A40000CDC00FB0730012655F8044BE6E7A4F167
:100A50006103192B05D8A4F15703E9E74FF0FF36DE
:100A6000F2E7731C08D12223C9F800303046BAF1EE
:100A7000000F07D1BDE8F88F01B14042BAF1000F75
:100A8000F8D00EB1A5F10408CAF80080F2E7000022
:100A900007B51346054A00920A4601460448006815
:100AA000FFF780FF03B05DF804FB00BF04010024E2
:100AB000700200240346084641B1FF2A04D98A2265
:100AC0001A604FF0FF3070470A7001207047002114
:100AD00000F000B8FF289DBF024B185C00F0070033
:100AE00000207047F1430608002100F001B8000023
:100AF000FF289DBF024B185C00F0030000207047E8
:100B0000F1430608002100F001B80000FF2808D8D2
:100B1000064B1B56002B06DBA0F109035842584137
:100B20007047002070470120704700BFF14306085E
:100B3000002100F001B80000FF289DBF024B185CA7
:100B400000F0200000207047F14306082DE9F0472F
:100B50008E681F46BE420B6882460C4690462DD8D2
:100B6000B1F90C2012F4906F26D06569096905EB84
:100B70004505A3EB010905EBD5757B1C4B446D10B6
:100B80009D4238BF1D46530527D52946F9F7B8FFC2
:100B9000064660B321694A46FDF773FFA38923F433
:100BA000906343F08003A381266165614E44A5EB09
:100BB00009052660A5603E46BE4200D93E46206833
:100BC00032464146FCF704F9A3689B1BA3602368E7
:100BD000334423600020BDE8F0872A4601F04CF83A
:100BE00006460028E0D121695046FEF7CBFD0C23D4
:100BF000CAF80030A38943F04003A3814FF0FF30CF
:100C0000E9E700002DE9F04F98468B891B069DB05F
:100C100007460D46144610D50B6973B94021F9F704
:100C20006FFF2860286130B90C233B604FF0FF3024
:100C30001DB0BDE8F08F40236B6100230993202392
:100C40008DF82930CDF80C803023DFF89C818DF8A9
:100C50002A304FF0010923469A4613F8012B0AB1B6
:100C6000252AF9D1BAEB040B0BD05B462246294664
:100C70003846FFF76BFF013000F0A780099A5A440D
:100C800009929AF80030002B00F09F8000234FF06B
:100C9000FF32CDE905230AF1010A049307938DF889
:100CA00053301A935446052214F8011B4E48CFF7CF
:100CB00027FB049AD8B9D00644BF20238DF85330BF
:100CC000110744BF2B238DF853309AF800302A2B9C
:100CD00015D0079A544600204FF00A0C214611F80F
:100CE000013B303B092B4BD9B0B1079214E0A0EB8C
:100CF000080309FA03F313430493A246D2E7039BC4
:100D0000191D1B680391002BBBBF5B4242F002021E
:100D100007930793B8BF049223782E2B0AD16378E8
:100D20002A2B32D1039B1A1D1B68039243EAE373FB
:100D300002340593DFF8C0A0217803225046CFF794
:100D4000DFFA38B1049BA0EB0A0040228240134333
:100D50000134049314F8011B24488DF8281006224E
:100D6000CFF7CEFA002836D0214B1BBB039B0733AD
:100D700023F0070308330393099B334409936AE77D
:100D80000CFB02320C460120A8E700230134059336
:100D900019464FF00A0C204610F8012B303A092A68
:100DA00003D9002BC6D00591C4E70CFB01210446F2
:100DB0000123F0E703AB00932A460E4B04A9384603
:100DC000FBF782F8421C0646D6D1AB895B063FF59D
:100DD0002DAF09982CE703AB00932A46054B04A9D5
:100DE0003846FBF7F9FAEDE77A6F0508846F0508D6
:100DF000C9BE04084D0B0508806F050838B54B1CAB
:100E0000144603D14FF0FF35284638BD938923F0AF
:100E100020039381636B5268CDB28BB1A36B934275
:100E200008DD23685A1E226003F8015C6368013301
:100E30006360E9E7214600F0F6FB0028F1D0E1E726
:100E40002169236851B1994208D213F8011CA942C3
:100E500004D1013B013223606260D5E7C4E90F325F
:100E600004F1440363630323A363234603F8465F4B
:100E700023600123DCE710B50C46496B69B104F12E
:100E80004403994201D0FEF77DFC236C636000208F
:100E9000606313B1E36B236010BD236923600023FB
:100EA0006360A38943F02003A3814FF0FF30F3E791
:100EB0002DE9F04F0C46ADF5237D0021CDE944111D
:100EC000A649A0910DF10408A549A64FCDF81881B7
:100ED0000646A191009392F80090B9F1000F00F03E
:100EE000588117F8093013F0080302F1010519D0F1
:100EF0006368002B0FDD23681A78BA5C120701D4EF
:100F00002A46E8E7459A0132459262680133013A80
:100F100062602360ECE7A19B214630469847002899
:100F2000E9D0EDE7B9F1250F40F085804193439377
:100F300053782A2B02BF1023951C41930A22AA46FC
:100F40001AF8011BA1F13003092B1ED9DFF818B2E2
:100F500003225846CFF7D4F938B1419AA0EB0B00E1
:100F60000123834013434193554615F8013B782BE9
:100F700006D8572B10D8252B5DD057D8002B75D00D
:100F8000032347930A23429388E0439B02FB031108
:100F9000303943915546D2E7A3F15802202AEFD8C1
:100FA00001A151F822F000BF7B100508810F050850
:100FB000810F0508D5100508810F0508810F050868
:100FC000810F0508810F0508810F0508810F0508AD
:100FD000810F0508EB100508D1100508331005082E
:100FE0003310050833100508810F05088D1005081A
:100FF000810F0508810F0508810F0508810F05087D
:10100000FB1005089510050873100508810F0508E9
:10101000810F0508F7100508810F0508D110050894
:10102000810F0508810F05087B100508453B022B41
:10103000A6D8052331E06368002B0DDD23681A78FC
:101040004A4540F0A680013362682360459B013A1F
:1010500001336260459353E7A19B21463046984790
:101060000028EBD04498002840F08B804FF0FF30F0
:101070008BE0419A42F020024192419A42F4007280
:10108000419210226E2B429202D905E00023429336
:10109000032302E008234293042347936368002B51
:1010A00039DD419B590604D423681A78BA5C1207CB
:1010B00038D4479B022B47DC6B46224641A9304679
:1010C00000F06CF8012864D002287FF419AFC9E75A
:1010D0000A22D7E72946404600F06CFA419B43F0CC
:1010E0004003419305460123D7E7419B43F040036A
:1010F00041930023D1E70223CFE74198C3063FF590
:10110000FFAE009B459A191D00911B68C0074CBF9C
:101110001A801A60F4E6A19B2146304698470028C1
:10112000BFD09FE7459A013245926268013A002A92
:10113000626002DD01332360B6E7A19B21463046A1
:1011400098470028B0D08DE7042B0FDC6B46224671
:1011500041A9304600F07CF8B4E700BFFD0D05085A
:10116000770E0508F1430608806F05080A4B002B2F
:101170003FF4C6AE6B46224641A93046FBF74AFA19
:10118000A0E7A3895B063FF571AF0DF5237DBDE8B0
:10119000F08F4498F9E700BF15C604082DE9F8431D
:1011A00015468A6880460C4632B98A69002A14BFFF
:1011B0004FF0FF3201228A602268DFF89090D1065A
:1011C0005FBF1A68111D196016680027A06988B1F1
:1011D000012807D12B681A7863699B5C53B9002FEB
:1011E00031D022E0022820D12B681B7819F8033077
:1011F0001B071AD42368DA065EBF2B681B7806F833
:10120000013B2A686B6801322A60A268013B013AFF
:101210006B600137A26042B1002BD7DCD4F880317B
:101220002946404698470028D0D0236813F0100381
:1012300005D1E2680132E260A26902B1337023692C
:101240003B4423610020BDE8F88300BFF14306085A
:101250002DE9F04F9846744B0C468246164693E8AB
:10126000070087B003AB83E80700704BA169704AA1
:10127000032908BF1A46A36801925A1EB2F5AE7F31
:1012800088BF6FF4AE75274682BF03EB050940F2B5
:101290005D13A36057F81C3B43F4506398BF4FF0B5
:1012A000000923603D464FF0000B316803AB09781D
:1012B00053F82B000222CFF723F828B3BBF1010F1C
:1012C00059D162682AB92268082142F4007261602B
:1012D0002260226822F4A0622260A268511EA160EE
:1012E00092B13268511C3160127805F8012B726896
:1012F000013A002A726007DCD4F88021314650465A
:101300009047002840F085800BF1010BBBF1030FE3
:10131000CBD163680BB90A23636063684549606990
:10132000C91A00F047F94FF0000BA3682268002BA0
:101330003DD03168606991F800C010F80C000028B9
:1013400035D0BCF1300F24D1100522D50BF1010BA3
:10135000B9F1000F03D0013309F1FF39A3607368BD
:10136000013B002B73601BDD336801333360A368DE
:10137000013BA360D9E7BBF1020FAED1226802F4B2
:10138000C061B1F5007FC4D11021616042F4807268
:10139000A2E722F4106222600B7805F8013BDEE739
:1013A000D4F880313146504698470028DFD0236872
:1013B000D9050DD5BD4209D915F8011CD4F87C31E9
:1013C00032465046984705F1FF394D46BD4228D078
:1013D000226812F0100213D12A706368019E394608
:1013E0005046B047D8F8003021681A1DC8F80020D0
:1013F00011F0200F1B680FD01860E3680133E36021
:101400002369ED1B5D442B442361002007B0BDE838
:10141000F08F4FF0000BCAE7CA074CBF1880186066
:10142000EBE70120F2E700BFE0360508A109050857
:1014300021B904089B6F0508B1F90C202DE9F04192
:10144000160705460C4654D44B68002B02DC0B6C87
:10145000002B48DDE66A002E45D0002312F48052AE
:101460002F68216A2B6030D0626DA389590705D59A
:101470006368D21A636B0BB1236CD21A0023E66A3D
:10148000216A2846B047431CA38906D129681D2933
:101490002BD82A4ACA40D60727D500226260D90431
:1014A0002269226004D5421C01D12B6803B9606512
:1014B000616B2F60B9B104F14403994202D0284610
:1014C000FEF760F9002363630DE001232846B0476F
:1014D0000246501CC9D12B68002BC6D01D2B01D051
:1014E000162B1ED12F60002022E043F040031BB2D8
:1014F0001BE00F69002FF6D093070E6808BF4B69F9
:101500000F6018BF0023A6EB07088B60B8F1000F2F
:10151000E9DD216AA66A43463A462846B0470028D4
:1015200008DCB4F90C3043F04003A3814FF0FF30E6
:10153000BDE8F0810744A8EB0008E7E70100402080
:1015400038B50B6905460C4613B90025284638BD49
:1015500018B1036A0BB9FBF7EFFAB4F90C30002BA2
:10156000F3D0626ED00704D4990502D4A06DFDF7C4
:101570007DFA28462146FFF75FFF636EDA070546CE
:10158000E4D4A3899B05E1D4A06DFDF771FADDE7F2
:101590000EB403B5014603AB054853F8042B0068AD
:1015A000019300F0C1FB02B05DF804EB03B070479B
:1015B0007002002470B50B7804465E2B0BBF4B788D
:1015C0004A1C8A1C002108BF0121013804F1FF05D3
:1015D00000F8011FA842FBD10BB9501E70BD81F06D
:1015E0000101E1541046024612F8015B2D2D05D091
:1015F0005D2D16D0002DF1D02B46F2E746785D2EFA
:10160000FAD0B342F8DC02301A4601329642A154B5
:10161000FBDCF21A013A5D1CB342A8BF0022AB18F2
:10162000E1E71046DAE72DE9F0410C46496B04F199
:10163000440399421DD14FF48061F9F761FA18B95A
:101640004FF0FF30BDE8F0814FF48063A36394F85E
:101650004630606380F8FF3394F8453080F8FE33FD
:1016600094F8443080F8FD3300F2FD302060002013
:10167000E8E7A66B77003A4600F0FEFA0546002838
:10168000DED000EB0608014632464046FDF7F9F988
:10169000C4E90D57C4F80080E9E7000010B504461E
:1016A000084611461A468E2800F23081DFE810F015
:1016B0008F00380192009400960098009A009C00D8
:1016C0009E00A200A400A800AA00AC00AE002E015B
:1016D000B000B200B400B600B800BE00C000C60042
:1016E000C800CA00CC00CE00D200D600D800DA0074
:1016F000DC00DE00E000E200E4002E012E012E01FD
:101700002E012E012E012E012E01E800EC002E01EB
:101710002E012E012E012E012E012E012E012E0151
:101720002E012E012E012E01EE000801F000F20024
:101730002E012E012E01F4002E012E012E01F600A5
:101740002E012E01FA002E012E01FC002E012E0189
:101750002E012E012E012E012E012E012E012E0111
:10176000FE002E010001020104012E012E012601BE
:101770002E012E012E012E012E012E012E012E01F1
:10178000140106010A010C010E0110012E011201C3
:1017900016011A01EA00C2002C01BA00D000BC00F8
:1017A000A000A6002A01F8002E011801C4001E01A5
:1017B0001C012E012E012E012E012E01D4002E011E
:1017C0002E012E01E6002801200122012401554BA3
:1017D000184610BD544BFBE7544BF9E7544BF7E761
:1017E000544BF5E7544BF3E7544BF1E7544BEFE719
:1017F000544BEDE7544BEBE7544BE9E7544BE7E729
:10180000544BE5E7544BE3E7544BE1E7544BDFE738
:10181000544BDDE7544BDBE7544BD9E7544BD7E748
:10182000544BD5E7544BD3E7544BD1E7544BCFE758
:10183000544BCDE7544BCBE7544BC9E7544BC7E768
:10184000544BC5E7544BC3E7544BC1E7544BBFE778
:10185000544BBDE7544BBBE7544BB9E7544BB7E788
:10186000544BB5E7544BB3E7544BB1E7544BAFE798
:10187000544BADE7544BABE7544BA9E7544BA7E7A8
:10188000544BA5E7544BA3E7544BA1E7544B9FE7B8
:10189000544B9DE7544B9BE7544B99E7544B97E7C8
:1018A000544B95E7544B93E7544B91E7544B8FE7D8
:1018B000544B8DE7544B8BE7544B89E7544B87E7E8
:1018C000544B85E7544B83E7544B81E7544B7FE7F8
:1018D000544B7DE7544B7BE7544B79E7544B77E708
:1018E000544B75E7544B73E7544B71E7544B6FE718
:1018F000544B6DE7544B6BE7544B69E7544B67E728
:10190000544B65E7544B63E7544B61E7002A08BF2B
:10191000224600F0A9F8524B002818BF034657E7AB
:10192000504B55E7A36F0508B56F0508CF6F050845
:10193000DF6F0508F76F0508017005081B700508C3
:101940002D7005083F700508587005086870050877
:101950007470050891700508A3700508B470050837
:10196000C6700508D2700508EA700508F67005080B
:1019700008710508177105082771050834710508F5
:1019800053710508627105087371050897710508A0
:10199000B5710508D3710508F37105080A720508C9
:1019A00019720508287205083C720508547205086A
:1019B000627205086F720508857205089472050841
:1019C000A0720508CF720508E0720508FB720508D1
:1019D0000E730508247305082D7305084473050864
:1019E0004C730508597305086E7305088273050862
:1019F0009A730508A9730508BA730508CD7305081D
:101A0000D9730508F27305080674050821740508E2
:101A100039740508537405085B7405088B74050850
:101A2000AA740508C9740508E0740508F37405086C
:101A30000C75050823750508397505085A750508DC
:101A4000727505088E750508A1750508B775050836
:101A5000CB750508ED75050813760508247605088D
:101A60004A6E0508AB6F050800207047031F53F846
:101A7000040F51F8042B904201D0801A01E0002895
:101A8000F5D17047002303600439034651F8042F51
:101A90000AB91A60704743F8042BF7E710B50B46F4
:101AA0006AB953F8042B002AFBD104E053F8044B25
:101AB00040F8044B1CB9581A8010013810BD013A87
:101AC000F4D10260EDE7000000487047C80200242E
:101AD0002DE9F8430446FFF7F7FF40F2B1739C424B
:101AE00040F3A3806FF4F6616518A4F2B27340F27C
:101AF0006D12AD1002FB03556FF4C8666FF0630200
:101B0000A4F26D7393FBF2F31D44A319484E446095
:101B10004FF4C8720146B3FBF2F300F150071D44C5
:101B20000B7AD1F814C04A2B38D1A20705EB0C036D
:101B300006D14FF0640E94FBFEF20EFB124232B956
:101B40004FF4C87E94FBFEF20EFB12421ABBBCF1AE
:101B50003B0FD4BF4FF0000C4FF0010C6344013B2E
:101B60008A694FEAE27CC3FB062C8B6AD2184CEBE5
:101B7000E373C1E9082328318F42D1D1D0E908436A
:101B8000D0E912128C429341B4BF012300230360B9
:101B90000120BDE8F8834FF0000CDFE7442B02D1B1
:101BA00005EB0C03DCE7A30705D1642294FBF2F3F9
:101BB00002FB134393BB4FF4C87294FBF2F302FB96
:101BC0001343B3FA83F35B09DFF868E0D1F80C90B4
:101BD0005B4203F030032A464FF00008734408F1DB
:101BE0000108C14553F828E01ADC02F10408072374
:101BF00098FBF3F3C3EBC303A8EB0303BCEB030CA9
:101C00000B6903F1FF3348BF0CF1070CC3EBC303AF
:101C10009C44F44506DA02EB0C03A1E70123D3E769
:101C20007244DCE7ACF1070CF3E70020B1E700BF3A
:101C300080510100F046060870B5A1FB025434B98A
:101C40002946F8F75DFF064628B9304670BD0C22DC
:101C500002600026F9E72A462146FBF7D3F8F4E7AD
:101C60000148FCF703BF00BFE5D101240148FCF7A0
:101C7000FFBE00BFE5D101242DE9F041074614461F
:101C80000D4621B9BDE8F0411146F8F739BF2AB930
:101C9000FDF778FD25462846BDE8F08100F0F0F913
:101CA0008442064602D8B4EB500FF4D82146384699
:101CB000F8F726FF804608B94546ECE7B4422246CD
:101CC000294628BF3246FCF7DCFE29463846FDF798
:101CD00059FDF1E79368013B002B10B4936008DADB
:101CE0009469A34201DB0A2903D15DF8044B00F09B
:101CF00033B91368581C1060197008465DF8044B1E
:101D00007047F8B506460F461446D518AC4201D1C7
:101D1000002007E014F8011B3A463046FFF7DAFFCF
:101D2000431CF3D1F8BD00002DE9F04F0D469DB0E6
:101D300014469846064618B1036A0BB9FAF7FCFE3A
:101D40006B6ED90705D4AB899A0502D4A86DFCF750
:101D50008DFEAB891B0701D52B699BB929463046FF
:101D600000F038F970B16B6EDC0704D54FF0FF302E
:101D70001DB0BDE8F08FAB899805F7D4A86DFCF7CE
:101D800077FEF3E70023099320238DF82930CDF85F
:101D90000C803023DFF8AC818DF82A304FF0010938
:101DA00023469A4613F8012B0AB1252AF9D1BAEB3A
:101DB000040B0BD05B46224629463046FFF7A1FFB5
:101DC000013000F0A780099A5A4409929AF800302D
:101DD000002B00F09F8000234FF0FF32CDE9052358
:101DE0000AF1010A049307938DF853301A9354466D
:101DF000052214F8011B5348CEF782FA049AD8B989
:101E0000D10644BF20238DF85330130744BF2B2342
:101E10008DF853309AF800302A2B15D0079A544683
:101E200000204FF00A0C214611F8013B303B092BF2
:101E30004BD9B0B1079214E0A0EB080309FA03F301
:101E400013430493A246D2E7039B191D1B68039119
:101E5000002BBBBF5B4242F0020207930793B8BF5F
:101E6000049223782E2B0AD163782A2B32D1039B3C
:101E70001A1D1B68039243EAE37302340593DFF8EB
:101E8000D4A0217803225046CEF73AFA38B1049B09
:101E9000A0EB0A004022824013430134049314F85B
:101EA000011B29488DF828100622CEF729FA0028B0
:101EB0003FD0264B1BBB039B073323F0070308339C
:101EC0000393099B3B4409936AE70CFB02320C46DF
:101ED0000120A8E700230134059319464FF00A0CAE
:101EE000204610F8012B303A092A03D9002BC6D01E
:101EF0000591C4E70CFB012104460123F0E703AB85
:101F000000932A46124B04A93046F9F7DDFF074635
:101F1000781CD6D16B6ED90705D4AB899A0502D44B
:101F2000A86DFCF7A5FDAB895B063FF51FAF0998CF
:101F30001EE703AB00932A46054B04A93046FAF787
:101F40004BFAE4E77A6F0508846F0508C9BE0408F8
:101F5000031D0508806F0508F8B50E4614460546B2
:101F600018B1036A0BB9FAF7E7FDA369A360A38967
:101F70001A0701D5236943B92146284600F02AF8FB
:101F800018B14FF0FF373846F8BD23682269981A18
:101F90006369F6B28342374605DC21462846FFF7DF
:101FA000CFFA0028EDD1A368013BA36023685A1C37
:101FB00022601E706269431C9A4204D0A389DB0729
:101FC000E1D50A2EDFD121462846FFF7B9FA0028CD
:101FD000D9D0D6E738B5294B054618680C4618B154
:101FE000036A0BB9FAF7A8FDB4F90C30190722D42B
:101FF000DA0607D409222A6043F04003A3814FF098
:10200000FF3033E0580712D5616B41B104F144034E
:10201000994202D02846FDF7B5FB00236363A389EC
:1020200023F02403A3810023636023692360A38931
:1020300043F00803A38123694BB9A38903F42073F8
:10204000B3F5007F03D02146284600F047F8B4F9E5
:102050000C3013F001020AD00022A26062695242E1
:10206000A261226942B913F08000C5D138BD990739
:1020700058BF6269A260F4E70020F7E7700200240D
:1020800051F8043C181F002BBCBF0B58C0187047F8
:1020900070B50C46B1F90E10002996B015461E46D3
:1020A0000DDAA38913F0800F4FF0000114BF402315
:1020B0004FF48063002031602B6016B070BD6A461B
:1020C00000F048F80028ECDB019901F47041A1F51B
:1020D0000053594259414FF48063EBE78B89F7B5C0
:1020E0009D0706460C4607D504F14703236023618C
:1020F0000123636103B0F0BD01AB6A46FFF7C8FF7F
:10210000009F054639463046F8F7FAFC48B9B4F95D
:102110000C309A05EED423F0030343F00203A381AD
:10212000E2E7A389206043F08003A381019BC4E917
:1021300004075BB1B4F90E10304600F01DF828B169
:10214000A38923F0030343F00103A381A3891D4363
:10215000A581CFE738B5074D002304460846114650
:102160002B60D7F74AF9431C02D12B6803B12360D7
:1021700038BD00BFE0D1012438B5064D0023044628
:1021800008462B60D7F73EF9431C02D12B6803B1F8
:10219000236038BDE0D101240CB430B5184BB1F147
:1021A000005F1D689DB00C4608D38B232B604FF059
:1021B000FF301DB0BDE8304002B070474FF40273ED
:1021C000ADF8143000231B9302900690B1B14B1E62
:1021D0009B00049307934FF6FF73ADF81630209AD7
:1021E00021AB02A92846019300F0E2F8002CDCD0D4
:1021F000029B0022A0421A60DBD3D6E70B46E8E739
:10220000700200242DE9F04E2DED028BB0EE408BD4
:1022100084B0DDE90E6B924618EE902A2BF020096F
:10222000002AB6BF2D220022B1EE408BB9F1410F3A
:10223000DDE910750C461A6068D1B0EE480B3046E7
:1022400001F0C6F9B4EE007B20EE070BB5EE400BB3
:10225000F1EE10FA04BF012333605249524BB3EE42
:10226000007BBBF1610F08BF1946013C2B4620EEF5
:10227000070BFDEEC06B16EE902A51F8220043F8D2
:10228000040B601CB8EEE66B30EE460B0CD0B5EEDE
:10229000400BF1EE10FA04F1FF3203D12246194649
:1022A000302029E01446E2E7B6EE007BB4EEC70B1F
:1022B000F1EE10FA06DCB4EE470BF1EE10FAEDD1B8
:1022C000D207EBD5CC6B1846302600E0066050F8FC
:1022D000042DA242FAD0392A0CBF8A6A0132026068
:1022E0005B1B9B103B60284604B0BDEC028BBDE835
:1022F000F08E41F8040B013A002AFADA621C01342C
:102300004FEA8202B8BF00221344E9E7B9F1460F51
:1023100005D0B9F1450F00D10134022100E00321BD
:1023200003AB019302AB009322463346B0EE480B59
:10233000FCF7CAFCB9F1470F20D11AF0010F0ED1FA
:10234000039B1B1A3B6000233A689A42CBDD129A2A
:102350009342C8DAC25C45F823200133F4E703193D
:10236000B5EE408BF1EE10FA08BF03933021039ACB
:102370009A42E5D2541C03941170F8E7B9F1460F64
:1023800000EB0403ECD10278302A07D1B5EE408B84
:10239000F1EE10FA1CBFC4F101043460326813443A
:1023A000DEE700BFD01606088C1606080000000005
:1023B0002DE9F04F2DED028BADF5257D1E46002356
:1023C0008B4618931C9381460C92FCF7B5FA036870
:1023D0001B781993BBF80C301F0615D5DBF81030AD
:1023E00093B940214846F8F78BFBCBF80000CBF8B7
:1023F000100030B90C23C9F800304FF0FF330F93B1
:102400003EE14023CBF814300023CDE920339FED8B
:102410008C8B30AC1F94119313930D930F930C9BE3
:102420001D4653F8042B0AB1252AF9D10C9BAB4267
:102430000FD0EF1ABF10C4E90037219B3B44219312
:10244000209B0133072B209374DC08340F9B3B4403
:102450000F932B68002B01F0818000222B1D179217
:102460004FF0FF380E92154653F8042B08920C9348
:10247000089B203B5A2B00F2FC84DFE813F07A0023
:10248000FA04FA048000FA04FA04FA046500FA0473
:10249000FA0483008D00FA048A008F00FA04AB006E
:1024A000AE00AE00AE00AE00AE00AE00AE00AE00BC
:1024B000AE00FA04FA04FA04FA04FA04FA04FA047C
:1024C0003F01FA04E900FA043F013F013F01FA0429
:1024D000FA04FA04FA04C100FA04FA04FA04FA0449
:1024E000FA04FA04E903FA04FA04FA04FA046304A5
:1024F000FA04FA04FA04FA04FA04FA04FA04FA04EC
:102500003F01FA04E90016013F013F013F01C40009
:102510001601D800FA04D100FA048303A303D903F7
:10252000D800FA04E90378004304FA04FA047F04AB
:10253000FA0478001FAA5946484601F07DF80028A1
:1025400040F0998030AC81E74846FCF7F5F94368E4
:1025500048461B781893FCF7EFF983680D93189B96
:102560002BB10D9B1BB11B780BB145F480650C9B07
:102570007AE7179B002BFAD120231793F7E745F052
:102580000105F4E756F8043B0E93002BEFDA5B42AB
:102590000E9345F00405EAE72B23EEE70C9B53F876
:1025A000042B08922A2A11D156F8042B0C9342EAE4
:1025B000E278DCE701FB082853F8042B0892089A1C
:1025C000303A092AF6D948EAE87850E74FF000088F
:1025D0000A21F4E745F08005C9E700230E930A229B
:1025E000089B0E99303B02FB01330E930C9B53F872
:1025F000041B0C93A1F13003092B0891F0D937E7A4
:1026000045F00805B3E70C9B1B68682B01BF0C9BCA
:1026100004330C9345F4007518BF45F04005A6E758
:102620000C9B1B686C2B05D10C9B04330C9345F061
:1026300020059CE745F0100599E700BFAFF3008047
:102640000000000000000000FFFFFFFFFFFFEF7F22
:10265000334653F8040B0993089B632B17D1EE06FE
:1026600015D4F9F777F9411C11D1BBF80C3043F0C0
:102670004003ABF80C30BBF80C305B063FF5BDAE49
:102680000F980DF5257DBDEC028BBDE8F08F002382
:10269000409041931793CDE90A339A461F461E4650
:1026A00040AB4FF00108079323E1AA0611D5073686
:1026B00026F007031A465F6852F8086B0992002F4C
:1026C00005DA76424FF02D0367EB47071793012396
:1026D00088E2334653F8047B0993EB0602D53E4665
:1026E000FF17ECE76E0603D53EB247F3C037E6E7C7
:1026F000A805F4D57EB247F3C017E0E7073626F009
:102700000703B3EC028B1FED307BB0EEC86BB4EE69
:10271000476BF1EE10FA099315DDB5EEC08BF1EEC3
:1027200010FA01D52D2317930E4A0F4B089947290C
:1027300098BF1A46079225F080054FF0000A4FF027
:102740000308574663E3B4EE488BF1EE10FA11D755
:1027500018EE903A002BBCBF2D231793034A044B6D
:10276000E4E700BF241706081417060844170608F4
:1027700034170608089B612B00F08281412B40F042
:10278000818158233022B8F1630FCDE91D2345F034
:10279000020540F3828108F1010189004846F8F7FB
:1027A000AFF900283FF461AF82466423CDE903030B
:1027B000B0EE480B089B019345F480771BAB1CAE31
:1027C000009302961AAB3A4641464846FFF71AFD77
:1027D00040AB984207901FD13368642B1CDDBAF1DF
:1027E000000F19D1990048460793F8F789F9079B1C
:1027F000824600283FF439AFB0EE480BCDE9030321
:10280000089B01931BAB009302961AAB3A464146D4
:102810004846FFF7F7FC0790089B1B9E23F0200318
:10282000472B40F04781F11C02DBB04580F2638109
:10283000089B023B0893089A22F02002412A0CBF11
:10284000089A089906F1FF330ABF02F10F0100222E
:102850000122002B1B93B8BFC6F101032291B4BF24
:102860002D212B21092B239140F3398130A90A27EF
:102870000A46B3FBF7F607FB1630303042F8040C7B
:1028800018466328A1F104013346F1DC303341F8E6
:10289000043CA2F1080023AB30A98842C0F01A81A1
:1028A0000DF1CB039B1A23F003030B3A914238BF7F
:1028B000002324AA02EB030822ABA8EB03084FEA8B
:1028C000A80313931C9B012B03EBA80801DCEA0768
:1028D00001D508F101080023CDE90A3325F480650C
:1028E00045F480771E461A9B002B40F048813D46F8
:1028F000002747453B46B8BF43461093179B13B18B
:10290000109B0133109315F0020312931EBF109B0E
:102910000233109315F08403149320D10E9B109A68
:102920009B1A002B1BDDDDE9202CA1492160102B17
:1029300002F1010204F1080000F3A4820CEB030190
:10294000072ACDE92021636040F3B1821FAA5946CE
:10295000484600F071FE002840F0DE8530AC179943
:10296000219B17AA59B12260012213442193209B75
:1029700062601344072B209300F39B820834129A61
:10298000219B62B11DAA2260022213442193209B45
:1029900062600133072B209300F395820834149B67
:1029A000802B20D10E9B109A9B1A002B1BDDDDE99A
:1029B000202C80492160102B02F1010204F1080053
:1029C00000F390820CEB0301072ACDE9202163601C
:1029D00040F39D821FAA5946484600F02DFE00286C
:1029E00040F09A8530ACA7EB0807002F1ADDDDE92F
:1029F000203270482060102F03F1010304F1080118
:102A000000F387826760072B1744CDE9203740F336
:102A100093821FAA5946484600F00EFE002840F057
:102A20007B8530ACE905219B00F1888243442193EA
:102A3000209B079A0133072BC4E90028209300F359
:102A4000BD8208346A0700F14985DDE90E2310993B
:102A50008A42ACBF9B185B180F93219B3BB11FAA06
:102A60005946484600F0E8FD002840F0558500230F
:102A70002093BAF1000F40F06B85099E30ACCEE494
:102A800078237FE6B8F1FF3F0AD0089B23F02003AC
:102A9000472B02D1B8F1000F08D04FF0000A03E035
:102AA0004FF0000A4FF0060840A87EE6C2464FF0FD
:102AB0000108F9E7462B7FF4BEAE05F00103002EB6
:102AC00043EA080322DD5BB308F10108B044662342
:102AD00008932BE050F8046B43F8046FDDE63AB935
:102AE000302224920DF19408303348F8043BE3E699
:102AF0000DF19008F8E71C9BB3420BDD002ED4BF0C
:102B0000C6F102084FF00108984407E053B108F1FC
:102B10000208DCE7EB071CD506F101086723D7E7BD
:102B2000B046D4E7662308934FF0010815F480639C
:102B30000B9321D00023002ECDE90A337FF7D3AECB
:102B40000D9B1B78FF2B06D1DDE90A231344984423
:102B5000C9E6B046E2E7B342F6DAF61A0D9B5B78B7
:102B600033B10B9B01330B930D9B01330D93E7E7BF
:102B70000A9B01330A93E3E70B9B0A93B3E62D23E9
:102B80001793B4E6AF0607D50F9A33680F99D2179B
:102B9000C3E90012043642E4E80603D533680F9A0D
:102BA0001A60F7E7690607D533680F9A1A80F1E7CC
:102BB0009447060854470608AA05EFD533680F9ACC
:102BC0001A70E7E715F020031FD0073626F0070339
:102BD0001A465F6852F8086B099225F48065002355
:102BE00000221792B8F1000FC0F2C38425F08002D2
:102BF0000A9256EA070240F0C184B8F1000F00F0D3
:102C00003181012B40F0BD84D1E0324615F0100730
:102C100052F8046B099201D01F46DEE715F040031D
:102C200001D0B6B2D9E715F40077D6D0F6B2F3E703
:102C30003346782253F8046B09933023CDE91D32D3
:102C4000A64B1193002745F0020502230892C7E71F
:102C5000334653F8042B099300231793089B0792DC
:102C6000532B35D015F0100632D1B8F1000F14DB1C
:102C70000798424631464746CDF742FB08B1079BCD
:102C8000C71A632F0ED9791C89004846F7F738FF19
:102C900000283FF4EAAC824607E00798CDF780FBB6
:102CA0000746EEE74FF0000A40A8B8460023BB42B3
:102CB00008D1002740F823707323CDE90A770790E5
:102CC000089316E6079AD25C40F823200133EEE71A
:102CD000B8F1000F11DB079842460021FAF7EEF831
:102CE000824600283FF42DAD079BC31A9B109845E0
:102CF000A8BF98464FF0000A23E50798FAF7D3F8E3
:102D00008046F7E715F0200309D0073626F00703C1
:102D10001A465F6852F8086B0992012360E7324651
:102D200015F0100752F8046B099201D01F46F4E722
:102D300015F0400301D0B6B2EFE715F40077ECD000
:102D4000F6B2F3E7664B119315F0200318D007365F
:102D500026F007031A465F6852F8086B0992EB07E2
:102D600008D556EA070305D030231D93089B1E9310
:102D700045F0020525F48065022331E7574BE2E771
:102D8000324615F0100752F8046B099201D01F4625
:102D9000E5E715F0400301D0B6B2E0E715F400779F
:102DA000DDD0F6B2F3E70A2E77F1000304D2303615
:102DB000A396A3AB00F006BC0A9B002503F4806336
:102DC0001C950DF5247A0B930A22002330463946D0
:102DD000CDF7B8FDAAF1040307930B9B30324AF8F4
:102DE000042C013543B30D9B1B789D4224D1FF2D4C
:102DF00022D00A2E77F100070DD21C95079A0A9D62
:102E0000A4AB9B1A47464FF0000A4FEAA308CDE94E
:102E10000AAA56466DE5AAF108030793189B4AF8DB
:102E2000083C0D9B5D7815B101330D930025DDF84D
:102E30001CA006460F46C7E70A2E77F10007F6D218
:102E4000DBE7119A06F00F03360952F82330079A90
:102E500046EA077642F8043D3F0956EA070307921F
:102E6000EFD1CBE71BB9E80701D53026A0E7A4AB2B
:102E7000A8E3089B002B00F0718340930023179375
:102E8000099608E410216160072A6144CDE92021F8
:102E90000ADD1FAA59464846159300F0CDFB0028CD
:102EA00040F03A83159B30A8103B04463BE50446AE
:102EB00055E51FAA5946484600F0BEFB002840F0E1
:102EC0002B8330AC5BE51FAA5946484600F0B4FBA3
:102ED000002840F0218330AC61E500BF8C16060865
:102EE000D016060810216160072A6144CDE920212F
:102EF0000ADD1FAA59464846129300F09DFB0028A0
:102F000040F00A83129B30A8103B04464FE504466C
:102F100069E510200244072BCDE92032606008DD0E
:102F20001FAA5946484600F087FB002840F0F4826B
:102F300030A9103F0C465AE50C4673E5089A652AFD
:102F400040F24982B5EE408BF1EE10FA67D1714A3A
:102F50002260012213442193209B62601344072BBB
:102F6000209335DC0834DDE91B36B34202DBEA0787
:102F70007FF568AD19AB236001236360219B0133AA
:102F80002193209B0133072B20932BDC0834013E37
:102F9000002E7FF757AD604F4FF01008DDE920326B
:102FA000102E03F1010304F10801276024DC6660A0
:102FB000072B1644CDE9203640F38B821FAA5946D1
:102FC000484600F039FB002840F0A68230AC39E5D5
:102FD0001FAA5946484600F02FFB002840F09C826B
:102FE00030ACC0E71FAA5946484600F025FB002830
:102FF00040F0928230ACCAE71032072BCDE9203284
:10300000C4F8048008DD1FAA5946484600F014FBA6
:10301000002840F0818230A9103E0C46BEE71B9A82
:10302000002A7BDC3B4A2260012213442193209B2F
:1030300062601344072B209345DC08341C9F1B9BC4
:10304000219A3B4305F001010B433FF4FBAC19AB64
:10305000236001231A446360209B21920133072BD4
:1030600020933ADC04F108031B9E002E1CDA2A4C44
:1030700076421A464FF01008DDE92010102E01F1BB
:10308000010103F10803146031DC5660072906448E
:10309000CDE9201608DD1FAA5946484600F0CCFAB3
:1030A000002840F0398230AB079AC3E90027219A03
:1030B0003A442192209A0132072A20923FF77EAFAC
:1030C00003F10804BEE41FAA5946484600F0B4FACA
:1030D000002840F0218230ACB0E71FAA594648468C
:1030E00000F0AAFA002840F0178230ABBCE710309D
:1030F0000729CDE92010C2F8048008DD1FAA59462F
:10310000484600F099FA002840F0068230AB103EA5
:103110001A46B1E754170608544706081C9A089245
:1031200092001292089A42F31D08B045A8BFB0461B
:10313000B8F1000F0BDD43442193209B079A013324
:10314000072BC4E90028209300F38E800834B8F1DF
:10315000000FACBFA6EB08073746002F1CDDDFF8D9
:103160007883C4F80080DDE92032102F03F10103D9
:1031700004F1080100F382806760072B1744CDE952
:10318000203740F38E801FAA5946484600F054FA73
:10319000002840F0C18130AC079B03EB86066B052D
:1031A0000BD50B9B002B0A9B7DDC002B7DDC079B4A
:1031B000129A13449E4228BF1E461B9B089A9A42AD
:1031C00001DCEF070DD519AB236001236360219B60
:1031D00001332193209B0133072B209300F3E780D9
:1031E0000834129B079F089A1F441B9BBF1BBF10EC
:1031F000D31A9F42A8BF1F46002F219B0ADD3B44E4
:103200002193209B0133072BC4E90067209300F32F
:10321000D88008341B9E089B002FA3EB0606A8BF8E
:10322000F61B002E7FF70EACAB4F4FF01008DDE918
:103230002032102E03F1010304F1080127607FF70B
:10324000B6AE1032072BCDE92032C4F8048008DD79
:103250001FAA5946484600F0EFF9002840F05C816B
:1032600030A9103E0C46E2E71FAA5946484600F036
:10327000E3F9002840F0508130AC68E710200244A8
:10328000072BCDE92032606008DD1FAA5946484669
:1032900000F0D2F9002840F03F8130A9103F0C46E1
:1032A0005FE70C4678E7002B51DD0A9B013B0A9350
:1032B00018AB236001236360219B01332193209B82
:1032C0000133072B209349DC0834079B129A03EB48
:1032D00002080D9BA8EB06081B784FEAA808984542
:1032E000A8BF9846B8F1000F219B09DD4344219304
:1032F000209B0133072BC4E90068209338DC083495
:103300000D9B1F78B8F1000FA8BFA7EB0807002F8F
:1033100018DDDDE9203270482060102F03F1010331
:1033200004F108012EDC6760072B1744CDE9203734
:103330003BDD1FAA5946484600F07EF9002840F0C0
:10334000EB8030AC0D9B1B7806EB830629E70D9BC9
:10335000013B0D930B9B013B0B93A9E71FAA594619
:10336000484600F069F9002840F0D68030ACACE760
:103370001FAA5946484600F05FF9002840F0CC806B
:1033800030ACBDE710200244072BCDE9203260604D
:1033900008DD1FAA5946484600F04EF9002840F0C3
:1033A000BB8030A9103F0C46B3E70C46CAE71FAA02
:1033B0005946484600F040F9002840F0AD8030AC56
:1033C0000FE71FAA5946484600F036F9002840F09A
:1033D000A38030AC1EE720991C9E079820605A1CE1
:1033E00001310120012ECDE9201204F108036060B3
:1033F00001DCE80768D5072908DD1FAA59464846B9
:1034000000F01AF9002840F0878030AB19AA1A6042
:1034100001225A60219A01322192209A0132072A10
:10342000209223DC0833B5EE408BF1EE10FADDE993
:10343000202106F1FF3422D00798013204302144C4
:10344000072AC3E90004CDE9202140DD1FAA59461F
:10345000484600F0F1F800285ED130AB22AA1A608D
:10346000139A13995A60219A0A4422E61FAA5946D0
:10347000484600F0E1F800284ED130ABD3E7012EEA
:10348000ECDD154E1027DDE92021102C02F10102A0
:1034900003F108001E6007DC5C60072A0C44CDE9DC
:1034A0002024D3DC0346D9E71031072ACDE92021B7
:1034B0005F6006DD1FAA5946484600F0BDF858BBBC
:1034C00030A8103C0346DEE70729C7DDBEE7083316
:1034D000C4E70C46FFF7B6BA544706080E9B109A8D
:1034E0009D1A002D7FF7B1AA374E1027DDE9203253
:1034F000102D03F10103266018DC6560072B1544CD
:10350000CDE920357FF7A1AA1FAA5946484600F009
:1035100093F800283FF499AABAF1000F3FF4ABA842
:1035200051464846FCF72EF9FFF7A5B81032072B95
:10353000CDE92032676002DC0834103DD6E71FAACF
:103540005946484600F078F80028E5D130ACF4E759
:1035500051464846FCF716F9FFF78FBA219B002B1E
:103560003FF489A81FAA5946484600F065F8FFF7BE
:1035700082B856EA07020A953FF443AB012B3FF4A9
:1035800012AC022BA4AB07933FF45BAC079A06F096
:1035900007031146303341F8043DF60846EA477602
:1035A000FF08079156EA0701F0D10A99CD077FF588
:1035B00025AC302B3FF422AC0799302341F8043C72
:1035C000A2F10803079319E49447060800000000DD
:1035D000002210EE901A0260154A21F00043934237
:1035E00021D810EE102A1A431DD0124A0A4052B9AF
:1035F0009FED0D7B20EE070B10EE901A6FF0350259
:1036000021F00043026002681B15A3F2FE331A4446
:103610006FF31E51026053EC102B41F07F5343F4C3
:10362000001343EC102B70470000000000005043D3
:10363000FFFFEF7F0000F07F2DE9F041156806469F
:103640000F461446A36808352BB900200023C4E9AF
:103650000133BDE8F08163685A1E002B6260F4DD1F
:1036600055F8048CB8F1000FECD04FEA880355F8F8
:10367000082C39463046FDF769FA431CE6D0A368AA
:10368000A3EB0803A360DDE7F8B500BFF8BC08BCF6
:103690009E467047F8B500BFF8BC08BC9E46704710
:1036A000E3370508F3370508FD370508073805082F
:1036B000223905082B390508343905083839050839
:1036C0003C39050841390508223905082B39050818
:1036D0003C390508413905083439050838390508E9
:1036E0009D6F050882400508A06F05086261736937
:1036F000635F737472696E673A20636F6E7374727E
:10370000756374696F6E2066726F6D206E756C6C78
:10371000206973206E6F742076616C6964007B226F
:103720004837223A226F7574206837222C22494488
:10373000223A25642C22455252455552223A25738D
:103740007D0A004374726C5374617465007B22427D
:103750007573223A25642C224E616D65223A22252A
:1037600073222C2267656E7265223A222573222C01
:10377000224944223A25642C002244657061737307
:10378000656D656E7420647520627566666572226B
:103790002C226964223A25640049440022257322C0
:1037A0003A252E316600222573223A252E366700EF
:1037B000222573223A252E306600224A534F4E208E
:1037C00074726F70206C6F6E6720706F75722073EB
:1037D000706C697420656E2032222C226964223A52
:1037E00025640053617475726174656454656D700D
:1037F00050630041436170616369747900414374AF
:10380000726C54656D700053617475726174656497
:1038100054656D704100224865786120696E76615B
:103820006C696465222C2274797065223A222573B2
:10383000222C227265676973747265223A2225739D
:10384000222C226964223A25642C22627573223A62
:1038500025640022446570617373656D656E742222
:103860002C2274797065223A222573222C227265EB
:10387000676973747265223A222573222C22696467
:10388000223A25642C22627573223A256400225460
:1038900079706520696E74726F757661626C6522ED
:1038A0002C2274797065223A222573222C227265AB
:1038B000676973747265223A222573222C22696427
:1038C000223A25642C22627573223A25642C2276D2
:1038D000616C7565223A256C7500414B2D5043355E
:1038E0003531002530345800554E4B4E4F574E0061
:1038F000766563746F723A3A7265736572766500C5
:10390000766563746F723A3A5F4D5F7265616C6C95
:103910006F635F696E73657274006D61703A3A61CE
:10392000740076697472696E652B007669747269C9
:103930006E652D0043462B0043462D006261632BCC
:10394000006261632D007B224944223A2D32302CE3
:10395000224E616D65223A22736E785F6F6E5F63EF
:103960006F6E7369676E65222C226F6E5F76697465
:1039700072696E652B223A25642C226F6E5F766920
:103980007472696E652D223A25642C226F6E5F4336
:10399000462B223A25642C226F6E5F43462D223A35
:1039A00025642C226F6E5F6261632B223A25642CA2
:1039B000226F6E5F6261632D223A25647D0A0022C8
:1039C000427573206D616E7175616E74222C22696F
:1039D00064223A3939392C22656C656D656E742024
:1039E00030223A22220022427573206E6F6E206EC2
:1039F000756D657269717565222C226964223A3988
:103A000039392C22656C656D656E742030223A223E
:103A100025732200224944206D616E7175616E74B8
:103A2000222C226964223A3939392C22656C656D61
:103A3000656E742031223A222200224944206E6FA2
:103A40006E206E756D657269717565222C226964D0
:103A5000223A3939392C22656C656D656E742031D6
:103A6000223A2225732200454B4300225461696C9F
:103A70006C652064657320656C656D656E7473207C
:103A8000696E636F727265637465222C22696422A9
:103A90003A25640022466C6F6174206E6F6E20635D
:103AA0006F6E73656375746966222C227479706514
:103AB000223A222573222C2272656769737472651B
:103AC000223A222573222C2273756976616E742244
:103AD0003A222573222C226964223A25642C226220
:103AE0007573223A25640022466C6F617420696EFA
:103AF00076616C696465222C2274797065223A22A1
:103B00002573222C227265676973747265223A22CA
:103B10002573222C226964223A25642C2262757353
:103B2000223A256400446966666572656E7469614F
:103B30006C00226D616C666F726D65222C22696467
:103B4000223A3939392C226C696E65223A22257362
:103B50002200226E6220656C656D656E7473222C86
:103B6000226964223A3939392C226E62223A25645C
:103B70002C226C696E65223A2225732200636F75D0
:103B800074732000434F55545320004366537569A6
:103B9000665F3700454B43323032412D3031337848
:103BA0000064656661756C74006665726D650043DE
:103BB0006643617263617373655F38004C61626F65
:103BC000426F756368657269655F39004366437269
:103BD000656D657269655F31300043664E656742A9
:103BE0006F756C616E675F313800414B2D43433513
:103BF000352D30313778004366437265726D6572DA
:103C000069655F313900414B2D43433535302D30E7
:103C10003135780043664E656753536F6C5F3230C1
:103C200000414B2D4343353530412D303230780043
:103C300043664645744C6567756D655F3232004377
:103C4000664E656744726976655F323300454B4363
:103C5000333032442D303132780043664472697615
:103C6000655F3234004C61697446726169735F321A
:103C70003500414B2D43433535302D3031387800F8
:103C800043415252494552004D4554484F53203606
:103C9000332D4744203132350043686172637574B7
:103CA00046655F3236004D4554484F532036332D1C
:103CB0004744203337350043686172637574466545
:103CC0005F3237004D4554484F532036332D47441B
:103CD000203235300053616C6164655F32380054C6
:103CE000726169746575724C735F333000414B2D9E
:103CF0004343353235412D3031347800424F4E4EFA
:103D00004554204E4556455400534B594E53323579
:103D10000054726169746575724C735F333100547D
:103D2000726169746575724C735F333200534B591D
:103D30004E5333370054726169746575724C735F0A
:103D40003333005467436861726375745F333400C2
:103D50004C454F4E445433006F7576657274004382
:103D60006861726375744C735F33350043686172C8
:103D70006375744C735F33360043686172637574A6
:103D80004C735F3337005467426F756368657269BF
:103D9000655F333800426F756368657269654C739F
:103DA0005F333900426F756368657269654C735F94
:103DB000343000426F756368657269654C735F34B7
:103DC00031005467566F6C61696C6C655F3432000A
:103DD000566F6C61696C6C654C735F343300566F61
:103DE0006C61696C6C654C735F343400566F6C6148
:103DF000696C6C654C735F3435005467566F6C6149
:103E0000696C6C655F343600426F7563685472612B
:103E1000645F34380045505441004D55534E533380
:103E2000370043686172637574547261645F34393A
:103E30000043686172637574547261645F35300069
:103E40004D55534E5330340043686172637574545A
:103E50007261645F353100436176654A616D626FFE
:103E60006E5F353200414B2D43433535302D3031B7
:103E7000327800756E6B6E6F776E00434156452049
:103E800031004361766546726F6D6167655F3533FA
:103E900000434156452032004368617263757446A1
:103EA000655F3534004366506F6973736F6E5F35BD
:103EB0003700454B4332303244312D3031357800B4
:103EC0004C61626F506F6973736F6E5F3538005469
:103ED0006746726F6D6167655F35390046726F6D59
:103EE0006167654C735F36300046726F6D61676560
:103EF0004C735F36310046726F6D6167654C735F5E
:103F0000363200546746726F6D6167655F36330005
:103F10005961686F7572744C735F3634005961680B
:103F20006F7572744C735F3635005961686F7572C6
:103F3000744C735F3636005961686F7572744C73D8
:103F40005F3637005961686F7572744C735F36382D
:103F500000534B594C533337005961686F75727475
:103F60004C735F36390053757267506F7274655FBA
:103F700037300041504849533544005375726750FB
:103F80006F7274655F37310053757267506F72746A
:103F9000655F3732004150484953334400537572CE
:103FA00067506F7274655F3733004150484953342E
:103FB000440053757267506F7274655F37340053F5
:103FC000757267506F7274655F3735005467426170
:103FD00063537572675F373600544F314C2D54343C
:103FE00000426163537572675F373700544F524C1C
:103FF0002D3337005467426163537572675F3738FA
:1040000000546F7572426F756368657269655F37DA
:104010003900414B2D434335352D3031357800542F
:104020007261697465757253765F3830004B414C2C
:104030004E5332350054675472616974657572531A
:10404000765F3831004B414C4E5354350054726109
:10405000697465757253765F383200506F69737397
:104060006F6E53765F383300636F6E64656E736591
:1040700075722B0041737069506F7369746976654E
:104080005F31303000414B2D50433738312D3034C3
:10409000347800636F6E64656E736575722D0041D0
:1040A0007370694E656761746976655F31303100A0
:1040B000636C696D617469736174696F6E005361DB
:1040C0006C6C65444D616368696E655F31303200C8
:1040D000436C696D546762745F3130330030303641
:1040E0003400303036350030303636004D6178439C
:1040F00075746F75740030303637004D696E4375D6
:10410000746F7574003030363800446973704164E0
:104110006A4B00303036390054656D70556E6974E5
:1041200000303037310041646A75737453340030A5
:104130003037320041646A7573745333003030375E
:1041400035004D61696E53776974636800303037AC
:1041500039004D656C74506572696F64003030379A
:1041600041004D656C74496E74657276616C003007
:10417000303742005468657253342500303037437D
:1041800000546865726D4D6F6465003030374400CF
:1041900030303745004E69676874536574626163F7
:1041A0006B00303039370054684F66667365744B66
:1041B0000030314634004D696E4F6E54696D6500B4
:1041C00030314635004D696E4F666654696D650045
:1041D00030334538004465664D6574686F6400305F
:1041E0003345390044656653746F7054656D7000D3
:1041F0003033454100446566496E74657276616C82
:104200000030334542004D617844656654696D6500
:1042100000303345430054696D655374616767002E
:104220003033454400447269704F666654696D6569
:1042300000303345450046616E53746172745465B5
:104240006D7000303345460046616E537461727480
:1042500044656C00303346300046616E44757269C7
:104260006E674465660030334631004465665374BA
:104270006F7053656E7300303346330053355465A9
:104280006D70003033463500303346410050756D57
:104290007044776E44656C0030334643004D61785E
:1042A0005468657252756E5400303430370044697A
:1042B0007361626C65446566003034304300446568
:1042C00066726F73745374617465003034423100E8
:1042D00044656631487200303442320044656632CB
:1042E000487200303442330044656633487200300F
:1042F000344234004465663448720030344235003C
:10430000446566354872003034423600446566368E
:104310004872003034424200446566314D696E0097
:104320003034424300446566324D696E0030344299
:104330004400446566334D696E00303442450044A4
:104340006566344D696E003034424600446566351A
:104350004D696E003034433000446566364D696EF9
:1043600000303545310046616E53746F7054656D91
:104370007000303545320046616E50756C73654D86
:104380006F646500303545330046616E4379636C78
:104390006500303545340046616E4F6E250030377C
:1043A00044300044656C61794F664F75747000301D
:1043B00037443100446931436F6E666967003037B6
:1043C000443200303744370030374442004F726483
:1043D00065724E6F4C6F7700303744440041636321
:1043E000436F646500303744450053656E736F72E8
:1043F000436F6E6669670030374534004D61784819
:104400006F6C6454696D65003037453500446973DD
:1044100070533425003037453600486F6C64416670
:104420007465724465660030374631004D617854DA
:1044300072616E73507265730030374632004D6999
:104440006E5472616E73507265730030374645006A
:104450005265736574416C61726D0030383037009D
:10446000446932436F6E6669670030383039004CFA
:1044700069676874436F6E66696700303830410061
:104480004C6967687452656D6F74650030383230FE
:1044900000416363436F6465320030383433004455
:1044A0006933436F6E666967003038343800446F93
:1044B0006F72496E6A537461727400303834390017
:1044C0004D6F6465466F72636564436C00303836C7
:1044D00032004C696768744D733D6F666600303812
:1044E000363300416C52656C436F6E660030394361
:1044F0004300446566726F737454696D65003039AA
:10450000434500436F6D70310030394346004661CA
:104510006E52656C617900303944300044656652F2
:10452000656C6179003039453000303945320030F2
:1045300039453300303945340030394535004E694E
:10454000676874436F6E6400303945370053757087
:10455000657268656174526566003039453800538C
:10456000757065726865617400303945390030399D
:104570004542005468657252756E74696D6500300D
:1045800039454400456B634572726F72003039459E
:10459000460045766170507265737350650030391E
:1045A0004630004576617054656D70546500303951
:1045B0004637005265667269676572616E740030D5
:1045C0003946430044693253746174757300304155
:1045D000313000446973706C617941697200304117
:1045E000313200416C61726D416972003041313786
:1045F00000416C61726D52656C61790030413138F7
:10460000004C6967687452656C61790030413245CD
:10461000005261696C447574796325003041333010
:10462000004469335374617475730030413334004E
:10463000304133350030413443003041354100438F
:104640006173655368757464776E0030424335005A
:104650004D6F7054656D700030424337004D617886
:104660005368003042434200416B76506572696F77
:1046700064004D696E536800466F72636564436CF5
:104680006F73650032373132003237313300446F97
:104690006F724F70656E44656C0032373232005075
:1046A000756C6C646F776E44656C00323732330022
:1046B000486967684C696D4169720032373234006D
:1046C0004C6F774C696D416972003237324300415B
:1046D0006C44656C61794469310032373244004181
:1046E0006C44656C6179446932003237333500417E
:1046F0006C61726D5334250034453230004374725E
:104700006C4661756C7400344532310052746345F7
:1047100072726F7200344532320050654572726FAA
:104720007200344532330053324572726F72003476
:104730004532340053334572726F7200344532355E
:104740000053344572726F7200344532360053356F
:104750004572726F72003445323700486967685499
:10476000656D70416C61726D0034453238004C6F7C
:104770007754656D70416C61726D0034453239005B
:10478000446F6F72416C61726D0034453241003488
:1047900045324200496E6A65637450726F6200343C
:1047A000453243004E6F52666753656C00344532A4
:1047B0004400446931416C61726D003445324500FA
:1047C000446932416C61726D005374616E64627948
:1047D0004D6F64650034453330003030383300436A
:1047E00075746F75743200303041350041646A75FC
:1047F000737453334200303042340041646A75733D
:104800007453360030304236005468657253342594
:104810004E6774003030423700486561744E7A004C
:104820003030423800486561747374617274646535
:104830006C00303044380053344D696E4C696D0063
:1048400030314639005374657044656C61790030CD
:1048500031464300537465704D6F646500303346D4
:104860004200447261696E44656C6179004D617803
:104870007468657272756E7400303430350030348F
:10488000304200416441697274756E696E67003030
:1048900034304400486F74676173696E6A64656C94
:1048A000003034304600466C61736867617373652D
:1048B0006E73003034313100416444656652657175
:1048C0000030343132004D63446566537461727454
:1048D0000030343135005261696C6841744465665A
:1048E000003034323200446973704444656C0030E7
:1048F0003432330044656646616E53746F70003025
:104900003432340044656653746F7000303432358D
:10491000004D696E44656C74615400303432360069
:1049200042744C6F636B003034323700416453651E
:104930006E736500303442300044656653636865C9
:1049400064756C650030344335004D6F6E53636899
:104950006564756C65003034433600547565536387
:10496000686564756C65003034433700576564537F
:1049700063686564756C650030344338005468754D
:104980005363686564756C65003034433900467262
:10499000695363686564756C650030344341005346
:1049A00061745363686564756C650030344342001C
:1049B00053756E5363686564756C65004D617874FA
:1049C00072616E7370726573004D696E7472616EA0
:1049D0007370726573003037463700416F314D692F
:1049E0006E566F6C74003037463800416F314D6140
:1049F00078566F6C7400303830380043617365430B
:104A00006C65616E0030383043005261696C684FEC
:104A10006E646179250030383044005261696C68F9
:104A20004F6E6E6774250030383045005261696CF6
:104A3000684379636C650030383144004170706CB4
:104A40004D6F64650030383434005261696C684DD4
:104A50006F6465003038343500446577704D696E99
:104A60004C696D003038343600446577704D61789C
:104A70004C696D0030383437005261696C4D696E95
:104A80004F6E250046616E466F72636564436C002D
:104A90007462645F30383539003038354100416325
:104AA00074446577706F696E740030383631004435
:104AB0006973706C4374726C004C696768744D73F1
:104AC0003D4F6666003038383000426C696E646F66
:104AD00070656E74696D003038383300426C696EF1
:104AE0006466616E73746F700030383938005261DB
:104AF000696C6379636C6570776D003038393900A3
:104B00005266676661634B31003038394100526646
:104B1000676661634B32003038394200526667661F
:104B200061634B33003038394400446F32436F6E59
:104B3000666967003038394500446F33436F6E66ED
:104B40006967003038394600446F34436F6E6669D8
:104B500067003038413000446F35436F6E666967D7
:104B6000003038413100446F36436F6E666967002C
:104B70003038413400416F31436F6E6669670030F1
:104B8000384136005268437574696E53700030388E
:104B90004137005268446966660030384138005237
:104BA00068486967686C696D616C0030384139002C
:104BB00052684C6F776C696D616C00303841410010
:104BC0005268416C44656C61790030384142005252
:104BD000684374726C6174646566003038414300E8
:104BE00052684D696E56616C7565003038414400FD
:104BF00052684D617856616C7565003038414500EA
:104C00004565764F6425003038414600436F6D702E
:104C100072312F6C6C73760030384230003038427D
:104C2000310030384232005261696C6852656C6103
:104C30007900303842330030384234003038423561
:104C40000053756374696F6E76616C7665003038F9
:104C5000423600436F6D70723252656C617900307C
:104C600038423700486F7467617356616C7665002F
:104C70003038423800426C696E647352656C6179F9
:104C800000303842390044656652656C6179320003
:104C900030384241004865617452656C617900307A
:104CA0003842420046616E45636F0030384243002F
:104CB000447261696E56616C76650030384244001A
:104CC000526852656C617900303842450052616922
:104CD0006C6865617450776D0030384246004869F1
:104CE00054656D705072696F0030384330004C6FFE
:104CF00054656D705072696F0030384331005365F0
:104D00006E736F725072696F0030384332004469BD
:104D1000616C61726D5072696F00303843330044CA
:104D20006566726F73745072696F00303843340077
:104D30004D6973635072696F003038433500496EB6
:104D40006A6563745072696F00303843360043748B
:104D5000726C6F66665072696F0030384337004C72
:104D600065616B5072696F00303843380048756D6B
:104D700069645072696F0030384339004D7574654D
:104D8000416C61726D003038434100466F6F64536F
:104D9000656E736F72003038434300526573746FF1
:104DA00072654D6F6465003038434400436F6F6C2B
:104DB000696E6773746174650030384435005268F9
:104DC00046756E6374696F6E003038443600303853
:104DD000443700446568756D696469666965720089
:104DE000303844380052684D617854656D70003039
:104DF0003844390052684D696E54656D7000303822
:104E00004441004C6C73764F666644656C003039E3
:104E1000433500436F6D70312F4C6C737600303921
:104E20004634005266674661634131003039463589
:104E3000005266674661634132003039463600529F
:104E40006667466163413300303946390030394680
:104E500041003039464200533654656D7000304190
:104E60003043004C6F6164466163746F720030417F
:104E700031330030413139003041314300436F6DEF
:104E8000703252656C6179003041323300533554D1
:104E9000656D7042003041323400533341697274A1
:104EA000656D70420030413238003041324100308F
:104EB0004132420044656652656C6179420030417E
:104EC00032440030413246005468657242616E647B
:104ED000003041333700446577506F696E7400309D
:104EE0004134340041645374617465003041343698
:104EF000004661756C74696E6469633100304134D9
:104F000037004E657761697274756E76616C00303A
:104F100041343800466C476173496E6469630074BC
:104F200062645F304134390030413441005463746D
:104F3000656D706D65616E0030413442005463549C
:104F4000656D7041766500304135380041636344DA
:104F50006566726F737400304135390030413646F2
:104F600000416C61726D416972420030413730001E
:104F7000446973706C617941697232003041373233
:104F8000003041374100436F6D6D53746174757328
:104F9000003041374300304137460052684C657657
:104FA000656C2500304138300048756D696469666C
:104FB0006965720030413831003041384500466F34
:104FC0006F6454656D700030413846004465665327
:104FD000746F7074656D700030414143003041441E
:104FE00030003041443100304244320053684D6F4C
:104FF00064650030424433005368436C6F7365004E
:105000003042453400466F72636564436F6F6C00D5
:1050100030424632004D7472546E53656300304224
:105020004633004D74724B70666163746F7200306A
:105030004333370041666964656E74666F726365F9
:1050400000304333380053684B704D696E00304375
:1050500033390053684B704D617800304333410061
:105060005368546E00304333440054652D676169C2
:105070006E00304333450041666964656E740030EC
:10508000433346004D61784F64250030433441007E
:1050900054686572746F67676C6500304334420012
:1050A0004C6F61647265710030433444004D634C51
:1050B00069714374726C0030433446004D617874FA
:1050C000656F666673657400304335300053684D14
:1050D00061784C697100304335310053684D696E19
:1050E0004C69710030433533005368436C6F73650E
:1050F0004C6971003043353400416363436F64652C
:10510000310031353930004661756C74696E6469FF
:1051100063300031353932004661756C74696E64F4
:105120006963320031353938004164696E747374D3
:1051300061746500313541360054696D65636F6E89
:1051400073746C7066003135414200446566726F5D
:1051500073746F7574003135414400416972747520
:105160006E6576616C720031354145004963656C4E
:105170006576656C003237323500486967684C697E
:105180006D324169720032373236004C6F774C69AC
:105190006D32416972003237323700486967684CB6
:1051A000696D3153360032373238004C6F774C69B5
:1051B0006D315336003237323900486967684C69BF
:1051C0006D3253360032373241004C6F774C696D87
:1051D000325336003237324200416C44656C61799B
:1051E000533600323734350050756C6C4444656C6E
:1051F0005336003237343600416C44656C533342C9
:10520000003237373000533646756E6374696F6EFF
:1052100000436F6E74724572726F7200533645723E
:10522000726F720053334572726F7242005335458C
:1052300072726F7242005268496E70757445727274
:10524000004869676854416C61726D004C6F775417
:10525000416C61726D004D6178486F6C6474696D6A
:1052600065004869676854656D705336003445338E
:1052700031004C6F7754656D7053360034453332CE
:10528000003445333300344533340034453336007D
:105290004869676854656D7042004C6F7754656D5E
:1052A0007042003445333800436F32416C61726D97
:1052B000003445333900526566674C65616B0034D4
:1052C0004533410034453342004C6F7748756D6972
:1052D0006469747900344533430057726F6E6749CF
:1052E0006F43666700344533440041644963656435
:1052F0000034453345004164466C617368676173EF
:10530000003445334600344534300046616E536105
:10531000666574790034453431004472697665728B
:10532000416C61726D0046413335004D616B6546DD
:105330006163746F727900303037340041646A758C
:105340007374533500303038300041646A757374BB
:10535000533200303044320044696666546832008B
:105360003032324200436D7032496E546832003040
:10537000343130004D696E44656654696D650030A6
:105380003431360044656673746F7074656D7032C5
:105390000030343137004D617864656674696D653D
:1053A00032004B65792F62744C6F636B003034327E
:1053B00038004F696C5265636F76003039333100C5
:1053C00053703154656D7000303933320053703191
:1053D0004B6F686D0030393333005370314F686D57
:1053E00000303933340053703254656D70003039F9
:1053F0003335005370324B6F686D003039333600EF
:105400005370324F686D0030393337005370335466
:10541000656D700030393338005370334B6F686DF1
:105420000030393339005370334F686D00303933F1
:1054300041004F696C5265634D6F646500303933CC
:1054400042004F696C5265634D61780030393343D7
:10545000004F696C5265634F6425005F416B764F66
:105460006425004E6F4F66416C61726D7300304170
:1054700043450048696768416C4C696D00304143A1
:1054800046004C6F77416C4C696D003043333600F9
:105490005468647574796379636C65003043334292
:1054A00000536842616E64003043334300502D471F
:1054B00061696E0030433432005332537461626963
:1054C0006C6974790030433537004C6F636B6469E5
:1054D00073706B65790030433632004F64537461EA
:1054E00074757300304336330041637464757479A6
:1054F0006379636C6500304336340053325374640F
:10550000446576007462645F32373131005F447302
:1055100064446567526571003037443300537756F1
:10552000657273696F6E003038344200446973707D
:105530006C4D656E7532005F526567436F6E640037
:10554000546354656D704D65616E00416B76446FB8
:10555000250041644661756C740041644E6F74446B
:10556000656672003034303600416452657365748C
:10557000003039454100533154656D700030394673
:1055800032005F54656D70526566005F416363442D
:105590006566536B6970003042424300546E53009D
:1055A000304243340053746172744F6425003042BA
:1055B000433800416B7644696D00304243390053F3
:1055C00074617274557054696D65003042434300D4
:1055D000476C69646500304245430050652F733164
:1055E00053656C6563740053314572726F7200418C
:1055F0004B2D43433535302D3031397800414B2D1B
:1056000043433535302D412D30313278005F4375BD
:10561000746F757454656D7000414B2D434335357F
:10562000302D412D3031357800414B2D43433535F8
:10563000302D412D3031387800414B2D43433535E5
:10564000302D412D30313978005F437574696E54C7
:10565000656D700053686D6178466C6F6F640053C0
:10566000686D696E466C6F6F6400414B2D43433526
:105670003553432D30313778007462645F303346E0
:105680003400414B2D50433535312D303136320009
:1056900030373643005F416C61726D52656730414F
:1056A000646472007462645F304242380074626401
:1056B0005F30424330007462645F304243360074AE
:1056C00062645F30424341007462645F304243452C
:1056D000007462645F30424430007462645F304240
:1056E0004435007462645F304244440030424537C0
:1056F000005F41536574706F696E74007462645F1B
:1057000030433144007462645F304342330074625A
:10571000645F30434237007462645F304342390053
:105720007462645F30434245007462645F30434397
:105730003200414B2D50433535312D303136330059
:105740007462645F30424439007462645F30424482
:1057500042007462645F304342300030443345009D
:10576000414B2D50433535312D30313730005F4EB0
:10577000696768744F6666736574005F4469315386
:105780007461747573005F54686572416972005F7B
:10579000533254656D70005F416C61726D44656C8D
:1057A0006179007462645F344533350030303032E3
:1057B0000044706F4F66667365744B003030303351
:1057C00000436F6E73756D3500303030340030300B
:1057D0003035005374617274436170616369747928
:1057E0000030303036003030303700303030380064
:1057F000437574496E50726573737572650030300D
:1058000030390030303041003030304200303030FC
:1058100043004374726C526566003030304400308F
:10582000303045004C6F77416C61726D4C696D6929
:1058300074003030304600303031300048696768DD
:10584000416C61726D4C696D6974003030313100AA
:1058500030303132004C6F77416C61726D44656C51
:10586000617900303031330048696768416C61729A
:105870006D44656C617900303031340032536166BB
:105880006574790030303135004F70656E54696D44
:105890006535003030313600335361666574790008
:1058A00030303137005368723800303031380034CE
:1058B0005361666574790030303139005368723352
:1058C0000030303141003553616665747900303005
:1058D0003142004C6F77416C61726D003030314362
:1058E0000048696768416C61726D00303031440076
:1058F000416C61726D56696E707574330030303171
:105900004500303031460041637475616C496E70FA
:1059100075740030303230005265666572656E63B2
:105920006500303032310050756D705370656564BC
:10593000003030323200437574496E44656C6179D1
:1059400000303032330030303234004374726C44F3
:10595000744F7246697865640030303235003030FB
:105960003236003030323700303032380052657114
:105970007565737444656C6179003030323900307C
:105980003032410053656E736F724572726F7200F0
:105990003030324200436F6E644361702500303016
:1059A000324300416972466C6F77003030324500F7
:1059B000303032460048724F66667365740030308E
:1059C00033300030303331004D616E75616C4F649F
:1059D0000030303332004C6F774F696C4C766C007E
:1059E00030303334004F757470757456616C756562
:1059F000003030333500416C61726D5374617465F1
:105A0000003030333600536570617261746F7241DB
:105A10006C61726D003030333800303033410043F8
:105A20006F6E74726F6C4D6F64650030303343007D
:105A30004D616E75616C4F76657272696465003098
:105A400030334500486561744369726375697473E6
:105A50000030303444003843617061636974790008
:105A600030303445004F757470757454797065002A
:105A70003030344600303035300030303531003091
:105A80003035320056736453616665747900303086
:105A9000353400436F6E74726F6C2F5265636569A5
:105AA0007665720030303538004374726C5479700A
:105AB000655050690030303542004374726C4D6F50
:105AC00064650030303543003030383200546F4E5A
:105AD000657874436F6D700030304139003030416B
:105AE000430052657475726E4379636C6573003060
:105AF0003042320053746F70436F6E74726F6C007B
:105B000030304442004F66536570617261746F7249
:105B10007300303044440041637469766174656495
:105B200000303039360054684F6666736574003053
:105B300032313400436D7052656C61794E630030D0
:105B4000334644004375746F757453356469660059
:105B50005F41644D6F646500303832330053354324
:105B60006F6E6669670030383235005F53334169C4
:105B70007254656D70005F533441697254656D7085
:105B80000030413144005361697254656D700030DA
:105B900041314600446F3445746174007462645F3F
:105BA00030424344003237333600436F6E645465ED
:105BB0006D70416C0054656D70486175746500418D
:105BC0006C61726D654261737365007462645F3409
:105BD00045324600454B43323032442D3032317825
:105BE00000454B43323032442D3032327800303071
:105BF00043360044744E75697400303544430046A2
:105C0000616E53746F70436F0030354446004661D7
:105C10006E44656C436F00304135320052656769F0
:105C20006D654E75697400323733320043666741E3
:105C30006C6D416972003237343900486967684CCD
:105C4000696D53330032373441004C6F774C696DC6
:105C50005333005333733473776974636865640036
:105C6000454B43333032442D303131780074626417
:105C70005F34453337003032314300457874526524
:105C80006C61790030383236004D6F646541707058
:105C90006C69007B224944223A2D312C22726562C4
:105CA0006F6F74223A312C224D4355223A226F7580
:105CB00074206837222C2276657273696F6E223ADF
:105CC000222573227D0A007B224944223A2D312C61
:105CD000227265626F6F74223A302C224D43552236
:105CE0003A226F7574206837222C227665727369A8
:105CF0006F6E223A222573227D0A007C257300559F
:105D00004E4B00504F520050494E00424F520053EC
:105D1000465400495744470057574447004C505792
:105D200052006E6F6E65007B224944223A2D33315A
:105D30002C2252223A222573222C2246223A222554
:105D400073222C2253223A25752C224D223A256C9F
:105D5000752C225043223A222530386C58222C22AE
:105D60004C52223A222530386C58222C2243223AB7
:105D7000222530386C58222C2248223A22253038ED
:105D80006C58222C224D4D223A222530386C582254
:105D90002C2242223A222530386C58227D0A007B80
:105DA000224944223A2D33312C2252223A222573A1
:105DB000222C2246223A222573222C2253223A25D3
:105DC000752C224D223A256C757D0A0048415244BB
:105DD000004D454D00425553005553414745004E37
:105DE0004D49004552520062617369635F7374727A
:105DF000696E673A3A617070656E64007B2249444F
:105E0000223A2D33322C225374617469737469639E
:105E1000456C656D656E74223A256C757D0A006E61
:105E2000756C6C00252E2A66005C753030007B2274
:105E30004944223A2D33332C226964223A25752CA9
:105E400022646576696365223A22736E78222C2279
:105E50004E616D65223A0064657461696C735F0020
:105E60002C2267656E7265223A002C2273636F7272
:105E7000655F6E69676874223A002C2273636F72E3
:105E8000655F646179223A002C2273636F72655FEB
:105E90007765696768746564223A002C226E6F74B6
:105EA000655F6E69676874223A002C226E6F7465B4
:105EB0005F646179223A002C226E6F74655F676CB3
:105EC0006F62616C223A002C22736176696E6722E0
:105ED0003A002C226E756D5F646566726F73742272
:105EE0003A256C752C22636F6E645F6E6967687407
:105EF000223A007B224944223A25642C22646576AA
:105F0000696365223A22736E78222C224E616D6598
:105F1000223A222573222C2254595045223A2268D3
:105F20006973746F7269717565222C224441544102
:105F3000223A7B002C222564223A256C75007D2CA8
:105F40002273636F72655F746F74616C223A252EE1
:105F50003666002C226E6F74655F746F74616C22FC
:105F60003A252E3666002C2273636F72655F64617A
:105F700079223A252E3666002C226E6F74655F6496
:105F80006179223A252E3666002C2273636F726582
:105F90005F6E69676874223A252E3666002C226E81
:105FA0006F74655F6E69676874223A252E366600E5
:105FB0002C22636F6E645F6E69676874223A2225D3
:105FC0007322002C22637574696E5F646179223AD2
:105FD000252E3166002C22637574696E5F6E6967C9
:105FE0006874223A252E3166002C226375746F7511
:105FF000745F646179223A252E3166002C22637524
:10600000746F75745F6E69676874223A252E316605
:10601000002C226E756D5F646566726F7374223A30
:10602000256C75002C22746F74616C223A256C7596
:10603000002C227469636B223A256C75002C226354
:106040006F7574223A252E36660073696D752000CF
:1060500053494D5520006F7569006E6F6E007B22AD
:106060004944223A2D32352C224E616D65223A2266
:10607000736E785F636F6E666967222C227669742F
:1060800072696E652B223A7B226F75766572742277
:106090003A25642C226665726D65223A25647D2C52
:1060A000226E625F76697472696E652D223A25648C
:1060B0002C226261632B223A7B226F7576657274A3
:1060C000223A25642C226665726D65223A25647D2C
:1060D0002C226E625F6261632D223A25642C226E4F
:1060E000625F43462B223A25642C226E625F434650
:1060F0002D223A25642C22636F6E645F6E69676897
:10610000745F43462B223A256C752C22636F6E64B4
:106110005F6E696768745F43462D223A256C752C63
:1061200022636F6E645F6E696768745F766974720C
:10613000696E652B223A256C752C22636F6E645F45
:106140006E696768745F76697472696E652D223A4C
:10615000256C752C22636F6E645F6E696768745F6F
:106160006261632B223A256C752C22636F6E645F2B
:106170006E696768745F6261632D223A256C757D74
:106180000A007B224944223A2D32362C224E616D80
:1061900065223A22736E785F766F6C756D65222C7E
:1061A00022746F74616C5F766F6C756D65223A2531
:1061B0006C752C22766F6C756D652B223A256C758B
:1061C0002C22766F6C756D652D223A256C752C220C
:1061D000766F6C756D65223A7B2276697472696E92
:1061E000652B223A256C752C2276697472696E656E
:1061F0002D223A256C752C226261632B223A256C84
:10620000752C226261632D223A256C752C2243463F
:106210002B223A256C752C2243462D223A256C758B
:106220007D7D0A00223A5B007B224E616D65223A39
:106230002200222C2273636F7265223A00252E34CD
:1062400066007D0063616E6E6F74206372656174B9
:1062500065207374643A3A766563746F72206C617A
:1062600072676572207468616E206D61785F736912
:106270007A652829007B224944223A2D32372C2284
:10628000646576696365223A22736E78222C224E09
:10629000616D65223A2272616E6B696E67222C22F3
:1062A00054595045223A2272616E6B696E67222CF6
:1062B0002244415441223A7B007B224944223A2D18
:1062C00032382C22646576696365223A22736E78CF
:1062D000222C224E616D65223A22636F75745F67CE
:1062E000726F75706573222C2254595045223A22E0
:1062F000636F7574222C22636F75745F63662B2243
:106300003A252E32662C22636F75745F63662D22E8
:106310003A252E32662C22636F75745F766974722B
:10632000696E652B223A252E32662C22636F7574B6
:106330005F76697472696E652D223A252E32662C5D
:1063400022636F75745F6261632B223A252E326679
:106350002C22636F75745F6261632D223A252E32A1
:10636000662C22636F75745F706F73223A252E322C
:10637000662C22636F75745F6E6567223A252E3234
:10638000662C22636F75745F746F74616C223A259A
:106390002E32667D0A007B224944223A2D32392C66
:1063A00022646576696365223A22736E78222C2214
:1063B0004E616D65223A2267726F75705F73636F0D
:1063C00072657322002C2273636F72655F00226E08
:1063D0006F6E22007B224944223A2D33302C2264F6
:1063E0006576696365223A22736E78222C224E61AB
:1063F0006D65223A2272616E6B696E67222C22549F
:10640000595045223A2272616E6B696E67220066AE
:106410006C6173680068656C70007B224944223AA5
:106420002D333530302C224E616D65223A22666C58
:106430006173685F68656C70222C22636F6D6D619B
:106440006E6473223A22666C61736820736C6F7499
:10645000737C666C6173682073796E63203C62752F
:10646000733E205B74696D656F75745F6D735D7CE1
:10647000666C617368207772697465203C6275731D
:106480003E205B736C6F745D7C666C617368206A20
:10649000756D70203C6275733E222C226E6F7465A0
:1064A000223A22736C6F74206F6D69747465642076
:1064B0006D65616E73207468652072656164792012
:1064C00073746167656420696D61676520666F72CA
:1064D0002074686174206275732C206F7468657213
:1064E0007769736520612067656E657269632073E3
:1064F000746167656420696D6167652069732075E3
:1065000073656420696620617661696C61626C659F
:10651000227D0A00736C6F7473007B224944223A17
:106520002D333530302C224E616D65223A22666C57
:106530006173685F736C6F74222C22736C6F7422AA
:106540003A25752C22627573223A25752C227265C4
:10655000616479223A25752C2273697A65223A257D
:106560006C752C226372633332223A256C757D0A76
:10657000007B224944223A2D333530312C224E61A2
:106580006D65223A22666C6173685F6572726F7224
:10659000222C226572726F72223A22696E76616CC9
:1065A00069645F627573227D0A0073796E63007B94
:1065B000224944223A2D333530322C224E616D650A
:1065C000223A22666C6173685F73796E63222C22B3
:1065D000627573223A25752C227374617475732267
:1065E0003A222573227D0A007B224944223A2D3328
:1065F0003530312C224E616D65223A22666C617312
:10660000685F6572726F72222C226572726F7222DD
:106610003A22696E76616C69645F74696D656F7545
:1066200074222C22627573223A25757D0A007772D6
:10663000697465007B224944223A2D333530312C70
:10664000224E616D65223A22666C6173685F6572E5
:10665000726F72222C226572726F72223A22696EF8
:1066600076616C69645F736C6F74222C226275733F
:10667000223A25757D0A007B224944223A2D333582
:1066800030312C224E616D65223A22666C6173684E
:106690005F6572726F72222C226572726F72223A7B
:1066A00022736C6F745F6E6F745F726561647922C0
:1066B0002C22627573223A25757D0A007B2249449B
:1066C000223A2D333530312C224E616D65223A222B
:1066D000666C6173685F6572726F72222C226572DC
:1066E000726F72223A2277726974655F6661696CB3
:1066F0006564222C22627573223A25752C22736CF4
:106700006F74223A25752C22737461747573223A62
:10671000222573227D0A007B224944223A2D3335FB
:1067200030342C224E616D65223A22666C617368AA
:106730005F7772697465222C22627573223A25751F
:106740002C22736C6F74223A25752C227374617439
:106750007573223A226F6B227D0A006A756D700094
:106760007B224944223A2D333530352C224E616D3F
:1067700065223A22666C6173685F6A756D70222CBF
:1067800022627573223A25752C22737461747573B5
:10679000223A222573227D0A007B224944223A2D87
:1067A000333530312C224E616D65223A22666C61A0
:1067B00073685F6572726F72222C226572726F72DB
:1067C000223A22756E6B6E6F776E5F636F6D6D61CF
:1067D0006E64222C22636F6D6D616E64223A2225F5
:1067E00073227D0A006F6B00686F6C6400737461C4
:1067F000727400225C2F62666E727400766572732A
:10680000696F6E007B22433033312D31223A2225CD
:1068100073222C22433033312D32223A2225732227
:106820002C22433033312D33223A222573222C225D
:106830004837223A222573227D0A0074727565005A
:1068400066616C736500EFBBBF0062617369635F73
:10685000737472696E673A3A5F535F636F6E7374F5
:1068600072756374206E756C6C206E6F7420766127
:106870006C69640063616E6E6F742063726561742D
:1068800065207368696D20666F7220756E6B6E6F20
:10689000776E206C6F63616C653A3A66616365740C
:1068A00000756E696E697469616C697A6564205FF0
:1068B0005F616E795F737472696E670025733A2049
:1068C0005F5F706F73202877686963682069732041
:1068D000257A7529203E20746869732D3E73697A84
:1068E0006528292028776869636820697320257ADC
:1068F00075290062617369635F737472696E673AC8
:106900003A636F70790062617369635F737472696F
:106910006E673A3A5F535F637265617465006261E6
:106920007369635F737472696E673A3A6572617313
:10693000650062617369635F737472696E673A3A86
:106940005F4D5F7265706C6163655F617578006251
:10695000617369635F737472696E673A3A617373E6
:1069600069676E0062617369635F737472696E67F1
:106970003A3A726573697A65007072696E74006381
:106980006E74726C007570706572006C6F776572F2
:1069900000616C7068610070756E63740078646982
:1069A00067697400616C6E756D0067726170680074
:1069B00062617369635F737472696E673A3A696E94
:1069C0007365727400252E2A4C6600256D2F256490
:1069D0002F25790025483A254D0025483A254D3A7E
:1069E00025530062617369635F696F733A3A636C40
:1069F0006561720062617369635F737472696E6767
:106A00003A3A5F4D5F6372656174650062617369F4
:106A1000635F737472696E673A3A7265706C616332
:106A2000650062617369635F737472696E673A3A95
:106A30005F4D5F7265706C6163650062617369636D
:106A40005F737472696E673A3A62617369635F7308
:106A50007472696E670062617369635F73747269EF
:106A60006E673A3A73756273747200254C66006CF7
:106A70006F63616C653A3A66616365743A3A5F5375
:106A80005F6372656174655F635F6C6F63616C65A2
:106A9000206E616D65206E6F742076616C69640094
:106AA0002D2B7858303132333435363738396162EE
:106AB00063646566303132333435363738394142B4
:106AC00043444546002D2B78583031323334353627
:106AD0003738396162636465664142434445460024
:106AE0002D3031323334353637383900474D540084
:106AF00048535400414B535400505354004D535489
:106B0000004353540045535400415354004E5354D2
:106B1000004345540049535400454554004A5354DA
:106B200000414D00504D0025493A254D3A2553204E
:106B300025700053756E646179004D6F6E646179E4
:106B40000054756573646179005765646E6573649C
:106B50006179005468757273646179004672696482
:106B600061790053617475726461790053756E00C8
:106B70004D6F6E005475650057656400546875006C
:106B800046726900536174004A616E7561727900E2
:106B90004665627275617279004D61726368004189
:106BA0007072696C004D6179004A756E65004A75B6
:106BB0006C79004175677573740053657074656D09
:106BC000626572004F63746F626572004E6F766526
:106BD0006D62657200446563656D626572004A614D
:106BE0006E00466562004D617200417072004A7528
:106BF0006E004A756C0041756700536570004F6305
:106C000074004E6F760044656300696F737472653B
:106C1000616D00696F73747265616D206572726F6A
:106C20007200556E6B6E6F776E206572726F7200B8
:106C300067656E65726963002E005245454E5420AB
:106C40006D616C6C6F632073756363656564656407
:106C5000002F6275696C642F676E752D746F6F6C91
:106C6000732D666F722D73746D33325F31332E3333
:106C70002E72656C312E32303235303532332D3054
:106C80003930302F7372632F6E65776C69622F6EA7
:106C900065776C69622F6C6962632F7374646C69C9
:106CA000622F62746F77632E63002F6275696C6464
:106CB0002F676E752D746F6F6C732D666F722D73E9
:106CC000746D33325F31332E332E72656C312E3258
:106CD000303235303532332D303930302F737263E6
:106CE0002F6E65776C69622F6E65776C69622F6CA9
:106CF0006962632F7374646C69622F7763746F6267
:106D00002E6300626C616E6B00494E4600696E66D0
:106D1000004E414E006E616E0030313233343536F4
:106D20003738396162636465660065256C640025E7
:106D300073252E2A6400257325302E2A64002532FF
:106D40006400252E32642F252E32642F252E3264C6
:106D500000592D256D2D2564002E2A7500252E3312
:106D60006400252E316400256C6C6400252E32648D
:106D70003A252E32643A252E32640025652D25628F
:106D80002D2500252B30336C64252E326C64005485
:106D90005A002531315B2D2B302D39412D5A612D73
:106DA0007A5D256E002531315B412D5A612D7A5D6A
:106DB000256E004D256875256E2E256875256E2E6D
:106DC000256875256E002F256875256E3A2568752E
:106DD000256E3A256875256E00504F534958002599
:106DE000612025622025652025483A254D3A255306
:106DF0002025590025612025622025652025483A57
:106E0000254D3A255320255A202559006D64002C24
:106E10002066756E6374696F6E3A200061737365E6
:106E20007274696F6E2022257322206661696C6519
:106E3000643A2066696C6520222573222C206C69D7
:106E40006E65202564257325730A00496E66696E98
:106E5000697479004E614E002F6275696C642F670A
:106E60006E752D746F6F6C732D666F722D73746DEC
:106E700033325F31332E332E72656C312E32303225
:106E800035303532332D303930302F7372632F6EF9
:106E900065776C69622F6E65776C69622F6C6962C9
:106EA000632F7374646C69622F64746F612E630066
:106EB00042616C6C6F6320737563636565646564C0
:106EC000002F6275696C642F676E752D746F6F6C1F
:106ED000732D666F722D73746D33325F31332E33C1
:106EE0002E72656C312E32303235303532332D30E2
:106EF0003930302F7372632F6E65776C69622F6E35
:106F000065776C69622F6C6962632F7374646C6956
:106F1000622F6764746F612D6765746865782E638E
:106F2000002F6275696C642F676E752D746F6F6CBE
:106F3000732D666F722D73746D33325F31332E3360
:106F40002E72656C312E32303235303532332D3081
:106F50003930302F7372632F6E65776C69622F6ED4
:106F600065776C69622F6C6962632F7374646C69F6
:106F7000622F6D707265632E6300232D302B20000D
:106F8000686C4C0065666745464700412D46612D9B
:106F900066383930313233343536375D002B2D00C9
:106FA00078580053756363657373004E6F74206F78
:106FB000776E6572004E6F20737563682066696C2A
:106FC00065206F72206469726563746F7279004E18
:106FD0006F20737563682070726F63657373004907
:106FE0006E746572727570746564207379737465FC
:106FF0006D2063616C6C00492F4F206572726F7257
:10700000004E6F2073756368206465766963652040
:107010006F72206164647265737300417267206CE3
:1070200069737420746F6F206C6F6E6700457865AC
:107030006320666F726D6174206572726F720053A7
:107040006F636B657420616C726561647920636F36
:107050006E6E6563746564004261642066696C6588
:10706000206E756D626572004E6F206368696C6496
:1070700072656E0044657374696E6174696F6E2029
:107080006164647265737320726571756972656499
:10709000004E6F206D6F72652070726F6365737341
:1070A0006573004E6F7420656E6F7567682073702E
:1070B000616365005065726D697373696F6E2064FA
:1070C000656E696564004261642061646472657321
:1070D0007300446576696365206F72207265736F13
:1070E0007572636520627573790046696C65206509
:1070F00078697374730043726F73732D6465766976
:107100006365206C696E6B004E6F20737563682039
:10711000646576696365004E6F74206120646972EE
:107120006563746F727900486F73742069732064AB
:107130006F776E00436F6E6E656374696F6E20616A
:107140006C726561647920696E2070726F67726518
:1071500073730049732061206469726563746F7290
:107160007900496E76616C696420617267756D653E
:107170006E74004E6574776F726B20696E74657201
:1071800066616365206973206E6F7420636F6E663D
:1071900069677572656400436F6E6E656374696FCD
:1071A0006E2061626F72746564206279206E65740E
:1071B000776F726B00546F6F206D616E79206F7006
:1071C000656E2066696C657320696E2073797374CF
:1071D000656D0046696C65206465736372697074DF
:1071E0006F722076616C756520746F6F206C6172B0
:1071F0006765004E6F74206120636861726163741B
:1072000065722064657669636500546578742066EC
:10721000696C6520627573790046696C6520746FCE
:107220006F206C6172676500486F7374206973200A
:10723000756E726561636861626C65004E6F207384
:1072400070616365206C656674206F6E206465767E
:10725000696365004E6F7420737570706F7274652A
:107260006400496C6C6567616C207365656B0052E6
:107270006561642D6F6E6C792066696C6520737929
:107280007374656D00546F6F206D616E79206C6949
:107290006E6B730042726F6B656E20706970650073
:1072A0004D617468656D617469637320617267759F
:1072B0006D656E74206F7574206F6620646F6D61EC
:1072C000696E206F662066756E6374696F6E00521A
:1072D0006573756C7420746F6F206C6172676500E4
:1072E0004E6F206D657373616765206F66206465FE
:1072F00073697265642074797065004964656E74A1
:1073000069666965722072656D6F76656400496CA7
:107310006C6567616C206279746520736571756551
:107320006E636500446561646C6F636B004E6574E9
:10733000776F726B20697320756E72656163686127
:10734000626C65004E6F206C6F636B004E6F742033
:10735000612073747265616D0053747265616D2094
:10736000696F63746C2074696D656F7574004E6F1E
:107370002073747265616D207265736F75726365D9
:1073800073005669727475616C2063697263756904
:107390007420697320676F6E650050726F746F633D
:1073A0006F6C206572726F7200556E6B6E6F776EC8
:1073B0002070726F746F636F6C004D756C746968C8
:1073C0006F7020617474656D7074656400426164EF
:1073D000206D6573736167650046756E6374696FD0
:1073E0006E206E6F7420696D706C656D656E74656E
:1073F00064004469726563746F7279206E6F7420E3
:10740000656D7074790046696C65206F72207061DB
:107410007468206E616D6520746F6F206C6F6E678D
:1074200000546F6F206D616E792073796D626F6C9F
:107430006963206C696E6B73004E6F2062756666BF
:10744000657220737061636520617661696C616249
:107450006C65004E6F206461746100416464726504
:1074600073732066616D696C79206E6F742073751B
:1074700070706F727465642062792070726F746FBF
:10748000636F6C2066616D696C790050726F746F08
:10749000636F6C2077726F6E6720747970652066F9
:1074A0006F7220736F636B657400536F636B6574E9
:1074B000206F7065726174696F6E206F6E206E6FE1
:1074C0006E2D736F636B65740050726F746F636FB2
:1074D0006C206E6F7420617661696C61626C65000E
:1074E000436F6E6E656374696F6E20726566757347
:1074F000656400436F6E6E656374696F6E207265BC
:1075000073657420627920706565720041646472ED
:1075100065737320616C726561647920696E207592
:1075200073650041646472657373206E6F742061CB
:107530007661696C61626C6500536F667477617225
:10754000652063617573656420636F6E6E65637437
:10755000696F6E2061626F727400536F636B657444
:10756000206973206E6F7420636F6E6E656374653F
:107570006400536F636B657420697320616C72657E
:1075800061647920636F6E6E6563746564004F702B
:1075900065726174696F6E2063616E63656C6564AA
:1075A000005374617465206E6F74207265636F762A
:1075B000657261626C650050726576696F757320E3
:1075C0006F776E65722064696564004F70657261E3
:1075D00074696F6E206E6F7420737570706F727443
:1075E0006564206F6E20736F636B65740056616C09
:1075F000756520746F6F206C6172676520666F72AD
:1076000020646566696E65642064617461207479C4
:107610007065004D65737361676520746F6F206CD2
:107620006F6E6700436F6E6E656374696F6E207472
:10763000696D6564206F7574000000005F89002427
:107640005F8700245F850024C41D0024301D0024B2
:107650009C1C00244A554200ED3C0508DD4005080D
:10766000FE40050846000000CDCCCC3DED3C0508B1
:10767000E2400508253B050846000000CDCCCC3D86
:10768000ED3C0508E7400508EC4005084600000011
:10769000CDCCCC3DED3C0508F6400508FB40050887
:1076A00046000000CDCCCC3DED3C05080541050869
:1076B0000A41050846000000CDCCCC3DED3C050854
:1076C0001341050818410508490000000000803FEB
:1076D000ED3C05082141050826410508460000004B
:1076E000CDCCCC3DED3C05082F41050834410508C3
:1076F00046000000CDCCCC3DED3C05083D410508E1
:1077000042410508490000000000803FED3C0508AB
:107710004D41050852410508490000000000803F26
:10772000ED3C05085D41050862410508490000007F
:107730000000803FED3C05086F41050874410508D5
:10774000490000000000803FED3C05087C41050831
:1077500081410508490000000000803FED3C05081C
:107760008B4105086F57050846000000CDCCCC3D85
:10777000ED3C0508904105089541050842000000D0
:107780000000803FED3C0508A2410508A74105081F
:1077900046000000CDCCCC3DED3C0508B1410508CC
:1077A000B6410508490000000000803FED3C050897
:1077B000C0410508C5410508490000000000803FA0
:1077C000ED3C0508D0410508D541050849000000F9
:1077D0000000803FED3C0508DF410508E441050855
:1077E00046000000CDCCCC3DED3C0508F04105083D
:1077F000F5410508490000000000803FED3C050808
:107800000142050806420508490000000000803FCB
:10781000ED3C050811420508164205084900000024
:107820000000803FED3C0508204205082542050880
:10783000490000000000803FED3C0508314205088A
:107840003642050846000000CDCCCC3DED3C050895
:107850004342050848420508490000000000803FF7
:10786000ED3C05085442050859420508490000004E
:107870000000803FED3C0508664205086B420508A4
:10788000490000000000803FED3C050877420508F4
:107890007C42050846000000CDCCCC3DED3C0508FF
:1078A00083420508C8480508420000000000803FE8
:1078B000ED3C0508884205088D4205084900000096
:1078C0000000803FED3C0508984205089D420508F0
:1078D000490000000000803FED3C0508A942050872
:1078E000AE420508420000000000803FED3C050864
:1078F000B9420508BE420508420000000000803F72
:10790000ED3C0508CB420508D042050849000000BF
:107910000000803FED3C0508D7420508DC42050821
:10792000490000000000803FED3C0508E3420508E7
:10793000E8420508490000000000803FED3C0508D2
:10794000EF420508F4420508490000000000803FAE
:10795000ED3C0508FB42050800430508490000000E
:107960000000803FED3C0508074305080C4305086F
:10797000490000000000803FED3C05081343050866
:1079800018430508490000000000803FED3C050851
:107990002043050825430508490000000000803FFA
:1079A000ED3C05082D430508324305084900000059
:1079B0000000803FED3C05083A4305083F430508B9
:1079C000490000000000803FED3C050847430508E2
:1079D0004C430508490000000000803FED3C0508CD
:1079E0005443050859430508490000000000803F42
:1079F000ED3C0508614305086643050846000000A4
:107A0000CDCCCC3DED3C0508724305087743050815
:107A1000490000000000803FED3C05088443050854
:107A200089430508490000000000803FED3C05083F
:107A30009243050897430508490000000000803F75
:107A4000ED3C05089E430508A343050849000000D6
:107A50000000803FED3C0508AF430508B44305082E
:107A6000490000000000803FED3C0508BE430508CA
:107A70007C570508420000000000803FED3C0508EF
:107A8000C343050843370508490000000000803F54
:107A9000ED3C0508C8430508CD4305084900000032
:107AA0000000803FED3C0508D8430508DD4305088C
:107AB000490000000000803FED3C0508E543050853
:107AC000EA430508490000000000803FED3C05083E
:107AD000F7430508FC430508490000000000803F0B
:107AE000ED3C0508084405080D4405084900000060
:107AF0000000803FED3C0508154405081A440508C0
:107B0000420000000000803FED3C050827440508C6
:107B10002C44050846000000CDCCCC3DED3C0508CA
:107B2000394405083E44050846000000CDCCCC3D54
:107B3000ED3C05084B440508504405084200000090
:107B40000000803FED3C05085B44050860440508E3
:107B5000490000000000803FED3C05086A4405082C
:107B60006F440508490000000000803FED3C050817
:107B70007B44050880440508420000000000803F67
:107B8000ED3C05088C4405089144050849000000B7
:107B90000000803FED3C05089A4405089F44050815
:107BA000490000000000803FED3C0508A94405089D
:107BB000AE440508490000000000803FED3C050888
:107BC000BB440508C0440508490000000000803F90
:107BD000ED3C0508CD440508D244050849000000E5
:107BE0000000803FED3C0508DE440508E34405083D
:107BF000490000000000803FED3C0508ED44050809
:107C0000F2440508490000000000803FED3C0508F3
:107C1000FE44050803450508420000000000803FBF
:107C2000ED3C0508094505080E4505084200000021
:107C30000000803FED3C0508174505081C45050878
:107C4000420000000000803FED3C05082545050886
:107C50005C540508490000000000803FED3C050829
:107C60002A4505086C5B050846000000CDCCCC3DDC
:107C7000ED3C05082F450508775B05084600000028
:107C8000CDCCCC3DED3C05083445050887570508AB
:107C900046000000CDCCCC3DED3C0508394505083B
:107CA0003E450508420000000000803FED3C05080D
:107CB000484505084D45050846000000CDCCCC3DA3
:107CC000ED3C05085A4505085F45050846000000DB
:107CD000CDCCCC3DED3C050869450508905705081D
:107CE00046000000CDCCCC3DED3C05086E450508B6
:107CF00073450508490000000000803FED3C050881
:107D00007F45050884450508420000000000803FCB
:107D1000ED3C05088D450508924505084600000024
:107D2000CDCCCC3DED3C05089E450508A345050896
:107D300046000000CDCCCC3DED3C0508AE45050825
:107D4000B3450508490000000000803FED3C0508F0
:107D5000BF450508C4450508420000000000803FFB
:107D6000ED3C0508CE450508D34505084600000052
:107D7000CDCCCC3DED3C0508DE450508E3450508C6
:107D800046000000CDCCCC3DED3C0508EC45050897
:107D9000F1450508420000000000803FED3C050869
:107DA000FC45050801460508420000000000803F30
:107DB000ED3C05080C460508114605084900000081
:107DC0000000803FED3C05081C46050821460508DB
:107DD000420000000000803FED3C05082B460508EE
:107DE0004A56050846000000CDCCCC3DED3C0508C8
:107DF000304605080E56050846000000CDCCCC3DA7
:107E0000ED3C0508354605085C54050849000000AE
:107E10000000803FED3C05083A4605083F4605084E
:107E2000420000000000803FED3C05084B4605087D
:107E30005046050846000000CDCCCC3DED3C050881
:107E4000584605085D46050846000000CDCCCC3DEF
:107E5000ED3C050863460508684605084900000032
:107E60000000803FED3C0508A05B05087246050850
:107E700046000000CDCCCC3DED3C0508CC560508B5
:107E800078460508420000000000803FED3C0508F0
:107E90008446050898570508490000000000803F07
:107EA000ED3C0508894605088E4605084900000096
:107EB0000000803FED3C05089A4605089F460508EE
:107EC000490000000000803FED3C0508AB46050876
:107ED000B046050846000000CDCCCC3DED3C050881
:107EE000BB460508C046050846000000CDCCCC3D89
:107EF000ED3C0508CA460508CF46050849000000C4
:107F00000000803FED3C0508DA460508DF4605081D
:107F1000490000000000803FED3C0508EA460508E6
:107F2000EF460508490000000000803FED3C0508D1
:107F3000F8460508FD460508420000000000803FA5
:107F4000ED3C0508074705080C47050842000000FE
:107F50000000803FED3C0508154705081A47050855
:107F6000420000000000803FED3C05082247050864
:107F700027470508420000000000803FED3C05084F
:107F80002F47050834470508420000000000803FE5
:107F9000ED3C05083C470508414705084200000044
:107FA0000000803FED3C0508494705084E4705089D
:107FB000420000000000803FED3C050856470508E0
:107FC0005B470508420000000000803FED3C0508CB
:107FD000694705086E470508420000000000803F21
:107FE000ED3C05087B470508804705084200000076
:107FF0000000803FED3C05088A470508FC43050862
:10800000420000000000803FED3C05088F47050856
:1080100094470508420000000000803FED3C050841
:108020009F470508A4470508420000000000803F64
:10803000ED3C0508AD470508B247050842000000C1
:108040000000803FED3C0508BB470508C047050818
:10805000420000000000803FED3C0508CF5B0508B2
:10806000C9470508420000000000803FED3C0508BC
:10807000D547050806420508420000000000803F81
:1080800012400508DD4005080E56050846000000B0
:10809000CDCCCC3D12400508E2400508253B050843
:1080A00046000000CDCCCC3D12400508E740050855
:1080B000EC40050846000000CDCCCC3D1240050840
:1080C000F6400508FB40050846000000CDCCCC3D3D
:1080D00012400508054105080A4105084600000050
:1080E000CDCCCC3D124005081341050818410508C8
:1080F000490000000000803F1240050821410508AA
:108100002641050846000000CDCCCC3D12400508B4
:108110002F4105083441050846000000CDCCCC3D78
:10812000124005083D41050842410508490000008C
:108130000000803F124005084D41050852410508E6
:10814000490000000000803F124005085D4105081D
:1081500062410508490000000000803F1240050808
:108160006F41050874410508490000000000803F88
:10817000124005087C4105088141050849000000BE
:108180000000803F124005088B4105086F57050825
:1081900046000000CDCCCC3D1240050890410508BA
:1081A00095410508420000000000803F124005088C
:1081B000DA470508DF47050846000000CDCCCC3D76
:1081C00012400508E7470508EC470508460000008F
:1081D000CDCCCC3D12400508F6470508FB47050805
:1081E00046000000CDCCCC3D1240050804480508EF
:1081F00009480508490000000000803F12400508BA
:10820000144805081948050846000000CDCCCC3DAF
:1082100012400508204805082548050849000000C7
:108220000000803F1240050832480508374805081D
:1082300046000000CDCCCC3D12400508B1410508F8
:10824000B6410508490000000000803F12400508C3
:10825000C0410508C5410508490000000000803FF5
:108260001240050840480508454805084900000037
:108270000000803F124005084F4805085448050893
:10828000490000000000803F12400508D041050869
:10829000D5410508490000000000803F1240050854
:1082A000DF410508E441050846000000CDCCCC3D87
:1082B00012400508F0410508F54105084900000095
:1082C0000000803F124005080142050806420508EB
:1082D000490000000000803F1240050811420508D7
:1082E00016420508490000000000803F12400508C2
:1082F0002042050825420508490000000000803F93
:1083000012400508314205083642050846000000C3
:10831000CDCCCC3D12400508434205084842050833
:10832000490000000000803F124005085442050843
:1083300059420508490000000000803F124005082E
:10834000664205086B420508490000000000803FB6
:1083500012400508774205087C42050846000000E7
:10836000CDCCCC3D1240050883420508C84805081D
:10837000420000000000803F1240050888420508C6
:108380008D420508490000000000803F12400508AA
:108390005D48050862480508490000000000803F6C
:1083A00012400508984205086D480508490000007C
:1083B0000000803F1240050879480508515B050818
:1083C000490000000000803F12400508A94205084E
:1083D000AE420508420000000000803F1240050840
:1083E0007E4805088348050846000000CDCCCC3DFA
:1083F00012400508B9420508BE42050842000000C7
:108400000000803F124005088F4805089448050881
:10841000490000000000803F12400508A1480508FF
:10842000A648050846000000CDCCCC3D124005080A
:10843000B3480508B8480508420000000000803F26
:1084400012400508C1480508C6480508420000005A
:108450000000803F12400508D1480508D6480508AD
:10846000490000000000803F12400508E14805086F
:10847000E6480508490000000000803F124005085A
:10848000EF480508F448050846000000CDCCCC3D77
:1084900012400508FF48050804490508420000008D
:1084A0000000803F124005080C49050811490508E5
:1084B00046000000CDCCCC3D124005081B49050804
:1084C00020490508420000000000803F12400508D6
:1084D000274905082C49050846000000CDCCCC3DB5
:1084E00012400508344905083949050842000000D2
:1084F0000000803F12400508CB420508D042050825
:10850000490000000000803F12400508D7420508DE
:10851000DC420508490000000000803F12400508C9
:10852000E3420508E8420508490000000000803FDA
:1085300012400508EF420508F44205084900000012
:108540000000803F12400508FB4205080043050873
:10855000490000000000803F12400508074305085D
:108560000C430508490000000000803F1240050848
:108570001343050818430508490000000000803F28
:10858000124005082043050825430508490000005E
:108590000000803F124005082D43050832430508BE
:1085A000490000000000803F124005083A430508DA
:1085B0003F430508490000000000803F12400508C5
:1085C000474305084C430508490000000000803F70
:1085D00012400508544305085943050849000000A6
:1085E0000000803F12400508454905084A49050832
:1085F000420000000000803F12400508564905086F
:108600005B490508420000000000803F1240050859
:10861000674905086C490508420000000000803FDA
:1086200012400508784905087D4905084200000008
:108630000000803F12400508894905088E49050859
:10864000420000000000803F124005089A490508DA
:108650009F490508420000000000803F12400508C5
:10866000AB490508B0490508420000000000803F02
:1086700012400508614305086643050846000000EE
:10868000CDCCCC3D12400508724305087743050860
:10869000490000000000803F12400508844305089F
:1086A00089430508490000000000803F124005088A
:1086B0009243050897430508490000000000803FE9
:1086C000124005089E430508A34305084900000021
:1086D0000000803F12400508AF430508B443050879
:1086E000490000000000803F12400508BE43050815
:1086F0007C570508420000000000803F124005083A
:10870000C343050843370508490000000000803FC7
:1087100012400508D8430508DD430508490000005C
:108720000000803F12400508E5430508EA430508BC
:10873000490000000000803F12400508F74305088B
:10874000FC430508490000000000803F1240050876
:10875000084405080D440508490000000000803F5A
:1087600012400508154405081A4405084200000097
:108770000000803F1240050827440508BC49050851
:1087800046000000CDCCCC3D124005083944050818
:10879000C949050846000000CDCCCC3D1240050873
:1087A000D6490508DB49050846000000CDCCCC3D84
:1087B00012400508E6490508EB4905084600000097
:1087C000CDCCCC3D124005084B440508504405086B
:1087D000420000000000803F124005085B4405088D
:1087E00060440508490000000000803F1240050871
:1087F000F6490508FB490508490000000000803FD4
:10880000124005086A4405086F4405084900000045
:108810000000803F124005087B440508804405089D
:10882000420000000000803F12400508054A05088C
:108830000A4A0508490000000000803F1240050870
:10884000164A05081B4A0508490000000000803F41
:1088500012400508274A05082C4A0508490000006F
:108860000000803F12400508374A05083C4A0508C9
:10887000490000000000803F124005088C440508B4
:1088800091440508490000000000803F124005089F
:108890009A4405089F440508490000000000803FF5
:1088A00012400508454A05084A4A050849000000E3
:1088B0000000803F12400508544A0508594A05083F
:1088C00046000000CDCCCC3D12400508644A0508A6
:1088D000694A050846000000CDCCCC3D1240050891
:1088E000744A0508794A0508490000000000803FE5
:1088F00012400508A9440508AE44050849000000D7
:108900000000803F12400508BB440508844A050862
:10891000490000000000803F12400508944A050805
:10892000904A0508460000000000803F12400508FC
:10893000994A05089E4A050846000000CDCCCC3D6A
:1089400012400508AA4A0508AF4A05084900000078
:108950000000803F12400508CD440508B94A0508CB
:10896000490000000000803F12400508DE44050871
:10897000E3440508490000000000803F124005085C
:10898000C54A0508CA4A0508490000000000803FA2
:1089900012400508D74A0508DC4A050849000000CE
:1089A0000000803F12400508E94A0508EE4A050824
:1089B000490000000000803F12400508FB4A0508FE
:1089C000004B0508490000000000803F12400508E8
:1089D000094B05080E4B0508490000000000803FC8
:1089E00012400508174B05081C4B050849000000FC
:1089F0000000803F12400508254B05082A4B05085A
:108A0000490000000000803F12400508344B050873
:108A1000394B0508490000000000803F124005085E
:108A2000434B0508484B0508490000000000803F03
:108A300012400508524B0508574B05084900000035
:108A40000000803F12400508614B0508664B050891
:108A5000490000000000803F12400508704B0508E7
:108A6000754B0508490000000000803F12400508D2
:108A70007F4B0508844B0508490000000000803F3B
:108A8000124005088E4B0508934B0508490000006D
:108A90000000803F124005089A4B05089F4B0508CF
:108AA000490000000000803F12400508AB4B05085C
:108AB000B04B0508490000000000803F1240050847
:108AC000BB4B0508C04B0508490000000000803F73
:108AD00012400508CA4B0508CF4B050842000000AC
:108AE0000000803F12400508DB4B0508E04B0508FD
:108AF000490000000000803F12400508EB4B0508CC
:108B0000F04B0508490000000000803F12400508B6
:108B1000FB4B0508004C0508490000000000803FA1
:108B200012400508074C05080C4C050842000000DF
:108B30000000803F12400508184C05080E45050846
:108B4000420000000000803F124005081D4C05084F
:108B50001C450508420000000000803F1240050847
:108B6000224C0508274C0508420000000000803F09
:108B700012400508324C0508F14505084200000086
:108B80000000803F12400508374C050801460508E3
:108B9000420000000000803F124005083C4C0508E0
:108BA000414C0508420000000000803F12400508CB
:108BB0004E4C0508534C0508420000000000803F61
:108BC000124005085F4C0508644C0508420000008F
:108BD0000000803F12400508704C0508754C0508E0
:108BE000420000000000803F12400508814C05084B
:108BF000864C0508420000000000803F1240050836
:108C0000904C0508954C0508420000000000803F8C
:108C1000124005089F4C0508A44C050842000000BE
:108C20000000803F12400508AB4C0508B04C050819
:108C3000420000000000803F12400508BB4C0508C0
:108C4000C04C0508420000000000803F12400508AB
:108C5000C84C0508CD4C0508490000000000803FC5
:108C600012400508D94C0508DE4C050849000000F3
:108C70000000803F12400508E94C0508EE4C05084D
:108C8000490000000000803F12400508F94C05082B
:108C9000FE4C0508490000000000803F1240050816
:108CA000094D05080E4D0508490000000000803FF1
:108CB000124005081A4D05081F4D0508490000001F
:108CC0000000803F124005082B4D0508304D050877
:108CD000490000000000803F12400508394D05089A
:108CE0003E4D0508490000000000803F1240050885
:108CF000494D05084E4D0508490000000000803F21
:108D0000124005085A4D05085F4D0508490000004E
:108D10000000803F12400508684D05086D4D0508AC
:108D2000490000000000803F12400508774D05080B
:108D30007C4D0508420000000000803F12400508FD
:108D4000864D05088B4D0508490000000000803F56
:108D500012400508964D05089B4D0508420000008D
:108D60000000803F12400508A74D0508AC4D0508DE
:108D7000420000000000803F12400508B94D050880
:108D8000BE4D0508490000000000803F1240050864
:108D9000C94D0508194E0508420000000000803F3B
:108DA00012400508CE4D0508D34D050842000000CD
:108DB0000000803F12400508E04D0508E54D05081C
:108DC00046000000CDCCCC3D12400508EF4D050813
:108DD000F44D050846000000CDCCCC3D12400508FE
:108DE000FE4D0508034E0508490000000000803FC5
:108DF000124005080E4E05080E56050846000000F4
:108E0000CDCCCC3D12400508ED440508F2440508E0
:108E1000490000000000803F12400508FE4405089C
:108E2000134E0508420000000000803F1240050874
:108E3000094505080E450508420000000000803F76
:108E400012400508174505081C45050842000000AA
:108E50000000803F1240050825450508004C050824
:108E6000490000000000803F124005082A4505081F
:108E70006C5B050846000000CDCCCC3D12400508D7
:108E80002F450508775B050846000000CDCCCC3D9A
:108E900012400508344505088757050846000000BC
:108EA000CDCCCC3D12400508394505083E450508A6
:108EB000420000000000803F1240050848450508B8
:108EC0004D45050846000000CDCCCC3D12400508BC
:108ED0005A4505085F45050846000000CDCCCC3D4D
:108EE000124005086945050890570508460000002E
:108EF000CDCCCC3D124005086E45050873450508EC
:108F0000490000000000803F124005087F45050829
:108F100084450508420000000000803F124005081B
:108F20008D4505089245050846000000CDCCCC3D96
:108F3000124005089E450508A345050846000000A7
:108F4000CDCCCC3D124005081E4E0508234E050829
:108F5000490000000000803F124005082C4E050823
:108F6000314E0508490000000000803F124005080E
:108F70003A4E05083F4E0508490000000000803FBA
:108F800012400508AE450508B34505084900000034
:108F90000000803F12400508484E05084A56050863
:108FA00046000000CDCCCC3D124005084D4E0508D2
:108FB00038550508490000000000803F12400508B0
:108FC000524E0508574E050846000000CDCCCC3D5A
:108FD00012400508BF450508C445050842000000C9
:108FE0000000803F124005085E4E0508634E0508EC
:108FF00046000000CDCCCC3D12400508CE4505080A
:10900000D345050846000000CDCCCC3D12400508F4
:10901000DE450508E345050846000000CDCCCC3D03
:10902000124005086E4E0508274C05084200000056
:109030000000803F12400508EC450508F145050891
:10904000420000000000803F12400508FC45050872
:1090500001460508420000000000803F124005085C
:10906000734E0508414C0508420000000000803F97
:1090700012400508784E05087D4E050842000000A4
:109080000000803F12400508884E05088D4E0508F7
:1090900046000000CDCCCC3D12400508954E050899
:1090A0009A4E050846000000CDCCCC3D1240050884
:1090B000A54E0508644C0508420000000000803FF2
:1090C00012400508AA4E0508754C0508420000002C
:1090D0000000803F12400508AF4E0508B44E050859
:1090E000420000000000803F12400508BE4E050807
:1090F000954C0508420000000000803F1240050822
:109100000C46050811460508490000000000803F94
:1091100012400508C34E0508C84E05084900000066
:109120000000803F124005081C460508214605083E
:10913000420000000000803F124005082B46050851
:109140004A56050846000000CDCCCC3D124005082B
:10915000304605080E56050846000000CDCCCC3D33
:1091600012400508D14E0508D64E050846000000FD
:10917000CDCCCC3D12400508DF4E0508E44E050875
:10918000490000000000803F12400508EC4E050831
:10919000F14E050846000000CDCCCC3D124005083C
:1091A000FD4E0508024F050846000000CDCCCC3D21
:1091B000124005080F4F0508144F0508460000002F
:1091C000CDCCCC3D12400508234F05081F4F0508A4
:1091D000460000000000803F12400508284F0508A7
:1091E0002D4F050846000000CDCCCC3D12400508AF
:1091F000384F05083D4F050846000000CDCCCC3D5A
:1092000012400508474F05084C4F0508490000006B
:109210000000803F12400508574F05088C5505088F
:10922000490000000000803F124005083A4605084A
:109230003F460508420000000000803F124005083C
:109240005C4F0508614F050846000000CDCCCC3DC1
:10925000124005086B4F0508704F050846000000D6
:10926000CDCCCC3D124005087C4F0508A44C050828
:10927000420000000000803F12400508814F0508B1
:10928000864F0508490000000000803F1240050895
:10929000914F0508B04C0508420000000000803FD7
:1092A00012400508964F05089B4F0508490000002D
:1092B0000000803F12400508A44F0508A94F05088B
:1092C000420000000000803F12400508B44F05082E
:1092D000CD4C0508490000000000803F1240050801
:1092E000B94F0508BE4F050846000000CDCCCC3D67
:1092F00012400508C74F0508CC4F0508460000007E
:10930000CDCCCC3D12400508D84F05086554050862
:10931000490000000000803F12400508DD4F0508AD
:10932000194E0508420000000000803F1240050869
:10933000E24F0508D34D0508420000000000803FC1
:10934000124005084B460508504605084600000037
:10935000CDCCCC3D12400508584605085D460508B1
:1093600046000000CDCCCC3D124005086346050800
:1093700068460508490000000000803F12400508CB
:10938000A05B05087246050846000000CDCCCC3D28
:1093900012400508CC560508784605084200000032
:1093A0000000803F12400508E74F0508EC4F050814
:1093B000490000000000803F12400508F34F0508F7
:1093C000F84F050846000000CDCCCC3D1240050802
:1093D0000050050805500508420000000000803FCD
:1093E00012400508105005081550050849000000F6
:1093F0000000803F124005081E5005082350050854
:1094000046000000CDCCCC3D124005082F50050889
:109410003450050846000000CDCCCC3D1240050874
:10942000415005084650050846000000CDCCCC3D13
:10943000124005084E50050853500508460000002C
:10944000CDCCCC3D124005085B50050860500508A6
:10945000490000000000803F1240050865500508E3
:109460006A50050846000000CDCCCC3D12400508EE
:10947000725005087750050846000000CDCCCC3D61
:10948000124005087F500508845005084900000077
:109490000000803F124005088B50050890500508D9
:1094A000490000000000803F124005089B5005085D
:1094B000A0500508490000000000803F1240050848
:1094C000A8500508AD500508420000000000803F8C
:1094D00012400508B7500508BC50050846000000BA
:1094E000CDCCCC3D12400508C8500508CD5005082C
:1094F00046000000CDCCCC3D12400508D6500508F2
:10950000DB50050846000000CDCCCC3D12400508DC
:10951000E4500508E950050846000000CDCCCC3DDC
:1095200012400508F4500508F950050849000000EC
:109530000000803F12400508025105080751050848
:1095400046000000CDCCCC3D124005081351050863
:109550001851050846000000CDCCCC3D124005084E
:109560002451050829510508490000000000803FEA
:10957000124005083451050839510508490000001A
:109580000000803F12400508465105084B51050870
:10959000490000000000803F1240050856510508B0
:1095A0005B51050846000000CDCCCC3D12400508BB
:1095B000675105086C510508490000000000803F14
:1095C0001240050884460508985705084900000020
:1095D0000000803F12400508894605088E460508B0
:1095E000490000000000803F124005089A46050827
:1095F0009F460508490000000000803F1240050812
:10960000AB460508B046050846000000CDCCCC3D71
:1096100012400508BB460508C04605084600000084
:10962000CDCCCC3D12400508755105087A5105088E
:1096300046000000CDCCCC3D1240050886510508FF
:109640008B51050846000000CDCCCC3D12400508EA
:10965000965105089B51050846000000CDCCCC3D35
:1096600012400508A6510508AB5105084600000048
:10967000CDCCCC3D12400508B5510508BA510508BE
:1096800046000000CDCCCC3D12400508C551050870
:10969000CA51050846000000CDCCCC3D124005085B
:1096A000D4510508D9510508490000000000803F49
:1096B00012400508CA460508CF46050849000000C3
:1096C0000000803F12400508DA460508DF4605081D
:1096D000490000000000803F12400508EA460508E6
:1096E000EF460508490000000000803F12400508D1
:1096F000E3510508E8510508490000000000803FDB
:1097000012400508F3510508F8510508490000000A
:109710000000803F12400508015205080652050866
:10972000420000000000803F12400508F84605088E
:1097300011520508420000000000803F1240050859
:10974000074705080C470508420000000000803F5D
:1097500012400508154705081A4705084200000091
:109760000000803F124005082247050827470508EA
:10977000420000000000803F124005082F47050806
:1097800034470508420000000000803F12400508F1
:109790003C47050841470508420000000000803FA3
:1097A00012400508494705084E47050842000000D9
:1097B0000000803F12400508564705081C52050866
:1097C000420000000000803F12400508694705087C
:1097D00024520508420000000000803F12400508A6
:1097E0007B4705082D520508420000000000803F1D
:1097F000124005088A470508365205084200000055
:109800000000803F124005088F47050841520508B7
:10981000420000000000803F124005089F470508F5
:109820004C520508420000000000803F124005082D
:10983000AD47050880470508420000000000803F52
:1098400012400508BB4705085652050842000000B3
:109850000000803F12400508CF5B0508A4470508BB
:10986000420000000000803F12400508D54705086F
:1098700062520508420000000000803F12400508C7
:109880006D52050872520508420000000000803F3A
:10989000124005087C520508B24705084200000046
:1098A0000000803F1240050881520508C0470508A6
:1098B000420000000000803F124005088652050863
:1098C000C9470508420000000000803F124005081B
:1098D000A7570508FB490508420000000000803F2B
:1098E000124005088B5205089052050842000000FE
:1098F0000000803F12400508715C05089A52050877
:10990000420000000000803F12400508A3520508F5
:10991000A8520508420000000000803F12400508E0
:10992000B1520508B6520508420000000000803F11
:1099300012400508BF520508725205084200000097
:109940000000803F12400508C4520508C9520508AE
:10995000420000000000803F12400508D552050873
:10996000DA520508420000000000803F124005085E
:10997000E5520508EA520508420000000000803F59
:1099800012400508F1520508F65205084200000091
:109990000000803F124005080153050806420508F3
:1099A000420000000000803F1240050806530508F1
:1099B0000B530508420000000000803F12400508DC
:1099C000155305081A530508420000000000803FA7
:1099D00012400508265305082B53050842000000D5
:1099E0000000803FEA3B0508DD4005080E560508EB
:1099F00046000000CDCCCC3DEA3B0508E24005081E
:109A0000253B050846000000CDCCCC3DEA3B0508CF
:109A1000E7400508EC40050846000000CDCCCC3DF1
:109A2000EA3B0508F6400508FB4005084600000033
:109A3000CDCCCC3DEA3B0508054105080A410508A7
:109A400046000000CDCCCC3DEA3B0508134105089B
:109A500018410508490000000000803FEA3B050866
:109A6000214105082641050846000000CDCCCC3D2B
:109A7000EA3B05082F41050834410508460000006F
:109A8000CDCCCC3DEA3B0508375305083C530508CF
:109A900046000000CDCCCC3DEA3B05083D41050821
:109AA00042410508490000000000803FEA3B0508EC
:109AB0004D41050852410508490000000000803F63
:109AC000EA3B05085D4105086241050849000000C0
:109AD0000000803FEA3B05086F4105087441050816
:109AE000490000000000803FEA3B05087C41050872
:109AF00081410508490000000000803FEA3B05085D
:109B00008B4105086F57050846000000CDCCCC3DC1
:109B1000EA3B050890410508954105084200000010
:109B20000000803FEA3B0508455305084A530508F5
:109B300046000000CDCCCC3DEA3B0508DA470508DD
:109B4000DF47050846000000CDCCCC3DEA3B0508C8
:109B5000E7470508EC47050846000000CDCCCC3DA2
:109B6000EA3B0508F6470508FB47050846000000E4
:109B7000CDCCCC3DEA3B050804480508094805085A
:109B8000490000000000803FEA3B05081448050832
:109B90001948050846000000CDCCCC3DEA3B05083D
:109BA0002048050825480508490000000000803FBE
:109BB000EA3B0508535305085853050846000000C2
:109BC000CDCCCC3DEA3B05083248050837480508AE
:109BD00046000000CDCCCC3DEA3B0508B14105086C
:109BE000B6410508490000000000803FEA3B050837
:109BF000C0410508C5410508490000000000803F3C
:109C0000EA3B0508404805084548050849000000AA
:109C10000000803FEA3B05084F4805085448050806
:109C2000490000000000803FEA3B0508605305083A
:109C300065530508420000000000803FEA3B05082C
:109C4000D0410508D5410508490000000000803FCB
:109C5000EA3B0508DF410508E4410508460000002D
:109C6000CDCCCC3DEA3B0508F0410508F54105089F
:109C7000490000000000803FEA3B0508014205085A
:109C800006420508490000000000803FEA3B050845
:109C90001142050816420508490000000000803FF7
:109CA000EA3B050820420508254205084900000056
:109CB0000000803FEA3B05083142050836420508AE
:109CC00046000000CDCCCC3DEA3B050843420508E8
:109CD00048420508490000000000803FEA3B0508B3
:109CE0005442050859420508490000000000803F21
:109CF000EA3B0508664205086B420508490000007A
:109D00000000803FEA3B0508774205087C420508D1
:109D100046000000CDCCCC3DEA3B05088342050857
:109D2000C8480508420000000000803FEA3B0508E3
:109D3000884205088D420508490000000000803F68
:109D4000EA3B05085D48050862480508490000002F
:109D50000000803FEA3B0508984205086D48050869
:109D6000490000000000803FEA3B050879480508EB
:109D7000515B0508490000000000803FEA3B0508F0
:109D8000A9420508AE420508420000000000803FDD
:109D9000EA3B05087E4805088348050846000000A0
:109DA000CDCCCC3DEA3B0508B9420508BE420508CA
:109DB000420000000000803FEA3B05088F4805088C
:109DC00094480508490000000000803FEA3B050870
:109DD000A1480508A648050846000000CDCCCC3DAA
:109DE000EA3B05086F530508745305084900000055
:109DF0000000803FEA3B0508B3480508B84805085D
:109E0000420000000000803FEA3B0508C148050809
:109E1000C6480508420000000000803FEA3B0508F4
:109E2000D1480508D6480508490000000000803FD9
:109E3000EA3B05087F5305088453050846000000E7
:109E4000CDCCCC3DEA3B0508915305089653050857
:109E5000490000000000803FEA3B0508E148050892
:109E6000E6480508490000000000803FEA3B05087D
:109E7000EF480508F448050846000000CDCCCC3D6D
:109E8000EA3B0508FF4805080449050842000000B0
:109E90000000803FEA3B05080C4905081149050808
:109EA00046000000CDCCCC3DEA3B05081B49050827
:109EB000A2530508420000000000803FEA3B05086D
:109EC000274905082C49050846000000CDCCCC3DAB
:109ED000EA3B0508AD530508B253050842000000EF
:109EE0000000803FEA3B0508344905083949050868
:109EF000420000000000803FEA3B0508CB42050815
:109F0000D0420508490000000000803FEA3B0508F8
:109F1000D7420508DC420508490000000000803FE8
:109F2000EA3B0508E3420508E8420508490000004D
:109F30000000803FEA3B0508EF420508F4420508AF
:109F4000490000000000803FEA3B0508FB4205088D
:109F500000430508490000000000803FEA3B050877
:109F6000074305080C430508490000000000803F36
:109F7000EA3B05081343050818430508490000009B
:109F80000000803FEA3B05082043050825430508FB
:109F9000490000000000803FEA3B05082D4305080A
:109FA00032430508490000000000803FEA3B0508F5
:109FB0003A4305083F430508490000000000803F80
:109FC000EA3B0508474305084C43050849000000E3
:109FD0000000803FEA3B0508544305085943050843
:109FE000490000000000803FEA3B0508454905089C
:109FF0004A490508420000000000803FEA3B05088E
:10A00000564905085B490508420000000000803FF2
:10A01000EA3B0508674905086C490508420000004D
:10A020000000803FEA3B0508784905087D4905089E
:10A03000420000000000803FEA3B0508894905080E
:10A040008E490508420000000000803FEA3B0508F9
:10A050009A4905089F490508420000000000803F1A
:10A06000EA3B0508AB490508B04905084200000075
:10A070000000803FEA3B0508614305086643050888
:10A0800046000000CDCCCC3DEA3B050872430508F4
:10A0900077430508490000000000803FEA3B0508BF
:10A0A0008443050889430508490000000000803FFB
:10A0B000EA3B05089243050897430508490000005C
:10A0C0000000803FEA3B05089E430508A3430508BE
:10A0D000490000000000803FEA3B0508AF43050847
:10A0E000B4430508490000000000803FEA3B050832
:10A0F000BE4305087C570508420000000000803F71
:10A10000EA3B0508C343050843370508490000003A
:10A110000000803FEA3B0508D8430508DD430508F9
:10A12000490000000000803FEA3B0508E5430508C0
:10A13000EA430508490000000000803FEA3B0508AB
:10A14000F7430508FC430508490000000000803F74
:10A15000EA3B0508084405080D44050849000000CD
:10A160000000803FEA3B0508154405081A4405082D
:10A17000420000000000803FEA3B05082744050834
:10A18000BC49050846000000CDCCCC3DEA3B0508A3
:10A1900039440508C949050846000000CDCCCC3D2E
:10A1A000EA3B0508D6490508DB49050846000000DA
:10A1B000CDCCCC3DEA3B0508E6490508EB4905084E
:10A1C00046000000CDCCCC3DEA3B05084B440508D9
:10A1D00050440508420000000000803FEA3B0508AB
:10A1E0005B44050860440508490000000000803F0A
:10A1F000EA3B0508F6490508FB4905084900000047
:10A200000000803FEA3B05086A4405086F440508E2
:10A21000490000000000803FEA3B05087B44050838
:10A2200080440508420000000000803FEA3B05082A
:10A23000054A05080A4A0508490000000000803F59
:10A24000EA3B0508164A05081B4A050849000000B4
:10A250000000803FEA3B0508274A05082C4A05080C
:10A26000490000000000803FEA3B0508374A050826
:10A270003C4A0508490000000000803FEA3B050811
:10A280008C44050891440508490000000000803F07
:10A29000EA3B05089A4405089F4405084900000068
:10A2A0000000803FEA3B0508454A05084A4A050880
:10A2B000490000000000803FEA3B0508544A0508B9
:10A2C000594A050846000000CDCCCC3DEA3B0508C4
:10A2D000644A0508694A050846000000CDCCCC3D1B
:10A2E000EA3B0508744A0508794A05084900000058
:10A2F0000000803FEA3B0508A9440508AE44050874
:10A30000490000000000803FEA3B0508BB44050807
:10A31000844A0508490000000000803FEA3B050828
:10A32000944A0508904A0508460000000000803F56
:10A33000EA3B0508994A05089E4A050846000000C0
:10A34000CDCCCC3DEA3B0508AA4A0508AF4A050832
:10A35000490000000000803FEA3B0508CD440508A5
:10A36000B94A0508490000000000803FEA3B0508A3
:10A37000DE440508E3440508490000000000803F72
:10A38000EA3B0508C54A0508CA4A05084900000015
:10A390000000803FEA3B0508D74A0508DC4A05086B
:10A3A000490000000000803FEA3B0508E94A050833
:10A3B000EE4A0508490000000000803FEA3B05081E
:10A3C000FB4A0508004B0508490000000000803FDB
:10A3D000EA3B0508094B05080E4B0508490000003B
:10A3E0000000803FEA3B0508174B05081C4B050899
:10A3F000490000000000803FEA3B0508254B0508A6
:10A400002A4B0508490000000000803FEA3B050890
:10A41000344B0508394B0508490000000000803F17
:10A42000EA3B0508434B0508484B05084900000076
:10A430000000803FEA3B0508524B0508574B0508D2
:10A44000490000000000803FEA3B0508614B050819
:10A45000664B0508490000000000803FEA3B050804
:10A46000704B0508754B0508490000000000803F4F
:10A47000EA3B05087F4B0508844B050849000000AE
:10A480000000803FEA3B05088E4B0508934B05080A
:10A49000490000000000803FEA3B05089A4B050890
:10A4A0009F4B0508490000000000803FEA3B05087B
:10A4B000AB4B0508B04B0508490000000000803F89
:10A4C000EA3B0508BB4B0508C04B050849000000E6
:10A4D0000000803FEA3B0508CA4B0508CF4B050842
:10A4E000420000000000803FEA3B0508DB4B050806
:10A4F000E04B0508490000000000803FEA3B0508EA
:10A50000EB4B0508F04B0508490000000000803FB8
:10A51000EA3B0508FB4B0508004C05084900000014
:10A520000000803FEA3B0508074C05080C4C050875
:10A53000420000000000803FEA3B0508184C050877
:10A540000E450508420000000000803FEA3B050878
:10A550001D4C05081C450508420000000000803F16
:10A56000EA3B0508224C0508274C0508420000007C
:10A570000000803FEA3B0508324C0508F14505081C
:10A58000420000000000803FEA3B0508374C050808
:10A5900001460508420000000000803FEA3B050834
:10A5A0003C4C0508414C0508420000000000803F7B
:10A5B000EA3B05084E4C0508534C050842000000D4
:10A5C0000000803FEA3B05085F4C0508644C050825
:10A5D000420000000000803FEA3B0508704C05087F
:10A5E000754C0508420000000000803FEA3B05086A
:10A5F000814C0508864C0508420000000000803FA1
:10A60000EA3B0508904C0508954C050842000000FF
:10A610000000803FEA3B05089F4C0508A44C050854
:10A62000420000000000803FEA3B0508AB4C0508F3
:10A63000B04C0508420000000000803FEA3B0508DE
:10A64000BB4C0508C04C0508420000000000803FDC
:10A65000EA3B0508C84C0508CD4C05084900000038
:10A660000000803FEA3B0508D94C0508DE4C050890
:10A67000490000000000803FEA3B0508E94C05085E
:10A68000EE4C0508490000000000803FEA3B050849
:10A69000F94C0508FE4C0508490000000000803F09
:10A6A000EA3B0508094D05080E4D05084900000064
:10A6B0000000803FEA3B05081A4D05081F4D0508BC
:10A6C000490000000000803FEA3B05082B4D0508CB
:10A6D000304D0508490000000000803FEA3B0508B6
:10A6E000394D05083E4D0508490000000000803F37
:10A6F000EA3B0508494D05084E4D05084900000094
:10A700000000803FEA3B05085A4D05085F4D0508EB
:10A71000490000000000803FEA3B0508684D05083D
:10A720006D4D0508490000000000803FEA3B050828
:10A73000774D05087C4D0508420000000000803F71
:10A74000EA3B0508864D05088B4D050849000000C9
:10A750000000803FEA3B0508964D05089B4D050823
:10A76000420000000000803FEA3B0508A74D0508B5
:10A77000AC4D0508420000000000803FEA3B0508A0
:10A78000B94D0508BE4D0508490000000000803F96
:10A79000EA3B0508C94D0508194E050842000000AE
:10A7A0000000803FEA3B0508CE4D0508D34D050863
:10A7B000420000000000803FEA3B0508E04D05082C
:10A7C000E54D050846000000CDCCCC3DEA3B050830
:10A7D000EF4D0508F44D050846000000CDCCCC3DFA
:10A7E000EA3B0508FE4D0508034E05084900000038
:10A7F0000000803FEA3B0508BB530508C05305082D
:10A8000046000000CDCCCC3DEA3B0508C853050806
:10A81000CD530508490000000000803FEA3B0508D1
:10A82000D5530508DA53050846000000CDCCCC3DD1
:10A83000EA3B0508E1530508E65305084600000019
:10A84000CDCCCC3DEA3B0508EE530508F353050893
:10A85000490000000000803FEA3B0508FB53050863
:10A860000054050846000000CDCCCC3DEA3B05086D
:10A87000075405080C54050846000000CDCCCC3D1B
:10A88000EA3B05081454050819540508490000005E
:10A890000000803FEA3B05082154050826540508BE
:10A8A00046000000CDCCCC3DEA3B05082D54050800
:10A8B00032540508490000000000803FEA3B0508CB
:10A8C0003D54050842540508490000000000803F3F
:10A8D000EA3B05084C54050851540508490000009E
:10A8E0000000803FEA3B05080E4E05080E5605089D
:10A8F00046000000CDCCCC3DEA3B0508ED44050800
:10A90000F2440508490000000000803FEA3B0508CA
:10A91000FE440508134E0508420000000000803F79
:10A92000EA3B0508094505080E45050842000000F8
:10A930000000803FEA3B0508174505081C4505084F
:10A94000420000000000803FEA3B0508254505085D
:10A95000004C0508490000000000803FEA3B050864
:10A960002A4505086C5B050846000000CDCCCC3DAF
:10A97000EA3B05082F450508775B050846000000FF
:10A98000CDCCCC3DEA3B0508344505088757050882
:10A9900046000000CDCCCC3DEA3B05083945050812
:10A9A0003E450508420000000000803FEA3B0508E4
:10A9B000484505084D45050846000000CDCCCC3D76
:10A9C000EA3B05085A4505085F45050846000000B2
:10A9D000CDCCCC3DEA3B05086945050890570508F4
:10A9E00046000000CDCCCC3DEA3B05086E4505088D
:10A9F00073450508490000000000803FEA3B050858
:10AA00007F45050884450508420000000000803F9E
:10AA1000EA3B05088D4505089245050846000000FB
:10AA2000CDCCCC3DEA3B05089E450508A34505086D
:10AA300046000000CDCCCC3DEA3B05081E4E050883
:10AA4000234E0508490000000000803FEA3B05084E
:10AA50002C4E0508314E0508490000000000803FDB
:10AA6000EA3B05083A4E05083F4E0508490000003C
:10AA70000000803FEA3B0508AE450508B3450508E0
:10AA8000490000000000803FEA3B0508484E0508E9
:10AA90004A56050846000000CDCCCC3DEA3B0508EF
:10AAA0004D4E050838550508490000000000803F5C
:10AAB000EA3B0508524E0508574E050846000000BF
:10AAC000CDCCCC3DEA3B0508BF450508C44505088B
:10AAD000420000000000803FEA3B05085E4E05088A
:10AAE000634E050846000000CDCCCC3DEA3B05088E
:10AAF000CE450508D345050846000000CDCCCC3D29
:10AB0000EA3B0508DE450508E34505084600000068
:10AB1000CDCCCC3DEA3B05086E4E0508274C050818
:10AB2000420000000000803FEA3B0508EC450508B4
:10AB3000F1450508420000000000803FEA3B05089F
:10AB4000FC45050801460508420000000000803F62
:10AB5000EA3B0508734E0508414C05084200000019
:10AB60000000803FEA3B0508784E05087D4E050849
:10AB7000420000000000803FEA3B0508884E0508BF
:10AB80008D4E050846000000CDCCCC3DEA3B0508C3
:10AB9000954E05089A4E050846000000CDCCCC3DE8
:10ABA000EA3B0508A54E0508644C05084200000074
:10ABB0000000803FEA3B0508AA4E0508754C0508D1
:10ABC000420000000000803FEA3B0508AF4E050848
:10ABD000B44E0508420000000000803FEA3B050833
:10ABE000BE4E0508954C0508420000000000803F5D
:10ABF000EA3B05080C460508114605084900000017
:10AC00000000803FEA3B0508C34E0508C84E050812
:10AC1000490000000000803FEA3B05081C4605088B
:10AC200021460508420000000000803FEA3B05087D
:10AC30002B4605084A56050846000000CDCCCC3D01
:10AC4000EA3B0508304605080E5605084600000098
:10AC5000CDCCCC3DEA3B0508D14E0508D64E0508C3
:10AC600046000000CDCCCC3DEA3B0508DF4E050890
:10AC7000E44E0508490000000000803FEA3B05085B
:10AC8000EC4E0508F14E050846000000CDCCCC3D49
:10AC9000EA3B0508FD4E0508024F05084600000086
:10ACA000CDCCCC3DEA3B05080F4F0508144F0508F5
:10ACB00046000000CDCCCC3DEA3B0508234F0508FB
:10ACC0001F4F0508460000000000803FEA3B0508D2
:10ACD000284F05082D4F050846000000CDCCCC3D7F
:10ACE000EA3B0508384F05083D4F050846000000BF
:10ACF000CDCCCC3DEA3B0508354605085B5405083C
:10AD0000490000000000803FEA3B0508474F050866
:10AD10004C4F0508490000000000803FEA3B050851
:10AD2000574F05088C550508490000000000803F7A
:10AD3000EA3B05083A4605083F4605084200000080
:10AD40000000803FEA3B05085C4F0508614F05089D
:10AD500046000000CDCCCC3DEA3B05086B4F050812
:10AD6000704F050846000000CDCCCC3DEA3B0508FD
:10AD70007C4F0508A44C0508420000000000803FFD
:10AD8000EA3B0508814F0508864F05084900000089
:10AD90000000803FEA3B0508914F0508B04C0508CC
:10ADA000420000000000803FEA3B0508964F05087E
:10ADB0009B4F0508490000000000803FEA3B050862
:10ADC000A44F0508A94F0508420000000000803F7D
:10ADD000EA3B0508B44F0508CD4C050849000000C2
:10ADE0000000803FEA3B0508B94F0508BE4F050843
:10ADF00046000000CDCCCC3DEA3B0508C74F050816
:10AE0000CC4F050846000000CDCCCC3DEA3B050800
:10AE1000D84F050863540508490000000000803F32
:10AE2000EA3B05086E540508735405084600000007
:10AE3000CDCCCC3DEA3B05087D540508825405087D
:10AE400046000000CDCCCC3DEA3B0508DD4F0508AF
:10AE5000194E0508420000000000803FEA3B05084B
:10AE6000E24F0508D34D0508420000000000803F76
:10AE7000EA3B05084B460508504605084600000019
:10AE8000CDCCCC3DEA3B0508584605085D46050893
:10AE900046000000CDCCCC3DEA3B050863460508E2
:10AEA00068460508490000000000803FEA3B0508AD
:10AEB000A05B05087246050846000000CDCCCC3DDD
:10AEC000EA3B0508CC560508784605084200000014
:10AED0000000803FEA3B0508E74F0508EC4F0508F6
:10AEE000490000000000803FEA3B0508F34F0508D9
:10AEF000F84F050846000000CDCCCC3DEA3B0508E4
:10AF00000050050805500508420000000000803F81
:10AF1000EA3B0508105005081550050849000000D7
:10AF20000000803FEA3B05081E5005082350050835
:10AF300046000000CDCCCC3DEA3B05088B5405080B
:10AF40009054050846000000CDCCCC3DEA3B0508F6
:10AF50002F5005083450050846000000CDCCCC3DEC
:10AF6000EA3B050841500508465005084600000028
:10AF7000CDCCCC3DEA3B05084E50050853500508A2
:10AF800046000000CDCCCC3DEA3B05085B500508EF
:10AF900060500508490000000000803FEA3B0508BA
:10AFA0009C540508A154050846000000CDCCCC3DBA
:10AFB000EA3B0508A8540508AD5405084600000002
:10AFC000CDCCCC3DEA3B0508655005086A50050824
:10AFD00046000000CDCCCC3DEA3B05087250050888
:10AFE0007750050846000000CDCCCC3DEA3B050873
:10AFF0007F50050884500508490000000000803F8C
:10B00000EA3B0508B4540508B95405084600000099
:10B01000CDCCCC3DEA3B05088B5005089050050887
:10B02000490000000000803FEA3B05089B500508EE
:10B03000A0500508490000000000803FEA3B0508D9
:10B04000A8500508AD500508420000000000803FF0
:10B05000EA3B0508B7500508BC500508460000004B
:10B06000CDCCCC3DEA3B0508C8500508CD500508BD
:10B0700046000000CDCCCC3DEA3B0508D650050883
:10B08000DB50050846000000CDCCCC3DEA3B05086E
:10B09000E4500508E950050846000000CDCCCC3D41
:10B0A000EA3B0508F4500508F9500508490000007E
:10B0B0000000803FEA3B0508C5540508CA5405084E
:10B0C000490000000000803FEA3B0508D65405080F
:10B0D000DB540508490000000000803FEA3B0508FA
:10B0E000E4540508E954050846000000CDCCCC3DE9
:10B0F000EA3B0508F6540508FB5405084600000025
:10B10000CDCCCC3DEA3B05080251050807510508A6
:10B1100046000000CDCCCC3DEA3B050813510508A4
:10B120001851050846000000CDCCCC3DEA3B05088F
:10B130002451050829510508490000000000803FFE
:10B14000EA3B05083451050839510508490000005B
:10B150000000803FEA3B0508465105084B510508B1
:10B16000490000000000803FEA3B050856510508F1
:10B170005B51050846000000CDCCCC3DEA3B0508FC
:10B18000675105086C510508490000000000803F28
:10B19000EA3B050808550508045505084600000067
:10B1A0000000803FEA3B05088446050898570508DB
:10B1B000490000000000803FEA3B05088946050879
:10B1C0008E460508490000000000803FEA3B050864
:10B1D0009A4605089F460508490000000000803F88
:10B1E000EA3B0508AB460508B046050846000000E6
:10B1F000CDCCCC3DEA3B0508BB460508C04605085A
:10B2000046000000CDCCCC3DEA3B05087551050851
:10B210007A51050846000000CDCCCC3DEA3B05083C
:10B22000865105088B51050846000000CDCCCC3D69
:10B23000EA3B0508965105089B51050846000000A9
:10B24000CDCCCC3DEA3B0508A6510508AB5105081D
:10B2500046000000CDCCCC3DEA3B0508B5510508C1
:10B26000BA51050846000000CDCCCC3DEA3B0508AC
:10B27000C5510508CA51050846000000CDCCCC3D9B
:10B28000EA3B0508D4510508D951050849000000DA
:10B290000000803FEA3B0508CA460508CF4605087E
:10B2A000490000000000803FEA3B0508DA46050837
:10B2B000DF460508490000000000803FEA3B050822
:10B2C000EA460508EF460508490000000000803FF7
:10B2D000EA3B0508E3510508E8510508490000006C
:10B2E0000000803FEA3B0508F3510508F8510508C6
:10B2F000490000000000803FEA3B050801520508B4
:10B3000006520508420000000000803FEA3B0508A5
:10B31000F846050811520508420000000000803F71
:10B32000EA3B0508074705080C47050842000000EE
:10B330000000803FEA3B0508154705081A47050845
:10B34000420000000000803FEA3B05082247050854
:10B3500027470508420000000000803FEA3B05083F
:10B360002F47050834470508420000000000803FD1
:10B37000EA3B05083C470508414705084200000034
:10B380000000803FEA3B0508494705084E4705088D
:10B39000420000000000803FEA3B050856470508D0
:10B3A0001C520508420000000000803FEA3B0508EF
:10B3B0006947050824520508420000000000803F4C
:10B3C000EA3B05087B4705082D52050842000000AE
:10B3D0000000803FEA3B05088A4705083652050809
:10B3E000420000000000803FEA3B05088F47050847
:10B3F00041520508420000000000803FEA3B05087A
:10B400009F4705084C520508420000000000803F9D
:10B41000EA3B0508AD4705088047050842000000E3
:10B420000000803FEA3B0508BB4705085652050867
:10B43000420000000000803FEA3B0508CF5B0508A2
:10B44000A4470508420000000000803FEA3B0508D1
:10B45000D547050862520508420000000000803F01
:10B46000EA3B05086D5205087252050842000000CB
:10B470000000803FEA3B05087C520508B2470508FA
:10B48000420000000000803FEA3B050881520508A9
:10B49000C0470508420000000000803FEA3B050865
:10B4A00086520508C9470508420000000000803F99
:10B4B000EA3B0508A7570508FB49050842000000BC
:10B4C0000000803FEA3B05088B52050890520508B2
:10B4D000420000000000803FEA3B0508715C05085F
:10B4E0009A520508420000000000803FEA3B050830
:10B4F000A3520508A8520508420000000000803F42
:10B50000EA3B0508B1520508B652050842000000A2
:10B510000000803FEA3B0508BF520508725205084B
:10B52000420000000000803FEA3B0508C4520508C5
:10B53000C9520508420000000000803FEA3B0508B0
:10B54000D5520508DA520508420000000000803F8D
:10B55000EA3B0508E5520508EA52050842000000EA
:10B560000000803FEA3B0508F1520508F652050845
:10B57000420000000000803FEA3B05080153050837
:10B5800006420508420000000000803FEA3B050833
:10B59000065305080B530508420000000000803FD9
:10B5A000EA3B0508155305081A5305084200000038
:10B5B0000000803FEA3B0508265305082B53050889
:10B5C000420000000000803F653E0508DD400508A0
:10B5D0000E56050846000000CDCCCC3D653E050862
:10B5E000E2400508253B050846000000CDCCCC3DD7
:10B5F000653E0508E7400508EC40050846000000E8
:10B60000CDCCCC3D653E0508F6400508FB4005085D
:10B6100046000000CDCCCC3D653E0508054105083F
:10B620000A41050846000000CDCCCC3D653E05082A
:10B630001341050818410508490000000000803F3B
:10B64000653E050821410508264105084600000021
:10B65000CDCCCC3D653E05082F4105083441050899
:10B6600046000000CDCCCC3D653E05083D410508B7
:10B6700042410508490000000000803F653E050882
:10B680004D41050852410508490000000000803F77
:10B69000653E05085D410508624105084900000056
:10B6A0000000803F653E05086F41050874410508AC
:10B6B000490000000000803F653E05087C41050808
:10B6C00081410508490000000000803F653E0508F3
:10B6D0008B4105086F57050846000000CDCCCC3DD6
:10B6E000653E0508904105089541050842000000A7
:10B6F0000000803F653E0508DA470508DF4705087A
:10B7000046000000CDCCCC3D653E0508F647050857
:10B71000FB47050846000000CDCCCC3D653E050842
:10B72000B1410508B6410508490000000000803F0E
:10B73000653E0508C0410508C541050849000000EF
:10B740000000803F653E0508D0410508D541050849
:10B75000490000000000803F653E0508DF41050804
:10B76000E441050846000000CDCCCC3D653E05080F
:10B77000F0410508F5410508490000000000803F40
:10B78000653E05080142050806420508490000001B
:10B790000000803F653E0508114205081642050875
:10B7A000490000000000803F653E05082042050872
:10B7B00025420508490000000000803F653E05085D
:10B7C000314205083642050846000000CDCCCC3D8C
:10B7D000653E050843420508484205084900000047
:10B7E0000000803F653E050854420508594205089F
:10B7F000490000000000803F653E050866420508DC
:10B800006B420508490000000000803F653E0508C6
:10B81000774205087C42050846000000CDCCCC3DAF
:10B82000653E050883420508C84805084200000037
:10B830000000803F653E0508884205088D420508E6
:10B84000490000000000803F653E05089842050859
:10B850009D420508490000000000803F653E050844
:10B8600079480508515B0508490000000000803F49
:10B87000653E0508A9420508AE42050842000000E1
:10B880000000803F653E0508B9420508BE42050834
:10B89000420000000000803F653E0508B3480508EF
:10B8A0000D550508460000000000803F653E050874
:10B8B000C1480508C6480508490000000000803F4F
:10B8C000653E0508CB420508D04205084900000046
:10B8D0000000803F653E0508D7420508DC420508A8
:10B8E000490000000000803F653E0508E34205086E
:10B8F000E8420508490000000000803F653E050859
:10B90000EF420508F4420508490000000000803FAE
:10B91000653E0508FB420508004305084900000094
:10B920000000803F653E0508074305080C430508F5
:10B93000490000000000803F653E050813430508EC
:10B9400018430508490000000000803F653E0508D7
:10B950002043050825430508490000000000803FFA
:10B96000653E05082D4305083243050849000000DF
:10B970000000803F653E05083A4305083F4305083F
:10B98000490000000000803F653E05084743050868
:10B990004C430508490000000000803F653E050853
:10B9A0005443050859430508490000000000803F42
:10B9B000653E05086143050866430508460000002A
:10B9C000CDCCCC3D653E050872430508774305089C
:10B9D000490000000000803F653E050884430508DB
:10B9E00089430508490000000000803F653E0508C6
:10B9F0009243050897430508490000000000803F76
:10BA0000653E05089E430508A3430508490000005C
:10BA10000000803F653E0508AF430508B4430508B4
:10BA2000490000000000803F653E0508BE43050850
:10BA30007C570508420000000000803F653E050875
:10BA4000185505081D550508490000000000803FF5
:10BA5000653E0508C3430508433705084900000053
:10BA60000000803F653E0508C8430508CD43050832
:10BA7000490000000000803F653E0508D8430508E6
:10BA8000DD430508490000000000803F653E0508D1
:10BA9000E5430508EA430508490000000000803F2F
:10BAA000653E0508F7430508FC430508490000000A
:10BAB0000000803F653E0508084405080D44050860
:10BAC000490000000000803F653E05081544050858
:10BAD0001A440508420000000000803F653E05084A
:10BAE000274405082C44050846000000CDCCCC3D79
:10BAF000653E0508394405083E4405084600000037
:10BB0000CDCCCC3D653E05084B44050850440508A6
:10BB1000420000000000803F653E05085B440508C8
:10BB200060440508490000000000803F653E0508AC
:10BB3000F6490508FB490508490000000000803F60
:10BB4000653E05086A4405086F4405084900000081
:10BB50000000803F653E05087B44050880440508D9
:10BB6000420000000000803F653E0508374A050896
:10BB70003C4A0508490000000000803F653E05087A
:10BB80008C44050891440508490000000000803FEE
:10BB9000653E05089A4405089F44050849000000D1
:10BBA0000000803F653E0508A9440508AE4405082D
:10BBB000490000000000803F653E0508BB440508C1
:10BBC000844A0508490000000000803F653E0508E2
:10BBD000275505082C550508490000000000803F46
:10BBE000653E0508AA4A0508AF4A05084900000055
:10BBF0000000803F653E0508CD440508B94A0508A8
:10BC0000490000000000803F653E0508DE4405084D
:10BC1000E3440508490000000000803F653E050838
:10BC2000ED440508F2440508490000000000803F8B
:10BC3000653E0508FE440508134E05084200000055
:10BC40000000803F653E0508094505080E450508CA
:10BC5000420000000000803F653E050817450508CA
:10BC60001C450508420000000000803F653E0508B5
:10BC700025450508004C0508490000000000803FEC
:10BC8000653E05082A4505086C5B0508460000006E
:10BC9000CDCCCC3D653E05082F450508775B0508F2
:10BCA00046000000CDCCCC3D653E05083445050876
:10BCB0008757050846000000CDCCCC3D653E050801
:10BCC000394505083E450508420000000000803F58
:10BCD000653E0508484505084D4505084600000035
:10BCE000CDCCCC3D653E05085A4505085F450508A5
:10BCF00046000000CDCCCC3D653E050869450508F1
:10BD00009057050846000000CDCCCC3D653E0508A7
:10BD10006E45050873450508490000000000803F96
:10BD2000653E05087F45050884450508420000007A
:10BD30000000803F653E05088D45050892450508D1
:10BD400046000000CDCCCC3D653E05089E4505086B
:10BD5000A345050846000000CDCCCC3D653E050856
:10BD6000AE450508B3450508490000000000803FC6
:10BD7000653E05084D4E0508375505084900000089
:10BD80000000803F653E0508524E0508574E0508E5
:10BD900046000000CDCCCC3D653E0508BF450508FA
:10BDA000C4450508420000000000803F653E0508CC
:10BDB000CE450508D345050846000000CDCCCC3D56
:10BDC000653E0508DE450508E34505084600000018
:10BDD000CDCCCC3D653E0508EC450508F145050890
:10BDE000420000000000803F653E0508FC45050854
:10BDF00001460508420000000000803F653E05083E
:10BE0000C34E0508C84E0508490000000000803FE9
:10BE1000653E05081C46050821460508420000004D
:10BE20000000803F653E05082B4605084A56050878
:10BE300046000000CDCCCC3D653E050830460508E7
:10BE40000E56050846000000CDCCCC3D653E0508E9
:10BE5000DF4E0508E44E0508490000000000803F61
:10BE6000653E0508234F05081F4F050846000000E2
:10BE70000000803F653E0508284F0508405505082D
:10BE800046000000CDCCCC3D653E0508384F050886
:10BE90003D4F050846000000CDCCCC3D653E050871
:10BEA000354605084B550508490000000000803F55
:10BEB000653E0508474F05084C4F0508490000003E
:10BEC0000000803F653E0508574F05088C55050862
:10BED000490000000000803F653E05084B4605080C
:10BEE0005046050846000000CDCCCC3D653E050817
:10BEF000584605085D46050846000000CDCCCC3DFF
:10BF0000653E0508634605086846050849000000C7
:10BF10000000803F653E0508A05B050872460508E5
:10BF200046000000CDCCCC3D653E0508CC5605084A
:10BF300078460508420000000000803F653E050885
:10BF40000050050805500508420000000000803F31
:10BF5000653E05080855050804550508460000001B
:10BF60000000803F653E050884460508985705088F
:10BF7000490000000000803F653E0508894605082D
:10BF80008E460508490000000000803F653E050818
:10BF90009A4605089F460508490000000000803FBA
:10BFA000653E0508AB460508B0460508460000009A
:10BFB000CDCCCC3D653E0508BB460508C04605080E
:10BFC00046000000CDCCCC3D653E05087551050806
:10BFD0007A51050846000000CDCCCC3D653E0508F1
:10BFE000865105088B51050846000000CDCCCC3D9C
:10BFF000653E0508965105089B510508460000005E
:10C00000CDCCCC3D653E0508A6510508AB510508D1
:10C0100046000000CDCCCC3D653E0508B551050875
:10C02000BA51050846000000CDCCCC3D653E050860
:10C03000C5510508CA51050846000000CDCCCC3DCD
:10C04000653E0508D4510508D9510508490000008E
:10C050000000803F653E0508CA460508CF46050832
:10C06000490000000000803F653E0508DA460508EB
:10C07000DF460508490000000000803F653E0508D6
:10C08000EA460508EF460508490000000000803F29
:10C09000653E0508E3510508E85105084900000020
:10C0A0000000803F653E0508F84605081152050866
:10C0B000420000000000803F653E05080747050874
:10C0C0000C470508420000000000803F653E05085F
:10C0D000154705081A470508420000000000803F88
:10C0E000653E05082247050827470508420000006D
:10C0F0000000803F653E05082F47050834470508C6
:10C10000420000000000803F653E05083C470508EE
:10C1100041470508420000000000803F653E0508D9
:10C12000494705084E470508420000000000803FCF
:10C13000653E0508564705081C52050842000000E8
:10C140000000803F653E0508694705082D52050837
:10C15000420000000000803F653E05087B4705085F
:10C160005B470508420000000000803F653E05086F
:10C170008A4705086E470508420000000000803F1E
:10C18000653E05088F470508804705084200000006
:10C190000000803F653E05089F470508FC430508F1
:10C1A000420000000000803F653E0508AD470508DD
:10C1B00094470508420000000000803F653E0508E6
:10C1C000BB470508A4470508420000000000803F67
:10C1D000653E0508CF5B0508625205084200000075
:10C1E0000000803F653E0508D547050872520508E6
:10C1F000420000000000803F653E05086D520508C2
:10C20000B2470508420000000000803F653E050877
:10C210007C520508C0470508420000000000803F2E
:10C22000653E050881520508C9470508420000001F
:10C230000000803F653E050886520508FB49050859
:10C24000420000000000803F653E0508A757050832
:10C2500006420508420000000000803F653E0508D8
:10C260008B52050852550508420000000000803F2F
:10C27000653E0508715C0508EA52050842000000A9
:10C280000000803F653E0508A35205085A55050881
:10C29000420000000000803F653E0508B1520508DD
:10C2A000F6520508420000000000803F063C0508E9
:10C2B000DD4005080E56050846000000CDCCCC3DFB
:10C2C000063C0508E2400508253B0508460000003D
:10C2D000CDCCCC3D063C0508E7400508EC40050800
:10C2E00046000000CDCCCC3D063C0508F6400508D4
:10C2F000FB40050846000000CDCCCC3D063C0508BF
:10C30000054105080A41050846000000CDCCCC3D9A
:10C31000063C0508134105081841050849000000BE
:10C320000000803F063C050821410508264105081C
:10C3300046000000CDCCCC3D063C05082F41050849
:10C340003441050846000000CDCCCC3D063C050834
:10C350003D41050842410508490000000000803FBA
:10C36000063C05084D4105085241050849000000FA
:10C370000000803F063C05085D4105086241050854
:10C38000490000000000803F063C05086F41050899
:10C3900074410508490000000000803F063C050884
:10C3A0007C41050881410508490000000000803FEC
:10C3B000063C05088B4105086F570508460000003C
:10C3C000CDCCCC3D063C05089041050895410508BB
:10C3D000420000000000803F063C0508DA470508DF
:10C3E000DF47050846000000CDCCCC3D063C0508E3
:10C3F000F6470508FB47050846000000CDCCCC3DBC
:10C40000063C0508B1410508B64105084900000091
:10C410000000803F063C0508C0410508C5410508ED
:10C42000490000000000803F063C0508D041050897
:10C43000D5410508490000000000803F063C050882
:10C44000DF410508E441050846000000CDCCCC3DA5
:10C45000063C0508F0410508F541050849000000C3
:10C460000000803F063C0508014205080642050819
:10C47000490000000000803F063C05081142050805
:10C4800016420508490000000000803F063C0508F0
:10C490002042050825420508490000000000803FB1
:10C4A000063C0508314205083642050846000000F2
:10C4B000CDCCCC3D063C0508434205084842050862
:10C4C000490000000000803F063C05085442050872
:10C4D00059420508490000000000803F063C05085D
:10C4E000664205086B420508490000000000803FD5
:10C4F000063C0508774205087C4205084600000016
:10C50000CDCCCC3D063C050883420508C84805084B
:10C51000420000000000803F063C050888420508F4
:10C520008D420508490000000000803F063C0508D8
:10C53000984205089D420508490000000000803F20
:10C54000063C050879480508515B050849000000CC
:10C550000000803F063C050864550508695505083C
:10C56000420000000000803F063C0508A942050883
:10C57000AE420508420000000000803F063C05086E
:10C58000B9420508BE420508420000000000803F95
:10C59000063C0508B34805080D550508460000008F
:10C5A0000000803F063C0508CB420508D042050844
:10C5B000490000000000803F063C0508D7420508FE
:10C5C000DC420508490000000000803F063C0508E9
:10C5D000E3420508E8420508490000000000803FEA
:10C5E000063C0508EF420508F44205084900000032
:10C5F0000000803F063C0508FB4205080043050893
:10C60000490000000000803F063C0508074305087C
:10C610000C430508490000000000803F063C050867
:10C620001343050818430508490000000000803F37
:10C63000063C05082043050825430508490000007D
:10C640000000803F063C05082D43050832430508DD
:10C65000490000000000803F063C05083A430508F9
:10C660003F430508490000000000803F063C0508E4
:10C67000474305084C430508490000000000803F7F
:10C68000063C0508544305085943050849000000C5
:10C690000000803F063C0508614305086643050825
:10C6A00046000000CDCCCC3D063C05087243050891
:10C6B00077430508490000000000803F063C05085C
:10C6C0008443050889430508490000000000803FB5
:10C6D000063C0508924305089743050849000000F9
:10C6E0000000803F063C05089E430508A34305085B
:10C6F000490000000000803F063C0508AF430508E4
:10C70000B4430508490000000000803F063C0508CE
:10C71000BE4305087C570508420000000000803F2A
:10C72000063C0508185505081D5505084900000078
:10C730000000803F063C0508C34305084337050851
:10C74000490000000000803F063C0508C84305087A
:10C75000CD430508490000000000803F063C050865
:10C76000D8430508DD430508490000000000803F6C
:10C77000063C0508E5430508EA43050849000000B2
:10C780000000803F063C0508F7430508FC43050808
:10C79000490000000000803F063C050808440508E9
:10C7A0000D440508490000000000803F063C0508D4
:10C7B000154405081A440508420000000000803FA7
:10C7C000063C0508274405082C44050846000000DF
:10C7D000CDCCCC3D063C0508394405083E4405084F
:10C7E00046000000CDCCCC3D063C05084B44050876
:10C7F00050440508420000000000803F063C050848
:10C800005B44050860440508490000000000803FC3
:10C81000063C0508F6490508FB49050849000000E3
:10C820000000803F063C05086A4405086F4405087F
:10C83000490000000000803F063C05087B440508D5
:10C8400080440508420000000000803F063C0508C7
:10C85000374A05083C4A0508490000000000803FAF
:10C86000063C05088C440508914405084900000071
:10C870000000803F063C05089A4405089F440508CF
:10C88000490000000000803F063C0508A944050857
:10C89000AE440508490000000000803F063C050842
:10C8A000BB440508844A0508490000000000803F99
:10C8B000063C0508275505082C55050849000000C9
:10C8C0000000803F063C0508944A0508904A050888
:10C8D000460000000000803F063C0508AA4A050803
:10C8E000AF4A0508490000000000803F063C0508EB
:10C8F000CD440508B94A0508490000000000803F02
:10C90000063C0508DE440508E3440508490000002C
:10C910000000803F063C0508ED440508F244050888
:10C92000490000000000803F063C0508FE44050861
:10C93000134E0508420000000000803F063C050839
:10C94000094505080E450508420000000000803F2B
:10C95000063C0508174505081C450508420000006F
:10C960000000803F063C050825450508004C0508E9
:10C97000490000000000803F063C05082A450508E4
:10C980006C5B050846000000CDCCCC3D063C05089C
:10C990002F450508775B050846000000CDCCCC3D4F
:10C9A000063C050834450508875705084600000081
:10C9B000CDCCCC3D063C0508394505083E4505086B
:10C9C000420000000000803F063C0508484505087D
:10C9D0004D45050846000000CDCCCC3D063C050881
:10C9E0005A4505085F45050846000000CDCCCC3D02
:10C9F000063C0508694505089057050846000000F3
:10CA0000CDCCCC3D063C050871550508765505088A
:10CA100046000000CDCCCC3D063C05086E4505081F
:10CA200073450508490000000000803F063C0508EA
:10CA30007F45050884450508420000000000803F4E
:10CA4000063C05088D45050892450508460000008E
:10CA5000CDCCCC3D063C05089E450508A345050800
:10CA600046000000CDCCCC3D063C05087D550508B0
:10CA70008255050846000000CDCCCC3D063C05089B
:10CA8000AE450508B3450508490000000000803F99
:10CA9000063C05084D4E05083755050849000000BD
:10CAA0000000803F063C0508524E0508574E050819
:10CAB00046000000CDCCCC3D063C0508BF4505082E
:10CAC000C4450508420000000000803F063C050800
:10CAD000CE450508D345050846000000CDCCCC3D29
:10CAE000063C0508DE450508E3450508460000004C
:10CAF000CDCCCC3D063C0508EC450508F1450508C4
:10CB0000420000000000803F063C0508FC45050887
:10CB100001460508420000000000803F063C050871
:10CB2000C34E0508C84E0508490000000000803FBC
:10CB3000063C05081C460508214605084200000081
:10CB40000000803F063C05082B4605084A560508AC
:10CB500046000000CDCCCC3D063C0508304605081B
:10CB60000E56050846000000CDCCCC3D063C05081D
:10CB7000DF4E0508E44E0508490000000000803F34
:10CB8000063C0508234F05081F4F05084600000016
:10CB90000000803F063C0508284F05084055050861
:10CBA00046000000CDCCCC3D063C0508384F0508BA
:10CBB0003D4F050846000000CDCCCC3D063C0508A5
:10CBC000354605084B550508490000000000803F28
:10CBD000063C0508574F05088B550508490000001D
:10CBE0000000803F063C0508975505089C55050840
:10CBF000490000000000803F063C0508A0550508DC
:10CC0000A555050846000000CDCCCC3D063C0508E6
:10CC10004B4605085046050846000000CDCCCC3DEB
:10CC2000063C0508584605085D4605084600000014
:10CC3000CDCCCC3D063C0508AE550508B3550508DE
:10CC400046000000CDCCCC3D063C0508BA55050891
:10CC5000BF550508490000000000803F063C05085C
:10CC60006346050868460508490000000000803F4B
:10CC7000063C0508CB550508D055050846000000C0
:10CC8000CDCCCC3D063C0508A05B050872460508E6
:10CC900046000000CDCCCC3D063C0508CC5605082E
:10CCA00078460508420000000000803F063C050869
:10CCB0000050050805500508420000000000803FB4
:10CCC000063C0508D6550508DB5505084900000057
:10CCD0000000803F063C0508105005081550050867
:10CCE000490000000000803F063C05081E50050872
:10CCF0002350050846000000CDCCCC3D063C05087D
:10CD00000855050804550508460000000000803F4E
:10CD1000063C0508844605089857050849000000A8
:10CD20000000803F063C0508894605088E46050838
:10CD3000490000000000803F063C05089A460508AF
:10CD40009F460508490000000000803F063C05089A
:10CD5000AB460508B046050846000000CDCCCC3DEA
:10CD6000063C0508BB460508C0460508460000000D
:10CD7000CDCCCC3D063C0508755105087A51050817
:10CD800046000000CDCCCC3D063C05088651050888
:10CD90008B51050846000000CDCCCC3D063C050873
:10CDA000965105089B51050846000000CDCCCC3DAE
:10CDB000063C0508A6510508AB51050846000000D1
:10CDC000CDCCCC3D063C0508B5510508BA51050847
:10CDD00046000000CDCCCC3D063C0508C5510508F9
:10CDE000CA51050846000000CDCCCC3D063C0508E4
:10CDF000D4510508D9510508490000000000803FC2
:10CE0000063C0508CA460508CF460508490000004B
:10CE10000000803F063C0508DA460508DF460508A5
:10CE2000490000000000803F063C0508EA4605086E
:10CE3000EF460508490000000000803F063C050859
:10CE4000E3510508E8510508490000000000803F53
:10CE5000063C0508F8460508115205084200000086
:10CE60000000803F063C0508074705080C470508F9
:10CE7000420000000000803F063C050815470508F9
:10CE80001A470508420000000000803F063C0508E4
:10CE900022470508E7550508420000000000803FD2
:10CEA000063C05082F4705082747050842000000F3
:10CEB0000000803F063C05083C470508344705084C
:10CEC000420000000000803F063C05084947050875
:10CED00041470508420000000000803F063C05086D
:10CEE000564705084E470508420000000000803FF5
:10CEF000063C0508694705081C5205084200000069
:10CF00000000803F063C05087B4705082D520508B8
:10CF1000420000000000803F063C05088A470508E3
:10CF20005B470508420000000000803F063C050802
:10CF30008F4705086E470508420000000000803F4B
:10CF4000063C05089F470508804705084200000089
:10CF50000000803F063C0508AD470508FC43050876
:10CF6000420000000000803F063C0508BB47050862
:10CF700094470508420000000000803F063C050879
:10CF8000CF5B0508A4470508420000000000803F71
:10CF9000063C0508D5470508625205084200000016
:10CFA0000000803F063C05086D52050872520508D6
:10CFB000420000000000803F063C05087C52050846
:10CFC000B2470508420000000000803F063C05080B
:10CFD00081520508C0470508420000000000803F5C
:10CFE000063C050886520508C947050842000000AE
:10CFF0000000803F063C0508A7570508FB490508C7
:10D00000420000000000803F063C05088B520508E6
:10D0100006420508420000000000803F063C05086B
:10D02000715C050852550508420000000000803F71
:10D03000063C0508A3520508EA5205084200000014
:10D040000000803F063C0508B15205085A55050806
:10D05000420000000000803F723C0508DD400508EA
:10D060000E56050846000000CDCCCC3D723C0508AC
:10D07000E2400508253B050846000000CDCCCC3D2C
:10D08000723C0508E7400508EC4005084600000032
:10D09000CDCCCC3D723C0508F6400508FB400508A8
:10D0A00046000000CDCCCC3D723C0508054105088A
:10D0B0000A41050846000000CDCCCC3D723C050875
:10D0C0001341050818410508490000000000803F91
:10D0D000723C05082141050826410508460000006C
:10D0E000CDCCCC3D723C05082F41050834410508E4
:10D0F00046000000CDCCCC3D723C05083D41050802
:10D1000042410508490000000000803F723C0508CC
:10D110004D41050852410508490000000000803FCC
:10D12000723C05085D4105086241050849000000A0
:10D130000000803F723C05086F41050874410508F6
:10D14000490000000000803F723C05087C41050852
:10D1500081410508490000000000803F723C05083D
:10D160008B4105086F57050846000000CDCCCC3D2B
:10D17000723C0508904105089541050842000000F1
:10D180000000803F723C0508DA470508DF470508C4
:10D1900046000000CDCCCC3D723C0508F6470508A2
:10D1A000FB47050846000000CDCCCC3D723C05088D
:10D1B0000448050809480508490000000000803FB0
:10D1C000723C0508B1410508B64105084900000058
:10D1D0000000803F723C0508C0410508C5410508B4
:10D1E000490000000000803F723C0508D04105085E
:10D1F000D5410508490000000000803F723C050849
:10D20000DF410508E441050846000000CDCCCC3DD7
:10D21000723C0508F0410508F54105084900000089
:10D220000000803F723C05080142050806420508DF
:10D23000490000000000803F723C050811420508CB
:10D2400016420508490000000000803F723C0508B6
:10D250002042050825420508490000000000803FE3
:10D26000723C0508314205083642050846000000B8
:10D27000CDCCCC3D723C0508434205084842050828
:10D28000490000000000803F723C05085442050838
:10D2900059420508490000000000803F723C050823
:10D2A000664205086B420508490000000000803F07
:10D2B000723C0508774205087C42050846000000DC
:10D2C000CDCCCC3D723C050883420508C848050812
:10D2D000420000000000803F723C050888420508BB
:10D2E0008D420508490000000000803F723C05089F
:10D2F000984205089D420508490000000000803F53
:10D30000723C050879480508515B05084900000092
:10D310000000803F723C0508A9420508AE4205089E
:10D32000420000000000803F723C0508B942050839
:10D33000BE420508420000000000803F723C050824
:10D34000B34805080D550508460000000000803F61
:10D35000723C0508C1480508C64805084900000098
:10D360000000803F723C0508CB420508D04205080A
:10D37000490000000000803F723C0508D7420508C4
:10D38000DC420508490000000000803F723C0508AF
:10D39000E3420508E8420508490000000000803F1C
:10D3A000723C0508EF420508F442050849000000F8
:10D3B0000000803F723C0508FB4205080043050859
:10D3C000490000000000803F723C05080743050843
:10D3D0000C430508490000000000803F723C05082E
:10D3E0001343050818430508490000000000803F6A
:10D3F000723C050820430508254305084900000044
:10D400000000803F723C05082D43050832430508A3
:10D41000490000000000803F723C05083A430508BF
:10D420003F430508490000000000803F723C0508AA
:10D43000474305084C430508490000000000803FB1
:10D44000723C05085443050859430508490000008B
:10D450000000803F723C05086143050866430508EB
:10D4600046000000CDCCCC3D723C05087243050857
:10D4700077430508490000000000803F723C050822
:10D480008443050889430508490000000000803FE7
:10D49000723C0508924305089743050849000000BF
:10D4A0000000803F723C05089E430508A343050821
:10D4B000490000000000803F723C0508AF430508AA
:10D4C000B4430508490000000000803F723C050895
:10D4D000BE4305087C570508420000000000803F5D
:10D4E000723C0508C343050843370508490000009E
:10D4F0000000803F723C0508C8430508CD4305087D
:10D50000490000000000803F723C0508D843050830
:10D51000DD430508490000000000803F723C05081B
:10D52000E5430508EA430508490000000000803F84
:10D53000723C0508F7430508FC4305084900000054
:10D540000000803F723C0508084405080D440508AA
:10D55000490000000000803F723C050815440508A2
:10D560001A440508420000000000803F723C050894
:10D57000274405082C44050846000000CDCCCC3DCE
:10D58000723C0508394405083E4405084600000081
:10D59000CDCCCC3D723C05084B44050850440508F1
:10D5A000420000000000803F723C05085B44050813
:10D5B00060440508490000000000803F723C0508F7
:10D5C000F6490508FB490508490000000000803FB6
:10D5D000723C05086A4405086F44050849000000CC
:10D5E0000000803F723C05087B4405088044050824
:10D5F000420000000000803F723C0508374A0508E1
:10D600003C4A0508490000000000803F723C0508C4
:10D610008C44050891440508490000000000803F43
:10D62000723C05089A4405089F440508490000001B
:10D630000000803F723C0508A9440508AE44050877
:10D64000490000000000803F723C0508BB4405080B
:10D65000844A0508490000000000803F723C05082C
:10D66000275505082C550508490000000000803F9B
:10D67000723C0508AA4A0508AF4A0508490000009F
:10D680000000803F723C0508CD440508B94A0508F2
:10D69000490000000000803F723C0508DE44050898
:10D6A000E3440508490000000000803F723C050883
:10D6B000ED440508F2440508490000000000803FE1
:10D6C000723C0508FE440508134E050842000000A0
:10D6D0000000803F723C0508094505080E45050815
:10D6E000420000000000803F723C05081745050815
:10D6F0001C450508420000000000803F723C050800
:10D7000025450508004C0508490000000000803F41
:10D71000723C05082A4505086C5B050846000000B8
:10D72000CDCCCC3D723C05082F450508775B05083C
:10D7300046000000CDCCCC3D723C050834450508C0
:10D740008757050846000000CDCCCC3D723C05084B
:10D75000394505083E450508420000000000803FAD
:10D76000723C0508484505084D450508460000007F
:10D77000CDCCCC3D723C05085A4505085F450508EF
:10D7800046000000CDCCCC3D723C0508694505083B
:10D790009057050846000000CDCCCC3D723C0508F2
:10D7A0006E45050873450508490000000000803FEC
:10D7B000723C05087F4505088445050842000000C5
:10D7C0000000803F723C05088D450508924505081C
:10D7D00046000000CDCCCC3D723C05089E450508B6
:10D7E000A345050846000000CDCCCC3D723C0508A1
:10D7F000AE450508B3450508490000000000803F1C
:10D80000723C05084D4E05083755050849000000D3
:10D810000000803F723C0508524E0508574E05082F
:10D8200046000000CDCCCC3D723C0508BF45050844
:10D83000C4450508420000000000803F723C050816
:10D84000CE450508D345050846000000CDCCCC3DAB
:10D85000723C0508DE450508E34505084600000062
:10D86000CDCCCC3D723C0508EC450508F1450508DA
:10D87000420000000000803F723C0508FC4505089E
:10D8800001460508420000000000803F723C050888
:10D89000C34E0508C84E0508490000000000803F3F
:10D8A000723C05081C460508214605084200000098
:10D8B0000000803F723C05082B4605084A560508C3
:10D8C00046000000CDCCCC3D723C05083046050832
:10D8D0000E56050846000000CDCCCC3D723C050834
:10D8E000DF4E0508E44E0508490000000000803FB7
:10D8F000723C0508234F05081F4F0508460000002D
:10D900000000803F723C0508284F05084055050877
:10D9100046000000CDCCCC3D723C0508384F0508D0
:10D920003D4F050846000000CDCCCC3D723C0508BB
:10D93000354605084B550508490000000000803FAA
:10D94000723C0508474F05084C4F05084900000088
:10D950000000803F723C0508574F05088C550508AC
:10D96000490000000000803F723C05083A46050867
:10D970003F460508420000000000803F723C050859
:10D980004B4605085046050846000000CDCCCC3D6E
:10D99000723C0508584605085D460508460000002B
:10D9A000CDCCCC3D723C05086346050868460508A9
:10D9B000490000000000803F723C0508A05B05089C
:10D9C0007246050846000000CDCCCC3D723C0508EF
:10D9D000CC56050878460508420000000000803F4C
:10D9E000723C05080050050805500508420000007B
:10D9F0000000803F723C05080855050804550508DD
:10DA0000460000000000803F723C0508844605087F
:10DA100098570508490000000000803F723C050847
:10DA2000894605088E460508490000000000803F31
:10DA3000723C05089A4605089F4605084900000003
:10DA40000000803F723C0508AB460508B04605085B
:10DA500046000000CDCCCC3D723C0508BB46050815
:10DA6000C046050846000000CDCCCC3D723C050800
:10DA7000755105087A51050846000000CDCCCC3D13
:10DA8000723C0508865105088B51050846000000C8
:10DA9000CDCCCC3D723C0508965105089B5105083C
:10DAA00046000000CDCCCC3D723C0508A6510508CF
:10DAB000AB51050846000000CDCCCC3D723C0508BA
:10DAC000B5510508BA51050846000000CDCCCC3D43
:10DAD000723C0508C5510508CA51050846000000FA
:10DAE000CDCCCC3D723C0508D4510508D951050870
:10DAF000490000000000803F723C0508CA46050846
:10DB0000CF460508490000000000803F723C050830
:10DB1000DA460508DF460508490000000000803F9E
:10DB2000723C0508EA460508EF4605084900000072
:10DB30000000803F723C0508E3510508E8510508E4
:10DB4000490000000000803F723C0508F8460508C7
:10DB500011520508420000000000803F723C050899
:10DB6000074705080C470508420000000000803FF9
:10DB7000723C0508154705081A47050842000000D1
:10DB80000000803F723C050822470508274705082A
:10DB9000420000000000803F723C05082F47050846
:10DBA00034470508420000000000803F723C050831
:10DBB0003C47050841470508420000000000803F3F
:10DBC000723C0508494705084E4705084200000019
:10DBD0000000803F723C0508564705081C520508A6
:10DBE000420000000000803F723C050869470508BC
:10DBF0005B470508420000000000803F723C0508BA
:10DC00007B4705086E470508420000000000803F82
:10DC1000723C05088A470508804705084200000055
:10DC20000000803F723C05088F470508FC4305084B
:10DC3000420000000000803F723C05089F47050835
:10DC400094470508420000000000803F723C050830
:10DC5000AD470508A4470508420000000000803FCA
:10DC6000723C0508BB470508B247050842000000A2
:10DC70000000803F723C0508CF5B0508C0470508DF
:10DC8000420000000000803F723C0508D5470508AF
:10DC9000C9470508420000000000803F723C0508AB
:10DCA0006D520508FB490508420000000000803F56
:10DCB000723C05087C520508064205084200000037
:10DCC0000000803F723C0508815205085255050846
:10DCD000420000000000803F723C050886520508A3
:10DCE000EA520508420000000000803F723C05082F
:10DCF000A75705085A550508420000000000803F5C
:10DD0000723C05088B520508F652050842000000D7
:10DD10000000803F723C0508715C050862520508EE
:10DD2000420000000000803F723C0508A352050835
:10DD300072520508420000000000803FEF550508C0
:10DD4000B34805080D550508460000000000803F57
:10DD5000EF5505084D4E05083755050849000000E8
:10DD60000000803FEF550508234F05081F4F0508A9
:10DD7000460000000000803FEF55050808550508E3
:10DD800004550508460000000000803FFD550508C9
:10DD9000B34805080D550508460000000000803F07
:10DDA000FD5505080E4E05080D56050846000000F5
:10DDB000CDCCCC3DFD5505084D4E05083755050821
:10DDC000490000000000803F195605080E4E050866
:10DDD0000D56050846000000CDCCCC3D195605086F
:10DDE0004D4E050837550508490000000000803FEA
:10DDF00029560508B34805080D55050846000000DA
:10DE00000000803F295605080E4E05080D560508EE
:10DE100046000000CDCCCC3D295605084D4E0508E6
:10DE200037550508490000000000803F39560508B5
:10DE3000B34805080D550508460000000000803F66
:10DE4000395605080E4E05080D5605084600000017
:10DE5000CDCCCC3D39560508484E05084956050835
:10DE600046000000CDCCCC3D395605084D4E050886
:10DE700037550508490000000000803F213C050897
:10DE8000DD4005080E56050846000000CDCCCC3D0F
:10DE9000213C0508E2400508253B05084600000036
:10DEA000CDCCCC3D213C0508E7400508EC400508F9
:10DEB00046000000CDCCCC3D213C0508F6400508CD
:10DEC000FB40050846000000CDCCCC3D213C0508B8
:10DED000054105080A41050846000000CDCCCC3DAF
:10DEE000213C0508134105081841050849000000B8
:10DEF0000000803F213C0508214105082641050816
:10DF000046000000CDCCCC3D213C05082F41050842
:10DF10003441050846000000CDCCCC3D213C05082D
:10DF20003D41050842410508490000000000803FCE
:10DF3000213C05084D4105085241050849000000F3
:10DF40000000803F213C05085D410508624105084D
:10DF5000490000000000803F213C05086F41050892
:10DF600074410508490000000000803F213C05087D
:10DF70007C41050881410508490000000000803F00
:10DF8000213C05088B4105086F5705084600000035
:10DF9000CDCCCC3D213C05089041050895410508B4
:10DFA000420000000000803F213C0508DA470508D8
:10DFB000DF47050846000000CDCCCC3D213C0508DC
:10DFC000F6470508FB47050846000000CDCCCC3DD0
:10DFD000213C0508044805080948050849000000D7
:10DFE0000000803F213C0508B1410508B641050805
:10DFF000490000000000803F213C0508C0410508A1
:10E00000C5410508490000000000803F213C05088B
:10E01000D0410508D5410508490000000000803FB7
:10E02000213C0508DF410508E441050846000000E1
:10E03000CDCCCC3D213C0508F0410508F541050853
:10E04000490000000000803F213C0508014205080E
:10E0500006420508490000000000803F213C0508F9
:10E060001142050816420508490000000000803FE3
:10E07000213C05082042050825420508490000000A
:10E080000000803F213C0508314205083642050862
:10E0900046000000CDCCCC3D213C0508434205089C
:10E0A00048420508490000000000803F213C050867
:10E0B0005442050859420508490000000000803F0D
:10E0C000213C0508664205086B420508490000002E
:10E0D0000000803F213C0508774205087C42050886
:10E0E00046000000CDCCCC3D213C0508834205080C
:10E0F000C8480508420000000000803F213C050898
:10E10000884205088D420508490000000000803F54
:10E11000213C0508984205089D4205084900000079
:10E120000000803F213C050879480508515B05083F
:10E13000490000000000803F213C0508A942050875
:10E14000AE420508420000000000803F213C050867
:10E15000B9420508BE420508420000000000803FA9
:10E16000213C0508B34805080D5505084600000088
:10E170000000803F213C0508C1480508C648050845
:10E18000490000000000803F213C0508E1480508E7
:10E19000E6480508490000000000803F213C0508D2
:10E1A000EF480508F448050846000000CDCCCC3DFA
:10E1B000213C0508CB420508D04205084900000073
:10E1C0000000803F213C0508D7420508DC420508D5
:10E1D000490000000000803F213C0508E34205089B
:10E1E000E8420508490000000000803F213C050886
:10E1F000EF420508F4420508490000000000803F96
:10E20000213C0508FB4205080043050849000000C1
:10E210000000803F213C0508074305080C43050822
:10E22000490000000000803F213C05081343050819
:10E2300018430508490000000000803F213C050804
:10E240002043050825430508490000000000803FE1
:10E25000213C05082D43050832430508490000000C
:10E260000000803F213C05083A4305083F4305086C
:10E27000490000000000803F213C05084743050895
:10E280004C430508490000000000803F213C050880
:10E290005443050859430508490000000000803F29
:10E2A000213C050861430508664305084600000057
:10E2B000CDCCCC3D213C05087243050877430508C9
:10E2C000490000000000803F213C05088443050808
:10E2D00089430508490000000000803F213C0508F3
:10E2E0009243050897430508490000000000803F5D
:10E2F000213C05089E430508A3430508490000008A
:10E300000000803F213C0508AF430508B4430508E1
:10E31000490000000000803F213C0508BE4305087D
:10E320007C570508420000000000803F213C0508A2
:10E33000C343050843370508490000000000803F3B
:10E34000213C0508D8430508DD43050849000000C5
:10E350000000803F213C0508E5430508EA43050825
:10E36000490000000000803F213C0508F7430508F4
:10E37000FC430508490000000000803F213C0508DF
:10E38000084405080D440508490000000000803FCE
:10E39000213C0508154405081A4405084200000000
:10E3A0000000803F213C0508274405082C4405084F
:10E3B00046000000CDCCCC3D213C05083944050881
:10E3C0003E44050846000000CDCCCC3D213C05086C
:10E3D0004B44050850440508420000000000803FFF
:10E3E000213C05085B44050860440508490000001D
:10E3F0000000803F213C0508F6490508FB49050857
:10E40000490000000000803F213C05086A440508DF
:10E410006F440508490000000000803F213C0508CA
:10E420007B44050880440508420000000000803F4E
:10E43000213C0508374A05083C4A05084900000008
:10E440000000803F213C05088C44050891440508E4
:10E45000490000000000803F213C05089A4405085F
:10E460009F440508490000000000803F213C05084A
:10E47000A9440508AE440508490000000000803F9B
:10E48000213C0508BB440508844A050849000000F2
:10E490000000803F213C0508275505082C5505083C
:10E4A000490000000000803F213C0508AA4A0508F9
:10E4B000AF4A0508490000000000803F213C0508E4
:10E4C000CD440508B94A0508490000000000803F16
:10E4D000213C0508DE440508E34405084900000026
:10E4E0000000803F213C05080E4E05080D5605082A
:10E4F00046000000CDCCCC3D213C0508ED4405088C
:10E50000F2440508490000000000803F213C050856
:10E51000FE440508134E0508420000000000803F3D
:10E52000213C0508094505080E4505084200000084
:10E530000000803F213C0508174505081C450508DB
:10E54000420000000000803F213C050825450508E9
:10E55000004C0508490000000000803F213C0508F0
:10E560002A4505086C5B050846000000CDCCCC3D73
:10E57000213C05082F450508775B0508460000008B
:10E58000CDCCCC3D213C050834450508875705080E
:10E5900046000000CDCCCC3D213C0508394505089E
:10E5A0003E450508420000000000803F213C050870
:10E5B000484505084D45050846000000CDCCCC3D3A
:10E5C000213C05085A4505085F450508460000003E
:10E5D000CDCCCC3D213C0508694505089057050880
:10E5E00046000000CDCCCC3D213C05086E45050819
:10E5F00073450508490000000000803F213C0508E4
:10E600007F45050884450508420000000000803F62
:10E61000213C05088D450508924505084600000087
:10E62000CDCCCC3D213C05089E450508A3450508F9
:10E6300046000000CDCCCC3D213C0508AE45050888
:10E64000B3450508490000000000803F213C050853
:10E65000484E05084956050846000000CDCCCC3D83
:10E66000213C05084D4E05083755050849000000B6
:10E670000000803F213C0508524E0508574E050812
:10E6800046000000CDCCCC3D213C0508BF45050827
:10E69000C4450508420000000000803F213C0508F9
:10E6A000CE450508D345050846000000CDCCCC3D3D
:10E6B000213C0508DE450508E34505084600000045
:10E6C000CDCCCC3D213C0508EC450508F1450508BD
:10E6D000420000000000803F213C0508FC45050881
:10E6E00001460508420000000000803F213C05086B
:10E6F000C34E0508C84E0508490000000000803FD1
:10E70000213C05081C46050821460508420000007A
:10E710000000803F213C05082B4605084A560508A5
:10E7200046000000CDCCCC3D213C05083046050814
:10E730000E56050846000000CDCCCC3D213C050816
:10E74000DF4E0508E44E0508490000000000803F48
:10E75000213C0508234F05081F4F0508460000000F
:10E760000000803F213C0508284F0508405505085A
:10E7700046000000CDCCCC3D213C0508384F0508B3
:10E780003D4F050846000000CDCCCC3D213C05089E
:10E79000354605084B550508490000000000803F3C
:10E7A000213C0508474F05084C4F0508490000006B
:10E7B0000000803F213C0508574F05088C5505088F
:10E7C000490000000000803F213C05083A4605084A
:10E7D0003F460508420000000000803F213C05083C
:10E7E0004B4605085046050846000000CDCCCC3D00
:10E7F000213C0508584605085D460508460000000E
:10E80000CDCCCC3D213C050863460508684605088B
:10E81000490000000000803F213C0508A05B05087E
:10E820007246050846000000CDCCCC3D213C0508D1
:10E83000CC56050878460508420000000000803FDD
:10E84000213C05080050050805500508420000005D
:10E850000000803F213C0508A8500508AD50050880
:10E86000420000000000803F213C0508C850050818
:10E870005456050846000000CDCCCC3D213C05088F
:10E88000D65005085F56050846000000CDCCCC3DAB
:10E89000213C0508085505080455050846000000F8
:10E8A0000000803F213C050884460508985705086C
:10E8B000490000000000803F213C0508894605080A
:10E8C0008E460508490000000000803F213C0508F5
:10E8D0009A4605089F460508490000000000803F51
:10E8E000213C0508AB460508B04605084600000077
:10E8F000CDCCCC3D213C0508BB460508C0460508EB
:10E9000046000000CDCCCC3D213C050875510508E2
:10E910007A51050846000000CDCCCC3D213C0508CD
:10E92000865105088B51050846000000CDCCCC3D32
:10E93000213C0508965105089B510508460000003A
:10E94000CDCCCC3D213C0508A6510508AB510508AE
:10E9500046000000CDCCCC3D213C0508B551050852
:10E96000BA51050846000000CDCCCC3D213C05083D
:10E97000C5510508CA51050846000000CDCCCC3D64
:10E98000213C0508D4510508D9510508490000006B
:10E990000000803F213C0508CA460508CF4605080F
:10E9A000490000000000803F213C0508DA460508C8
:10E9B000DF460508490000000000803F213C0508B3
:10E9C000EA460508EF460508490000000000803FC0
:10E9D000213C0508E3510508E851050849000000FD
:10E9E0000000803F213C0508F84605081152050843
:10E9F000420000000000803F213C05080747050851
:10EA00000C470508420000000000803F213C05083B
:10EA1000154705081A470508420000000000803F1E
:10EA2000213C050822470508274705084200000049
:10EA30000000803F213C05082F47050834470508A2
:10EA4000420000000000803F213C05083C470508CB
:10EA500041470508420000000000803F213C0508B6
:10EA6000494705084E470508420000000000803F66
:10EA7000213C0508564705081C52050842000000C5
:10EA80000000803F213C0508694705084152050800
:10EA9000420000000000803F213C05087B4705083C
:10EAA0004C520508420000000000803F213C050850
:10EAB0008A47050880470508420000000000803FA3
:10EAC000213C05088F470508565205084200000002
:10EAD0000000803F213C05089F4705089447050832
:10EAE000420000000000803F213C0508AD470508BA
:10EAF000A4470508420000000000803F213C0508B3
:10EB0000BB470508B2470508420000000000803FEF
:10EB1000213C0508CF5B0508C047050842000000FE
:10EB20000000803F213C0508D5470508C947050876
:10EB3000420000000000803F213C05086D5205089E
:10EB4000FB490508420000000000803F213C050809
:10EB50007C52050806420508420000000000803F84
:10EB6000213C050881520508525505084200000065
:10EB70000000803F213C050886520508EA5205083E
:10EB8000420000000000803F213C0508A75705080F
:10EB90005A550508420000000000803F213C05084E
:10EBA0008B520508F6520508420000000000803F25
:10EBB000213C0508715C0508B652050842000000BA
:10EBC0000000803F213C0508A3520508A852050813
:10EBD000420000000000803F213C0508B1520508BA
:10EBE00062520508420000000000803F213C0508F9
:10EBF000BF52050872520508420000000000803F25
:10EC00006A5605087D560508795605084600000035
:10EC10000000803F6A560508944A0508904A050896
:10EC2000460000000000803F6A560508234F050893
:10EC30001F4F0508460000000000803F825605086F
:10EC40009056050895560508460000000000803FD4
:10EC500082560508A8560508A45605084600000077
:10EC60000000803F82560508B1560508AD560508DC
:10EC7000490000000000803F82560508BA5605088A
:10EC8000B6560508460000000000803F8256050881
:10EC9000C3560508BF560508460000000000803F27
:10ECA00082560508CC560508C856050849000000DC
:10ECB0000000803F82560508D5560508D156050844
:10ECC000460000000000803F82560508DE56050819
:10ECD000DA560508460000000000803F825605080D
:10ECE000E7560508E3560508460000000000803F8F
:10ECF00082560508EC560508F15605084600000046
:10ED0000CDCCCC3D8256050800570508FC560508B9
:10ED1000490000000000803F825605080957050899
:10ED200005570508460000000000803F8256050890
:10ED3000125705080E570508460000000000803FE6
:10ED4000825605081B57050817570508460000009E
:10ED50000000803F82560508245705082057050803
:10ED6000460000000000803F825605082D57050828
:10ED700029570508460000000000803F325705086B
:10ED80009056050895560508460000000000803F93
:10ED900032570508A8560508A45605084600000085
:10EDA0000000803F32570508B1560508AD560508EA
:10EDB000490000000000803F32570508BA56050898
:10EDC000B6560508460000000000803F325705088F
:10EDD000C3560508BF560508460000000000803FE6
:10EDE00032570508CC560508C856050849000000EA
:10EDF0000000803F32570508D5560508D156050852
:10EE0000460000000000803F32570508DE56050826
:10EE1000DA560508460000000000803F325705081A
:10EE20004457050840570508460000000000803F91
:10EE3000325705084D570508495705084600000098
:10EE40000000803F3257050800570508FC560508AA
:10EE5000490000000000803F32570508565705085A
:10EE600052570508460000000000803F3257050851
:10EE70000957050805570508460000000000803FB7
:10EE800032570508125705080E57050846000000BE
:10EE90000000803F325705081B5705081757050823
:10EEA000460000000000803F32570508245705083F
:10EEB00020570508460000000000803F3257050833
:10EEC0005B5705087D580508490000000000803F99
:10EED000605705088B4105086E570508460000007D
:10EEE000CDCCCC3D605705089056050895560508D1
:10EEF000460000000000803F60570508BE4305083B
:10EF00007B570508420000000000803F605705085D
:10EF1000344505088657050846000000CDCCCC3D99
:10EF200060570508694505088F5705084600000029
:10EF3000CDCCCC3D60570508234F05081F4F050871
:10EF4000460000000000803F60570508A8560508ED
:10EF5000A4560508460000000000803F60570508E1
:10EF6000B1560508AD560508490000000000803F75
:10EF700060570508BA560508B65605084600000051
:10EF80000000803F60570508C3560508BF560508B6
:10EF9000460000000000803F60570508CC56050879
:10EFA000C8560508490000000000803F605705086A
:10EFB000D5560508D1560508460000000000803FE0
:10EFC00060570508DE560508DA56050846000000B9
:10EFD0000000803F60570508445705084057050862
:10EFE000460000000000803F605705084D570508A7
:10EFF00049570508460000000000803F605705089B
:10F0000000570508FC560508490000000000803F35
:10F010006057050809570508055705084600000010
:10F020000000803F60570508125705080E57050875
:10F03000460000000000803F605705081B57050888
:10F0400017570508460000000000803F605705087C
:10F050002457050820570508460000000000803F9F
:10F06000605705082D570508295705084600000078
:10F070000000803F6057050808550508045505083D
:10F08000460000000000803F6057050884460508E0
:10F0900097570508490000000000803F60570508A9
:10F0A000A7570508A3570508460000000000803F49
:10F0B00085400508AC570508B15705084600000013
:10F0C000CDCCCC3D85400508BC570508C157050887
:10F0D000490000000000803F85400508C957050829
:10F0E000FE37050846000000CDCCCC3D8540050824
:10F0F000CE570508D357050846000000CDCCCC3DBF
:10F1000085400508E1570508FE3705084600000060
:10F11000CDCCCC3D85400508E6570508F5570508D8
:10F1200046000000CDCCCC3D85400508EB570508D6
:10F13000F057050846000000CDCCCC3D85400508C1
:10F14000FE57050846410508420000000000803FC8
:10F1500085400508035805087F5705084200000050
:10F160000000803F8540050808580508E955050856
:10F17000420000000000803F854005080D5805084A
:10F180001258050846000000CDCCCC3D854005084E
:10F190001A5805087855050846000000CDCCCC3D2E
:10F1A000854005081F58050824580508460000003A
:10F1B000CDCCCC3D854005083258050824580508BB
:10F1C00046000000CDCCCC3D8540050837580508E9
:10F1D0003C58050846000000CDCCCC3D85400508D4
:10F1E0004B5805081258050846000000CDCCCC3D10
:10F1F0008540050850580508555805084900000085
:10F200000000803F854005086358050868580508D8
:10F21000490000000000803F854005087758050838
:10F220007C580508490000000000803F8540050823
:10F23000845805088958050846000000CDCCCC3D0F
:10F2400085400508935805089858050849000000AE
:10F250000000803F85400508A0580508A55805080E
:10F2600046000000CDCCCC3D85400508AA580508D5
:10F27000AF580508490000000000803F85400508A0
:10F28000B7580508BC58050846000000CDCCCC3D59
:10F2900085400508C1580508C65805084900000002
:10F2A0000000803F85400508CE580508D358050862
:10F2B000490000000000803F85400508DC58050833
:10F2C000E1580508490000000000803F854005081E
:10F2D000EB580508F0580508490000000000803F81
:10F2E00085400508FD5805087F57050849000000BE
:10F2F0000000803F854005080259050807590508A8
:10F3000046000000CDCCCC3D8540050813590508CA
:10F310001859050846000000CDCCCC3D85400508B5
:10F32000225905082759050846000000CDCCCC3DE0
:10F33000854005083159050836590508490000007F
:10F340000000803F85400508415905089959050886
:10F35000490000000000803F854005084659050827
:10F360004B590508490000000000803F8540050812
:10F370005959050862500508490000000000803F07
:10F38000854005085E590508F3560508460000004B
:10F39000CDCCCC3D85400508635905087F5705084D
:10F3A000490000000000803F8540050868590508B5
:10F3B0006D590508490000000000803F85400508A0
:10F3C0007A59050899590508490000000000803F56
:10F3D000854005087F590508845905084900000043
:10F3E0000000803F8540050890590508955905089B
:10F3F000490000000000803F854005089E5905082F
:10F40000A3590508490000000000803F8540050819
:10F41000AB5905087D580508490000000000803FF1
:10F4200085400508B0590508B55905084600000093
:10F43000CDCCCC3D85400508BE59050846410508A0
:10F44000490000000000803F85400508C3590508B9
:10F45000C8590508490000000000803F85400508A4
:10F46000D1590508D6590508490000000000803F21
:10F4700085400508E0590508E559050846000000E3
:10F48000CDCCCC3D85400508F1590508F659050855
:10F49000490000000000803F85400508015A05082A
:10F4A000065A0508490000000000803F8540050815
:10F4B000155A0508C8590508490000000000803F9A
:10F4C000854005081A5A05081F5A0508490000001A
:10F4D0000000803F854005082B5A0508305A050872
:10F4E000490000000000803F854005083F5A05089C
:10F4F000445A0508490000000000803F8540050887
:10F50000515A0508565A0508490000000000803F7E
:10F5100085400508605A0508655A0508490000003D
:10F520000000803F85400508705A05080D59050800
:10F5300046000000CDCCCC3D85400508755A050835
:10F540001859050846000000CDCCCC3D8540050883
:10F550007A5A0508E64E0508490000000000803F81
:10F56000854005087F5A0508845A050849000000AF
:10F570000000803F854005088E5A0508935A05080B
:10F58000490000000000803F85400508A45A050896
:10F59000A95A0508490000000000803F8540050881
:10F5A000B55A0508BA5A0508490000000000803F16
:10F5B00085400508C35A0508575A05084900000048
:10F5C0000000803F85400508C85A0508CD5A050847
:10F5D000490000000000803F85400508D85A050812
:10F5E00098570508490000000000803F8540050845
:10F5F000DD5A0508E25A0508490000000000803F76
:10F6000085400508EF5A0508F45A0508490000002E
:10F610000000803F85400508005B0508055B050884
:10F62000490000000000803F85400508125B050886
:10F63000175B0508490000000000803F943B050867
:10F64000DD4005080E56050846000000CDCCCC3D37
:10F65000943B0508E2400508253B050846000000EC
:10F66000CDCCCC3D943B0508E7400508EC400508AF
:10F6700046000000CDCCCC3D943B0508F640050883
:10F68000FB40050846000000CDCCCC3D943B05086E
:10F69000054105080A41050846000000CDCCCC3DD7
:10F6A000943B05081341050818410508490000006E
:10F6B0000000803F943B05082141050826410508CC
:10F6C00046000000CDCCCC3D943B05083D410508EB
:10F6D00042410508490000000000803F943B0508B6
:10F6E0008B4105086F57050846000000CDCCCC3D86
:10F6F000943B05089041050895410508420000002B
:10F700000000803F943B0508215B0508265B050847
:10F71000420000000000803F943B0508A24105081C
:10F72000A741050846000000CDCCCC3D943B050820
:10F73000B1410508B6410508490000000000803FBE
:10F74000943B0508C0410508C54105084900000073
:10F750000000803F943B05082F5B0508345B0508DB
:10F76000420000000000803F943B0508D04105089E
:10F77000D5410508490000000000803F943B050882
:10F78000DF410508E441050846000000CDCCCC3D32
:10F79000943B0508F0410508F541050849000000C3
:10F7A0000000803F943B0508014205080642050819
:10F7B000490000000000803F943B05081142050805
:10F7C00016420508490000000000803F943B0508F0
:10F7D000664205086B420508490000000000803FB2
:10F7E000943B0508774205087C4205084600000066
:10F7F000CDCCCC3D943B050883420508C84805089C
:10F80000420000000000803F943B05089842050834
:10F810009D420508490000000000803F943B050818
:10F820003F5B0508445B050846000000CDCCCC3D9D
:10F83000943B050879480508505B0508490000001D
:10F840000000803F943B0508B9420508BE42050808
:10F85000420000000000803F943B0508CB420508B1
:10F86000D0420508490000000000803F943B050895
:10F87000D7420508DC420508490000000000803F2F
:10F88000943B0508E3420508E842050849000000EA
:10F890000000803F943B0508EF420508F44205084C
:10F8A000490000000000803F943B0508FB4205082A
:10F8B00000430508490000000000803F943B050814
:10F8C000074305080C430508490000000000803F7D
:10F8D000943B050813430508184305084900000038
:10F8E0000000803F943B0508204305082543050898
:10F8F000490000000000803F943B05082D430508A7
:10F9000032430508490000000000803F943B050891
:10F910003A4305083F430508490000000000803FC6
:10F92000943B0508474305084C430508490000007F
:10F930000000803F943B05085443050859430508DF
:10F94000490000000000803F943B05089E430508E5
:10F95000A3430508490000000000803F943B0508D0
:10F96000AF430508B4430508490000000000803F8C
:10F97000943B0508BE4305087C570508420000007B
:10F980000000803F943B0508185505081D550508E3
:10F99000490000000000803F943B0508C343050870
:10F9A00043370508490000000000803F943B0508EC
:10F9B000C8430508CD430508490000000000803F0A
:10F9C000943B0508E5430508EA43050849000000A3
:10F9D0000000803F943B0508F7430508FC430508F9
:10F9E000490000000000803F943B050815440508CD
:10F9F0001A440508420000000000803F943B0508BF
:10FA00004B44050850440508420000000000803FB8
:10FA1000943B0508F6490508FB4905084900000024
:10FA20000000803F943B0508585B05085D5B0508B6
:10FA3000490000000000803F943B0508665B050814
:10FA4000484B0508490000000000803F943B050832
:10FA5000944A0508904A0508460000000000803FCF
:10FA6000943B0508FE440508134E050842000000BB
:10FA70000000803F943B0508254505085B540508B8
:10FA8000490000000000803F943B05082A45050816
:10FA90006B5B050846000000CDCCCC3D943B0508CF
:10FAA0002F450508765B050846000000CDCCCC3D0F
:10FAB000943B0508344505088657050846000000B4
:10FAC000CDCCCC3D943B0508394505083E4505089D
:10FAD000420000000000803F943B0508694505088E
:10FAE0008F57050846000000CDCCCC3D943B05085F
:10FAF0007F45050884450508420000000000803F5E
:10FB0000943B05087D55050883550508460000000F
:10FB1000CDCCCC3D943B0508CE450508D345050822
:10FB200046000000CDCCCC3D943B0508815B050828
:10FB3000865B050846000000CDCCCC3D943B050813
:10FB40008F5B0508945B0508420000000000803FC1
:10FB5000943B0508234F05081F4F05084600000089
:10FB60000000803F943B0508354605085B540508B6
:10FB7000490000000000803F943B0508574F0508EE
:10FB80008B550508490000000000803F943B0508A4
:10FB9000A05B05089C5B0508460000000000803F54
:10FBA000943B050808550508045505084600000063
:10FBB0000000803F943B05088446050898570508D7
:10FBC000490000000000803F943B05088946050875
:10FBD0008E460508490000000000803F943B050860
:10FBE0009A4605089F460508490000000000803F2E
:10FBF000943B0508AB460508B046050846000000E2
:10FC0000CDCCCC3D943B0508BB460508C046050855
:10FC100046000000CDCCCC3D943B0508CA46050803
:10FC2000CF460508490000000000803F943B0508CE
:10FC3000A55B0508AA5B050846000000CDCCCC3DBD
:10FC4000943B0508F84605081152050842000000DB
:10FC50000000803F943B0508074705080C4705084E
:10FC6000420000000000803F943B0508154705084E
:10FC70001A470508420000000000803F943B050839
:10FC80002247050841470508420000000000803F68
:10FC9000943B05082F4705084E4705084200000021
:10FCA0000000803F943B05083C470508B55B05080C
:10FCB000420000000000803F943B050849470508CA
:10FCC000BF5B0508420000000000803F943B050830
:10FCD0005647050880470508420000000000803FA5
:10FCE000943B050869470508B24705084200000033
:10FCF0000000803F943B05087B470508C047050886
:10FD0000420000000000803F943B05088A47050838
:10FD100006420508420000000000803F943B0508B1
:10FD20008F470508FC430508420000000000803FA3
:10FD3000943B05089F470508FB4905084200000061
:10FD40000000803F943B0508CF5B0508CB5B0508AE
:10FD5000460000000000803FD45B050808550508F8
:10FD600004550508460000000000803FE15B0508DF
:10FD70000855050804550508460000000000803FAE
:10FD8000B23E0508DD4005080E5605084600000095
:10FD9000CDCCCC3DB23E0508E2400508253B050828
:10FDA00046000000CDCCCC3DB23E0508E74005083A
:10FDB000EC40050846000000CDCCCC3DB23E050825
:10FDC000F6400508FB40050846000000CDCCCC3DC0
:10FDD000B23E0508054105080A4105084600000035
:10FDE000CDCCCC3DB23E05081341050818410508AD
:10FDF000490000000000803FB23E0508214105088F
:10FE00002641050846000000CDCCCC3DB23E050899
:10FE10002F4105083441050846000000CDCCCC3DFB
:10FE2000B23E05083D410508424105084900000071
:10FE30000000803FB23E05086F4105087441050887
:10FE4000490000000000803FB23E05088B410508D4
:10FE50006F57050846000000CDCCCC3DB23E0508EA
:10FE60009041050895410508420000000000803FD0
:10FE7000B23E0508215B0508265B0508420000002C
:10FE80000000803FB23E0508A2410508A7410508D1
:10FE900046000000CDCCCC3DB23E05080448050824
:10FEA00009480508490000000000803FB23E0508EF
:10FEB000EE5B0508F35B050846000000CDCCCC3DA9
:10FEC000B23E0508B1410508B641050849000000E9
:10FED0000000803FB23E0508C0410508C541050845
:10FEE000490000000000803FB23E05082F5B050876
:10FEF000345B0508420000000000803FB23E050868
:10FF0000D0410508D5410508490000000000803FA8
:10FF1000B23E0508DF410508E4410508460000003F
:10FF2000CDCCCC3DB23E0508F0410508F5410508B1
:10FF3000490000000000803FB23E0508014205086C
:10FF400006420508490000000000803FB23E050857
:10FF50001142050816420508490000000000803FD4
:10FF6000B23E050820420508254205084900000068
:10FF70000000803FB23E05083142050836420508C0
:10FF800046000000CDCCCC3DB23E050843420508FA
:10FF900048420508490000000000803FB23E0508C5
:10FFA0005442050859420508490000000000803FFE
:10FFB000B23E0508664205086B420508490000008C
:10FFC0000000803FB23E0508774205087C420508E4
:10FFD00046000000CDCCCC3DB23E0508834205086A
:10FFE000C8480508420000000000803FB23E0508F6
:10FFF000884205088D420508490000000000803F46
:020000040806EC
:10000000B23E0508984205089D42050849000000D7
:100010000000803FB23E05083F5B0508445B0508D1
:1000200046000000CDCCCC3DB23E0508794805081D
:10003000505B0508490000000000803FB23E050803
:10004000B9420508BE420508420000000000803F9A
:10005000B23E05086F5305087453050849000000B7
:100060000000803FB23E0508CB420508D04205089B
:10007000490000000000803FB23E0508D742050855
:10008000DC420508490000000000803FB23E050840
:10009000E3420508E8420508490000000000803FEF
:1000A000B23E0508EF420508F44205084900000089
:1000B0000000803FB23E0508FB42050800430508EA
:1000C000490000000000803FB23E050807430508D4
:1000D0000C430508490000000000803FB23E0508BF
:1000E0001343050818430508490000000000803F3D
:1000F000B23E0508204305082543050849000000D5
:100100000000803FB23E05082D4305083243050834
:10011000490000000000803FB23E05083A43050850
:100120003F430508490000000000803FB23E05083B
:10013000474305084C430508490000000000803F84
:10014000B23E05085443050859430508490000001C
:100150000000803FB23E0508FA5B0508FF5B05081A
:10016000490000000000803FB23E0508095C050818
:100170000E5C0508490000000000803FB23E050803
:10018000614305086643050846000000CDCCCC3D20
:10019000B23E05089E430508A34305084900000038
:1001A0000000803FB23E0508AF430508B443050890
:1001B000490000000000803FB23E0508BE4305082C
:1001C0007C570508420000000000803FB23E050851
:1001D000185505081D550508490000000000803F1E
:1001E000B23E0508C343050843370508490000002F
:1001F0000000803FB23E0508C8430508CD4305080E
:10020000490000000000803FB23E0508E5430508B4
:10021000EA430508490000000000803FB23E05089F
:10022000F7430508FC430508490000000000803F33
:10023000B23E0508084405080D44050849000000C1
:100240000000803FB23E0508154405081A44050821
:10025000420000000000803FB23E05084B44050804
:1002600050440508420000000000803FB23E0508EF
:100270005B44050860440508490000000000803F19
:10028000B23E0508F6490508FB490508490000008B
:100290000000803FB23E0508FE440508134E0508E5
:1002A000420000000000803FB23E050809450508F5
:1002B0000E450508420000000000803FB23E0508E0
:1002C000174505081C450508420000000000803F56
:1002D000B23E05082A4505086C5B0508460000008B
:1002E000CDCCCC3DB23E05082F450508775B05080F
:1002F00046000000CDCCCC3DB23E05083445050893
:100300008757050846000000CDCCCC3DB23E05081D
:10031000394505083E450508420000000000803FC1
:10032000B23E0508694505088F57050846000000DC
:10033000CDCCCC3DB23E05087F4505088445050877
:10034000420000000000803FB23E05087D550508D0
:100350008355050846000000CDCCCC3DB23E0508D3
:10036000BF450508C4450508420000000000803F65
:10037000B23E0508CE450508D345050846000000F5
:10038000CDCCCC3DB23E0508DE450508E345050869
:1003900046000000CDCCCC3DB23E0508EC4505083A
:1003A000F1450508420000000000803FB23E05080C
:1003B000884E05088D4E050846000000CDCCCC3D8A
:1003C000B23E0508234F05081F4F050846000000F0
:1003D0000000803FB23E0508175C05081C5C05085C
:1003E000420000000000803FB23E0508A05B050807
:1003F0009C5B0508460000000000803FB23E0508F7
:100400000050050805500508420000000000803F2C
:10041000B23E0508085505080455050846000000C9
:100420000000803FB23E050884460508985705083D
:10043000490000000000803FB23E050889460508DB
:100440008E460508490000000000803FB23E0508C6
:100450009A4605089F460508490000000000803FB5
:10046000B23E0508AB460508B04605084600000048
:10047000CDCCCC3DB23E0508BB460508C0460508BC
:1004800046000000CDCCCC3DB23E0508CA4605086A
:10049000CF460508490000000000803FB23E050835
:1004A000DA460508DF460508490000000000803FE5
:1004B000B23E0508275C05082C5C050849000000D1
:1004C0000000803FB23E0508EA460508EF460508F1
:1004D000490000000000803FB23E0508365C050878
:1004E0003B5C050846000000CDCCCC3DB23E050883
:1004F000455C05084A5C050846000000CDCCCC3DB3
:10050000B23E0508F84605081152050842000000F1
:100510000000803FB23E0508074705080C47050864
:10052000420000000000803FB23E05081547050864
:100530001A470508420000000000803FB23E05084F
:100540002247050841470508420000000000803F9F
:10055000B23E05082F4705084E4705084200000037
:100560000000803FB23E05083C470508B55B050822
:10057000420000000000803FB23E050849470508E0
:10058000BF5B0508420000000000803FB23E050846
:100590005647050880470508420000000000803FDC
:1005A000B23E050869470508B24705084200000049
:1005B0000000803FB23E05087B470508C04705089C
:1005C000420000000000803FB23E05088A4705084F
:1005D00006420508420000000000803FB23E0508C8
:1005E0008F470508FC430508420000000000803FDB
:1005F000B23E05089F470508FB4905084200000078
:100600000000803FB23E0508AD470508C947050810
:10061000420000000000803FB23E0508BB470508CD
:10062000FC430508420000000000803FB23E050880
:10063000CF5B0508FB490508420000000000803F31
:10064000B23E0508D5470508535C05084200000086
:100650000000803FB23E05086D520508C9470508F5
:10066000420000000000803F605C050879480508F2
:10067000505B0508490000000000803F605C0508F1
:10068000234F05081F4F0508460000000000803F6B
:10069000605C0508A05B05089C5B0508460000003F
:1006A0000000803F605C05080855050804550508F2
:1006B000460000000000803F605C0508CF5B050835
:1006C000CB5B0508460000000000803F605C050829
:1006D000715C05086D5C0508460000000000803F65
:1006E0004D3C0508DD4005080E5605084600000093
:1006F000CDCCCC3D4D3C0508E2400508253B050826
:1007000046000000CDCCCC3D4D3C0508E740050837
:10071000EC40050846000000CDCCCC3D4D3C050822
:10072000F6400508FB40050846000000CDCCCC3D56
:100730004D3C0508054105080A4105084600000032
:10074000CDCCCC3D4D3C05081341050818410508AA
:10075000490000000000803F4D3C0508214105088C
:100760002641050846000000CDCCCC3D4D3C050897
:100770002F4105083441050846000000CDCCCC3D92
:100780004D3C05083D41050842410508490000006F
:100790000000803F4D3C05086F4105087441050885
:1007A000490000000000803F4D3C05088B410508D2
:1007B0006F57050846000000CDCCCC3D4D3C0508E8
:1007C0009041050895410508420000000000803F67
:1007D0004D3C0508215B0508265B0508420000002A
:1007E0000000803F4D3C0508A2410508A7410508CF
:1007F00046000000CDCCCC3D4D3C0508B14105087C
:10080000B6410508490000000000803F4D3C050846
:10081000C0410508C5410508490000000000803FAF
:100820004D3C05082F5B0508345B050842000000BD
:100830000000803F4D3C0508765C05087B5C0508A0
:10084000420000000000803F4D3C0508D0410508F3
:10085000D5410508490000000000803F4D3C0508D7
:10086000DF410508E441050846000000CDCCCC3D41
:100870004D3C0508F0410508F54105084900000018
:100880000000803F4D3C050801420508064205086E
:10089000490000000000803F4D3C0508114205085A
:1008A00016420508490000000000803F4D3C050845
:1008B0002042050825420508490000000000803F4D
:1008C0004D3C050831420508364205084600000047
:1008D000CDCCCC3D4D3C05084342050848420508B7
:1008E000490000000000803F4D3C050854420508C7
:1008F00059420508490000000000803F4D3C0508B2
:10090000664205086B420508490000000000803F70
:100910004D3C0508774205087C420508460000006A
:10092000CDCCCC3D4D3C050883420508C8480508A0
:10093000420000000000803F4D3C05088842050849
:100940008D420508490000000000803F4D3C05082D
:10095000984205089D420508490000000000803FBC
:100960004D3C05083F5B0508445B05084600000058
:10097000CDCCCC3D4D3C0508B9420508BE4205082A
:10098000420000000000803F4D3C0508CB420508B6
:10099000D0420508490000000000803F4D3C05089A
:1009A000D7420508DC420508490000000000803FEE
:1009B0004D3C0508E3420508E842050849000000EF
:1009C0000000803F4D3C0508EF420508F442050851
:1009D000490000000000803F4D3C0508FB4205082F
:1009E00000430508490000000000803F4D3C050819
:1009F000074305080C430508490000000000803F3C
:100A00004D3C05081343050818430508490000003C
:100A10000000803F4D3C050820430508254305089C
:100A2000490000000000803F4D3C05082D430508AB
:100A300032430508490000000000803F4D3C050896
:100A40003A4305083F430508490000000000803F85
:100A50004D3C0508474305084C4305084900000084
:100A60000000803F4D3C05085443050859430508E4
:100A7000490000000000803F4D3C0508FA5B050876
:100A8000FF5B0508490000000000803F4D3C050861
:100A9000095C05080E5C0508490000000000803F65
:100AA0004D3C050861430508664305084600000003
:100AB000CDCCCC3D4D3C05089E430508A34305081D
:100AC000490000000000803F4D3C0508AF43050889
:100AD000B4430508490000000000803F4D3C050874
:100AE000BE4305087C570508420000000000803F17
:100AF0004D3C0508C343050843370508490000007D
:100B00000000803F4D3C0508E5430508EA43050821
:100B1000490000000000803F4D3C0508F7430508F0
:100B2000FC430508490000000000803F4D3C0508DB
:100B3000084405080D440508490000000000803FF6
:100B40004D3C0508154405081A44050842000000FC
:100B50000000803F4D3C05084B4405085044050803
:100B6000420000000000803F4D3C05085B44050842
:100B700060440508490000000000803F4D3C050826
:100B8000F6490508FB490508490000000000803FC0
:100B90004D3C0508845C0508895C05084900000097
:100BA0000000803F4D3C0508FE440508134E050833
:100BB000420000000000803F4D3C05080945050843
:100BC0000E450508420000000000803F4D3C05082E
:100BD000174505081C450508420000000000803F3D
:100BE0004D3C05082A4505086C5B050846000000D9
:100BF000CDCCCC3D4D3C05082F450508775B05085D
:100C000046000000CDCCCC3D4D3C050834450508E0
:100C10008757050846000000CDCCCC3D4D3C05086B
:100C2000394505083E450508420000000000803FA8
:100C30004D3C05087F450508844505084200000035
:100C40000000803F4D3C05087D550508835505088B
:100C500046000000CDCCCC3D4D3C0508BF45050805
:100C6000C4450508420000000000803F4D3C0508D7
:100C7000CE450508D345050846000000CDCCCC3D47
:100C80004D3C0508DE450508E34505084600000023
:100C9000CDCCCC3D4D3C0508EC450508F14505089B
:100CA000420000000000803F4D3C0508574F0508FA
:100CB0008B550508490000000000803F4D3C0508A9
:100CC0003A4605083F460508420000000000803F04
:100CD0004D3C05080050050805500508420000007D
:100CE0000000803F4D3C05080855050804550508DF
:100CF000460000000000803F4D3C05088446050882
:100D000098570508490000000000803F4D3C050849
:100D1000894605088E460508490000000000803F0E
:100D20004D3C05089A4605089F4605084900000005
:100D30000000803F4D3C0508AB460508B04605085D
:100D400046000000CDCCCC3D4D3C0508BB46050817
:100D5000C046050846000000CDCCCC3D4D3C050802
:100D6000CA460508CF460508490000000000803F3C
:100D70004D3C0508DA460508DF4605084900000035
:100D80000000803F4D3C0508EA460508EF4605088F
:100D9000490000000000803F4D3C0508F84605086A
:100DA00011520508420000000000803F4D3C05083C
:100DB000074705080C470508420000000000803F77
:100DC0004D3C0508154705081A4705084200000074
:100DD0000000803F4D3C05082247050841470508B3
:100DE000420000000000803F4D3C05082F470508E9
:100DF0004E470508420000000000803F4D3C0508BA
:100E00003C470508B55B0508420000000000803F34
:100E10004D3C050849470508BF5B05084200000036
:100E20000000803F4D3C05085647050880470508EF
:100E3000420000000000803F4D3C0508694705085E
:100E4000B2470508420000000000803F4D3C050805
:100E50007B470508C0470508420000000000803FAE
:100E60004D3C05088A470508064205084200000077
:100E70000000803F4D3C05088F470508FC430508EE
:100E8000420000000000803F4D3C05089F470508D8
:100E9000FB490508420000000000803F4D3C05086A
:100EA000AD470508C9470508420000000000803F23
:100EB000035D0508075D05080B5D05080F5D050866
:100EC000135D0508185D05081D5D0508CC5D050866
:100ED000D15D0508D55D0508D95D0508DF5D05080C
:100EE000E35D0508303132333435363738396162E5
:100EF0006364656600000000343905083839050868
:100F0000223905082B3905083C39050841390508FF
:100F1000000000000102030401020304060708099F
:100F2000E5670508FB6F0508E570050866730508A9
:100F3000000610160006101601000200040006004C
:100F400008000A000C001000200040008000000192
:100F50000804020408010101010101030701000066
:100F60004E5374366C6F63616C653566616365748E
:100F70004500000084400608600F0608430000009A
:100F8000F0CF012458CF0124DCCF01244CCF012421
:100F9000E4CF012454CF012400D0012468CF0124E0
:100FA000FCCF012464CF0124F8CF012460CF0124B9
:100FB000F4CF01245CCF0124E0CF012450CF0124E1
:100FC00050D0012498CF01243CD001248CCF01249F
:100FD00044D0012494CF012460D00124A8CF01245F
:100FE0005CD00124A4CF012458D00124A0CF012437
:100FF00054D001249CCF012440D0012490CF01245F
:1010000000000000000000007400000072000000FA
:101010007500000065000000000000006600000090
:10102000610000006C00000073000000650000001B
:1010300000000000470000004D00000054000000C8
:1010400000000000480000005300000054000000B1
:1010500000000000410000004B00000053000000B1
:101060005400000000000000500000005300000089
:1010700054000000000000004D000000530000007C
:101080005400000000000000430000005300000076
:101090005400000000000000450000005300000064
:1010A0005400000000000000410000005300000058
:1010B00054000000000000004E000000530000003B
:1010C0005400000000000000430000004500000044
:1010D0005400000000000000490000005300000020
:1010E0005400000000000000450000004500000022
:1010F00054000000000000004A00000053000000FF
:101100005400000000000000250000006D000000F9
:101110002F00000025000000640000002F000000E8
:1011200025000000790000000000000025000000FC
:10113000480000003A000000250000004D000000BB
:101140003A000000250000005300000000000000ED
:10115000410000004D0000000000000050000000B1
:101160004D000000000000002500000049000000C4
:101170003A000000250000004D0000003A00000089
:1011800025000000530000002000000025000000A2
:101190007000000000000000530000007500000017
:1011A0006E00000064000000610000007900000093
:1011B000000000004D0000006F0000006E00000005
:1011C00064000000610000007900000000000000E1
:1011D000540000007500000065000000730000006E
:1011E00064000000610000007900000000000000C1
:1011F0005700000065000000640000006E00000061
:101200006500000073000000640000006100000041
:101210007900000000000000540000006800000099
:101220007500000072000000730000006400000000
:10123000610000007900000000000000460000008E
:1012400072000000690000006400000061000000FE
:101250007900000000000000530000006100000061
:1012600074000000750000007200000064000000BF
:101270006100000079000000000000005300000041
:10128000750000006E000000000000004D0000002E
:101290006F0000006E00000000000000540000001D
:1012A000750000006500000000000000570000000D
:1012B0006500000064000000000000005400000011
:1012C00068000000750000000000000046000000FB
:1012D00072000000690000000000000053000000E0
:1012E0006100000074000000000000004A000000DF
:1012F000610000006E000000750000006100000049
:1013000072000000790000000000000046000000AC
:10131000650000006200000072000000750000001F
:101320006100000072000000790000000000000071
:101330004D0000006100000072000000630000002A
:101340006800000000000000410000007000000084
:1013500072000000690000006C0000000000000046
:101360004D00000061000000790000000000000056
:101370004A000000750000006E00000065000000DB
:10138000000000004A000000750000006C00000032
:10139000790000000000000041000000750000001E
:1013A000670000007500000073000000740000007A
:1013B0000000000053000000650000007000000005
:1013C00074000000650000006D0000006200000075
:1013D0006500000072000000000000004F000000E7
:1013E00063000000740000006F0000006200000055
:1013F0006500000072000000000000004E000000C8
:101400006F00000076000000650000006D00000025
:101410006200000065000000720000000000000093
:10142000440000006500000063000000650000004B
:101430006D00000062000000650000007200000006
:10144000000000004A000000610000006E00000083
:10145000000000004600000065000000620000007F
:10146000000000004D00000061000000720000005C
:101470000000000041000000700000007200000049
:10148000000000004A000000750000006E0000002F
:10149000000000004A000000750000006C00000021
:1014A000000000004100000075000000670000001F
:1014B0000000000053000000650000007000000004
:1014C000000000004F0000006300000074000000F6
:1014D000000000004E0000006F00000076000000D9
:1014E00000000000440000006500000063000000F0
:1014F000000000002500000073000000250000002F
:101500002E0000002A00000064000000000000001F
:1015100025000000730000002500000030000000DE
:101520002E0000002A0000006400000000000000FF
:1015300025000000320000006400000000000000F0
:10154000250000002E0000003200000064000000B2
:101550002F000000250000002E00000032000000D7
:10156000640000002F000000250000002E00000095
:1015700032000000640000000000000025000000B0
:101580006C00000075000000000000005900000021
:101590002D000000250000006D0000002D0000005F
:1015A0002500000064000000000000002E00000084
:1015B0002A00000075000000000000002500000067
:1015C0002E00000033000000640000000000000056
:1015D000250000002E000000310000006400000023
:1015E00000000000250000006C0000006C000000FE
:1015F0006400000000000000250000002E00000034
:1016000032000000640000003A00000025000000E5
:101610002E00000032000000640000003A000000CC
:10162000250000002E0000003200000064000000D1
:101630000000000025000000650000002D000000F3
:1016400025000000620000002D00000025000000C1
:10165000000000005900000000000000250000000C
:101660002B00000030000000330000006C00000080
:1016700064000000250000002E0000003200000081
:101680006C0000006400000000000000300000005A
:101690003100000032000000330000003400000080
:1016A0003500000036000000370000003800000060
:1016B00039000000610000006200000063000000CB
:1016C00064000000650000006600000000000000EB
:1016D0003000000031000000320000003300000044
:1016E0003400000035000000360000003700000024
:1016F00038000000390000004100000042000000F6
:1017000043000000440000004500000046000000C7
:1017100000000000490000004E00000046000000EC
:1017200000000000690000006E000000660000007C
:10173000000000004E000000410000004E000000CC
:10174000000000006E000000610000006E0000005C
:101750000000000030000000000000000000000059
:1017600080360608490403088504030800000000C9
:101770005436060899040308D50403080000000045
:10178000F43D0608E90403082505030800000000ED
:10179000C83D060839050308750503080000000068
:1017A000A4360608290A03085D0A030800000000A1
:1017B000183E0608710A0308A50A0308537431325B
:1017C000636F64656376745F626173650000000037
:1017D00084400608BC170608537432335F5F636F9A
:1017E00064656376745F61627374726163745F626F
:1017F0006173654944736331305F6D627374617402
:10180000655F7445000000005C410608D8170608B3
:101810000000000002000000740F06080200000033
:10182000D017060802000000537437636F646563C5
:1018300076744944736331305F6D627374617465AB
:101840005F744500E44006082818060808180608D2
:10185000537432335F5F636F64656376745F616294
:101860007374726163745F62617365494469633163
:10187000305F6D6273746174655F744500000000D1
:101880005C41060850180608000000000200000035
:10189000740F060802000000D017060802000000BE
:1018A000537437636F646563767449446963313098
:1018B0005F6D6273746174655F744500E44006088F
:1018C000A018060880180608537432335F5F636FF0
:1018D00064656376745F61627374726163745F627E
:1018E000617365494473447531305F6D627374612F
:1018F00074655F74450000005C410608C81806085E
:101900000000000002000000740F06080200000042
:10191000D017060802000000537437636F646563D4
:101920007674494473447531305F6D6273746174C9
:10193000655F744500000000E440060818190608B9
:10194000F8180608537432335F5F636F646563761B
:10195000745F61627374726163745F62617365491D
:101960004469447531305F6D6273746174655F748E
:10197000450000005C41060844190608000000000C
:1019800002000000740F060802000000D0170608CD
:1019900002000000537437636F64656376744944D2
:1019A00069447531305F6D6273746174655F74454D
:1019B00000000000E440060894190608741906089F
:1019C00000000000081806080000000000000000E9
:1019D0000000000000000000000000000000000007
:1019E00000000000000000000000000000000000F7
:1019F000441806084D180308611803084914030821
:101A00008D0F03083D160308950F0308990F03086F
:101A1000BD1603089D0F030800000000801806088B
:101A200000000000000000000000000000000000B6
:101A300000000000000000000000000000000000A6
:101A40000000000000000000BC180608751803081C
:101A500089180308C51403088D0F030865150308CA
:101A6000950F0308990F0308C51503089D0F030878
:101A700000000000F8180608000000000000000048
:101A80000000000000000000000000000000000056
:101A90000000000000000000000000000000000046
:101AA000381906089D180308B1180308DD16030845
:101AB000A10F0308E9170308950F0308990F0308FE
:101AC000A11703089D0F0308000000007419060801
:101AD0000000000000000000000000000000000006
:101AE00000000000000000000000000000000000F6
:101AF0000000000000000000B4190608C518030823
:101B0000D91803084D130308A10F03085117030840
:101B1000950F0308990F03081D1303089D0F030871
:101B2000EFBBBF005C410608441B06080000000034
:101B300002000000303306080200000014200608EE
:101B4000020C00002A4E537431335F5F6661636597
:101B5000745F7368696D7331325F474C4F42414C1B
:101B60005F5F4E5F3131336E756D70756E63745F9C
:101B70007368696D49634545000000005C410608D3
:101B80009C1B060800000000020000001433060839
:101B90000200000014200608020C00002A4E5374B4
:101BA00031335F5F66616365745F7368696D73315C
:101BB000325F474C4F42414C5F5F4E5F3131326381
:101BC0006F6C6C6174655F7368696D49634545004E
:101BD0005C410608F01B060800000000020000003F
:101BE0002C3406080200000014200608020C000035
:101BF0002A4E537431335F5F66616365745F736847
:101C0000696D7331325F474C4F42414C5F5F4E5FAD
:101C10003131356D6F6E657970756E63745F7368A1
:101C2000696D49634C623145454500005C410608D9
:101C30004C1C060800000000020000006434060886
:101C40000200000014200608020C00002A4E537403
:101C500031335F5F66616365745F7368696D7331AB
:101C6000325F474C4F42414C5F5F4E5F3131356DC3
:101C70006F6E657970756E63745F7368696D4963C3
:101C80004C623045454500005C410608A81C06082A
:101C900000000000020000003C35060802000000C1
:101CA00014200608020800002A4E537431335F5F87
:101CB00066616365745F7368696D7331325F474C49
:101CC0004F42414C5F5F4E5F3131346D6F6E6579CD
:101CD0005F6765745F7368696D496345450000001F
:101CE0005C410608001D060800000000020000001C
:101CF00084350608020000001420060802080000CF
:101D00002A4E537431335F5F66616365745F736835
:101D1000696D7331325F474C4F42414C5F5F4E5F9C
:101D20003131346D6F6E65795F7075745F7368699A
:101D30006D496345450000005C410608581D0608D2
:101D400000000000020000009434060802000000B9
:101D500014200608021000002A4E537431335F5FCE
:101D600066616365745F7368696D7331325F474C98
:101D70004F42414C5F5F4E5F3131336D657373612C
:101D80006765735F7368696D4963454500000000CE
:101D90005C410608B01D06080000000002000000BB
:101DA000A43A06080200000014200608020C0000F5
:101DB0002A4E537431335F5F66616365745F736885
:101DC000696D7331325F474C4F42414C5F5F4E5FEC
:101DD0003131336E756D70756E63745F7368696DE4
:101DE00049774545000000005C410608081E0608CA
:101DF0000000000002000000483A0608020000004F
:101E000014200608020C00002A4E537431335F5F21
:101E100066616365745F7368696D7331325F474CE7
:101E20004F42414C5F5F4E5F313132636F6C6C618A
:101E300074655F7368696D49774545005C410608C4
:101E40005C1E06080000000002000000A03B06081F
:101E50000200000014200608020C00002A4E5374F1
:101E600031335F5F66616365745F7368696D733199
:101E7000325F474C4F42414C5F5F4E5F3131356DB1
:101E80006F6E657970756E63745F7368696D49779D
:101E90004C623145454500005C410608B81E060805
:101EA0000000000002000000D83B0608020000000D
:101EB00014200608020C00002A4E537431335F5F71
:101EC00066616365745F7368696D7331325F474C37
:101ED0004F42414C5F5F4E5F3131356D6F6E6579BA
:101EE00070756E63745F7368696D49774C623045D5
:101EF000454500005C410608141F0608000000006C
:101F000002000000B03C0608020000001420060891
:101F1000020800002A4E537431335F5F66616365C7
:101F2000745F7368696D7331325F474C4F42414C47
:101F30005F5F4E5F3131346D6F6E65795F676574D9
:101F40005F7368696D497745450000005C4106088C
:101F50006C1F06080000000002000000F83C0608A4
:101F60000200000014200608020800002A4E5374E4
:101F700031335F5F66616365745F7368696D733188
:101F8000325F474C4F42414C5F5F4E5F3131346DA1
:101F90006F6E65795F7075745F7368696D497745B9
:101FA000450000005C410608C41F06080000000050
:101FB00002000000083C0608020000001420060889
:101FC000021000002A4E537431335F5F666163650F
:101FD000745F7368696D7331325F474C4F42414C97
:101FE0005F5F4E5F3131336D657373616765735F3A
:101FF0007368696D49774545004E5374366C6F635D
:10200000616C65356661636574365F5F7368696DC1
:102010004500000084400608F91F06085C410608D8
:102020003C200608000000000200000014360608EC
:102030000200000014200608020800002A4E537413
:1020400031335F5F66616365745F7368696D7331B7
:10205000325F474C4F42414C5F5F4E5F31313374CA
:10206000696D655F6765745F7368696D4963454550
:10207000000000005C4106089420060800000000F3
:1020800002000000883D0608020000001420060837
:10209000020800002A4E537431335F5F6661636546
:1020A000745F7368696D7331325F474C4F42414CC6
:1020B0005F5F4E5F31313374696D655F6765745F73
:1020C0007368696D49774545000000000000000015
:1020D000241B0608AD220308D12203085BC00308B5
:1020E00063C0030843C303082FC303081BC30308CB
:1020F000000000007C1B06086D24030899240308D7
:10210000551C03089733030875C00308000000003E
:10211000D01B0608E52203080D23030835C0030879
:102120003BC0030893C303087FC303086BC30308C2
:1021300057C3030841C0030847C0030851C0030840
:10214000000000002C1C0608212303084923030873
:102150000FC0030815C00308E3C30308CFC3030877
:10216000BBC30308A7C303081BC0030821C003089F
:102170002BC0030800000000881C0608AD240308DB
:10218000D1240308C31D0308C13303080000000065
:10219000E01C0608E524030809250308331E03088C
:1021A0004926030800000000381D06085D230308C7
:1021B0007923030861210308473403086B1E0308D1
:1021C00000000000901D06088D230308B1230308BA
:1021D000112F0408172F04082D3304088F31040829
:1021E0007B31040800000000E81D06081D250308D7
:1021F00049250308771E03080F350308272F040815
:10220000000000003C1E0608C5230308ED23030858
:10221000EB2E0408F12E040841330408CB310408E6
:10222000B7310408A3310408F72E0408FD2E040872
:10223000072F040800000000981E06080124030868
:1022400029240308C52E0408CB2E0408553304089E
:1022500007320408F3310408DF310408D12E0408E2
:10226000D72E0408E12E040800000000F41E060822
:102270005D25030881250308E51F03083935030898
:10228000000000004C1F060895250308B925030827
:1022900055200308A126030800000000A41F06081B
:1022A0003D2403085924030841210308BF350308CE
:1022B0008B200308000000001C200608CD25030821
:1022C000F1250308B91D0308771D0308351D030810
:1022D000F31C0308B11C03086F1C03080000000076
:1022E000742006080526030829260308DB1F0308B7
:1022F000991F0308571F0308151F0308D31E03085F
:10230000911E03085374313063747970655F6261A4
:10231000736500008440060804230608537435637F
:1023200074797065496345005C4106081C23060802
:102330000000000002000000740F06080200000008
:102340001423060802000000537435637479706525
:1023500049774500E440060848230608743A060811
:102360000000000028230608E1420308094303088F
:102370003D4403084D4403086D4403087D440308AD
:10238000D94203082F430308DD4203081B43030817
:10239000000000005423060845430308694303086E
:1023A0007D450308B9450308034603082F46030883
:1023B0003D450308434503085D450308634503089D
:1023C0005B4603086346030881460308A5460308E5
:1023D000537431306D6F6E65795F626173650000B3
:1023E00084400608D0230608537431336D65737337
:1023F000616765735F626173650000008440060871
:10240000E823060853743974696D655F626173650A
:102410000000000084400608042406084E53743768
:102420005F5F637878313137636F6C6C61746549D5
:1024300063454500E44006081C240608740F06089E
:102440004E5374375F5F6378783131386E756D70D5
:10245000756E63744963454500000000E44006085A
:1024600040240608740F06084E5374375F5F637884
:1024700078313131306D6F6E657970756E63744986
:10248000634C6231454545005C41060868240608F6
:102490000000000002000000740F060802000000A7
:1024A000E0230608020000004E5374375F5F637834
:1024B00078313131306D6F6E657970756E63744946
:1024C000634C6230454545005C410608A824060877
:1024D0000000000002000000740F06080200000067
:1024E000E0230608020000004E5374375F5F6378F4
:1024F000783131386D65737361676573496345453C
:10250000000000005C410608E82406080000000006
:1025100002000000740F060802000000FC230608F9
:10252000020000004E5374375F5F637878313139B1
:102530006D6F6E65795F676574496353743139698E
:1025400073747265616D6275665F697465726174DA
:102550006F72496353743131636861725F74726181
:10256000697473496345454545000000E440060829
:1025700024250608740F06084E5374375F5F63788E
:10258000783131396D6F6E65795F70757449635359
:102590007431396F73747265616D6275665F6974E9
:1025A000657261746F72496353743131636861722B
:1025B0005F74726169747349634545454500000065
:1025C000E440060878250608740F06084E53743751
:1025D0005F5F63787831313874696D655F67657402
:1025E0004963537431396973747265616D627566DC
:1025F0005F6974657261746F7249635374313163DA
:102600006861725F747261697473496345454545D9
:10261000000000005C410608CC2506080000000010
:1026200002000000740F06080200000014240608CF
:102630000200000000000000342406088D48030852
:10264000A9480308EB4C0308454C0308D14703088D
:10265000000000005C24060825090308450903085A
:10266000B7470308BF470308D9490308C949030806
:10267000B94903080000000088240608590203082D
:10268000790203089147030897470308194A03088A
:10269000094A0308F9490308E94903089D47030863
:1026A000A3470308AD47030800000000C82406083C
:1026B0008D020308AD0203086B4703087147030846
:1026C000594A0308494A0308394A0308294A0308B2
:1026D000774703087D470308874703080000000089
:1026E000042506085D48030879480308CB4703081A
:1026F000C1A10408CF470308000000006C250608AC
:10270000E5470308F9470308F173030881740308D8
:1027100000000000C02506080D48030821480308F2
:102720002556030835570308000000001426060844
:102730003548030849480308C7470308756A030872
:10274000FB6A03081D690308DF6903080D680308B5
:10275000816B03085C41060874270608000000002E
:10276000020000005C240608020000001420060895
:10277000020C00002A4E537431335F5F666163655B
:10278000745F7368696D7331325F474C4F42414CDF
:102790005F5F4E5F3131336E756D70756E63745F60
:1027A0007368696D49634545000000005C41060897
:1027B000CC270608000000000200000034240608B0
:1027C0000200000014200608020C00002A4E537478
:1027D00031335F5F66616365745F7368696D733120
:1027E000325F474C4F42414C5F5F4E5F3131326345
:1027F0006F6C6C6174655F7368696D496345450012
:102800005C410608202806080000000002000000C5
:10281000882406080200000014200608020C0000AC
:102820002A4E537431335F5F66616365745F73680A
:10283000696D7331325F474C4F42414C5F5F4E5F71
:102840003131356D6F6E657970756E63745F736865
:10285000696D49634C623145454500005C4106089D
:102860007C2806080000000002000000C8240608BA
:102870000200000014200608020C00002A4E5374C7
:1028800031335F5F66616365745F7368696D73316F
:10289000325F474C4F42414C5F5F4E5F3131356D87
:1028A0006F6E657970756E63745F7368696D496387
:1028B0004C623045454500005C410608D8280608B2
:1028C00000000000020000006C2506080200000065
:1028D00014200608020800002A4E537431335F5F4B
:1028E00066616365745F7368696D7331325F474C0D
:1028F0004F42414C5F5F4E5F3131346D6F6E657991
:102900005F6765745F7368696D49634545000000E2
:102910005C410608302906080000000002000000A3
:10292000C025060802000000142006080208000066
:102930002A4E537431335F5F66616365745F7368F9
:10294000696D7331325F474C4F42414C5F5F4E5F60
:102950003131346D6F6E65795F7075745F7368695E
:102960006D496345450000005C410608882906085A
:10297000000000000200000004250608020000001C
:1029800014200608021000002A4E537431335F5F92
:1029900066616365745F7368696D7331325F474C5C
:1029A0004F42414C5F5F4E5F3131336D65737361F0
:1029B0006765735F7368696D496345450000000092
:1029C0005C410608E0290608000000000200000043
:1029D0005C2F06080200000014200608020C00000C
:1029E0002A4E537431335F5F66616365745F736849
:1029F000696D7331325F474C4F42414C5F5F4E5FB0
:102A00003131336E756D70756E63745F7368696DA7
:102A100049774545000000005C410608382A060851
:102A20000000000002000000342F06080200000031
:102A300014200608020C00002A4E537431335F5FE5
:102A400066616365745F7368696D7331325F474CAB
:102A50004F42414C5F5F4E5F313132636F6C6C614E
:102A600074655F7368696D49774545005C41060888
:102A70008C2A06080000000002000000882F0608CB
:102A80000200000014200608020C00002A4E5374B5
:102A900031335F5F66616365745F7368696D73315D
:102AA000325F474C4F42414C5F5F4E5F3131356D75
:102AB0006F6E657970756E63745F7368696D497761
:102AC0004C623145454500005C410608E82A06088D
:102AD0000000000002000000C82F060802000000ED
:102AE00014200608020C00002A4E537431335F5F35
:102AF00066616365745F7368696D7331325F474CFB
:102B00004F42414C5F5F4E5F3131356D6F6E65797D
:102B100070756E63745F7368696D49774C62304598
:102B2000454500005C410608442B060800000000F3
:102B3000020000006C3006080200000014200608A5
:102B4000020800002A4E537431335F5F666163658B
:102B5000745F7368696D7331325F474C4F42414C0B
:102B60005F5F4E5F3131346D6F6E65795F6765749D
:102B70005F7368696D497745450000005C41060850
:102B80009C2B06080000000002000000C030060870
:102B90000200000014200608020800002A4E5374A8
:102BA00031335F5F66616365745F7368696D73314C
:102BB000325F474C4F42414C5F5F4E5F3131346D65
:102BC0006F6E65795F7075745F7368696D4977457D
:102BD000450000005C410608F42B060800000000D8
:102BE000020000000430060802000000142006085D
:102BF000021000002A4E537431335F5F66616365D3
:102C0000745F7368696D7331325F474C4F42414C5A
:102C10005F5F4E5F3131336D657373616765735FFD
:102C20007368696D49774545000000005C410608FE
:102C30004C2C0608000000000200000014260608C4
:102C40000200000014200608020800002A4E5374F7
:102C500031335F5F66616365745F7368696D73319B
:102C6000325F474C4F42414C5F5F4E5F31313374AE
:102C7000696D655F6765745F7368696D4963454534
:102C8000000000005C410608A42C060800000000BB
:102C9000020000001431060802000000142006089B
:102CA000020800002A4E537431335F5F666163652A
:102CB000745F7368696D7331325F474C4F42414CAA
:102CC0005F5F4E5F31313374696D655F6765745F57
:102CD0007368696D497745450000000000000000F9
:102CE00054270608B17B0308D57B0308B7470308C0
:102CF000BF470308D9490308C9490308B94903086C
:102D000000000000AC270608717D03089D7D0308C4
:102D1000FD750308978C0308D147030800000000E5
:102D200000280608E97B0308117C03089147030883
:102D300097470308194A0308094A0308F949030891
:102D4000E94903089D470308A3470308AD47030863
:102D5000000000005C280608257C03084D7C030861
:102D60006B47030871470308594A0308494A030897
:102D7000394A0308294A0308774703087D470308AF
:102D80008747030800000000B8280608B17D030843
:102D9000D57D03086B770308C18C03080000000091
:102DA00010290608E97D03080D7E0308DB77030878
:102DB000417F03080000000068290608617C0308C1
:102DC0007D7C03081F780308A18D0308137803088E
:102DD00000000000C0290608917C0308B57C0308A8
:102DE000EB8F0308F18F0308BD920308FD910308E0
:102DF000ED91030800000000182A0608217E030850
:102E00004D7E0308377803085B8E030801900308A2
:102E1000000000006C2A0608C97C0308F17C030846
:102E2000C58F0308CB8F0308CD9203082D920308AA
:102E30001D9203080D920308D18F0308D78F030852
:102E4000E18F030800000000C82A0608057D03087A
:102E50002D7D03089F8F0308A58F0308DD920308CB
:102E60005D9203084D9203083D920308AB8F03085F
:102E7000B18F0308BB8F030800000000242B060855
:102E8000617E0308857E0308A5790308858E030803
:102E9000000000007C2B0608997E0308BD7E030815
:102EA000157A0308997F030800000000D42B060858
:102EB000417D03085D7D0308577A0308638F03088B
:102EC0004B7A0308000000002C2C0608D17E030872
:102ED000F57E0308617703081F770308DD76030892
:102EE0009B7603085976030817760308816B03085D
:102EF00000000000842C0608097F03082D7F0308CA
:102F00009B7903085979030817790308D5780308D2
:102F1000937803085178030841B303084E5374377C
:102F20005F5F637878313137636F6C6C61746549CA
:102F300077454500E44006081C2F0608740F060874
:102F40004E5374375F5F6378783131386E756D70CA
:102F5000756E63744977454500000000E44006083B
:102F6000402F0608740F06084E5374375F5F63786E
:102F700078313131306D6F6E657970756E6374497B
:102F8000774C6231454545005C410608682F0608CC
:102F90000000000002000000740F0608020000009C
:102FA000E0230608020000004E5374375F5F637829
:102FB00078313131306D6F6E657970756E6374493B
:102FC000774C6230454545005C410608A82F06084D
:102FD0000000000002000000740F0608020000005C
:102FE000E0230608020000004E5374375F5F6378E9
:102FF000783131386D65737361676573497745451D
:10300000000000005C410608E82F060800000000F0
:1030100002000000740F060802000000FC230608EE
:10302000020000004E5374375F5F637878313139A6
:103030006D6F6E65795F676574497753743139696F
:1030400073747265616D6275665F697465726174CF
:103050006F72497753743131636861725F74726162
:10306000697473497745454545000000E44006080A
:1030700024300608740F06084E5374375F5F637878
:10308000783131396D6F6E65795F7075744977533A
:103090007431396F73747265616D6275665F6974DE
:1030A000657261746F72497753743131636861720C
:1030B0005F74726169747349774545454500000046
:1030C000E440060878300608740F06084E5374373B
:1030D0005F5F63787831313874696D655F676574F7
:1030E0004977537431396973747265616D627566BD
:1030F0005F6974657261746F7249775374313163BB
:103100006861725F747261697473497745454545BA
:10311000000000005C410608CC30060800000000FA
:1031200002000000740F06080200000014240608C4
:103130000200000000000000342F0608BD900308C4
:10314000D990030859950308959403080190030842
:10315000000000005C2F0608F5090308150A0308A3
:10316000EB8F0308F18F0308BD920308FD9103085C
:10317000ED91030800000000882F0608E103030812
:1031800001040308C58F0308CB8F0308CD92030801
:103190002D9203081D9203080D920308D18F030896
:1031A000D78F0308E18F030800000000C82F06082E
:1031B00015040308350403089F8F0308A58F03082F
:1031C000DD9203085D9203084D9203083D920308C7
:1031D000AB8F0308B18F0308BB8F0308000000000A
:1031E000043006088D900308A9900308FB8F03089C
:1031F00003A20408FF8F0308000000006C300608DB
:1032000015900308299003089DBB03082DBC0308F3
:1032100000000000C03006083D90030851900308EC
:10322000CD9D0308C59E0308000000001431060868
:103230006590030879900308F78F030835B20308F7
:10324000BBB20308DDB003089FB10308CDAF03088C
:1032500041B3030853743962617369635F696F73C3
:10326000496353743131636861725F747261697468
:103270007349634545000000E440060854320608DF
:10328000A0320608000000007832060879BD030865
:103290008DBD0308537438696F735F626173650095
:1032A000844006089432060800000000A032060898
:1032B0009DBE0308D5BE0308536900005C410608A3
:1032C000B83206080000000001000000783206084D
:1032D00003F4FFFFE8320608FC320608080000008D
:1032E00000000000BC320608E9BE03081DBF030849
:1032F000F8FFFFFFF8FFFFFFBC3206080DBF030811
:103300002FBF0308537437636F6C6C617465496336
:1033100045000000E440060804330608740F060860
:103320005374386E756D70756E6374496345000033
:10333000E440060820330608740F06085374376EFD
:10334000756D5F676574496353743139697374725D
:1033500065616D6275665F6974657261746F7249EB
:103360006353743131636861725F7472616974733D
:103370004963454545000000E44006083C33060823
:10338000740F06085374376E756D5F7075744963FA
:10339000537431396F73747265616D6275665F69FC
:1033A00074657261746F724963537431316368611B
:1033B000725F74726169747349634545450000002A
:1033C000E440060884330608740F06085374313746
:1033D0005F5F74696D6570756E63745F6361636868
:1033E0006549634500000000E4400608CC33060848
:1033F000740F0608537431315F5F74696D657075C1
:103400006E63744963450000E4400608F43306081F
:10341000740F0608537431306D6F6E657970756E78
:10342000637449634C623145450000005C41060805
:10343000143406080000000002000000740F0608A3
:1034400002000000E023060802000000537431303F
:103450006D6F6E657970756E637449634C6230454B
:10346000450000005C4106084C34060800000000DE
:1034700002000000740F060802000000E0230608A6
:10348000020000005374386D65737361676573499A
:10349000634500005C410608843406080000000013
:1034A00002000000740F060802000000FC2306085A
:1034B00002000000537432335F5F636F64656376AC
:1034C000745F61627374726163745F626173654992
:1034D000636331305F6D6273746174655F7445005E
:1034E0005C410608B4340608000000000200000039
:1034F000740F060802000000D01706080200000042
:103500005374396D6F6E65795F6765744963537481
:1035100031396973747265616D6275665F6974656E
:103520007261746F72496353743131636861725FA1
:10353000747261697473496345454500E440060847
:1035400000350608740F06085374396D6F6E65797F
:103550005F7075744963537431396F737472656148
:103560006D6275665F6974657261746F72496353E9
:10357000743131636861725F747261697473496335
:1035800045454500E440060848350608740F06081E
:1035900053743874696D655F707574496353743121
:1035A000396F73747265616D6275665F6974657297
:1035B00061746F72496353743131636861725F740F
:1035C000726169747349634545450000E44006082B
:1035D00090350608740F060853743874696D655F7A
:1035E0006765744963537431396973747265616DC9
:1035F0006275665F6974657261746F724963537452
:103600003131636861725F747261697473496345D3
:10361000454500005C410608D8350608000000005A
:1036200002000000740F06080200000014240608BF
:1036300002000000537431385F5F6D6F6E65797002
:10364000756E63745F636163686549634C6230459E
:1036500045000000E440060834360608740F0608EA
:10366000537431385F5F6D6F6E657970756E63741A
:103670005F636163686549634C62314545000000E2
:10368000E440060860360608740F060853743136A5
:103690005F5F6E756D70756E63745F63616368659F
:1036A00049634500E44006088C360608740F060896
:1036B0000000000014330608C5C10308E1C1030877
:1036C00055C50308B5C4030875C003080000000011
:1036D00030330608550B0308750B03085BC003085D
:1036E00063C0030843C303082FC303081BC30308B5
:1036F000000000007833060889C0030815C10308DC
:103700008BFD030855FD030871020408D505040864
:1037100039090408850D04086111040875F80308C7
:1037200001F903088DF903086F090408000000007F
:10373000C03306089DC0030827C103084DD4030801
:1037400025D403085FD6030841D8030897D9030896
:10375000C1DB0308E7DD030887D60308000000008B
:10376000E8330608D9C003085DC103080000000063
:1037700008340608F5C1030831C203080000000040
:103780002C34060899060308B906030835C0030857
:103790003BC0030893C303087FC303086BC303083C
:1037A00057C3030841C0030847C0030851C00308BA
:1037B0000000000064340608CD060308ED06030887
:1037C0000FC0030815C00308E3C30308CFC30308F1
:1037D000BBC30308A7C303081BC0030821C0030819
:1037E0002BC00308000000009434060895C10308AC
:1037F000B1C103086FC0030849A2040873C00308DD
:1038000000000000E0340608000000000000000096
:1038100000000000000000000000000000000000A8
:103820000000000000000000000000000000000098
:103830003C350608B1C0030839C10308C51C04089B
:10384000491D04080000000084350608C5C00308AF
:103850004BC10308F9E2030811E40308000000006B
:10386000CC350608EDC003086FC1030845E4030822
:10387000000000001436060801C1030881C10308D6
:103880006BC00308DB13040863140408A7120408C0
:1038900041130408971104084E5374375F5F63782F
:1038A000783131313562617369635F737472696E47
:1038B00067627566496353743131636861725F741E
:1038C00072616974734963455361496345454500B5
:1038D000E440060898380608F03906084E53743755
:1038E0005F5F6378783131313962617369635F6931
:1038F000737472696E6773747265616D4963537432
:103900003131636861725F747261697473496345D0
:103910005361496345454500E4400608DC38060824
:10392000BC32060800000000D0380608B51F0408A5
:10393000DD1F040897240408BB220408792004082A
:10394000A7210408CD2404080920040881250408BF
:1039500025200408DB240408751F04082B2504080F
:10396000D52204084400000000000000BC32060814
:103970000000000000000000BCFFFFFFBCFFFFFFD5
:10398000BC3206080000000000000000A83906084C
:103990007039060884390608BC390608440000005E
:1039A00000000000183906085D2404087524040886
:1039B000BCFFFFFFBCFFFFFF1839060865240408A1
:1039C000872404085374313562617369635F7374CB
:1039D0007265616D62756649635374313163686104
:1039E000725F747261697473496345450000000039
:1039F00084400608C439060800000000F0390608B3
:103A000001250408192504089724040899240408AA
:103A10009B240408B1240408CD240408D1240408FC
:103A200081250408D5240408DB240408F3240408B1
:103A30002B250408F9240408537437636F6C6C61F8
:103A40007465497745000000E4400608383A0608E6
:103A5000740F0608537432315F5F63747970655F69
:103A600061627374726163745F6261736549774503
:103A7000000000005C410608543A060800000000FF
:103A800002000000740F060802000000142306085C
:103A9000020000005374386E756D70756E63744962
:103AA00077450000E4400608943A0608740F0608BB
:103AB0005374376E756D5F67657449775374313928
:103AC0006973747265616D6275665F697465726150
:103AD000746F72497753743131636861725F7472C5
:103AE000616974734977454545000000E440060864
:103AF000B03A0608740F06085374376E756D5F7020
:103B000075744977537431396F73747265616D627E
:103B100075665F6974657261746F72497753743149
:103B200031636861725F7472616974734977454586
:103B300045000000E4400608F83A0608740F06083D
:103B4000537431375F5F74696D6570756E63745F50
:103B5000636163686549774500000000E44006083A
:103B6000403B0608740F0608537431315F5F746977
:103B70006D6570756E63744977450000E440060812
:103B8000683B0608740F0608537431306D6F6E651C
:103B90007970756E637449774C6231454500000059
:103BA0005C410608883B0608000000000200000097
:103BB000740F060802000000E0230608020000005F
:103BC000537431306D6F6E657970756E63744977BB
:103BD0004C623045450000005C410608C03B0608C9
:103BE0000000000002000000740F06080200000040
:103BF000E0230608020000005374386D657373619A
:103C000067657349774500005C410608F83B060884
:103C10000000000002000000740F0608020000000F
:103C2000FC23060802000000537432335F5F636FA9
:103C300064656376745F61627374726163745F62FA
:103C400061736549776331305F6D62737461746568
:103C50005F7445005C410608283C0608000000002F
:103C600002000000740F060802000000D0170608CA
:103C7000020000005374396D6F6E65795F6765747B
:103C80004977537431396973747265616D62756611
:103C90005F6974657261746F72497753743131630F
:103CA0006861725F74726169747349774545450054
:103CB000E4400608743C0608740F06085374396D16
:103CC0006F6E65795F7075744977537431396F73AE
:103CD000747265616D6275665F6974657261746F37
:103CE00072497753743131636861725F74726169CC
:103CF0007473497745454500E4400608BC3C060816
:103D0000740F060853743874696D655F7075744973
:103D100077537431396F73747265616D6275665F64
:103D20006974657261746F72497753743131636875
:103D300061725F747261697473497745454500002B
:103D4000E4400608043D0608740F060853743874EE
:103D5000696D655F67657449775374313969737448
:103D60007265616D6275665F6974657261746F72A8
:103D7000497753743131636861725F747261697439
:103D800073497745454500005C4106084C3D0608EF
:103D90000000000002000000740F0608020000008E
:103DA0001424060802000000537431385F5F6D6F01
:103DB0006E657970756E63745F636163686549777A
:103DC0004C62304545000000E4400608A83D060866
:103DD000740F0608537431385F5F6D6F6E657970CC
:103DE000756E63745F636163686549774C623145E2
:103DF00045000000E4400608D43D0608740F06089C
:103E0000537431365F5F6E756D70756E63745F638A
:103E10006163686549774500E4400608003E06088E
:103E2000740F060800000000483A060875300408C0
:103E30009130040899340408DD330408272F04085E
:103E400000000000743A06080000000000000000B6
:103E50000000000000000000000000000000000062
:103E60000000000000000000000000000000000052
:103E70000000000000000000000000000000000042
:103E800000000000A43A0608250C0308450C0308AE
:103E9000112F0408172F04082D3304088F3104084C
:103EA0007B31040800000000EC3A0608392F0408B2
:103EB000C52F04086B6C0408356C04084D710408A8
:103EC000A1740408F5770408397C04080D800408FF
:103ED0005D670408E9670408756804082B7804081E
:103EE00000000000343B06084D2F0408D72F0408BB
:103EF000A34904087D490408A54B0408774D04082C
:103F0000C14E0408ED50040815530408CB4B0408B7
:103F1000000000005C3B0608892F04080D300408EF
:103F2000000000007C3B0608A5300408E1300408CE
:103F300000000000A03B0608210803084108030810
:103F4000EB2E0408F12E040841330408CB31040899
:103F5000B7310408A3310408F72E0408FD2E040825
:103F6000072F040800000000D83B06085508030886
:103F700075080308C52E0408CB2E04085533040821
:103F800007320408F3310408DF310408D12E040895
:103F9000D72E0408E12E040800000000083C0608A3
:103FA0004530040861300408212F040873A2040876
:103FB000252F040800000000543C06080000000003
:103FC00000000000000000000000000000000000F1
:103FD00000000000000000000000000000000000E1
:103FE00000000000B03C0608612F0408E92F040817
:103FF000698B0408ED8B040800000000F83C0608FB
:10400000752F0408FB2F04081D4604081D470408EB
:1040100000000000403D06089D2F04081F300408E2
:104020003B53040800000000883D0608B12F040837
:10403000313004081D2F0408878204080F83040808
:1040400053810408ED810408438004084E31305F39
:104050005F637878616269763131375F5F636C6185
:1040600073735F747970655F696E666F45000000F9
:10407000E44006084C40060818410608000000000D
:10408000704006086592040879920408FD940408BB
:10409000FD940408E392040825920408CB920408D6
:1040A0008D92040857920408004E31305F5F6378A8
:1040B00078616269763132305F5F73695F636C612A
:1040C00073735F747970655F696E666F4500000099
:1040D000E4400608A94006087040060800000000F9
:1040E000D0400608F99304080D940408FD940408D0
:1040F000FD940408E392040825920408D19404086E
:104100005D94040821940408537439747970655FD0
:10411000696E666F000000008440060808410608CA
:104120004E31305F5F637878616269763132315F3A
:104130005F766D695F636C6173735F747970655FDF
:10414000696E666F45000000E440060820410608DD
:104150007040060800000000484106082D9504083C
:1041600041950408FD940408FD940408E3920408B2
:104170002592040845980408EF950408559504080D
:10418000537437636F646563767449636331305F7A
:104190006D6273746174655F74450000E4400608E5
:1041A00080410608E0340608537437636F64656322
:1041B000767449776331305F6D6273746174655FE3
:1041C00074450000E4400608A8410608543C06086F
:1041D000000000009C410608999B0408BD9B040850
:1041E0006B9B0408799B04086B9B0408819B040863
:1041F000859B0408899B0408819B0408000000003B
:10420000C4410608D19B0408F59B0408499C040896
:10421000799B0408FF9C0408679D0408959B04088B
:10422000799D0408759D040800001F003B005A009A
:1042300078009700B500D400F300110130014E0161
:104240006D0100001F003C005B0079009800B60083
:10425000D500F400120131014F016E010203000488
:10426000E44006086C420608D84206082A4E31325D
:104270005F474C4F42414C5F5F4E5F313137696F52
:104280005F6572726F725F63617465676F727945A3
:1042900000000000000000006042060871A704084A
:1042A00085A7040865A7040891A9040899A704082C
:1042B0007BA8040881A80408ABA804084E537433F3
:1042C0005F563231346572726F725F636174656715
:1042D0006F7279450000000084400608BC42060861
:1042E000E4400608EC420608D84206082A4E31325D
:1042F0005F474C4F42414C5F5F4E5F3132326765E2
:104300006E657269635F6572726F725F6361746517
:10431000676F727945000000E440060824430608F0
:10432000D84206082A4E31325F474C4F42414C5F1B
:104330005F4E5F31323173797374656D5F65727290
:104340006F725F63617465676F727945000000008A
:1043500000000000E042060809A80408C3A80408F9
:10436000EDA7040891A90408DDA804087BA80408A7
:10437000F5A70408ABA804080000000018430608CD
:1043800079A80408CFA804080DA8040891A9040876
:10439000DDA8040815A80408B5A90408ABA80408FA
:1043A00034000000CEFBFFFFCB0300000100000043
:1043B0000000000035000000CEFBFFFFCB03000033
:1043C0000100000000000000BC89D897B2D29C3CDC
:1043D00033A7A8D523F649393DA7F444FD0FA532EC
:1043E0009D978CCF08BA5B25436FAC642806681193
:1043F00000202020202020202020282828282820B5
:1044000020202020202020202020202020202020AC
:104410002088101010101010101010101010101014
:104420001004040404040404040404101010101004
:1044300010104141414141410101010101010101CE
:104440000101010101010101010101011010101020
:1044500010104242424242420202020202020202A0
:1044600002020202020202020202020210101010F4
:10447000200000000000000000000000000000001C
:10448000000000000000000000000000000000002C
:10449000000000000000000000000000000000001C
:1044A000000000000000000000000000000000000C
:1044B00000000000000000000000000000000000FC
:1044C00000000000000000000000000000000000EC
:1044D00000000000000000000000000000000000DC
:1044E00000000000000000000000000000000000CC
:1044F00000000000DE6B0508E26B0508E66B0508AE
:10450000EA6B0508A56B0508EE6B0508F26B05085C
:10451000F66B0508FA6B0508FE6B0508026C0508CA
:10452000066C0508886B0508906B0508996B0508F3
:104530009F6B0508A56B0508A96B0508AE6B050800
:10454000B36B0508BA6B0508C46B0508CC6B05088E
:10455000D56B05086C6B0508706B0508746B050856
:10456000786B05087C6B0508806B0508846B050873
:10457000336B05083A6B0508416B0508496B050864
:10458000536B05085C6B0508636B0508DA69050861
:10459000CB690508DF6D0508216B0508246B05084C
:1045A000F46D0508886B0508906B0508996B050884
:1045B0009F6B0508A56B0508A96B0508AE6B050880
:1045C000B36B0508BA6B0508C46B0508CC6B05080E
:1045D000D56B05080C6E0508276B05084A6E0508A3
:1045E0004A6E05084A6E05084A6E05084A6E0508B7
:1045F00005000000190000007D0000000000000020
:104600000080E03779C34143176E05B5B5B89346CE
:10461000F5F93FE9034F384D321D30F94877825A9A
:104620003CBF737FDD4F1575000000000000F03FB8
:10463000000000000000244000000000000059407D
:104640000000000000408F40000000000088C340D0
:1046500000000000006AF8400000000080842E4145
:1046600000000000D01263410000000084D7974191
:104670000000000065CDCD41000000205FA0024297
:10468000000000E876483742000000A2941A6D420C
:10469000000040E59C30A2420000901EC4BCD642FF
:1046A00000003426F56B0C430080E03779C34143AA
:1046B00000A0D8855734764300C84E676DC1AB4320
:1046C000003D9160E458E143408CB5781DAF15443E
:1046D00050EFE2D6E41A4B4492D54D06CFF0804419
:1046E000F64AE1C7022DB544B49DD9794378EA442E
:1046F0007CD201241F0000001C0000001F000000ED
:104700001E0000001F0000001E0000001F0000002F
:104710001F0000001E0000001F0000001E0000001F
:104720001F0000001F0000001D0000001F0000000F
:104730001E0000001F0000001E0000001F000000FF
:104740001F0000001E0000001F0000001E000000EF
:104750001F000000300000003000000030000000AA
:104760003000000030000000300000003000000089
:104770003000000030000000300000003000000079
:104780003000000030000000300000003000000069
:104790003000000020000000200000002000000089
:1047A0002000000020000000200000002000000089
:1047B0002000000020000000200000002000000079
:1047C0002000000020000000200000002000000069
:0447D00020000000C5
:0847D4000CBBFB7F010000009B
:1047DC00C5020208553902082D7B0208718F0208A8
:1047EC0015750308C1BC0308ED1D0408918C040861
:0847FC00D5A70408E1A9040897
:10480400A102020885490208757B0208898F020803
:1048140000000000FF000000733E0508733E050819
:10482400733E0508733E0508733E0508000000004A
:104834000000000000000000000000000000000074
:104844000000000000000000000000004A6E05089F
:10485400502500240090D0030090D003013039305B
:10486400393230323620736E7864657461696C73E2
:104874000001000010000000A06A0508C56A0508D0
:10488400E06A0508341006084410060854100608A7
:10489400681006087810060888100608981006089C
:1048A400A8100608B8100608C8100608D81006088C
:1048B400E810060888100608F8100608EC6A0508CF
:1048C400F06A0508F46A0508F96A0508FD6A05082E
:1048D400016B0508056B0508096B05080D6B0508D8
:1048E400116B0508156B0508196B0508016B0508A4
:1048F4001D6B05089C4206088043060858430608B9
:10490400000000000300000080D00124EC6A0508C8
:10491400EC6A0508430000000000000000000000ED
:104924000000000000000000000000000000000083
:104934000000000043000000000000000000000030
:104944000000000000000000000000000000000063
:104954000000000043000000000000000000000010
:104964000000000000000000000000000000000043
:1049740000000000430000000000000000000000F0
:104984000000000000000000000000000000000023
:1049940000000000430000000000000000000000D0
:1049A4000000000000000000000000000000000003
:1049B40000000000430000000000000000000000B0
:1049C40000000000000000000000000000000000E3
:1049D4000000000043000000000000000000000090
:1049E40000000000000000000000000000000000C3
:1049F40000000000B50A050837FF040800000000A5
:104A0400F0430608386C05084A6E05084A6E050826
:104A14004A6E05084A6E05084A6E05084A6E05087E
:104A24004A6E05084A6E05084A6E0508FFFFFFFF37
:104A3400FFFFFFFFFFFFFFFFFFFF000001004153E7
:104A4400434949000000000000000000000000008D
:104A540000000000000000000000000000004153BE
:104A6400434949000000000000000000000000006D
:104A74000000000000000000000000000000000032
:104A8400740200240000000080D00124E8D0012436
:104A940050D10124000000000000000000000000CC
:104AA4000000000000000000000000000000000002
:104AB40000000000000000000000000000000000F2
:104AC40000000000000000000000000000000000E2
:104AD400E7D10124000000000100000000000000F4
:104AE4004A00000000000000000000000000000078
:104AF40000000000000000000000000000000000B2
:104B040000000000000000004A0000000000000057
:104B14000000000000000000000000000000000091
:104B24000000000000000000000000000000000081
:040000050802AEA59A
:00000001FF
