:020000040802F0
:1000000000000824514B03087D22030889220308BD
:100010009D220308A9220308B5220308000000005E
:10002000000000000000000000000000C1220308E2
:10003000C522030800000000C9220308CD220308DE
:10004000A54B0308A54B0308A54B0308A54B0308C4
:10005000A54B0308A54B0308A54B0308A54B0308B4
:10006000A54B0308A54B0308A54B0308D1220308A1
:10007000A54B0308A54B0308A54B0308A54B030894
:10008000A54B0308A54B0308A54B0308A54B030884
:10009000A54B0308A54B0308A54B0308DD22030865
:1000A000A54B0308A54B0308A54B0308A54B030864
:1000B000E5220308A54B0308A54B0308A54B03083D
:1000C000A54B0308A54B0308A54B0308A54B030844
:1000D000A54B0308F1220308FD22030809230308A6
:1000E00015230308A54B030800000000A54B0308D7
:1000F000A54B0308A54B0308A54B0308A54B030814
:10010000A54B0308A54B0308A54B0308A54B030803
:100110001D230308A54B0308A54B03082923030847
:10012000A54B0308A54B0308A54B0308A54B0308E3
:10013000A54B0308A54B0308A54B0308A54B0308D3
:1001400000000000000000000000000000000000AF
:10015000A54B0308A54B0308A54B0308A54B0308B3
:10016000A54B0308A54B0308A54B0308A54B0308A3
:10017000A54B0308A54B0308A54B0308000000008E
:10018000A54B0308A54B0308A54B0308A54B030883
:10019000A54B0308A54B0308A54B0308A54B030873
:1001A000A54B0308A54B0308A54B0308A54B030863
:1001B000A54B0308A54B0308A54B0308A54B030853
:1001C000A54B0308A54B0308A54B0308A54B030843
:1001D000A54B0308A54B0308A54B0308A54B030833
:1001E000A54B0308A54B0308A54B0308A54B030823
:1001F000A54B0308A54B0308A54B0308A54B030813
:10020000A54B0308A54B0308A54B0308A54B030802
:10021000A54B0308A54B0308A54B0308A54B0308F2
:10022000A54B0308A54B0308A54B030800000000DD
:10023000A54B0308A54B030800000000A54B0308CD
:10024000A54B0308A54B0308A54B0308A54B0308C2
:10025000A54B0308A54B0308A54B0308A54B0308B2
:10026000A54B0308A54B0308A54B0308A54B0308A2
:10027000A54B0308A54B0308A54B0308000000008D
:10028000A54B0308A54B0308A54B0308000000007D
:0802900000000000A54B03086B
:1002A00010B5054C237833B9044B13B10448AFF3B0
:1002B00000800123237010BD2003002400000000F3
:1002C00060E8050808B5034B1BB103490348AFF3C9
:1002D000008008BD000000002403002460E8050839
:1002E00010F8012B11F8013B012A28BF9A42F7D0E0
:1002F000D01A70470000000000000000000000005D
:1003000001F0FF01102A2BDB10F0070F08D010F8C6
:10031000013B013A8B422DD010F0070F42B3F6D1CA
:10032000F0B441EA012141EA014122F007047FF0E3
:1003300000070023F0E80256083C85EA010586EA3A
:10034000010685FA47F5A3FA87F586FA47F6A5FA76
:1003500087F68EB9EED1F0BC01F0FF0102F0070282
:1003600032B110F8013B013A83EA010313B1F8D12D
:100370000020704701387047002D06BF354603380E
:10038000073815F0010F07D1013015F4807F02BF47
:10039000013015F4C03F0130F0BC0138704700BF98
:1003A000034613F8012B002AFBD1181A01387047B5
:1003B00081F0004102E000BF83F0004330B54FEA16
:1003C00041044FEA430594EA050F08BF90EA020F83
:1003D0001FBF54EA000C55EA020C7FEA645C7FEA16
:1003E000655C00F0E2804FEA5454D4EB5555B8BF39
:1003F0006D420CDD2C4480EA020281EA030382EAAA
:10040000000083EA010180EA020281EA0303362D3B
:1004100088BF30BD11F0004F4FEA01314FF4801C0E
:100420004CEA113102D0404261EB410113F0004F20
:100430004FEA03334CEA133302D0524263EB4303D7
:1004400094EA050F00F0A780A4F10104D5F1200E75
:100450000DDB02FA0EFC22FA05F2801841F10001D0
:1004600003FA0EF2801843FA05F359410EE0A5F1A4
:1004700020050EF1200E012A03FA0EFC28BF4CF0D5
:10048000020C43FA05F3C01851EBE37101F000458B
:1004900007D54FF0000EDCF1000C7EEB00006EEB98
:1004A0000101B1F5801F1BD3B1F5001F0CD3490822
:1004B0005FEA30004FEA3C0C04F101044FEA445279
:1004C00012F5800F80F09A80BCF1004F08BF5FEA00
:1004D000500C50F1000041EB045141EA050130BDE0
:1004E0005FEA4C0C404141EB0101013C28BFB1F5F2
:1004F000801FE9D291F0000F04BF01460020B1FA3D
:1005000081F308BF2033A3F10B03B3F120020CDA0F
:100510000C3208DD02F1140CC2F10C0201FA0CF0ED
:1005200021FA02F10CE002F11402D8BFC2F1200C52
:1005300001FA02F120FA0CFCDCBF41EA0C01904008
:10054000E41AA2BF01EB0451294330BD6FEA040451
:100550001F3C1CDA0C340EDC04F11404C4F120023C
:1005600020FA04F001FA02F340EA030021FA04F34E
:1005700045EA030130BDC4F10C04C4F1200220FAA5
:1005800002F001FA04F340EA0300294630BD21FAE3
:1005900004F0294630BD94F0000F83F4801306BFA9
:1005A00081F480110134013D4EE77FEA645C18BF9D
:1005B0007FEA655C29D094EA050F08BF90EA020F34
:1005C00005D054EA000C04BF1946104630BD91EA2C
:1005D000030F1EBF0021002030BD5FEA545C05D12F
:1005E0004000494128BF41F0004130BD14F580046E
:1005F0003CBF01F5801130BD01F0004545F0FE41E2
:1006000041F470014FF0000030BD7FEA645C1ABF16
:10061000194610467FEA655C1CBF0B46024650EA4D
:10062000013406BF52EA033591EA030F41F4002179
:1006300030BD00BF90F0000F04BF0021704730B5FF
:100640004FF4806404F132044FF000054FF00001D4
:1006500050E700BF90F0000F04BF0021704730B595
:100660004FF4806404F1320410F0004548BF40426A
:100670004FF000013EE700BF42004FEAE2014FEABF
:1006800031014FEA02701FBF12F07F4393F07F4F9A
:1006900081F06051704732F07F4208BF704793F09D
:1006A0007F4F04BF41F40021704730B54FF46074B0
:1006B00001F0004521F000411CE700BF50EA0102B3
:1006C00008BF704730B54FF000050AE050EA01025C
:1006D00008BF704730B511F0004502D5404261EBCC
:1006E00041014FF4806404F132045FEA915C3FF40D
:1006F000D8AE4FF003025FEADC0C18BF03325FEAAA
:10070000DC0C18BF033202EBDC02C2F1200300FA5A
:1007100003FC20FA02F001FA03FE40EA0E0021FA7F
:1007200002F11444BDE600BF80F0004002E000BFCB
:1007300081F0004142001FBF5FEA410392EA030FCC
:100740007FEA226C7FEA236C6AD04FEA1262D2EB16
:100750001363C1BFD218414048404140B8BF5B421B
:10076000192B88BF704710F0004F40F4000020F0B4
:100770007F4018BF404211F0004F41F4000121F0CA
:100780007F4118BF494292EA030F3FD0A2F1010214
:1007900041FA03FC10EB0C00C3F1200301FA03F152
:1007A00000F0004302D5494260EB4000B0F5000F75
:1007B00013D3B0F1807F06D340084FEA310102F134
:1007C0000102FE2A51D2B1F1004F40EBC25008BFE6
:1007D00020F0010040EA03007047490040EB0000B0
:1007E000013A28BFB0F5000FEDD2B0FA80FCACF1B1
:1007F000080CB2EB0C0200FA0CF0AABF00EBC250DE
:1008000052421843BCBFD0401843704792F0000FCB
:1008100081F4000106BF80F400000132013BB5E71E
:100820004FEA41037FEA226C18BF7FEA236C21D094
:1008300092EA030F04D092F0000F08BF08467047F9
:1008400090EA010F1CBF0020704712F07F4F04D1C7
:10085000400028BF40F00040704712F100723CBFDA
:1008600000F50000704700F0004343F0FE4040F404
:10087000000070477FEA226216BF08467FEA2363C2
:100880000146420206BF5FEA412390EA010F40F4AD
:10089000800070474FF0000304E000BF10F00043F9
:1008A00048BF40425FEA000C08BF704743F09643E0
:1008B00001464FF000001CE050EA010208BF7047FB
:1008C0004FF000030AE000BF50EA010208BF704782
:1008D00011F0004302D5404261EB41015FEA010C97
:1008E00002BF84460146002043F0B64308BFA3F18F
:1008F0008053A3F50003BCFA8CF2083AA3EBC25371
:1009000010DB01FA02FC634400FA02FCC2F120028F
:10091000BCF1004F20FA02F243EB020008BF20F0C6
:100920000100704702F1200201FA02FCC2F120022C
:1009300050EA4C0021FA02F243EB020008BF20EA21
:10094000DC70704753B94AB9002908BF00281CBFA2
:100950004FF0FF314FF0FF3000F0C2B9ADF1080C9D
:100960006DE904CE00F040F8DDF804E0DDE9022393
:1009700004B0704708B502460B4643EC172BB5EEA2
:10098000C07BF1EE10FA03D4BDE8084000F00CB8CB
:10099000B1EE477B51EC170B00F006F8404261EBDB
:1009A000410108BD000000009FED0B6B41EC170BEF
:1009B0009FED0B5B27EE066BBCEEC66BB8EE464BAD
:1009C000A4EE457BFCEEC77B16EE101A17EE900ADC
:1009D000704700BFAFF30080000000000000F03D52
:1009E000000000000000F0412DE9F047089D8E4610
:1009F00004468846002B4AD18A42174662D9B2FA89
:100A000082F64EB1C6F1200301FA06F820FA03F38C
:100A1000B74043EA0808B4404FEA174E1FFA87FC74
:100A2000B8FBFEF1230C0EFB118843EA084301FBDF
:100A30000CF29A4209D9FB1801F1FF3080F0EA80EC
:100A40009A4240F2E78002393B449A1AA3B2B2FBC1
:100A5000FEF00EFB102243EA024300FB0CFC9C4517
:100A600009D9FB1800F1FF3280F0D6809C4540F296
:100A7000D3803B44023840EA0140A3EB0C03002141
:100A80001DB1F3400022C5E90032BDE8F0878B427A
:100A900005D90DB1C5E9000100210846F5E7B3FA13
:100AA00083F1002946D1734502D3824200F20581C9
:100AB000841A6EEB030201209046002DE5D0C5E9B3
:100AC0000048E2E7002A00F09080B2FA82F6002E99
:100AD00040F0A4808A1A030C4FEA174E80B2BCB2D1
:100AE0000121B2FBFEFC0EFB1C2243EA024304FB85
:100AF0000CF29A4207D9FB180CF1FF3802D29A4245
:100B000000F2E080C4469B1AB3FBFEF20EFB1233E8
:100B100040EA034302FB04F49C4207D9FB1802F1AC
:100B2000FF3002D29C4200F2CA8002461B1B42EAFE
:100B30000C40A5E7C1F120068B4022FA06F71F43BF
:100B40000EFA01F420FA06F32EFA06FE4FEA1749D0
:100B5000234300FA01F81FFA87FCBEFBF9F01C0CD6
:100B600009FB10EE44EA0E4400FB0CFEA64502FA17
:100B700001F209D93C1900F1FF3A80F09C80A645AA
:100B800040F2998002383C44A4EB0E041FFA83FE25
:100B9000B4FBF9F309FB13444EEA044403FB0CFCD9
:100BA000A44508D93C1903F1FF3E80F08280A4459A
:100BB0007FD9023B3C4443EA0040A4EB0C04A0FB79
:100BC00002EC64457346E14662D35FD05DB1B8EB99
:100BD000030264EB090404FA06F622FA01F31E4349
:100BE000CC40C5E9006400214FE7B1FBF2FC010CE9
:100BF00041EA0E4180B240EA01423B4638463C465B
:100C0000B846BE462026B1FBF7F1A2EB080241EA46
:100C10000C4166E7014618E710462CE7C6F12002B2
:100C20002EFA02F3B740B14020FA02F24FEA174E13
:100C30000A43B3FBFEF8BCB20EFB1833110C41EAB9
:100C4000034108FB04F9B04089454FEA104380B2E4
:100C50003ED9791808F1FF3C01D289451FD8A1EB94
:100C60000901B1FBFEF909FB04F80EFB191192B260
:100C700042EA0142424529D2BA1809F1FF31C4D2F1
:100C80004245C2D2A9F102013A44BEE7F0459DD2E5
:100C9000BEEB02036CEB070C0138E14696E7A7EBCD
:100CA00009094944A8F1020CB1FBFEF909FB04F85B
:100CB000DBE773467FE7504666E70846FDE63B44C0
:100CC000023A33E7ACF1020C3B441CE749469CE78F
:100CD000A1EB0901C446B1FBFEF909FB04F8C4E726
:100CE000704700BFF0B500F1080783B0076061B33B
:100CF000054608460E46FFF753FB0F2804460190B1
:100D00000ED8012806D133786C602B7200233B5536
:100D100003B0F0BD68B900236C603B5503B0F0BD73
:100D2000002201A928462CF061FE019B074628609D
:100D3000AB6022463146384638F08DFF019C2F6863
:100D400000236C603B5503B0F0BD014826F0CBF9A1
:100D5000ACE80508002873D02DE9F04F074683B0B2
:100D6000D7F80C80B8F1000F60D0D8F80C90B9F12A
:100D7000000F52D0D9F80CA0BAF1000F44D0DAF825
:100D80000C40002C37D0D4F80CB0BBF1000F2BD0A6
:100D9000DBF80C60FEB1F568B5B1EB686BB1D868F3
:100DA0000193FFF7D7FF019B302118469B68019301
:100DB00019F038FD019B002BF1D12846AD68302198
:100DC00019F030FD002DE8D13046B668302119F019
:100DD00029FD002EDFD1DBF808503021584619F0EC
:100DE00021FD0DB1AB46D3E72046A468302119F0B0
:100DF00019FD002CC7D1DAF808403021504619F00F
:100E000011FD0CB1A246BAE7D9F808403021484696
:100E100019F008FD0CB1A146ACE7D8F80840302124
:100E2000404619F0FFFC0CB1A0469EE73846BF686B
:100E3000302119F0F7FC002F92D103B0BDE8F08FFC
:100E4000704700BF2DE9F8438468071D64B30E4660
:100E50009146B84665694A463146A94528BF2A46A3
:100E60001AB1206937F084F808B9A5EB0900002809
:100E7000D4E902321BDBA0461C46002CEAD14745D0
:100E800012D0D8F814404A46A14528BF22462AB1BC
:100E90003046D8F8101037F06BF808B9A9EB040009
:100EA00017EA200738BF47463846BDE8F88314469E
:100EB000002CCFD1E3E700BF2DE9F04F83B00190C4
:100EC000002800F00E81019BD3F80C80B8F1000FD0
:100ED00000F0EF80D8F80C90B9F1000F00F0CF804F
:100EE000D9F80CA0BAF1000F00F0AF80DAF80C408E
:100EF000002C00F09080E568002D75D0EE68002E83
:100F00005BD0F768002F3DD0FA6802B3D06800923A
:100F1000FFF7D2FF009A106902F11801D2F808B069
:100F200088420DD09169013119F07CFC009A2C2186
:100F3000104619F077FCBBF1000F08D05A46E5E7E0
:100F40002C21104619F06EFCBBF1000FF6D1386968
:100F500007F11802D7F808B090420CD0B9690131F6
:100F600019F060FC2C21384619F05CFCBBF1000F35
:100F700008D05F46C8E72C21384619F053FCBBF176
:100F8000000FF6D1306906F11803D6F808B0984280
:100F90000CD0B169013119F045FC2C21304619F013
:100FA00041FCBBF1000F08D05E46AAE72C21304679
:100FB00019F038FCBBF1000FF6D1286905F11803D0
:100FC000AE6898420AD0A969013119F02BFC2C2196
:100FD000284619F027FC3EB135468FE72C212846DC
:100FE00019F020FC002EF7D1206904F11803A56840
:100FF00098420AD0A169013119F014FC2C21204635
:1010000019F010FC3DB12C4675E72C21204619F053
:1010100009FC002DF7D1DAF810000AF11803DAF80C
:10102000084098420BD0DAF81810013119F0FAFB99
:101030002C21504619F0F6FB3CB1A24656E72C2174
:10104000504619F0EFFB002CF7D1D9F8100009F148
:101050001803D9F8084098420BD0D9F8181001317C
:1010600019F0E0FB2C21484619F0DCFB3CB1A1460D
:1010700036E72C21484619F0D5FB002CF7D1D8F8DB
:10108000100008F11803D8F8084098420BD0D8F89F
:101090001810013119F0C6FB2C21404619F0C2FB93
:1010A0003CB1A04616E72C21404619F0BBFB002CB2
:1010B000F7D1019D286905F11803AC6898420AD060
:1010C000A969013119F0AEFB2C21284619F0AAFBC1
:1010D0003CB10194F7E628462C2119F0A3FB002C23
:1010E000F7D103B0BDE8F08F2DE9F04F83B0019048
:1010F000002800F00E81019BD3F80C80B8F1000F9E
:1011000000F0EF80D8F80C90B9F1000F00F0CF801C
:10111000D9F80CA0BAF1000F00F0AF80DAF80C405B
:10112000002C00F09080E568002D75D0EE68002E50
:101130005BD0F768002F3DD0FA6802B3D068009208
:10114000FFF7D2FF009A106902F11801D2F808B037
:1011500088420DD09169013119F064FB009A2C216D
:10116000104619F05FFBBBF1000F08D05A46E5E7C7
:101170002C21104619F056FBBBF1000FF6D138694F
:1011800007F11802D7F808B090420CD0B9690131C4
:1011900019F048FB2C21384619F044FBBBF1000F35
:1011A00008D05F46C8E72C21384619F03BFBBBF15D
:1011B000000FF6D1306906F11803D6F808B098424E
:1011C0000CD0B169013119F02DFB2C21304619F0FA
:1011D00029FBBBF1000F08D05E46AAE72C21304660
:1011E00019F020FBBBF1000FF6D1286905F11803B7
:1011F000AE6898420AD0A969013119F013FB2C217D
:10120000284619F00FFB3EB135468FE72C212846C2
:1012100019F008FB002EF7D1206904F11803A56826
:1012200098420AD0A169013119F0FCFA2C2120461C
:1012300019F0F8FA3DB12C4675E72C21204619F03B
:10124000F1FA002DF7D1DAF810000AF11803DAF8F4
:10125000084098420BD0DAF81810013119F0E2FA80
:101260002C21504619F0DEFA3CB1A24656E72C215B
:10127000504619F0D7FA002CF7D1D9F8100009F12F
:101280001803D9F8084098420BD0D9F8181001314A
:1012900019F0C8FA2C21484619F0C4FA3CB1A1460D
:1012A00036E72C21484619F0BDFA002CF7D1D8F8C2
:1012B000100008F11803D8F8084098420BD0D8F86D
:1012C0001810013119F0AEFA2C21404619F0AAFA93
:1012D0003CB1A04616E72C21404619F0A3FA002C99
:1012E000F7D1019D286905F11803AC6898420AD02E
:1012F000A969013119F096FA2C21284619F092FAC1
:101300003CB10194F7E628462C2119F08BFA002C09
:10131000F7D103B0BDE8F08F2DE9F04F81468FB0D3
:10132000B7480C464946934605F0A8FB4668002E90
:1013300000F020814946B24805F0A0FB0368002B6D
:1013400000F0168101934FF400712346AD4AAE4878
:10135000CDF80890009636F005FDB0F5007F80F0DE
:10136000EC80A9490BF1040BA84838F06CFCDBF8C1
:1013700008405C4500F0C4810027A54EDFF88C8250
:10138000DFF8C8A2CDF81490D4E90495022D00F03E
:10139000A380092D5AD12A469E49484636F0E8FDD9
:1013A00000285CD02A469C49484636F0E1FD0028DA
:1013B00055D0D4ED0A7A4B4680213046B6EEE77A16
:1013C000F4EE477AB7EEE76AF1EE10FA8DED006BB6
:1013D00014BF924A924A36F0C5FC7F284DD8304659
:1013E000FEF7DEFF0546002F67D18748FEF7D8FFDE
:1013F000AB1C0344FF2B60D8834D2846FEF7D0FF7B
:101400003146284436F082FEBAF800300380204688
:101410001AF03FFE83450446B6D17B487D25FEF792
:10142000BFFF034678480344064603F8015CFEF715
:10143000B7FF7C4B411C1C883452304612F0AAF88E
:10144000002F40F0C5800FB0BDE8F08F0A2D4ED1BF
:101450002A467549484636F08BFD0028A9D194EDFF
:101460000A7A4B46714A8021B7EEC77A30468DED35
:10147000007B36F077FC7F28B1D9DDF8149080210D
:10148000634E0AAD4B466A4A304636F06BFC304636
:101490000895FEF785FF0F280446079000F20981A2
:1014A000012840F0018133788DF828302946002248
:1014B00009946FF43C630A5570E04046FEF770FFF4
:1014C0002B18B3F5007F1ED202350544FF2D00F224
:1014D000CE800127454690E799F80020492A7FF4FD
:1014E00068AF99F80120442A7FF463AF8FE7072D96
:1014F0007FF45FAF2A464F49484636F039FD002851
:101500007FF457AFABE7DDF814908021404C0AAD73
:101510004B46474A204636F025FC20460895FEF704
:101520003FFF0F280646079026D8012840F0D080BC
:1015300023788DF8283029462CE0354E4B463C4A1E
:10154000802130460AAD36F00DFC30460895FEF796
:1015500027FF0F28044607907AD801284CD133780A
:101560008DF82830294600220994334B0A5515E09E
:10157000324BE7E6314EDDE6002207A908A82CF041
:1015800035FA079B08900A933246214938F063FBED
:10159000DDE9076100222A4B09968A5508984FF425
:1015A0000071284A0090284836F0DCFB2648FEF7F8
:1015B000F7FE0146244811F0EDFF0898A8423FF4D9
:1015C00042AF0A99013119F02DF90FB0BDE8F08F43
:1015D0000E4E3046FEF7E4FE03463046334403F831
:1015E000015CFEF7DDFE03463046591CF4520FB095
:1015F000BDE8F04F11F0CEBF0028B3D028462FE051
:10160000EC0B0024E0E80508BC050024BC03002422
:101610003C03002458E9050864E9050890E9050839
:101620009CE905088835060870E9050884E905087D
:101630000CE905087CE9050844F4FFFFB03606080C
:101640003EF4FFFF2CE90508BC070024D4E9050897
:10165000002207A908A82CF0C9F9079B08900A9353
:101660002246314938F0F7FADDE907417BE7DDF83A
:10167000149080212C4E0AAD4B462C4A304636F051
:1016800071FB30460895FEF78BFE0F280446079045
:101690002DD8012821D133788DF828302946002211
:1016A0000994234B0A5579E700283FF4FFAE2846FA
:1016B00007E0002207A908A82CF098F9079B0890DA
:1016C0000A932246184938F0C6FADDE90741EEE6EA
:1016D00000283FF430AF284656E70028DED02846E1
:1016E0002246114938F0B7FADDE90741D7E7002271
:1016F00007A908A82CF07AF9079B08900A93EFE74E
:101700000C48FEF74DFE03460A487D22034404467A
:1017100003F8012CFEF744FE074A034620461288D0
:10172000591CE25263E700BF3C030024A8E9050806
:1017300043F4FFFFBC050024883506082DE9F04F6F
:10174000B84BB1B0074608220DF13808BC6893E8E1
:101750000300002388E80300CDE90C828DF84030B7
:10176000002C00F0F58104372546BA46D5E9040679
:10177000082E00F26781002E40F0C081ED68002D38
:10178000F4D1574500F0E481DAE90415072D40F261
:10179000C1810822404636F0EBFB002800F0308182
:1017A0000028C0F2D581DAF828300DF1500908225E
:1017B000BA46079325469C4BCDF84890139293E880
:1017C0000300002389E803008DF85830D5E90406AA
:1017D000082E00F24781002E40F09281ED68002D26
:1017E000F4D1574500F0B481DAE90415072D40F231
:1017F00096810822484636F0BBFB002800F00381A2
:101800000028C0F2A581DAF828302546BA460893A8
:10181000864B1B68ADF868301B0C8DF86A301AAB2C
:1018200018930323199300238DF86B30D5E9040630
:10183000032E00F22781002E40F06481ED68002D18
:10184000F4D1574500F08481DAE90415022D40F205
:101850006B8103221AA836F08BFB002800F0D6809B
:101860000028C0F27581DAF82830BB460DF1800AF5
:10187000254609936E4BCDF878A01B68ADF88030F3
:101880001B0C8DF8823003231F9300238DF88330C7
:10189000D5E90406032E00F20481002E40F03481C5
:1018A000ED68002DF4D15F4500F05281DBE90415AD
:1018B000022D40F243810322504636F059FB0028A6
:1018C00000F0A7800028C0F24381DBF828302546CD
:1018D0005849BB460A9326AB24930423CDE925310E
:1018E00000238DF89C30D5E90406042E00F2E88030
:1018F000002E40F00B81ED68002DF4D15F4500F023
:101900002781DBE90415032D40F21381042226A868
:1019100036F02EFB00287FD00028C0F21981042366
:10192000454ADBF828502CAEBB462A960B95CDE9EC
:101930002B3200238DF8B430D4E90405042D00F2D5
:10194000CE80002D40F0E480E468002CF4D1BB454B
:101950000B9D00F0FD80DBE90414032C40F2F380C2
:101960000422304636F004FB002858D00028C0F28C
:10197000EF80DBF828304FF400710A9A049302924A
:10198000089B099A00930192079B2C4A2C480395C7
:1019900036F0E8F92A98B04203D02C99013118F0BA
:1019A00041FF249826AB984203D02699013118F0C4
:1019B00039FF1E98504503D02099013118F032FFAD
:1019C00018981AAB984203D01A99013118F02AFFDF
:1019D0001298484503D01499013118F023FF0C9850
:1019E000404503D00E99013118F01CFF1448FEF752
:1019F000D7FC0146124831B0BDE8F04F11F0CABD26
:101A0000C5F10800CCE6C5F10800F9E6C5F1030010
:101A100026E7C5F1030055E7C5F104007CE7C4F1F2
:101A20000400A3E7D8E90508ECE90508F8E905088A
:101A3000FCE905086261632B6261632D00EA050819
:101A4000BC0900240822414636F092FA08B9A6F1F2
:101A500008000028FFF692AEAA46AD68002D7FF47C
:101A600085AE8EE60822494636F082FA08B9A6F11C
:101A700008000028FFF6B2AEAA46AD68002D7FF43C
:101A8000A5AEAEE603221AA936F072FA00B9F01E2E
:101A90000028FFF6D3AEAA46AD68002D7FF4C6AE8F
:101AA000CFE60322514636F063FA00B9F01E002853
:101AB000FFF6F6AEAB46AD68002D7FF4E9AEF2E678
:101AC000042226A936F054FA00B9301F0028FFF688
:101AD00012AFAB46AD68002D7FF405AF0EE70422D0
:101AE000314636F045FA00B9281F0028FFF62CAF22
:101AF000A346A468002C7FF41FAF28E73246A2E774
:101B00003246B0E73246BEE73246CBE73246D8E748
:101B10002A46E5E7002D3FF446AE2A463AE6002D78
:101B20003FF471AE2A4665E6002D3FF49CAE2A468E
:101B300090E6002D3FF4F3AE2A46E8E6002D3FF490
:101B4000C4AE2A46B8E6002C3FF413AF224608E79D
:101B5000014825F0CEFA00BFE4E9050810B5096890
:101B600082B0094C0346094A009120464FF40071A7
:101B700036F0F8F82046FEF713FC0146204602B086
:101B8000BDE8104011F006BDBC0700242CE9050893
:101B90002DE9F04FD1E900A383B081469E100AEBF6
:101BA0000304002E40F3D3804FEA860B55460AEB20
:101BB000860812E0687835F085F8002867D0A878A4
:101BC00035F080F8002868D0E8782F1D35F07AF8D5
:101BD000002864D0474566D03D46287835F072F835
:101BE0000028E7D115E014F8020C35F06BF8002856
:101BF0004FD014F8030C35F065F800284BD014F8DA
:101C0000040C35F05FF800284BD0013EA4F1040429
:101C100053D014F8010C35F055F80028E3D1AC424C
:101C200015D9641B09F1080000220F2C0194C9E9A1
:101C3000000217DC012C1ED12B78C9F8044089F86A
:101C4000083000230355484603B0BDE8F08F002359
:101C500009F10802484689F80830C9E9002303B0B1
:101C6000BDE8F08F01A948462BF0C0FE019BC9F8E2
:101C70000000C9F808302246294637F0ECFF019CE5
:101C8000D9F800000023C9F804400355DBE701350B
:101C9000BFE7013CC3E7023CC1E70235B9E70335C2
:101CA000B7E7033CBBE7A4EB0803022B41D0032BAF
:101CB00013D0012B32D02546ABE7A4EB0A03022B4D
:101CC00024D0032B1BD0012B05D114F8010C34F0C8
:101CD000F9FF0028A3D05446A1E71AF80B0034F00E
:101CE000F1FF20B3787834F0EDFF00285ED0B878AB
:101CF00034F0E8FF00284FD02546002E89D114F893
:101D0000010C34F0DFFF002889D0013C14F8010CED
:101D100034F0D8FF002882D0013CD6E71AF80B0037
:101D200034F0D0FF00280CBF4546254671E74546F4
:101D30006FE71AF80B0034F0C5FF0028F7D098F8C9
:101D4000010034F0BFFF0028B5D1053561E7022B53
:101D500006D0032B19D0012B0ED0254654465EE742
:101D60009AF8000034F0AEFFF0B19AF8010034F0B8
:101D7000A9FFB0B12546C9E79AF8000034F0A2FFE8
:101D800000280CBF554625469FE79AF8000034F01E
:101D900099FF80B15746A5E7BD1C002E7FF439AFEF
:101DA000ADE70AF10105B1E75546AFE77D1C002E0E
:101DB0007FF42FAFA3E75546A1E700BF30B5024639
:101DC00089B00D4602A81146FFF7E2FE039C54B904
:101DD000029804AB984203D00499013118F022FD17
:101DE000204609B030BD162300220F4902A82CF06E
:101DF0001EF9013002D002980024EAE700241022E4
:101E000001A90298019434F06DFE0346DDE901203A
:101E10009042DED012782AB9B3F5803F02D2012475
:101E20002B80D6E70024D4E77CEA050870B50823A8
:101E30008AB00D460022274906462CF0DFF830B163
:101E4000294630460AB0BDE8704004F0B3BD0446F0
:101E50000DF106012846ADF80640FFF7AFFF002858
:101E600036D0BDF806304FF6FF72934222D00133D0
:101E7000194A052102A806AD35F074FF02A80495A1
:101E8000FEF78EFA012804461DD0B0B904F12803EC
:101E90000022059430466B4404A903F8102C04F08A
:101EA00089FD049B0446AB4204D0069918460131D3
:101EB00018F0B8FC20460AB070BD024602A92846B8
:101EC00037F0C9FEE2E79DF808308DF81830DDE7FD
:101ED0000446EFE794EA0508A0EA05082DE9F04F6B
:101EE0002DED028BADF5137D0C460546114606A877
:101EF0001E46FFF74DFE079A3AB116230022B94954
:101F000006A82CF094F801304DD021680DF1480856
:101F10009F9A0CAC0EAF3368404600914FF40071AD
:101F200005AECDE90152B04A35F01CFF40462760AE
:101F3000FEF736FA0F280546306000F29680012839
:101F400040F08E8098F800303A4623720023656096
:101F50005355A3F6B93322684FF400710092A34899
:101F6000A34A35F0FFFEA148FEF71AFA01469F4842
:101F700011F010FB2068B84203D0A168013118F0BD
:101F800051FC9FED9C8A069808AB984203D00899B3
:101F9000013118F047FCB0EE480A0DF5137DBDEC99
:101FA000028BBDE8F08F1022002306980DEB020192
:101FB000049334F097FD049B069A0746934263D03E
:101FC00093F80090B9F1000F5ED1B0F5803F80F03A
:101FD000C3809E9B002B00F02C810DF1480814AEAD
:101FE000D3F808B085B2C8F80060BBF1000F00F06C
:101FF0005C8158460CACFEF7D3F90F28824620606E
:1020000067D8012840F004819BF80030324688F8F8
:1020100008300023C8F804A002F80A309E9B1C7BFD
:10202000462C00F0BF80D8E900A9B9F1090F68D0AB
:10203000B9F10A0F40F0F0804A466F49504635F03A
:1020400097FF00286AD007EE905AB8EE678AB2452B
:1020500099D0D8F808105046013118F0E3FB92E708
:10206000002840F03E813A4670E700223146204683
:102070002BF0BCFC33682060A3602A46414637F051
:10208000EAFD3568226861E721680DF148089F9AEA
:102090000CAC0EAF3368404600914FF4007105AEB2
:1020A000CDE90152504A35F05DFE40462760FEF70B
:1020B00077F90F28054630603FD801281CD000284A
:1020C00040F0F1803B46002265605A554B4B226838
:1020D00042E74A46214640462BF088FC2368C8F870
:1020E0000000C8F808305246594637F0B4FDD4F81D
:1020F00000A0D8F800208CE798F8003023723B4607
:10210000E1E74A463E49504635F032FF30B14A4693
:102110003C49504635F02CFF002894D1422C58D031
:10212000492C4CD13FB29E9B07EE907A93ED048AE6
:10213000F8EEE77A27EE888A89E7002231462046C2
:102140002BF054FC33682060A3602A46414637F0E8
:1021500082FD35682368B6E701950DF148082168CE
:102160000EAF9F980CAC336805AE274A02904046EC
:1021700000914FF4007135F0F5FD40462760FEF701
:102180000FF90F28054630607ED8012877D0002847
:1021900040F0A3803A46002365605355A3F6BA3356
:1021A0002268D9E63BB2D8F800A008EE103A9E9B10
:1021B000B8EEC88AD3ED047A28EE278A47E707EEFF
:1021C000905A9E9BB8EE678AD3ED047A28EE278A50
:1021D0003DE7F7EE007A9FED0D7A002D07FE278A86
:1021E00035E700BF7CEA0508B0EA0508BC07002413
:1021F0002CE9050820BCBE4C70E905083CF4FFFF43
:1022000058E9050864E90508F0EA0508000000003F
:1022100000284AD0304666E7B9F1070F7FF413AFC4
:102220004A463149504635F0A3FE00283FF476AFC8
:1022300009E703900DF1480821680EAF9F980CAC98
:10224000336805AE294A00914FF40071CDE9015081
:10225000404635F087FD40462760FEF7A1F80F287D
:10226000054630602AD8012823D0002837D13A46C5
:10227000002365605355A3F6BB3322686CE698F8DB
:1022800000303A46237286E74A46314620462BF014
:10229000ADFB33682060A3602A46414637F0DBFC83
:1022A0003568226877E738464FE732464FF0000A34
:1022B000AFE698F800303A462372D9E79E9A314645
:1022C00020462BF093FB33682060A3602A464146EA
:1022D00037F0C1FC35682268CAE73846DCE7384683
:1022E000F4E73846C9E600BF7CE905082CEB050891
:1022F00070B5044608460D46FEF752F866688642F9
:1023000001D0002070BD46B132462946206835F024
:102310002FFEB0FA80F0400970BD012070BD00BFF3
:102320002DE9F04FD0E900740D469946E11B794B39
:102330009346794AC91085B003FB01F1914200F040
:10234000E580EB1BA7428046009300F0B680B1EB1E
:10235000410F4FEA410000F28280002840F0CF8018
:10236000182682460190DBF80030E91BD9F80020DE
:102370000AEB010BA2EB030900220BF10800B9F1F3
:102380000F0FCDF80C904AF80100CBF8042000F2B2
:10239000A180B9F1010F00F09980B9F1000F40F070
:1023A000A5800023BD42CBF8049000F809301CD072
:1023B0000AF1080307F108093E4643F8083CD6E94C
:1023C0000012494567D0B068183609F11809B542BE
:1023D000186043E9021203F11803EED1A5F11806C3
:1023E000F61B26F0070630365644A54228D006F1E3
:1023F000080305F10801A946A346D9F80020D9F839
:1024000004408A4243F8083C33D043F8082C09F1D1
:10241000180959F8102C1831CB4543E9014203F152
:102420001803EAD15C463D4A631B183BDB0802FBFC
:1024300003F323F06043013303EB430306EBC306CE
:102440002FB1D8F808103846C91B18F0EBF9019BDA
:10245000C8E900A6C8F8083005B0BDE8F08F304ED6
:10246000304618F0F0F98319824600F118060193FE
:1024700079E709F118091846621C009137F0EBFB67
:1024800000990346D94501F1180140F8044C03F1C5
:102490001803B2D1C6E7013249461846183637F05C
:1024A000DAFB56F8142C0346AE4209F1180940F83D
:1024B000042C03F1180380D190E70131CFD291426F
:1024C00028BF114601EB4101CE00C9E71B788BF80C
:1024D000083066E703A9584600932BF087FAEB1BF8
:1024E000039A4AF80300009BCBF808204A46194695
:1024F00037F0B1FBDDF80C90DBF8000051E79042BB
:1025000028BF104600EB4000C600A9E7054824F0AC
:10251000EDFD00BFABAAAAAA55555505ABAAAA0A5C
:10252000F8FFFF7F78EB050800232DE9F04F0C68DA
:1025300087B0064683600F461546C0E900334868F9
:102540002044A04200F0EC80194600F1FF3C631EDD
:1025500013F8012FAA4208BF01319C45F8D101317F
:10256000724B994200F2DE80002940F08D8089464E
:102570004FF000080394A0EB040C039B4FEAAC025D
:102580000493002A62DD04EB82020BE06378AB4225
:1025900074D0A378AB4273D0E378AB4272D00434EA
:1025A000A24251D02378AB42F0D14945039426D0C2
:1025B000DDF810B009F10800C9F80480A4EB0B0A9B
:1025C000C9F80000BAF10F0FCDF814A029D8BAF15C
:1025D000010F22D19BF8003089F80830C9F804A017
:1025E00000F80A80736818337360D7E90003184451
:1025F00084420ED00134D6E901910394BBE703ABCA
:10260000304604AAFFF78CFED7E900031844844241
:10261000F0D1304607B0BDE8F08FBAF1000FDDD041
:1026200009E0002205A948462BF0E0F9059BC9F80E
:102630000000C9F808305246594637F00CFBDDF867
:1026400014A0D9F80000C9E7A0EB040CBCF1020FFC
:102650000BD0BCF1030F04D0BCF1010F09D004462C
:10266000A3E72378AB42A0D001342378AB429CD0BF
:1026700001342378AB4218BF044696E7013494E74F
:10268000023492E7033490E701EB4101CC0020468D
:1026900018F0D9F88146D6E900BAD34517D000F131
:1026A00008030BF10801D84643F8083CD8E90002BA
:1026B00088421ED008F11808183143E9020258F880
:1026C000102CC24503F1180343F8182CECD1BBF1D0
:1026D000000F05D0B1685846A1EB0B0118F0A2F825
:1026E00009EB0401D7E90040C6E900992044B16034
:1026F0003EE701321846019108F1180837F0ABFAAD
:1027000058F8142C03460199C24540F8042C01F1F5
:10271000180103F11803C7D1BBF1000FDAD1DFE7CD
:102720001824B4E7024824F0E1FC00BF55555505D4
:1027300094EB05082DE9F04F8C6883B08B468146F9
:102740000192002C4AD0D2E9008A66695546276971
:102750004046B245394628BF35462A4615B135F0C0
:1027600007FC08B9AAEB060000281ADBE2680AB1E8
:102770001446EAE7A3468DB12A464146384635F06D
:10278000F7FB58B100284FF000034846B4BFC9E931
:10279000003BC9E9004303B0BDE8F08FA6EB0A0097
:1027A000F0E7A268002AE3D1DBF80C30A3420ED098
:1027B0002046A34619F06FFC019B0446D0E904763D
:1027C000D3E9008AB245554628BF3546D3E70023F2
:1027D0004846C9E9003403B0BDE8F08F0C1DDBF8B2
:1027E0000C30A342E4D1F2E72DE9F04F064685B064
:1027F0002C200F46904618F026F800F118090446E0
:1028000000F1100AC0F810903846FDF7C9FD0F28F6
:102810000546029035D801281FD13B7849460DF175
:10282000080B237600236561524658464B553146C6
:10283000D8F80030A362FFF77DFFDDE9023595B1DE
:1028400083B30120331D2A46214619F026FC736903
:102850000133736105B0BDE8F08F00283AD14946D5
:102860000DF1080BDEE72069814503D0A169013134
:1028700017F0D8FF2C21204605B0BDE8F04F17F027
:10288000D1BF0DF1080B0022504659462BF0AEF88F
:10289000029B2061A3612A46394637F0DCF9029D8C
:1028A0002169BFE7331D9D4212D0D4F814806F69AF
:1028B0004246B84528BF3A4632B12969206901939A
:1028C00035F056FB019B08B9A8EB0700C00FBAE72B
:1028D0000120B8E748460DF1080BDCE72DE9F04F81
:1028E000064685B02C200F46904617F0ACFF00F14D
:1028F0001809044600F1100AC0F810903846FDF798
:102900004FFD0F280546029035D801281FD13B788E
:1029100049460DF1080B237600236561524658465F
:102920004B553146D8F80030A362FFF703FFDDE9CD
:10293000023595B183B30120331D2A46214619F093
:10294000ACFB73690133736105B0BDE8F08F0028FB
:102950003AD149460DF1080BDEE72069814503D0E5
:10296000A169013117F05EFF2C21204605B0BDE8BA
:10297000F04F17F057BF0DF1080B00225046594693
:102980002BF034F8029B2061A3612A46394637F0C8
:1029900062F9029D2169BFE7331D9D4212D0D4F830
:1029A00014806F694246B84528BF3A4632B129695A
:1029B0002069019335F0DCFA019B08B9A8EB070008
:1029C000C00FBAE70120B8E748460DF1080BDCE775
:1029D0002DE9F04F064685B02C200F46904617F0A3
:1029E00032FF00F11809044600F1100AC0F81090F7
:1029F0003846FDF7D5FC0F280546029035D801284A
:102A00001FD13B7849460DF1080B23760023656101
:102A1000524658464B553146D8F80030A362FFF76E
:102A200089FEDDE9023595B183B30120331D2A46C5
:102A3000214619F032FB73690133736105B0BDE8BB
:102A4000F08F00283AD149460DF1080BDEE72069E6
:102A5000814503D0A169013117F0E4FE2C21204605
:102A600005B0BDE8F04F17F0DDBE0DF1080B0022F8
:102A7000504659462AF0BAFF029B2061A3612A46BC
:102A8000394637F0E8F8029D2169BFE7331D9D42C2
:102A900012D0D4F814806F694246B84528BF3A4630
:102AA00032B129692069019335F062FA019B08B9B6
:102AB000A8EB0700C00FBAE70120B8E748460DF1C0
:102AC000080BDCE72DE9F0478AB0D0F8008006AFAC
:102AD0000497002900F0A180064608460D46FDF740
:102AE0005FFC0F280446039050D801284AD12B7868
:102AF0003A468DF818300023059440461355DDE919
:102B000004422146FEF79EF9BC42804604D0069955
:102B10002046013117F086FE3368043398452ED0E5
:102B20002C20776817F08FFE0446284604F1180918
:102B300004F1100AC4F81090FDF732FC0F28064685
:102B4000049059D8012854D12B7823764B46002184
:102B50006661524604A899553946D8F82830A362D0
:102B6000FFF7E8FDDDE90435FDB163B301203B1D4E
:102B70002A46214619F091FA7B6901337B610AB03C
:102B8000BDE8F08700284BD13A46B4E7002203A9FC
:102B900004A82AF02BFF039B0490069322462946A3
:102BA00037F059F8DDE90342A5E72069814503D0F4
:102BB000A169013117F036FE2C2120460AB0BDE88C
:102BC000F04717F02FBE3B1D9D4224D0D4F814804F
:102BD0006E694246B04528BF324632B12969206944
:102BE000019335F0C5F9019B08B9A8EB0600C00FA9
:102BF000BEE7B8B94B46AAE7002204A950462AF01E
:102C0000F5FE049B2061A3613246294637F023F884
:102C1000049E23699BE70120AAE7034824F063FA96
:102C20003846BBE74846EFE7ACE805082DE9F84F22
:102C30001F460B1D0E4605469A424CD01446D7E956
:102C400000A8D2E904B9C8451ED8B8F1000F7ED05B
:102C500042465946504635F08BF908B9A8EB0900B1
:102C6000002853DBC845424628BF4A468AB1584629
:102C7000514635F07DF960B100280EDB0023C5E92F
:102C800000432846BDE8F88FB9F1000F3BD04A4613
:102C9000DFE7A9EB08000028F0DA3369A3422CD063
:102CA000204619F0F4F98146D0E9041BC3455A4681
:102CB00028BF42461AB1504635F05AF908B9A8EB78
:102CC0000B00002851DB28463A463146FFF732FD1B
:102CD0002846BDE8F88F4B69002BF4D00C69D7E982
:102CE0000018D4E90409C1454A4628BF42465AB3F0
:102CF00035F03EF940B30028E5DA00232846C5E95F
:102D00000034BDE8F88FB8F1000FC6DAF368A342CB
:102D100015D0204619F0BFF98146D0E9040BC34510
:102D20005A4628BF42461AB1514635F021F908B932
:102D3000ABEB08000028C6DAD9F80C30D3B128462E
:102D4000C5E90044BDE8F88FA9EB0800D3E7C9F155
:102D50000003002B9DDACB689A42F0D0204619F090
:102D60009AF98146D0F814B0E2E7E3682BB1C5E9DF
:102D7000009986E7C5E9003983E7C5E9003480E7B3
:102D80002DE9F04F846885B081460F4600F1040AB2
:102D9000D1E9006B74B3D04665695A463146AB45FC
:102DA00028BF2A461AB1206935F0E2F808B9A5EB28
:102DB0000B00002804DBA368A0462BB11C46EBE700
:102DC000E368002BFAD14446A24514D065695D45FD
:102DD0002A4628BF5A4622B13046216935F0C8F844
:102DE00008B9ABEB0500002805DB04F1280005B0AD
:102DF000BDE8F08F54462C2017F025FD3A4600F12F
:102E00001808054652F8086B00F11003C0F810804E
:102E100096423FD000210661D7F804B0B8687960C7
:102E2000397200213A602246A86102A8A962494687
:102E3000C5F814B0FFF7FAFEDDE90247D7B1AAEBF7
:102E40000700B0FA80F04009002C18BF40F00100E4
:102E500000283CD053463A4629462C4619F01DF925
:102E6000D9F8143004F128000133C9F8143005B042
:102E7000BDE8F08FB04504D0A9693046013117F0A4
:102E8000D1FC28462C2117F0CDFC04F1280005B018
:102E9000BDE8F08FD7F804B03146404601930BF1FE
:102EA000010236F0D8FE002122463E60796002A879
:102EB00039720021019BA9624946C5F814B0FFF799
:102EC000B5FEDDE90247002FDBD04646B7E77C6957
:102ED0005A46A34528BF224622B13046396935F00B
:102EE00047F808B9ABEB0400C00FB3E72DE9F04F8A
:102EF000846885B081460F4600F1040AD1E9006B71
:102F000074B3D04665695A463146AB4528BF2A4658
:102F10001AB1206935F02CF808B9A5EB0B00002890
:102F200004DBA368A0462BB11C46EBE7E368002B4B
:102F3000FAD14446A24514D065695D452A4628BFAA
:102F40005A4622B13046216935F012F808B9ABEB88
:102F50000500002805DB04F1280005B0BDE8F08F6E
:102F600054462C20A04617F06EFC00F118060446CB
:102F70000661D7E9003500F110070F2D029507D83B
:102F8000012D51D11B780376B4460DF1080B12E0E8
:102F90000DF1080B00223846019359462AF026FD10
:102FA000029A019B2061A2612A46194636F053FE1F
:102FB000029DD4F810C0002165613B4642460CF8E2
:102FC000051000215846A1624946FFF72FFEDDE9B2
:102FD0000275C5B1AAEB0500B0FA80F04009002FD8
:102FE00018BF40F0010028B353462A46214619F085
:102FF00054F8D9F8143004F128000133C9F814301A
:1030000005B0BDE8F08F2069864203D0A169013187
:1030100017F008FC20463C462C2117F003FC04F175
:10302000280005B0BDE8F08F002DADD030460DF181
:10303000080BB9E767696E693A46B74228BF32465E
:1030400022B12969206934F093FF00B9B81BC00F81
:10305000CAE700BF2DE9F04F174685B006462C2081
:103060009846894617F0EFFB044600F1100AD7E9AD
:10307000003500F118070F2D029507613DD8012D8D
:1030800026D11B78BC460DF1080B03760021656143
:1030900053464A460CF805105846D8F80010A1626D
:1030A0003146FFF7C3FDDDE90258B8F1000F15D036
:1030B000002D36D00120331D4246214618F0EDFF89
:1030C0002546736928460133736105B0BDE8F08F6A
:1030D000002D3ED1BC460DF1080BD7E72069874291
:1030E00003D0A169013117F09DFB20462C2117F078
:1030F00099FB284605B0BDE8F08F0DF1080B0022C2
:103100005046019359462AF071FC029A019B2061B6
:10311000A2612A46194636F09EFD029DD4F810C0E1
:10312000B4E7331D984512D06769D8F814503A4671
:10313000AF4228BF2A463AB1D8F81010206901934F
:1031400034F016FF019B00B9781BC00FB4E70120D3
:10315000B2E738460DF1080BDBE700BF2DE9F04F71
:10316000846883B08046894600F1040B0192D1E95E
:10317000006A64B35F46656952463146AA4528BF76
:103180002A461AB1206934F0F3FE08B9A5EB0A000B
:10319000002804DBA26827462AB11446EBE7E26860
:1031A000002AFAD13C46A34512D065695246AA4589
:1031B00028BF2A4622B13046216934F0D9FE08B929
:1031C000AAEB0500002803DB03B0BDE8F08F5C46E6
:1031D000019B4A4621464046FFF73CFF03B0BDE84D
:1031E000F08F00BF2DE9F04F8C6883B08B4681468D
:1031F0000192002C4AD0D2E9008A666955462769B7
:103200004046B245394628BF35462A4615B134F006
:10321000AFFE08B9AAEB060000281ADBE2680AB183
:103220001446EAE7A3468DB12A464146384634F0B3
:103230009FFE58B100284FF000034846B4BFC9E9CB
:10324000003BC9E9004303B0BDE8F08FA6EB0A00DC
:10325000F0E7A268002AE3D1DBF80C30A3420ED0DD
:103260002046A34618F017FF019B0446D0E90476D8
:10327000D3E9008AB245554628BF3546D3E7002337
:103280004846C9E9003403B0BDE8F08F0C1DDBF8F7
:103290000C30A342E4D1F2E72DE9F04F154687B098
:1032A00007462C200E4617F0CEFA2B6800F1180ABC
:1032B00000F110020446C0F810A00192D3E9008585
:1032C0000F2D049500F28F80012D45D198F8003024
:1032D0005246037607F1040B00236561B34553554D
:1032E0003546A36200F08E802269D4F81490736989
:1032F000009299453269029200F29E80B9F1000F66
:1033000000F0BD804A4602990098039334F030FEE5
:10331000039B08B9A9EB03000028C0F293809945EC
:103320004A4628BF1A46E2B100990298039334F046
:103330001FFE039BA8B1002817DB2069824503D03C
:10334000A169013117F06EFA20462C2117F06AFAB4
:10335000284607B0BDE8F08F002D40F0CF805246E0
:10336000B8E7A3EB09000028E7DA3A690393B24211
:1033700000F0B480304618F08AFE4A468046039B2F
:10338000D0E90415A94528BF2A46002A00F0A980E3
:103390000098039334F0ECFD039B08B9A9EB0500FA
:1033A0000028C0F29080019A394604A8FFF71AFF5E
:1033B000DDE90458B8F1000FBFD0281E18BF012066
:1033C000C34508BF40F00100002865D05B46424677
:1033D0002146254618F061FE7B69284601337B6152
:1033E00007B0BDE8F08F104604A900222AF0FEFACB
:1033F000049B2061A3612A46414636F02CFC049DC3
:10340000226967E77B69002BCDD0D7F81080D4E91B
:103410000439D8E9040600934E45324628BF4A468F
:10342000002A54D0194634F0A3FD08B9A6EB0900D0
:103430000028B8DA0025BDE70BB11A4663E7B9F1F9
:10344000000F92DAFB68B34216D0304618F023FE24
:1034500080464A46D0E90405A94528BF2A461AB144
:10346000009934F085FD08B9A5EB090000289ADA27
:10347000D8F80C000028A3D0B0460120A6E75A4295
:10348000002ABFF66EAFFB68B342F5D0304618F0A5
:1034900002FE80464569E7E72369D4F8149000935B
:1034A000D8E9042302924B451A4628BF4A4632B156
:1034B00002990098019334F05BFD019B08B9A9EBD8
:1034C0000300C00F82E7F268A2B1454672E7A6EB9F
:1034D0000906002EBFF667AF104671E7B04600251B
:1034E0006BE7A9EB0503002BBFF65DAFF3681BB1DB
:1034F000012065E7B046D6E7B046D1E750467AE707
:103500002DE9F04F834693B090200826CDF804B003
:1035100017F099F9A74B0746A74C0025BA19DFF811
:10352000B0C20BF1040AA9463A60039203CBA34B45
:10353000B8605160A24A7E60FE613D7487F82850F1
:1035400087F83B5087F8535003CB07F1200379628B
:10355000BB6107F1380311883B63032392783987F5
:103560007B632188FB6407F16803386287F83A209F
:1035700007F15002DCF80000A7F850103B66042366
:10358000A17807F19004B866BA6487F852107B6698
:10359000FB678C4B8BF80450186807F1800387F8A1
:1035A0006C5087F88450C7F88000BB670497CBE95C
:1035B000025ACBE904A5A346D7E90046002D36D030
:1035C0000297A046374656466C693A464146A7429E
:1035D00028BF22461AB1286934F0CAFC00B9E01BA2
:1035E00000287ADBAA682E460AB11546ECE73E466B
:1035F0004446029FAA451BD06B6932469E4228BFB3
:103600001A4632B120462969029334F0B1FC029B7C
:1036100000B9F01A00280BDB1837C5F828905F4571
:1036200012D0019B9D68D7E90046002DC8D15546B0
:103630000C97183729460CAA0198FFF72DFE5F4515
:103640000546C5F82890ECD15F485C46049F03F01E
:103650000BFA80465C4803F009FA804500F00C81C3
:1036600008ABD8F8045008F1200802900693CDE981
:10367000047B002D00F08A802846FCF791FE0F287D
:1036800004460C9000F2E380012840F0EF802B7894
:103690008DF8203008AB4FF0000207941A55019BBB
:1036A000069FD3F80890079EB9F1000F57D0D34674
:1036B0004C466569324639462069AE4228BF2A46E3
:1036C00012B134F055FC00B9A81B0028D4E902322D
:1036D0000CDB7BB1A3461C46EBE7EA68002A84D1E9
:1036E0004446B0463E46029F454683E71346002ABD
:1036F000F1D15C46A24532D03246D4E90415AE423F
:1037000028BF2A461AB1384634F032FC00B9701B83
:10371000002824DB2D4A0EAB07CA03C31A704FF0F2
:1037200000038DF84130D8F80440C4B1C346D4E951
:103730000405092D2DD8002D39D1E468002CF6D1CF
:10374000C3450CD0DBE90414082C43D909220EA888
:1037500034F00EFC08B9C4F1090000283CDA08ABCB
:103760009F4204D008993846013117F05BF808F100
:103770003C03029A08F11C0842457BD0984608ABEE
:1037800058F81C5C0693002D7FF476AF08AB00243C
:1037900081E709220EA934F0EBFB08B9A5F1090075
:1037A0000028CADBA346A468002CC0D1C8E72A467B
:1037B000F0E700BFD8E90508FCE90508ECE90508D1
:1037C000F8E90508ACEB0508EC0B002458E90508FE
:1037D000A4EB0508002C6AD1DBED0A7AFDEEE77A4E
:1037E00017EE903A0B2BBAD15546D9F81440324611
:1037F0003946D9F81000A64228BF224612B134F04B
:10380000B7FB00B9A01B0028D9E9023203DB33B1B2
:103810004D469946E9E71346002AFAD1A946CA451A
:1038200047D0D9F814403246A64228BF22462AB1D2
:10383000D9F81010384634F09BFB00B9301B002833
:1038400037DBD9F828300133C9F8283087E7002260
:103850000CA906A82AF0CAF80C9B069008932246E9
:10386000294636F0F8F90C9C069B14E700288DD009
:1038700008A8F4E7DDE90474039D3E4655F8080CFA
:1038800085420FD0B16818361835013116F0CAFFDD
:10389000B442F3D13846902116F0C4FF019813B01A
:1038A000BDE8F08F18361835B442E7D1F2E722466A
:1038B0004DE706AB49460CAA01980C93FFF7ECFCC8
:1038C000069F8146BDE700BF2DE9F041044682B066
:1038D00016461D4661B10120231D3246294618F0C7
:1038E000DCFB636928460133636102B0BDE8F08107
:1038F000031D9A4212D05769D5F81480B845424644
:1039000028BF3A4632B131692869019334F030FB5F
:10391000019B08B9A8EB0700C00FDEE70120DCE738
:103920002DE9F04F2DED048BADF5417D002481464E
:103930004FF4D2701DAB8DF874401E9421948DF815
:103940008C4024942794CDE91F3323ABCDE9253354
:1039500005F076FA4FF4D37005F072FAD9E9000356
:10396000984200F0D5850A232246C7492AF05FFB1A
:10397000013040F0A481D9E900031B1A182B40F252
:10398000D08118300A232246BF492AF050FB01306B
:1039900040F0EE8140F2A71005F052FAD9F800305D
:1039A00021460A22186833F09DF80B904FF4D4702A
:1039B00005F046FAD9F8003021460A22986933F01A
:1039C00091F805460A9040F2A91005F039FA002353
:1039D0002AAA4FF4D5700E93289229948DF8A84006
:1039E00005F02EFA2946A94803F048F80446059048
:1039F00040F2AB1005F024FA2346A1681833079370
:103A0000002901F0DD800DF5807B5846FDF76AF94D
:103A1000032300229E4958462AF0F0FA42AB0C904C
:103A2000DBF80000984204D0DBF80810013116F0F2
:103A3000F9FE079B40F2A51010931CAB119305F003
:103A4000FFF91E98FDF738FA1DAB2C20CDE91F3386
:103A500000231E93219316F0F6FE00F11005044694
:103A60008C492846FDF73EF9DDED0A7A2A461CA965
:103A7000F8EEE77A12A8C4ED0A7AFEF75BFEDDE9FC
:103A80001212002A00F0668723461CA8FFF71CFFCD
:103A90008149D9E90032D21AD310302A01FB03F34D
:103AA00040F26A850222DFED7D8A9FED7D9A0492C5
:103AB0000022CDF818900D92049A01329A4281F0BA
:103AC00059824FF4D77005F0BBF9059B9D6842AB56
:103AD000CBF80030002D00F0338728460DF1E80ABE
:103AE000FCF75EFC0F280446CAF8000000F296823C
:103AF000012840F0F3832B7842AA8BF8083000238A
:103B0000CBF8044058461355049B03EB4306069B31
:103B10001968F50001EBC601FEF788F942AB0446CF
:103B2000DBF80000984204D0DBF80810013116F0F1
:103B300079FE002C00F08682A7683846FCF730FC3E
:103B40003B46299A0021009028A82AF047F940F224
:103B5000AF1005F075F9059BD3F8088042ABCBF8A0
:103B60000030B8F1000F10D040460DF1E80AFCF724
:103B700017FC0F280746CAF8000000F23B82012814
:103B800000F03282002840F0BB8342AB00270022C5
:103B9000CBF8047043495846DA5508232AF02EFA28
:103BA000002840F0D981002C00F0D681237BDBF87F
:103BB0000000462B42AB00F0B183984204D0DBF802
:103BC0000810013116F02EFE069B1F6805F1180340
:103BD0003D441F44059BD3F8088042ABCBF800302E
:103BE000B8F1000F10D040460DF1E80AFCF7D8FB01
:103BF0000F280646CAF8000000F25C83012800F096
:103C00005383002840F06F8642A800260023CBF89B
:103C100004603A46294683550B9B0A9801935B46FC
:103C20000094FEF75BF9DBF8000042AB8DED0E0A65
:103C3000984204D0DBF80810013116F0F3FD02239E
:103C400009934FF4D87005F0FBF80798DDE9287662
:103C500032463946FDF7F6F8059A02F11C03834215
:103C6000089300F07D81156A002D00F0EE819846E2
:103C70006C693246A64228BF2246AAB13946286955
:103C800034F076F988B90FE0DCEB0508EC0B002482
:103C900070EC050854E90508ABAAAAAA20BCBE4CE2
:103CA0000000000094EA0508A01B0028C0F28280F2
:103CB000AB68002B00F08380A8461D46D8E7D9F8F2
:103CC00000300DF5807B0DF1E80A3CAE1B684FF427
:103CD0000071B84A584634F045F85846CAF80060B2
:103CE00034AFFCF75DFB0F280546386050D801283B
:103CF00040F02A869BF800308AF8083032460023CC
:103D0000AD48CAF8045051465355FDF727FFDAF87D
:103D10000000B04220D0DAF80810013116F082FD20
:103D20001AE0A64D40AC0FCD0FC40FCD0FC495E8DF
:103D3000030044F8040B3AA8218040A9FCF7D2FF05
:103D40003AA99F48FDF70AFF3A983CAB984203D046
:103D50003C99013116F066FD2498FDF7C5F91E98CF
:103D6000FDF7AAF80DF5417DBDEC048BBDE8F08FA1
:103D7000D9F800304FF40071924A40A89B6933F0A3
:103D8000F1FF40A93AA8FCF7ADFF3AA98E48D9E760
:103D900022463946504629F029FE3B68CAF8000001
:103DA000CAF808302A46594635F055FF3D68DAF81A
:103DB0000020A4E7EB68002B7FF47FAF4546089B0B
:103DC0009D4200F04381D5F814803246464528BF15
:103DD000424622B13846296934F0CAF808B9A6EB40
:103DE00008000028C0F23281D5ED0A7A9DED0E8AD6
:103DF000F4EE487AF1EE10FA00F08680299F092F40
:103E000000F014840A2F00F072860C2F40F0DD873A
:103E10003A466E49289834F0ABF80C9B184340F0B2
:103E2000E187079C28A92046FFF760F8684980EDE4
:103E3000008A5846FCF756FF2046DBE9006231460F
:103E4000FDF700F842AB05469E4205D0DBF80810AE
:103E50003046013116F0E6FC089B9D4201F00982D4
:103E6000D5ED0A7A58465B49012538EE278AFCF7DA
:103E700039FF59460798FEF783FF80ED008A5846C0
:103E800029F0D5FD544910A8FEF71CFE534910A88F
:103E9000FEF718FE4E495846FCF724FF0798DBE969
:103EA00000723946FCF7CEFF42AB06469F4205D072
:103EB000DBF808103846013116F0B4FC089BB34219
:103EC00005D006F1280242491CA8FEF707FD002D87
:103ED00000F09C873F4900F010BC32463C49384610
:103EE00034F046F8002848D10EAA39490798FEF761
:103EF000F5FC0C9B002B00F03C850EAA34491CA855
:103F0000FEF7ECFC01230D930499099B069A1944D2
:103F1000D2E9002304919B1A314ADB1002FB03F320
:103F20009942FFF4C9AD0D9B002B00F025830A9C3C
:103F3000E0B207F009F94FF4E67004F081FF294B75
:103F40001B7823B90B9920461CAAFDF7E5F940F22E
:103F5000CD1004F075FF0FE3DBF8000042AB2CE658
:103F60000A2EBAD0072E40F0EC8032461A49384665
:103F700033F0FEFF002800F00A83059B1D6A002D28
:103F800000F00A86089CA0466C693246A64228BF0B
:103F9000224622B13946286933F0EAFF00B9A01B56
:103FA0000028C0F29280AB68002B00F09380A846F6
:103FB0001D46E9E7E8EB050832F4FFFF18EC0508B9
:103FC00031F4FFFF40EC050830F4FFFF34ED050845
:103FD00070E9050864E905087CE9050858E9050861
:103FE000ABAAAAAA4426002498F800308BF808301F
:103FF00042ABCCE500225146584629F0F7FCDAF8EE
:104000000030CBF80000CBF808303A46414635F096
:1040100022FEDAF80070DBF80030B8E500225146E5
:10402000584629F0E3FCDAF80030CBF80000CBF872
:1040300008302246294635F00EFEDAF80040DBF85B
:1040400000205CE50720AF4F7AE51D462C20A946ED
:1040500016F0F9FB299E00F1180705460F2E00F116
:104060001008289CCBF80060076100F2E983012E5C
:1040700000F07883002E40F05686384600216E61AD
:1040800043464A46815514A8079985ED0A9AFEF7DA
:10409000CDFDDDE91486002E00F02581089B981BDC
:1040A000B0FA80F04009B8F1000F18BF40F00100ED
:1040B000002800F0F6863246089B294617F0EDFFEF
:1040C000059AD36A0133D3628EE6EB68002B7FF446
:1040D0006FAF4546089B9D4200F05F85D5F8148080
:1040E0003246464528BF4246002A00F0D983296956
:1040F000384633F03DFF002800F0D2830028C0F29C
:104100004C850C2E00F0F9861E9C002C00F08F864A
:104110000DF174083246D4E90405AE4228BF2A46A0
:104120001AB1394633F024FF00B9A81B0028D4E99E
:104130000232C0F2B883002B00F0BA83A0461C46BE
:10414000E8E7092E00F04D840F2E40F072863246CB
:104150006D49384633F00CFF00287FF40EAF34ADC4
:104160006A4B0DF1E00800272E46DDF820A00FCBAA
:1041700085E80F0042AB56F8045BCBF80030002D09
:1041800001F051812846FCF70BF90F2804463A90BC
:1041900000F22382012800F00A82002840F0E7861E
:1041A00042ABCBF804401F550798DBE90092494623
:1041B000FCF748FE42AB0446994505D0DBF80810F1
:1041C0004846013116F02EFBA24500F072844645A8
:1041D000D0D1059B1D6ADDE92878002D00F0E78429
:1041E000089C6E694246B04528BF324622B1394626
:1041F000286933F0BDFE08B9A6EB0800002804DBEF
:10420000AB6833B12C461D46EBE7EB68002BFAD1C7
:104210002546089BAB4200F0CB846C694246A04522
:1042200028BF2246002A00F060833846296933F00F
:104230009FFE002800F059830028C0F2B9840E9C2C
:1042400028A90798FEF752FE2F49046010A8FEF730
:1042500039FC2F4910A8FEF735FC2E4910A8FEF7AF
:1042600031FC2D4910A8FEF72DFC1E9CDDE92867C6
:10427000002C00F0DC850DF174083A46D4E9040501
:10428000AF4228BF2A461AB1314633F071FE00B959
:10429000E81B0028D4E90232C0F22A83002B00F088
:1042A0002C83A0461C46E8E798F8003042A88BF81B
:1042B0000830ABE400225146584629F097FBDAF863
:1042C0000030CBF80000CBF808303246414635F0DC
:1042D000C2FCDAF80060DBF8000097E4002800F088
:1042E0002F8342A8A5E62869874203D0A969013136
:1042F00016F098FA28462C21454616F093FA73E5F5
:1043000042A882E6A8EA050844ED050878E8050811
:1043100070ED050854ED050860ED0508984204D0DD
:10432000DBF80810013116F07DFA069BB44AD3E998
:104330000083A3EB080308EB0500DB1002FB03F38B
:10434000049A03329A42C0F08980059B18352EAF3B
:104350000DF1C009D3F808A04544C7F80090BAF1A0
:10436000000F0ED05046FCF71BF80F280346CBF881
:10437000000000F2BA80012800F0B280002840F06E
:10438000B4834A46002329464FF0000A34AD7B60CF
:1043900002F803A02846FDF7FBFB6B6843B1162328
:1043A00052469849284629F042FE013000F05982D1
:1043B0000B9B0DF1E80A944A4FF4007102935846A2
:1043C0000A9B019358F836303CAE00933B6833F0BB
:1043D000C9FC5846CAF80060FBF7E2FF0F28044604
:1043E0000F9000F2E880012800F0DC80002840F007
:1043F000898432460023CAF804404FF40071834890
:104400001355DAF80030824A0093824B33F0AAFC4D
:104410007E48FBF7C5FF01467C480FF0BBF8DAF891
:104420000000B04204D0DAF80810013116F0FAF9B1
:10443000B0EE688A286836AB984203D0A96801318B
:1044400016F0F0F938688DED0E8A48453FF4F7AB69
:10445000B968013116F0E6F9FFF7F1BB00242EA987
:1044600005F13007ADF8B840ADF8D040FDF7A6FC37
:10447000002800F0BE86069B34A918683844FDF772
:104480009DFC002800F0B586BDF8B830BDF8D020FE
:10449000013306999BB20E689A4240F0AE860DF148
:1044A000E80A05F11800ABF8004030445146AAF87C
:1044B0000040FDF783FC00283FD005F14800594635
:1044C0003044FDF77BFC002837D0BAF80020BBF859
:1044D000003043EA02430E9304230993FFF7B1BB74
:1044E0009AF800203A724A464DE700220890594651
:1044F000384629F07BFADBF80020089B3860BA6068
:104500001A46514635F0A7FBDBF800303A683AE727
:10451000414D40AC0FCD0FC40FCD0FC495E8030043
:1045200044F8040B3AA824F8021B090C217040A996
:10453000FCF7D8FB3AA9394804E4DDE905399B6862
:10454000002B00F040830B9A4FF400715846029202
:104550000A9A0192D9F8002052590092304A33F059
:1045600001FC59465046FCF7BDFB2E485146FDF76D
:10457000F5FA504629F05BFA28982AAB98423FF4A6
:10458000EBAB2A99013116F04DF9FFF7E5BB0EAA06
:1045900007982549FEF728F90EAA23491CA8FEF71B
:1045A00023F9AFE49BF800308AF8083021E72B7834
:1045B0008BF80830F4E500220FA9504629F016FACE
:1045C0000F9BCAF80000CAF808302246594635F059
:1045D00042FB0F9CDAF800200CE700223AA958466B
:1045E00029F004FA3A9BCBF80000CBF808302246B9
:1045F000294635F030FB3A9CDBF80030D1E500BFAE
:10460000ABAAAAAA7CEA0508B0EA0508BC07002400
:104610002CE9050842F4FFFFB4EB050833F4FFFF73
:10462000F4EC05080AF4FFFF7CE90508289D3A46EA
:10463000BA49284633F09CFC0646002800F09580D5
:104640003A46B749284633F093FC002859D03A46F9
:104650002846B44933F08CFC002840F0C3832EADCB
:10466000B14B0DF1E80A3CAEA846089F0FCB85E898
:104670000F0058F8044BCAF80060002C00F0D386F5
:104680002046FBF78DFE0F280546CBF8000000F210
:104690001F84012800F01784002840F0BE833346B1
:1046A0004FF00002CAF8045007985A55DAE9009210
:1046B0004946FCF7C7FBB145054605D0DAF80810B6
:1046C0004846013116F0AEF8AF4200F0EB8432AB51
:1046D0009845CED128A90798FEF708FC934980EDAC
:1046E000008A10A8FEF7EEF98E4910A8FEF7EAF945
:1046F0008F4910A8FEF7E6F98E4910A8FEF7E2F9F7
:1047000084E328A90798FEF7F1FB8B4980ED008A26
:1047100010A8FEF7D7F9814910A8FEF7D3F9874909
:1047200010A8FEF7CFF91E9CDDE92867002C00F0E9
:104730007E830DF174083A46D4E90405AF4228BFE0
:104740002A461AB1314633F013FC00B9E81B0028A1
:10475000D4E90232C0F27A83002B00F0CE80A0466A
:104760001C46E8E72378037687E44FF4DB7004F017
:1047700067FB079C28A92046FEF7B8FBD0ED007A1E
:10478000BCEEC87A9DF82800FCEEE77A8DED087A39
:10479000CDED0D7A9DF820209DF8341006F074FDC3
:1047A00040F2B71004F04CFB28A92046FEF79EFB10
:1047B000614980ED008A10A8FEF784F95F4910A8CE
:1047C000FEF780F9564910A8FEF77CF90EAA534966
:1047D0001CA8FEF7FDF84FF4DC7004F031FB5846DE
:1047E000FEF78EFE2498FCF77FFC23AB24962796D9
:1047F000CDE92533DBF80830B3B1DBF80C20249386
:104800002592DBF8102026929BF804208DF88C204E
:1048100023AA5A60DBF81430CBF80860279341AB29
:10482000CBF81460CBE903330020FCF75DFC22A831
:10483000FCF784FF40F2B91004F002FBFFF762BB03
:1048400000225946404629F0D1F8DBF800202861C3
:10485000AA613246214635F0FEF9DBF8006028698E
:104860000CE410220FA92868CDF83CA032F03AF9E8
:104870000F9A03462868904200F0EE821278002AD0
:1048800040F0EA82B3F5803F80F0D7841BB2D4EDCC
:10489000047A08EE103AB8EEC88A28EE278ACAE5EC
:1048A000A6EB08002AE412B113461C4632E4444643
:1048B0001DAB9C420DD03246D4E90415AE4228BF50
:1048C0002A4672B1384633F053FB50B10028BFF688
:1048D00019AB21460EAB28AA1CA8FEF7BBFBFFF7BD
:1048E00011BB701BF2E742A8EFE4A8EB0400A3E4BD
:1048F00012B113461C46C0E444461DAB9C42E8D0AE
:104900003A46D4E90415AF4228BF2A4622B13046C0
:1049100033F02EFB0028D9D1781BD7E758E90508DA
:1049200064E9050870ED050878E8050844ED050818
:1049300054ED050860ED05087CE9050870E90508F7
:1049400042AA0024FFF7DBB800283FF4D7A930467D
:10495000FFF728BA206904F11803984203D0A1692F
:10496000013115F05FFF20462C2115F05BFFFFF7AA
:104970008FB89E495846FCF7B5F90798DBE9006205
:104980003146FCF75FFA42AB05469E4205D0DBF8A4
:1049900008103046013115F045FF089BAB423FF44B
:1049A000ACAADDED0E7A584695ED0A8A904938EEAC
:1049B000278AFCF797F959460798FEF7E1F942ABC9
:1049C00080ED008ADBF80000984204D0DBF8081084
:1049D000013115F027FF864910A8FEF773F8FFF79D
:1049E0008CBA32468349384633F0C2FA002840F088
:1049F00077810EAA7F490798FDF7EAFF7E4F0EAA3E
:104A00007C491CA8DFF80492FDF7E2FF4FF4E17047
:104A100004F016FA06F088FBBC6806469DF828806C
:104A2000C9F80000002C00F0BC8307F1040A5546C9
:104A3000237C4345D4E9021239D325460C46002C89
:104A4000F6D1554500F0AD832B7C434540F2BD8047
:104A50002C2015F0F8FE0476C4610646846200F14D
:104A6000180480F81080C0E908442B7C984580F039
:104A70006083FB68AB420DD02846089317F00BFB10
:104A8000017C0246089B414580F04784C368002BA7
:104A900000F0BC842A4601203546584B294617F0C1
:104AA000FCFA7B6901337B61D9F800608FE0144622
:104AB000C5E72C2015F0C7FE294600F11005044675
:104AC0002846FCF70FF900232A4607991AA8A36283
:104AD000FDF730FEDDE91A12002A00F015812346A9
:104AE0000798FEF7F1FEFFF772BB484608E5444D14
:104AF0003A462898294633F03BFA0646002840F00B
:104B0000718142AB95E80700CBF80030089D03C3E4
:104B10001A80059B8BF812601E6ACBF80470002E79
:104B200000F00381D6E904040A2C27D8002C31D1E7
:104B3000F668002EF6D1089BAB4200F0F6806E6955
:104B4000092E40F2AA823A46296942A833F010FAA7
:104B500008B9C6F10A000028C0F2E78085ED0A8A8C
:104B60000C9B002B00F0388210A82649FDF7AAFF05
:104B7000204910A8FDF7A6FFFFF7BFB90A2242A9F6
:104B800033F0F6F908B9A4F10A000028D0DB354665
:104B9000B668CEE72246F2E7089D29460EAB28AA62
:104BA0000798FEF757FADDE92876FFF7AABA089DBD
:104BB00029460EAB28AA0798FEF74CFAFFF73FBB31
:104BC0001149FEF720BF104BBDE405F118049DED1F
:104BD0000E8AD5F81C90FCEEC87ACDED087A9DF8C7
:104BE0002080B9F1000F14D146E300BF34ED050871
:104BF00064E9050858E905085C26002460260024BD
:104C000070E905087CE90508B03606085826002436
:104C1000914699F81010D9E90232884536BF1A46F4
:104C200000230123002AF3D1002B40F05D81884549
:104C300019D94C4540F026830127302015F003FE9A
:104C400023460146002480F810804A4646613846D3
:104C5000C1E90644C1E90844C1E90A4417F01DFA54
:104C6000AB6A0133AB62BDEEC88A18EE103A0B2B6B
:104C70007FF448A940F2C31004F0E2F85846FEF76A
:104C80003FFC2498FCF730FA23ABDBF80820CDE991
:104C90002533002324932793B2B1DBF80C10249220
:104CA0002591DBF8101026919BF804108DF88C10DC
:104CB00023A95160DBF81420CBF80830CBF814306E
:104CC00041AB2792CBE903330020FCF70DFA22A871
:104CD000FCF734FD4FF4E27004F0B2F8FFF712B9BC
:104CE0003246B249384633F043F900283FF437AA38
:104CF0003246AF49384633F03BF900283FF42FAA3B
:104D0000FFF73BB9304660E4206904F1180398428C
:104D100003D0A169013115F085FD20462C2115F045
:104D200081FDFFF754BA384693E52C2015F08BFD32
:104D3000DBF8007042AA00F11808064600F11003E3
:104D40009742C0F8108000F0C58242A9DBF8044009
:104D50002A460761CBF80010DBF808104461816136
:104D60000021CBF804108BF808100021816216A8EE
:104D70000799FDF75BFFDDE916A5002D00F02D82F8
:104D8000089B581BB0FA80F04009BAF1000F18BF19
:104D900040F00100002800F014832A46089B3146A9
:104DA000B24617F07AF9059AD36A0133D362DBF879
:104DB000000042AB8AED0A8A98423FF4D1AEDBF89C
:104DC0000810013115F02EFDCAE6072F00F03681DC
:104DD0000F2F07D13A467749289833F0C9F80028B1
:104DE0003FF43DAC724928A8FDF782FA00287FF411
:104DF00036AC714928A8FDF77BFA00287FF42FAC68
:104E000028A90798FEF772F880ED008A0EAA28A953
:104E10001CA8FEF7A3F9FFF775B830462A462146CD
:104E200034F019FFDBF80050DAF8003038E41DAC3C
:104E30004FE50E2E7FF4A1A832465F49384633F085
:104E400097F800287FF499A8FFF789B9002A3FF462
:104E500053AD13461C466EE40B9B0DF1E80A574A0E
:104E60004FF40071029358460A9B019358F836306C
:104E70003CAE00933B6832F075FF59465046FBF755
:104E800031FF4F485146FCF769FE3A98B04203D0D3
:104E90003C99013115F0C6FC9FED4A8A2868FFF75E
:104EA000CABAD5F8148077694246B84528BF3A4651
:104EB00022B13169286933F05BF808B9A8EB070023
:104EC000C00FFFF7F8B823788AF80830FFF7E7BB80
:104ED00000225946504628F089FDDBF80030CAF818
:104EE0000000CAF8083099E72B6A4B453FF4A1AEA1
:104EF000484617F0D0F8017C99E6324632493846E8
:104F000033F036F80C9B18437FF4FEA82F4958461F
:104F1000FBF7E8FE0798DBE90012FBF793FF054675
:104F2000584628F084FD089B9D421CD0DDED0E7A8A
:104F3000584695ED0A8A2835254938EE278AFBF729
:104F4000D1FE59460798FDF71BFF80ED008A5846B1
:104F500028F06DFD1D491CA82A46FDF7BFFC1C4921
:104F600010A8FDF7AFFDDDE92876FFF7CDB842A820
:104F7000FFF73DBB0A9B4FF40071164A584632F0CA
:104F8000F1FE59463AA8FBF7ADFE6FF43E603AA930
:104F9000FCF7E4FD3A983CAB98423FF4EDAA3C990B
:104FA000013115F03FFCFFF7E7BA00BF70ED0508CF
:104FB00054ED050844ED050860ED0508B0EA050864
:104FC0003DF4FFFF20BCBE4C34ED050870E9050838
:104FD00064E9050874EC0508B4495846FBF782FEFD
:104FE0000798DBE900623146FBF72CFF42AB054630
:104FF0009E4205D0DBF808103046013115F012FC56
:10500000089B9D423FF4B0ADD5ED0A7A5846A849B9
:1050100038EE278AFBF766FE59460798FDF7B0FE83
:1050200080ED008A584628F002FD10A8A149FDF73E
:1050300049FDA14910A8FDF745FDCCE43A469D493C
:10504000289832F095FF00287FF4CCAE9949584655
:10505000FBF748FE59460798FDF792FE42AB80EDFC
:10506000008ADBF80000984204D0DBF80810013118
:1050700015F0D8FB10A89149FDF724FD10A88C4924
:10508000FDF720FD10A88C49FDF71CFD0EAA8949EB
:105090001CA8FDF7A9FBFEF735BF002E3FF45EAD5F
:1050A000374650E52C2015F0CEFB0546204605F18D
:1050B000180905F11003C5F810900893FBF770F973
:1050C0000F280346CBF8000000F26F81012800F0A2
:1050D000218128BB494600206B61089AC8540023EF
:1050E000079918A8AB62FDF725FBDDE91834002C01
:1050F00000F0CF80003B18BF0123A74214BF184621
:1051000043F00100002800F06E8122463B4629460C
:1051100016F0C3FF059AD36A0133D362FFF7D7BAFB
:1051200048461A46214634F096FDDBF800302969DE
:10513000D1E72CD93B69AB4200F02081284616F01C
:10514000A6FF037C0246434540F2FE80EB68002B3D
:1051500000F01481354601209FE4D7F808A0BAF189
:10516000000F01D115E19A469AF81010DAE90223EE
:10517000884536BF134600220122002BF3D1002AB6
:1051800040F009815246884520D82E4655460020D9
:1051900005F11804FBF7DEFD30462C2115F042FB2B
:1051A00082E42C2015F04FFB002300F11804054683
:1051B0000376C36183627B6980F81080C0E908448C
:1051C000002BCAD03A69137C4345C6D2DFF800A150
:1051D000524540F0D78001205FE4B84504D0B16962
:1051E0003846013115F01EFB30462C2115F01AFB14
:1051F000DDE5DDF81890D9F80060059B9B68002B71
:1052000000F0EF800B9A4FF40071584603920A9A0F
:105210000292F259019272590092294A32F0A2FD8B
:1052200059463AA8FBF75EFD3AA92648FCF796FCDA
:105230003AA828F0FCFBFFF79FB90B9B0DF1E80A99
:10524000214A4FF40071029358460A9B019358F883
:10525000363000933B6832F085FD59465046FBF7E7
:1052600041FD51461948FCF779FC504628F0DFFB18
:1052700012E60025FEF706BE2B6AA1469C427FF48B
:1052800037AED9E499F81070474594BF002701273D
:10529000D3E42869814503D0A969013115F0C2FA28
:1052A00028462C2115F0BEFAFFF711BA34ED050897
:1052B00064E905087CE9050858E9050870E905086E
:1052C000A0EC05080BF4FFFFF0EA050841F4FFFF2E
:1052D00060260024DBF80440114640460D93621C12
:1052E00034F0B9FC42A92A460D9BCBF800100021EE
:1052F00016A87461CBF804108BF808100021B16275
:105300000799FDF793FCDDE916A5002D3FF46CAF7E
:10531000474635E522782A76DCE6BD680DB980E09F
:105320000546297CD5E90220884536BF1046002273
:1053300001220028F4D1C2B92A4688457FF627AF5A
:10534000354606F1180443E7BD680DB967E0154618
:10535000297CD5E90232884536BF1A46002301234D
:10536000002AF4D1002BE7D0FB68AB4252D028468C
:1053700016F091FE2A46017C0546DEE72A4606F134
:1053800018043546107C404594BF00200120FFF7EB
:1053900084BBDFF89CA0FB689A4539D0504616F0D4
:1053A0007AFE5246017C8246EDE600220D90594677
:1053B000089828F01BFBDBF800200D9B2861AA61F0
:1053C000AFE6D5F81480A045424628BF224622B158
:1053D0003846296932F0CCFD08B9A4EB0800C00FAB
:1053E000DBE4124B0EE76B69D4F814901A464B4578
:1053F00028BF4A4632B121692869089332F0B8FDC6
:10540000089B08B9A3EB0900C00F7EE63546DFE62E
:105410005246DBE62A4606F118043546D8E6044D26
:10542000A2E7034DA1E7034821F05DFEB036060870
:1054300060260024ACE805082DE9F04F0446ADF5E0
:10544000137D4FF4C87003F0FBFC65688DB142F228
:105450000146691E23685A5C0D2A0ED826FA02F20C
:10546000D2070AD50122204628F05FFB6568002D8F
:10547000EFD10DF5137DBDE8F08FBC4A1278012AFB
:1054800000F0BF801A787B2A00F0BB80012D6CD021
:10549000303A092A69D85A783A2A66D10DF1240897
:1054A00021464046FDF740F8B14AD8E9006AAAEB28
:1054B0000601CB104829039102FB03F304D913F032
:1054C0000102934600F0A980226812AF0CAC0DF1E6
:1054D00038094FF4007100923846A64A32F042FC77
:1054E0003846C4F80090FAF75BFF0F28054608908D
:1054F00000F24C81012840F02D813B7823724A460E
:10550000002365604FF400719B48535523689B4A04
:1055100000939B4B32F026FC9748FAF741FF014677
:1055200095480EF037F82068484503D0A16801314E
:1055300015F078F9B2450FD006F10804354654F855
:10554000080CA04200F0B880A96818351834013161
:1055500015F068F9AA45F2D1002E8AD0D8F80810C3
:105560003046891B15F05EF983E712AF0CAC0DF1E4
:105570003809844A4FF40071384632F0F3FB38465C
:10558000C4F800900DF12408FAF70AFF0F28054629
:10559000C8F8000024D801283BD13B7823724A4642
:1055A0000023656074485355A3F609432168734A84
:1055B00000914FF4007132F0D5FB6F48FAF7F0FE1E
:1055C00001466D480DF0E6FF206848453FF451AFB5
:1055D000A168013115F026F90DF5137DBDE8F08FB6
:1055E00000224146204628F001FAD8F80030206019
:1055F000A3602A46394634F02EFBD8F800502268C2
:10560000CEE7294618460DF5137DBDE8F04F0DF0A5
:10561000C1BF0028C3D04846EBE74FF4CD7003F07C
:105620000FFC594B039A9A4200F2C7801446104669
:1056300015F009F9B24500EB040312AF049038608D
:105640001390BB6000F0AB8000F11805B1460CACC4
:105650000797CDE90568D8460DE0012E29D13B78A2
:1056600005F8103C09F1180945F8146C183500F8D4
:105670000680CA4526D0A5F11000A5F11802AB4658
:1056800045F8180CD9E900760F2E2660E5D91046AA
:105690002146002228F0AAF9226845F8180C45F89E
:1056A000102C3246394634F0D6FA266855F8180CD4
:1056B000D8E7002ED6D0F4E718351834AA457FF481
:1056C0003EAF49E7079F3846C7F804B0DDE90568F3
:1056D000FEF726F9049B9B450ED01D4603F10804F6
:1056E00054F8080C844230D0A968183518340131B8
:1056F00015F098F8AB45F3D106F108043546DDE91D
:10570000031015F08FF840F29B1003F099FB54F84A
:10571000080C844214D0A96818351834013115F0EA
:1057200081F8AA45F3D1002E3FF4A3AED8F80810B3
:105730003046891B0DF5137DBDE8F04F15F072B8AA
:1057400018351834AA45E2D1EDE718351834AB45C1
:10575000C6D1D1E700283FF4D2AE48462A463946A2
:1057600034F079FA089D2268CAE600BFBC0B002419
:10577000ABAAAAAA9CED0508BC0700242CE90508E1
:10578000F6F3FFFF7CED0508F8FFFF7F002208A974
:10579000204628F02BF9089B2060A360DEE7044632
:1057A00078603846FEF7BCF82046039915F03AF8C1
:1057B00040F29B1003F044FBB5E721F08EFC00BFE4
:1057C0002DE9F84307463020884615F03CF807F1EC
:1057D0001005064600F110044FF0000C97F80090F9
:1057E000D7F80CE00FCD0FC495E80F0084E80F0048
:1057F00086F80090C6F80480C6E902CCBEF1000F1E
:1058000004D031467046FFF7DBFFF060BD683DB362
:1058100037464FF00008302015F015F805F1100E4E
:10582000044695F80090BEE80F0004F1100CACE8B7
:105830000F009EE80F008CE80F00C4E9028884F88E
:1058400000902146BC606760E86830B1FFF7B8FFA0
:10585000E060AD6825B12746DDE7AD68002DFAD1DF
:105860003046BDE8F88300BF4368032B04D007EE41
:10587000901AB8EEE70A704703681A78432AF6D1FF
:105880005A78462A0DD05A780133462AEFD15B78F0
:105890002D2BECD10029EADD00EE101ABAEEEF0A4A
:1058A00070479A782B2AEED1F4E700BF2DE9F0413A
:1058B0002DED028B88B00546F0EE408A05F0D8FB4E
:1058C000B7EE007ADFED2B6A29462B4804AFC0FE05
:1058D000477AC7FEA67A37EE678A01F0CFF80668E6
:1058E000002E3CD030460297FAF75AFD0F280DF1F2
:1058F00008080446019023D8012836D133783A4667
:105900008DF810300023294603941B48135501F0ED
:10591000B5F8034640465969FFF7A6FFC0EE287A5E
:105920000298B84227EE888A03D00499013114F016
:1059300079FFB0EE480A08B0BDEC028BBDE8F081FB
:10594000002201A9404628F051F8019B02900493DF
:105950002246314634F07FF9DDE90142D2E70DF10C
:10596000080802973A460024CCE70028FAD03846C7
:10597000EEE700BF00000000EC0B0024002873D00D
:105980002DE9F04F074683B0D7F80C80B8F1000F2F
:1059900060D0D8F80C90B9F1000F52D0D9F80CA013
:1059A000BAF1000F44D0DAF80C40002C37D0D4F80C
:1059B0000CB0BBF1000F2BD0DBF80C60FEB1F5682A
:1059C000B5B1EB686BB1D8680193FFF7D7FF019BC6
:1059D000302118469B68019314F024FF019B002B93
:1059E000F1D12846AD68302114F01CFF002DE8D11C
:1059F0003046B668302114F015FF002EDFD1DBF8F9
:105A000008503021584614F00DFF0DB1AB46D3E7D6
:105A10002046A468302114F005FF002CC7D1DAF825
:105A200008403021504614F0FDFE0CB1A246BAE702
:105A3000D9F808403021484614F0F4FE0CB1A146D4
:105A4000ACE7D8F808403021404614F0EBFE0CB12A
:105A5000A0469EE73846BF68302114F0E3FE002FD1
:105A600092D103B0BDE8F08F704700BF002818BF87
:105A70000629F0B594BF012600262DED028B89B0D2
:105A800051D904AF0F290C460546CDE9011750D86E
:105A900038462246294634F0DEF80021DDE901329D
:105AA0000393D1540399A1B1384D029B01390122CE
:105AB00002A85C5CA4F10A0334B1DBB2162B25FA10
:105AC00003F406D8E30704D528F02FF8039900293A
:105AD000EBD1062300222E4902A828F08FFA30B11C
:105AE0000623002202A82B4928F088FA78B9029CE4
:105AF000002301A906340193204630F035FF0198B8
:105B0000B0EE408A844202D003783A2B1AD0029831
:105B1000B84203D00499013114F084FE304609B034
:105B2000BDEC028BF0BD0026304609B0BDEC028B07
:105B3000F0BD324601A902A827F058FF019B029050
:105B40000493A6E7441C01A9204630F00DFF019BF9
:105B5000F0EE408A9C42DAD01A783A2AD7D15C1CFF
:105B600001A9204630F000FF019B9C42CFD01B785A
:105B7000002BCCD108490126084A094B81ED008A47
:105B8000C2ED008A83ED000AC1E700BF09004000B2
:105B9000C8ED0508D0ED0508C80B0024C40B00248F
:105BA000C00B00249F4BD3ED007AF5EEC07A2DE9AF
:105BB000F04FF1EE10FA80462DED048B99B040F3D2
:105BC000EE80994BD3F80CA003F1040BDA4500F0FA
:105BD000DD809FED968A13AD0DAF0026DFF8509261
:105BE000CDE900039AF8101014968DF84410DAF8F5
:105BF0001C008DF84C601595CDE91656A0B12946CC
:105C0000FFF7DEFD03461A469B68002BFBD10346D7
:105C100015921A46DB68002BFBD1DAF828309DF884
:105C20004410169214901793484600F027FFD0F8BE
:105C300000800B97B8F1000F00F0A5804046FAF7FE
:105C4000AFFB0F280446059000F28B80012840F03E
:105C5000978098F800308DF834303B460C944846D5
:105C60001E559DF8441000F009FF41690BA8FFF78D
:105C7000FBFD0B9838EE008AB84203D00D99013134
:105C800014F0D0FD149C4CB1E068FFF777FE20467D
:105C9000A468302114F0C6FD002CF5D1504616F052
:105CA000F6F9584582469DD1B5EEC08ADDE90083FC
:105CB000F1EE10FA6AD9DF685F4567D0DFED5B8AE5
:105CC0000026387C14968DF84400FB698DF84C60F2
:105CD0001595CDE91656A3B118462946FFF770FD74
:105CE00003461A469B68002BFBD1034615921A46C1
:105CF000DB68002BFBD1BB6A14909DF84400169220
:105D00001793B0EE480AFFF7D1FD149C78EE808A15
:105D10004CB1E068FFF732FE2046A468302114F051
:105D200081FD002CF5D1384616F0B1F958450746EB
:105D3000C7D1F5EEC08AF1EE10FA27D9B0EE480AC5
:105D40004046FFF7B3FD80EE288A364BD3ED007A4C
:105D500028EE278AB0EE480A19B0BDEC048BBDE8E6
:105D6000F08F002205A90BA827F040FE059A0B90A2
:105D70000D922246414633F06EFF059C0B9B6DE76A
:105D800008B13846F5E73B46002467E79FED278AD0
:105D9000B0EE480A19B0BDEC048BBDE8F08F0146A7
:105DA000234800F06BFE066807AC002E00F07F81F0
:105DB00030460594FAF7F4FA0F280546119022D8D8
:105DC000012840F08881337822468DF81C3000236A
:105DD00006955355DDE9050333B1034413F8012C4F
:105DE0002B2A2BD02D2A25D09FED108AA042B1D08E
:105DF0000799013114F016FDB0EE480A19B0BDEC58
:105E0000048BBDE8F08F05A8002211A927F0EEFD54
:105E1000119B059007932A46314633F01CFF119DD4
:105E2000059AD4E7C80B00245C260024000000007B
:105E3000EC0B00242B2A01D02D2AD5D1A84BDE68EB
:105E400003F1040B5E45CFD09FEDA68A13AD0DAFD5
:105E50004FF00009DFF890A2CDE90028CDE9024318
:105E6000317CCDF850908DF84410F0698DF84C904D
:105E70001595CDE9165998B12946FFF7A1FC0346BF
:105E80001A469B68002BFBD1034615921A46DB6825
:105E9000002BFBD1B36A9DF844101692149017930F
:105EA000504600F0EBFDD0F800800B97B8F1000FE2
:105EB00000F00B814046FAF773FA0F28044604906D
:105EC00000F2D180012840F0EC8098F800308DF885
:105ED00034303B460C9403F80490DDE90B03ABB17E
:105EE000034413F8013C2D2B18BF2B2B0ED1009A25
:105EF0009A420BD19DF84410504600F0BFFD416915
:105F00000BA8FFF7B1FC38EE008A0B98B84203D01B
:105F10000D99013114F086FC149C4CB1E068FFF738
:105F20002DFD2046A468302114F07CFC002CF5D116
:105F3000304616F0ACF85845064691D1B5EEC08A09
:105F4000DDE90028F1EE10FADDE9024340F2BB8002
:105F5000D3F80C90D94500F0B680CDF8008000262B
:105F6000019490463C46DFED5F8A2F4699F8101069
:105F700014968DF84410D9F81C008DF84C601597D4
:105F8000CDE91676A0B13946FFF71AFC03461A464A
:105F90009B68002BFBD1034615921A46DB68002B49
:105FA000FBD1D9F828309DF844101692149017931D
:105FB0004D4800F063FDD0F800A00B94BAF1000F3B
:105FC00000F086805046FAF7EBF90F28054604905A
:105FD00058D8012868D19AF800308DF8343023461B
:105FE0000C955E55DDE90B038BB1034413F8013CBE
:105FF0002D2B18BF2B2B0AD1984508D19DF84400B2
:10600000B0EE480AFFF752FC78EE808A0B98A04267
:1060100003D00D99013114F005FC1498FFF7AEFC84
:10602000484616F034F8584581469FD1F5EEC08AAF
:106030004246DDE90084F1EE10FA44D92B2A3AD029
:106040002A4B93ED009AB5EEC09AF1EE10FA3AD9C8
:10605000B0EE480A4046FFF729FC80EE288A0598F2
:1060600028EE098AC2E6002204A90BA827F0BEFC8C
:10607000049A0B900D922246414633F0ECFD049CAD
:106080000B9B27E7002204A90BA827F0AFFC049A7A
:106090000B900D922A46514633F0DDFD049D0B9B7B
:1060A0009EE790B13846E6E790B12046F2E70594C6
:1060B000224600258BE60E4B93ED009AB5EEC09A72
:1060C000F1EE10FAC4D805988EE63B46002401E7AD
:1060D0002346002584E70028EAD020469BE600BF3F
:1060E0005C26002400000000EC0B0024C00B002400
:1060F000C40B002430B4DDE9045415B11144084444
:10610000286024B1DDE902210A441344236030BC35
:10611000704700BF00284CD0002370B582B0044601
:106120000E468DF807300EF0A1FD05460EF09EFDDF
:10613000421B312A1ED901224FF47A73204920468E
:1061400012F08CFE024690B901228DF807004FF440
:106150007A730DF10701204612F016FF024630B99E
:106160009DF80730174D792B2B700DD0012210466A
:1061700002B070BD142301220DF10701204612F078
:1061800003FF0028D2D0D6E78DF80720334601223E
:106190000DF10701204612F0F7FE024660B99DF8A6
:1061A0000730B3F17A022B7018BF0122104602B0FB
:1061B00070BD0122104670470328D8D0D6E700BF33
:1061C0000E39060804000024054A0023C2E9003302
:1061D000C2E90233C2E90433C2E90633704700BFA3
:1061E000CC0B0024014B1878704700BF040000243A
:1061F000032998BF0128F0B5059C05468CBF0120F6
:1062000000204ED8002A4BD0002B49D0264E2F011B
:1062100006EB0515F2516B60E4BB551E234805F1F2
:10622000020E15F801CF8CEA0404AEEB020E44F323
:10623000000C73450CEA000C8CEA540C4CF300047F
:1062400004EA000484EA5C0444F3000C0CEA000C49
:106250008CEA540C4CF3000404EA000484EA5C0465
:1062600044F3000C0CEA000C8CEA540C4CF30004D0
:1062700004EA000484EA5C0444F3000C0CEA000C19
:106280008CEA540C4CF3000404EA000484EA5C0435
:10629000C5D8E44301233E441846B4603373717398
:1062A000F0BD0020F0BD00BFCC0B00242083B8ED72
:1062B00001280CD8074900224FEA001C01EB00130B
:1062C000012041F80C20DA60C3E901227047002068
:1062D000704700BFCC0B0024012811D881B10346C0
:1062E000084A012002EB03131A7B10B45C680A70A1
:1062F0009A68C1E901425B7B5DF8044B0B73704700
:1063000000207047CC0B002400283FD0E1B30139B6
:1063100000F1FF3C00221E4B08441CF8011F5140B5
:10632000844541F3000202EA030282EA510242F389
:10633000000101EA030181EA520141F3000202EA8D
:10634000030282EA510242F3000101EA030181EAF9
:10635000520141F3000202EA030282EA510242F3CF
:10636000000101EA030181EA520141F3000202EA5D
:10637000030282EA510242F3000101EA030181EAC9
:106380005202CAD1D04370474FF0FF30704700BF70
:106390002083B8ED0138FF22C0B2F8B50228194BAE
:1063A0001A702BD8184A194B52F8206053F8205015
:1063B00026B3B5FA85F77F0905B330460C4612F0CF
:1063C0003DFF4FF400723946284631F0FBFD40F6A0
:1063D000AC513046002C18BF2146FFF79BFE3946D2
:1063E00004464FF40072284631F0ECFD4FF4007281
:1063F0002946304614F0F2F92046F8BD0124204623
:10640000F8BD00BF0400002400390608F43806086F
:106410002DE9F04FFF23994C85B02370431EDBB26A
:10642000022B00F29E80012900F29B80944A02EB2D
:1064300001152D7B002D00F094800E0102EB01115F
:1064400052F80680B8F1000F00F08B80497B88423B
:1064500002D0002940F085808A4951F823708A498A
:1064600051F82390002F7CD0B9FA89F56D09B9F164
:10647000000F76D032443846D2E901A612F0DEFE93
:106480004FF400722946484631F09CFD40F6AC516D
:106490003846FFF73FFE8DF8085083460EF0E6FBC6
:1064A00005460EF0E3FB401B31285FD9BBF1000F1E
:1064B00001D0FF232370BAF1000F71D0DEBB0AF1C7
:1064C000FF3508F1FF30714B454410F8011F714052
:1064D000A84241F3000202EA030282EA510242F3B7
:1064E000000101EA030181EA520141F3000202EADC
:1064F000030282EA510242F3000101EA030181EA48
:10650000520141F3000202EA030282EA510242F31D
:10651000000101EA030181EA520141F3000202EAAB
:10652000030282EA510242F3000606EA030686EA03
:106530005206CAD1F6434FF47A73012254493846C1
:1065400012F08CFC0546D0B14FF400720021484691
:1065500031F038FD4FF400724946384614F03EF9E8
:1065600000E00125284605B0BDE8F08F1423012284
:1065700002A9384612F008FD002892D096E78DF85F
:1065800008004FF47A73012202A9384612F0FCFC8D
:1065900005460028D8D19DF80830792B237001D00A
:1065A0000125D1E702A94FF47A73082238460396F1
:1065B000CDF808A012F052FC05460028C4D18DF891
:1065C00007004FF47A7301220DF10701384612F0EB
:1065D000DBFC05460028B7D19DF80730792B2370E6
:1065E000DED18DF8060041F2883301220DF106015B
:1065F000384612F0C9FC05460028A5D19DF80630A2
:10660000522B2370CCD1AAEB05060120B6F5807F72
:1066100028BF4FF480760EF02FFB08EB050141F206
:106620008833B2B2384612F019FC06EB050B05466A
:1066300041F2883301220DF107013846002D83D144
:10664000D3458DF807500BD312F09EFC0546002869
:106650007FF47AAF9DF80730442B2370A0D173E705
:1066600012F092FC054600287FF46EAF9DF80730CB
:10667000792B237094D15D46C5E700BF0400002448
:10668000CC0B002400390608F43806082083B8ED46
:106690000D3906080138FF23C0B2F0B50228244E98
:1066A00083B033702BD8234A234B52F8207053F811
:1066B000205027B3B5FA85F4640905B3384612F0C3
:1066C000BDFD21464FF40072284631F07BFC4FF4AB
:1066D0007A7301221949384612F0C0FB044690B182
:1066E0004FF400720021284631F06CFC4FF4007228
:1066F0002946384614F072F8204603B0F0BD012454
:10670000204603B0F0BD8DF807004FF47A730122E4
:106710000DF10701384612F037FC04460028DFD19E
:106720009DF80730B3F17904337018BF0124D7E71F
:106730000400002400390608F43806080C3906085D
:106740002DE9F04F83B00190002800F00E81019BED
:10675000D3F80C80B8F1000F00F0EF80D8F80C905F
:10676000B9F1000F00F0CF80D9F80CA0BAF1000FFA
:1067700000F0AF80DAF80C40002C00F09080E56863
:10678000002D75D0EE68002E5BD0F768002F3DD04D
:10679000FA6802B3D0680092FFF7D2FF009A10693E
:1067A00002F11801D2F808B088420DD09169013188
:1067B00014F038F8009A2C21104614F033F8BBF18D
:1067C000000F08D05A46E5E72C21104614F02AF8AD
:1067D000BBF1000FF6D1386907F11802D7F808B0FD
:1067E00090420CD0B969013114F01CF82C213846C4
:1067F00014F018F8BBF1000F08D05F46C8E72C2151
:10680000384614F00FF8BBF1000FF6D1306906F1ED
:106810001803D6F808B098420CD0B169013114F0D1
:1068200001F82C21304613F0FDFFBBF1000F08D01A
:106830005E46AAE72C21304613F0F4FFBBF1000FAF
:10684000F6D1286905F11803AE6898420AD0A96903
:10685000013113F0E7FF2C21284613F0E3FF3EB18E
:1068600035468FE72C21284613F0DCFF002EF7D1A8
:10687000206904F11803A56898420AD0A169013182
:1068800013F0D0FF2C21204613F0CCFF3DB12C4655
:1068900075E72C21204613F0C5FF002DF7D1DAF85B
:1068A00010000AF11803DAF8084098420BD0DAF821
:1068B0001810013113F0B6FF2C21504613F0B2FF2F
:1068C0003CB1A24656E72C21504613F0ABFF002CFA
:1068D000F7D1D9F8100009F11803D9F80840984207
:1068E0000BD0D9F81810013113F09CFF2C21484629
:1068F00013F098FF3CB1A14636E72C21484613F02F
:1069000091FF002CF7D1D8F8100008F11803D8F83F
:10691000084098420BD0D8F81810013113F082FFCC
:106920002C21404613F07EFF3CB1A04616E72C21F7
:10693000404613F077FF002CF7D1019D286905F13F
:106940001803AC6898420AD0A969013113F06AFFB4
:106950002C21284613F066FF3CB10194F7E6284647
:106960002C2113F05FFF002CF7D103B0BDE8F08FAE
:1069700038B50F4B1C6ACCB1E068FFF7E1FE206927
:1069800004F11803A56898420AD0A169013113F0F7
:1069900049FF2C21204613F045FF3DB12C46EBE783
:1069A0002C21204613F03EFF002DF7D138BD00BF4B
:1069B000080000242DE9F84F45680E464DB3804687
:1069C000274C284F0F2005E0BC4243D054F8140F49
:1069D000F9F7E6FC8542A146F6D12A462168D8F8A7
:1069E000000031F0C5FA0028EED1D4F804A0D6F8A2
:1069F00004B05046F9F7D4FC5845E5D1024651465B
:106A000020B1306831F0B4FA0028DDD14846BDE845
:106A1000F88F134C0F20DFF84C8005E0444519D067
:106A200054F8140FF9F7BCFCA1460028F6D16768AA
:106A300075683846F9F7B4FC8542EFD12A463946E5
:106A4000002DE3D0306831F093FA0028E6D14846B3
:106A5000BDE8F88F4FF000094846BDE8F88F00BF49
:106A600010390608200A070800687047D0E90003BB
:106A7000C3EB031300EB8300704700BF38B54368D6
:106A800083B10468C3EB031C0023204603E0634585
:106A900000F13C0006D054F823200F338A42F6D18F
:106AA000043038BD0E4D2C68BFF35B8F14F0010429
:106AB00001D00C4838BD284613F0B6FE0028F8D0A7
:106AC000084B094803F11C021C771C62DC62C3E915
:106AD00009222FF0BCF8284613F0B2FEE9E700BF08
:106AE000F40B00240800002471690208E44B002222
:106AF000DFF8E8C303F5805110462DE9F04FE14D72
:106B000040F6787AE04E03F6C8495D60A1F57E65EF
:106B1000C3F88460DD4EDE4CDE4FDFF8C4B3DFF82F
:106B2000C4E31E64D84E1A6083F820205A629C6326
:106B300083F85C201A665C67C3F87CE0DFF8A88302
:106B4000C3E90A5546F641355D65A1F6A475C3E96A
:106B50001955D14D9D60D14DDD6043F2F0659D61C9
:106B60000225DD63CE4D5D64CE4D9D640A25C3E9EB
:106B70000C22C3E91B22C3E904BBC3E913BB9D6715
:106B8000C94DC3F88870C3F88050C84D83F8982069
:106B9000C3F88C50C3F804514FF49C55C3F89C20A3
:106BA000C3F89050C3F80851A1F66875C3F8B04017
:106BB000C3F8B8E083F8D420C3F8D820C3F8EC4079
:106BC000C3F8F4E083F81021C3F81421C3E9306757
:106BD0004FF47866C3F8CC60A1F62C76C3E937662B
:106BE000A94EC3E93F670B26C3F8B460B04EC3E9B2
:106BF0002855C3F8BC600C26AE4DC3E92A22C3F861
:106C0000C850C3E93922C3F8F060C3F830E14FF44B
:106C1000786EC3F840519C4DC3F844E140F23B4EBE
:106C2000A54EC3F880E14FF00D0EC3F8F860A1F552
:106C30006F66C3F82CE1DFF8B4E2C3F82841C3F86B
:106C400034E14FF00E0E83F84C21C3F85021C3F805
:106C50006441C3F86CC183F88821C3F88C21C3F860
:106C6000A041C3E94E57A1F6B465C3E95555934D0C
:106C7000C3F87451924DC3E94666C3F87C51A1F63E
:106C80007865904EC3E94822C3E95722C3F878617A
:106C9000C3E96455C3E96622C3F868E1DFF850E24E
:106CA000864DC3F870E14FF00F0E83F8C421C3F88E
:106CB000C821C3F8DC41C3F8E4C183F80022C3F85B
:106CC0000422C3F81842C3F820C2C3E969ECC3E93F
:106CD0006C5640F23B4E7A4DC3F8BCE141F2B30E24
:106CE000C3F8B851A1F63C65C3F8F8E1DFF804E257
:106CF000C3E97355644DC3F8ACE14FF0100EC3E91E
:106D00007B56714DC3F8E0E1C3F8F451A1F560651D
:106D1000DFF8E4E1C3E98255C3F8E8E14FF0110E72
:106D2000594DC3E97522C3E98A56C3E98422C3F8E1
:106D30001CE2DFF8C8E1644DC3F824E241F2B30E6F
:106D4000C3F83052A1F6C455C3F834E2C3F870E278
:106D50004FF0120E83F83C22C3F858E2DFF8A0E1AE
:106D6000C3F84022C3F860E2DFF898E1C3F8544268
:106D7000C3F86CE24FF0130EC3F85CC2C3F894E2A0
:106D8000DFF884E183F87822C3F89CE2DFF87CE145
:106D9000C3F87C22C3F8A0E2DFF874E1C3F89042A4
:106DA000C3F8A4E2DFF86CE1C3F898C283F8B42218
:106DB000C3F8B822C3E99155404DC3E99956A1F6ED
:106DC0008856C3E9A066A1F64C56C3E99322C3E9ED
:106DD000A222C3F8BC62C3F8A8E240F65F0EC3F873
:106DE000D4C240F23B4CC3F8C062C3F8E8C240F6DC
:106DF0001B2C344EC3F824C34FF0140CC3F8E062CC
:106E00002F4EC3F8DC52C3F8E462A1F55166C3F813
:106E1000D0C22E4DDFF800C1C3F81053C3F8D8C25A
:106E20004FF0150C2A4DC3F80CC3C3F81853A1F644
:106E3000D445DFF8E8C0C3F8ACE29E46C3F8CC42C4
:106E400083F8F022C3F8F422C3F8084383F82C2314
:106E5000C3F83023C3F84443C3E9BE661D4EC3F8EC
:106E60001C631D4EC3E9B122C3E9C022C3F82063ED
:106E7000C3E9CD55C3E9CF22144DC3F814C34FE085
:106E8000F80B0024F8E9050848EE0508FCE90508B8
:106E900004EE050858EE0508D8ED0508ECED0508E8
:106EA0000CEE050820EE050834EE050860EE050836
:106EB0006CEE050880EE05088CEE0508C4EE0508AA
:106EC000DCEE0508D4EE050808EF0508D8E905084A
:106ED000B0EF0508C0EF0508D0EF0508ACEB0508DA
:106EE000FCED0508ECE9050874F00508A0EE0508BE
:106EF000B4EE0508E8EE0508F8EE05081CEF0508F5
:106F00002CEF05083CEF050850EF050860EF050879
:106F100070EF050878EF05088CEF05089CEF050871
:106F20004FF0160CC3F84C53C3F848C340F61B2C63
:106F3000F14DC3F860C34FF4EF6CC3F85453EF4DF9
:106F4000C3F89CC3C3F88853C3F8C453DFF8D0C355
:106F5000EB4DC3F85C63C3F89853C3F8D453A1F660
:106F60005C45C3F850C34FF0170CE64EC3F884C31A
:106F7000C3F85863A1F69846DFF8A8C383F86823DE
:106F8000C3F88CC34FF0180CC3F86C23C3F88043CC
:106F900083F8A423C3F8A823C3E9EB55DA4DC3E96A
:106FA000DC66C3F8BC53D94ED94DC3E9E467C3E9E5
:106FB000F357C3E9DE22C3E9ED22C3F8C0C3A1F54C
:106FC0004265DFF864C3C3F80864A1F6E436C3F889
:106FD000C8C34FF4EF6CC3F82464C3F8D8C34FF0B0
:106FE0001A0CC3F82864C3F8FCC3DFF840C3C84ECA
:106FF000C3F804C4DFF838C3C3F84464A1F6A83664
:10700000C3F810C44FF4A56C83F8E023C3F814C48C
:107010004FF01B0CC3F8E423C3F80C7483F81C2452
:10702000C3F82024C3F82C24C3F83024C3F8344414
:10703000C3F8487483F85824C3F85C24C3F8606428
:10704000C3F86464C3F84C84C3F850A4B04EC3E9D9
:10705000FA55AD4DC3F8F853AE4DC3E9FC22C3F861
:107060000054C3F83C54C3F838C4DFF8C8C2C3F8AE
:107070008064A1F66C36C3F840C44FF01C0CC3F812
:107080009C64C3F874C4DFF8B0C2C3F8A064C3F84A
:107090007CC44FF01D0C9E4EC3F8B0C4C3F8BC6452
:1070A000A1F53366DFF894C2C3F86824C3F86C24F2
:1070B000C3F87044C3F87854C3F8847483F89424F4
:1070C000C3F89824C3F8A424C3F8A824C3F8AC4494
:1070D000C3F8B454C3F8C07483F8D024C3F8D424DC
:1070E000C3F8D864C3F8DC64C3F8E024C3F8E4242C
:1070F000C3F8E844C3F8F054854EC3F88884C3F855
:107100008CA4C3F8C484C3F8C8A4C3F8B8C44FF0AF
:107110001E0CC3F8F864A1F6F426C3F8ECC4DFF83B
:1071200020C2C3F81465C3F8F4C44FF01F0CC3F8B1
:107130001865774EC3F828C5C3F83465A1F6B8269C
:10714000DFF800C2C3F85065C3F85465C3F830C512
:107150004FF0200C6E4EC3F8FC7483F80C25C3F876
:107160001025C3F81C25C3F82025C3F82445C3F80F
:107170002C55C3F8387583F84825C3F84C25C3F857
:107180005825C3F85C25C3F86045C3F86855C3F8B3
:107190007065A1F67C26C3F87475C3F80085C3F842
:1071A00004A5C3F83C85C3F840A5C3F87885C3F8A7
:1071B0007CA5C3F864C5DFF890C1C3F88C65C3F83B
:1071C0006CC540F2A17CC3F89065514EC3F8F4C57C
:1071D0004FF0210CC3F8AC65A1F52466C3F8A455A3
:1071E000C3F8C865C3F8CC65C3F8E055A1F604251B
:1071F000C3F8A0C5464EDFF854C1C3F8E865C3F82C
:107200000456454EC3F80856C3F8A8C54FF0220CE3
:10721000404D83F88425C3F88825C3F89425C3F826
:107220009825C3F89C45C3F8B07583F8C025C3F80A
:10723000C425C3F8D025C3F8D425C3F8D845C3F86E
:10724000EC75C3F8F06583F8FC25C3F80026C3F895
:107250000C26C3F8B485C3F8B8A5C3F8DCC5C3F8D9
:107260001C562B4DDFF8E8C0C3F824562B4DC3F84D
:10727000E4C540F2C46CC3F82C56A1F6C815C3F897
:1072800030C640F2A17CC3F84056C3F844561E4DA8
:10729000C3F86CC64FF0230CC3F850561D4DC3F80D
:1072A00018C6C3F85856DFF8ACC0194DC3F820C64D
:1072B0004FF0240CC3F86056A1F68C15C3F854C6E1
:1072C000C3F87C56C3F88056DFF88CC0114DC3F864
:1072D0005CC64FF0250CC3F894560D4DC3F810262C
:1072E000C3F81446C3F8287683F83826C3F83C263A
:1072F000C3F8482632E000BFB0EF0508A4EB05084C
:107300001CF00508C0EF050828F005080CF005087A
:1073100048EE0508D8E90508FCF0050810F1050855
:10732000E4EF0508F8EF050830F0050844F005081B
:1073300054F0050860F0050880F0050894F0050891
:10734000A8F00508BCF00508CCF00508DCF005083D
:10735000ECF0050808F105081CF10508C3F84C26F7
:10736000C3F86476C3F8686683F87426C3F8782691
:10737000C3F88426C3F88826C3F88C46C3F890C6A1
:10738000C3F89C56A1F51565DFF8CCC3C3F8B85611
:10739000C3F8BC56EC4DC3F898C64FF0260CC3F8A2
:1073A000D056EA4DC3F8CCC6C3F8D856A1F614158A
:1073B000DFF8A8C3C3F8F456C3F8F856E24DC3F893
:1073C000D4C64FF0270CC3F80C57E04DC3F8A07695
:1073D000C3F81457A1F6D80583F8B026C3F8B4262D
:1073E000C3F8C026C3F8C426C3F8C846C3F8DC7681
:1073F00083F8EC26C3F8F026C3F8FC26C3F8002770
:10740000C3F80447C3F8187783F82827C3F8A4867D
:10741000C3F8A8A6C3F8E086C3F8E4A6C3F81C879F
:10742000C3F820A7C3F808C7C3F83057C3F83457C8
:10743000C54DDFF82CC3C3F84857C44DC3F810C777
:1074400040F2C46CC3F85057C14DC3F85CC74FF04D
:10745000280CC3F85857A1F69C05C3F844C7C3F8D5
:107460006C57C3F87057BB4DDFF8F8C2C3F87C57B0
:10747000B54DC3F84CC74FF0290CC3F88457B34D32
:10748000C3F82C27C3F88C57A1F50665C3F8382735
:10749000C3F8A857C3F8AC57AB4DC3F83C27C3F8A3
:1074A0004047C3F8547783F86427C3F86827C3F8C4
:1074B0007427C3F87827C3F8907783F8A027C3F818
:1074C000A427C3F8B027C3F8B427C3F89487C3F838
:1074D00098A7C3F880C7C3F8C0579C4DDFF888C28F
:1074E000C3F8C857A1F62405C3F888C74FF02A0C83
:1074F000C3F8E457C3F8E857934DC3F8BCC7C3F8C3
:10750000FC57924DDFF864C2C3F80458A1F5FD653D
:10751000C3F8C4C74FF02B0CC3F82058C3F8245845
:10752000894DC3F8F8C7C3F83858DFF844C2874D0F
:10753000C3F800C84FF02C0CC3F84058A1F2AC754A
:10754000C3F8B847C3F8CC7783F8DC27C3F8E02743
:10755000C3F8EC27C3F8F027C3F8F447C3F808785A
:1075600083F81828C3F81C28C3F82828C3F82C2847
:10757000C3F83048C3F8D087C3F8D4A7C3F80C8841
:10758000C3F810A8C3F834C8C3F85C58C3F86058EF
:107590006D4DDFF8E0C1C3F874586C4DC3F83CC8BA
:1075A00040F2A17CC3F87C58694DC3F84CC840F246
:1075B000C46CC3F88458A1F5EE65C3F888C840F2DE
:1075C000A17CC3F89858C3F89C58624DC3F8C4C84E
:1075D0004FF02D0CC3F8A8585B4DC3F870C8C3F822
:1075E000B058DFF894C1594DC3F878C84FF02E0C4D
:1075F000C3F8B858A1F23475C3F84478C3F84868A2
:1076000083F85428C3F85828C3F86428C3F86828B6
:10761000C3F86C48C3F8807883F89028C3F894289E
:10762000C3F8A028C3F8A428C3F8BC78C3F8C0687E
:1076300083F8CC28C3F8D028C3F8ACC8C3F8D45812
:10764000C3F8D858404DDFF834C1C3F8EC583F4D6B
:10765000C3F8B4C84FF02F0CC3F8F458A1F5DF6598
:10766000C3F8E8C8C3F81059C3F81459364DDFF809
:1076700010C1C3F82859354DC3F8F0C84FF0300C8D
:10768000C3F83059A1F2BC65C3F8DC28C3F84C59E3
:10769000C3F850592C4DC3F8E028C3F8E448C3F8A8
:1076A000F87883F80829C3F80C29C3F81829C3F817
:1076B0001C29C3F82049C3F8347983F84429C3F856
:1076C0004829C3F85429C3F85829C3F85C49C3F8BA
:1076D000FC88C3F800A9C3F83889C3F83CA9C3F8EB
:1076E00024C9C3F86459194DDFF898C0C3F86C5920
:1076F000A1F5D065C3F82CC94FF0310CC3F88859F7
:10770000C3F88C59104DC3F860C940F2C46CC3F87B
:10771000A0590E4DC3F8B4C9C3F8A8590C4DDFF8F1
:1077200068C0C3F8B059A1F24465C3F868C94FF006
:10773000320CC3F8C459C3F8C859064DC3F89CC9E4
:10774000C3F8D459004D21E0D8E9050848EE0508F2
:1077500010F1050828F005082CF105083CF1050892
:107760004CF105085CF1050864F1050874F10508A1
:1077700084F1050894F10508A4F10508ACF10508A9
:10778000BCF10508CCF10508DCF10508DFF814C4EC
:10779000C3F8DC59EE4DC3F8A4C94FF0330CC3F85D
:1077A000E459EC4DC3F8707983F88029C3F8842933
:1077B000C3F89029C3F89429C3F89849C3F8AC7961
:1077C00083F8BC29C3F8C029C3F8CC29C3F8D02951
:1077D000C3F8E879C3F87489C3F878A9C3F8D8C99D
:1077E000C3F8EC59A1F5C165DFF8BCC3C3F8005A72
:1077F000C3F8045AD84DC3F8E0C940F2C46CC3F8CA
:10780000105AD64DC3F8F0C94FF0340CC3F8185ACB
:10781000CF4DC3F814CAC3F8205AA1F2CC55DFF8F3
:107820008CC3C3F83C5AC3F8405ACC4DC3F81CCAA9
:107830004FF0350CC3F8545AC54D83F8F829C3F8F6
:107840005C5AA1F5B265C3F8FC29C3F8082AC3F84D
:107850000C2AC3F8247A83F8342AC3F8382AC3F8E8
:10786000442AC3F8482AC3F84C4AC3F8607A83F81C
:10787000702AC3F8742AC3F8785AC3F8288AC3F860
:107880002CAAC3F8648AC3F868AAC3F850CADFF800
:1078900020C3C3F8DC6AC3F858CA40F2A17CAC4EDE
:1078A000C3F8E0CA4FF0360CC3F8986AA1F25456F8
:1078B000C3F88CCADFF8FCC2C3F8B46AC3F8B86A6C
:1078C000C3F894CA4FF0370CA14EC3F87C5AC3F8E2
:1078D000D46AA1F5A366A14DC3F8C8CADFF8D8C21F
:1078E000C3F8802AC3F8842AC3F8884AC3F8905A98
:1078F000C3F89C7A83F8AC2AC3F8B02AC3F8BC2A30
:10790000C3F8C02AC3F8C44AC3F8CC5AC3F8D87A1B
:1079100083F8E82AC3F8EC2AC3F8F06AC3F8F46ADB
:10792000C3F8F82AC3F8FC2AC3F8004BC3F8A08AAE
:10793000C3F8A4AAC3F8D0CA4FF0380CC3F8507BE0
:10794000C3F88C7BA1F59467854EC3F8687BC3F8B8
:107950006C7B844FC3F8085BC3F80C7B824FC3F881
:10796000886BC3F8187B3927804D814EC3F8105BB4
:10797000C3F8146BA1F2DC46C3F8407B764D7D4F13
:10798000C3F804CB41F28D1CC3F82C6BC3F8306BE9
:10799000C3F83C5BC3F8487B3A27704D6C4EC3F884
:1079A0001CCB46F6413C83F8242BC3F8282BC3F8A4
:1079B000342BC3F8382BC3F8445BC3F84C6B83F803
:1079C000602BC3F8642BC3F8702BC3F8742BC3F877
:1079D000784BC3F8805BC3F8548BC3F8908BC3F823
:1079E00058ABC3F87C7B644F644EC3F8847BA1F230
:1079F0006447C3F8BC6BA1F58566C3F8A47BC3F8E4
:107A0000A87B5F4FC3F8E06B3D46C3F8F87B5D4F42
:107A1000C3F8E46BC3F8007C3E46A1F57B77C3F85E
:107A2000D0CB83F89C2B41F28D1CC3F81C7CC3F88F
:107A3000207C3B27C3F8A02BC3F8B87B524FC3F878
:107A4000AC2BC3F8C07B514FC3F8B02BC3F8C47B39
:107A50003D27C3F8B44BC3F8F47B4D4F83F8D82BC4
:107A6000C3F8DC2BC3F8E82BC3F8EC2BC3F8F04BBE
:107A700083F8142CC3F8182CC3F894ABC3F8C8BB14
:107A8000C3F8CCBBC3F804BCC3F808BCC3F8FC7B88
:107A900047F23627C3F8345CC3F80C7C2F463546D2
:107AA000C3F83C6CC3F8707CA1F56C76C3F8785CC5
:107AB0003D46C3F8AC7C3E27C3F8586CC3F8307C15
:107AC000344FC3F85C6CA1F55D76C3F8387C324F57
:107AD000C3F8946CC3F8487C4027C3F8986C783698
:107AE000C3F86C7C2D4FC3F8242CC3F8747C43F28C
:107AF0007E67C3F8282CC3F82C4C83F8502CC3F8AD
:107B0000542CC3F8602CC3F8642CC3F8684C83F879
:107B10008C2CC3F8902CC3F89C2CC3F8A02CC3F871
:107B2000A44CC3F840BCC3F844BCC3F87CBCC3F845
:107B300080BCC3F8847C4127C3F80C6DC3F8106D7A
:107B4000174EC3F8A87CC3F8C06C422636E000BFCD
:107B500048EE050810F1050828F00508D8E90508E1
:107B60000CF005082CF2050834F20508B0EF050802
:107B7000C0EF050840F2050850F20508FCE90508C9
:107B8000F8E90508C4EE050860F2050874F2050876
:107B900088F2050898F20508B3250100ACF2050843
:107BA000CC710100ECF10508F4F10508FCF10508C1
:107BB00008F2050814F2050820F20508E84FC3F89A
:107BC000E46CE84EC3F8B07CC3F8EC6CE64EE74FCB
:107BD000C3F8FC6C4326C3F8B47CC3F8206DE44EB4
:107BE000C3F8F07CC3F8286DE24E83F8C82CC3F8C4
:107BF000CC2CC3F8D82CC3F8DC2CC3F8E04CC3F869
:107C0000E85C83F8042DC3F8082DC3F8142DC3F8DD
:107C1000182DC3F81C4DC3F8245DC3F8B8BCC3F8D5
:107C2000BCBCC3F8D09CC3F8D49CC3F8F4BCC3F864
:107C3000F8BCC3F830BDC3F834BDC3F82C6D4EF2A8
:107C40001716CD4FC3F8386D4426C3F8687DC3F8C6
:107C50005C6DCA4ECA4FC3F8646D45F6F116C3F8A1
:107C60009C7DA1F53077C3F8746D4526C3F8487D37
:107C7000C3F84C7DA1F52177C3F8986DC14EC3F8C8
:107C8000847DC3F8887D3C37C3F8A06DBE4E83F871
:107C9000402DC3F8605DC3F8442DC3F8502DC3F8E0
:107CA000542DC3F8584D83F87C2DC3F8802DC3F8AC
:107CB0008C2DC3F8902DC3F8944D83F8B82DC3F8DC
:107CC000BC2DC3F8C07DC3F8C47D3C37C3F8C82DB4
:107CD000C3F86CBDC3F870BDC3F8A8BDC3F8ACBD94
:107CE000C3F8A46D46F23126C3F8FC7DC3F8B06D2D
:107CF000A64EC3F8007EC3F8146EA54EA54F3546B8
:107D0000C3F81C6EA44EC3F80C7EC3F8246E41F277
:107D10008D16A24FC3F8286EA1F5E876C3F8CC2DD6
:107D2000C3F8386EC3F83C6E984EC3F8D04DC3F814
:107D3000506E4726C3F8EC2DC3F8D46D984E83F8E7
:107D4000F42DC3F8D86D974EC3F8F82DC3F8DC6D49
:107D5000954EC3F8042EC3F8E06D4826C3F8082EEC
:107D6000C3F8106E914EC3F8207EC3F8186E4926F2
:107D700083F8302EC3F8342EC3F8402EC3F8442EB7
:107D8000C3F8484EC3F8E4BDC3F8E8BDC3F84C6E71
:107D9000874EC3F8585EC3F8546E2E467E4DC3F826
:107DA0005C7EC3F8605EC3F89C5EA1F5CA75C3F83B
:107DB000987EC3F8745EC3F8785E744DC3F8D47EC1
:107DC000A1F5AC77C3F88C5EC3F8C85E4A25C3F84A
:107DD00064CEC3F8885E774DC3F8A0CE40F6EB0CB6
:107DE000C3F8905E4B2583F86C2EC3F8C45E724DC9
:107DF000C3F8702EC3F8CC5E704DC3F87C2EC3F868
:107E0000802EC3F8844EC3F8946E83F8A82EC3F86E
:107E1000AC2EC3F8B07EC3F8B47EA1F58E77C3F85C
:107E2000B82EC3F8BC2EC3F8C04EC3F8D06E83F88A
:107E3000E42EC3F8D85E40F6C605C3F8FC4E604C8D
:107E4000C3F8EC7EC3F8044FC3F8404F5D4CC3F851
:107E5000F07EC3F84C4FA1F1A4045B4FC3F8644F0C
:107E6000C3F8684F4C24C3F8DC5EC3F8147FA1F15B
:107E7000E007C3F8004F534D544CC3F8105FC3F8EC
:107E800018CF40F2914C524DC3F8287FC3F82C7F95
:107E9000C3F8084F4D244F4FC3F8E82EC3F8F42E13
:107EA000C3F8F82EC3F80C6F83F8202FC3F8242FE3
:107EB000C3F8302FC3F8342FC3F8385FC3F8486FC6
:107EC000C3F8507FC3F854CF40F6EB0C83F85C2F17
:107ED000C3F8602FC3F86C2FC3F8702FC3F83C4F62
:107EE0003D4C384FC3F8444F354CC3F8887FC3F836
:107EF0007C4FC3F8B84FC3F8F44F4E24324FC3F849
:107F0000784FC3F88C7FA1F16807344CC3F8A07F89
:107F1000C3F8A47FC3F8804F4F242A4FC3F8B44F4F
:107F2000C3F8C47F2E4C2B4FC3F890CF40F2914C36
:107F3000C3F8C87FA1F12C07C3F8BC4F5024C3F885
:107F4000745FC3F8846F83F8982FC3F89C2FC3F82D
:107F5000A82FC3F8AC2FC3F8B05FC3F8C06F41E0DF
:107F6000B8F20508CCF20508A95A010048EE050848
:107F7000DCF2050860EF0508C4EE0508ECF2050820
:107F8000FCE90508FCF2050810F30508D8E9050826
:107F9000B0EF0508B036060848F30508C0EF05083D
:107FA00020F3050830F30508ECED05083CF305085F
:107FB00050F305085CF3050868F3050874F3050839
:107FC000A4EB05088CF3050894F305087CF3050879
:107FD00028F00508ACF305089CF30508B4F3050880
:107FE000C4F30508C3F8FC6FC3F8CCCF40F6EB0C24
:107FF00083F8D42FC3F8D82FC3F8DC7FC3F8E07F11
:10800000C3F8E42FC3F8E82FC3F8EC5FC3F8F04FD0
:10801000D24C0A744A61C3F8F84F2B46D04F4B66D6
:108020008D6201F11005CF4C0F60C1F808C040F21D
:10803000914CCD4F0C634F608E63C1F844C0CC6649
:10804000CF6781F84C00086581F88800C1F88C0082
:10805000C1E90822C54A0A6401F14C02C1E91522AE
:108060001A4640F6EB03C1F880305123CB62C04B77
:10807000C1E906554B635223B94DC1E91700C1E967
:108080001D65CD638B66BB4BC1F8BCC040F6EB0CE5
:108090000B6701F18803C1F8A020C1F8DC20C1F80A
:1080A000E440C1F8F470C1F8F8C040F2914CC1F856
:1080B000182181F8C400C1F8C80081F80001C1F896
:1080C0000401C1E924335323C1E92934A74BC1F882
:1080D000B83001F1C403C1E93333A74BC1E92C65C2
:1080E000C1E93B65C1F8AC3001F580755423C1E9A5
:1080F0004255C1E92600C1E93500C1E94400C1F893
:10810000E03025469D4BC1F820413446C1F8E830A7
:108110005523C1F82861C1F81C31944B904EC1F829
:10812000303101F59E73C1F834C140F6EB0CC1F853
:108130005421C1F86C71C1F870C1C1F89021C1F827
:108140002C6181F83C01C1F84001C1F85C5181F813
:108150007801C1F87C01C1F89851C1E9513301F5AA
:10816000BC73C1E96033864BC1F824315623C1F892
:108170005831844BC1F860315723C1E95946C1E9F0
:108180006846C1E95300C1E96200C1F894317E4BF1
:10819000C1F8E8C140F2914CC1F89C31734BC1F871
:1081A000CC21C1F8A83140F29143C1F8E471C1F883
:1081B000AC3101F5DA73C1F8082281F8B401C1F8D5
:1081C000B801C1F8D45181F8F001C1F8F401C1F847
:1081D0001052C1F824C281F82C02C1F83002C1E962
:1081E0006F3301F5F873C1E97E33604BC1F820327B
:1081F00001F50B73C1F834325823C1F8D031634B09
:10820000C1F8D8315923C1E97746C1E98646C1E9A9
:108210007100C1E98000C1F80C325D4BC1F85C729D
:1082200040F6EB07C1F8143201F50B73C1F8442294
:10823000C1F838324D4BC1F85442C1F8983201F5BB
:108240001A73C1F8904201F53874C1F88022C1F860
:10825000BC22C1F86072C1F89CC2C1F84C52C1F88E
:108260008852C1F85862C1F8946281F86802C1F876
:108270006C0281F8A402C1F8A802464AC1E99C3305
:1082800001F52973C1E9AB335A23C1F84832424B97
:10829000C1F850325B23C1F88432404BC1E98F00F2
:1082A000C1E99E00C1E9AD00C1F88C326423C1F878
:1082B000F822C1F8C0323A4BC1F83423C1F8C432B5
:1082C000384BC1F8D802C1F8CC32C1F80833364B6C
:1082D00081F8E002C1F8C8326523C1F8E402C1F8B0
:1082E000FC32324BC1F81403C1F80433662381F821
:1082F0001C03C1F838332E4BC1F82003C1E9BA443E
:108300002C4CC1F80043C1F83C4301F54774C1E966
:10831000B4BBC1E9BC00C1E9C3BBC1E9C944C1E9FF
:10832000CB00C1E9D2BBC1F84033234BC1F8702365
:1083300001F55672C1F84433204BC1F85003C3F81D
:1083400000E081F85803C1F85C03C1E9D822532248
:10835000C1E9DA005A60BDE8F08F00BFD4F3050828
:108360008CF30508A4EB050894F30508ACF30508A5
:10837000E4F30508F4F3050804F4050814F405080B
:1083800024F4050834F4050844F4050854F40508F9
:1083900068F40508B03606087CF4050890F4050872
:1083A000A4F40508C4F40508B0F40508E0F40508D1
:1083B000F4F40508D4F4050808F50508EC0B0024CE
:1083C000F8B5124E124F746ACCB1E068FEF7B8F9F6
:1083D000206904F11803A56898420AD0A169013107
:1083E00012F020FA2C21204612F01CFA3DB12C4646
:1083F000EBE72C21204612F015FA002DF7D1B742F9
:10840000A6F13C0301D01E46DDE7F8BD301F002475
:10841000F80B0024B0F5007F05D0B0F5804F00D0F8
:10842000704705F0BBBE0146064808B50EF0F6F9E8
:10843000A0F10100B0FA80F0BDE80840400902F068
:1084400079BE00BF000C02580D2008B500F00AFDEF
:10845000FEE700BF30B59FB04C2200210AA82FF0E4
:10846000B1FD2022002102A82FF0ACFD02200EF069
:108470002FFA244A0021244B0191916941F4404193
:108480009161916901F440410191D96A41F0010182
:10849000D962DB6A03F001030193019B93699B049A
:1084A000FCD5022300220A20012117930425402431
:1084B0000A900AA80D910F9115950E94CDE91332EB
:1084C000CDE918330C231A933C23CDE91B221693D4
:1084D0000EF094FA034698B93F22049308232946E4
:1084E0000292032202A809940392CDE905344FF4C5
:1084F0008063CDE907430EF0FDFD08B91FB030BD24
:10850000FFF7A2FF004802580004005800B5ADF57F
:10851000337DA0220021002412A8CC4D2FF052FD63
:10852000A02200213AA82FF04DFD4FF4A0720021A7
:1085300062A82FF047FDC64BC64AA02112A802260A
:108540002FF010FCC24BC44AA0213AA82FF00AFC1D
:108550000CF050FB00F0C6FAFFF77CFF10942246A7
:108560004FF40051BD48CDE90C44CDE90E44D5F897
:10857000E03043F00403C5F8E030D5F8E03003F014
:1085800004030293029BD5F8E03043F00103C5F8E1
:10859000E030D5F8E03003F001030393039BD5F8F6
:1085A000E03043F00203C5F8E030D5F8E03003F0E6
:1085B00002030493049BD5F8E03043F00803C5F8A8
:1085C000E030D5F8E03003F008030593059B0EF08A
:1085D0002BF901230CA9A1480F94CDE90D334FF4D9
:1085E00000530C930DF014FF4FF400724FF444133A
:1085F0000CA99B480E94CDE90C230DF009FF4FF414
:1086000080424FF488130CA995480E96CDE90C23AF
:108610000DF0FEFE00234FF400420CA990480E9688
:108620004FF08046CDE90C230DF0F2FE22462146A4
:1086300017200CF04BFB17200CF084FB2246214640
:1086400028200CF043FB28200CF07CFBD5F8D83018
:108650002246214643F001030B20C5F8D830D5F857
:10866000D830804D03F001030193019B0CF02EFBE9
:108670000B200CF067FBEF232846AC602C610B94B9
:10868000C5E90063784BEB608023CDE90C44CDE96C
:108690000E44CDE90944AB6110F090F8002840F099
:1086A0009D814FF480530CA928460C9310F0FCF9DF
:1086B0000346002840F09281284609A909930B93AC
:1086C00010F06CFB002840F089816848684B03601B
:1086D00040F6FF73C0E90233062343600EF0B6F89C
:1086E000002840F07B81634C4FF46126624B0C25DF
:1086F0002061A0626561C4E90200C4E90600C4E922
:1087000008002046C4E9003611F0EEFE01460028BC
:1087100040F06481204611F0DDFF0146002840F062
:108720005D81204612F018F8002840F0578120465D
:1087300011F0B2FF002840F05181504C504B2061A5
:10874000A062666065612360C4E90200C4E90600B6
:10875000C4E90800204611F0C7FE0146002840F099
:108760003D81204611F0B6FF002840F037810021FE
:10877000204611F0F1FF002840F03081204611F032
:108780008BFF002840F02A813E4C3F4B2061A062C5
:108790006561C4E90200C4E90600C4E90800204696
:1087A000C4E9003611F0A0FE0146002840F0168111
:1087B000204611F08FFF0146002840F00F8120462F
:1087C00011F0CAFF002840F00981204611F064FF33
:1087D0000346002840F002812C482D498360036144
:1087E000836145F6BF53C0E900134FF6FF73C360C2
:1087F0000FF0E4FF002840F0F180264C264B20616A
:10880000A062666065612360C4E90200C4E90600F5
:10881000C4E90800204611F067FE0146002840F038
:10882000DD80204611F056FF0146002840F0D6803A
:10883000204611F091FF002840F0D080204611F032
:108840002BFF002840F0CA8028E000BF00440258F7
:1088500050000024342C0608682C06080008025832
:10886000000C0258DC2200243F0D030028230024C2
:1088700000480058E81F0024004800401821002448
:1088800000100140B0210024004C0040442200248C
:10889000002000408020002400440040504C45F659
:1088A000BF53504A0890A060A061C4E9002342F27F
:1088B0000F73CDE906002046E3600FF07FFF00282C
:1088C00040F08C80069006A90890204610F066FAC9
:1088D0000546002840F0828043480DF0E9FF4FF440
:1088E000A07162A800F094F932200BF079FD62A823
:1088F000F7F756FD014662A80AF04CFE32200BF055
:108900006FFD12A8F7F74CFD014612A80AF042FECF
:1089100032200BF065FD3AA8F7F742FD01463AA870
:108920000AF038FE32200BF05BFD07F011FC32201C
:108930000BF056FD642000F083FA4FF4C042294644
:108940002A482FF03FFB4FF40072294628482FF0A9
:1089500039FB4FF40072294626482FF033FB4FF4C1
:108960000072294624482FF02DFB4FF4C0421F49C6
:10897000224811F033FF4FF400721D49204811F0D6
:108980002DFF4FF400721B491E4811F027FF4FF4D2
:10899000007219491C4811F021FF2046124C10F0BA
:1089A00017F801224FF4005118480DF03DFF6E20DA
:1089B00000F046FA20460DF07BFF0BF0D3FF0BF0E2
:1089C00019FA09F045FF05F059FC0AF081FC6F2007
:1089D00000F036FA0A200BF003FDE8E7FFF734FD5C
:1089E000902200240014004028230024B8280024EA
:1089F000B8880024B88A0024B88C0024B021002450
:108A0000E81F0024802000241821002400080258B8
:108A1000BFF34F8F0549064BCA6802F4E062134367
:108A2000CB60BFF34F8F00BFFDE700BF00ED00E05C
:108A30000400FA052DE9F0471D4BDFF89CA01D4FFF
:108A40008AF80000986A1C4E3860D86A1B4D306066
:108A5000586B1B4C2860DFF884809B6BDFF880909C
:108A60002360C8F800200122164BC9F800101A70C4
:108A70000DF026FF144B002214491A655A659AF826
:108A800000209A65124A1268DA65D9F800201A6641
:108A9000D8F800205A663A689A663268DA662A6818
:108AA0001A670C4A2068586759651A65BDE8F0874F
:108AB00000ED00E0502300244C2300244823002430
:108AC000442300243823002400400058BEB6BBAD28
:108AD0005823002441494452542300243C230024B9
:108AE000402300243C4A2DE9F84FD2F8D0403B4BBC
:108AF00066011C6064D4E50066D4E00162D46100C4
:108B000064D4A20264D4630264D4C4F3C05234496E
:108B10000023344D0A70DFF8E8A0334ADFF8E49010
:108B2000DFF8E480314EDFF8E4B0314F2B601360A2
:108B3000CAF80030C9F80030C8F800303360CBF80C
:108B400000303B700DF0BCFE2A4B2B48DA6D2449F7
:108B50002A601D6D854216D00DF0B2FE254B002215
:108B60001D491A655A659A65DA651A665A669A66E3
:108B7000DA661A675A67D1F8D03043F48033C1F807
:108B8000D030BDE8F88F5D6D1C488542E4D114F00B
:108B9000AA4FE1D0986D144A0870196E11605A6E90
:108BA000CBF800209A6ECAF80020DA6EC9F80020CF
:108BB0001A6FC8F8002001225B6F3A703360CBE770
:108BC0000522A4E70422A2E70622A0E707229EE7E7
:108BD00003229CE702229AE7004402585C23002407
:108BE0005423002458230024402300244423002439
:108BF000382300240040005841494452BEB6BBAD62
:108C0000502300244C230024482300243C23002428
:108C1000002851D02DE9F0410D4692B0002948D0EE
:108C20006D4B04461E6816F4000340F0C6808DF8B4
:108C3000283073020AAF7DD4B0026CD4F10106F083
:108C4000806852D4B8F1000F40F09380F20006F033
:108C500080483BD4B8F1000F7CD19DF82830002B20
:108C600052D05E4B1B78013BDBB20C2B2CD85C4AFC
:108C700052F823305B4A20465B491278096801921A
:108C800002912946CAB1594C00972468584A089461
:108C9000584C24680794584C24680694574C246810
:108CA0000594574C24680494564C246803942FF080
:108CB00059F812B0BDE8F0817047534A00972FF081
:108CC00051F812B0BDE8F081504BD3E73846F7F7C2
:108CD00067FB1F28C1D04E4B002877D0C0F1200180
:108CE0004C4A38442FF03EF8B4E73846F7F758FBC3
:108CF0001F28ABD0002863D0C0F12001464B454A65
:108D000038442FF02FF89DE7444B93E803000A9076
:108D10008DF82C10A5E73846F7F742FB1F2837D00F
:108D2000002850D0C0F120013D4B3A4A38442FF082
:108D300019F883E73846F7F733FB1F283FF47CAF79
:108D4000002837D0C0F12001364B324A38442FF08A
:108D500009F871E73846F7F723FB1F283FF47DAF8A
:108D6000314B08B3C0F120012A4A38442EF0FAFFF3
:108D700073E73846F7F714FB1F283FF467AF2B4B18
:108D800060B1C0F12001234A38442EF0EBFF5DE7CB
:108D9000F3013FF55BAF06F0806853E793E803000B
:108DA0000A908DF82C1051E793E803000A908DF893
:108DB0002C1052E71E4B0A933EE71E4B0A9338E7EE
:108DC0001D4B0A933EE71D4B0A9337E793E80300D8
:108DD0000A908DF82C103DE75C23002454230024D6
:108DE000340A07083823002458230024442300248D
:108DF000D02C0608482300244C23002450230024B0
:108E00003C23002440230024482D06089C2C0608FF
:108E1000B82C0608A42C0608AC2C0608C82C06089A
:108E2000A82C0608A02C0608C02C0608B02C0608A2
:108E300050494E00504F520053465400424F52008A
:108E4000064B1A68824207D010B5044618600DF030
:108E500037FD034BDC6510BD704700BF582300246D
:108E60000040005808B572B600221146FFF7E2FD37
:108E7000BFF34F8FFFF7CCFD08B5FFF7F3FF00BF3F
:108E800008B548B1D0E9052172B60820FFF7D2FD38
:108E9000BFF34F8FFFF7BCFD02460146F4E700BF6A
:108EA0002DE9F84307463020884611F0CCFC07F145
:108EB0001005064600F110044FF0000C97F80090E2
:108EC000D7F80CE00FCD0FC495E80F0084E80F0031
:108ED00086F80090C6F80480C6E902CCBEF1000F07
:108EE00004D031467046FFF7DBFFF060BD683DB34C
:108EF00037464FF00008302011F0A5FC05F1100EA8
:108F0000044695F80090BEE80F0004F1100CACE8A0
:108F10000F009EE80F008CE80F00C4E9028884F877
:108F200000902146BC606760E86830B1FFF7B8FF89
:108F3000E060AD6825B12746DDE7AD68002DFAD1C8
:108F40003046BDE8F88300BF2DE9F8435768164660
:108F500004460D46002F72D07B685360002B7BD0F7
:108F6000DA6897424FF0000278D09A6004F110025C
:108F700007F1100392E8030083E8030023787D6083
:108F80003B700023C7E90233E06820B1324639461E
:108F9000FFF7DAFFF860A568002D39D07468B9468C
:108FA0004FF0000824B363687360A3B3DA68944297
:108FB00033D0C3F8088005F1100204F1100392E8E1
:108FC000030083E803002B78C4E902882370C9F802
:108FD0000840C4F80490E868B8B132462146FFF76B
:108FE000B3FFE060AD689DB1A1467468002CDAD192
:108FF000182011F028FC05F1100300F110020446BE
:1090000093E8030082E80300DDE7AD68002DEBD1B3
:109010003846BDE8F8833360CDE70022DA609A680D
:10902000002AC8D0D368726023B11A46DB68002BCF
:10903000FBD172609368002BBDD07360BBE7182032
:1090400011F001FC04F1100200F11003074692E850
:10905000030083E8030091E7136087E7DA609A680A
:10906000002A83D0D368726023B11A46DB68002BD4
:10907000FBD172609368002B3FF478AF736075E7A3
:109080002DE9F0411D4ED6E90075AF420BD03C46AC
:10909000A36A18464BB3216B6034C91A11F0C2FBA6
:1090A000A542F5D17760DFF86880D8E90076B7424D
:1090B00010D007F108043D4654F8080C844218D03B
:1090C000A96818351834013111F0ACFBAE42F3D168
:1090D000C8F8047000230A4C0A480B490B4A236065
:1090E00003700B701370BDE8F0816034A542CFD1DE
:1090F000D8E718351834AE42DED1E9E7F825002468
:10910000042600244D2600244C2600244426002456
:1091100008260024002873D02DE9F04F074683B0BD
:10912000D7F80C80B8F1000F60D0D8F80C90B9F1E6
:10913000000F52D0D9F80CA0BAF1000F44D0DAF8E1
:109140000C40002C37D0D4F80CB0BBF1000F2BD062
:10915000DBF80C60FEB1F568B5B1EB686BB1D868AF
:109160000193FFF7D7FF019B342118469B680193B9
:1091700011F058FB019B002BF1D12846AD6834213A
:1091800011F050FB002DE8D13046B668342111F0C3
:1091900049FB002EDFD1DBF808503421584611F08E
:1091A00041FB0DB1AB46D3E72046A468342111F052
:1091B00039FB002CC7D1DAF808403421504611F0B1
:1091C00031FB0CB1A246BAE7D9F808403421484631
:1091D00011F028FB0CB1A146ACE7D8F808403421C7
:1091E000404611F01FFB0CB1A0469EE73846BF6811
:1091F000342111F017FB002F92D103B0BDE8F08F9E
:10920000704700BF2DE9F0478468074689460D780E
:1092100000F104080CB93AE01C46227CA168954292
:10922000E36836BF0B4600260126002BF4D1EEB9C9
:10923000954219D9A04521D14FF0010A4D46302061
:1092400011F001FB844600F110060FCD0FC695E822
:109250000F0086E80F00434622466146504612F052
:109260001CFF7B6901337B61BDE8F087FB689C4292
:10927000E0D0204612F00FFF027CD9E794F810A04E
:10928000AA4594BF4FF0000A4FF0010AD6E7C36821
:1092900044469845EDD1CFE72DE9F8438468071D92
:1092A00064B30E469146B84665694A463146A945BB
:1092B00028BF2A461AB120692EF05AFE08B9A5EB3C
:1092C00009000028D4E902321BDBA0461C46002C12
:1092D000EAD1474512D0D8F814404A46A14528BFE4
:1092E00022462AB13046D8F810102EF041FE08B9B7
:1092F000A9EB040017EA200738BF47463846BDE807
:10930000F8831446002CCFD1E3E700BF002873D0C8
:109310002DE9F04F074683B0D7F80C80B8F1000F65
:1093200060D0D8F80C90B9F1000F52D0D9F80CA049
:10933000BAF1000F44D0DAF80C40002C37D0D4F842
:109340000CB0BBF1000F2BD0DBF80C60FEB1F56860
:10935000B5B1EB686BB1D8680193FFF7D7FF019BFC
:10936000182118469B68019311F05CFA019B002BB1
:10937000F1D12846AD68182111F054FA002DE8D13A
:109380003046B668182111F04DFA002EDFD1DBF817
:1093900008501821584611F045FA0DB1AB46D3E7F5
:1093A0002046A468182111F03DFA002CC7D1DAF844
:1093B00008401821504611F035FA0CB1A246BAE720
:1093C000D9F808401821484611F02CFA0CB1A146F2
:1093D000ACE7D8F808401821404611F023FA0CB148
:1093E000A0469EE73846BF68182111F01BFA002FEF
:1093F00092D103B0BDE8F08F704700BF002873D052
:109400002DE9F04F074683B0D7F80C80B8F1000F74
:1094100060D0D8F80C90B9F1000F52D0D9F80CA058
:10942000BAF1000F44D0DAF80C40002C37D0D4F851
:109430000CB0BBF1000F2BD0DBF80C60FEB1F5686F
:10944000B5B1EB686BB1D8680193FFF7D7FF019B0B
:10945000302118469B68019311F0E4F9019B002B21
:10946000F1D12846AD68302111F0DCF9002DE8D1AA
:109470003046B668302111F0D5F9002EDFD1DBF887
:1094800008503021584611F0CDF90DB1AB46D3E765
:109490002046A468302111F0C5F9002CC7D1DAF8B4
:1094A00008403021504611F0BDF90CB1A246BAE790
:1094B000D9F808403021484611F0B4F90CB1A14662
:1094C000ACE7D8F808403021404611F0ABF90CB1B8
:1094D000A0469EE73846BF68302111F0A3F9002F5F
:1094E00092D103B0BDE8F08F704700BF002800F0B4
:1094F00008812DE9F04F044685B0E568002D00F0A5
:10950000E980EE68002E00F0D180A046F768002FB9
:1095100000F0B780A946FC68002C00F08680E56862
:10952000A246002D6BD0EC68002C00F09280234600
:10953000DC68002C46D001959B4635462346E468FE
:1095400014B30293E068FFF7D1FF2246A468D669FE
:109550009EB1CDF80C80B8462F461546F068FFF74F
:109560004DFF3046B668302111F05CF9002EF5D180
:109570002A463D464746DDF80C802C21104611F066
:1095800051F9002CDED1029BDE699C688EB1CDF8CA
:109590000880A0461C46F068FFF730FF3046B668EA
:1095A000302111F03FF9002EF5D123464446DDF875
:1095B00008802C21184611F035F9002CBED12E461A
:1095C0005B46019DDC69D3F808B07CB1CDF804801E
:1095D0009846E068FFF712FF2046A468302111F09A
:1095E00021F9002CF5D14346DDF804802C211846E2
:1095F00011F018F9BBF1000F2BD05B4698E7DAF8B1
:109600001C50DAF808404DB1E868FFF7F7FE28462D
:10961000AD68302111F006F9002DF5D12C2150460E
:1096200011F000F9002C7FF47AAFFC69BD684CB1F1
:10963000E068FFF7E3FE2046A468302111F0F2F85D
:10964000002CF5D12C21384611F0ECF8C5B12F468D
:1096500061E7EC69D5F808B04CB1E068FFF7CEFEE1
:109660002046A468302111F0DDF8002CF5D12C2122
:10967000284611F0D7F8BBF1000FC0D05D4652E785
:109680004D46F769B4684FB1F868FFF7B7FE384642
:10969000BF68302111F0C6F8002FF5D12C213046DB
:1096A00011F0C0F80CB1264630E74446EE69AF68C9
:1096B0004EB1F068FFF7A2FE3046B668302111F0D7
:1096C000B1F8002EF5D12C21284611F0ABF80FB1DE
:1096D0003D4616E7E569A6684DB1E868FFF78EFEDE
:1096E0002846AD68302111F09DF8002DF5D12C21D0
:1096F000204611F097F80EB13446FEE605B0BDE8FD
:10970000F08F70472DE9F0470646144630200F468B
:1097100006F1040911F097F823680546B94593F856
:1097200000804FF0000380F81080C362C0E9053369
:10973000C0E90733C0E9093343D03B7C434523D913
:10974000D6F80CA0BA452FD0384612F0A4FC037C02
:10975000434564D3B4680CB989E00C46227CD4E953
:10976000021390452ABF1946012300230029F4D192
:10977000002B77D1A246904548D82846302111F0D9
:1097800051F82046BDE8F0873C46F6D2D6F810A046
:10979000BA453BD0384612F07AFC037C82464345FA
:1097A00042D9FB68002B60D001204B465246294627
:1097B0002C4612F072FC7369204601337361BDE8D8
:1097C000F08773692BB1D6F810A09AF81030434592
:1097D0001CD3B4685CB93C46F368A3424CD0204625
:1097E000A24612F058FC017C04460DE01446217C90
:1097F000D4E9022088452ABF024601230023002A1B
:10980000F4D1002BE8D1A2468845B6D9D145CBD0BA
:109810009AF81000404594BF00200120C5E7C368B6
:1098200063B3BA460120C0E7B4682CB9F368994520
:109830001FD04C460FE01C46227CD4E902319045F3
:109840002ABF0B4601210021002BF4D1002991D021
:10985000F3689C4210D02046A24612F01CFC027C09
:10986000044688E7A245F6D1D0E7BA46D0E7D1450D
:10987000DFD1CA46012098E7A246C7E78246C5E77E
:109880002DE9F047804614462C200E4608F10409C5
:1098900010F0D9FF00232268B145054617780376FA
:1098A000C361836200F118030774C0E9083346D02E
:1098B000337CBB4224D9D8F80CA0B24530D0304616
:1098C00012F0E9FB037CBB426AD3D8F808400CB91C
:1098D00091E00C46227CD4E9021397422ABF194634
:1098E000012300230029F4D1002B7FD1A246974207
:1098F0004DD828462C2110F095FF2046BDE8F08772
:109900003446F6D2D8F810A0B24540D0304612F016
:10991000BEFB037C8246BB4247D9F368002B68D06C
:1099200001204B46524629462C4612F0B6FBD8F889
:10993000143020460133C8F81430BDE8F087D8F859
:1099400014302BB1D8F810A09AF81030BB421ED3B7
:10995000D8F8084064B93446D8F80C30A3424FD048
:109960002046A24612F097FB017C04460DE0144607
:10997000217CD4E902208F422ABF02460123002322
:10998000002AF4D1002BE7D1A2468F42B1D9D145AC
:10999000C6D09AF81000B84294BF00200120C0E75A
:1099A000C3687BB3B2460120BBE7D8F8084034B99E
:1099B000D8F80C30994520D04C4610E01C46227C4B
:1099C000D4E9023197422ABF0B4601210021002B26
:1099D000F4D100298AD0D8F80C309C4210D020460F
:1099E000A24612F058FB027C044680E7A245F6D15D
:1099F000CDE7B246CDE7D145DED1CA46012090E79A
:109A0000A246C4E78246C2E72DE9F04F054687B07B
:109A1000B9480926294602ACFDF730F8B74B07468E
:109A20004FF00008009493E8070003C407F1180002
:109A3000227002A9324601960A278DF81180FFF79D
:109A40002BFC29460646AC48FDF718F8AC4A84467C
:109A500002AB07CA009303C3228002A93A460CF165
:109A6000180001978DF81280FFF716FC294607466B
:109A7000A148FDF703F81C30864277D029469E485E
:109A8000FCF7FCFF1C30874270D0DFF88082D8F8EA
:109A90000840002C00F0D48008F104094846237CDB
:109AA000AB42D4E9021206D24AB11446237CAB423F
:109AB000D4E90212F8D319B120460C46EFE7044668
:109AC0004C4500F0BD80237CAB4252D8237DD6EDBF
:109AD0000A6A002B00F08880D4ED067A9FED896A2F
:109AE00094ED077A77EE865AF4EEE65AF1EE10FA24
:109AF00070D5012384F8303077EEE67A9FED816AE5
:109B0000F0EEE77AF4EEC67AF1EE10FA03DBC4ED7C
:109B1000066AD6ED0A6A94ED086AD4ED097AC6FEA3
:109B2000666AC4ED086AD6ED0A6ADFED765AC7FEAA
:109B3000A67AC4ED097AD7ED0A6AD4ED0B7A37EE2E
:109B4000667AB0EEC77AB4EEE57A94ED0A7A87FECB
:109B5000667A84ED0A7AF1EE10FAA8BFC4ED076ABE
:109B600097ED0A7AC7FE877AC4ED0B7A07B0BDE895
:109B7000F08F342010F067FE202205748246002109
:109B800014302EF01FFA237CAB423ED9D8F80CB02B
:109B9000A34500F08D80204612F07DFA037C02463A
:109BA000AB42C0F08280D8F808400CB991E01C4666
:109BB000217CD4E90223A9428ABF13460022012254
:109BC000002BF4D1002A40F085802246A9425CD2C5
:109BD000544666E037EE066AD7ED0A5AF4EEC65AE6
:109BE000F1EE10FA88DD84E7C4ED066A0122B96A55
:109BF0002275E161B26A22626262BA6A84F8303028
:109C0000A262E26207B0BDE8F08F3ED2D8F8103011
:109C1000A34268D0204612F03AFA037C0246AB42D7
:109C200076D9E368002B5ED054460120364B21469E
:109C300012F033FAD8F814300133C8F8143045E77D
:109C4000342010F000FE2022057404460021143058
:109C50002EF0B8F9D8F81430E3B9D8F80890B9F173
:109C6000000F01D128E0994699F81010D9E9022394
:109C7000A9428ABF134600220122002BF3D1EAB980
:109C80004A468D420BD8A2464C463421504610F02D
:109C9000C9FD1BE7D8F81020137CAB42DDD2DFF8FA
:109CA00068904A4521D10120C0E7C368002B8FD0BE
:109CB000224601205446B9E7DFF84C90D8F80C3022
:109CC000994542D0484612F0E6F94A46017C814661
:109CD000D7E70D4C5C453CD0204612F0DCF922461B
:109CE000017C044672E722465446107CA84294BF89
:109CF000002001209AE700BFEC0B002464E905086E
:109D000070E9050817B7D138E4250024E0250024C0
:109D1000D8F808400CB922E01C46217CD4E9022383
:109D2000A9428ABF134600220122002BF4D1002A47
:109D30003FF44BAFD8F80C309C420DD0204612F0C7
:109D4000AAF92246017C044640E74A46DFF814900F
:109D5000A7E754465A46A4E722465446A1E7014CD9
:109D6000E8E700BFE42500242DE9F04F2DED028B3C
:109D7000ADF5137DB7EE006B05469046DDF87892A1
:109D80001E46A09F99ED007BB4EEC67BF1EE10FA63
:109D900000F1CF859FED888B05F1080B0B46884AB3
:109DA000402182A82DF0DEFF82A8C5F800B0F6F7AA
:109DB000F7FA0F280446769000F2EC85012840F06F
:109DC000E1849DF808322B724FF0000A4FF4C07105
:109DD00028466C600BF804A023F022FF794B8DF825
:109DE00038A00DF1300A93E803000823CDF828A02D
:109DF0008AE803000B93B8F1000F00F0808640461C
:109E0000F6F7CEFA704B0246984200F2C4864146FD
:109E10000AA824F031F806AB80460446049358F8AB
:109E2000083B434500F07B86049383680693C4F89F
:109E3000008063680A98059300235045636023728D
:109E400003D00C99013110F0EDFC0DF1480A01210D
:109E50002223DDF81080CDF840A01191ADF84830F4
:109E6000B8F1000F00F0508698F80040002C00F088
:109E70004B860396AB460E4639E06FF040439B1B82
:109E8000032B40F288860422504910A823F0F4FFE7
:109E900098F800304E4A1B09D55CDDE91036534571
:109EA00006F1010414BF129A0F22944200F2968424
:109EB0009D550022109B11941A5598F80030444A81
:109EC00003F00F03D55CDDE91036534506F10104BC
:109ED00000F07584129A944200F275849D55002218
:109EE000109B11941A5518F8014F119ED4B1222CD1
:109EF00000F04C845C2C00F049841F2CBDD9109BD1
:109F0000751C534514BF129A0F22954200F27184BA
:109F10009C550022109B11955A5518F8014F119E1F
:109F2000002CE4D1109B31465D46039E534501F160
:109F3000010414BF129A0F22944209D9012310A8D8
:109F40000391009300231A4623F032FE109B0399DD
:109F500022225A540022109B11941A556FF040434C
:109F60006A689B1ADDE910129A4200F214862846AC
:109F700023F082FF1098504503D01299013110F060
:109F800051FC0DF1600801212223CDF85880179172
:109F9000ADF86030002E00F0BB853478002C00F066
:109FA000B785A0974FF05C0BDFF824A00F46039510
:109FB00048E000BFAFF30080000000000000000098
:109FC0009C2D0608C82D0608F7FFFF3FEC2D06085C
:109FD000680A07086FF04043DB1B032B40F2DB8568
:109FE0000422B54916A823F047FF33781B091AF855
:109FF0000350DDE91637434507F1010414BF189AF1
:10A000000F22944200F22584DD550022169B1794FE
:10A010001A55337803F00F031AF80350DDE91637A9
:10A02000434507F1010400F00584189A944200F2B8
:10A030000584DD550022169B17941A5516F8014F1A
:10A04000179FD4B1222C00F0DF835C2C00F0DC835E
:10A050001F2CBFD9169B7D1C434514BF189A0F2295
:10A06000954200F20184DC550022169B17955A5543
:10A0700016F8014F179F002CE4D1169B3946039D1B
:10A08000434501F10104A09F14BF189A0F22944286
:10A0900000F2EC84222216A81CAE0DF1780A5A5464
:10A0A0000022169B179411461A5509230093834BDF
:10A0B00023F094FE8346C6F800A004465BF8083BF4
:10A0C0009B4500F0F6843360A368B36000236268A8
:10A0D000C4F800B0237263606FF040436968726037
:10A0E0005B1A31689A4200F25685284623F0C4FE76
:10A0F0003068504503D0B168013110F093FB1698D9
:10A10000404503D01899013110F08CFB04236C4AB0
:10A11000302176A80DF19008D9E902ABCDE900AB6A
:10A120002DF020FE76A8CDF88880F6F739F90F28B3
:10A130000446709000F28A84012840F026849DF83D
:10A14000D8318DF8903043460022239422A80DF197
:10A15000A80A1A550F23114600935A4B23F03EFECE
:10A160000646CDF8A0A0044656F8083BB34200F0DE
:10A17000E684289383682A9300236268266023720A
:10A1800063606FF04043696829925B1A28999A428C
:10A1900000F20185284623F06FFE2898504503D031
:10A1A0002A99013110F03EFB2298404503D02499B2
:10A1B000013110F037FB0423414A302176A80DF11C
:10A1C000C008D9E900ABCDE900AB2DF0CBFD76A8F6
:10A1D000CDF8B880F6F7E4F80F280446709000F246
:10A1E0002584012840F0CC839DF8D8318DF8C0300B
:10A1F000434600222F942EA80DF1D80A1A550D239C
:10A2000011460093304B23F0E9FD0646CDF8D0A06F
:10A21000044656F8083BB34200F0898434938368BF
:10A220003693002362682660237263606FF04043B8
:10A23000696835925B1A34999A4200F2AC842846D8
:10A2400023F01AFE3498504503D03699013110F0AE
:10A25000E9FA2E98404503D03099013110F0E2FA26
:10A260000423174A302176A80DF1F008D9E904AB90
:10A27000CDE900AB2DF076FD76A8CDF8E880F6F7B5
:10A280008FF80F280446709000F2B583012840F043
:10A2900072839DF8D8318DF8F030434600223B940C
:10A2A0003AA80DF5847A1A55122311460093074BEC
:10A2B00023F094FD06460BE0EC2D0608F42D06086D
:10A2C000002E0608082E0608182E0608282E060856
:10A2D000CDF800A1044656F8083BB34200F03E8496
:10A2E0004093836842930023626826602372636010
:10A2F0006FF04043696841925B1A40999A4200F2BC
:10A300004A84284623F0B8FD4098504503D042992E
:10A31000013110F087FA3A98404503D03C99013159
:10A3200010F080FAB3EE046B0223BE4A302176A807
:10A330000DF5907899ED027B27EE067B8DED007B85
:10A340002DF010FD76A8CDF81881F6F729F80F2822
:10A350000446709000F24083012840F007839DF886
:10A36000D8318DF8203143460022479446A80DF598
:10A370009C7A1A550E2311460093AB4B23F02EFD09
:10A380000646CDF830A1044656F8083BB34200F02B
:10A39000DE834C9383684E930023626826602372A9
:10A3A00063606FF0404369684D925B1A4C999A4222
:10A3B00000F2F183284623F05FFD4C98504503D00E
:10A3C0004E99013110F02EFA4698404503D0489935
:10A3D000013110F027FAB3EE046B0223914A3021C9
:10A3E00076A80DF5A87899ED007B27EE067B8DED1C
:10A3F000007B2DF0B7FC76A8CDF84881F5F7D0FFAB
:10A400000F280446709000F2D882012840F0A982FB
:10A410009DF8D8318DF8503143460022539452A80C
:10A420000DF5B47A1A550C23114600937F4B23F097
:10A43000D5FC0646CDF860A1044656F8083BB34269
:10A4400000F0A283589383685A93002362682660C1
:10A45000237263606FF04043696859925B1A5899A0
:10A460009A4200F29883284623F006FD58985045FA
:10A4700003D05A99013110F0D5F95298404503D0D4
:10A480005499013110F0CEF9B3EE046B0223654A02
:10A49000302176A80DF5C07899ED047B27EE067B78
:10A4A0008DED007B2DF05EFC76A8CDF87881F5F778
:10A4B00077FF0F280446709000F20383012840F0D4
:10A4C0004B829DF8D8318DF88031434600225F944D
:10A4D0005EA80DF5CC791A550F2311460093544B05
:10A4E00023F07CFC0646CDF89091044656F8083BD4
:10A4F000B34200F0428364938368669300236268EA
:10A500002660237263606FF04043696865925B1A4E
:10A5100064999A4200F23F83284623F0ADFC649888
:10A52000484503D06699013110F07CF95E984045AA
:10A5300003D06099013110F075F90223394A3021B6
:10A5400076A80DF5D8788DED008B2DF00BFC76A854
:10A55000CDF8A881F5F724FF0F280446709000F28B
:10A56000BF82012840F0F3819DF8D8318DF8B031D9
:10A57000434600226B946AA80DF5E4791A550A2324
:10A58000114600932B4B23F029FC0646CDF8C091D1
:10A59000044656F8083BB34200F0E88270938368A3
:10A5A00072936368719300232660237263606FF077
:10A5B00040436A689B1ADDE970129A4200F2EB820E
:10A5C000284623F059FC7098484503D07299013110
:10A5D00010F028F96A98404503D06C99013110F0C9
:10A5E00021F99F9B4021144A82A82DF0BBFB82A831
:10A5F000F5F7D6FE6FF04043696802465B1A984251
:10A6000000F2C98282A9284623F036FC78AE0121E7
:10A61000222376967791ADF8E031002F00F07C820E
:10A620000CE000BF002E06083C2E06084C2E060843
:10A630005C2E06086C2E0608782E06083C78002C46
:10A6400000F06A824FF05C0BDFF8D8A3DFF8D893F4
:10A65000A84635E06FF040435B1A032B40F29B8223
:10A660000422514676A823F007FC3B7877991B0912
:10A670004C1C19F80350769BB34214BF789A0F22F2
:10A68000944200F22C815D540022769B77941A55F7
:10A690003B78779903F00F034C1C19F80350769B15
:10A6A000B34200F00281789A944200F202815D5434
:10A6B0000022769B77941A5517F8014F7799D4B1F9
:10A6C000222C00F0DC805C2C00F0D9801F2CC1D93A
:10A6D000769B4D1CB34214BF789A0F22954200F22C
:10A6E000F3805C540022769B77955A5517F8014FFA
:10A6F0007799002CE4D1769B4C1C4546B34214BF9D
:10A70000789A0F22944209D9012376A803910093E5
:10A7100000231A4623F04CFA769B039922225A54BE
:10A720000022769B77941A556FF040436A687699B9
:10A730009B1A779A9A4200F22E82284623F09CFBBD
:10A740007698B04203D07899013110F06BF86FF031
:10A7500040436A689B1A012B40F21D820222B049D5
:10A76000284623F089FB049806AB984203D006994B
:10A77000013110F057F828460DF5137DBDEC028B22
:10A78000BDE8F08F00283FF41FAB0CE1109B741C58
:10A79000534514BF129A0F22944200F2AB804FF03F
:10A7A0005C029A550022109B11941A5598F800509B
:10A7B000DDE91036534506F101047FF48BAB0F221F
:10A7C00094427FF68BAB0123314610A800930023FF
:10A7D0001A4623F0EDF9109BFFF780BB01233146A9
:10A7E00010A8009300231A4623F0E2F9109BFFF70C
:10A7F0005FBB0123314610A8009300231A4623F0C3
:10A80000D7F9109BFFF784BB169B7C1C434514BFF4
:10A81000189A0F22944277D803F807B00022169BAB
:10A8200017941A553578DDE91637434507F10104C9
:10A830007FF4FBAB0F2294427FF6FBAB012339463A
:10A8400016A8009300231A4623F0B2F9169BFFF7CF
:10A85000F0BB0123394616A8009300231A4623F0C3
:10A86000A7F9169BFFF7D0BB0123394616A8009322
:10A8700000231A4623F09CF9169BFFF7F4BB769B46
:10A880004C1CB34214BF789A0F22944246D803F866
:10A8900001B00022769B77941A553D78DDE9763138
:10A8A000B34201F101047FF4FEAE0F2294427FF621
:10A8B000FEAE012376A80391009300231A4623F0ED
:10A8C00077F9769B0399F2E6012376A8039100932A
:10A8D00000231A4623F06CF9769B039901E70123C4
:10A8E00076A80391009300231A4623F061F9769B22
:10A8F0000399C8E60123314610A8009300231A46A5
:10A9000023F056F9109B4AE70123394616A8009315
:10A9100000231A4623F04CF9169B7DE7012376A805
:10A920000391009300231A4623F042F9769B039982
:10A93000ADE799ED024B36EE476B9FED375B37EE97
:10A94000447B27EE057B87EE068BFFF725BA0028B0
:10A950003FF40EAE4046CBE000283FF4B6AD404693
:10A96000B7E000283FF458AD40462EE000283FF401
:10A97000FAAC404638E000283FF48FAC404642E055
:10A9800000283FF435AC404658E000283FF4DBABEC
:10A99000404663E0002276A9284623F027F8769BFC
:10A9A00083462860AB602246584682A92FF053F9AF
:10A9B000769CD5F800B0FFF707BA002270A952A81C
:10A9C00023F014F8709B52905493224676A92FF0EE
:10A9D00042F9709C529B20E5002270A946A823F002
:10A9E00005F8709B46904893224676A92FF033F9DC
:10A9F000709C469BB8E4002270A93AA822F0F6FFAA
:10AA0000709B3A903C93224676A92FF024F9709CD3
:10AA10003A9B43E4AFF3008000000000000059407F
:10AA2000F0380608EC2D0608680A0708002270A90D
:10AA30002EA822F0DBFF709B2E903093224676A941
:10AA40002FF009F9709C2E9BFFF7D3BB002270A951
:10AA500022A822F0CBFF709B22902493224676A955
:10AA60002FF0F9F8709C229BFFF76EBB012316A80C
:10AA700003911CAE009300230DF1780A1A4623F0CF
:10AA800097F8169B0399222216A85A540022169B67
:10AA9000179411461A5509230093404B23F09EF951
:10AAA0008346C6F800A004465BF8083B5B457FF48C
:10AAB0000AAB62685946504601322FF0CCF8FFF7D6
:10AAC00005BB002270A95EA822F090FF709B5E90EB
:10AAD0006093224676A92FF0BEF8709C5E9BF5E449
:10AAE000002270A96AA822F081FF709B6A906C9383
:10AAF000224676A92FF0AFF8709C6A9B39E5424652
:10AB0000DFF8A080FFF783B902245346FFF720BA8D
:10AB100002244346FFF7BEBA02243346FEE54268EC
:10AB2000414606A801322FF096F8FFF780B9426837
:10AB30003146504601322FF08EF8FFF772BB426863
:10AB40003146504601322FF086F8FFF715BB4268B8
:10AB50003146504601322FF07EF81DE442683146FE
:10AB6000504601322FF077F8FFF7BDBB42683146FF
:10AB7000484601322FF06FF813E5426831464846E7
:10AB800001322FF068F8B9E442683146504601328C
:10AB90002FF061F859E402481CF0A8FAF42D0608D9
:10ABA000D42D0608B03606082DE9F04F554C564E08
:10ABB00021686368554D5B1A3268DB1005FB03F3AF
:10ABC00093422DED028B8BB061D8514B1B78002B3B
:10ABD00000F08D804F4FDFF84CA1D7E900639AF861
:10ABE00000409B1B5B1105FB03F39C427FD24A4B49
:10ABF00004EB440493F800B04FEA441806EB441405
:10AC0000BBF1000F00F09080A06C16F80810D4E99A
:10AC1000012310340290A06A0094019004A8FFF769
:10AC2000A3F8049C059E00224FF400513B480BF012
:10AC3000FBFD3146204608F0E3FC01224FF40051B1
:10AC400036480BF0F1FD344B00219AF800201970C2
:10AC50000132D7E90003D2B21B1A8AF800205B1137
:10AC600005FB03F39A42C0F0BC81FEF709FA2C48B9
:10AC70000DF000FF049806AB984203D0069901310D
:10AC80000FF0D0FD0BB0BDEC028BBDE8F08F02EBF6
:10AC9000420301322148326001EBC30251F83370A4
:10ACA0004FF40051D2F8048000220BF0BDFD38466D
:10ACB000414608F0A5FC01224FF4005117480BF063
:10ACC000B3FD3268D4E900135B1ADB1005FB03F314
:10ACD000934200F274810F4A1248D2E900130278BD
:10ACE0005B1A5B1105FB03F39A42C0F06881FEF723
:10ACF000C7F90B480BB0BDEC028BBDE8F04F0DF06F
:10AD0000B9BE00BF0826002404260024ABAAAAAAC4
:10AD100044260024F82500244C260024000802586C
:10AD2000DC2200244D260024DFF8D89259464FF447
:10AD3000007248462DF046F959468022AC482DF065
:10AD400041F916F8082063684846AA492DF040F8F2
:10AD5000D4E90A6B5E4520D0327806F1100573689D
:10AD60000836A549A2482DF033F8A14948462DF0F0
:10AD700031F9B34511D0DFF8788255F8043C4046EC
:10AD800015F8082C9D492DF023F8414648462DF032
:10AD900021F95D4505F10805EFD1D4ED0F7AB3EE49
:10ADA000048A9749B7EEE77A914853EC172B2DF0B8
:10ADB0000FF88F4993482DF00DF9D4ED0F7A924991
:10ADC00067EE887A8A48B7EEE77A53EC172B2CF0B7
:10ADD000FFFF87498B482DF0FDF8D4ED107A8B49A1
:10ADE000B7EEE77A824853EC172B2CF0F1FF80493D
:10ADF00084482DF0EFF8D4ED107A854967EE887A13
:10AE00007B48B7EEE77A53EC172B2CF0E1FF78493B
:10AE10007C482DF0DFF8D4ED117A7E49B7EEE77A61
:10AE2000734853EC172B2CF0D3FF714975482DF064
:10AE3000D1F8D4ED117A784967EE887A6C48B7EE8C
:10AE4000E77A53EC172B2CF0C3FF69496D482DF0BE
:10AE5000C1F8A26C714966482CF0BAFF6449694890
:10AE60002DF0B8F8D4ED137A6D49B7EEE77A604863
:10AE700053EC172B2CF0ACFF5D4962482DF0AAF87B
:10AE8000D4ED147A6749B7EEE77A594853EC172B9B
:10AE90002CF09EFF56495B482DF09CF8D4ED157AB6
:10AEA0006149B7EEE77A524853EC172B2CF090FF2C
:10AEB0004F4954482DF08EF8D4ED167A5B49B7EE21
:10AEC000E77A4B4853EC172B2CF082FF48494D484A
:10AED0002DF080F8A26B564945482CF079FF444983
:10AEE00048482DF077F8626B524941482CF070FFCA
:10AEF0003F4944482DF06EF84F4B50491A683C4882
:10AF00002CF066FF3A493F482DF064F8D4ED177AEB
:10AF10004B49B7EEE77A364853EC172B2CF058FF25
:10AF20003848F5F73DFA324948442DF0EFF8454BE3
:10AF30000546002218884FF400519B782880AB709A
:10AF400041480BF071FCA5EB09012E48023108F0D5
:10AF500057FB01224FF400513B480BF065FCA468FD
:10AF6000ECB13A492046F5F7BBF998B33849204689
:10AF7000F5F7B6F970B337492046F5F7B1F948B39C
:10AF800035492046F5F7ACF920B334492046F5F7AA
:10AF9000A7F9F8B132492046F5F7A2F9D0B19AF8ED
:10AFA000002030490132D7E90003D2B21B1A8AF8D7
:10AFB00000205B1101FB03F39A42BFF498AE2A48CC
:10AFC000002203685A620BB0BDEC028BBDE8F04F63
:10AFD0000DF0FEBC24480121244C0022036821709E
:10AFE000F0E72148036859620DF0F2FC42E600BF29
:10AFF000602300249C2E0608043006081030060842
:10B00000E02E0608E0230024F82E06080C2F060880
:10B01000202F0608342F0608482F06085C2F060844
:10B02000702F0608842F0608982F0608AC2F0608F4
:10B03000C42F0608D82F060848260024E82F060843
:10B04000F42F0608F038060800080258F8E9050849
:10B05000FCE90508D8E90508ECE90508A4EB0508B2
:10B06000ACEB0508ABAAAAAADC2200244C260024DB
:10B070002DE9F0472A4DAB682DED028B002B49D00E
:10B0800004352E461A7C8242D3E9024106D249B1E8
:10B090000B461A7C8242D3E90241F8D31CB11E460A
:10B0A0002346EFE73346AB4234D01A7C824231D894
:10B0B000186A03F11804A0422CD04FF0000847464C
:10B0C0004546C246C369027C5E194AF100090B2A53
:10B0D0003546CA4604D113EB0803984647F10007EA
:10B0E00010F0D7FF8442EDD156EA090312D0394659
:10B0F0004046F5F7E1FB03464946304608EE103A74
:10B10000F5F7DAFB07EE900A88EE270ABDEC028B12
:10B11000BDE8F087BDEC028B9FED020ABDE8F08729
:10B120005C26002400000000014B1868704700BF37
:10B130005426002402490122024B08701A707047FD
:10B140004E2600244F260024FEF75EBC2DE9F04772
:10B15000002841D006462348FBF786FC04462148D8
:10B16000FBF784FC8442074636D01F4B4FF0000AA1
:10B17000DFF87880986803F1040902E03C34A742C4
:10B1800023D06368002B08BF43469E42F6D194F853
:10B1900000C00028F2D00346CE461A7C6245D3E9AF
:10B1A000025115D39E462B46002BF6D1CE45E5D055
:10B1B0009EF810306345E1D89EF83030002BDDD08A
:10B1C0003C340AF1010AA742DBD15046BDE8F087C2
:10B1D0000B46002BE1D1E9E74FF0000A5046BDE8ED
:10B1E000F08700BFEC0B0024E0250024B0360608F1
:10B1F00030B50E4B99B00E4D60215B6968460D4A23
:10B200002CF0B0FD0446002228464FF400510BF00C
:10B210000BFB2146684608F0F3F901224FF4005178
:10B2200028460BF001FB19B030BD00BF5C2600249E
:10B23000000802581C300608104B02689A4209D0D8
:10B2400010B5044609F0E6F818B92368B3F1804F49
:10B2500009D010BD0A4B1A68013203D01A680132B6
:10B260001A607047704707480DF004FC09F0D2F8E7
:10B270000028EED1BDE81040FFF796BC0014004056
:10B2800054260024DC2200242DE9F04FD3B291B0E3
:10B29000CEB2204C204FF61A8DF80520226818BF38
:10B2A00001260E2B8DF8061018BF00268DF807001A
:10B2B0003A60002E40F04083DFF86080C5B2D8F8D5
:10B2C0000840002C00F0928308F104062346B4469F
:10B2D0001A7CAA42D3E9021080F000820346002BB8
:10B2E000F6D1B44503D09CF81030AB4236D90023D8
:10B2F0000AAA8DF820508DF80C30049307938DF82E
:10B3000028300B930E9303ABCDE90C22CDE9053326
:10B310003CB9DFE354260024582600245C26002490
:10B320001C46207CD4E90231A84296BF0B4601217D
:10B330000021002BF4D1002940F0CD83A842C0F0B9
:10B3400099830020FEF75AF80020FEF757F8D8F846
:10B350000840002C00F04D839DF807502346B54966
:10B360001A7CAA42D3E9020C80F0C4816346002B08
:10B37000F6D1B14200F03D830B7CAB4240F2038238
:10B380000DF1070508AAAC480895FEF779FAC369DC
:10B3900000F11801D8F80840002B00F0FB819DF85F
:10B3A00006C089461A7C6245D3E9020580F0AE8169
:10B3B0002B46002BF6D1894500F0EC8199F810302E
:10B3C000634500F2E781002C00F0E8819DF807500A
:10B3D0002346DFF860C21A7CAA42D3E9020180F05A
:10B3E0008F810B46002BF6D1B44504D09CF8103069
:10B3F000AB4240F2C0810DF1200A0DF10705614614
:10B400008D4852460895FEF73BFA1830D8F80840A8
:10B41000814500F05582002C00F085829DF8075090
:10B42000234684491A7CAA42D3E9020C80F05C814D
:10B430006346002BF6D1B14200F059830B7CAB423E
:10B4400000F26A81CB691831002B00F06E839DF801
:10B4500005C089461A7C6245D3E9020580F0A181C6
:10B460002B46002BF6D1494500F0678199F8103042
:10B47000634500F26281002C00F063819DF8075063
:10B480002346DFF8B0C11A7CAA42D3E9020180F05A
:10B490008E810B46002BF6D1B44500F054819CF808
:10B4A0001030AB4200F24F810CF1180CE14500F076
:10B4B0001B83D7F800905F48237CAB42D4E902217C
:10B4C00080F07B810C46002CF6D1B04202D0037C88
:10B4D000AB4209D90DF1200A0DF10703014652468E
:10B4E00055480893FEF7CCF9C36900F1180E002BFC
:10B4F00000F088829DF806C071461A7C6245D3E947
:10B50000024580F060812B46002BF6D1714502D0B8
:10B510000B7C634507D90DF10603143008AA089384
:10B52000FEF7F0F801464C69D8F80830A9EB04049E
:10B53000002B00F064829DF80700DFF8F8C01A7C49
:10B540008242D3E9021580F04A812B46002BF6D1C6
:10B55000B44503D09CF81030834208D90DF107039D
:10B56000614608AA34480893FEF78AF98446DCF855
:10B570001C300CF11809002B00F03F829DF806E00A
:10B5800049461A7C7245D3E9025080F02281034675
:10B59000002BF6D1894502D00B7C734508D90DF1FB
:10B5A00006030CF1140008AA0893FEF7ABF8014655
:10B5B0008B6923448B61214B1A78D8F80830002A14
:10B5C00000F02B81002B00F097829DF80700DFF838
:10B5D00064C01A7C8242D3E9021580F018812B46A0
:10B5E000002BF6D1B44503D09CF81030834208D923
:10B5F0000DF10703614608AA0F480893FEF740F9CA
:10B600008446DCF81C300CF11809002B00F077821E
:10B610009DF806E049461A7C7245D3E9025080F055
:10B62000F0800346002BF6D1894509D00B7C734589
:10B630000FD905E0602600245C2600245026002453
:10B640000DF106030CF1140008AA0893FEF75AF84E
:10B6500001464B6A3F6823444B62D8F80830002B00
:10B6600000F022819DF80750B1481A7CAA42D3E924
:10B67000021480F0BA802346002BF6D1B04202D0EB
:10B68000037CAB4207D90DF10703014608AAA9487C
:10B690000893FEF7F5F8C36900F1180C002B00F0D1
:10B6A000B3819DF8056061461A7CB242D3E9024538
:10B6B00080F0A1802B46002BF6D18C4502D00B7C6C
:10B6C000B34207D90DF1050308AA14300893FEF719
:10B6D00019F801464F6111B0BDE8F08F9C460B464A
:10B6E000002B7FF4F5ADFCE519460346002B7FF4F3
:10B6F00099AEA0E619460346002B7FF431AE38E63A
:10B700009C460346002B7FF466AE6DE699460346E1
:10B71000002B7FF447AE4EE60DF1200A0DF1070530
:10B72000524684480895FEF7ABF8C36900F118014A
:10B73000D8F80840002B7FF48AAE8946002C7FF4AD
:10B740009DAEDFF8ECC10DF1200A0DF10705614651
:10B75000784852460895FEF793F81830D8F8084014
:10B76000814500F05381D7F80090002C00F0438110
:10B770009DF807509FE60CF1180CE1457FF450AEA0
:10B780000DF1200AA1E0CB691831002B7FF407AE40
:10B7900089461DE68946002C7FF418AEDFF890C17B
:10B7A00029E699460346002B7FF454AE5BE69C469F
:10B7B0000346002B7FF467AE6EE620461446002C4D
:10B7C0007FF47AAE81E619462346002B7FF495AECE
:10B7D0009CE619462B46002B7FF4D3AEDAE69C4656
:10B7E0000B46002B7FF4ABAEB2E618460B46002B9F
:10B7F0007FF43BAF42E719462346002B7FF454AF5A
:10B800005BE719462B46002B7FF405AF0CE79C46FF
:10B810000B46002B7FF4DDAEE4E6002B00F07181D7
:10B820009DF80700DFF808C11A7C8242D3E90215AF
:10B8300041D22B46002BF7D1B44503D09CF81030F1
:10B84000834208D90DF10703614608AA39480893D5
:10B85000FEF716F88446DCF81C300CF11809002BB2
:10B8600000F048819DF806E049461A7C7245D3E90C
:10B8700002501BD20346002BF7D1494502D00B7C66
:10B88000734508D90DF106030CF1140008AA0893BA
:10B89000FDF738FF01460B6A3F6823440B62D8F876
:10B8A0000830002B7FF4DEAE2148ECE619462B462B
:10B8B000002BDAD1E1E79C460B46002BB4D1BBE765
:10B8C000002C00F083819DF807501949237CAB427E
:10B8D000D4E9022029D20446002CF7D1B14200F06D
:10B8E00073810B7CAB4207D90DF107055246114815
:10B8F0000895FDF7C5FF0146002301F114005146EC
:10B90000CDE90A33CDE90C33CDE90E333B68099319
:10B910009DF806308DF82030FDF774FCD8F808400B
:10B92000002C7FF47BAD0249F8E621461446D3E7AC
:10B93000602600245C260024DFF85083D8F80840F5
:10B94000002C00F01E8108F104099DF807504846BC
:10B95000237CAB42D4E9021206D24AB11446237CBE
:10B96000AB42D4E90212F8D319B120460C46EFE7F6
:10B9700004464C4500F00581237CAB422CD91820AD
:10B980000EF061FF9DF80750002382460574436165
:10B99000237CAB4200F2B88080F0E280D8F810300F
:10B9A000A34200F05781204610F071FB037C024651
:10B9B000AB4240F23A81E368002B00F04B815446E1
:10B9C000AF4B3046214610F068FBD8F814300133F5
:10B9D000C8F814309DF807506369DFF8AC82013372
:10B9E0006361D8F80840002C7FF46EAC08F10406BF
:10B9F0007DE4A449C4E4A3486EE54946CFE5DFF8F9
:10BA000084C2ABE5714686E561465BE6002C00F03A
:10BA1000AE809DF807509B49237CAB42D4E90220BD
:10BA200025D20446002CF7D1B14200F09E800B7C59
:10BA3000AB4207D90DF10705524693480895FDF72B
:10BA40001FFF0146002301F114005146CDE90A33DE
:10BA5000CDE90C33CDE90E333B6809939DF80530F1
:10BA60008DF82030FDF7CEFBD8F808407BE6214664
:10BA70001446D7E7B44240F0A18001252C200EF0F7
:10BA8000E2FE9DF82030014603740B98002870D028
:10BA90000C9B01F1180EDDF838C00AAA0B620D9B51
:10BAA000C8614B629DF828300B760023C0F804E093
:10BAB000C1F828C00B930E93CDE90C222846714B98
:10BAC000224610F0EAFAD8F814300B980133C8F87F
:10BAD000143037E46B4CD8F80C30A342CAD020465F
:10BAE00010F0D9FA007C29E40DF1200A93E70DF15A
:10BAF000200A18E74946C5E6DFF888C178E54946D7
:10BB00009EE5DFF880C19DE6D8F80CB0A34509D0CA
:10BB1000204610F0C0FA037C0246AB4258D2C368FC
:10BB2000002B68D0224654464AE78946A8E4D8F854
:10BB30000890B9F1000F01D15FE0994699F8101013
:10BB4000D9E90232A94296BF134632460022002BA1
:10BB5000F3D1002A53D14A468D4224D8A2464C46FE
:10BB6000182150460EF05EFE34E70DF107054549F9
:10BB700062E701F118030876C8618862C1E90833F9
:10BB80009CE718200EF05FFE00239DF80750044646
:10BB90004361D8F814300574002BC8D0D8F81020B1
:10BBA000137CAB42C3D2DFF8D8904A453FF408AFCC
:10BBB000167CAE4294BF0026012601E7237CAB42EF
:10BBC00094BF0025012559E70DF107052D498DE6A4
:10BBD000D8F808400CB91DE01446207CD4E90223B3
:10BBE000A84296BF1A4633460023002AF4D193B9DF
:10BBF0002246A842B4D25446D7E7DFF88490D8F85A
:10BC00000C304B4529D0484610F045FA4A46017C95
:10BC10008146A1E71A4CA3452FD0204610F03BFAED
:10BC200003462246007C1C46E3E7D8F808400CB9DE
:10BC300017E01446217CD4E90223A94296BF1A4694
:10BC400033460023002AF4D163B922468D4287D9B6
:10BC50005446AAE722465446AAE74A46DFF820900F
:10BC6000A3E7074CD8F80C30A34206D0204610F0CA
:10BC700012FA2246017C0446E8E72246544694E73D
:10BC800030260024602600245C2600242C26002474
:10BC90002DE9F04F8646C0680EF1040E70452DED7B
:10BCA000068B93B000F0A7804FF0000B5D46D8469E
:10BCB0005E46D9465F46DA46CDF814B0CDF810B0EE
:10BCC000CDE902BBCDE900BBF34690F810C0BCF152
:10BCD0000E0F23D0816AC26ACF19C3694AF1000AE4
:10BCE000961949F100095D1948F10008BCF10B0FE4
:10BCF00014D1029C0919039C44F100040291049997
:10BD00000394009C121941F10001049101995B1800
:10BD1000CDE90023059B43F10003059310F0B9F929
:10BD20008345D2D157EA0A03DDE9004B60D0DDE953
:10BD30000201F4F7C3FC41EC190B38465146F4F705
:10BD4000BDFC41EC170B89EE078B9FED2F6B9FED30
:10BD5000307B28EE068BB8FE488B28EE078B56EA20
:10BD600009033DD020460499F4F7A8FC41EC1A0BD6
:10BD700030464946F4F7A2FC55EA080341EC170B9C
:10BD80008AEE079B9FED206B9FED217B29EE069BA2
:10BD9000B8FE499B29EE079B27D058460599F4F732
:10BDA0008DFC02460B462846414643EC1A2BF4F71D
:10BDB00085FC41EC170B8AEE072B9FED136B9FED73
:10BDC000147B22EE062BB8FE422B22EE072BB0EEA0
:10BDD000491BB0EE480B13B0BDEC068BBDE8F08FED
:10BDE00055EA08039FED0C9BD7D19FED0B2BEEE797
:10BDF0009FED098BB3E79FED088BB0EE489BB0EE4B
:10BE0000482BE4E7AFF30080000000000088C34047
:10BE10002D431CEBE2361A3F000000000000F87FC3
:10BE20002DE9F04FD0E900B585B01C46784B174698
:10BE30000091A5EB0B01774AC91003FB01F1914278
:10BE400000F0E080009BAB458046A3EB0B0300F0C5
:10BE5000B380B1EB410F4FEA410A00F28180BAF1A1
:10BE6000000F40F0C780D1463E6809EB0307246805
:10BE700007F1080049F8030016B9002C40F0C5800E
:10BE80000F2C039400F2A580012C00F09F80002C61
:10BE900040F0A78000237C600355009B5B4500F0C9
:10BEA000A78009F108030BF108075C4643F8083C3A
:10BEB000D4E90012B9426DD0A06818341837186060
:10BEC00043E90212009A1833A242EFD1009B524A72
:10BED000183BA3EB0B03DB0802FB03F323F06043E7
:10BEE000013303EB430309EBC303009C03F1180781
:10BEF000AC4222D0203304F10801226866688A42ED
:10BF000043F8083C35D043F8082C183454F8102C6A
:10BF10001831A54243E9016203F11803EDD1009BFA
:10BF20003D4AEB1A183BDB0802FB03F323F06043A6
:10BF3000013303EB430307EBC307BBF1000F06D04C
:10BF4000D8F808105846A1EB0B010EF06BFC09EB7A
:10BF50000A03C8E90097C8F8083005B0BDE8F08FBB
:10BF6000DFF8C0A0504601930EF06DFC019B8146A6
:10BF70007AE718341846721C01912DF06CFE019975
:10BF80000346AC4201F1180140F8046C03F11803B8
:10BF9000B3D1C4E701323946184618342DF05BFEA0
:10BFA00054F8142C0346183740F8042C009A183320
:10BFB00094427FF47BAF89E70131D1D2914228BF0F
:10BFC000114601EB41014FEAC10ACBE733783B72DE
:10BFD00060E7002203A9384621F008FD039B386082
:10BFE000BB60224631462DF036FE039C386851E78F
:10BFF0004B467AE7524528BF524602EB42024FEACF
:10C00000C20AAFE705481BF071F805481BF06BF852
:10C01000ABAAAAAA55555505ABAAAA0A78EB0508FA
:10C02000ACE80508F8FFFF7FF0B585B0CDE900105A
:10C0300008B10C4609B905B0F0BD174FD7E9016347
:10C040009E4221D005460F2906F108003060039179
:10C050000BD8012911D12B7833720023746003555A
:10C060007B6818337B6005B0F0BD002203A9304621
:10C0700021F0BCFC039B3060B360224629462DF0C2
:10C08000EAFD039C3068E8E76B4601AA3146384672
:10C09000FFF7C6FE05B0F0BD082600242DE9F04FDD
:10C0A000D0E9006805466FF07047A8EB060083B042
:10C0B000B7EBE00F5DD00C4646454FEAE001A4EB3C
:10C0C000060A48D0B1EB410F4FEA410035D80028AD
:10C0D00049D181464FF0080B07461278B44207F861
:10C0E0000A201A6807EB0A035A600FD007F1080C00
:10C0F000334693E803000833A3420CE903000CF134
:10C10000080CF6D10AF1080A07EB0A0B444507D0E0
:10C11000A8EB040858462146C34442462DF09BFD37
:10C1200026B1A9683046891B0EF07CFBC5F8089043
:10C13000C5E9007B03B0BDE8F08FDFF840904846CA
:10C14000CDE900230EF07FFB0746814400F1080B88
:10C15000DDE90023C1E70131EFD2B94228BF3946FA
:10C160004FEAC109EBE7874228BF07464FEAC709F4
:10C17000E5E701481AF0BAFF78EB0508F8FFFF7F02
:10C180002DE9F04FD0E9009514466C4AA5EB090360
:10C190000E466B4985B0DB1002FB03F38B4200F0C7
:10C1A000C980A9458246A6EB090200F0AA80B3EB3C
:10C1B000430F4FEA430075D8002840F0B4804FF099
:10C1C00018088346029021460BEB0207636851F87A
:10C1D000080B07F1080C88424BF802C000F09A8067
:10C1E0004BF80200A268BA607B604E454FF0000336
:10C1F0002160636023721DD00BF1080309F1080769
:10C200004C4643F8083CD4E90012B94267D0A06814
:10C2100018341837A642186043E9021203F11803D4
:10C22000EFD1A6F11808A8EB090828F0070808F1D3
:10C230003008D844AE4223D008F1080306F10801C3
:10C240003446226867688A4243F8083C36D043F88F
:10C25000082C183454F8102C1831A54243E9017207
:10C2600003F11803EDD1AB1B364A183BDB0802FB88
:10C2700003F323F06043013303EB430308EBC308EC
:10C28000B9F1000F06D0DAF808104846A1EB090111
:10C290000EF0C8FA029BCAE900B8CAF8083005B027
:10C2A000BDE8F08F284F384601920EF0CCFAC31942
:10C2B000834600F11808019A029384E7183418465F
:10C2C0007A1C01912DF0C7FC01990346AC4201F1A3
:10C2D000180140F8047C03F11803B2D1C3E701321E
:10C2E0003946184618342DF0B6FC54F8142C034681
:10C2F000B44207F1180740F8042C03F1180380D169
:10C300008FE70133CED28B4228BF0B4603EB4303AA
:10C31000DF00C8E75A1C6046039301912DF09BFC97
:10C320000199039B60E7884228BF084600EB400064
:10C33000C700B8E705481AF0D9FE00BFABAAAAAA01
:10C3400055555505ABAAAA0AF8FFFF7F78EB0508FB
:10C35000002800F01481B1FA81F22DE9F04F520962
:10C360009FB00C46002900F007810EAF0F2905464B
:10C370000B4618910C9700F24E81012940F0828102
:10C38000027839468DF8382000220D93CA540D9951
:10C3900089B142F2014401390C9B5B5C0D2B0AD838
:10C3A00024FA03F3D80706D501220CA821F0BDFB1F
:10C3B0000D990029EFD105230022AF490CA821F0E7
:10C3C0001DFE40B105230022AC490CA821F016FE49
:10C3D000002840F0CA800D9C042C40F2AC82053C41
:10C3E0000DF150080C9D0F2CCDF84880189400F2E8
:10C3F0002081012C00F0CC80002C40F04581434688
:10C40000002513944FF4C0700DF168091D550EF00E
:10C410001AFACDE9080000F5C0700A902A463A21C0
:10C4200012A821F0DAFD421C064630D0139C431BB3
:10C43000A54200F27182641B1299CDF860909C4273
:10C440000D4428BF1C460F2C079400F2B780012C26
:10C4500000F0B080002C40F09380494600221994EF
:10C46000DDE909530A559D4200F0968005F1080068
:10C470002860189B4B4500F0AA802B601A9BAB608C
:10C48000199C05F118036C600993751CC6E7139E8F
:10C49000B54200F24A82761B0DF1680912990F2EFF
:10C4A00007960D44CDF8609000F2D680012E00F082
:10C4B000CF80002E40F0EA804A460023199693551B
:10C4C000DDE90946B44200F08E8004F108002060E6
:10C4D000189B4B4500F0DC8023601A9BA360199DDC
:10C4E00065601834089D0994A6EB050B661B302E79
:10C4F00040F28E80624BF61003FB06F6F30740F124
:10C50000878000230A2207A9079328682AF0EAFAFD
:10C51000079B2A68934209D01B78FF2898BF002BFD
:10C5200014BF01230023019300F0B880A54211D06D
:10C5300005F10806A94656F8080CB0424DD0D9F8C6
:10C54000081009F11809183601310EF06BF9A145F0
:10C55000F1D11DB1594628460EF064F912984045B4
:10C5600003D0149901310EF05DF90C98B84203D054
:10C570000E9901310EF056F91FB0BDE8F08F7047EB
:10C580004846224629462DF066FB079C189965E728
:10C590006B798DF8503032E708A818AA2946FFF7C2
:10C5A000EFFD189848453FF470AF1A9901310EF02D
:10C5B00039F96AE72B788DF868304EE7002207A931
:10C5C00018A821F013FA079B18901A93D9E7199C21
:10C5D0004946621C2DF03FFB53E709F11809183654
:10C5E0004C45A8D1B5E708A8314618AAFFF7C8FD01
:10C5F0001898099C484503D01A9901310EF012F998
:10C600000A9E089DA6EB050B661B302E3FF672AF07
:10C61000A5428DD19DE718A90CA821F0E7F9189B38
:10C620000C900E93294622462DF015FB189B0C9971
:10C63000AAE6002218A912A821F0D8F9189B129096
:10C6400014932246691D2DF006FB189C129BD7E619
:10C650002B788DF868302FE7002207A918A821F061
:10C66000C5F9079B18901A93324629462DF0F3FA24
:10C67000079E189A21E700BF403006084830060898
:10C68000ABAAAAAA3846CDE74046DAE74846EBE728
:10C69000199D49466A1C2DF0DEFA21E7A949C2B26C
:10C6A0008B688DF81A20002B00F0DF80043194464F
:10C6B0008E460291197C6145D3E90220C0F0A68024
:10C6C0009E461346002BF5D10299CDF800E08E4529
:10C6D00003D09EF81030634508D90DF11A03009974
:10C6E00018AA98481893FDF7CBF80090009BA9462C
:10C6F0004FF0020AD869FCF781FE009B0022CDF8BA
:10C7000014B003F1180EDA619A62CDE9035474464D
:10C71000C3E908EE00230A2207A90793D9F81800F5
:10C720002AF0E0F9079AD9F8181083468A4245D0D2
:10C730001278002A42D1FF2894BF00220122002A49
:10C740003CD1079207A90A22D9F830002AF0CAF989
:10C75000079AD9F8301005468A422FD012786ABB62
:10C76000009B5FFA8BF22146DB698DF81B208BB1B1
:10C770009446A646187C6045D3E9021248D39E46EB
:10C780000B46002BF6D17445714603D09EF810304D
:10C79000634509D90DF11B0318AA1893009B03F1F7
:10C7A0001400FCF7AFFF014600234B61C1E90833D9
:10C7B000C1E90A330123C1E9065501930AF1020ACE
:10C7C00009F130095645A5D8019BDDF814B0DDE923
:10C7D00003542BB3A54210D005F10806A94656F81C
:10C7E000080CB04216D0D9F8081009F1180918360B
:10C7F00001310EF017F8A145F1D1284659460EF047
:10C8000011F8129840457FF4ACAEAEE6034659E706
:10C810001346B6E709F1180918364C45DFD1ECE7A5
:10C82000484B9DF81A20986800287BD00646DDF812
:10C8300008A0337C9A4213D9F668002EF9D1414BF7
:10C84000DB685345C6D1029B9A45C3D1FCF74EFE27
:10C850003C4A029BC2E90333002393605361B9E76A
:10C86000B36807D2B2461E46E7E7364B043302935D
:10C87000009332E7F1686BB19646894693F810C091
:10C88000F445D3E9021243D31E460B46002BF5D1E3
:10C890007246494659B1944686460B7C6345D1E9B8
:10C8A000020237D98A4601460029F6D17046254B47
:10C8B000DB68B34202D1029B9A45C7D0B24589D00A
:10C8C000DFF88C90CDE9005430460FF0E2FB0346D0
:10C8D000494630461E460FF044FCC56904464DB13A
:10C8E000E868FCF78BFD2846AD6830210DF09AFF13
:10C8F000002DF5D120462C210DF094FF114AB245B0
:10C90000536903F1FF335361DED1DDE9005461E780
:10C910001346BBE71146C7E723462A460A490B4898
:10C920001AF0EAFBDDF808A089E733462A460649F3
:10C9300006481AF0E1FB23460522034903481AF092
:10C94000DBFB00BF5C260024503006086830060878
:10C95000602600242DE9F04FD0E90065884639496A
:10C96000AB1B9246384A83B0DB1001FB03F39342C2
:10C9700065D0AE420446A8EB060943D0B3EB430FA3
:10C980004FEA430123D8002951D18B460F46D446A4
:10C9900009F1180AA5EB080507EB090EBA44B9F12D
:10C9A000000F0AEB05030193BCE80F00AEE80F008F
:10C9B0009CE803008EE8030017DC002D0FDCDEB9D5
:10C9C000019B2760C4E9013B03B0BDE8F08FDFF8AD
:10C9D00080B058460DF037FF07468344D7E72A4614
:10C9E000414650462DF037F9E9E74A463146384688
:10C9F0002BF0CEFA002D0FDCA1683046891B0DF01C
:10CA000011FFDDE70133E2D2934228BF134603EB67
:10CA100043034FEAC30BDCE741462A4650462DF05C
:10CA20001AF9A1683046891B0DF0FCFEC8E7914257
:10CA300028BF114601EB41014FEAC10BC9E703488A
:10CA40001AF054FBABAAAAAA5555550578EB050870
:10CA5000F8FFFF7F2DE9F041394D4FF000088CB011
:10CA600000226F6800232C68CDF810803E1B4645DD
:10CA7000CDE9022360DB43D1A74256D0354694F876
:10CA800000E0B5426068D4F83CC0616CA26CE36D14
:10CA90008DF818E00790CDF820C009910A920B9309
:10CAA00020D00DF1180EAC4660341835BEE80F00EA
:10CAB000A7420395ACE80F009EE803008CE8030052
:10CAC000DDD1029C1F492D1B2046ED1005FB01F115
:10CAD00005F0ECF98CB1311B20460CB0BDE8F041FB
:10CAE0000DF0A0BE6034294606AA02A8FFF732FF67
:10CAF000BC42DDE90356C2D1E3E70CB0BDE8F081EA
:10CB00007611F60030460DF09EFE0644D5E900474A
:10CB1000CDE90200BC4205460496B0D141460190E1
:10CB200005F0C4F9019B1C46D5E7314630460CB0F0
:10CB3000BDE8F04105F0BAB903481AF0D7FA00BFD2
:10CB4000F8250024ABAAAAAA94EB05082DE9F04F1A
:10CB5000154687B007462C200E460DF074FE2D6852
:10CB600000F1180A0446A846C0F810A058F8083B7F
:10CB7000434500F0CB800361AB6883616B6807F1CC
:10CB8000040BC5F8008063610023B3456B602B7212
:10CB90004FF000033546A36204F1100302937BD0EB
:10CBA0002269D4F814907369009299453269019210
:10CBB0002CD8B9F1000F00F0B0804A460393DDE9AC
:10CBC00000012BF0D5F9039B08B9A9EB030000285D
:10CBD0007FDB99454A4628BF1A46DAB10393DDE95F
:10CBE00000102BF0C5F9039BA0B1002816DB2069CB
:10CBF000824503D0A16901310DF014FE20462C219D
:10CC00000DF010FE284607B0BDE8F08F002B5DD078
:10CC10001A46D3E7A3EB09000028E8DA3A69039340
:10CC2000B24200F0A98030460FF031FA4A46804601
:10CC3000039BD0E90415A94528BF2A46002A00F025
:10CC40009E80009803932BF093F9039B08B9A9EBFE
:10CC500005000028C0F28580029A394604A8F5F73D
:10CC600069FDDDE90458B8F1000FC0D0281E18BFD7
:10CC70000120C34508BF40F0010000285AD05B46A0
:10CC80004246214625460FF008FA7B6928460133C3
:10CC90007B6107B0BDE8F08F7B69002BDCD0D7F853
:10CCA0001080D4E90439D8E9040600934E45324691
:10CCB00028BF4A46002A58D019462BF059F908B91E
:10CCC000A6EB09000028C7DA0025CCE7B9F1000F70
:10CCD000A4DAFB68B34216D030460FF0DCF9804688
:10CCE0004A46D0E90405A94528BF2A461AB1009949
:10CCF0002BF03EF908B9A5EB09000028ACDAD8F80A
:10CD00000C000028B5D0B0460120B8E76A6841465B
:10CD1000504601322CF09FFF30E75A42002ABFF6FE
:10CD200079AFFB68B342EED030460FF0B4F98046DD
:10CD30004569E0E72369D4F814900093D8E9042307
:10CD400001924B451A4628BF4A4632B10293DDE9AB
:10CD500000012BF00DF9029B08B9A9EB0300C00FED
:10CD60008DE7F268A2B145467DE7A6EB0906002EE5
:10CD7000BFF672AF10467CE7B046002576E7A9EB18
:10CD80000503002BBFF668AFF3681BB1012070E705
:10CD9000B046D6E7B046D1E72DE9F04F0346AC48A0
:10CDA0002DED028BB3B0049302910BF063FEFCF700
:10CDB00067F903F0C9F905F0C1FCA6498B680A6957
:10CDC0001C91CDE91A32002B01F08181926800217B
:10CDD000596002B11B929F4900229F4C8A604A61B0
:10CDE0000A46A0680431C2E90311A8B11AAAFCF7E7
:10CDF000ABF803461A469B68002BFBD1954BDA60D3
:10CE000003461A46DB68002BFBD1924B1A611A4687
:10CE10009860636953611A9B1846FCF777FA029B86
:10CE2000002B41F0D280DFF83C82D8F80C9008F15A
:10CE3000040BD94500F045824D464FF00003297C94
:10CE4000E8698DF8383000238DF830100F930EAB61
:10CE5000CDE910330023129398B10EA9FCF720F806
:10CE600003461A469B68002BFBD1034610921A46D4
:10CE7000DB68002BFBD1AB6A9DF8301011920F904C
:10CE8000129376480924F9F7F9FD754A1CAB8146DF
:10CE900000F11C0A1A93574607CA03C31A704FF0D1
:10CEA00000031B948DF87930D9F82040002C00F055
:10CEB0006884D4E90406092E00F2B882002E40F0FE
:10CEC0004884E468002CF4D1BA4500F05A847C69A7
:10CED000082C40F28286092239691CA82BF048F8F8
:10CEE00008B9C4F109000028C0F24B84D7ED0A7AD2
:10CEF000FDEEE77A17EE903A8DF82F30D8F808302B
:10CF0000002B00F05C849DF8300059461A7C824268
:10CF1000D3E9024680F084823346002BF6D159458E
:10CF200002D00B7C834206D90CAF1AAA4D481A973F
:10CF3000FCF7A6FC014601F11803D1F820909945B1
:10CF4000039300F0A7811AACCDF80090DFF814A18C
:10CF5000A1460595009B4D46D8F8084003F1100600
:10CF60000FCE0FC596E80F0085E80F00002C00F0EB
:10CF700002849DF830505846237CAB42D4E902210C
:10CF800080F036820C46002CF6D1584502D0037C46
:10CF9000AB4206D90CAB014613AA50461393FCF7DB
:10CFA0006FFCC36900F11804002B00F0DE839DF8CC
:10CFB000686021461A7CB242D3E9025780F01E8293
:10CFC0003B46002BF6D18C4202D00B7CB34206D9F3
:10CFD000143013AACDF84C90FCF794FB0146D8F816
:10CFE00008308C69002B00F0BC839DF830605846F7
:10CFF0001A7CB242D3E9021580F0F4812B46002B53
:10D00000F6D1584502D0037CB34206D90CAB014699
:10D0100013AA50461393FCF733FCC36900F11805BB
:10D02000002B00F0A6839DF86870AC461A7CBA42CB
:10D03000D3E9026180F0EE810B46002BF6D1AC45BE
:10D04000614611D09CF81030BB4214D90CE000BFEF
:10D05000DC220024142600242C260024EC0B0024BF
:10D0600058E905085C260024143013AACDF84C902A
:10D07000FCF748FB0146D8F808300E6A002B00F098
:10D0800076839DF8307058461A7CBA42D3E902156F
:10D0900080F0BA812B46002BF6D1584502D0037C94
:10D0A000BB4206D90CAB014613AA50461393FCF7BA
:10D0B000E7FBC36900F11805002B00F054839DF8CD
:10D0C00068C0AE461A7C6245D3E9027180F0608187
:10D0D0000B46002BF6D17545714603D09EF81030F3
:10D0E000634508D9143013AACDF84C90FCF70AFB1D
:10D0F0009DF868C001469DF82F304D6A634500F0E9
:10D10000D182D8F80830002B00F017839DF830C08A
:10D1100058461A7C6245D3E9021780F04B813B46A2
:10D12000002BF6D1584502D0037C634506D90CABE1
:10D13000014613AA50461393FCF7A2FBC36900F102
:10D140001807002B00F007839DF868C0BE460194C5
:10D150001A7C6245D3E9024180F032810B46002BF4
:10D16000F6D177457146019C03D09EF81030634597
:10D1700006D9143013AACDF84C90FCF7C3FA014637
:10D18000D8F80830CC61002B00F0F9829DF830709F
:10D1900058461A7CBA42D3E9021480F0058123462E
:10D1A000002BF6D1584502D0037CBB4206D90CAB0C
:10D1B000014613AA50461393FCF762FBC36900F1C2
:10D1C0001804002B00F0D9829DF868C0A6461A7C8E
:10D1D0006245D3E9027180F0E1800B46002BF6D165
:10D1E0007445714603D09EF81030634506D914305B
:10D1F00013AACDF84C90FCF785FA0146D8F8083010
:10D200008E62002B00F0AB829DF8306058461A7C8D
:10D21000B242D3E9021480F0DF802346002BF6D11E
:10D22000584502D0037CB34206D90CAB014613AA81
:10D2300050461393FCF724FBC36900F11804002B3C
:10D2400000F08B829DF86870A4461A7CBA42D3E93C
:10D25000026180F0BB800B46002BF6D1644561462D
:10D2600003D09CF81030BB4206D9143013AACDF875
:10D270004C90FCF747FA0146029BCD62002B40F030
:10D28000F38000980EF003FF039B009083427FF42D
:10D2900061AE059D029B002B40F08C850F9C4CB12C
:10D2A000E068FCF7ABF82046A46830210DF0BAFA2C
:10D2B000002CF5D128460EF0EAFE584505467FF4CD
:10D2C000BCADD8F81420614B9A4200F24B87604BFA
:10D2D00060481F689B68DB1B5B1100FB03F39A42ED
:10D2E00000F27E86D8F80C305B45009300F0FD8399
:10D2F0001AABDFED598A0693602200210698009D43
:10D300002AF060FE00235548554E05F1140426937B
:10D31000CDE92433297C8DF86810F9F7AFFB436819
:10D320004E48002B08BF33461B93297CF9F7A6FB18
:10D33000034620461B68002B08BF33461C93FEF7AC
:10D34000A7FC8DED1E0B8DED201B8DED222B2E7C71
:10D350003046FDF78DFED8F808408DED290A002CE7
:10D3600000F0908225463F482B7CB342D5E902125B
:10D3700008D2002A00F0288215462B7CB342D5E95A
:10D380000212F6D3002900F0208228460D46EBE772
:10D390009E463B46002B7FF495AE9CE69E463B4660
:10D3A000002B7FF414AF1BE718460B46002B7FF4CD
:10D3B000F0AEF7E618460B46002B7FF4AAAEB1E6B6
:10D3C0009E462346002B7FF4C3AECAE69C463346F6
:10D3D000002B7FF43AAF41E718460B46002B7FF451
:10D3E00016AF1DE718460B46002B7FF401AE08E68A
:10D3F00020461446002C7FF4BFADC6E519462B46E7
:10D40000002B7FF4D7ADDEE518460B46002B7FF4EA
:10D410003BAE42E69C463346002B7FF407AE0EE659
:10D4200019462346002B7FF471AD78E509221CA92B
:10D430002AF09EFD08B9A6F109000028FFF641ADCB
:10D440002746A468002C7FF434AD3DE555555501C1
:10D45000F8250024ABAAAAAA00000000EC0B0024C7
:10D46000B036060860260024D8F80830002B00F0FB
:10D47000A6839DF8305058461A7CAA42D3E902147C
:10D4800080F00A812346002BF6D1584502D0037C58
:10D49000AB4206D90CAB014613AA50461393FCF7D6
:10D4A000EFF9C36900F11804002B00F086839DF8A2
:10D4B000686021461A7CB242D3E9025780F0E680C8
:10D4C0003B46002BF6D18C4202D00B7CB34206D9EE
:10D4D000143013AACDF84C90FCF714F90146002340
:10D4E0008B61D8F80830002B00F06D839DF8305028
:10D4F00058461A7CAA42D3E9021480F0C180234620
:10D50000002BF6D1584502D0037CAB4206D90CABB8
:10D51000014613AA50461393FCF7B2F9C36900F110
:10D520001804002B00F04D839DF8686021461A7C9A
:10D53000B242D3E9025780F09D803B46002BF6D1E2
:10D540008C4202D00B7CB34206D9143013AACDF81A
:10D550004C90FCF7D7F8014600230B62D8F808304E
:10D56000002B00F038839DF8305058461A7CAA42B0
:10D57000D3E9021478D22346002BF7D1584502D0C4
:10D58000037CAB4206D90CAB014613AA5046139359
:10D59000FCF776F9C36900F11804002B00F0198339
:10D5A0009DF8686021461A7CB242D3E9025756D2F0
:10D5B0003B46002BF7D18C4202D00B7CB34206D9FC
:10D5C000143013AACDF84C90FCF79CF801460023C8
:10D5D0004B62D8F80830002B00F0F9829DF83050EB
:10D5E00058461A7CAA42D3E9021433D22346002BB0
:10D5F000F7D1584502D0037CAB4206D90CAB0146AB
:10D6000013AA50461393FCF73BF9C36900F11804C1
:10D61000002B00F0DA829DF8686021461A7CB24245
:10D62000D3E9025711D23B46002BF7D18C4202D0EE
:10D630000B7CB34206D9143013AACDF84C90FCF7FA
:10D6400061F8014600234B611BE619462B46002B6F
:10D65000E4D1EBE718460B46002BC2D1C9E71946C7
:10D660002B46002B9FD1A6E718460B46002B7FF4D4
:10D670007DAF83E719462B46002B7FF458AF5FE759
:10D6800018460B46002B7FF434AF3BE719462B4678
:10D69000002B7FF40FAF16E718460B46002B7FF4E4
:10D6A000EBAEF2E6D8F80830002B00F081839DF84D
:10D6B00030C058461A7C6245D3E9021744D23B4633
:10D6C000002BF7D1584502D0037C634506D90CAB3B
:10D6D000014613AA50461393FCF7D2F8C36900F130
:10D6E0001807002B00F062839DF868C0BE460194C5
:10D6F0001A7C6245D3E9024121D20B46002BF7D1B7
:10D700007745019C714603D09EF81030634506D9D9
:10D71000143013AACDF84C90FBF7F4FF0146049A9D
:10D720004B69D31A9E4A12781C44002A4AD01D44E1
:10D73000D8F80830002B7FF4E9AC5846F7E49E4651
:10D740002346002BD4D1DBE718460B46002BB1D182
:10D75000B8E732466BE639460BE5214685E5584683
:10D7600063E5584652E42946BCE4214630E4584675
:10D7700098E4294678E458460CE4214637E55846B3
:10D7800015E51AAC394609F1180013AA1394FFF7EE
:10D79000DDF9D0ED0A7A1A98FDEEE77A17EE903AA5
:10D7A0008DF82F301CAB98423FF4A8AB1C99013187
:10D7B0000DF038F8D8F80830002B7FF4A4AB5946A8
:10D7C000FFF7B2BB1E449CE405465D4500F0EA81CC
:10D7D0002B7CB34200F2E681286A05F118039842D7
:10D7E00000F0C9834FF0000C0594994603966746F4
:10D7F00065466446CDF804C0836A90F810E0FE18D0
:10D8000044F1000ABEF10B0F3746544606D115EB22
:10D81000030C019B654643F1000301930EF037FCB6
:10D820008145E9D1D146B246059C5AEA0902039ED8
:10D8300000F0B88101992846F3F73EF8494608EE12
:10D84000100A5046F3F738F807EE100AC8EE077AC8
:10D850005448CDED2A7A237CB342D4E9021206D291
:10D860004AB11446237CB342D4E90212F8D319B169
:10D8700020460C46EFE704465C4503D0237CB342C8
:10D8800040F25A81F0EE687A474B484C9B68CDEDE8
:10D890002B7A002B00F0B1811A7CB242D3E902103E
:10D8A00077D20346002BF7D1404B9C4200F0A58174
:10D8B000237CB34240F279813C4C3D4B31463D489C
:10D8C0002C93F9F7DBF815AB3B4A064615AD1393DD
:10D8D00009234FF000090A2707CA03C506F11800FB
:10D8E0002A7015A91A4614938DF85D90FBF7D4FCA5
:10D8F000009B06462F48197CF9F7C0F815AA844604
:10D90000139213462D4A07CA03C32A800CF118004C
:10D910003A4615A914978DF85E90FBF7BDFC009B65
:10D9200005462448197CF9F7A9F800F11C039E422A
:10D9300002D0B36A2D932E93009B1E48197CF9F7F1
:10D940009DF800F11C039D4202D0AB6A2F933093E7
:10D95000164B9C4207D0236A2D93636A2E93A36AC9
:10D960002F93E36A3093164B009A9B68107CA3B305
:10D97000144D1A7C8242D3E9024106D221B30B46F0
:10D980001A7C8242D3E90241F8D3F4B11D46234602
:10D99000EFE71C460B46002B7FF47EAF84E700BF09
:10D9A0005026002460260024E0250024E4250024DD
:10D9B000A4300608EC0B002464E9050870E90508AA
:10D9C00014260024182600242B468D4A934204D0A6
:10D9D0001A7C824201D85B692893F8F7E3F8009B30
:10D9E0008DED310A9B6AB3F1805F80F0BB83002B21
:10D9F00040F0F9801946009A0024156A02F11806D1
:10DA0000AE4212D124E0EB690831284641F8043CCB
:10DA10001C442B7C01F8083C259127940EF039FB1F
:10DA20008642054614D0DDE925139942EBD105F174
:10DA30001C0305F1100224A8FEF730FBEB69279CBC
:10DA400028461C4427940EF024FB86420546EAD162
:10DA50006C4BD3E901A5AA4500F0E4809DF868303D
:10DA60001EAE0AF110050AF160078AF800309DED3C
:10DA70002A7ADDED2B7ADDF89090DDED296ADDE97B
:10DA80001B32DDE925ECCAE90132289A01920FCE5A
:10DA90000FC5019A5B4B96E8030085E80300CAE9CD
:10DAA0000A9ECAE90CC4CAF83820CAED0F6A5F6042
:10DAB0002C9B8AED107ACAF848302D9BCAED117A5A
:10DAC000CAF84C302E9BCAF850302F9BCAF85430FD
:10DAD000309BCAF85830319BCAF85C3000980EF081
:10DAE000D6FA584500907FF407AC04F045FE0026B6
:10DAF000FEF7B0FF434A4449D2E900239B1A434A48
:10DB00005B1102FB03F3424ADBB21670D1E900213C
:10DB1000B34208BF8A423F4A049914BF012300233D
:10DB200011603D4A1370029B002B40F0308233B0ED
:10DB3000BDEC028BBDE8F08F206A1834A0423FF4A0
:10DB4000A1AE0021274603960D460C468A46019158
:10DB5000C16A90F810C04E194AF10009BCF10B0FD0
:10DB60003546CA4605D16118019B0C4643F10003B6
:10DB700001930EF08CFA8742EAD1B246039E5AEA2C
:10DB800009033FF47FAE01992046F2F795FE49461E
:10DB900008EE100A5046F2F78FFE07EE100AC8EEA4
:10DBA000077A71E6F0EE687A52E694F830101B4B73
:10DBB0001B4A002918BF134680E6214688E45846D0
:10DBC00068E42146C1E45846A1E4214633E55846BD
:10DBD00014E52146F4E45846D5E4002C3FF486A928
:10DBE0002246FFF779B9DC0020460CF02CFE031921
:10DBF00001462693CDE92400FDE6084B5EE600BF12
:10DC000018260024F825002408260024ABAAAAAA76
:10DC10004D2600244826002444260024A43006086B
:10DC2000A0300608B04BB1481E68B14BAAEB060203
:10DC3000511103FB01F1814200F09182B24500F0E5
:10DC40008481B1EB410F4FEA410300F2BC81002B0C
:10DC500040F08B8260219946059301919DF86830D0
:10DC600009EB02070DF1780EDDED297A09F8023093
:10DC700007F1100C1C9BB245BB601B9B7B60BEE890
:10DC80000F00ACE80F009EE80300249B8CE8030023
:10DC9000BB62259BC7ED0F7AFB62269BC7E90C345C
:10DCA000289BBB634FF00003CDE9253324932A9BC7
:10DCB0003B642B9B7B642C9BBB642D9BFB642E9B4A
:10DCC0003B652F9B7B65309BBB65319BFB6560D0C3
:10DCD0003446CC46CDF80CA00996CDE907592378F7
:10DCE00004F110060CF11005D4ED107A8CF8003018
:10DCF0000CF1600CA368D4F828A04CF8583C636879
:10DD0000676B4CF85C3CA36B94ED0F7A01930FCEDC
:10DD1000D4E90B9E60340FC596E80300019B85E8AB
:10DD200003004CF8283C4CE90EA94CE90CE70CED3B
:10DD3000097A54F81C3C4CED087A4CF81C3C54F819
:10DD4000183C4CF8183C54F8143C4CF8143C54F86B
:10DD5000103C4CF8103C54F80C3C4CF80C3C54F87B
:10DD6000083C4CF8083C54F8043C4CF8043C039B39
:10DD7000A342B4D1099E603B5E4A9B1B5B0902FB38
:10DD800003F3DDE9075903EB430309EB4313C03306
:10DD900001931EB1A91B30460CF044FD524B019A71
:10DDA000C3F800905A60059A9A6097E63946AFE446
:10DDB00058468CE4D8F80830002B00F0B6809DF867
:10DDC00030701A465946107CB842D2E902467AD2DF
:10DDD0003246002AF7D1594500F0A8800A7CBA42A1
:10DDE00000F2A480CA6901F11800002A00F0AD8198
:10DDF0009DF82F7006469C46117CB942D2E9024339
:10DE00005CD21A46002AF7D18642634600F09B8016
:10DE1000327CBA4200F29780002B6FD09DF83070B0
:10DE20001A46DC46117CB942D2E9020441D22246AC
:10DE3000002AF7D1DC4563D09CF81020BA425FD8A5
:10DE40000CF1180C664500F07A812B481A7CBA4216
:10DE5000D3E9021442D22346002BF7D1584500F0F3
:10DE60007081037CBB4200F28980C36900F1180411
:10DE7000002B00F06F819DF82F70A4461A7CBA42E7
:10DE8000D3E9026125D20B46002BF7D164456146E8
:10DE900003D09CF81030BB4207D90DF12F0314308A
:10DEA0001AAA1A93FBF72EFC014600234B61FFF7D9
:10DEB000F5B994460246002AB4D1BBE7164622467D
:10DEC000002A99D1A0E711462246002A7FF47BAFB1
:10DED00081E79C463346002BD0D1D7E718460B4646
:10DEE000002BB3D1BAE700BFF825002455555501E2
:10DEF000ABAAAAAAABAAAA0260260024DFF87CC2B9
:10DF00001AAC0CAF61469C4822461A97FBF7B8FC46
:10DF100000F11802D8F80830964200F0DB80002BA0
:10DF200000F011819DF830708FE794490CAF1AAA68
:10DF300091481A97FBF7A4FCC2691830D8F808304A
:10DF4000002A7FF455AF064666E74D1C3BD285425A
:10DF500028BF054605EB45056D01284603920CF0E8
:10DF600072FC43198146039A0593854B9D6800F125
:10DF70006003019372E6DFED837A69E41AAC0CAFBB
:10DF8000014622467C481A97FBF77AFC6DE77E4DE6
:10DF9000A868FBF7BFF8D8F80C402B1D5C45C5E915
:10DFA0000263C5E904363FF4C2AD207CFBF72CFDCB
:10DFB00020460EF06CF858450446F6D133B0BDEC5F
:10DFC000028BBDE8F08F714DC7E7A068FBF79EF9A3
:10DFD0000023A36063616E4BC4E90333FEF723BFE4
:10DFE00002EB4202664C560163683046DF1B0CF0C0
:10DFF0002AFC8146D4E900C2944555D064460546C2
:10E000000397CDF814C00192CDE90606237804F1F8
:10E01000100705F11006D4ED107A2B706035A36857
:10E02000D4F828A045F8583C6368D4F834C045F8C3
:10E030005C3CA36B94ED0F7A00930FCFD4E90B9E59
:10E0400060340FC697E80300009B86E8030045F89C
:10E05000283C45E90EA945E90CEC05ED097A54F890
:10E060001C3C45ED087A45F81C3C54F8183C45F832
:10E07000183C54F8143C45F8143C54F8103C45F84E
:10E08000103C54F80C3C45F80C3C54F8083C45F85E
:10E09000083C54F8043C45F8043C019BA342B5D12C
:10E0A000039F079EDDE905C9BCF1000F06D0344B84
:10E0B00060469968A1EB0C010CF0B4FB304B4F4467
:10E0C0004E445F60C3F800909E60FFF70BB91B934E
:10E0D000FEF781BE002B40D09DF83070274E1A7C91
:10E0E000BA42D3E9021032D20346002BF7D15E4583
:10E0F00032D0337CBB4207D90CAF314622461E4892
:10E100001A97FBF7BDFB0646002313AF0DF16C0C0D
:10E110001993CDE91333CDE91533CDE917339DF8C4
:10E120002F308DF868300FCFACE80F008CE8070077
:10E13000214606F11400FBF765F8FFF7AFB81AACFB
:10E14000CCE71AAC0CAF0D481AE7064668E61E4647
:10E150000B46CAE72146A0E60CAF084ECDE70D48B6
:10E1600018F0C4FF0C4818F0C1FF834228BF0346D3
:10E1700003EB43035D01F0E65C26002460260024E7
:10E18000F825002400000000E0250024E0FFFF7FC8
:10E190003026002478EB050894EB050810B51748E5
:10E1A0000AF068FCFAF76CFF154B5C6984B1154CFA
:10E1B00001212068FEF7F0FD134B00221B7822603E
:10E1C000B3B106F027F9C0B9BDE81040FCF7ECBCCC
:10E1D00001F0BAFFFEF73EFC0C4B0B4A19685B6876
:10E1E00008489942046014BF012300231370E8D14A
:10E1F0000248BDE810400AF03DBC10BDDC220024FE
:10E200005C260024542600244426002408260024EA
:10E2100008B515480AF02EFCFAF732FF134B144AE2
:10E220005B69106863B10021FEF7B6FD114B1B78E6
:10E23000A3B106F0EFF8B0B9BDE80840FCF7B4BCF4
:10E2400001F082FFFEF706FC0B4B0A4AD3E90013EC
:10E25000994214BF012300231370EAD10248BDE89C
:10E2600008400AF007BC08BDDC2200245C2600241C
:10E27000542600244426002408260024624B1A78E1
:10E28000002A00F0C080614A2DE9F04F4FF00009EC
:10E2900012782DED028B8DB083F800905C4BD4B2D8
:10E2A0001B7893427AD05B4B5B4AD3F80CA00433C3
:10E2B00017689A4502936FD0039408AE3C469AF8CB
:10E2C00010105648F8F7DAFB092200F11C07334614
:10E2D000079200F1180B524AB846056A069607CA1B
:10E2E00003C31A708DF82990002D6DD001946C69CC
:10E2F000092C58D8002C65D1ED68002DF7D1474581
:10E30000019C61D0D8F81450082D74D90922D8F88E
:10E310001010304629F02CFE08B9C5F1090000287C
:10E3200052DBD8ED0A7AFCEEE77ACDED017A9DF862
:10E330000450DAF81C300AF118012BB38C461A7C11
:10E34000AA42D3E9027006D248B103461A7CAA4217
:10E35000D3E90270F8D31FB19C463B46EFE7634612
:10E36000994211D01A7CAA420ED85A69A2420AD800
:10E370009969A21A114499612549097800293ED06A
:10E38000596A114459625C6150460DF080FE029B4F
:10E390008246984293D1039C1D4B1C700DB0BDEC7E
:10E3A000028BBDE8F08F09223146286929F0E0FD93
:10E3B00008B9A4F1090000289EDBA846AD68002D2D
:10E3C00095D19CE72246EFE706AB4146584605AAA1
:10E3D0000593FEF7BBFB90ED0A8A0698B04203D086
:10E3E000089901310CF01EFAFCEEC87ACDED017AE5
:10E3F0009DF804509DE7002D93D02A4687E7196ABF
:10E4000011441962BFE770474F2600244E260024AE
:10E41000502600245C26002454260024EC0B002403
:10E4200058E9050800000000174800231749184A5A
:10E4300010B4041D0B711371046153614B610371BE
:10E440004361C0E902340C1D1248C1E902340C6179
:10E45000141D114914618B6083609FED097BC2E933
:10E4600002340E4A5DF8044B13719360536181EDE1
:10E47000007B111D80ED007BC2E90311704700BFD6
:10E4800000000000000000005C2600242C26002470
:10E490001426002408260024F8250024E025002462
:10E4A000F8B5254B254E9868FAF734FED6E90045B5
:10E4B000AC420AD0A36A1846002B33D0216B6034DB
:10E4C000C91A0CF0AFF9A542F4D1306818B1B1689F
:10E4D000091A0CF0A7F91A4FD7E90046B4420DD03B
:10E4E00004F1080555F8080CA8421FD0A16818349B
:10E4F000183501310CF096F9A642F3D1386818B1FD
:10E50000B968091A0CF08EF90E4B9868FAF7FEFEFE
:10E510000D4B9868FAF7FAFE0C4B9868BDE8F84086
:10E52000FAF7E4BF6034A542C4D1CEE718341835F9
:10E53000A642D7D1E2E700BFE0250024F825002459
:10E5400008260024142600242C2600245C260024FF
:10E550002DE9F843D0F80080551A836804460F4629
:10E56000A3EB08039D4218D92B4B9D423FD8284668
:10E570000CF069F9042D06464BDD39462A462BF08E
:10E580006AFB206818B1A168091A0CF04BF93544F0
:10E59000C4E90065A560BDE8F8834368A3EB0809FA
:10E5A0004D4517D9B9F1040F164601EB090521DDD8
:10E5B00040464A4629F0ECFC6368761B042E1EDDBB
:10E5C00018463246294629F0E3FC0346334463608B
:10E5D000BDE8F883042D17DD2A46404629F0D8FC13
:10E5E000636845449D42D6D06560BDE8F8830B481A
:10E5F00018F07CFDE1D10A68C8F80020DDE7E5D11C
:10E6000057F809201A60E1E7EBD10A68C8F8002042
:10E61000E7E73B680360B4E7FCFFFF7FA83006082C
:10E620002DE9F04F94460546501E8A4602F001013E
:10E63000994654BF024662462DED028BBAEB620F3B
:10E6400089B0149E80F2A180D04653100790CDE986
:10E65000031AB246CDE905C908F101014F0055F88A
:10E66000316005EBC1027C1E06EB0A0155F82490CF
:10E6700005EB840B91ED007A09EB0A01D1ED007AEC
:10E68000B4EE677AF1EE10FA14D0B4EEE77AF1EE58
:10E6900010FACCBF0120002028B19C4245F82890F8
:10E6A0001ADAA046D8E79F4245F8286063DA3C466C
:10E6B000A046D1E77068D9F8041040B151B1CDE956
:10E6C0000132F1F70DFEC00FDDE90132E4E73A480F
:10E6D0000029F4D13849F2E756460399DDF810A035
:10E6E0000798DDE905C931B9BCF1020C48BF844681
:10E6F000B4EB6C0F55D0671E48BF27467F105445BA
:10E700002EDD09EB0603B04693ED008A0FE0F4EE30
:10E71000C87AF1EE10FA21DD7B1E45F824603C46F4
:10E7200048BF3B46BA454FEA63031F4618DA55F81F
:10E73000276005EB870B06EB0803D3ED007AF4EEB8
:10E74000487AF1EE10FAE2D17068D9F8041070B18D
:10E7500001B91949F1F7C4FD0028DDDB05EB840B95
:10E76000CBF8009009B0BDEC028BBDE8F08F00291A
:10E77000F4D01148EEE756460399DDF810A0934611
:10E7800007983C46DDE905C9ADE705EB8A0B002992
:10E79000E6D1BCF1020C48BF8446BAEB6C0FDFD166
:10E7A000544663002746013355F823201C46CBF816
:10E7B000002005EB830BA2E7B036060888426DD037
:10E7C0002DE9F84F071D81468A46B9422DED028B8F
:10E7D00029D01646DFF8C880D7F800B0D9F8004035
:10E7E0000BEB0602A31992ED008AD3ED007AB4EE8A
:10E7F000678AF1EE10FA40D0B4EEE78AF1EE10FA33
:10E80000CCBF0120002090B1A7EB0902042A42DD11
:10E81000C2F104004946384429F0BAFBC9F800B0F7
:10E820000437BA45D8D1BDEC028BBDE8F88F3D4620
:10E8300055F8044CA319D3ED007AB4EE678AF1EED3
:10E8400010FAB4EEE78A08D0F1EE10FACCBF01203E
:10E85000002078B145F80449EAE7DBF80400616874
:10E86000002808BF4046002908BF4146F1F738FD9F
:10E87000C00FEEE7C5F800B0D2E7DBF8040061682E
:10E8800020B131B1F1F72CFDC00FBCE704480029DD
:10E89000F8D10349F6E708BF3C60BFE7704700BF07
:10E8A000B0360608054A134653F8080B984203D0C1
:10E8B000916801310BF0B6BF704700BF7828002483
:10E8C0002DE9F04F83B00190002800F05481019BA6
:10E8D000D3F80C80B8F1000F00F02E81D8F80C901E
:10E8E000B9F1000F00F0E980D9F80CA0BAF1000FDF
:10E8F00000F0C180DAF80C40002C00F09A80E56846
:10E90000002D79D0EE68002E5ED0F768002F41D040
:10E91000D7F80CB0BBF1000F22D0DBF80C00FFF7EA
:10E92000CFFFDBF82800DBF83010DBF80830091ADD
:10E93000009308B10BF076FFDBF810000BF1180123
:10E94000884204D0DBF8181001310BF06BFF342142
:10E9500058460BF067FF009B13B1DDF800B0DCE711
:10E96000B86AD7F808B018B1396B091A0BF05AFF1A
:10E97000386907F11802904200F0C580B969013189
:10E980000BF050FF342138460BF04CFFBBF1000F69
:10E9900040F0C180B06AD6F808B018B1316B091ADE
:10E9A0000BF040FF306906F11803984200F0A18097
:10E9B000B16901310BF036FF342130460BF032FFE4
:10E9C000BBF1000F40F09D80A86AAE6818B1296BBA
:10E9D000091A0BF027FF286905F11803984200F087
:10E9E0009C80A96901310BF01DFF342128460BF0F2
:10E9F00019FF002E40F09880A06AA56818B1216B1D
:10EA0000091A0BF00FFF206904F1180398420AD08D
:10EA1000A16901310BF006FF342120460BF002FF03
:10EA20003DB12C466BE7342120460BF0FBFE002D58
:10EA3000F7D1DAF82800DAF8084020B1DAF8301017
:10EA4000091A0BF0EFFEDAF810000AF118039842E9
:10EA50000BD0DAF8181001310BF0E4FE34215046E7
:10EA60000BF0E0FE3CB1A24644E7342150460BF0E7
:10EA7000D9FE002CF7D1D9F82800D9F8084020B1E8
:10EA8000D9F83010091A0BF0CDFED9F8100009F1B1
:10EA9000180398420BD0D9F8181001310BF0C2FEC0
:10EAA000342148460BF0BEFE3CB1A1461CE73421A0
:10EAB00048460BF0B7FE002CF7D1D8F82800D8F85C
:10EAC000084020B1D8F83010091A0BF0ABFED8F886
:10EAD000100008F11803984228D0D8F81810013116
:10EAE0000BF0A0FE342140460BF09CFE24B3A04660
:10EAF000F4E6342130460BF095FEBBF1000F3FF4F5
:10EB000063AF5E4601E7342138460BF08BFEBBF164
:10EB1000000F3FF43FAF5F46FAE6342128460BF082
:10EB200081FE002E3FF468AF3546EBE634214046C7
:10EB30000BF078FE002CDAD1019B986A9C6818B122
:10EB4000196B091A0BF06EFE019D286905F1180377
:10EB500098420AD0A96901310BF064FE342128469D
:10EB60000BF060FE3CB10194B1E6284634210BF075
:10EB700059FE002CF7D103B0BDE8F08F2DE9F04F1E
:10EB8000A1EB0009B9F1400F2DED048B87B040F3E4
:10EB9000F580074616461D46002A00F0CC803B1D36
:10EBA0008A46DFF8CC8205934FEAE909D7F804B02A
:10EBB000013E57F829200BEB0501531991ED008A0E
:10EBC00093ED009AB4EE498AF1EE10FA00F0A680B7
:10EBD000B4EEC98AF1EE10FACCBF012000205AF839
:10EBE000044C6319D3ED008A002800F08580B4EE50
:10EBF000689AF1EE10FA00F0C680B4EEE89AF1EEF1
:10EC000010FA40F3CD803B683A6047F82930D7F8D6
:10EC100000B00BEB050393ED008A0496D1465E46E7
:10EC2000059CAB46CDE9027AA24654465AF8045BED
:10EC300005EB0B03D3ED007AB4EE678AF1EE10FA20
:10EC4000B4EEE78A38D0F1EE10FA4CBF0120002074
:10EC50000028EAD1A9F1040AD1465AF8047907EB51
:10EC60000B03D3ED007AB4EE678AF1EE10FAB4EE3E
:10EC7000E78A13D0F1EE10FACCBF01200020002863
:10EC8000EAD14C4526D2029B44F8047BC9F80050D7
:10EC90001E6806EB0B0393ED008AC5E77068796880
:10ECA000002808BF4046002908BF4146F1F718FB7D
:10ECB000C00F0028D0D1E4E768687168002808BF59
:10ECC0004046002908BF4146F1F70AFBC00F002863
:10ECD000ABD1BFE7DDE9027A049E5B46A4EB0709EE
:10ECE000514632462046FFF749FFB9F1400F5D46D5
:10ECF00044DD0EB3A24657E7B4EE688AF1EE10FA8F
:10ED000076D0B4EEE88AF1EE10FACCBF01200020F4
:10ED10003B6800285DD0C7E900B37EE7DBF804005C
:10ED2000516800286FD0002970D00292F1F7D8FA0C
:10ED3000029AC00F53E70C464FEAA909A9F102064F
:10ED4000761006F1010807EB880800E0013E58F84C
:10ED5000043D4A46314638460095FFF761FC002ED7
:10ED6000F4D154F8043D00213A683846E61B22608D
:10ED7000B2100095FFF754FC042EF2DC07B0BDEC96
:10ED8000048BBDE8F08F5068616800285ED00029D0
:10ED900068D00292F1F7A4FA0028029AFFF633AF86
:10EDA000B4EE688AF1EE10FA32D0B4EEE88AF1EEF1
:10EDB00010FACCBF012000203B680028ABD03C609B
:10EDC0004AF8043CD7F800B00BEB050393ED008A3A
:10EDD00023E7B4EE689AF1EE10FA22D0B4EEE89A86
:10EDE000F1EE10FACCBF012000200028E7D10BE79C
:10EDF000DBF80400616868B309B30292F1F770FAB6
:10EE0000029AC00F84E71A4800298ED118498CE76E
:10EE1000DBF80400616808B331B3F1F761FAC00FA1
:10EE2000CAE750686168D8B101B3CDE90223F1F7B0
:10EE300057FAC00FDDE902230028C0D1E4E60C49EF
:10EE40000292F1F74DFA029AC00F61E70029A7D0AC
:10EE500007489EE706480029CFD1F0E70448DBE7E2
:10EE60000348E1E7024994E70149D6E70049DCE7B6
:10EE7000B03606082DE9F04F9A4604460F46D2E90F
:10EE800000352DED028BED1A8FB00495002D00F0AA
:10EE90001781954B9D4200F22081904628460BF049
:10EEA000D2FC0646D8E900156D1A042D40F31781EF
:10EEB0002A4629F06DF806EB0509B1454FD0AA1096
:10EEC000534649463046B2FA82F2C2F11F0252005E
:10EED000FFF754FE402D40F3FA8006F140085246F9
:10EEE00030464146FFF76AFCC14538D05346A9F188
:10EEF0000409BA4606F13C082746DFF80CB22C4656
:10EF00001D46059658F8043F03932B44464693ED5F
:10EF1000008A5346BA46274656F8044C6219D2ED89
:10EF2000007AB4EE678AF1EE10FA00F0A280B4EE37
:10EF3000E78AF1EE10FACCBF0120002010B146F8AC
:10EF40000449E9E73C46C84557469A46039B336067
:10EF5000D8D12B46059E25463C4657469A466368BF
:10EF60006FF04048434500F0818001225F49204610
:10EF70001EF082FF3846F1F713FA63680246A8EBE9
:10EF80000303984272D8394620461EF075FF636825
:10EF9000A8EB0308B8F1020F68D9032254492046B0
:10EFA0004FEAA5091EF068FF002D75D06FF04045AF
:10EFB0006368371F4FF00008EB1ADFF854B1029670
:10EFC000082B53D90922594620461EF055FF7B686D
:10EFD0005E68002E5CD03046F1F7E2F963680246C5
:10EFE000ED1AA84242D8314620461EF045FF6FF088
:10EFF00040456368EB1A092B38D90A223D4920465F
:10F000001EF03AFF57F8043F3B4A2021534406A81C
:10F0100093ED007AB7EEC77A8DED007B28F0A2FE63
:10F0200006A8F1F7BDF963680246EB1A98421DD8AD
:10F0300006A920461EF020FF6368AB4216D008F1F7
:10F04000010801222D4920461EF016FFC84522D294
:10F050006368AB420AD00122294920466FF040453F
:10F060001EF00AFF6368EB1A082BABD8254818F08E
:10F070003DF80293039B61685868002808BF584612
:10F08000002908BF5946F1F72BF9029BC00F55E73D
:10F0900032461D4EA7E7029E62686FF040439A42D7
:10F0A000E4D00122194920461EF0E6FE56B104992B
:10F0B00030460FB0BDEC028BBDE8F04F0BF0B2BB99
:10F0C0002E464CE70FB0BDEC028BBDE8F08F4946F1
:10F0D00052463046FFF772FB41E717F0FEFF7FF420
:10F0E000EAAE0B680360E6E6FCFFFF7F3CEC050838
:10F0F000DC300608EC300608F83006080031060857
:10F10000D4E90508D42D0608B036060804310608EF
:10F11000E03006082DE9F04F83B00190002800F0A0
:10F120000E81019BD3F80C80B8F1000F00F0EF8046
:10F13000D8F80C90B9F1000F00F0CF80D9F80CA0EE
:10F14000BAF1000F00F0AF80DAF80C40002C00F0AC
:10F150009080E568002D75D0EE68002E5BD0F768D2
:10F16000002F3DD0FA6802B3D0680092FFF7D2FFBB
:10F17000009A106902F11801D2F808B088420DD047
:10F18000916901310BF04EFB009A2C2110460BF0D7
:10F1900049FBBBF1000F08D05A46E5E72C21104689
:10F1A0000BF040FBBBF1000FF6D1386907F11802F4
:10F1B000D7F808B090420CD0B96901310BF032FB9E
:10F1C0002C2138460BF02EFBBBF1000F08D05F4618
:10F1D000C8E72C2138460BF025FBBBF1000FF6D118
:10F1E000306906F11803D6F808B098420CD0B1691E
:10F1F00001310BF017FB2C2130460BF013FBBBF158
:10F20000000F08D05E46AAE72C2130460BF00AFB1F
:10F21000BBF1000FF6D1286905F11803AE689842DA
:10F220000AD0A96901310BF0FDFA2C2128460BF018
:10F23000F9FA3EB135468FE72C2128460BF0F2FA59
:10F24000002EF7D1206904F11803A56898420AD06E
:10F25000A16901310BF0E6FA2C2120460BF0E2FA0D
:10F260003DB12C4675E72C2120460BF0DBFA002D32
:10F27000F7D1DAF810000AF11803DAF808409842DA
:10F280000BD0DAF8181001310BF0CCFA2C215046D3
:10F290000BF0C8FA3CB1A24656E72C2150460BF0C1
:10F2A000C1FA002CF7D1D9F8100009F11803D9F8E8
:10F2B000084098420BD0D9F8181001310BF0B2FA7F
:10F2C0002C2148460BF0AEFA3CB1A14636E72C2182
:10F2D00048460BF0A7FA002CF7D1D8F8100008F137
:10F2E0001803D8F8084098420BD0D8F8181001310C
:10F2F0000BF098FA2C2140460BF094FA3CB1A04652
:10F3000016E72C2140460BF08DFA002CF7D1019D19
:10F31000286905F11803AC6898420AD0A96901313F
:10F320000BF080FA2C2128460BF07CFA3CB10194BA
:10F33000F7E628462C210BF075FA002CF7D103B024
:10F34000BDE8F08F2DE9F04F83B00190002800F068
:10F350000E81019BD3F80C80B8F1000F00F0EF8014
:10F36000D8F80C90B9F1000F00F0CF80D9F80CA0BC
:10F37000BAF1000F00F0AF80DAF80C40002C00F07A
:10F380009080E568002D75D0EE68002E5BD0F768A0
:10F39000002F3DD0FA6802B3D0680092FFF7D2FF89
:10F3A000009A106902F11801D2F808B088420DD015
:10F3B000916901310BF036FA009A2C2110460BF0BE
:10F3C00031FABBF1000F08D05A46E5E72C21104670
:10F3D0000BF028FABBF1000FF6D1386907F11802DB
:10F3E000D7F808B090420CD0B96901310BF01AFA85
:10F3F0002C2138460BF016FABBF1000F08D05F46FF
:10F40000C8E72C2138460BF00DFABBF1000FF6D1FE
:10F41000306906F11803D6F808B098420CD0B169EB
:10F4200001310BF0FFF92C2130460BF0FBF9BBF159
:10F43000000F08D05E46AAE72C2130460BF0F2F907
:10F44000BBF1000FF6D1286905F11803AE689842A8
:10F450000AD0A96901310BF0E5F92C2128460BF0FF
:10F46000E1F93EB135468FE72C2128460BF0DAF959
:10F47000002EF7D1206904F11803A56898420AD03C
:10F48000A16901310BF0CEF92C2120460BF0CAF90D
:10F490003DB12C4675E72C2120460BF0C3F9002D19
:10F4A000F7D1DAF810000AF11803DAF808409842A8
:10F4B0000BD0DAF8181001310BF0B4F92C215046BA
:10F4C0000BF0B0F93CB1A24656E72C2150460BF0A8
:10F4D000A9F9002CF7D1D9F8100009F11803D9F8CF
:10F4E000084098420BD0D9F8181001310BF09AF966
:10F4F0002C2148460BF096F93CB1A14636E72C2169
:10F5000048460BF08FF9002CF7D1D8F8100008F11D
:10F510001803D8F8084098420BD0D8F818100131D9
:10F520000BF080F92C2140460BF07CF93CB1A04651
:10F5300016E72C2140460BF075F9002CF7D1019D00
:10F54000286905F11803AC6898420AD0A96901310D
:10F550000BF068F92C2128460BF064F93CB10194BA
:10F56000F7E628462C210BF05DF9002CF7D103B00B
:10F57000BDE8F08F2DE9F04FD0E90075894693463C
:10F580006FF06041EA1B83B0B1EBA20F5DD0AF42D8
:10F5900004464FEAA203A9EB070A3FD0B3EB430F9F
:10F5A0004FEA430619D8002E4AD1B046DBF80030A6
:10F5B0000AF1040BBAF1000FC34448F80A30A5EB76
:10F5C00009030BEB030515DC002B0DDCDFB9A6608E
:10F5D000C4E9008503B0BDE8F08F1D4E30460BF046
:10F5E00032F980460644E1E71A46494658462AF071
:10F5F00032FBEBE7524639464046019328F0C8FCFF
:10F60000019B002B11DCA1683846C91B0BF00AF9DD
:10F61000A660C4E9008503B0BDE8F08F0133DCD2F9
:10F620008B4228BF0B469E00D8E749461A465846EB
:10F630002AF011FBA1683846C91B0BF0F3F8E7E785
:10F64000B14228BF31468E00C8E7024817F04EFD90
:10F65000FCFFFF7F78EB05082DE9F04F154687B0DA
:10F6600007462C200E460BF0EEF82D6800F1180A24
:10F670000446A846C0F810A058F8083B434500F0DF
:10F68000C9800361AB6883616B6807F1040BC5F83F
:10F69000008063610023B3456B602B723546A36223
:10F6A00004F1100302937BD02269D4F8149073699B
:10F6B00000929945326901922CD8B9F1000F00F0FF
:10F6C000B0804A460393DDE9000128F051FC039B1A
:10F6D00008B9A9EB030000287FDB99454A4628BFFB
:10F6E0001A46DAB10393DDE9001028F041FC039BD0
:10F6F000A0B1002816DB2069824503D0A169013141
:10F700000BF090F820462C210BF08CF8284607B01F
:10F71000BDE8F08F002B5DD01A46D3E7A3EB0900BC
:10F720000028E8DA3A690393B24200F0A980304633
:10F730000CF0ADFC4A468046039BD0E90415A94570
:10F7400028BF2A46002A00F09E800098039328F0E4
:10F750000FFC039B08B9A9EB05000028C0F28580C7
:10F76000029A394604A8F3F73DFDDDE90458B8F1E3
:10F77000000FC0D0281E18BF0120C34508BF40F0AD
:10F78000010000285AD05B464246214625460CF02F
:10F7900084FC7B69284601337B6107B0BDE8F08FAC
:10F7A0007B69002BDCD0D7F81080D4E90439D8E984
:10F7B000040600934E45324628BF4A46002A58D0D8
:10F7C000194628F0D5FB08B9A6EB09000028C7DACE
:10F7D0000025CCE7B9F1000FA4DAFB68B34216D0DC
:10F7E00030460CF058FC80464A46D0E90405A9454D
:10F7F00028BF2A461AB1009928F0BAFB08B9A5EB30
:10F8000009000028ACDAD8F80C000028B5D0B046C2
:10F810000120B8E76A684146504601322AF01BFAD7
:10F8200032E75A42002ABFF679AFFB68B342EED006
:10F8300030460CF030FC80464569E0E72369D4F897
:10F8400014900093D8E9042301924B451A4628BF2F
:10F850004A4632B10293DDE9000128F089FB029BA0
:10F8600008B9A9EB0300C00F8DE7F268A2B14546C5
:10F870007DE7A6EB0906002EBFF672AF10467CE7C7
:10F88000B046002576E7A9EB0503002BBFF668AF6D
:10F89000F3681BB1012070E7B046D6E7B046D1E768
:10F8A0002DE9F04FA84DC1B034AC23903CAFA24637
:10F8B0000FCD0FC495E8030084E803005AF8045BF9
:10F8C0003A97002D00F038842846F0F769FD0F289C
:10F8D00004462E9000F23583012840F02D832B78CA
:10F8E0008DF8F0303A4600233B941355974B9C68B3
:10F8F000DDE93A65002C00F0688303F10408A946AD
:10F90000C34665694A46A94528BF2A4622B1314601
:10F91000206928F02DFB08B9A5EB0900002806DBBB
:10F92000A368002B00F09682A3461C46E9E7E36833
:10F93000002BFAD15C46864B4D469C4200F08F82EC
:10F94000D4F814902A464D4528BF4A4622B1216971
:10F95000304628F00DFB08B9A5EB09000028C0F2DD
:10F960007E820023BE42A36200F087823C9930462B
:10F9700001310AF057FF3AAB53459FD10024754837
:10F98000CDE92544FBF7E2FB1B907348FBF7DEFB58
:10F990001C907248FBF7DAFB1D907148FBF7D6FB11
:10F9A0001E907048FBF7D2FB1F906F48FBF7CEFB11
:10F9B00020906E48F7F758F882466C48F7F756F8EB
:10F9C000824500F0A283169411940F941090CDE913
:10F9D0001944CDE91744CDE91444CDE91244DAF8CD
:10F9E00004503A97002D00F054832846F0F7D8FCD5
:10F9F0000F280446349000F28282012840F0E18210
:10FA00002B788DF8F0303B464FF000023B941A55AE
:10FA1000DDF8ECB0BBF1000F00F089824B4B3A9E51
:10FA20009C68B4B3C146D4E90405AB450DD3D5B940
:10FA3000A5EB0B000028D4E9023210DBB3B1A146DC
:10FA40001C46D4E90405AB45F1D25A46314628F0AC
:10FA50008FFA0028ECD00028D4E90232EEDA22B185
:10FA600013461C46EDE72A46F0E74C46444510D0C5
:10FA7000D4E90415AB4500F27B825A46304628F0A3
:10FA800077FA08B9ABEB0500002802DBA26A013265
:10FA9000A2620F9BBBF1080FDAF8184023440F93C2
:10FAA00000F06B82BBF1040F40F0DC823378622BF4
:10FAB00000F0C282BE4204D030463C9901310AF0C7
:10FAC000B1FE0AF13C0A109B534588D1244B2AAA67
:10FAD00093E803000823289229930023C2E9000138
:10FAE0008DF8B030194B9D68002D43D02C46C2468E
:10FAF000D4E90406082E00F2F281002E40F0308294
:10FB0000E468002CF4D1C24535D0DAF81440072C53
:10FB100040F2C7820822DAF810102AA828F028FA42
:10FB200008B9C4F10800002825DBDAF828302C4693
:10FB30000F4A229330AB10932E930423CDE92F323A
:10FB400000238DF8C4302FE088E8050890280024B1
:10FB500094280024F8E90508FCE90508D8E9050817
:10FB6000ECE90508A4EB0508ACEB0508EC0B002458
:10FB70006261632DC24628AB51463AAA9F483A9328
:10FB8000FFF76AFD836A9E49229330AB10932E9350
:10FB90000423CDE92F3100238DF8C430974B9D68A5
:10FBA000002D00F00C812C46C246A146109ED5E9DE
:10FBB0000404042C00F27581002C40F0D581ED681E
:10FBC000002DF4D1C2454C4600F0FA80DAF814500A
:10FBD000032D40F270820422DAF81010109828F0F9
:10FBE000C7F908B9C5F104000028C0F2E980DAF8C5
:10FBF000283025460DF1D80A2193824BCDF8D0A0AC
:10FC00001B68ADF8D8301B0C8DF8DA300323359320
:10FC100000238DF8DB30C346D4E90406032E00F23E
:10FC20003181002E40F09E81E468002CF4D1C34560
:10FC300000F0F380DBF81440022C40F237820322FC
:10FC4000DBF81010504628F093F908B9C4F103000E
:10FC50000028C0F2E2806C4BDBF828901B683A97D2
:10FC6000ADF8F0301B0C8DF8F23003233B930023EA
:10FC70008DF8F3304646D5E90404032C00F22081C8
:10FC8000002C40F07381ED68002DF4D146450DD075
:10FC90007469022C40F2008203223169384628F050
:10FCA00067F908B9C4F10300002807DA3AAB314616
:10FCB00027AA52482793FFF7CFFC0646209B4FF414
:10FCC0000071219A0C931F9B50480B931E9B0A9323
:10FCD0001D9B09931C9B08931B9B0793B36A04927B
:10FCE0000693149B159A0293229B03920193139BF4
:10FCF000474A0093CDF81490129B28F033F83A98B5
:10FD0000B84203D03C9901310AF08CFD349850453B
:10FD100003D0369901310AF085FD2E98109B984248
:10FD200003D0309901310AF07DFD28982AAB984222
:10FD300003D02A9901310AF075FD3448F0F730FB01
:10FD4000239B01463148002B40F0438103F022FC05
:10FD5000322004F045FB26AB1A9C189DDDF8589024
:10FD6000DDF86480179F119E4246039325AB394608
:10FD70003046019402934B460095F6F7BBF926995D
:10FD80000794259C0F9B234ACDF81880059504976E
:10FD9000CDF80C9000941D48CDE901164FF4007188
:10FDA00027F0E0FF1948F0F7FBFA0146174803F087
:10FDB000F1FB322004F014FB41B0BDE8F08FC246E5
:10FDC0002EAB51463AAA0D483A93FFF745FC836A99
:10FDD0000DF1D80A21930B4BCDF8D0A01B68ADF8DC
:10FDE000D8301B0C8DF8DA300323359300238DF8BF
:10FDF000DB30024B9C687CB125460CE79028002440
:10FE00006261632DF8E90508FCE905087426002401
:10FE1000083106082C320608C34634AB59463AAAC4
:10FE2000A7483A93FFF718FCA54BD0F828909D6897
:10FE3000A44B3A971B68ADF8F0301B0C8DF8F230EC
:10FE400003233B9300238DF8F330002D7FF412AF92
:10FE500046462BE79C4B4D469C427FF471AD3AAB36
:10FE600021462EAA96482E93FFF7F6FB3A9E0446AB
:10FE70000023BE42A3627FF479AD3AAB53457FF4D1
:10FE80001DAD7BE50322514628F072F800B9F01E43
:10FE90000028FFF6C9AEA346A468002C7FF4BCAED0
:10FEA000C5E60422314628F063F800B9201F002877
:10FEB000FFF685AEAA46AD68002D7FF478AE81E6E8
:10FEC0000322394628F054F800B9E01E0028FFF656
:10FED000DAAE2E46AD68002D7FF4CDAED6E6082210
:10FEE0002AA928F045F808B9A6F108000028FFF66D
:10FEF00007AEA246A468002C7FF4FAAD03E6002208
:10FF000034A93AA81DF072FD349B3A903C932246E6
:10FF1000294629F0A0FE349C3A9B4FF000023B9406
:10FF20001A55DDF8ECB0BBF1000F7FF477AD3A98CD
:10FF3000B8427FF4C2ADC4E500283FF4D3AC3846E4
:10FF400007E000222EA93AA81DF050FD2E9B3A9002
:10FF50003C932246294629F07EFE2E9C3A9AC2E422
:10FF60003246BDE732468EE722469BE72246A8E7A7
:10FF7000002D3FF487AD2A4680E55A465349304666
:10FF800027F0F6FF58B15A465149304627F0F0FFA6
:10FF900000287FF48FAD169B234416938AE5119BAE
:10FFA000DAF838002344119338B14A49F0F798F948
:10FFB00018B9139B013313937CE5129B0133129301
:10FFC00078E5002865D03846A1E7DFF8FC80444694
:10FFD00045E7FCF729F826AB1A9C189DDDF85890E8
:10FFE000DDF86480179F119E4246039325AB394686
:10FFF0003046019402934B460095F6F77BF826991C
:020000040803EF
:100000000794259C0F9B344ACDF8188005950497DA
:10001000CDF80C9000943148CDE901164FF40071F1
:1000200027F0A0FE2D48F0F7BBF901462B48FBF75F
:10003000FBFF41B0BDE8F08F7378721C612B4FD08D
:100040007278731C612A7FF435AD13F8012F632A8F
:100050007FF430AD5B782D2B7FF42CAD189B2344BF
:10006000189327E5BBF1030F7FF424AD3378432BBE
:100070007FF420AD7278462A57D07278462A7FF4F2
:1000800019ADB3782D2B7FF415AD1A9B23441A9329
:1000900010E53B460024B7E4002C3FF40FAE2246A7
:1000A000FBE5002C3FF441AD224634E5002C3FF443
:1000B000D2AD2246C4E5002D3FF499AD2A468BE52A
:1000C00090280024FCE9050894280024D8E90508B4
:1000D000ECE9050804EE05082C3206087426002415
:1000E00012F8013F632BABD153782B2BA8D1179B70
:1000F000DAF838002344179398B11149F0F7F0F873
:1001000078B9159B01331593D4E4CDE91944CDE9B1
:100110001744169411940F94CDE91444CDE9124478
:10012000D4E4149B01331493C4E4B3782B2BA4D1EF
:10013000199B23441993BDE4024816F0D4FF00BF75
:1001400004EE0508ACE805080120FFF7A9BB00BFD5
:100150000020FFF7A5BB00BF2DE9F04F8C6883B0EE
:100160008B4681460192002C4AD0D2E9008A66690A
:10017000554627694046B245394628BF35462A4686
:1001800015B127F0F5FE08B9AAEB060000281ADB26
:10019000E2680AB11446EAE7A3468DB12A46414611
:1001A000384627F0E5FE58B100284FF000034846D6
:1001B000B4BFC9E9003BC9E9004303B0BDE8F08F13
:1001C000A6EB0A00F0E7A268002AE3D1DBF80C30C6
:1001D000A3420ED02046A3460BF05DFF019B0446D0
:1001E000D0E90476D3E9008AB245554628BF3546A2
:1001F000D3E700234846C9E9003403B0BDE8F08FD7
:100200000C1DDBF80C30A342E4D1F2E72DE9F84FE6
:100210001F460B1D0E4605469A424CD01446D7E9A0
:1002200000A8D2E904B9C8451ED8B8F1000F7ED0A5
:1002300042465946504627F09BFE08B9A8EB0900F4
:10024000002853DBC845424628BF4A468AB1584673
:10025000514627F08DFE60B100280EDB0023C5E972
:1002600000432846BDE8F88FB9F1000F3BD04A465D
:10027000DFE7A9EB08000028F0DA3369A3422CD0AD
:1002800020460BF004FF8146D0E9041BC3455A46C3
:1002900028BF42461AB1504627F06AFE08B9A8EBBB
:1002A0000B00002851DB28463A463146FFF754FF41
:1002B0002846BDE8F88F4B69002BF4D00C69D7E9CC
:1002C0000018D4E90409C1454A4628BF42465AB33A
:1002D00027F04EFE40B30028E5DA00232846C5E9A2
:1002E0000034BDE8F88FB8F1000FC6DAF368A34216
:1002F00015D020460BF0CFFE8146D0E9040BC34554
:100300005A4628BF42461AB1514627F031FE08B975
:10031000ABEB08000028C6DAD9F80C30D3B1284678
:10032000C5E90044BDE8F88FA9EB0800D3E7C9F19F
:100330000003002B9DDACB689A42F0D020460BF0E8
:10034000AAFE8146D0F814B0E2E7E3682BB1C5E914
:10035000009986E7C5E9003983E7C5E9003480E7FD
:100360002DE9F043154685B00646342088460AF04C
:100370006AFA2D6800F1180904462F46C0F810905B
:1003800057F8083BBB4233D00361AB6883616B68AD
:1003900042462F6031466361002302A86B602B72D6
:1003A0002363C4E90A3304F11003FFF72FFFDDE9EB
:1003B000025777B11DB30120331D3A4621460BF099
:1003C0006CFE2546736928460133736105B0BDE8AC
:1003D000F0832069814503D0A16901310AF022FA36
:1003E000204634210AF01EFA284605B0BDE8F08305
:1003F0006A6839464846013229F02DFCC7E7331DAB
:100400009F4212D0D4F814807D694246A84528BF87
:100410002A4632B139692069019327F0A9FD019B71
:1004200008B9A8EB0500C00FC7E70120C5E700BF6A
:100430002DE9F04F154687B007462C200E460AF0EE
:1004400002FA2D6800F1180A0446A846C0F810A068
:1004500058F8083B434500F0CB800361AB688361EB
:100460006B6807F1040BC5F8008063610023B34596
:100470006B602B724FF000033546A36204F110034A
:1004800002937BD02269D4F8149073690092994545
:10049000326901922CD8B9F1000F00F0B0804A46C1
:1004A0000393DDE9000127F063FD039B08B9A9EB85
:1004B000030000287FDB99454A4628BF1A46DAB177
:1004C0000393DDE9001027F053FD039BA0B1002842
:1004D00016DB2069824503D0A16901310AF0A2F937
:1004E00020462C210AF09EF9284607B0BDE8F08F7F
:1004F000002B5DD01A46D3E7A3EB09000028E8DA09
:100500003A690393B24200F0A98030460BF0BFFD78
:100510004A468046039BD0E90415A94528BF2A46D0
:10052000002A00F09E800098039327F021FD039B92
:1005300008B9A9EB05000028C0F28580029A394667
:1005400004A8F2F7F7F8DDE90458B8F1000FC0D0BD
:10055000281E18BF0120C34508BF40F00100002835
:100560005AD05B464246214625460BF096FD7B69F4
:10057000284601337B6107B0BDE8F08F7B69002B13
:10058000DCD0D7F81080D4E90439D8E90406009308
:100590004E45324628BF4A46002A58D0194627F011
:1005A000E7FC08B9A6EB09000028C7DA0025CCE76C
:1005B000B9F1000FA4DAFB68B34216D030460BF055
:1005C0006AFD80464A46D0E90405A94528BF2A4667
:1005D0001AB1009927F0CCFC08B9A5EB0900002856
:1005E000ACDAD8F80C000028B5D0B0460120B8E746
:1005F0006A6841465046013229F02DFB30E75A42E5
:10060000002ABFF679AFFB68B342EED030460BF05C
:1006100042FD80464569E0E72369D4F814900093D1
:10062000D8E9042301924B451A4628BF4A4632B105
:100630000293DDE9000127F09BFC029B08B9A9EBBE
:100640000300C00F8DE7F268A2B145467DE7A6EB37
:100650000906002EBFF672AF10467CE7B0460025B3
:1006600076E7A9EB0503002BBFF668AFF3681BB173
:10067000012070E7B046D6E7B046D1E72DE9F04F4C
:1006800000232DED0C8BADF55B7D9FED868A8DF8FB
:1006900074303AAC1E935CAE21938DF88C30249369
:1006A00027938DF8A4302A932D931DAB1690CDE996
:1006B0001F3323ABCDE91412CDE925337A4A29AB98
:1006C00013921292CDE92B333CAB2360129B53F86B
:1006D00004AB1293BAF1000F00F0A8835046EFF775
:1006E0005FFE0F2805465A9000F20583012840F06E
:1006F000F4829AF8003023723CAA002365605355B7
:100700001E9DD4E900B8002D00F003820DF174099C
:100710006F694246B84528BF3A4622B15946286912
:1007200027F026FC08B9A7EB0800002804DBAB681B
:1007300033B1A9461D46EBE7EB68002BFAD14D46D5
:100740001DAB9D4200F0E6816F694246B84528BF67
:100750003A4622B15846296927F00AFC08B9A8EBA5
:1007600007000028C0F2D681002205F128001146BA
:10077000FDF7EEFE20683CAB984203D0A168013142
:100780000AF050F850465A96EFF70AFE0F28054631
:10079000529000F2A782012800F09A82F8B93246FE
:1007A00000235B955355249DDDE95AB9002D00F0D7
:1007B000A6810DF18C086F694A46B94528BF3A46B3
:1007C00022B15946286927F0D3FB08B9A7EB0900E5
:1007D00000280CDBAB6873B1A8461D46EBE730463A
:1007E0002A46514629F037FA529D5A9AD8E7EB68C3
:1007F000002BF2D1454623AB9D4200F081816F6909
:100800004A46B94528BF3A4622B15846296927F0D9
:10081000AFFB08B9A9EB07000028C0F271810022E4
:1008200005F128001146FDF793FE5A98B04203D017
:100830005C99013109F0F6FF50465A96EFF7B0FD8A
:100840000F280546529000F26582012800F03B8295
:10085000F8B9324600235B9553552A9DDDE95ABA13
:10086000002D00F05F810DF1A4096F695246BA4571
:1008700028BF3A4622B15946286927F079FB08B9C2
:10088000A7EB0A00002811DBAB689BB1A9461D4607
:10089000EBE730462A46514629F0DDF9529D5A9A37
:1008A000D8E700BF000000007C0A0708EB68002BB7
:1008B000EDD14D4629AB9D4200F035816F6952461E
:1008C000BA4528BF3A4622B12969584627F050FB5D
:1008D00008B9AAEB07000028C0F22581B34585EDD1
:1008E0000A8A00F02F815C995846013109F09AFF7D
:1008F000974B129A93427FF4E7AE149B169F002BFE
:1009000000F083804FF0000C9FED928ACDF848C034
:1009100039789148F6F7B2F8D0F800805A96B8F1D5
:10092000000F00F05D854046EFF73AFD0F280546C1
:10093000529000F2F881012840F01E8298F80030B1
:100940008DF8703133464FF000025B955A551E9D6D
:10095000DDE95A89002D4AD00DF1740BBA464A469A
:10096000D5E90407B94528BF3A461AB1414627F0F0
:10097000FFFA08B9A7EB09000028D5E9023205DB28
:10098000002B00F0F380AB461D46E8E7002A00F09C
:10099000978113461D46E2E7EB68002B40F01E816D
:1009A0005D4629AB57469D4200F04481D5F814A01E
:1009B0004A46D14528BF524622B12969404627F010
:1009C000D7FA08B9A9EB0A000028C0F23381D5EDA7
:1009D0000A7A97ED057A386977EE877AC5ED0A7A53
:1009E00028B15E49EFF77CFC002800F0F980B045A3
:1009F00004D05C994046013109F014FF129B18376E
:100A0000149A01339A42129382D12B9829ABDFEDCD
:100A100051DA9842B0EE6DDA0BD11CE02D2B03D1E8
:100A2000D0ED0A7A7DEEA7DA0BF031FB29AB9842C4
:100A300011D04269002AF7D00369134413F8013C2E
:100A40002B2BEBD1D0ED0A7A3DEE27DA0BF01FFB12
:100A500029AB9842EDD130AB432500225AA92EA8EC
:100A60002E935A951CF0C2FF5A9B2A463C490DF51D
:100A7000847830932E9029F0EEF85A9B4FF0000CBA
:100A80002E9A2F93E14602F803C0DFF8DCA0354B25
:100A9000CDF800811493CDF848A01298EFF780FCB0
:100AA0000F2805465A9000F2D381012800F0CB812F
:100AB000002840F07A8443464FF0000241955A5591
:100AC0001E9DDDE9407B002D00F0B3810DF1740A1D
:100AD0006E695A46B34528BF324622B13946286965
:100AE00027F046FA08B9A6EB0B000028C0F25E8199
:100AF000AB68002B00F05F81AA461D46E8E723ADF6
:100B00005AAB294652AA22A85293FFF729FC054660
:100B100085E61DAD29465AAA1CA85A94FFF720FC69
:100B2000054621E629AD5AAB294652AA28A8529378
:100B3000FFF77EFCDDF868B10546B34585ED0A8A0E
:100B40007FF4D1AE024B129A93427FF4BDADD4E64E
:100B5000940A070800000000EC0B0024A0300608EF
:100B6000D03206087C0A0708F8E9050857461DAB8D
:100B70009D423FF43CAF4A46D5E9041AD14528BF0F
:100B800052461AB1404627F0F3F908B9A9EB0A001A
:100B90000028FFF62CAF5297D5E90B13994200F0CD
:100BA000DE8041F8047BE9622A9D002D00F0E2809E
:100BB0000DF1A40BBA466F694A46B94528BF3A46BB
:100BC00022B14146286927F0D3F908B9A7EB0900FB
:100BD0000028FFF6E1AEAB683BB3AB461D46EAE743
:100BE000249DDDF86CA1002D00F0BE830DF18C0B6F
:100BF000B9466F695246BA4528BF3A4622B14146C6
:100C0000286927F0B5F908B9A7EB0A00002806DB28
:100C1000AB68002B00F08783AB461D46E9E7EB6825
:100C2000002BFAD14F465D467EE329AB57469D42E5
:100C30007FF4BCAE2C20AB4609F005FEDDF86C81DC
:100C400000F118090546B8F10F0F00F1100A5A9B80
:100C5000CDF84881C0F8109000F29680B8F1010FED
:100C600000F08F80B8F1000F40F0E2874B464FF064
:100C70000002C5F8148028A918A803F808205346D4
:100C80005A4685ED0A8AF1F7D1FFDDE91883002B7A
:100C900058D0B8F1000029AA18BF0120934208BF1C
:100CA00040F00100002800F098871A46294629AB39
:100CB0000BF0F3F92D9B01332D93DDF8688186E667
:100CC00057465D4653E79AF800308DF87031C0E51D
:100CD0009AF800308DF8703161E500283FF40CADD2
:100CE0003CA810E0002252A95AA81CF07FFE529B9B
:100CF0005A905C9374E500225AA920461CF076FEB7
:100D00005A9B2060A3602A46514628F0A4FF5A9DB2
:100D10002268F2E4002252A95AA81CF067FE529BF6
:100D20005A905C93B6E5002252A95AA81CF05EFEC8
:100D3000529B5A905C932A46414628F08CFF529D64
:100D40005A9B00E62869814503D0A969013109F061
:100D500069FD28462C21454609F064FDADE705F103
:100D6000280052AAFEF706FC2A9DDDE95A89002DCB
:100D70007FF41EAF29AD5DE7002800F031833046D7
:100D8000D9E71B78037671E7002252A950461693E3
:100D90001CF02CFE529A169B2861AA614246194605
:100DA00028F059FFDDF848812B6960E7EB68002BDC
:100DB0007FF4A3AE55461DAB9D423BD06E695A46AB
:100DC000B34528BF324622B13846296927F0D0F80A
:100DD00008B9ABEB060000282CDB2EA805F1280291
:100DE00012990823FEF746F84098404503D04299EF
:100DF000013109F017FD149B09F101090433B9F120
:100E0000060F149338D02F9A6FF040439A4201F0A6
:100E10004480012216492EA81DF02EF8149BCDF80F
:100E200000811B681293002B7FF437AE114816F037
:100E30005AF91DAD40AB29465AAA1CA85A93FFF790
:100E40008FFA0546C9E7129B1B788DF8083132E608
:100E500000225AA940A81CF0C9FD5A9B4090429319
:100E60002A46129928F0F7FE5A9D409B24E600BFBF
:100E7000D4E90508ACE805086FF040432F9A9B1AA7
:100E8000022B41F20A800322C0492EA81CF0F4FF75
:100E9000159B002B00F08B822F99002940F0CB8608
:100EA000BB4B0DF1D80B2A9D1B68CDF8D0B0ABF829
:100EB00000301B0C8DF8DA300323359300238DF8B6
:100EC000DB30002D00F057872E460DF1A409D6E93E
:100ED0000407032F00F20885002F40F09B85F66879
:100EE000002EF4D129AB994500F02B83D9F814607A
:100EF000022E40F211870322D9F81010584627F02D
:100F000037F8002800F018830028C0F21A833CABA1
:100F100099ED0A8A2F462360B7EEC88A9D4B1B685D
:100F2000ADF8F0301B0C8DF8F23003236360002322
:100F3000E3720DF1A409D5E90406032E00F2F5844D
:100F4000002E40F06585ED68002DF4D129AB994560
:100F500000F0C182D9F81450022D40F2D786032246
:100F6000D9F810103CA827F003F8002800F0AE8252
:100F70000028C0F2B08299ED0A9A0822864B3E46BC
:100F8000B7EEC99ACDF80081419293E8030000239F
:100F900088E803008DF810310DF1A409D7E90405A4
:100FA000082D00F2F284002D40F02E85FF68002FFE
:100FB000F4D129AB994500F06A82D9F81450072D75
:100FC00040F29E860822D9F81010404626F0D0FF45
:100FD000002800F057820028C0F259826F4B48AABF
:100FE00099ED0AAA46AD37462A60B7EECAAA9246DC
:100FF000179293E80300082382E803006B60002344
:101000002B740DF1A4091295D6E90405082D00F200
:101010007B84002D40F0FA84F668002EF4D129ABD1
:10102000129D994500F01482D9F81460072E40F201
:101030007F860822D9F81010179826F099FF00280B
:1010400000F001820028C0F203824CAE4EAA544B3D
:1010500099ED0ABAB94632604E930423B7EECBBA83
:10106000169273600023337314950DF1A40A169D34
:101070001296D7E90406042E00F27784002E40F081
:10108000C184FF68002FF4D129AB129E149D9A45AC
:1010900000F0BD81DAF81470032F40F24386042279
:1010A000DAF81010169826F063FF002800F0AA81E5
:1010B0000028C0F2AC8154AF3A4B9AED0ACA52975D
:1010C0003B600423B7EECCCA539300238DF8543110
:1010D0002B460DF1A40A4D4612969946D5E9040611
:1010E000042E00F23284002E40F08A84ED68002D38
:1010F000F4D129AB129E4D469A4500F07A81DAF878
:101100001490B9F1030F40F219860422DAF8101096
:10111000384626F02DFF002800F066810028C0F236
:1011200068813DEE8D7A204AB7EEED5A4FF400719A
:10113000B7EECDDA5AA8B7EEC77A8DED0E5B8DED1E
:10114000107B8DED0CDB9AED0A7AB7EEC77A8DED48
:1011500008CB8DED06BB8DED04AB8DED029B8DEDC7
:10116000008B8DED0A7B26F0FDFD5298B84203D02E
:101170005499013109F056FB3068169B984215D0FE
:10118000B168013109F04EFB10E000BF14330608CE
:10119000F8E90508FCE90508D8E90508ECE90508BF
:1011A0006261632B6261632D183306082868179B00
:1011B000984203D0A968013109F034FB40984045BA
:1011C00003D04299013109F02DFB20683CAB9842D5
:1011D00003D0A168013109F025FB3498584503D0AC
:1011E0003699013109F01EFB159B002B00F0A884F5
:1011F0005AA8EFF7D5F801465AA8FAF715FF179B3A
:101200000022DFF8308352A92B602E232846529308
:101210001CF0ECFB529B864608F1200C2860AB606A
:1012200044460EF1100E08F110080FCC64454EF83C
:10123000100C4EF80C1C4EF8082C4EF8043CEFD164
:10124000B34A0023B1461292B8E80700CEF808204E
:10125000B8F80020A846CEF80000CEF80410AEF88A
:101260000C20529A29686A6014978B546FF040449E
:10127000D8F80430129AE31A52F8047B072B129222
:1012800040F20B860822A34940461CF0F5FD384683
:10129000EFF786F8D8F804300246E31A984200F2D5
:1012A000FC85394640461CF0E7FDD8F80430E41AC6
:1012B000012C40F2F2850222974940461CF0DCFDE9
:1012C000149B38465293EFF76BF80F280446C9F881
:1012D000000000F27583012840F068833B788DF8A8
:1012E0005031149A002353941355249CDDE952A6DF
:1012F000002C00F0E2820DF18C0B65693246AE42A3
:1013000028BF2A4622B15146206926F031FE00B995
:10131000A81B0028C0F23381A368002B00F03481A1
:10132000A3461C46E9E74F4623AB9D421DD0D5F8A6
:1013300014905246CA4528BF4A4622B14046296900
:1013400026F016FE08B9AAEB090000280DDB52971B
:10135000D5E90B13994200F0B08441F8047BE962AF
:10136000DDF86881FFF743BB23AD3420AA4609F0BE
:101370006AFADDF86C8100F118090546B8F10F0F23
:1013800000F11003DDF868B1CDF84881C0F8109085
:1013900000F25684B8F1010F00F0D784B8F1000FC5
:1013A00040F07785484600F05EBC404658E52F9BEC
:1013B000002B3FF475AD594D2B68BFF35B8FD907F8
:1013C00040F11E85DFF858912EA955481CF0CBFB43
:1013D000D9E9000102F0DEF8322003F001F85FE500
:1013E00033460025FFF7AFBAC9F104000028BFF665
:1013F00098AE52AB51465AAA28A85A93FFF718F84C
:1014000082468EE6C7F104000028BFF654AE51466E
:101410005AAA28A854AF5A96FFF70AF8414B90ED04
:101420000ACA52973B600423DDF8A890B7EECCCAF5
:10143000539300238DF85431B9F1000F7FF448AE77
:101440000DF1A40AD5E7C6F108000028BFF6FDADEE
:101450005AAA494628A84CAE5A95FEF7E9FF4EAA6B
:10146000314B90ED0ABA32604E9304232A9FB7EEB7
:10147000CBBA7360002316923373002F00F083847D
:10148000B946F1E5C5F108000028BFF6A7AD40ABAD
:1014900049465AAA28A85A93FEF7CAFF234B46ADDD
:1014A00090ED0AAA48AA2A9E2A60B7EECAAA179205
:1014B00093E80300082382E803006B6000232B7489
:1014C000002E00F05C84374692469AE5C5F1030091
:1014D0000028BFF650AD49465AAA28A85A94FEF7EC
:1014E000A7FF134B90ED0A9A08222A9FCDF800819E
:1014F000B7EEC99A419293E80300002388E80300FD
:101500008DF81031002F00F046843E4644E500BFC0
:101510007C0A070828340608382E06087428002498
:10152000782800246261632D6261632BECE9050871
:10153000D8E90508F8330608C6F103000028BFF60D
:10154000E6AC34AB49465AAA28A85A93FEF770FF76
:101550003CAB90ED0A8A2A9D2360B7EEC88A7D4B8A
:101560001B68ADF8F0301B0C8DF8F230032363607C
:101570000023E372002D00F00A842F46D9E4E368CB
:10158000002B7FF4CEAE5C4623AB9C4200F09681EC
:1015900065693246AE4228BF2A4622B121695046CB
:1015A00026F0E6FC00B9701B0028C0F28781149B6E
:1015B00004F128059A4504D054995046013109F0A8
:1015C00031F9D4E90A239A4200F04082D5E90001BA
:1015D000884200F02182DFED607A034653F8042B45
:1015E00092ED037A994277EE877AF7D1091A5B4A2E
:1015F00052A8891007EE101A2021B8EE477AC7EEDC
:10160000876AB7EEE67A8DED007B26F0ABFB52A839
:10161000EEF7C6FE6FF04043D8F8041002465B1A9E
:10162000984200F23A8452A940461CF025FC129BD5
:101630004B4A93427FF41AAE6FF04043D8F804202F
:101640004E46149F9B1A4546012B40F226840222E7
:10165000444940461CF010FC159B002B00F05682BC
:10166000D8F80410002940F03383169B0022DFF8DD
:10167000FC8052A933603A23304652931CF0B6F9ED
:10168000529B864608F1300C3060B36044460EF140
:10169000100E08F110080FCC64454EF8100C4EF8EF
:1016A0000C1C4EF8082C4EF8043CEFD10022BA4630
:1016B000B8E80300B8F80030CEF80000CEF8041007
:1016C000AEF80830529B316873601295CA54139A71
:1016D000736852F8045B13926FF04042934200F03B
:1016E000DC830122204930461CF0C6FBCDF848A11E
:1016F000002D3FF49BAB2846EEF752FE0F28044620
:10170000409000F26E81012840F055812B788DF8D1
:1017100050315246002353941355249CDDE9528BDB
:10172000002C00F0D7800DF18C0967695A46BB4543
:1017300028BF3A4622B14146206926F019FC08B973
:10174000A7EB0B00002813DBA368ABB1A1461C4636
:10175000EBE700BFFCE9050800000000F8300608D0
:10176000940A0708F0380608D4E905083C3406084E
:10177000E368002BEBD14C4623AB9C4200F0AB80DE
:1017800067695A46BB4528BF3A4622B1404621699F
:1017900026F0EEFB08B9ABEB07000028C0F29B80F7
:1017A000304604F1280229460C23FDF763FB5298CA
:1017B000504500F03F815499013109F033F8A04BB6
:1017C000139A934283D16FF040437268129D9B1A23
:1017D000012B40F2628302229A4930461CF04CFBF6
:1017E000159B002B00F0E0817168002940F06C82AD
:1017F0003068169B984203D0B168013109F012F8A5
:101800002868179B984203D0A968013109F00AF8AB
:101810002E9830AB984203D03099013109F002F88C
:101820002A98FDF78FFD249CFCB1E068FDF748F88D
:10183000A06AA56818B1216B091A08F0F3FF2069A6
:1018400004F1180398420AD0A169013108F0EAFFB7
:101850003421204608F0E6FF3DB12C46E5E734216F
:10186000204608F0DFFF002DF7D11E9CFCB1E06898
:10187000FDF726F8A06AA56818B1216B091A08F0CF
:10188000D1FF206904F1180398420AD0A1690131FF
:1018900008F0C8FF3421204608F0C4FF3DB12C46B3
:1018A000E5E73421204608F0BDFF002DF7D10DF506
:1018B0005B7DBDEC0C8BBDE8F08F23AC52AB2146B9
:1018C0004A4622A8C9F80030FEF74AFDDDF848A1D3
:1018D00004466CE623AC52AB214640AA22A84093B2
:1018E000FEF73EFD04465BE70322594626F040FB27
:1018F00000B9F81E0028FFF6F2AAB146B668002E1D
:101900007FF4E5AAFFF7EEBA0822514626F030FB35
:1019100008B9A5F108000028FFF67EABB146B6680D
:10192000002E7FF471ABFFF77ABB03223CA926F0AF
:101930001FFB00B9F01E0028FFF605ABA946AD68F5
:10194000002D7FF4F8AAFFF701BB0422394626F0E8
:101950000FFB00B9301F0028FFF6C8ABAA46AD68E0
:10196000002D7FF4BBABFFF7C4BB0422294626F051
:10197000FFFA00B9301F0028FFF683ABBA46BF68F4
:10198000002F7FF476ABFFF77FBB0822414626F09D
:10199000EFFA08B9A5F108000028FFF607ABB94631
:1019A000BF68002F7FF4FAAAFFF703BB00283FF4BB
:1019B00098AC14980DE000283FF4ABAE504618E008
:1019C0000022494652A81CF011F8D9F80030529074
:1019D00054932246394628F03EF9D9F80040529AED
:1019E00080E4002240A952A81CF000F8409B5290CD
:1019F00054932246294628F02EF9409C529A89E6B3
:101A00003246A3E73246B1E72A46BFE72A467CE7DB
:101A100032468BE73A4668E76FF04043D8F8042037
:101A20009B1A042B40F239820522074940461CF0DC
:101A300023FAFCE5024B139A93427FF448AEC2E6C8
:101A4000940A0708F038060834340608149B384610
:101A50005293EEF7A5FC0F280446C9F8000000F2E7
:101A6000D680012840F0CE803B788DF85031149A12
:101A70000023539413551E9CDDE95276002C00F090
:101A800078811DA90D46D4F814A03246564528BFCA
:101A9000524622B13946206926F06AFA08B9AAEB03
:101AA0000600002804DBA36833B125461C46EAE79C
:101AB000E368002BFAD12C461DAB9C421BD0656914
:101AC0003246AE4228BF2A4692B12169384626F0F6
:101AD0004FFA68B100280EDB149B04F128059F42E1
:101AE0003FF474AD54993846013108F09BFE6DE522
:101AF000701B0028F0DA52AB21464A461CA8C9F8F0
:101B00000030FEF72DFC529F0446E5E7D8F804307C
:101B1000002B3FF4AAADB74C2368BFF35B8FDA0705
:101B200040F19F81DFF8D0922946B3481CF01BF8A2
:101B3000D9E9000101F02EFD322002F051FC94E5BC
:101B40005AA85297EEF72CFC0F280446306000F29A
:101B50000181012800F0C180002840F09C813A46B4
:101B6000002353941355539BA3B1A24C2368BFF396
:101B70005B8F13F0010800F02681DFF87C9252A9F8
:101B80009D481BF0F0FFD9E9000101F003FD322070
:101B900002F026FC5298B8423FF431AB549901311F
:101BA00008F040FEFFF72BBB7368002B3FF420AE1C
:101BB000904C2368BFF35B8FDB0740F13A81DFF87D
:101BC000389231468C481BF0CEFFD9E9000101F074
:101BD000E1FC322002F004FC0AE6D5F81490D3F8B8
:101BE00014804A46C14528BF424632B11969286966
:101BF000169326F0BDF9169B08B9A9EB0800C00F93
:101C0000FFF753B800283FF432AF149808E00022E1
:101C1000494652A81BF0EAFED9F80030529054937E
:101C20002246394628F017F8D9F80040529A1FE7A3
:101C30004846FFF7B3B82E98FAF7F6F9FFF730B930
:101C40000022184652A916931BF0D0FE529A169BFA
:101C50002861AA6142465946169327F0FCFFDDF839
:101C600048812869169B0021C5F81480524600F867
:101C700008101AA82963C5E90A1122A9FEF7C6FAB5
:101C8000DDE91A8373B323AA981AB0FA80F04009E9
:101C9000B8F1000F18BF40F0010000287FD01A46AD
:101CA000294623AB0AF0F9F9279B52970133279372
:101CB000D5E90B1399427FF450AB05F1280052AAE5
:101CC000FDF758FCFFF74CBB3068FAF7ADF98FE52C
:101CD000D8F80000FAF7A8F9C7E49DF868318DF844
:101CE00050313CE72869814503D0A969013108F0EA
:101CF00099FD28463421454608F094FDFFF727BB9F
:101D0000002D3FF46BA92A46FFF75DB9002D3FF483
:101D100032A92A46FFF724B9002E3FF4F8A832462C
:101D2000FFF7EAB8002F3FF4C6A93A46FFF7B8B963
:101D3000002E3FF48AA93246FFF77CB9B9F1000FB3
:101D40003FF4EFA94A46FFF7E1B99BF8002002767D
:101D5000484688E7159A314652A81BF047FE33687B
:101D60005290549322465AA927F075FF3468529A2C
:101D7000F6E61DACBFE60DF1A409FFF7E2BB0DF1DD
:101D8000A409FFF765BB0DF1A40AFFF740BB0DF1F5
:101D9000A409FFF7A0BB0DF1A409FFF778BBD5F8A4
:101DA0001490D3F814804A46C14528BF424632B148
:101DB00019692869169326F0DBF8169B08B9A9EB78
:101DC0000800C00F6BE72046DFF82C9008F02CFDD0
:101DD00000283FF4D4AE09F108030848C9F804808C
:101DE00089F80880C9F8003023F031FF204608F058
:101DF00027FDC4E67428002478280024A5E80208FA
:101E00002846DFF8A49008F00FFD00283FF4DCAA74
:101E1000159B2348C9F8043089F8083009F10803F4
:101E2000C9F8003023F013FF284608F009FDFFF73A
:101E3000CBBA2046DFF8709008F0F6FC00283FF49B
:101E4000C0AE159B1648C9F8043089F8083009F16E
:101E50000803C9F8003023F0FAFE204608F0F0FC31
:101E6000AFE62046DFF8409008F0DEFC00283FF4A3
:101E70005BAE159B0A48C9F8043089F8083009F1AF
:101E80000803C9F8003023F0E2FE204608F0D8FC31
:101E90004AE64846DEE6384664E7024815F026F989
:101EA000A5E80208D42D0608782800240122FEF7B0
:101EB000E5BB00BF044B0022191D1A719A605A61DC
:101EC000C3E90311704700BF90280024014B9868B4
:101ED000FDF720B990280024074B82B0D3F8F420F6
:101EE00042F00202C3F8F420D3F8F43003F0020306
:101EF0000193019B02B07047004402580368B3F19C
:101F0000804F10B584B016D0234A93422BD0234A79
:101F1000934201D004B010BD214BD3F8E82042F425
:101F20008072C3F8E820D3F8E83003F48073039399
:101F3000039B04B010BD1A4B00221C20D3F8E840CC
:101F4000114644F00104C3F8E840D3F8E83003F048
:101F500001030193019B02F0B9FE1C2004B0BDE80F
:101F6000104002F0EFBE0E4B00223720D3F8E840BD
:101F7000114644F02004C3F8E840D3F8E83003F0F9
:101F800020030293029B02F0A1FE372004B0BDE8BB
:101F9000104002F0D7BE00BF0014004000200040F7
:101FA0000044025830B5BFB000210446C0220EA83C
:101FB0000C91CDE90811CDE90A1126F003F8A64AE3
:101FC0002368934255D0A54A934200F0A680A44AC4
:101FD000934200F0EA80A34A934201D03FB030BD63
:101FE000022200230EA8CDE90E2305F05DFB002898
:101FF00040F02E819C4B4FF4806002210724D3F8DF
:10200000E82042F48022C3F8E820D3F8E82002F464
:1020100080220692069AD3F8E02042F00202C3F82A
:10202000E020D3F8E0300C9403F00203CDE908017E
:10203000002000210793079BCDE90A0108A98B48DE
:1020400004F0E6F94FF40062022308A987480C94D3
:10205000CDE9082303230122CDE90A2304F0D8F9AE
:1020600000222720114602F031FE272002F06AFEEE
:10207000B4E7022200230EA8CDE90E2305F014FBDD
:10208000002840F0DC80784B062008A9D3F8E8202F
:1020900042F40022C3F8E820D3F8E82002F400223A
:1020A0000092009AD3F8E02042F00102C3F8E02049
:1020B0004FF4C052D3F8E0300C9003F001036C48A9
:1020C00001930223019D6B4DCDE9082301220323D7
:1020D000CDE90A2304F09CF96749002340222960D6
:1020E0004FF480612846EB606B612961C5E90122EC
:1020F000C5E90633C5E9083302F032FF002840F095
:102100009B80002203213420E567AC6302F0DEFDF2
:10211000342002F017FE3FB030BD012200230EA88C
:10212000CDE90E2305F0C0FA002840F08B804E4B1D
:10213000402002210724D3F8F02042F01002C3F817
:10214000F020D3F8F02002F010020292029AD3F8A5
:10215000E02042F00202C3F8E020D3F8E0300C9413
:1021600003F00203CDE90801002000210393039B43
:10217000CDE90A0108A93D4804F04AF9802202236A
:1021800008A93A480C94CDE9082303230122CDE99C
:102190000A2304F03DF900222520114602F096FDA5
:1021A000252002F0CFFD3FB030BD022200230EA853
:1021B000CDE90E2305F078FA002846D12A4B0420F9
:1021C00002210724D3F8E82042F40032C3F8E820C3
:1021D000D3F8E82002F400320492049AD3F8E02005
:1021E00042F00102C3F8E020D3F8E0300C9403F091
:1021F0000103CDE90801002000210593059BCDE9ED
:102200000A0108A91A4804F003F90822022308A9C0
:1022100017480C94CDE9082303230122CDE90A23B2
:1022200004F0F6F800222620114602F04FFD262089
:1022300002F088FD3FB030BDF6F706F961E7F6F72A
:1022400003F920E7F6F700F971E7F6F7FDF8B5E7CF
:10225000F6F7FAF8CEE600BF004C0040001001404F
:102260000044004000480040004402580004025866
:10227000000002586C1F0024100002400C2008B51A
:10228000F6F7FAFDFEE700BF1EF0040F0CBFEFF3F8
:102290000880EFF30980F6F7F3BDF5E708B50920EC
:1022A000F6F7EAFDFBE700BF08B50A20F6F7E4FD04
:1022B000FBE700BF08B50B20F6F7DEFDFBE700BF2C
:1022C000704700BF704700BF704700BF02F0C2BC3C
:1022D000014803F089BE00BF6C1F00244FF400705A
:1022E00004F0A6BA014806F0AFBC00BFDC2200240F
:1022F000014807F02BB900BF18210024014807F05E
:1023000025B900BF80200024014807F01FB900BF95
:10231000E81F00244FF4804004F08ABA014807F017
:1023200015B900BFB0210024014806F08DBC00BFE4
:10233000902200240120704708B527F055FC162292
:1023400003464FF0FF301A6008BD00BF08B527F004
:102350004BFC16230360FEE770B5161E07DD0C4626
:102360008D19AFF3008004F8010BA542F9D1304676
:1023700070BD00BF70B5161E07DD0C468D1914F830
:10238000010BAFF30080A542F9D1304670BD00BF0C
:102390004FF0FF30704700BF4FF4005300204B60F8
:1023A000704700BF01207047002070470D49034669
:1023B0000D4A086810B50D4C121B20B1034493421E
:1023C00007D80B6010BD0A4C20460C6003449342B2
:1023D000F7D927F009FC0C2203464FF0FF301A60B2
:1023E00010BD00BFAC2800240000082400400000FD
:1023F000E0D601242749284AD1F8883043F47003F5
:1024000010B4C1F88830136803F00F03062B05D809
:10241000136823F00F0343F0070313601F4B0024DE
:102420001F4A19681C4841F0010119601C611968B4
:102430000A401A6003681B0705D5036823F00F03E1
:1024400043F007030360154B002216491648174C4A
:102450009A61DA611A629C62D86219635A6399635D
:10246000DA6319645A641968114821F480211960EB
:102470001A6603686FF30F03B3F1005F03D20D4BCD
:102480000122C3F808210C4B43F2D2025DF8044B41
:102490001A60704700ED00E000200052004402582E
:1024A0007FEDF6EA800201010000FF010002020256
:1024B0000010005C00800051004000520FB400B5D5
:1024C000C3B04FF4807144AB02A853F8042B0193BE
:1024D00025F040FD00280ADDFF2802464FF47A73FC
:1024E00002A9A8BFFF22044892B206F0B7FC43B08D
:1024F0005DF804EB04B07047B0210024A0F10700A0
:10250000B0FA80F040097047072857D1012A70B50A
:102510000D468CB0144653D0002A6BD17849002365
:102520000DF1110C0DF1180E04914FF6FF7041F2F0
:1025300021018DF814208DF81540ADF816308DF876
:1025400018301CF8013F80EA0320430002049BB2CC
:1025500048BF4B405A001B0492B248BF4A40530048
:1025600016049BB248BF4B405A001D0492B248BFAC
:102570004A40530014049BB248BF4B405A00180411
:1025800092B248BF4A40530012049BB248BF4B402E
:1025900058001E0480B248BF4840E645D1D1040A25
:1025A0008DF819004FF47A730B2204A955488DF861
:1025B0001A4006F053FC01200CB070BD002070479B
:1025C0000A78531E022BA9D8002669463046CDE969
:1025D0000066CDE90266F3F77FFE68B19DF8003032
:1025E00053B1494B2A781978002948D147490A70D4
:1025F0001C70E0E70A7891E729780023444A0DF13E
:1026000011048DF814100DF1180C4FF6FF7041F203
:10261000210104928DF81530ADF816308DF8183080
:1026200014F8013F80EA0320430005049BB248BF31
:102630004B405A00180492B248BF4A40530012045B
:102640009BB248BF4B405A001E0492B248BF4A405A
:10265000530015049BB248BF4B405A00180492B275
:1026600048BF4A40530012049BB248BF4B40580039
:102670001B0480B248BF4840A445D1D18FE7254B09
:102680000DF1110106AC4FF6FF7041F221058DF8F6
:10269000142004938DF81560ADF816608DF818605D
:1026A00011F8013F80EA0320430006049BB248BFB3
:1026B0006B405A00180492B248BF6A40530012049B
:1026C0009BB248BF6B405A001B0492B248BF6A409D
:1026D000530016049BB248BF6B405A00180492B2D4
:1026E00048BF6A40530012049BB248BF6B40580079
:1026F0001B0480B248BF68408C42D1D14FE700BF75
:10270000A55A8701B0210024B6280024B52800244A
:10271000A55A8707A55A870A08B5054806F094FE0A
:10272000044806F091FE0448BDE8084006F08CBE5F
:102730001821002480200024E81F002410B50A4C32
:1027400023681BB123680133236010BD074806F0DE
:102750007BFE074806F078FE064806F075FE236803
:102760000133236010BD00BFB028002418210024CD
:1027700080200024E81F00241A4B1A685AB11A68F6
:10278000013A1A601B6833B9174B1B7810B503F078
:10279000FF040BB110BD704721464FF4007213487F
:1027A00025F010FC21464FF40072114825F00AFC78
:1027B00021464FF400720F4825F004FC4FF40072DC
:1027C0000A490D4808F00AF84FF4007208490B480E
:1027D00008F004F84FF4007206490948BDE81040BB
:1027E00007F0FCBFB0280024B4280024B88C0024D3
:1027F000B88A0024B88800241821002480200024EE
:10280000E81F002408B5064806F01EFE054806F03D
:102810001BFE054806F018FE044B01221A7008BD85
:102820001821002480200024E81F0024B42800245C
:10283000054B1B7803F0FF0023B9044B18680038E0
:1028400018BF0120704700BFB4280024B02800241E
:102850004A48037810B588B0002B71D103F0FF010E
:10286000474B1A780AB908B010BD464A1478197057
:10287000E4B211702046F3F7CBFD031E18BF01230D
:10288000032801D0002B57D1DB00002045F6A521FD
:1028900000228DF803300DF1010C8723ADF80010F4
:1028A0008DF805000DF1080E4FF6FF7041F2210181
:1028B0008DF804408DF80230ADF806208DF8082020
:1028C0001CF8013F80EA0320430004049BB248BF88
:1028D0004B405A00180492B248BF4A4053001204B9
:1028E0009BB248BF4B405A001B0492B248BF4A40BB
:1028F000530014049BB248BF4B405A00180492B2D4
:1029000048BF4A40530012049BB248BF4B40580096
:102910001B0480B248BF4840E645D1D1040A4FF4B9
:102920007A730B2269468DF8090017488DF80A4022
:1029300006F094FA08B010BDF3F754FC0A23A5E79B
:102940000021792464230122017069460E488DF824
:10295000004006F083FA0D4B0D4A1A60BFF34F8F0B
:10296000BFF34F8F0B490C4BCA6802F4E06213436C
:10297000CB60BFF34F8F00BFFDE700BFB42800243A
:10298000B6280024B5280024B0210024000000202F
:10299000AD1007B000ED00E00400FA052DE9F04F9E
:1029A000D0E9007480467348E31B0D46724987B036
:1029B000DB1000FB03F38B4200F0D980A742A5EBAC
:1029C000070B00F0AC80B3EB430F4FEA430075D820
:1029D000002840F0C58018268146029009EB0B0ABA
:1029E000D2E900230AF108000F2B0192059349F860
:1029F0000B0000F2A180012B00F09A80002B40F028
:102A0000A7800022BD42CAF80430C2541CD009F18C
:102A1000080307F1080A3E4643F8083CD6E90012CD
:102A2000514569D0B06818360AF1180AB5421860E5
:102A300043E9021203F11803EED1A5F11806F61BC3
:102A400026F0070630364E44A54228D006F108038A
:102A500005F10801AA46A346DAF80020DAF8044096
:102A60008A4243F8083C35D043F8082C0AF1180A8A
:102A70005AF8102C1831D34543E9014203F11803E9
:102A8000EAD15C463D4A631B183BDB0802FB03F3BB
:102A900023F06043013303EB430306EBC3062FB17E
:102AA000D8F808103846C91B07F0BCFE029BC8E9DD
:102AB0000096C8F8083007B0BDE8F08F304E3046B9
:102AC000019207F0C0FE8319814600F11806019AB1
:102AD000029383E70AF1180A1846621C019127F055
:102AE000BAF801990346DA4501F1180140F8044C9F
:102AF00003F11803B0D1C4E7013251461846183625
:102B000027F0A9F856F8142C0346AE420AF1180A29
:102B100040F8042C03F118037FF47EAF8DE70133F6
:102B2000CCD28B4228BF0B4603EB4303DE00C6E743
:102B300012788AF8082064E7002205A9504603931A
:102B40001AF054FF059A039B49F80B00CAF80820B5
:102B50001A46019927F07FF8059BDAF8000050E744
:102B6000884228BF084600EB4000C600A7E705489A
:102B700014F0BCFAABAAAAAA55555505ABAAAA0AE5
:102B8000F8FFFF7F78EB0508002918BF00282DE922
:102B9000F04F08BF0127C9B018BF002704D1002794
:102BA000384649B0BDE8F08F17AC0F2906460D46F0
:102BB0000B460F91159400F2C781012940F0D38193
:102BC000027821468DF85C2000221693CA54169D87
:102BD0009DB142F20146691E159A535C0D2B00F21D
:102BE000D18026FA03F3DB0740F1CC80012215A83F
:102BF0001AF09BFF169D002DEDD1DDF854902E4666
:102C000009EB050AA84607E01AF8010D08F1FF3B99
:102C100024F058F810B1D846B045F5D8B542A8EB25
:102C20000608C0F0F082AD1B4E440DF12C0945455D
:102C3000CDF8249028BF45460F2D0F9500F26581F1
:102C4000012D00F05E81002D40F0B1814A46002345
:102C50000A9553551598A04203D01799013107F0F2
:102C6000E1FD09A805230022AF491BF0C7F906467C
:102C7000002840F0C08026A814F098FAAB4BAC4A6C
:102C80003146ADF80C6126924296D3E901B2CDE906
:102C900044665BF80C3CCDF854B003F59073039296
:102CA0006B44CDE9466643F8CC2C15AB16965BF821
:102CB0000C0C184414F064FA9E4B1EA815931433A0
:102CC00026939D4BCDE918661793CDE91A66CDE999
:102CD0001C6608F0E5FB994B1F96179322ABDDE9C4
:102CE0000975209317B9002D40F093820F2D0F9591
:102CF00000F24581012D00F03E81002D40F0A581BC
:102D000022AB0DF13C084FF0000A2195204603F854
:102D100005A00823524620991F9353461AF058FCE9
:102D2000214626A8574614F02BFA11AB0022544630
:102D30000F930023CDF840A08DF844A0CDF820A03B
:102D4000CDE90623414615A807F0A2FD036853F814
:102D50000C3C1844426912F005026BD1BC4221D0F0
:102D6000109D04F108000F2D20600F9B059551D890
:102D7000012D4CD0002D56D16560183400F805A007
:102D80000794DFE7914602F1FF38002603E00136A1
:102D9000AE423FF435AF18F8010F23F093FF00283F
:102DA000F5D12DE72146424606A8FFF7F7FDDDE9FC
:102DB0000747C7E7052A00F025816148FFF77EFB3A
:102DC000A04512D008F10805464655F8080C854282
:102DD00000F0CB80B16818361835013107F022FDBC
:102DE000B442F2D1B8F1000F04D0A7EB080140467D
:102DF00007F018FD0127099848453FF4D1AE0B991B
:102E0000013107F00FFD384649B0BDE8F08F1B785F
:102E10002372B1E705A9204602931AF0E7FD059A4F
:102E2000029B2060A2602A46194626F014FF059DE9
:102E30002068A1E70F9811AB984203D01199013196
:102E400007F0F0FC3B4B20981593143326933B4B33
:102E5000179322AB984203D02299013107F0E2FC8C
:102E6000354B1EA8179307F017FE5BF80C3C26A8FD
:102E7000039A03F59073CDF854B06B4443F8CC2C0F
:102E80002B4B26930023169314F0D0F9DDF818800D
:102E9000A4EB0805182D00F08380D8F81C2089D9F0
:102EA000042A00F0B780052A00F08380302D84D9F1
:102EB000D8F83430002B80D0002215A91592D8F80C
:102EC000300023F00FFE159BD8F8302082469A423E
:102ED0003FF473AF1B78002B7FF46FAF431E022BC0
:102EE0003FF66BAFD8F81C205FFA80FB042A00F095
:102EF000B080052A00F0D18009991248FFF7DEFA68
:102F00005EE733788DF82C30A0E600220FA909A8DF
:102F10001AF06CFD0F9B09900B932A46314626F060
:102F20009AFE0F9D099A92E6803406081843070816
:102F3000183C0708344307088C430708B8420708C1
:102F4000EC3506082C3806083A460FA915A81AF0E1
:102F50004DFD0F9B1590179331462A4626F07BFEB8
:102F60000F9B159930E62046F6E718361835A6422D
:102F70007FF42BAF36E73B788DF88830C0E60DF153
:102F80003C08002220A841461AF030FD0F9B2090FB
:102F900022932A46394626F05EFE0F9D209BB2E61C
:102FA0009D48FFF78BFAA0457FF40CAF1AE748461F
:102FB000B3E79A49D8F8180024F0DAFF00287FF424
:102FC00075AF0025DFF88CA20FE0179B31469DF806
:102FD000602050460193169B00939DF85430FFF7F4
:102FE0006DFA012E3FF4ECAE012615A9F0B2CDE941
:102FF0001555CDE91755F3F76FF90028E5D1012EE6
:10300000F2D1DDE68549D8F8180024F0B1FF002898
:10301000D7D0D2E6D8F818301A78682A7FF446AFAD
:103020005A780133652A7FF441AF13F8012F6C2AD7
:103030007FF43CAF5B78702B7FF438AF7648FFF7B6
:103040003DFAA0457FF4BEAECFE622A80DF13C08C4
:103050009FE7D8F818301A78732A4BD06A2A7FF481
:103060004BAF5A780133752A7FF446AF13F8012F1E
:103070006D2A7FF441AF5B78702B7FF43DAF5846EB
:10308000F3F708FB032800F28A80654A52F82020F3
:1030900051466448FFF712FA92E66349D8F81800DF
:1030A00024F066FF00287FF427AF482D08D9D8F810
:1030B0004C30002B75D151465C48FFF7FFF97FE695
:1030C000024605460294ECB215A92046CDE9152228
:1030D000CDE91722F3F700F9002238B19DF854101A
:1030E00021B19DF86010594500F08A80002D39D13A
:1030F0000125E8E75A780133792A7FF4FDAE13F809
:10310000012F6E2A7FF4F8AE5B78632B7FF4F4AE68
:10311000482D4FF0000210D9D8F84C30DBB1159291
:1031200015A9D8F8480023F0DDFC159BD8F84820F5
:1031300006469A420FD01B786BB931465846F3F7D2
:1031400029F903280CD8364B53F82020514638482B
:10315000FFF7B4F934E651463648FFF7AFF92FE6EA
:10316000354AF3E700222C46F5B215A92846CDE9E9
:103170001522CDE91722F3F7AFF8002230B19DF800
:10318000541019B19DF86010002937D00EB92646A9
:10319000EAE751462948029CFFF790F910E6264AD3
:1031A00076E7002215A91592D8F8480023F09AFC7A
:1031B000159BD8F848209A423FF47DAF1B78002B2E
:1031C0007FF479AF01283FF676AFC5B2584629465D
:1031D000F3F71EF950B103280ED8114B53F82030E5
:1031E0002A4651461648FFF769F9E9E52A4651464D
:1031F0001448FFF763F9E3E50F4BF1E7029CE5E7BD
:103200002546029CE2E72B4632460F490F4813F051
:1032100073FF0F4813F067FF903406088C350608DB
:10322000A40A0708F0370608B4360608BC360608B4
:10323000783606083036060878340608003706085F
:1032400048370608A43706085030060868300608D4
:10325000ACE80508943506082DE9F0410446084617
:103260000E46EDF79DF807463CB3184D42F2014873
:10327000254403E0DB0707D5013C1ED015F8010DFE
:103280000D2828FA00F3F5D923F01CFD0028F3D10E
:10329000BC4215D10D4F344401E0B44212D017F8AE
:1032A000010B23F017FD054616F8010B23F012FD64
:1032B0008542F2D00020BDE8F081B7FA87F04009DE
:1032C000BDE8F0810120BDE8F08100BFB8280024EE
:1032D0002DE9F04FDFF8B4A2ADF5237DDFF8B0B2F1
:1032E00001F098F80446002840F0E28072B69AF89F
:1032F0000030002B00F03D819BF8003022A8A14D4A
:1033000003EBC31305EB830215F8236011465588C0
:1033100004312A4626F09FFC9BF80030013303F06D
:1033200007038BF800309AF80030013BDBB28AF8D3
:10333000003062B606F130020DF1300801210AA812
:10334000D2B2CDF828801AF0CCFB3A2301210DF13E
:103350004809ADF848300A9B0B9A4345CDE91091D6
:1033600011440AD00C98814202D90F2940F2CD8035
:103370006FF040439A4200F00181494601220AA8B9
:1033800016AC1AF079FD064618AF3146276051F8A1
:10339000083B8B4200F0C9802360B368A360736868
:1033A0000F2D63604FF000033160736033721EAE07
:1033B00004951C9600F29180012D00F08580002D6F
:1033C0007AD1324600231D955355236860681D9AB3
:1033D000BB4200EB020C00F0C180A5681C99AC4513
:1033E00006D9B14200F0C3801E9DAC4540F2A580D5
:1033F0006FF040431B1A9A4200F2C08020461AF038
:103400003BFD014606AD0346049551F8082B8A4260
:1034100000F09A800492826806925A68059200220F
:1034200019601A721C985A60B04203D01E9901317B
:1034300007F0F8F92068B84203D0A168013107F01D
:10344000F1F91098484503D01299013107F0EAF9D3
:103450000A98404503D00C99013107F0E3F9059F24
:10346000DDF810800F2F1C9627603FD8012F30D138
:1034700098F800308DF87830324600231CA81D974C
:10348000D355F1F7D9FF1C98B04203D01E990131F2
:1034900007F0C8F90498A8423FF422AF0699013119
:1034A00007F0C0F900F0B6FF044600283FF41EAF55
:1034B0000DF5237DBDE8F08F30462A4622A926F07F
:1034C000CAFB049D1C9A7DE79DF888308DF8783002
:1034D00077E7002FD0D0304610E0002204A91CA8C6
:1034E0001AF084FA049B1C901E93E6E70022214602
:1034F0001CA81AF07BFA23681C901E933A4641469A
:1035000026F0A9FB27681C9AB7E72146009210A86D
:1035100022461AF063FC064616AC18AF3146276007
:1035200051F8083B8B427FF437AF726838460291FE
:10353000013226F090FB029931E7002200901CA88E
:1035400011461AF04BFC5CE74268039028460132B2
:10355000029126F080FBDDE902135EE7BCF10F0F5C
:103560001C997FF645AFB1427FF43EAF46E70F2589
:103570003BE762B60DF5237DBDE8F08F024813F0FE
:10358000B5FD00BFB88E0024D42D0608DC9E0024B3
:10359000DD9E0024F8B50446C8200E46F5F750FC21
:1035A000DCB1002E19DD00F035FFB0B9104B1B78EF
:1035B0009BB1104D104F04E0F5F742FC384603F084
:1035C00077F94FF40041284603F028F90346C92053
:1035D000002BF1D000F01EFF00B1F8BDCA20F5F7B6
:1035E0002FFC2146B2B20548BDE8F84005F0E0BD29
:1035F0004C000024000C025828230024B021002491
:103600002DE9F0410446D2200E46F5F719FCDCB155
:10361000002E19DD00F0FEFEB0B9124B1B789BB1F5
:10362000114D124F04E0F5F70BFC384603F040F95A
:103630004FF40041284603F0F1F80346D320002B55
:10364000F1D000F0E7FE08B1BDE8F081D420F5F735
:10365000F7FB2146B2B24FF47A730548BDE8F0415A
:1036600005F0FCBB4C000024000C02582823002469
:10367000B0210024F8B504460E46B14D00F0CAFE54
:1036800038B1B04B9C4218BFAC421ED0AE4A9442F7
:103690001BD0AE4FBC4205D000224FF40051AC48C5
:1036A00003F0C2F8AC4234D0A64B9C4200F0E98053
:1036B000A54B9C421ED0BC427CD001224FF400514D
:1036C000A348BDE8F84003F0AFB8AC421ED09C421E
:1036D000A04BA14D12BF032002201D46B6F5007F6E
:1036E00040F22981294620464FF40072BDE8F84097
:1036F00007F074B8FFF79CF8002800F03F81974B63
:103700001A68D36843F00103D360F8BD0120944DDB
:10371000E4E7FFF78DF80028F1D140F22D10F5F71E
:103720008FFB002E00F08C818D4B9A1912F8012C22
:103730000A2A06D0B6F5007F03D20A21721C9955D9
:1037400096B2864C4FF6FE70197822687B29D368B2
:1037500003EA0003D36000F0CF8140F23710F5F7A1
:103760006FFB00F057FE731EB3F5007F80F07A8187
:10377000002840F077817B4D2B78072B00F2728177
:10378000794F0121794A3B7803EBC3139B00181D45
:10379000D15413447249104432465E8026F05BFADD
:1037A0003B78013303F007033B702B780133DBB226
:1037B0002B705BE100F02EFE00285AD14FF4987078
:1037C000F5F73EFB00F0FCFA002800F0748100F0F1
:1037D000F7FA002840F0538100F01CFE0446002850
:1037E00047D163493046FFF737FD002840F0D981C3
:1037F00060493046FFF730FD002840F0D581042EA7
:1038000040F2A0815C4C207823F064FA05467320D6
:1038100023F060FAA84240F09581607823F05AFACC
:103820000546692023F056FA854240F08B81A07846
:1038300023F050FA05466D2023F04CFA854240F003
:103840008181E07823F046FA0546752023F042FA9C
:10385000854240F07781207923F03CFA044620200D
:1038600023F038FA844240F06D8131464248F8F73F
:103870006FFD4FF4C04240493448BDE8F84006F0BF
:10388000ADBFFEF7D5FF00287FF439AF4FF4977036
:10389000F5F7D6FA002E00F0F7802E4B9A1912F8A1
:1038A000012C0A2A06D0B6F5007F03D20A21721C29
:1038B000995596B2294C4FF6FE70197822687B29EB
:1038C000D36803EA0003D36000F0228140F2411084
:1038D000F5F7B6FA00F09EFD731EB3F5007F80F099
:1038E000E580002840F0E2801E4D2B78072B00F287
:1038F000DD801D4F02211D4A3B7803EBC3139B0063
:10390000181DD15413441349104432465E8026F0EA
:10391000A2F93B78013303F007033B702B780133A6
:10392000DBB22B704FF4A170F5F78AFA4FF40072F6
:103930000849044876E03246294600F0A9FDD1E660
:103940001821002480200024E81F0024B021002436
:1039500000080258B88A0024B8880024DC22002419
:10396000B88C0024DC9E0024DE9E0024B88E002447
:10397000943806089C380608B828002440F22F1016
:10398000F5F75EFA002E00F0A080964B9A1912F817
:10399000012C0A2A06D0B6F5007F03D20A21721C38
:1039A000995596B2904C4FF6FE70197822687B2993
:1039B000D36803EA0003D36000F0B78040F24B10F5
:1039C000F5F73EFA00F026FD731EB3F5007F80F098
:1039D0008E80002840F08B80844D2B78072B00F2DE
:1039E0008680834F0321834A3B7803EBC3139B00FC
:1039F000181DD15413447B49104432465E8026F092
:103A00002AF93B78013303F007033B702B7801332D
:103A1000DBB22B704FF4A670F5F712FA4FF4007278
:103A20007049754806F0DAFE246801224FF400510F
:103A3000E36872481343E360BDE8F84002F0F4BE67
:103A4000694C4FF6FE706E4B22681978D3687B295B
:103A500003EA0003D3604FD040F23710F5F7F0F9D6
:103A600000F0D8FC674A1368013313604FF49C7070
:103A7000F5F7E6F94FF4007261496348D2E7314641
:103A8000624800F08FFAF4E6574C4FF6FE70604B38
:103A900022681978D3687B2903EA0003D36037D002
:103AA00040F24110F5F7CCF900F0B4FC554A136828
:103AB0000133136036E73146544800F047FA0028D6
:103AC0003FF485AEFEF728FE81E6474C4FF6FE70C8
:103AD000444B22681978D3687B2903EA0003D3603A
:103AE00023D040F24B10F5F7ABF900F093FC454AB8
:103AF0001368013313608DE732464149012000F01D
:103B0000C7FC0028B6D131463D48FFF743FDB1E779
:103B100032463F49022000F0BBFC00287FF406AF8C
:103B200031463B48FFF736FD00E732462D4903207A
:103B300000F0AEFC00287FF471AF31462948FFF752
:103B400029FD6BE733493046FFF786FB80BB2F4DDD
:103B500031462846F1F78AFF00287FF48AAE2E49C5
:103B60003046FFF779FB044688BB012E0BD92B7832
:103B700003F0DF034D2B06D1687823F0ABF86428FF
:103B800028D06C282AD025493046FFF765FB00284D
:103B90003FF475AF4FF4FA6000F022FCFAF738FBFF
:103BA00067E61F4B1C7064E61D4B01221A7060E62D
:103BB000FEF73EFE044600287FF45BAE00F030FCCA
:103BC0000A49184A0A4B0C7014701C7051E6F7F73A
:103BD0000FFB4EE6144B01221A704AE6124B1C7082
:103BE00047E600BFB8880024DC220024DC9E0024C5
:103BF000DE9E0024B88E0024E81F0024000802582E
:103C0000B88C0024D89E002418210024B828002451
:103C1000B88A0024A4380608E4090608C41F060868
:103C20004C000024DD9E0024BC0B0024294B98424C
:103C300010B5044617D0284B98422FD0274B9842F6
:103C40003AD0274B984200D010BD4FF4C04200211B
:103C5000244824F0B7F920464FF4C0422149BDE87A
:103C6000104006F0BBBDFEF7E3FD014688B94FF4F6
:103C700000721D4824F0A6F94FF400721A4920463C
:103C800006F0ACFD194B1A68D36843F00103D3600A
:103C900010BD2046BDE8104005F0D6BBFEF7C8FDBC
:103CA00001460028F5D14FF40072114824F08AF93A
:103CB0004FF400720E49E2E7FEF7BAFD0146002814
:103CC000E7D14FF400720B4824F07CF94FF40072F6
:103CD0000849D4E71821002480200024E81F00248C
:103CE000B0210024B8280024B88C0024DC22002451
:103CF000B88A0024B8880024002345F6A5224FF096
:103D0000820C60F30703080A00B561F30F2389B042
:103D100060F31743ADF800200A0C8DF802C0090EBD
:103D20000DF1010062F31F630DF1070E8DF807100E
:103D30004FF6FF7C41F22101CDF8033010F8013F2E
:103D40008CEA032C4FEA4C031CF4004F9BB218BFC3
:103D50004B405A001B0492B248BF4A405300120421
:103D60009BB248BF4B405A001B0492B248BF4A4026
:103D7000530012049BB248BF4B405A001B0492B23E
:103D800048BF4A40530012049BB248BF4B404FEA21
:103D9000430C1B041FFA8CFC48BF8CEA010C8645BF
:103DA000CCD14FF47A730A2269460448ADF808C0B2
:103DB00005F054F809B05DF804FB00BFB021002401
:103DC000084B187810B9084B187800B17047074BAA
:103DD00018780028FAD1064B1868003818BF01205F
:103DE000704700BF74BF012470BF012468BF012465
:103DF000649F0024F0B54F4E8BB0337833B94E4CEE
:103E00002378002B40F090800BB0F0BD4B4C4C4819
:103E10006168F2F779FAA3680546984279D00627D7
:103E20006078F2F745FA002301224FF4005145482B
:103E30003370C4E90033C4E9023302F0F5FC3E4CB0
:103E400048F201438422A7706560238045F6A523CC
:103E50000DF1090E0DF10F004FF6FF7CADF80830A3
:103E6000002341F2210162F307032A0A67F30F23BB
:103E700065F3174362F31F632A0C2D0ECDF80A3049
:103E80008DF80E208DF80F501EF8013F8CEA032CA0
:103E90004FEA4C031CF4004F9BB218BF4B405A0032
:103EA0001D0492B248BF4A40530012049BB248BF5F
:103EB0004B405A001F0492B248BF4A4053001604B8
:103EC0009BB248BF4B405A001D0492B248BF4A40C3
:103ED000530012049BB248BF4B404FEA430C1B04F3
:103EE0001FFA8CFC48BF8CEA010C8645CCD14FF4FC
:103EF0007A730A2202A91448ADF810C004F0AEFF8C
:103F0000002881D1C4E900000BB0BDE8F040FEF705
:103F100033BC63680A4A0090A1786078F2F768F9C8
:103F2000656828B100277EE76278A77865688DE725
:103F3000042775E770BF012468BF012474BF012402
:103F4000685F012400080258B0210024002918BF2E
:103F5000002830B504460CBF012000201ED004EB21
:103F6000010C0F4D1CF8012D01F1FF3EA2F10A03D7
:103F700032B1DBB2162B25FA03F206D8D30704D5EB
:103F80001FFA8EF10029EDD130BD0129FCD1207836
:103F9000A0F14200B0FA80F0400930BD002030BDF1
:103FA00009004000002900F00A822DE9F04F074681
:103FB00083B0002800F0F8818846B04CDFF8DC922E
:103FC0002378002B40F09880AD4E3068002800F038
:103FD000E48000EB0805B5F5404F40F24A81B8F5A2
:103FE000404F336000F2F7804546A64842463946C6
:103FF000019325F030FE012D356040F2D581DFF8C8
:10400000849209F102030093019B1F469D4A0121FE
:1040100003E0AB4200F07081194612F8010B4B1C13
:10402000A528F6D110785A28F3D1013940F08281C1
:10403000022D00F06B8199F802A0BAF1020F00F096
:1040400056815046FEF75AFA0246002800F0638176
:10405000014600F105083568A84500F257818A4BF2
:1040600041F2210C33F801B0981E009B03EB020EC5
:104070004FF6FF7310F8017F83EA07235F001B04EC
:10408000BFB248BF87EA0C077B003F049BB248BF22
:1040900083EA0C035F001B04BFB248BF87EA0C072A
:1040A0007B003F049BB248BF83EA0C035F001B0404
:1040B000BFB248BF87EA0C077B003F049BB248BFF2
:1040C00083EA0C035F001B04BFB248BF87EA0C07FA
:1040D0007B003F049BB248BF83EA0C038645C9D1ED
:1040E0009B4500F0E380013D68492A46481E23F0C5
:1040F0004FFF3560012789E76668D4F80CA0B6F554
:10410000C04F1DD8002511E0ADB21A4692B209EB9E
:104110000A000AEB020BB34518D825F09CFDB34505
:10412000DA46C4F80CB05BD0454554D2A8EB050282
:10413000A6EB0A03791993421D44E5D94546E5E704
:10414000A6EB0A06464594BFB5B245466078F2F73D
:10415000AFF84FF4C0420021484623F033FF4C4EE5
:10416000002301224FF400514A483370C4E9003360
:10417000C4E9023302F058FB474B012140F284426C
:10418000C3F804A01970A3F80120454523D2A8EB79
:1041900005082F441FFA88F812E707EB0805414687
:1041A000DFF8FCE015F8010D01F1FF3CA0F10A0277
:1041B00030B1D2B2162A2EFA02F015D8C20713D5A2
:1041C0001FFA8CF10029EDD13A78A52A14D1B8F55F
:1041D000404F7FF609AF0123184603B0BDE8F08FCA
:1041E00001232B4A1370D0E701293A78EDD1422AF6
:1041F000EBD1FEF707FBEEE77E1E00970125DFF807
:10420000A490DFF8A4A04FF0000B1F4609E00AF8C5
:1042100001200131C9F800106A1C4545154600F01F
:10422000C58016F8012F0A2A08D00D2AF4D0D9F833
:1042300000107F29EBD9C9F800B0EDE7B9F80010FC
:104240005046FEF7A1FC2278002818BF0746C9F89F
:1042500000B0002AE0D04545DED20197A8EB050169
:10426000009F89B27819FFF79DFE019B0343DBB2E3
:10427000B2E7DFF810904844B8E600BF74BF0124ED
:10428000649F0024689F00246B9F0024699F002482
:1042900070BF01240008025868BF0124685F012430
:1042A00009004000E09E0024E49E0024BAF1020FC1
:1042B0003BD1082A47D1D9F80370D9F807A07B1E53
:1042C000B3F5C04F43D339460420FFF715FD3568D9
:1042D00045451DD9A5EB080509EB080148462A46C6
:1042E00023F056FE012D35607FF404AF73E70821FB
:1042F0004FF00D080A46AFE66D1A484649442A4673
:1043000023F046FE012D35607FF492AE3B4663E715
:10431000002333605FE73568012DF9D9013D294954
:104320002A46481E23F034FEDCE750462649FEF7B5
:10433000EBF8CCE7A942DFD33B46002218463260B7
:1043400003B0BDE8F08F0120FFF7D6FCBFE70025E2
:10435000F1F73AFF1D4B01224FF400511C481D702C
:10436000C4E90055C4E9025502F05EFA194B29462A
:104370004FF4C04218481D60356023F023FEFEF75D
:10438000DDF901232A464FF400511148C4F808A072
:10439000A4F801506760E560237002F045FA3946E1
:1043A0002846FFF7A9FC92E7002315E7002F7FF4CA
:1043B00012AF084B1B68003B18BF01230CE700231A
:1043C00018467047699F00246B9F002470BF01242A
:1043D00000080258E09E0024685F0124704700BF77
:1043E00038B50B4D044600222B6804EB84042846A4
:1043F0005A6204F089FA600004D02B685B6A00BF3F
:104400009842FAD80248BDE8384004F0CBBA00BF61
:1044100044220024014B1878704700BFFCC20124DD
:1044200013490A781ABB02F0FF030122DFF858C0D3
:10443000F0B50A701A460F4C0F4F104EDFF84CE0E3
:104440000F4D0EF8032060340CF80320013347F8B9
:10445000042B032B06F8012B95E8030044F8600CAD
:1044600004F85C1CEDD1074B01221A70F0BD7047B7
:10447000FCC20124D4C1012488BF012484BF0124CB
:10448000C82C0608FBC20124F4C20124F8C201248E
:10449000AA4B1B782DE9F04F03F0FF04A3B08BB3B8
:1044A00000F1FF385FFA88F3022B2FD871B34AB3BB
:1044B0008F18A34B08EB48020E46DFF89CA203EBD3
:1044C0008213DFF888B2029401930AE05AF8283088
:1044D000BF2B20D80199CA5401334AF82830BE4274
:1044E0000FD016F8012B0A2AF0D1964B13F808309A
:1044F000ABB95C460023BE4204F808304AF82830C5
:10450000EFD1029C204623B0BDE8F08F0024204666
:1045100023B0BDE8F08F01230BF80830DFE78A4BAA
:104520008A4C13F80830002BE4D114F80830002B23
:10453000E0D108EB480282494FEA480001EB8211C2
:104540005AF82820059003910492002AD2D001390C
:104550007F48944604E0ED070AD501339C45C9D055
:1045600011F8012F093AD2B2172A20FA02F5F2D92E
:1045700004999942BED9039AD25C7B2ABAD103F13D
:10458000010C6145B6D9039A0D46134406E010F0BC
:10459000010F0CF1010CADD06545ABD913F8011F2B
:1045A0006B48A1F10902D2B2172A20FA02F0EED923
:1045B000049B63459ED922299CD10CF101029946A6
:1045C0002346644615460692039A2846451E15441E
:1045D00009E015F8011F22290BD01F2907D95C29F2
:1045E00000F0FF806046814500F1010CF1D81C46C7
:1045F00080E7E146A446069A0546A0EB0C0C1C4653
:10460000BCF1080F7FF476AF039B5249981807223C
:1046100023F0AEFC00287FF46DAF049A4A457FF684
:1046200069AF039B02F1FF391D44994405E0C007BF
:104630007FF560AFA9453FF45DAF2B4615F8011F2C
:104640004348A1F10902D2B2172A20FA02F0EED9AA
:104650003A297FF44FAF0233039A04999B1A994287
:104660007FF648AF013B134405E0E9077FF542AF11
:1046700099453FF43FAF184613F8011F344DA1F19F
:104680000902D2B2172A25FA02F5EED9039BC3F12B
:104690000102049B024493427FF62CAF22297FF44F
:1046A00029AF02F1010C1D4607922346424660469F
:1046B000B846039C37466646CDF8189000F1FF3C9B
:1046C000A44409E01CF8011F22290ED01F2907D994
:1046D0005C2900F09D807046854200F1010EF1D802
:1046E0003E461C464746904604E7B4463E4647468B
:1046F0009046079A0546DDF818901C46821A911ECE
:10470000013A5E293FF6F6AE039B0AA8069203EB38
:104710000C01CDF81CE025F09EFA069A002102F16A
:1047200088030DEB0302079B02F8601C049A9A426F
:104730007FF6E0AE039B1D4416E000BFFCC20124DF
:1047400094BF0124F4C20124F8C2012484BF0124CF
:1047500013008000B438060888BF0124C2077FF523
:10476000C9AEA9453FF4C6AE294615F8012F7948D0
:10477000A2F10903DBB2172B20FA03F0EED97D2A50
:104780007FF4B8AE039B0231A1EB030C049B63459D
:1047900014D90CF1FF32039B6E491344049D1A4651
:1047A00012F8013F093BDBB2172B21FA03F005D8C1
:1047B000C30703D50CF1010C6545F1D8049B634593
:1047C0007FF498AE059B0AA96348434400EB43106D
:1047D00025F039FABFF35F8F0123604A02F80830F1
:1047E00088E6E1457FF603AF12F80C10851C00291E
:1047F0003FF4FDAE75296DD05948CDE9072323F06C
:10480000F8FBDDE9072300283FF4F1AE2846DDE69A
:1048100075457FF665AF14F80E1000F10209002906
:104820003FF45EAF75290BD04D48CDE9082323F046
:10483000E0FBDDE9082300283FF452AF48463DE79E
:104840004D457FF64DAF14F8091000F1030C21F02F
:10485000200EAEF1410EBEF1050F03D93039092902
:104860003FF63EAF65457FF63BAF14F80C1000F104
:10487000040C21F0200EAEF1410EBEF1050F03D95C
:10488000303909293FF62CAF65457FF629AF14F87A
:104890000C1000F1050C21F0200EAEF1410EBEF11E
:1048A000050F03D9303909293FF61AAF65457FF660
:1048B00017AF14F80C1021F0200CACF1410CBCF136
:1048C000050F03D9303909293FF60AAF00F106096F
:1048D0004846F3E6A9457FF68AAE515DC51C21F036
:1048E000200CACF1410CBCF1050F03D9303909297A
:1048F0003FF67DAEA9457FF67AAE515D051D21F0EC
:10490000200CACF1410CBCF1050F03D93039092959
:104910003FF66DAEA9457FF66AAE515D451D21F0AB
:10492000200CACF1410CBCF1050F03D93039092939
:104930003FF65DAEA9457FF65AAE515D21F02005E8
:10494000413D052D03D9303909293FF650AE851D6B
:1049500028463BE613008000D4C10124F8C201249C
:10496000A83806086D4B1A78002A00F0D68000227D
:1049700001212DE9F0476A4C90466A4EADF5067D5F
:10498000694FDFF8C0A1DFF8C0911A70217056237B
:104990008DF8183000F06AF9054608E0022B1DD1A9
:1049A00001F086FF00F062F9401B312816D805237C
:1049B000012206A9304604F051FA03463846002B7E
:1049C000ECD108F10108B8F1030F0FD0012398458D
:1049D0000CBF56464E4604F80830D8E7002304F8CA
:1049E000083008F10108B8F1030FEFD100F03EF9EB
:1049F00040F2DB574D4D0646DFF82C810AE02B785C
:104A000083B9637803B16B78A37803B1AB78404680
:104A100001F04EFF00F02AF9801BB8420AD8237833
:104A2000002BECD1637813B16B78002BECD0A3781A
:104A3000002B43D1EFF3108272B600232370637012
:104A4000A37082F310883A4B4FF400713948A3F1F8
:104A50006004394ACDE901300094C03B06A823F038
:104A600081F9431E0746B3F5FF7F2BD900272D4D53
:104A70002D4EDFF8D090DFF8D08052238DF817301C
:104A800000F0F4F8044606E001F012FF00F0EEF842
:104A9000001B31280AD8052301220DF117012846F1
:104AA00004F0DCF903463046022BEDD00137032F2A
:104AB0002CD0012F0CBF4D464546DEE7AB78002BCE
:104AC000A5D0B7E700F0D2F81C4DDFF8808004468F
:104AD000154E09E000F0CAF8034630461B1BB3F53B
:104AE000967FC3D201F0E4FED5F88830202BF1D1B7
:104AF0004FF40041404601F091FE0028EAD06423C3
:104B0000BAB206A90D4804F0A9F9AFE70C4B002290
:104B10001A700DF5067DBDE8F0877047FBC20124D1
:104B2000F4C201241821002428230024F8C20124FF
:104B300094C2012450000024BC380608B02100248F
:104B4000FCC2012480200024E81F0024000C02582D
:104B5000DFF838D0FFF742FCFDF74CFC0C480D495C
:104B60000D4A002302E0D458C4500433C4188C42C8
:104B7000F9D30A4A0A4C002301E013600432A2422E
:104B8000FBD325F037F8F3F7C1FC70470000082489
:104B90000000002420030024A4510708200300245F
:104BA000E0D60124FEE700000F4B1B780BB9012073
:104BB000704710B504464FF47A700C4AB0FBF3F31B
:104BC0001068B0FBF3F000F0CBF80F2C00D808B160
:104BD000012010BD002221464FF0FF3000F076F892
:104BE000034B00201C6010BD660000244800002418
:104BF0006800002410B50320124C00F055F802F0B4
:104C0000EBF9114B11499A699B69C2F3032203F036
:104C10000F038A5CCB5C02F01F020D4903F01F03F7
:104C2000D04020FA03F308600F202360FFF7BCFF99
:104C300010B10124204610BD0446FDF74DF9204671
:104C400010BD00BF4400002400440258940A070825
:104C500048000024034A044B11681B780B4413607E
:104C6000704700BF00C3012466000024014B186890
:104C7000704700BF00C3012438B50446FFF7F6FFB4
:104C80000546631C02D0044B1B781C44FFF7EEFF63
:104C9000401BA042FAD338BD66000024014B1868BF
:104CA000000C70470010005C06494FF6FF0C000234
:104CB000054BCA6800F4E06002EA0C0210430343AB
:104CC000CB60704700ED00E00000FA051A4BDB688E
:104CD000C3F3022300B5C3F1070E03F1040CBEF1C8
:104CE000040F28BF4FF0040EBCF1060F1AD9A3F130
:104CF000030C4FF0FF3303FA0CF322EA03024FF0E8
:104D0000FF33002803FA0EF321EA030303FA0CF33E
:104D100043EA02034FEA0313DBB206DB074A1354EC
:104D20005DF804FB00229446E9E700F00F00044A16
:104D300013545DF804FB00BF00ED00E000E400E068
:104D400014ED00E0002807DB012300F01F01034AF7
:104D500040098B4042F82030704700BF00E100E07E
:104D6000431EB3F1807F01D3012070474FF0E02252
:104D7000002005494FF0F00C5361072381F823C050
:104D800090611361704700BF00ED00E036490246B4
:104D900003688B4233D01831591AB1FA81F14909AD
:104DA00069BB324883423ED0183083423ED018302F
:104DB000834234D0183083423BD0183083423ED0F7
:104DC000183083422AD000F55670834235D02849E6
:104DD0008B4231D018318B4234D018318B4234D0D1
:104DE00018318B4234D018318B4234D018318B4279
:104DF00034D018318B4234D023F0FF0011E0DBB205
:104E00001C491D48103BA1FB031310B41B091B4C8C
:104E1000E15C5DF8044BC2E91601704716211848A1
:104E2000D1659065704710211348F9E716211248A3
:104E3000F6E706211248F3E706211248F0E71021B1
:104E40000F48EDE710210F48EAE716210D48E7E784
:104E500000210D48E4E706210B48E1E710210A484C
:104E6000DEE716210848DBE7100002404000024060
:104E700028040240ABAAAAAA00000240B40A07080C
:104E80000400024000040240040402400268284B6F
:104E9000284930B4284D294CAA4218BF9A420CBF69
:104EA000012300238A4208BF43F001032831A242B4
:104EB00008BF43F0010328348A4208BF43F00103CE
:104EC0002831A24208BF43F001038A4208BF43F0E1
:104ED0000103D1B213B91A4B9A4211D1A1F10803BF
:104EE000184C194A0121A4FB0343184C1D0902EB7D
:104EF0001313A9409B008166C0E9183430BC704789
:104F0000A1F110031249134C1144A4FB0343A82937
:104F10004FEA131308D903F01F040F4A01211A4462
:104F2000A1400E4C9300E6E708331C46F5E700BFAE
:104F300008540258305402581C5402584454025821
:104F400094540258CDCCCCCC009600168058025810
:104F5000F0FBFDBFABAAAAAA0082001080080240A5
:104F60002DE9F04F054683B0FFF780FE002D00F0DD
:104F7000A1812C680646AC4BAC4A944218BF9C42B7
:104F800002F118020CBF01230023944208BF43F032
:104F900001031832944208BF43F0010318329442CF
:104FA00008BF43F001031832944208BF43F00103E5
:104FB0001832944208BF43F001031832944208BFEC
:104FC00043F0010302F55672944208BF43F0010317
:104FD0001832944208BF43F001031832944208BFCC
:104FE00043F001031832944208BF43F00103183222
:104FF000944208BF43F001031832944208BF43F0C3
:1050000001031832944208BF43F001031BB9884BD7
:105010009C4240F096810023022285F8343085F8C6
:105020003520236823F00103236006E0FFF71EFE0E
:10503000801B052800F242812C682368DF07F5D425
:10504000D5E9023029690343AA6920680B436969DD
:105050000B43E96913430B4376490140286A034334
:1050600075480B43696A042900F03D8100686FF3BD
:105070000F00B0F1005F80F0F1802360636923F0DE
:1050800007030B4363612846FFF780FEEA6D3F2369
:105090006A4902F01F026A4F611A6A4E93406A4AD7
:1050A000B1FA81F1E71B8360A4EB020A674B49095F
:1050B0005E4ABAFA8AFAA4EB03095B4B4FEA5A1A22
:1050C000B7FA87F7944218BF9C4202F11802B9FA66
:1050D00089F9A4EB06060CBF012300234FEA5919F6
:1050E000B6FA86F6944208BF43F0010318327F09EE
:1050F000944208BF43F0010318327609944208BF76
:1051000043F001031832944208BF43F00103183200
:10511000944208BF43F001031832944208BF43F0A1
:10512000010302F55672944208BF43F0010318329E
:10513000944208BF43F001031832944208BF43F081
:1051400001031832944208BF43F00103183294421D
:1051500008BF43F001031832944208BF43F0010333
:105160001832944208BF43F001031832944208BF3A
:1051700043F00103364A4AEA0303A4EB02083C3237
:105180000B43B8FA88F8A4EB020B143249EA030384
:105190004FEA5818BBFA8BFBA21A48EA03034FEAFE
:1051A0005B1BB2FA82F23B435209334301925BEA42
:1051B000030300D182B328460091FFF767FEAB6876
:1051C0000099802B00F083806A682B6ED0B2013A80
:1051D000D5E9194C072A1860C4F804C07ED84AEAF9
:1051E000010A441E49EA0A0948EA090847EA080789
:1051F0003E435BEA060603D1019B002B00F01D81B4
:10520000144A15490244920001230020A340C5E935
:105210001B216B6710604B6000200123686585F8D7
:10522000353003B0BDE8F08F100002402800024086
:10523000B80402403F8010FE0010005C1C5402586D
:10524000585402586C5402580854025830540258AA
:10525000445402583F9600164059025868682E2858
:1052600032D93F38132806D87A4E26FA00F0C00704
:1052700001D543F4801323600429636923F00703F5
:1052800043EA01037FF4FEAEE86AA96A0B430028F3
:105290003FF4F8AE002A38D101294DD031F0020296
:1052A0007FF4F0AEC2017FF5EDAE402201236A65C6
:1052B00085F83530012003B0BDE8F08F20220323AC
:1052C0006A6585F83530F5E72828D4D9D1E7002379
:1052D000A96ED5E918026B60036051600023C5E92F
:1052E0001B336B6798E70668D5E90B076FF30F066A
:1052F0000743B6F1005F43EA0703AFD22360636957
:1053000023F0070343F00403BFE7B2F5005F04D0C6
:105310000229CAD90329C5D0B4E603293FF6B2AEA3
:1053200001A252F821F000BFAB520308A5520308B6
:10533000AB52030839530308B0F1C07F7FF4A2AE2B
:10534000B3E7454A4549464BA4EB020A611A454F6B
:10535000A4EB0309BAFA8AFA1433B1FA81F14FEADD
:105360005A1AB9FA89F9A4EB030849094FEA5919FD
:10537000E71BB8FA88F84AEA01033B4E78324FEA55
:10538000581849EA0303B7FA87F7A61BA4EB020BE8
:1053900048EA03037F09B6FA86F61432BBFA8BFBA0
:1053A0003B437609A21A4FEA5B1B3343B2FA82F2FF
:1053B0005BEA03034FEA5212019201D1002A43D063
:1053C0000223DFF8B8E085F83530002385F8343063
:1053D000AB682268402B02EA0E0E33D0A3F18003A3
:1053E000B3FA83F35B0998030091D5E9033243EAEA
:1053F000020C6A69AB694CEA020C1C4A4CEA030CC9
:10540000EB6922444CEA030C2B6A4EEA131343EA7D
:10541000DC031843164BA3FB0223206028461B091C
:105420009B00EB65FFF7B2FCEB6D0246009903F0C1
:105430001F00012383405360BDE60E4A0E4902441B
:105440009200E1E61020CFE7402203236A6585F849
:1054500035302FE70F030F00085402581C54025830
:1054600030540258585402586C540258F8ABFDA7F7
:10547000CDCCCCCC3F820010400902400F00FEFF93
:10548000002800F021822DE9F04790F83440012CEB
:1054900000F01782012480F8344090F83540012C48
:1054A00008D04FF400620023426580F834300120B8
:1054B000BDE8F0870224694EDFF8A8E180F83540A6
:1054C0000024674D44650468DFF8AC81744518BF5B
:1054D000B442DFF8A8C1D0F858A00CBF01260026BE
:1054E000444514BFB14646F00109AC4218BF6445BB
:1054F0000CBF0125002540F0C380D4F800C02CF07B
:10550000010CC4F800C0D0F86CC0D0E919767E60F8
:10551000BCF1000F07D0D0E91C6777601DB9B9F165
:10552000000F00F03081C76D4FF03F0E07F01F08ED
:105530000EFA08FECAF808E0276827F480272760DB
:1055400063608368402B00F0C181A160E260026C5F
:10555000002D40F0A181434B9C4200F0DE811833C6
:105560009C4200F0F681B9F1000F40F0C7813E4B3C
:105570009C4200F001823D4B9C4200F009821833AE
:105580009C4200F0238203F556739C4200F0338264
:1055900018339C4200F0428218339C4200F049824A
:1055A00018339C4200F0508218339C4200F057821E
:1055B00018339C4200F0678218339C4200F06582E9
:1055C00018339C4200F07582236823F00E0343F0E9
:1055D0000A0323601AB1236843F004032360244BB9
:1055E000244A944218BF9C4202F114020CBF0123CA
:1055F0000023944208BF43F001031432944208BFD1
:1056000043F001031432944208BF43F00103143203
:10561000944208BF43F001031432944208BF43F0A0
:1056200001031432944208BF43F001037BB1036EBF
:10563000D0F86CC01A68D20300F13E81BCF1000FB3
:1056400005D0DCF8003043F48073CCF800302368D8
:10565000002043F001032360BDE8F08770000240A2
:10566000280002404000024088000240A0000240A2
:10567000085402581C5402585800024010000240BE
:10568000744500F05481444500F05A81B9F1000F8F
:1056900040F01F81DFF834C4644500F064810CF1F0
:1056A000180C644500F080810CF1180C644500F082
:1056B00084810CF5567C644500F094810CF1180C43
:1056C000644500F0A2810CF1180C644500F0B38130
:1056D0000CF1180C644500F0B9810CF1180C64450C
:1056E00000F0BF810CF1180C644500F0C3810CF18F
:1056F000180C644500F0CB810CF1180C644500F0E7
:10570000CF81DFF8CCC3DFF8CCE3744518BF644524
:105710000EF1280E0CBF4FF0010C4FF0000C744539
:1057200008BF4CF0010C0EF1140E744508BF4CF08C
:10573000010C0EF1140E744508BF4CF0010C0EF173
:10574000140E744508BF4CF0010CD4F800E02EF0A4
:10575000010EC4F800E0DFF880E3744508BF4CF0A8
:10576000010CBCF1000F03D1DFF870C364454FD1C9
:10577000D0F86CC0D0E919677760BCF1000F02D097
:10578000D0E91C677760DFF844E3DFF854834445D1
:1057900018BF744508F118080CBF4FF0010E4FF008
:1057A000000E444508BF4EF0010E08F556784445FA
:1057B00008BF4EF0010E08F11808444508BF4EF02E
:1057C000010E08F11808444508BF4EF0010E08F11B
:1057D0001808444508BF4EF0010E08F1180844456A
:1057E00008BF4EF0010E08F11808444508BF4EF0FE
:1057F000010E08F11808444508BF4EF0010EBEF135
:10580000000F7FF490AEDFF8DCE274453FF48BAE1E
:10581000DFF8C0C2DFF8B8E2744518BF64450EF186
:10582000140E0CBF4FF0010C4FF0000C744508BF74
:105830004CF0010C0EF1140E744508BF4CF0010C35
:105840000EF1140E744508BF4CF0010C0EF1140E4D
:10585000744508BF4CF0010C0EF1140E744508BFDE
:105860004CF0010CBCF1000F04D1DFF870C26445AC
:1058700040F02581C66D4FF0010C06F01F0E0CFAAA
:105880000EFCCAF804C063608368402B00F01381EB
:10589000A160E260026C5EE6236823F01E0343F021
:1058A000160323601AB1236843F008032360036ED4
:1058B0001A68D2037FF5C2AE1A6842F480721A6089
:1058C000BCE60220BDE8F08701207047A260E160DD
:1058D0003DE6DFF8F0E1DEF870C02CF0010CCEF808
:1058E00070C0D0F86CC0D0E919677760BCF1000FC8
:1058F0003FF419AED0E91C67776014E671490B6F6D
:1059000023F01E0343F016030B67002A3FF48FAE0B
:10591000236843F00803236089E66A490B6C23F08F
:105920001E0343F016030B64002AF1D17FE6DFF873
:1059300094E1DEF840C02CF0010CCEF840C0E2E566
:10594000DFF880E1DEF858C02CF0010CCEF858C02A
:10595000C7E75C498B6D23F01E0343F016038B658C
:10596000002AD5D163E6DFF85CE1DEF888C02CF0D0
:10597000010CCEF888C0FBE65249D1F8883023F0FC
:105980001E0343F01603C1F88830002AC0D14EE64A
:105990004C49D1F8A03023F01E0343F01603C1F8A0
:1059A000A030002AB4D142E6DFF818E1DEF8A0C04A
:1059B0002CF0010CCEF8A0C0DAE6DFF808E1DEF842
:1059C000B8C02CF0010CCEF8B8C0D1E63D49D1F8F2
:1059D000B83023F01E0343F01603C1F8B830002A94
:1059E00096D124E6DFF8E0E0DEF810C02CF0010CE0
:1059F000CEF810C0BCE634490B6923F01E0343F017
:105A000016030B61002A83D111E6DFF8BCE0DEF853
:105A100028C02CF0010CCEF828C0A9E62A498B6AD0
:105A200023F01E0343F016038B62002A7FF470AF4D
:105A3000FDE5254972E7DFF890E0DEF840C02CF084
:105A4000010CCEF840C093E61F4983E7DFF878E009
:105A5000DEF858C02CF0010CCEF858C088E61A4980
:105A60004DE7DFF864E0DEF870C02CF0010CCEF8F2
:105A700070C07DE6DFF850E0DEF888C02CF0010C45
:105A8000CEF888C074E6104977E70F4981E7DFF860
:105A900038E0DEF8A0C02CF0010CCEF8A0C067E61C
:105AA000DFF824E0DEF8B8C02CF0010CCEF8B8C066
:105AB0005EE605498BE7A260026CE1604BE5026C93
:105AC00055E500BF0000024000040240880002408B
:105AD0001C540258085402588054025894540258D6
:105AE000A0000240B804024070B50446FFF7BEF8BB
:105AF000002C6DD094F83530022B64D12568064611
:105B0000AD4B9D4266D018339D4263D018339D4201
:105B100000F0F38018339D4200F01A8118339D4243
:105B200000F0258118339D4200F0FF8018339D421C
:105B300000F02E8118339D4200F04A8103F5567320
:105B40009D4200F0588118339D4200F06381183364
:105B50009D4200F06E8118339D4200F06C81183335
:105B60009D4200F06A8118339D4200F0688118332D
:105B70009D4200F0688118339D4200F062812B68DD
:105B80008E4A23F00E0395422B6000F0BF808C4BB1
:105B90009D4200F0BB8014339D4200F0B780143367
:105BA0009D4200F0B38014339D4200F0AF80143367
:105BB0009D4200F0AB8014339D4200F0A780143367
:105BC0009D4214D1A2E080220023626584F8343023
:105BD000012070BD2B68226E23F01E032B606B69C1
:105BE00023F080036B61136823F4807313602B68C8
:105BF00023F001032B6005E0FFF738F8831B052B2A
:105C000000F28A802B68DB07F6D423686A49E26DCC
:105C10008B42A06D02F01F025ED018318B425BD028
:105C200018318B4258D018318B4255D018318B42E5
:105C300052D018318B424FD018318B424CD0183192
:105C40008B4249D001F556718B4245D018318B42B9
:105C500042D018318B423FD018318B423CD01831A2
:105C60008B4239D018318B4236D018318B4233D029
:105C700018318B4230D001219140514A41604F4848
:105C80005049834218BF934200F13C000CBF0122EF
:105C900000228B4208BF42F001022831834208BF34
:105CA00042F0010228308B4208BF42F00102283145
:105CB000834208BF42F001028B4208BF42F001025A
:105CC0006AB9414A93420AD000230122184684F857
:105CD000352084F8343070BD3F2393408360E36EF9
:105CE000D4E919215160002BEED01A68D4E91C10B8
:105CF00022F480721A604860E6E7344B1A6C22F096
:105D00001E021A645A6D22F080025A65226E1368D0
:105D100023F4807313606AE7202103220023616566
:105D200084F8343084F8352052E7284BD3F88820A3
:105D300022F01E02C3F88820D3F89C2022F08002B3
:105D4000C3F89C20226E136823F4807313604EE71F
:105D50001E4B9A6D22F01E029A65DA6E22F08002C6
:105D6000DA66226E136823F4807313603FE7174BE3
:105D70001A6F22F01E021A67D3F8842022F08002E4
:105D8000C3F88420226E136823F4807313602EE717
:105D90000E4BD3F8A02022F01E02C3F8A020D3F8A7
:105DA000B42022F08002C3F8B420226E136823F4DA
:105DB000807313601BE700BF1000024008540258B4
:105DC0001C540258305402589454025800000240A7
:105DD0001E4BD3F8B82022F01E02C3F8B820D3F827
:105DE000CC2022F08002C3F8CC20226E136823F46A
:105DF00080731360FBE6164B1A6922F01E021A61CB
:105E00005A6A22F080025A62226E136823F4807369
:105E10001360ECE60E4B9A6A22F01E029A62DA6B6D
:105E200022F08002DA63226E136823F48073136019
:105E3000DDE6074B62E7064B8BE7054B98E7044B23
:105E400074E7034BC5E7024BA3E700BF0000024025
:105E500000040240002862D038B590F83530022B9B
:105E600059D10268574B584C5849A24218BF9A4220
:105E700004F130040CBF012300238A4208BF43F021
:105E800001033031A24208BF43F0010330348A429B
:105E900008BF43F001033031A24208BF43F00103C1
:105EA00030348A4208BF43F0010301F55C71A2421D
:105EB00008BF43F0010304F55C748A4208BF43F055
:105EC00001033031A24208BF43F0010330348A425B
:105ED00008BF43F001033031A24208BF43F0010381
:105EE00030348A4208BF43F001033031A24208BF78
:105EF00043F001038A4208BF43F0010313B9344B56
:105F00009A420ED1042380F83530136823F0010340
:105F10001360002038BD80234365012038BD012077
:105F200070472C4B2C4D1168AA4218BF9A422B4C3B
:105F300021F00E0105F13C050CBF01230023116087
:105F4000A24208BF43F0010311682834AA4208BFE7
:105F500043F0010321F00101A24208BF43F0010315
:105F600014341160A24208BF43F001031C498A4265
:105F700008BF43F0010313B91A4B9A4217D101230A
:105F8000856DD0E91714226801F01F0122F4807298
:105F90008B4022606B60C36ED0E91921516033B130
:105FA0001A68D0E91C1422F480721A604C60012136
:105FB0000022036D80F8351080F83420002BA8D023
:105FC0009847A6E710000240280002404000024027
:105FD000B80402401C540258085402583054025865
:105FE0008054025894540258F0B50022944B83B068
:105FF000856D07461E680192924B026892482C6894
:10600000824218BF9A4200F1180029680CBF012390
:106010000023824208BF43F001031830824208BFC8
:1060200043F001031830824208BF43F001031830E7
:10603000824208BF43F001031830824208BF43F098
:1060400001031830824208BF43F0010300F5567087
:10605000824208BF43F001031830824208BF43F078
:1060600001031830824208BF43F001031830824216
:1060700008BF43F001031830824208BF43F0010318
:106080001830824208BF43F001031830824208BF33
:1060900043F001031BB96D4B9A4240F02F81FB6D19
:1060A000082103F01F03994021420BD010684007DC
:1060B00008D5106820F004001060A960796D41F0E7
:1060C0000101796524FA03F1C80709D55169090668
:1060D00006D501219940A960796D41F002017965E9
:1060E00004219940214207D01068800704D5A96097
:1060F000796D41F00401796510219940214200F049
:10610000B0801068000740F1AC80A960116811F4FC
:10611000802F116840F09E80C90503D4116821F0DA
:1061200008011160396C002900F09B8038468847CF
:10613000FB6D202103F01F039940214253D03A68A0
:106140004048414CA24218BF824204F118040CBFDF
:1061500001200020A24208BF40F001001834A242F2
:1061600008BF40F001001834A24208BF40F001000F
:106170001834A24208BF40F001001834A24208BF00
:1061800040F001001834A24208BF40F0010004F5BD
:106190005674A24208BF40F001001834A24208BF62
:1061A00040F001001834A24208BF40F0010018344A
:1061B000A24208BF40F001001834A24208BF40F0DC
:1061C00001001834A24208BF40F001001834A24276
:1061D00008BF40F00100002847D11C48824244D04B
:1061E0001068800744D47B6D002B70D07B6DDC077A
:1061F0001ED53A68042187F8351015491368A1FBAC
:10620000066123F00103890A136002E01368D807CE
:1062100004D5019B01338B420193F7D91368DB0747
:106220004CBF0323012387F83530002387F834302F
:10623000FB6C002B4BD0384603B0BDE8F04018474C
:10624000480000241000024028000240B804024028
:10625000B5814E1B08037FF565AFB96C00297FF44B
:1062600065AF202199400C42BDD01068C406BAD554
:10627000A96097F8351004290ED0136813F4802F05
:10628000136826D01D0331D5FB6B002BABD03846ED
:1062900098477B6DDBB1A9E7116821F01601116009
:1062A000516921F080015161396C19B3116821F0F5
:1062B000080111603F22012102FA03F30022AB60C2
:1062C0003B6D87F8351087F83420002BB3D103B02D
:1062D000F0BD13F48073D7D1116821F01001116063
:1062E000012287F8343087F83520CDE77B6C002B0E
:1062F000CDD178E7B96C0029D8D1DBE7404B4148D4
:10630000824218BF9A4200F114000CBF01230023FF
:10631000824208BF43F001031430824208BF43F0B9
:1063200001031430824208BF43F00103143082425B
:1063300008BF43F001031430824208BF43F0010359
:1063400013B9314B9A42C2D1F86D0424136800F09E
:106350001F0084400C420BD05E0709D519046C6005
:1063600032D5DA0336D4BB6C002B7FF464AFAEE7D2
:10637000022484400C420BD09E0709D519046C609E
:106380002DD5DA0337D47B6C002B7FF454AF9EE716
:10639000082484400C429AD01B0798D5136800212A
:1063A00023F00E0313600123FA6C03FA00F0686017
:1063B0007B6587F8341087F83530002A87D0384657
:1063C00003B0BDE8F04010479B0603D4136823F0E8
:1063D000040313603B6C002B7FF42DAF77E713F0C1
:1063E000200308D11168012021F00A01116087F80B
:1063F000350087F83430FB6B002B7FF41CAF66E769
:10640000085402581C54025894540258406D704766
:106410000B68002B00F0DC81B44A90424FF0000280
:106420002DE9F04F4FF0010B85B000F005814FF0E2
:10643000B04E00930BFA02FC009B1CEA030A00F02A
:106440004B814D685400032305F0030703FA04F65B
:1064500007F1FF38F643B8F1010F40F25D81032FD9
:1064600040F0CF8107FA04F4076815F4403F06EACC
:10647000070644EA0604046000F02E819C4E02F0F8
:1064800003070F23D6F8F440BF0044F0020403FAD8
:1064900007FC984BC6F8F440D6F8F44022F0030607
:1064A000984206F1B04604F0020406F580660394B3
:1064B000039CB46824EA0C0400F078818E4B984267
:1064C00000F0DE80DFF834C2604500F07B81DFF849
:1064D00030C2604500F07D81DFF828C2604500F0E1
:1064E0006B81DFF824C2604500F07981DFF81CC2BF
:1064F000604500F07A81DFF818C2604500F07B81CA
:10650000DFF810C260450CBF4FF0090C4FF00A0CC9
:106510000CFA07F73C43B8E0D0F80890022CCE689C
:106520000AEA090906FA07F848EA0908C0F80880E3
:10653000C5F30018D0F8049008FA02F829EA0E0E04
:1065400048EA0E0EC0F804E0D0F80C808E680AEA23
:10655000080806FA07FE4EEA080EC0F80CE017D14C
:1065600002F0070E0E694FEAD2084FEA8E0E00EBDA
:10657000880806FA0EF6D8F8209000960F2606FA3C
:106580000EFE009E29EA0E0946EA090EC8F820E030
:10659000BC40076815F4403F07EA0A0744EA0704CD
:1065A000046045D0524F0F26D7F8F44044F002045F
:1065B000C7F8F440D7F8F44022F0030704F00204CF
:1065C00007F1B047039407F58067039C02F00304CA
:1065D000D7F808E0A40006FA04F4EE022EEA040458
:1065E000BC604FF0B0446FEA0C07246800F1D28021
:1065F0003C404FF0B04634607468AE0200F1D38086
:106600003C404FF0B0467460D6F88440AE0300F1D1
:10661000C7803C404FF0B046ED03C6F88440D6F842
:10662000804000F1BA803C404FF0B045C5F8804052
:10663000013233FA02F455D00BFA02FE13EA0E0CC3
:10664000F6D04D685700032605F0030406FA07F854
:106650006FEA080A04F1FF38B8F1010F7FF65CAF6A
:10666000032C95D0DFF884808E68D8F80C9006FA59
:1066700007FE0AEA09094EEA090EC8F80CE087E7A6
:106680004FF0020C0CFA07F73C43B460EF02DEF85F
:1066900000406FEA0A064CBF4AEA04043440AB02E9
:1066A000CEF80040DEF8044054BF34404AEA040407
:1066B000AF03CEF80440DEF8844054BF34404AEAC9
:1066C0000404EB03CEF88440DEF8804054BF34402D
:1066D0004AEA0404CEF880400132009B33FA02F407
:1066E0007FF4A8AE05B0BDE8F08F00BF00000258EF
:1066F000004402580004025800080258000C0258D6
:10670000001002580014025800180258001C0258C9
:106710000020025800240258D0F80890022FCB68BD
:1067200009EA060903FA04F88B6848EA0908C0F880
:106730000880C5F30018D0F8049008FA02F829EA96
:106740000C0C48EA0C0CC0F804C003FA04FCD0F8A6
:106750000C8008EA06084CEA080CC0F80CC07FF46C
:1067600081AE02F0070C0B694FEAD2084FEA8C0C9D
:1067700000EB880803FA0CF3D8F8209001930F235C
:1067800003FA0CFC019B29EA0C0943EA090CC8F83E
:1067900020C067E644EA0C042BE744EA0C0443E714
:1067A0004CEA040436E744EA0C042AE74FF0010CF3
:1067B0000CFA07F73C4368E74FF0050C0CFA07F7B3
:1067C0003C4362E74FF0030C0CFA07F73C435CE7ED
:1067D00070474FF0040C0CFA07F73C4355E74FF0B5
:1067E000060C0CFA07F73C434FE74FF0070C0CFA86
:1067F00007F73C4349E74FF0080C0CFA07F73C4316
:1068000043E7D0F80C808B6808EA060803FA04FC1A
:106810004CEA080CC0F80CC024E600BF036919421A
:1068200014BF01200020704702B90904816170473C
:106830004FF0B042D2F88810014200D1704708B53D
:10684000C2F88800F1F7E6FD08BD00BF40B345F28D
:106850005552D0E9003170B504464CF6CC40186072
:106860001A60A26859609A60FEF700FA236805462C
:10687000DA6850070DD041F60106FEF7F7F9401B24
:106880002368B04202D9DA6851070BD1DA6852079F
:10689000F3D11969E268914206D01A61002070BDF7
:1068A00001207047032070BD4AF6AA221A60F5E75E
:1068B00003464AF6AA2200201B681A60704700BFF0
:1068C000024A136843F4807313607047004802580B
:1068D00038B5104CE36813F0040FE36805D103F0FA
:1068E0000703181A18BF012038BD23F0070303431C
:1068F000E360FEF7BBF9054605E0FEF7B7F9401B7C
:10690000B0F57A7F04D863689B04F6D5002038BDC3
:10691000012038BD00480258334B30B4996A9C6A54
:10692000DD6A14F47C7F5A6BC4F3051036D0C2F3D1
:10693000CC0205F0010501F0030107EE900A05FB0A
:1069400002F20129B8EEE77A06EE902AFAEEE96A39
:1069500002D0022942D019B3DFED247A87EE876A8C
:106960001B6BC3F3080307EE903AF7EE005AF8EEFC
:10697000E77A77EEA57A77EEA67A67EE867A1A4BF3
:106980001B6BC3F34623013307EE103AF8EEC76AD8
:1069900087EEA67AFCEEC77A17EE900A30BC7047F5
:1069A0001A6892061DD51968F7EE007A104A1B6B1B
:1069B000C1F3C101C3F30803CA4006EE103A05EE65
:1069C000902AB8EEC66AF8EEE55A36EE276AC5EEAA
:1069D000877A36EE267A67EE877AD0E7DFED057A9A
:1069E000BCE7DFED057AB9E7004402580024744A99
:1069F0000090D00320BCBE4B0024744C002800F053
:106A0000E782F8B503680446D9072ED597490A6985
:106A1000896A02F03802102A00F0EE80182A00F08D
:106A2000E6806368B3F5803F00F01181002B00F031
:106A30006781B3F5A02F8D4B1A6800F0888222F48D
:106A400080321A601A6822F480221A60FEF70EF96A
:106A5000864E054605E0FEF709F9401B642800F262
:106A60004D8133689B03F6D523689D0770D4D90602
:106A700033D57E4A1369926A03F03803082B00F07D
:106A8000CB80182B00F0C380E369784D002B00F019
:106A90006F812B6843F080032B60FEF7E7F8064612
:106AA00005E0FEF7E3F8801B022800F227812B683F
:106AB000DB05F6D5FEF7F2F841F20303984200F247
:106AC0006782226A6B68202A23F0F8430CBF43F0E8
:106AD000804343EA82636B6023681D0716D56369B0
:106AE000624D002B00F022816B6F43F001036B6756
:106AF000FEF7BCF8064605E0FEF7B8F8801B022852
:106B000000F2FC806B6F9807F6D523689A0616D5BD
:106B1000A369564D002B00F01A812B6843F4805373
:106B20002B60FEF7A3F8064605E0FEF79FF8801BF2
:106B3000022800F2E3802B689F04F6D523685907EA
:106B400000F18B80636A002B40F0BF800020F8BD0D
:106B5000464A1369926A13F038032DD1434BE26819
:106B60001B68590701D5002A4FD0404D2B6823F0F0
:106B7000190313432B60FEF779F8064605E0FEF78C
:106B800075F8801B022800F2B9802B685B07F6D5E8
:106B9000FEF784F841F20303984200F21081226963
:106BA0006B68402A23F47C330CBF43F4003343EA80
:106BB00002336B6023685AE7182B00F0FC802B4DE2
:106BC000E2682B68002A00F0E58023F019031343E4
:106BD0002B60FEF74BF8064605E0FEF747F8801BF2
:106BE000022800F28B802B685F07F6D5D0E701F012
:106BF000030102297FF415AF1C4A126892037FF546
:106C000034AF6268002A7FF430AF0120F8BD02F093
:106C10000302012A7FF438AF144B1B68DA0502D552
:106C2000E369802BF1D1FEF739F841F20303984272
:106C300000F2CE80226A202A00F0B9810B494B680D
:106C400023F0F84343EA82634B60236845E7074A31
:106C5000136843F480331360F8E6054D2B6843F462
:106C600080732B60FEF702F8064608E000440258E5
:106C700000480258FDF7FAFF801B64283ED82B68B5
:106C8000DA05F7D5A368012B00F08B81002B00F00B
:106C90006681052B854B1A6F00F0928122F001026C
:106CA0001A671A6F22F004021A67FDF7DFFF7F4EA2
:106CB00041F28837054604E0FDF7D8FF401BB84293
:106CC0001CD8336F9B07F7D53CE7784D2A6902F053
:106CD0003802182A00F0EE80022B2B6823F0807314
:106CE0002B607FD0FDF7C2FF04462B689B017FF528
:106CF0002DAFFDF7BBFF001B0228F6D90320F8BD1E
:106D00006A4D2B6823F480332B602B6823F4802397
:106D10002B60FDF7ABFF064604E0FDF7A7FF801BE5
:106D20006428EBD82B689F03F7D49DE66B6F23F0A4
:106D300001036B67FDF79AFF064604E0FDF796FF37
:106D4000801B0228DAD86B6F9907F7D4DDE62B6831
:106D500023F480532B60FDF789FF064604E0FDF71E
:106D600085FF801B0228C9D82B689804F7D4E5E674
:106D70002B6823F080032B60FDF778FF064604E0C4
:106D8000FDF774FF801B0228B8D82B68DF05F7D405
:106D90002368A2E623F001032B60FDF767FF064698
:106DA00004E0FDF763FF801B0228A7D82B68580773
:106DB000F7D423685BE690077FF401AFCEE66B68FB
:106DC000226923F0FE4343EA02636B6023684EE6C8
:106DD000364A216AD36823F07C5343EA0163D360C7
:106DE00023687AE6FDF742FF064604E0FDF73EFF22
:106DF000801B022882D82B689901F7D4A96A2C4BF2
:106E0000A26A0B401343E26A43EA0213AB62216BAE
:106E1000D4E90D320139013B013AC1F308015B02AB
:106E200012049BB202F4FE021343E26B013A0B43DD
:106E3000120602F0FE4213432B63EB6A23F00103B8
:106E4000EB626B6BA26C6FF3CF0343EAC2036B631D
:106E5000EB6A226C23F00C031343EB62EB6A626C67
:106E600023F002031343EB62EB6A43F48033EB62DB
:106E7000EB6A43F40033EB62EB6A43F48023EB628A
:106E8000EB6A43F00103EB622B6843F080732B60E5
:106E9000FDF7ECFE054D04462B689A013FF556AE12
:106EA000FDF7E4FE001B0228F6D927E7004402584C
:106EB0000CFCFFFF012BAA6A286B3FF4A6AE02F080
:106EC0000303A16A8B427FF4A0AEC2F30512E36A0A
:106ED0009A427FF49AAE236BC0F30802013B9A42B8
:106EE0007FF493AE636BC0F34622013B9A427FF47A
:106EF0008CAEA36BC0F30642013B9A427FF485AE91
:106F0000E36BC0F30660013B98427FF47EAE6B6B8F
:106F1000A26CC3F3CC039A423FF418AE2D4AD36A55
:106F200023F00103D362FDF7A1FE0546FDF79EFEA7
:106F3000A842FBD0274AA16C536B6FF3CF0343EAFF
:106F4000C1035363D36A43F00103D362FEE542F405
:106F500080221A601A6842F480321A6076E51D4D6C
:106F600041F288372B6F23F001032B672B6F23F03F
:106F700004032B67FDF77AFE064605E0FDF776FE73
:106F8000801BB8423FF6BAAE2B6F9807F6D4D9E50E
:106F9000EB68226A23F07C5343EA0263EB602368C8
:106FA0009BE50C4A136F43F0010313677DE6094A22
:106FB000536823F0F84343F08043536023688CE523
:106FC00042F004021A671A6F42F001021A676CE677
:106FD00001207047004402583F4A136903F0380308
:106FE000102B4FD0182B0AD0002B4DD113689906C7
:106FF0004CD513683948C3F3C103D8407047916A30
:1070000030B4946AD56A14F47C7F536BC4F30510D2
:1070100036D0C3F3CC0305F0010501F0030107EE00
:10702000900A05FB03F30129F8EEE77A06EE903AA1
:10703000FAEEE96A02D0022948D049B39FED287AD6
:1070400087EE276A136BC3F3080307EE103AF7EED7
:10705000005AB8EEC77A37EE257A37EE267A27EE51
:10706000067A1D4B1B6BC3F34623013307EE903AA0
:10707000F8EEE76AC7EE267AFCEEE77A17EE900A9A
:1070800030BC70471748704717487047134870471F
:1070900013689B061DD51068B7EE007A136B0F4975
:1070A000C0F3C102C3F30803D14006EE103A05EE67
:1070B000901AB8EEC66AF8EEE55A36EE076A85EE23
:1070C000A77A76EE267A27EE277ACAE79FED077A27
:1070D000B6E79FED077AB3E7004402580090D0036B
:1070E0000024744A40787D0100093D0020BCBE4B5D
:1070F0000024744C002800F00E818D4A136803F0C0
:107100000F038B422DE9F04104460D460CD2136863
:1071100023F00F030B431360136803F00F038B423C
:1071200002D00120BDE8F081236858070BD58149C2
:1071300020698A6902F07002904204D98A6922F0BB
:10714000700202438A6119070BD57A496069CA69DE
:1071500002F07002904204D9CA6922F07002024320
:10716000CA61DA060BD57349A069CA6902F4E06204
:10717000904204D9CA6922F4E0620243CA619F06C0
:107180000BD56C49E0690A6A02F07002904204D99A
:107190000A6A22F0700202430A629E0703F00102AB
:1071A00040F1AB80634EE068B16901F00F018842A5
:1071B00004D9B16921F00F010143B161002A30D037
:1071C0005C4AA168936923F470630B43936161681F
:1071D0001368022900F0A180032900F0988001299A
:1071E00000F0A1805F079CD5524E41F28838336988
:1071F00023F007030B433361FDF738FD074605E035
:10720000FDF734FDC01B404500F28B803369626896
:1072100003F03803B3EBC20FF2D123689E0706D503
:10722000E06844498A6902F00F02904269D34049FC
:107230000A6802F00F02AA420AD90A6822F00F0275
:107240002A430A600A6802F00F02AA427FF469AF7B
:1072500058070BD5374920698A6902F070029042BD
:1072600004D28A6922F0700202438A6119070BD5A1
:1072700030496069CA6902F07002904204D2CA695A
:1072800022F070020243CA61DA060BD52949A069CF
:10729000CA6902F4E062904204D2CA6922F4E06250
:1072A0000243CA619B060BD5224AE169136A03F0C7
:1072B0007003994204D2136A23F070030B431362E4
:1072C000FFF78AFE1B4A03461B4891699269C1F386
:1072D00003211A4D02F00F02194C415C825C01F04F
:1072E0001F01184802F01F02CB4000682B60D340FA
:1072F0002360BDE8F041FDF757BC002A7FF460AF82
:1073000095E78A6922F00F0202438A618FE79A01AA
:107310003FF56AAF05E70120704798033FF564AF7A
:10732000FFE60320FEE6DB053FF55EAFF9E600BFB2
:107330000020005200440258940A07084800002424
:107340004400002468000024184A38B5136903F08B
:107350003803102B24D0182B09D01BBB13689B06B5
:1073600022D51268124BC2F3C102D34002E0FFF7EC
:10737000D3FA03460D490F488A698969C2F303228B
:107380000D4C01F00F010D4D825C405C02F01F02BC
:1073900000F01F00D34023FA00F02B60206038BDBE
:1073A000074BE7E7074BE5E7014BE3E700440258EB
:1073B0000090D003940A07084400002448000024E9
:1073C00040787D0100093D001C4A38B5136903F07F
:1073D0003803102B2BD0182B09D053BB13689B06F6
:1073E00029D51268164BC2F3C102D34002E0FFF761
:1073F00093FA0346114A13499069134DC0F30320D1
:10740000124C085C00F01F00C340906900F00F00B0
:107410002B60085C00F01F00C3402360D269C2F3F8
:107420000212885C00F01F0023FA00F038BD084B00
:10743000E0E7084BDEE7024BDCE700BF0044025800
:107440000090D003940A0708480000244400002458
:1074500040787D0100093D001C4A38B5136903F0EE
:107460003803102B2BD0182B09D053BB13689B0665
:1074700029D51268164BC2F3C102D34002E0FFF7D0
:107480004BFA0346114A13499069134DC0F3032088
:10749000124C085C00F01F00C340906900F00F0020
:1074A0002B60085C00F01F00C3402360D269C2F368
:1074B0000222885C00F01F0023FA00F038BD084B60
:1074C000E0E7084BDEE7024BDCE700BF0044025870
:1074D0000090D003940A07084800002444000024C8
:1074E00040787D0100093D00F8B5364C06460F4650
:1074F000236823F080632360FDF7B8FB054604E0B2
:10750000FDF7B4FB401B022856D823681A01F7D4B4
:10751000A36A326823F47C3343EA0233A362D6E9D8
:107520000232013B013A5B0212049BB202F4FE02FA
:1075300013437268013AC2F3080213433269013AF5
:10754000120602F0FE421343A363E36A726923F05A
:10755000C0031343E362E36AB26923F020031343D9
:10756000E362E36A23F01003E362E36BF2696FF313
:10757000CF0343EAC203E363E36A43F01003E36229
:10758000E36ADFB1012F0CBF43F4801343F400130F
:10759000E3620C4C236843F080632360FDF766FBD5
:1075A000054604E0FDF762FB401B022804D823686F
:1075B0001B01F7D50020F8BD0320F8BD43F40023DC
:1075C000E362E6E700440258F8B5364C06460F463B
:1075D000236823F080532360FDF748FB054604E051
:1075E000FDF744FB401B022856D823689A00F7D4C5
:1075F000A36A326823F07C7343EA0253A362D6E99C
:107600000232013B013A5B0212049BB202F4FE0219
:1076100013437268013AC2F3080213433269013A14
:10762000120602F0FE4213432364E36A726923F4F4
:1076300040631343E362E36AB26923F400731343C4
:10764000E362E36A23F48073E362636CF2696FF3CD
:10765000CF0343EAC2036364E36A43F48073E362E3
:10766000E36ADFB1012F0CBF43F4000343F08073E2
:10767000E3620C4C236843F080532360FDF7F6FA75
:10768000054604E0FDF7F2FA401B022804D82368FF
:107690009B00F7D50020F8BD0320F8BD43F480031C
:1076A000E362E6E7004402582DE9F843D0E90032EE
:1076B00004461D0103F0006624D5816EB1F5001F5C
:1076C00000F0DF8500F2A886002900F0F685B1F50C
:1076D000801F40F0A586A949896A01F003010329AA
:1076E00000F09E8602210830FFF7FEFE0646D4E930
:1076F00000323EB9A16EA14D0026286D20F4401045
:1077000001432965D8050AD5A16D042906D8DFE80B
:1077100011F0FF036D0582050404040401263546BB
:10772000990524D5E16D802900F04B8500F287860C
:10773000002900F0BB85402940F088868F49896A7E
:1077400001F00301032900F08186002104F1080003
:10775000FFF7CAFE0546D4E90032002D40F043850C
:10776000864FE06D396D21F4E071014339655F05A5
:1077700028D5D4F8A810B1F5800F00F05C8500F290
:107780005286002900F08B85B1F5001F40F053862A
:107790007A49896A01F00301032900F04C8600212F
:1077A00004F10800FFF7A0FE0546D4E90032002DE1
:1077B00040F05385714FD4F8A800B96D21F46001F1
:1077C0000143B965180528D5D4F8AC10B1F1007F94
:1077D00000F0468500F21486002900F0D684B1F14D
:1077E000807F40F015866549896A01F0030103290D
:1077F00000F00E86002104F10800FFF775FE054633
:10780000D4E90032002D40F0C8845C4FD4F8AC00BD
:10781000B96D21F0E0610143B965990118D5E16CBA
:10782000202900F0348400F2158639B1102940F087
:1078300014865248C16A41F40031C162002D40F003
:10784000BF834E4FE06CF96C21F030010143F964C5
:10785000DF0426D5216EB1F5005F00F0A18400F2AF
:10786000C385002900F08684B1F5805F40F0C485AF
:107870004249896A01F00301032900F0BD85002116
:1078800004F10800FFF730FE0546D4E90032002D70
:1078900040F07884394F206E396D21F4E041014386
:1078A0003965980424D5616EB1F5003F00F0158468
:1078B00000F2568591B1B1F5803F40F05B852F49CC
:1078C000896A01F00301032900F05485012104F1C4
:1078D0000800FFF709FE0546D4E90032002D40F00C
:1078E0008F83264F606E396D21F4E02101433965A5
:1078F000590426D5D4F8B010B1F1005F00F0268409
:1079000000F24A8591B1B1F1805F40F04F851B498B
:10791000896A01F00301032900F04885012104F17F
:107920000800FFF7E1FD0546D4E90032002D40F0E4
:107930005B83124FD4F8B000B96D21F0E0410143F0
:10794000B9651F040DD5216FB1F1805F00F0608231
:10795000B1F1005F00F09185002900F05E82012600
:107960003546D80115D5A16C032900F2B485DFE8AE
:1079700011F00C000700A1030C0000BF00440258E6
:107980003648C16A41F40031C162002D00F01A830B
:107990002E46590200F17A82DF072FD5E16F2829A0
:1079A0002AD8DFE811F05702290029002900290010
:1079B000290029002900480229002900290029005E
:1079C000290029002900B9042900290029002900DB
:1079D000290029002900570229002900290029002F
:1079E000290029002900570229002900290029001F
:1079F00029002900290057020126354698071ED57F
:107A0000A16F052900F25085DFE811F0150006008E
:107A100071041500150015001049896A01F0030171
:107A2000032900F04185012104F10800FFF75CFD06
:107A30000546D4E90032002D00F0CC822E465907CD
:107A400021D5D4F89410052900F22A85DFE811F039
:107A5000170008003C0417001700170000440258E4
:107A6000AE49896A01F00301032900F0198501215B
:107A700004F10800FFF738FD0546D4E90032002D77
:107A800000F0C2822E469F0626D5D4F89010B1F1A0
:107A9000005F00F0C68200F2558491B1B1F1805FC1
:107AA00040F05A849D49896A01F00301032900F0DE
:107AB0005384002104F10800FFF716FD0546D4E9C0
:107AC0000032002D40F08E82944FD4F89000796DF2
:107AD00021F0E04101437965580626D5D4F89C1081
:107AE000B1F5006F00F0AF8200F2648491B1B1F59E
:107AF000806F40F069848949896A01F00301032994
:107B000000F06284002104F10800FFF7EDFC054657
:107B1000D4E90032002D40F06982804FD4F89C00F7
:107B2000B96D21F4E0510143B965190626D5D4F8A1
:107B3000A010B1F5804F00F0988200F21F8491B13F
:107B4000B1F5005F40F024847449896A01F00301B3
:107B5000032900F01D84002104F10800FFF7C4FC94
:107B60000546D4E90032002D40F044826B4FD4F832
:107B7000A000B96D21F460410143B9651F070BD521
:107B8000D4F88400B0F5805F00F0D481634F796D44
:107B900021F4405101437965D8060BD5D4F89800FB
:107BA000B0F5807F00F0DB815C4FB96D21F440714E
:107BB0000143B965190324D5D4F8A410B1F5803F69
:107BC00000F0B182B1F5003F10D0002940F03081C3
:107BD0005248806A00F00300032800F0298104F174
:107BE0000800FFF781FC0546D4E90032002D40F083
:107BF000FF814A4FD4F8A400B96D21F4403101430C
:107C0000B9655F030FD5D4F88810B1F5001F00F0F7
:107C10007782B1F5401F00F02D81B1F5801F00F093
:107C2000248101263546D80320D5216D002900F096
:107C3000AA81B1F5803F40F0E8803849896A01F0B7
:107C40000301032900F0E180022104F10800FFF79D
:107C50004BFC0546D4E90032002D40F09C812F4FAB
:107C6000206DF96C21F480310143F96499000ED53F
:107C70002A49896A01F00301032907D0022104F18E
:107C80002800FFF7A1FCD4E9003200B101269F03D0
:107C900000F1AB803546D80206D52048666F016DED
:107CA00021F0004131430165D90007D51B48D4F8C4
:107CB000B860016921F48041314301619F0206D51A
:107CC0001648E66E016D21F08071314301655E005A
:107CD00009D51249086920F4004008610869D4F800
:107CE000BC6030430861002B06DA0C48666DC16C3D
:107CF00021F040513143C164180207D50749D4F837
:107D00008C004B6D23F4400303434B65D10711D521
:107D1000024B9B6A03F00303032B01E0004402586B
:107D200000F05C83002104F10800FFF7DDFB6268CE
:107D300000B1054693070ED5AF4B9B6A03F00303D2
:107D4000032B00F04D83012104F10800FFF7CCFB69
:107D5000626800B1054657070ED5A74B9B6A03F032
:107D60000303032B00F03E83022104F10800FFF718
:107D7000BBFB626800B1054616070ED59E4B9B6A99
:107D800003F00303032B00F02383002104F12800F8
:107D9000FFF71AFC626800B10546D0060FD5964B76
:107DA0009B6A03F00303032B00F01483012104F109
:107DB0002800FFF709FC002840F059836268930609
:107DC0000ED58D4B9B6A03F00303032B00F0B782A3
:107DD000022104F12800FFF7F7FB002840F0AF82F2
:107DE000281E18BF0120BDE8F883D4F88010B1F533
:107DF000807F00F0D28040F2108121F48070B0F5D5
:107E0000007F00F0CF80012545E7012635462DE7AC
:107E10007948C16A41F40031C162002D40F0CE8042
:107E2000754F206F396D21F040510143396598E558
:107E300001263546E5E67049896A01F00301032908
:107E40003FF4DAAD012104F10800FFF74DFB0546D0
:107E5000D4E90032002D40F0D580674FE06F796D96
:107E600021F0380101437965C8E56348C16A41F4EE
:107E70000031C162002D40F09F805F4FD4F8880030
:107E8000796D21F4401101437965CCE65B4F3B6885
:107E900043F480733B60FCF7E9FE804606E0FCF7A4
:107EA000E5FEA0EB0800642800F2DB823B68DA05FF
:107EB000F5D5002D40F0D6824F4AD4F8B430116F7A
:107EC000594011F4407F0BD0116F106F21F44071B5
:107ED00040F480301067106F20F480301067116715
:107EE000B3F5807F00F0FB8203F44072B2F5407F6F
:107EF00000F0098340490A6922F47C520A613E4835
:107F0000C3F30B01076F3943D4E90032016743E53E
:107F10003948C16A41F40031C1623546002D40F054
:107F20007781354FA06D396D21F007010143396527
:107F3000FFF7F6BB3049896A01F00301032900F01D
:107F4000BA82022104F12800FFF73EFB002800F06E
:107F5000B582D4F884000126D4E9003216E6264919
:107F6000896A01F00301032900F0A282022104F1D1
:107F70002800FFF729FB002840F0A682D4F89800DB
:107F8000D4E9003210E61C48C16A41F40031C162F4
:107F9000002D3FF464AE2E4668E6174FF86A40F4B1
:107FA0000030F862002D7FF476AE134D686D20F43A
:107FB0004070014369656DE62E4634E62E46D0E4F6
:107FC0002E4645E40C4FA06CF96C21F003010143EF
:107FD000F964DEE4084FA06F796D21F007010143D9
:107FE00079652CE52E4677E52E46AAE42E469CE5DB
:107FF0002E4606E62E46C1E50044025800480258C7
:108000002E4675E42E46F9E4C24FD4F89400B96DBB
:1080100021F007010143B96535E500297FF4F3AE8E
:10802000C0E7BC49896A01F00301032900F094818B
:10803000022104F12800FFF7C7FA0546D4E900320F
:10804000002DCFD140E5B349896A01F0030103292E
:1080500000F0BA81022104F12800FFF7B5FA0546C5
:10806000D4E90032002DC1D157E5AA49896A01F04F
:108070000301032900F08C81022104F12800FFF79D
:10808000A3FA0546D4E90032002DB3D16EE5A1492B
:10809000896A01F00301032900F0DF81022104F164
:1080A0000800FFF721FA0546D4E90032002D87D1F8
:1080B000FFF7C7BB9749896A01F00301032900F064
:1080C0000A82022104F10800FFF70EFA0546D4E9FE
:1080D0000032002D7FF45CAC74E78E49896A01F0B0
:1080E0000301032900F04681012104F12800FFF774
:1080F0006BFA0546D4E90032002D81D1FFF7F1BBC0
:108100008449896A01F0030103293FF48AAD012102
:1081100004F12800FFF758FA0546D4E90032002D93
:108120007FF44AAFA9E67B49896A01F0030103297C
:108130003FF47EAE022104F12800FFF745FA054620
:10814000D4E90032002D7FF453AF52E57149896ABA
:1081500001F00301032900F02981012104F1280025
:10816000FFF732FA0546D4E90032002D7FF43CAF28
:10817000FFF7DFBB6748C16A41F40031C162002DDF
:108180003FF488AB2E46FFF78CBB6248C16A41F4CE
:108190000031C162002D3FF438AB2E46FFF73DBBE6
:1081A0005C49896A01F00301032900F0258100215F
:1081B00004F12800FFF708FA0546D4E90032FFF77A
:1081C00066BB5449896A01F00301032900F03E812E
:1081D000002104F12800FFF7F7F90546D4E9003241
:1081E000002D3FF4BDAA2E46FFF7C1BA4949896A5E
:1081F00001F0030103293FF491AA002104F10800D2
:10820000FFF772F90546D4E90032002D3FF489AE3C
:108210002E46FFF785BA3F49896A01F00301032919
:108220003FF47CAA002104F12800FFF7CDF90546B0
:10823000D4E9003272E63749896A01F00301032963
:1082400000F0F980002104F12800FFF7BDF9054690
:10825000D4E90032002D3FF4ADAA2E46FFF7B2BAA2
:108260002C49896A01F00301032900F0D180002123
:1082700004F12800FFF7A8F90546D4E90032FFF71A
:10828000C1BA2449896A01F00301032900F0C880BA
:1082900002212830FFF798F90646FFF728BA1D4853
:1082A000C16A41F40031C162FFF781BA1948C16A5D
:1082B00041F40031C162FFF750BA164DE86A40F44C
:1082C0000030E862FFF717BA1249896A01F003012A
:1082D000032900F0E580012104F12800FFF774F97B
:1082E0000546D4E90032002D7FF4CCAB8CE6094979
:1082F000896A01F00301032900F0D680012104F10D
:108300002800FFF761F90546D4E90032002D7FF41B
:1083100095AB5FE6004402588349896A01F0030186
:1083200003293FF469AB012104F12800FFF74CF960
:108330000546D4E90032002D7FF464AE8DE50120BE
:10834000BDE8F88321F08050B0F1804F3FF4B9AB25
:10835000B1F1405F3FF4B5AB01263546FFF7BCBB3A
:1083600021F48030B0F5802F3FF4B8AAB1F5403F3A
:108370003FF4B4AA01263546FFF7BABA21F40050FB
:10838000B0F5004F3FF4EFABB1F5C04F3FF4EBABAE
:1083900001263546FFF7F2BB21F08050B0F1804F47
:1083A0003FF4C4AAB1F1405F3FF4C0AA01263546AC
:1083B000FFF7C7BA21F48060B0F5805F3FF4AAAB45
:1083C000B1F5406F3FF4A6AB01263546FFF7ADBBD4
:1083D0000125E2E49106B2D50125F2E40125A9E4E4
:1083E0000125B8E40125C7E4B1F5405F3FF44FAA89
:1083F000B1F5804F3FF44BAA01263546FFF751BA3D
:10840000B1F1407F3FF4FEA9B1F1806F3FF4FAA9CA
:1084100001263546FFF701BAB1F5401F3FF46BA9BD
:108420000126FFF76FB9B1F5C00F3FF4C0A9B1F550
:10843000000F3FF4BCA901263546FFF7C3B9C02998
:108440003FF48BA9B1F5807F3FF487A9012635461B
:10845000FFF78DB930293FF4F1A901263546FFF722
:10846000F7B903252E46D4E90032FFF795BA6368C1
:108470009A067FF564AF0546A3E42B49896A01F0AB
:10848000030103293FF46BAA012104F10800FFF75F
:108490002BF80546D4E90032002D7FF48FADBFE400
:1084A00001263546FFF7EFBA01263546FFF7C7BA72
:1084B0000126FFF779BB0126FFF768BBD4F88400DB
:1084C000D4E90032FFF762BBD4F898000126D4E962
:1084D0000032FFF769BB01263546FFF75ABAFCF7B1
:1084E000C5FBDFF84480074641F2883904E0FCF719
:1084F000BDFBC01B484510D8D8F870309B07F6D597
:10850000D4F8B430F0E40848084A016902EA1312CA
:1085100021F47C510A430261F1E40326D4E90032DC
:108520003546FFF739BA00BF00440258CFFFFF00BD
:1085300008B5FEF709FF054B054A1B6AC3F3021392
:10854000D35C03F01F03D84008BD00BF00440258AD
:10855000940A0708474A70B4946A956AD66A15F473
:108560007C3FC5F30533D16B5BD0C1F3CC01C6F3BF
:10857000001604F0030407EE903A06FB01F1012C0B
:10858000B8EEE77A06EE901AFAEEE96A03D0022C0A
:108590006AD0002C4AD0DFED387A87EE876A936B79
:1085A000C3F3080307EE903AF7EE005AF8EEE77AC5
:1085B00077EEA57A77EEA67A67EE867A2D4AB7EE41
:1085C000006A936BC3F3462307EE103AB8EEC77AFE
:1085D00070BC37EE067AC7EE876AFCEEE66AC0ED3D
:1085E000006A936BC3F3064307EE103AB8EEC77AFE
:1085F00037EE067AC7EE876AFCEEE66AC0ED016ADE
:10860000936BC3F3066306EE903AF8EEE66A76EEF5
:10861000866A87EEA67AFCEEC77A17EE903A8360F8
:10862000704770BCC0E900338360704713689B06D5
:108630001DD51468F7EE007A936B1049C4F3C1029C
:10864000C3F30803D14006EE103A05EE901AB8EED7
:10865000C66AF8EEE55A36EE276AC5EE877A36EE38
:10866000267A67EE877AA9E7DFED057A95E7DFEDF1
:10867000057A92E7004402580024744A0090D0031F
:1086800020BCBE4B0024744C474A70B4946A956A6F
:10869000D66A15F07C7FC5F30553516C5BD0C1F3EE
:1086A000CC01C6F3002604F0030407EE903A06FB63
:1086B00001F1012CB8EEE77A06EE901AFAEEE96ABB
:1086C00003D0022C6AD0002C4AD0DFED387A87EE36
:1086D000876A136CC3F3080307EE903AF7EE005A6B
:1086E000F8EEE77A77EEA57A77EEA67A67EE867AE5
:1086F0002D4AB7EE006A136CC3F3462307EE103A17
:10870000B8EEC77A70BC37EE067AC7EE876AFCEE21
:10871000E66AC0ED006A136CC3F3064307EE103A35
:10872000B8EEC77A37EE067AC7EE876AFCEEE66ADD
:10873000C0ED016A136CC3F3066306EE903AF8EEDF
:10874000E66A76EE866A87EEA67AFCEEC77A17EEC0
:10875000903A8360704770BCC0E900338360704713
:1087600013689B061DD51468F7EE007A136C104948
:10877000C4F3C102C3F30803D14006EE103A05EE7C
:10878000901AB8EEC66AF8EEE55A36EE276AC5EEDC
:10879000877A36EE267A67EE877AA9E7DFED057AE3
:1087A00095E7DFED057A92E7004402580024744A09
:1087B0000090D00320BCBE4B0024744C002800F075
:1087C0009580F8B590F83D30044603F0FF02002B89
:1087D00000F08780236802224549464DB3F1804F5F
:1087E000A3EB010184F83D20A3EB050E1A68B1FA52
:1087F00081F1A069BEFA8EFEE7684FEA5111666802
:108800004FEA5E1E1FD0F1B9DFF8F8C0634550D0C3
:108810000CF5806C63454CD00CF5806C634512D030
:10882000BEF1000F0FD1344D34498B4218BFAB421B
:1088300043D001F580618B423FD022F08002DF629D
:108840009E62104314E0A56822F07002D4F810C0B4
:108850002A43DF629E6222F4407242EA0C0222F056
:108860008002104311B9BEF1000F2FD062691A6364
:108870001968012241F0040119605A611860002052
:1088800084F8482084F83E2084F83F2084F8402073
:1088900084F8412084F8422084F8432084F844205E
:1088A00084F8452084F8462084F8472084F83D2049
:1088B000F8BD22F07002A1680A43216922F44072D7
:1088C000DF620A439E6222F0800210430C490A4A8A
:1088D000934218BF8B42C9D002F580629342C5D043
:1088E000C6E780F83C20F9F709FB73E701207047E1
:1088F00000000140000401400040014000440140EC
:10890000004801400004004090F83D30012B39D16F
:1089100002681D4B1D49B2F1804F18BF9A4230B416
:108920000CBF012300231A4D0224AA4208BF43F0C2
:10893000010380F83D40174C8A4208BF43F0010311
:10894000154801F58051A24208BF43F0010382425D
:1089500008BF43F001038A4208BF43F0010313B983
:108960000E4B9A4207D191680D4B0B40062B06D057
:10897000B3F5803F03D0136843F001031360002078
:1089800030BC7047012070470000014000080040E3
:1089900000040040000C0040000401400040014081
:1089A00007000100026841F211110346106A0842F3
:1089B00008D1106A40F24441084203D1116821F005
:1089C000010111600122002083F83D20704700BFA3
:1089D00090F83D30012B3DD1026802211E4BB2F1CF
:1089E000804F18BF9A4230B40CBF012300231B4DA7
:1089F0001B4CAA4208BF43F0010380F83D10D16828
:108A0000A24208BF43F0010304F5806441F0010174
:108A10001448A24208BF43F00103D160824208BF5C
:108A200043F0010310498A4208BF43F0010313B920
:108A30000E4B9A4207D191680D4B0B40062B06D086
:108A4000B3F5803F03D0136843F0010313600020A7
:108A500030BC704701207047000001400004004016
:108A600000080040000401400018004000400140A0
:108A700007000100026841F2111C0346D16821F091
:108A80000101D160116A11EA0C0F08D1106A40F29D
:108A90004441084203D1116821F001011160012213
:108AA000002083F83D20704790F83C20012A6DD0CB
:108AB00002680346012030B4022483F83C0083F8A6
:108AC0003D40594C95682C4094600C68702C00F027
:108AD000878025D8502C5BD02BD8402C40F090803C
:108AE0004C68CD68116A106A21F00A0120F001007B
:108AF0000C434E491062906920F0F00040EA0510E6
:108B0000906114629068014041F04701916000203B
:108B10000121002283F83D1083F83C2030BC7047CF
:108B2000B4F5005F4CD01FD8B4F5805018BF0120B9
:108B3000EEE7602CECD1106A4C6820F0A000CD6804
:108B40003A4940EA0410146A24F01004146294694B
:108B500024F4704444EA0534946110629068014042
:108B600041F067019160D2E731498C4206D04FD97C
:108B700030498C4202D010318C42C9D190682B49C7
:108B80000140214341F007019160C0E70220704796
:108B90004C68CD68116A106A21F00A0120F00100CA
:108BA0000C4322491062906920F0F00040EA051061
:108BB000906114629068014041F057019160A6E70E
:108BC000D1E9015094682843CD6824F47F4140EAFC
:108BD000052008439060916841F48041916096E7D8
:108BE000D1E9015094682843CD6824F47F4140EADC
:108BF000052008439060916841F07701916086E715
:108C000086D8202CBAD00AD834F0100180D1B5E72C
:108C100024F01001B1F5801F7FF47AAFAEE7302C5D
:108C2000ACD0012074E700BF8800CEFF8FFFCFFFDC
:108C30002000100030001000704700BF704700BFD8
:108C4000704700BF704700BF036870B5DE68044618
:108C50001D69AA0701D5B10752D46B0701D570076A
:108C60003BD4290701D5320725D4E80601D5F10602
:108C700011D4EA0701D5F30764D415F4025F4CD090
:108C8000300667D4680601D571066DD4AA0601D5F1
:108C9000B3064ED470BD23686FF0100220461A61EF
:108CA00008222277DB6913F4407F71D0FFF7C6FFFB
:108CB00000232377DDE723686FF0080220461A615E
:108CC00004222277DB699B075FD1FFF7B5FF2046BF
:108CD000FFF7B6FF00232377C7E723686FF004028E
:108CE00020461A61022222779B6913F4407F49D102
:108CF000FFF7A2FF2046FFF7A3FF00232377B0E78B
:108D00006FF002021A61012202779B699A0733D041
:108D1000FFF794FF002323779FE7EA05B2D53306D8
:108D2000B0D523686FF4807220461A6100F094F881
:108D3000A8E723686FF0200220461A61BDE8704062
:108D400000F086B823686FF0010220461A61F2F73E
:108D500073FA92E723686FF4025220461A6100F01A
:108D600079F8E9058ED5DCE723686FF040022046EC
:108D70001A61FFF767FF89E7FFF75EFF2046FFF7FD
:108D80005FFFC7E7FFF75AFFB7E7FFF757FFA1E716
:108D9000FFF752FF2046FFF753FF89E790F83C307A
:108DA000012B4BD003680246022030B4244D82F8D8
:108DB0003D00AB4258689C6829D005F58065AB4200
:108DC00025D0204D20F07000AB4218BFB3F1804F8A
:108DD00005F580650CBF4FF0010C4FF0000CAB4265
:108DE00008BF4CF0010C05F58065AB4208BF4CF0A4
:108DF000010C0D682843144D5860AB4214BF604607
:108E00004CF0010060B91148834209D00DE04D6873
:108E100020F4700028430D6820F07000284358604B
:108E2000896824F080040C439C60002301211846CB
:108E300082F83D1082F83C3030BC70470220704709
:108E400000000140000400400018004000400140C4
:108E5000704700BF704700BF704700BF2DE9F8435F
:108E60001646D0F88820202A6AD10D4600293BD02A
:108E7000B6FA86F77F09002E36D09846212304469D
:108E8000C0F89070C0F88830FBF7F0FEA368814608
:108E9000A4F85460B3F5805FA4F8566053D0B4F8DA
:108EA000563022689BB2002B53D0B8F1FF3F2DD132
:108EB000D3691E06FCD5002D3DD015F8013B936209
:108EC000B4F85630013B9BB2A4F85630B4F8563093
:108ED0009BB2002BECD1D3695906FCD5202300208E
:108EE000C4F88830BDE8F8830120BDE8F883002D80
:108EF00044D015F8013B9362B4F85630013B9BB265
:108F0000A4F85630B4F856309BB22BB3D369180688
:108F1000EDD4FBF7ABFEA0EB0903984505D3B8F100
:108F2000000F02D022681368F0E720230320C4F862
:108F30008830BDE8F88337F8023BC3F30803BEE787
:108F40000220BDE8F8832369002BA8D12F461D46D7
:108F5000A5E7B8F1FF3FBED0D3695B06BED4FBF7EF
:108F600085FEA0EB09039845DFD3B8F1000FDCD0F4
:108F700022681368D3695B06F1D5AFE737F8023B87
:108F8000C3F30803B7E700BF2DE9F8431746D0F84D
:108F90008C20202A46D10D46002940D0B7FA87F60A
:108FA0007609002F3BD0984622230446C0F89060F3
:108FB000C0F88C30C666FBF759FEA4F85C70A4F8C4
:108FC0005E708146A768B7F5805F00F09E8067BB42
:108FD0002369002B0CBFFF267F26B4F85E30A4F86F
:108FE00060609BB2002B00F08A80B8F1FF3F2268DE
:108FF00037D1D3699906FCD5536A3340002D70D020
:1090000005F8013BB4F85E30013B9BB2A4F85E303A
:10901000B4F85E309BB2002B71D02268E9E70120E2
:10902000BDE8F8830220BDE8F883B7F1805F3746DA
:10903000D3D12369002B14BF3F267F26CDE7002D17
:1090400076D0536A334005F8013BB4F85E30013BFB
:109050009BB2A4F85E30B4F85E309BB2002B4ED0C9
:109060002268D3699B06EAD4FBF700FEA0EB090354
:10907000984530D3B8F1000F2DD0226813685B07F4
:10908000EFD5D369180763D4D3691905E9D54FF42F
:109090000063136252E8003F23F4907342E800310A
:1090A0000029F7D1414802F1080353E8003F03408B
:1090B00002F1080545E800310029F4D1E36E012BE7
:1090C0002DD0002320226367C4F88C2084F88430DC
:1090D000E366C4F8902020230320C4F88C30BDE858
:1090E000F88327F8023BB4F85E30013B9BB2A4F84A
:1090F0005E30B4F85E309BB2002B7FF47AAF202351
:109100000020C4F88C30BDE8F883236913B13746DA
:10911000FF2662E72F4640F2FF161D465DE752E844
:10912000003F23F0100342E800310029F7D1C8E7DF
:10913000536A334027F8023BB4F85E30013B9BB2E0
:10914000A4F85E30B4F85E309BB2002B89D1D6E72C
:109150000823136252E8003F23F4907342E8003181
:109160000029F7D1114802F1080353E8003F0340FA
:1091700002F1080545E800310029F4D1E36E012B26
:109180000BD0002320210822C4F88C106367E3660B
:1091900084F88430C4F890209DE752E8003F23F023
:1091A000100342E800310029F7D1EAE7FEFFFFEFA4
:1091B00070B5D0F888600446202E25D111B313462F
:1091C000B2FA82F25209EBB1A0F856300165A0F86C
:1091D0005430C0F8902021202568C4F88800E06F42
:1091E000A8B1026505F12802114DC563114D056452
:1091F000114DC564FCF744F940B11023C4F8903018
:10920000C4F88860012070BD022070BD256840232D
:109210002B6205F1080353E8003F43F0800305F19A
:10922000080141E80032002AF3D1002070BD00BFE0
:1092300009930308519303086193030838B5044662
:10924000036853E8002F22F4907243E800210029BC
:10925000F7D12B4803F1080252E8002F024003F136
:10926000080545E800210029F4D1E26E012A28D042
:1092700099681A4649060ED400230F212025A4F828
:109280005E3018461162916941F008019161C4F89D
:109290008C50E36638BD03F1080252E8002F22F03B
:1092A000400203F1080040E800210029F3D1D4F87E
:1092B0008000B8B100230365FCF716FCA0B9226852
:1092C000DAE753E8002F22F0100243E800210029DA
:1092D000CED053E8002F22F0100243E800210029ED
:1092E000EFD1C5E71A46C7E7D4F88000FDF78EF83E
:1092F0002028E4D110230320C4F8903038BD00BFEB
:10930000FEFFFFEF704700BF08B5C369806BB3F580
:10931000807F18D000230268A0F8563002F10803BD
:1093200053E8003F23F0800302F1080040E80031D9
:109330000029F3D152E8003F43F0400342E80031F6
:109340000029F7D108BDFFF7DDFF08BD704700BF5A
:10935000806B08B5FFF7FAFF08BD00BF704700BF7C
:10936000806B0368D0F8881010B5D0F88C409A68EC
:10937000120601D521290DD09A68520601D5222C5A
:1093800023D0D0F8903043F01003C0F89030FAF7B3
:109390004DFC10BD0022A0F8562053E8002F22F00B
:1093A000C00243E800210029F7D103F1080252E886
:1093B000002F22F4000203F1080C4CE800210029E0
:1093C000F3D12022C0F88820D6E70022A0F85E2042
:1093D00053E8002F22F4907243E800210029F7D1CE
:1093E000134C03F1080252E8002F224003F1080C4D
:1093F0004CE800210029F4D1C26E012A06D00023D6
:1094000020224367C0F88C20C366BAE753E8002FD8
:1094100022F0100243E800210029F0D053E8002F89
:1094200022F0100243E800210029EFD1E7E700BF56
:10943000FEFFFFEF08B5806B0023A0F85E30FAF75F
:10944000F5FB08BD704700BF38B50446036853E814
:10945000002F22F4907243E800210029F7D12F4811
:1094600003F1080252E8002F024003F1080545E825
:1094700000210029F4D1E26E012A1ED09A6812F070
:1094800040023DD003F1080252E8002F22F04002D2
:1094900003F1080040E800210029F3D1D4F880202E
:1094A000E2B11F4B10461365FCF7D4FC18B1D4F899
:1094B0008000036D9847002038BD53E8002F22F04C
:1094C000100243E800210029D8D053E8002F22F0F1
:1094D000100243E800210029EFD1CFE70F21A4F8C3
:1094E0005E20A265202519622046996941F0080195
:1094F0009961C4F88C50E266FFF7A4FF002038BDE4
:1095000020210F20A4F85E20A26518622046C4F82E
:109510008C10E266FFF796FF002038BDFEFFFFEFDC
:1095200025950308806B00210F22036810B5A0F871
:109530005E1020241A629A6942F008029A61C0F80B
:109540008C40C166FFF77EFF10BD00BF036840F688
:109550000F0CDA6912EA0C0F70B51D6804469968A1
:1095600045D1960607D505F0200C01F080565CEA3F
:10957000060C40F02A81E06E012800F0CD80D00278
:109580001DD4100606D501F4000105F08000084343
:1095900040F0228151061CD56E061AD553E8002FE3
:1095A00022F0400243E800210029F7D120220023C5
:1095B0002046C4F88820A367FFF7A4FE70BD4E02C2
:1095C000DFD54FF4801220461A62BDE8704001F0EA
:1095D0005DB8100202D5690000F13D81D301EDD5DF
:1095E000002DEBDA2046BDE8704001F051B8B948D3
:1095F000084040F02581B84E3542BCD0D6071AD578
:10960000EE0540F1038101261E62D4F8906046F019
:109610000106C4F89060960740F1FB80CE070AD59A
:1096200002261E62D4F8906046F00406C4F89060EA
:10963000560700F1F48016070BD505F02006064307
:1096400007D008201862D4F8900040F00800C4F851
:10965000900010050AD56E0108D54FF4006018621D
:10966000D4F8900040F02000C4F89000D4F89000A6
:109670000028A3D0900606D505F0200501F0805102
:109680000D4340F0D580D4F890109A6801F028017D
:1096900002F0400252EA010500F0E28053E8002F98
:1096A00022F4907243E800210029F7D18B4803F19E
:1096B000080252E8002F024003F1080545E80021A6
:1096C0000029F4D1E26E012A00F08E8000222021D0
:1096D000C4F88C10E266996862674A0640F1B78068
:1096E00003F1080252E8002F22F0400203F10800C3
:1096F00040E800210029F3D1D4F88000002800F0D0
:10970000A680774B0365FCF7A5FB00283FF456AF16
:10971000D4F88000036D5CE0D6067FF530AFE80634
:109720007FF52DAF1022B4F85C501A629A68560685
:1097300040F19C80D4F880000168496889B2002912
:1097400000F0D080A94280F0CD80C269A4F85E10FC
:10975000B2F5807F2FD053E8002F22F4807243E8C7
:1097600000210029F7D103F1080252E8002F22F06E
:10977000010203F1080545E800210029F3D103F1B6
:10978000080252E8002F22F0400203F1080545E8E4
:1097900000210029F3D12022C4F88C20E16653E88F
:1097A000002F22F0100243E800210029F7D1FCF736
:1097B0009BF9B4F85C50022320462367B4F85E108E
:1097C000691A89B2F9F756FF70BD436F002B3FF459
:1097D000F5AEBDE870401847A36F002B3FF4EEAE26
:1097E0002046BDE87040184753E8002F22F01002D1
:1097F00043E8002100293FF469AF53E8002F22F02D
:10980000100243E800210029EED15FE796073FF5FB
:1098100012AF56077FF50FAFCE077FF50CAF0426CA
:109820001E62D4F8906046F00206C4F8906002E729
:10983000626F002A3FF427AF20469047236822E753
:10984000D6077FF5E8AEEE057FF5E5AEDBE6204610
:10985000FAF7ECF970BD2046BDE8704000F01ABF81
:109860002046FAF7E3F9C4F8905070BDB4F85E10E2
:10987000B4F85E206D1A92B2A9B200293FF49EAEF0
:10988000002A3FF49BAE53E8002F22F4907243E885
:1098900000200028F7D1114D03F1080252E8002FF3
:1098A0002A4003F1080646E800200028F4D12022CF
:1098B0006067C4F88C20E06653E8002F22F01002A5
:1098C00043E800200028F7D1022320462367F9F758
:1098D000D1FE70BD0100001020010004FEFFFFEF6B
:1098E00035940308A9427FF469AEC369B3F5807F5C
:1098F000EAD070BD036810B553E8002F22F49072CF
:1099000043E800210029F7D103F1080252E8002FB3
:1099100022F0010203F1080444E800210029F3D1F8
:109920001A4A202441679342C0F88C40016702D054
:109930005A68110216D4C26E012A24D10022C266CE
:1099400053E8002F22F0100243E800210029F7D14C
:10995000DA69D20601D510221A62B0F85C10F9F764
:1099600089FE10BD53E8002F22F0806243E80021F9
:109970000029E0D053E8002F22F0806243E8002164
:109980000029EFD1D7E7FFF7E9FC10BD000C005824
:1099900010B4D0F88C40B0F86010222C026806D0C9
:1099A000936943F0080393615DF8044B7047526A72
:1099B000846D114024F8021BB0F85E208465013AE2
:1099C00092B2A0F85E20B0F85E309BB2002BEBD1D3
:1099D0005DF8044BFFF78EBFD0F88C10B0F860C074
:1099E0002229026804D0936943F008039361704709
:1099F000526A816D02EA0C020A70B0F85E20816D35
:109A0000013A013192B28165A0F85E20B0F85E3073
:109A10009BB2002BEBD1FFF76DBF00BF03682DE9B0
:109A2000F047DD6919689F68D0F88C20B0F8609025
:109A3000222A05D09A6942F008029A61BDE8F087AF
:109A4000B0F86830044601F4807A07F00107002B73
:109A500000F0D880002F00F0A380002604274FF0EC
:109A6000020804E0B4F85E309BB2002B3ED0AB0697
:109A700073D52368A26D5B6A03EA09031370B4F817
:109A80005E202368013AA16D92B20131A4F85E20F4
:109A9000DD69A1656807E5D0E9070AD5BAF1000FCD
:109AA00007D001221A62D4F8902042F00102C4F8D3
:109AB0009020AA0707D5C3F82080D4F8902042F060
:109AC0000402C4F89020680706D51F62D4F89030CD
:109AD00043F00203C4F89030D4F89030002BC1D08A
:109AE0002046FAF7A3F8C4F89060BBE7236853E870
:109AF000002F22F4807243E800210029F7D14E485C
:109B000003F1080252E8002F024003F1080545E87E
:109B100000210029F4D1494A202061679342C4F80A
:109B20008C00216702D05A6811026FD4E26E012ABC
:109B30007DD10022E26653E8002F22F0100243E8B4
:109B400000210029F7D1DA69D20601D510221A6264
:109B5000B4F85C102046F9F78DFDB4F85E309BB286
:109B6000002B3FF46BAFB4F868209A427FF666AFE3
:109B7000236803F1080252E8002F22F0805203F11B
:109B8000080040E800210029F3D12D4A626753E81C
:109B9000002F42F0200243E800210029F7D14DE7D1
:109BA000012604E0B4F85E309BB2002B9ED0A806DC
:109BB000D3D52368A26D5B6A03EA09031370B4F876
:109BC0005E30A26D013B01329BB2A265A4F85E300B
:109BD0002368DD696907E5D0EA0709D5BAF1000F06
:109BE00006D01E62D4F8903043F00103C4F89030E0
:109BF000D4F89030002BD5D02046FAF717F8C4F8E7
:109C00009070CFE7B0F85E30BDE8F08753E8002FE2
:109C100022F0806243E80021002987D053E8002F1A
:109C200022F0806243E800210029EFD17EE7204640
:109C3000FFF794FB91E700BFFEFFFFEF000C005819
:109C4000D999030803682DE9F047DD6919689F6811
:109C5000D0F88C20B0F86090222A05D09A6942F0A2
:109C600008029A61BDE8F087B0F86830044601F454
:109C7000807A07F00107002B00F0D480002F00F05D
:109C8000A180002604274FF0020804E0B4F85E30FB
:109C90009BB2002B3CD0AB0671D52368A16D5A6AEC
:109CA00009EA020221F8022BB4F85E20A165013A0C
:109CB00092B2A4F85E20DD696807E7D0E9070AD50B
:109CC000BAF1000F07D001221A62D4F8902042F0B6
:109CD0000102C4F89020AA0707D5C3F82080D4F861
:109CE000902042F00402C4F89020680706D51F6255
:109CF000D4F8903043F00203C4F89030D4F8903098
:109D0000002BC3D02046F9F791FFC4F89060BDE75F
:109D1000236853E8002F22F4807243E800210029D1
:109D2000F7D14D4803F1080252E8002F024003F139
:109D3000080545E800210029F4D1484A2020616740
:109D40009342C4F88C00216702D05A6811026DD486
:109D5000E26E012A7BD10022E26653E8002F22F056
:109D6000100243E800210029F7D1DA69D20601D5B3
:109D700010221A62B4F85C102046F9F77BFCB4F8A4
:109D80005E309BB2002B3FF46DAFB4F868209A426E
:109D90007FF668AF236803F1080252E8002F22F033
:109DA000805203F1080040E800210029F3D12C4A39
:109DB000626753E8002F42F0200243E800210029A7
:109DC000F7D14FE7012604E0B4F85E309BB2002BD8
:109DD0009ED0A806D3D52368A26D596A09EA01016D
:109DE00022F8021BA265B4F85E20013A92B2A4F8F0
:109DF0005E20DD696907E7D0EA0709D5BAF1000FEF
:109E000006D01E62D4F8903043F00103C4F89030BD
:109E1000D4F89030002BD7D02046F9F707FFC4F8CC
:109E20009070D1E7B0F85E30BDE8F08753E8002FBE
:109E300022F0806243E80021002989D053E8002FF6
:109E400022F0806243E800210029EFD180E720461C
:109E5000FFF784FA93E700BFFEFFFFEF000C005806
:109E6000919903080169826803680A4370B5044642
:109E70001D68C06986B061690A43A0490243294050
:109E8000656A0A43E1681A605A6822F440520A433C
:109E9000A1695A609A4A934200F01981226A9E6829
:109EA0001143984A324011439960DA6A22F00F0256
:109EB0002A43DA62944A934228D0944A93421AD0B1
:109EC000934A934217D0934A934214D0924A9342B2
:109ED00011D0924A934219D0914A93420BD0914AA1
:109EE000934208D0012000234FF001126367A2665D
:109EF000A36706B070BD8C4B5B6D03F00703052BA9
:109F0000F0D8DFE803F09E7E89915F78864B5B6D29
:109F100003F03803282BE5D801A252F823F000BF44
:109F20009DA00308E59E0308E59E0308E59E03083F
:109F3000E59E0308E59E0308E59E0308E59E0308E9
:109F400003A00308E59E0308E59E0308E59E0308B9
:109F5000E59E0308E59E0308E59E0308E59E0308C9
:109F600019A00308E59E0308E59E0308E59E030883
:109F7000E59E0308E59E0308E59E0308E59E0308A9
:109F800029A00308E59E0308E59E0308E59E030853
:109F9000E59E0308E59E0308E59E0308E59E030889
:109FA000C59F0308E59E0308E59E0308E59E030898
:109FB000E59E0308E59E0308E59E0308E59E030869
:109FC000F79F0308B0F5004F584847D0584A6368D8
:109FD00032F815104FF6EF72B0FBF1F000EB5300C2
:109FE000B0FBF3F0A0F1100393423FF67BAF236880
:109FF000D860002077E7B0F5004F2FD04FF4004035
:10A00000E4E7B0F5004F22D06846FEF7A3FA0198C6
:10A010000028EED0656AD9E7B0F5004F4FD003A80D
:10A02000FEF732FB0498F3E7B0F5004F3CD03E4B0F
:10A030001A6891062DD51B683E48C3F3C103D8406A
:10A04000C4E7B0F5004F26D0FDF7BEF9E0E768465B
:10A05000FEF780FA01980028CBD0656A344B62681D
:10A0600033F815105308B0FBF1F003EB40034FF643
:10A07000EF71B3FBF2F3A3F110028A423FF632AF65
:10A0800023F00F02C3F34203216892B21343CB6063
:10A09000AFE728489AE7FDF797F9DCE7B0F5004FFE
:10A0A00012D0FDF7D9F9B3E71F4B1A68900640F1BB
:10A0B0008B801B681F48C3F3C103D840CEE703A8B9
:10A0C000FEF7E2FA0498C6E7FDF7C6F9C3E7986819
:10A0D0000C4A02400A4314499A60DA6A22F00F02DD
:10A0E0002A43DA628B6D03F00703052B3FF6FAAEC5
:10A0F000DFE803F05C574E22625F00BFF369FFCFD9
:10A10000000C0058FFF4FF11001001400044004013
:10A1100000480040004C0040005000400014014046
:10A1200000780040007C00400044025800093D00D7
:10A13000BC0A07080090D003244B1A6892063DD44D
:10A140002348244B666833F8152006EB4601B0FB24
:10A15000F2F399423FF6C6AEB3EB063F3FF6C2AE0E
:10A1600000231946E6F7EEFB32460902030241EAF4
:10A170001061700818184FF0000341F10001E6F774
:10A18000E1FB154BA0F540729A423FF6ABAE2EE7CD
:10A1900003A8FEF779FA049800283FF42AAF656A0D
:10A1A000CFE76846FEF7D6F90198F5E7FEF7C0F964
:10A1B000F2E74FF40040C4E70848C2E71B680448D0
:10A1C000C3F3C103D840BCE7014847E70044025845
:10A1D0000090D003BC0A0708FFFC0F0000093D00F7
:10A1E000836A1A0710B406D50168846B4A6822F4A2
:10A1F000004222434A60DC0706D50168C46A4A6807
:10A2000022F4003222434A60990706D50168046BA4
:10A210004A6822F4803222434A605A0706D5016810
:10A22000446B4A6822F4802222434A60DC0606D549
:10A230000168C46B8A6822F4805222438A609906BE
:10A2400006D50168046C8A6822F4005222438A60B1
:10A250005A060AD50168446C4A68B4F5801F22F496
:10A26000801242EA04024A600BD01B0606D502683F
:10A27000C16C536823F400230B4353605DF8044B17
:10A2800070474A68846C22F4C00222434A60ECE7BB
:10A2900038B500230446C0F89030FAF7E7FC22688E
:10A2A000054613681B070FD41368590731D40023E0
:10A2B00020221846C4F88820C4F88C20E36623675F
:10A2C000002384F8843038BDD3699802ECD40CE0C4
:10A2D00019681A46490705D5D96908074AD4D969C2
:10A2E000090575D4DB699802DED4FAF7BFFC431B7D
:10A2F000B3F1007F2368EBD353E8002F22F08002F4
:10A3000043E800210029F7D12023C4F88830032036
:10A31000D6E7D3695B02CAD40DE01A68500707D5A7
:10A32000DA69110700F18280DA69120500F1AC8068
:10A33000DB695B02BBD4FAF799FC431BB3F1007FE6
:10A340002368EAD353E8002F22F4907243E80021F7
:10A350000029F7D103F1080252E8002F22F0010290
:10A3600003F1080040E800210029F3D12023C4F8BC
:10A370008C30CCE708221A6253E8002F22F4907246
:10A3800043E800210029F7D1564803F1080252E8BA
:10A39000002F024003F1080545E800210029F4D10F
:10A3A000E26E012A0BD0002220200821C4F88C0084
:10A3B0006267E26684F88420C4F890109CE753E852
:10A3C000002F22F0100243E800210029F7D1EAE72C
:10A3D0004FF400621A6253E8002F22F4907243E8AF
:10A3E00000210029F7D13F4803F1080252E8002F6D
:10A3F000024003F1080545E800210029F4D1E26E8E
:10A40000012A0AD0002220216267C4F88C1084F847
:10A410008420E266C4F890106EE753E8002F22F023
:10A42000100243E800210029F7D1EBE708221A6265
:10A4300053E8002F22F4907243E800210029F7D15D
:10A44000284803F1080252E8002F024003F10805F2
:10A4500045E800210029F4D1E26E012A0BD0002248
:10A4600020200821C4F88C006267E26684F884200A
:10A47000C4F8901066E753E8002F22F0100243E87A
:10A4800000210029F7D1EAE74FF400621A6253E88D
:10A49000002F22F4907243E800210029F7D11148DF
:10A4A00003F1080252E8002F024003F1080545E8D5
:10A4B00000210029F4D1E26E012A0AD000222021D5
:10A4C0006267C4F88C1084F88420E266C4F89010A7
:10A4D00038E753E8002F22F0100243E8002100295A
:10A4E000F7D1EBE7FEFFFFEF80B3D0F8883010B56F
:10A4F000044633B322682423A16AC4F88830136861
:10A5000023F001031360C1B92046FFF7ABFC01281B
:10A5100011D0236820465A6822F490425A609A6803
:10A5200022F02A029A601A6842F00102BDE8104047
:10A530001A60FFF7ADBE012010BD2046FFF750FEA8
:10A54000E2E780F88430F7F72DFDD3E7012070476C
:10A5500030B4846800238165B4F5805FA0F85C2086
:10A56000A0F85E2043674FD084BB0369002B0CBF6B
:10A57000FF237F2300212224A0F86030C0F8901030
:10A580000168C0F88C4001F1080353E8003F43F034
:10A59000010301F1080545E80034002CF3D1436EB6
:10A5A0008568B3F1005F046935D0B5F5805F16D0DA
:10A5B000324B4367BCB151E8003F43F4907341E82C
:10A5C0000032002AF7D1002030BC7047B4F1805F20
:10A5D000D0D10369002B0CBF7F233F23CAE7002C97
:10A5E00046D1274B436751E8003F43F0200341E841
:10A5F0000032002AE7D051E8003F43F0200341E851
:10A600000032002AEFD1DEE7016940F2FF13002992
:10A6100018BFFF23AEE7B0F868309342C5D8B5F550
:10A62000805F11D0174B43678CB901F1080353E8E1
:10A63000003F43F0805301F1080040E80032002A57
:10A64000F3D1002030BC7047ACB10E4B436751E8EA
:10A65000003F43F4807341E80032002AE5D051E81E
:10A66000003F43F4807341E80032002AEFD1DCE779
:10A67000024B43679FE7044B4367D6E7D99903082A
:10A68000919903081D9A0308459C0308704700BF71
:10A69000704700BF704700BF90F88420012A17D090
:10A6A000026803462420002130B4C3F88800202526
:10A6B0001068146820F0005024F0010414605966FA
:10A6C00010600846C3F8885083F8841030BC704787
:10A6D0000220704790F88420012A37D00268034690
:10A6E000242030B5C3F888001468106820F00100F9
:10A6F0001060906820F060400143586E916010B384
:10A7000091689068C1F3426C11494FEA507E114D37
:10A7100011F80E0011F80C1015F80EE0000115F8F4
:10A720000C500901B0FBFEF0B1FBF5F1A3F8681085
:10A7300020250021A3F86A0014600846C3F8885059
:10A7400083F8841030BD01210846EFE702207047EE
:10A75000DC0A0708D40A070890F88420012A37D0B9
:10A7600002680346242030B5C3F8880014681068D6
:10A7700020F001001060906820F060600143586E86
:10A78000916010B391689068C1F3426C11494FEA2F
:10A79000507E114D11F80E0011F80C1015F80EE056
:10A7A000000115F80C500901B0FBFEF0B1FBF5F10A
:10A7B000A3F8681020250021A3F86A001460084659
:10A7C000C3F8885083F8841030BD01210846EFE7B4
:10A7D00002207047DC0A0708D40A070870B5D0F8D1
:10A7E0008C60202E0FD161B1B2FA82F56D0942B1B1
:10A7F00001230446C3660567FFF7AAFEE36E012B3B
:10A8000003D0012070BD022070BD226810231362A6
:10A8100052E8003F43F0100342E800310029F7D12D
:10A82000002070BD19F050BE0268D207034605D45F
:10A83000427802B1FFDE0120587070470020704757
:10A84000012303607047012838BF012010B504467A
:10A8500020461BF003FA00B110BD19F09FFE08B9A5
:10A860001BF0EEF98047F3E708B54368C3F17F5367
:10A8700003F57F1303F57F533F339A4202D9034810
:10A880000CF034FCBDE8084013F0F6BAE40A0708FF
:10A890002DE9F347002205460F46014668460CF0B5
:10A8A00039FD9DF800100024002968D03B687C60C9
:10A8B0001C702B6853F80C1C29446C3151F8649CB3
:10A8C00001A8A145D8BF6FF0404900F073F801A876
:10A8D0000DF0EEFA804601A800F0DEF82B6853F880
:10A8E0000C3C2B449E6F304613F042F8421C3BD088
:10A8F000D8F818205FFA80FC12F80C301B0731D40E
:10A90000D6E90213A9EB04005B1A8342A8BF0346F1
:10A91000012B08DC3846614613F09DF930460134BE
:10A9200013F02FF81AE00B44481C8342824608D9E2
:10A930009AF800C012F80CC01CF0080F00F10100DA
:10A94000F3D0AAEB010A38465246FFF78DFFB368F1
:10A950005344B3603046544413F00AF8A145C5D8B7
:10A96000002105E0A145FBD9431C5942594149004A
:10A970002B6853F80C3C2B4400229A605CB941F0E0
:10A9800004012B6853F80C0C28440CF0E1FB28461A
:10A9900002B0BDE8F0870029F9D00221F1E7704745
:10A9A0004268511E012A416002D103685B68184762
:10A9B00070470000044A0B681268036093421EBF90
:10A9C0001A6801321A60704710C301240160704791
:10A9D0000249034800221AF093B900BF081907087A
:10A9E00008C3012410B5034C23680BB9FFF7F0FF2F
:10A9F000206810BD08C301240048704708190708E3
:10AA000038B543680446B3B96068B0B9E36813BBAE
:10AA1000E06810BB23691BBB206958BB204638BDCA
:10AA200052F8250008B1FFF7BBFF0135D4E9012337
:10AA3000AB42F5D8E8E70025F8E719F047FDE5E770
:10AA400052F8250008B1FFF7ABFF0135D4E9023217
:10AA5000AB42F5D8DCE70025F8E719F037FDD9E778
:10AA600000252369585908B119F030FD0435182D17
:10AA7000F7D1D1E719F02AFDD0E703685A1E012B60
:10AA800010B50446026006D1FFF7BAFF2046BDE8C4
:10AA9000104019F019BD10BD054B10B51B680446D8
:10AAA0000068984201D0FFF7E8FF204610BD00BFC4
:10AAB00010C301240A4A38B50B680D4611688B4251
:10AAC00018BF1A68044600681CBF01321A60814230
:10AAD00001D0FFF7D2FF2B682360204638BD00BFAE
:10AAE00010C30124036823B9034A136801331360B8
:10AAF000036000680138704704C301242DE9F84F52
:10AB0000044617460846002A47D0FFF7EBFFA36824
:10AB1000013B9842064631D900F1040A6FF06043C8
:10AB20009A4534BF4FEA8A0B4FF0FF3B5846D4F8A2
:10AB3000049019F03BFDA3680546002199422ED1EF
:10AB400000229A4532D85846D4F80C8019F02EFDD0
:10AB5000A268002191422DD10023924531D8C4E949
:10AB6000015AE060B9F1000F02D0484619F0AEFC7E
:10AB7000B8F1000F02D0404619F0A8FC7B68656868
:10AB800001337B6055F82630002B54D145F82670F0
:10AB900000252E46A3689D4250D3BDE8F88F626819
:10ABA00052F8212045F821200131C7E745F823203C
:10ABB0000133C6E7E36853F8213040F82130013112
:10ABC000C8E740F822300132C7E7D8F80400FFF7A1
:10ABD00089FF86420AD10846FFF784FF55F82030E6
:10ABE00080461BB3384603F017FB15E008F1080850
:10ABF000D8F80010D1B10846FFF774FF8642E4D1BF
:10AC0000D8F804100846FFF76DFF55F8203080464D
:10AC100063B1384608F082FF4368013381464360E0
:10AC200055F82800FFF7BCFE45F8289055F8260097
:10AC3000FFF7B6FEAAE7DFF81C80D9E7E36853F810
:10AC4000250020B1FFF7ACFEE36843F8256001352D
:10AC5000A0E700BF0C1907082DE9F041214F3B6820
:10AC6000BFF35B8FDB0706460C46154606D4384615
:10AC7000FFF7DAFD10B13846FFF7E2FD1A490F6819
:10AC800017B94FF0FF3308E03846FFF72BFFA84213
:10AC900048680DD1FFF726FF0346F16851F82520DB
:10ACA00092B1ECB1236820465B68BDE8F0411847DB
:10ACB000FFF718FFA84205D13846FFF713FF2B46D0
:10ACC0000546EAE70831DAE76268501C6060581C04
:10ACD00018BF023241F825401CBF626041F8234092
:10ACE000BDE8F08114C301240C19070810B5084C05
:10ACF0002368BFF35B8FDB0708D42046FFF794FD82
:10AD000020B12046BDE81040FFF79ABD10BD00BF3E
:10AD10009CD101242DE9F04F302387B08360CC4BC8
:10AD20000160C02407462246002118461DF04AF95A
:10AD3000C84B78602246002118461DF043F9C64BE7
:10AD4000F8600021184614221DF03CF9021FC34C84
:10AD50003A6140F8044CFFF74FFE03882380C04C53
:10AD6000C04DDFF804B4C04EDFF800A4DFF8009453
:10AD7000002201231146204604F000FD2246BB4C70
:10AD8000BB493846FFF7BAFE012120461AF01CF8ED
:10AD900022463846B749FFF7B1FEB74AB74B1360B2
:10ADA00000244FF00108B64B2B6021462846C2E92B
:10ADB0000244C2E90544C2E90744C2F8048014749D
:10ADC000948482F86440C5F80480AA6000F022FFF1
:10ADD0002A463846AB49AC4DFFF790FEAB4AAC4B28
:10ADE000AC49C2F8048038461360FFF787FEAA4AD0
:10ADF000AA4BAB49C2F8048038461360FFF77EFEC9
:10AE0000A84B2B60C5F80480FFF7ECFD2A46A8602C
:10AE1000A549A64D3846FFF771FEA54BA54A1A6015
:10AE2000A54A2A60214622462846C3E90244C3E9CE
:10AE30000544C3E90744C3E90944C3E90B44C3F823
:10AE400004801C829C745C6383F84340AB60C5F84B
:10AE5000048000F083FB2A4638469849984DFFF756
:10AE60004DFE984ACBF80020974A2A602146224698
:10AE70002846CBE90244CBE90544CBE90744CBE9BA
:10AE80000944CBE90B44ABF810408BF81240CBF8E7
:10AE900034408BF84340C5F80480C5F808B0CBF8BF
:10AEA000048000F017FB2A4638468849884DFFF792
:10AEB00025FE884A8849116038468849C2F80480CE
:10AEC000FFF71CFE864A8749116038468649C2F85A
:10AED0000480FFF713FE854A326031464246284619
:10AEE000C6E90244C6E90444C6E90644C6E9084482
:10AEF000C6E90A44C6E90C44C6E90E44C6E9104452
:10AF0000C6E91244C6E91444C6E91644C6E9184421
:10AF1000C6E91A44C6E91C44C6E91E44C6F80480C2
:10AF2000C6E92044C6E92244C6E92444C6E92644C9
:10AF3000C6E92844C6E92A44C6E92C44C6E92E4499
:10AF4000C6F8C04086F8C4400CF056FE2A46384683
:10AF50006749684DFFF7D2FD674A68491160384676
:10AF60006749C2F80480FFF7C9FD664A6649116067
:10AF700038466649C2F80480FFF7C0FD41462846BE
:10AF800005F092FA2A46624D62493846FFF7B6FD4F
:10AF90004146284604F0DEFB2A465F4D5F493846AD
:10AFA000FFF7ACFD4146284619F01EFF2A463846F9
:10AFB0005B495C4DFFF7A2FD5B4B5C4A1A60214682
:10AFC0005B4AC3F804802846C3E90244C3E9054448
:10AFD000C3E90744C3E909441C7483F82441AB6006
:10AFE000C5F804802A6000F07DFE2A4638465149A3
:10AFF000514DFFF783FD514A51491160384651497F
:10B00000C2F80480FFF77AFD4F4A50491160384674
:10B010004F49C2F80480FFF771FD4E4AC5F804801D
:10B020002A60FFF7DFFC2A46A8604B494B4D3846A3
:10B03000FFF764FD4A4ACAF800204A4A2A602146BE
:10B0400022462846CAE90244CAE9054492E000BF04
:10B05000A0D00124E0CF012470D1012460D10124CB
:10B06000C0CD0124A8CD0124E8C501248CCD012444
:10B0700084D20124D0D3012438C701243021070809
:10B08000E42F0708B4D20124B4CD0124A0CD0124BB
:10B090008440070864D3012498CD0124C0400708E8
:10B0A00060D30124C82F0708A8D2012474CD01243D
:10B0B000B0C60124002107083C300708BCD2012497
:10B0C00080CD0124F020070808300708B8D20124F9
:10B0D00050CD01246CCD01248C300708C4D201244A
:10B0E00064CD0124A4300708C0D20124F040070831
:10B0F00048D3012430CD012448CD0124BC300708B9
:10B10000B0D2012440CD0124F041070844D30124EA
:10B1100050C80124ACD201241CC8012480D20124CF
:10B12000CCD3012438C80124C0C40124402107081D
:10B13000E43A0708F4D2012444C8012430C80124A9
:10B1400038480708C4D3012428C8012474480708D4
:10B15000C0D30124C83A0708E8D2012404C8012456
:10B16000202107083C3B0708F4C60124E0C3012462
:10B1700050C40124CAE90744CAE90944CAE90B4496
:10B18000CAE90D448AF81040CAF83C408AF86C407D
:10B19000C5F80480C5F808A0CAF8048000F09EFA3B
:10B1A0002A4638468149824DFFF7A8FC814AC9F8F2
:10B1B0000020814A2A60214622462846C9E90244E5
:10B1C000C9E90544C9E90744C9E90944C9E90B4487
:10B1D000C9E90D4489F81040C9F83C4089F86C4031
:10B1E000C5F80480C5F80890C9F8048000F02EFA6C
:10B1F0002A4638467149724DFFF780FC714A724900
:10B20000116038467149C2F80480FFF777FC704A34
:10B210007049116038467049C2F80480FFF76EFC2F
:10B220006E4A2A60C5E90244C5E90444C5E90644FA
:10B23000C5E90844C5E90A44C5E90C44C5E90E441A
:10B24000C5E91044C5E91244C5E91444C5E91644EA
:10B25000C5E91844C5E91A44C5E91C44C5E91E44BA
:10B26000C5F80480C5E92044C5E92244C5E9244461
:10B27000C5E92644C5E92844C5E92A44C5E92C4462
:10B28000C5E92E44C5F8C04085F8C440544C424638
:10B290002946204613F052FB224638465149524C6B
:10B2A000FFF72CFC514A5249116038465149C2F807
:10B2B0000480FFF723FC504A50491160384650493A
:10B2C000C2F80480FFF71AFC4146204609F0C4FC8E
:10B2D000224638464B49FFF711FC4B4A4B49116057
:10B2E00038464B49C2F80480FFF708FC494A4A49EE
:10B2F000116038464949C2F80480FFF7FFFB484A0D
:10B300004849116038464849C2F80480FFF7F6FB07
:10B31000464A4749116038464649C2F80480FFF75B
:10B32000EDFB454B454A0092CDE9013B444BCDF83E
:10B33000149069463846CDE9033A01F09DFC414836
:10B34000FC68FFF7CFFB3D4A44F820203E48FC68EC
:10B35000FFF7C8FB384B44F820303C48FC68FFF747
:10B36000C1FB44F820B03A48FC68FFF7BBFB44F847
:10B3700020603848FC68FFF7B5FB314B44F82030BB
:10B380000A48FC68FFF7AEFB44F820A00B48FC68B5
:10B39000FFF7A8FB44F820901248FC68FFF7A2FBD7
:10B3A00044F82050384607B0BDE8F08FFCD20124A5
:10B3B00010C8012410210708083B0708F8D201240F
:10B3C00018C30124FCC701248C3B070804D30124C3
:10B3D000F4C70124A43B070800D30124A4480708AC
:10B3E000E0C70124A8D30124C0C70124D8C7012481
:10B3F000BC3B0708F0D20124D0C70124A4490708A8
:10B40000A4D30124ECD20124B8C701248023070867
:10B41000ACD10124B0C70124D8230708A8D1012446
:10B42000A8C7012430240708A4D10124A0C70124FF
:10B4300088240708A0D10124B0C6012438C70124FC
:10B44000C0C40124B4D20124BCD20124B8D2012446
:10B4500048D30124F4D2012438B5094D2B686BB9C7
:10B46000084C02212046FFF755FC074B2C601C605E
:10B4700021460648BDE83840FFF7A8BA38BD00BFEE
:10B4800010C3012488D101240CC3012484D10124D8
:10B49000024B1B680BB9FFF7DFBF704710C30124D5
:10B4A00038B5002303600446084DFFF7F1FF084A52
:10B4B0002B6812682360934206D0FFF717FC2B68B5
:10B4C00023601A6801321A60204638BD0CC301247B
:10B4D00010C3012438B584680546ACB94420FFF791
:10B4E000B2F91A4B0482C0E90034C0E90244C0E951
:10B4F0000544C0E90744C0E90944C0E90B44847429
:10B50000446380F84340A860AB6811492E225A7406
:10B51000AB682C229A74AA680023C2E90513C2E919
:10B520000713C2E9091391600A49D36008681063E0
:10B53000D362AA685063084A1068AA68C15C1A44BA
:10B5400001330B2B82F83810F7D138BDF0200708F3
:10B55000FC100708E84B07087400002438B584681D
:10B560000546ACB94420FFF76EF91A4B0482C0E9D6
:10B570000034C0E90244C0E90544C0E90744C0E919
:10B580000944C0E90B448474446380F84340A860D4
:10B59000AB6811492E225A74AB682C229A74AA689F
:10B5A0000023C2E90513C2E90713C2E90913916038
:10B5B0000A49D36008681063D362AA685063084AD6
:10B5C0001068AA68C15C1A4401330B2B82F838104A
:10B5D000F7D138BD00210708FC100708E84B070821
:10B5E00074000024064B10B504460360806810B157
:10B5F00003685B6898472046FFF7D1F9204610BDE5
:10B600000830070810B50446FFF7ECFF204618F095
:10B610005BFF204610BD0000064B10B504460360DA
:10B62000806810B103685B6898472046FFF7B7F958
:10B63000204610BD3C30070810B50446FFF7ECFF6C
:10B64000204618F041FF204610BD000038B5846840
:10B650000546B4B97020FFF7F6F8C0E90244C0E926
:10B660000544C0E90744C0E90944C0E90B44C0E906
:10B670000D44154B446003600474C46380F86C404F
:10B68000A860AB682E212C22C3E905120F49104A8D
:10B690009A600022C3E90712C3E90912C3E90B1239
:10B6A000DA605A630B4A10689863AB68D8630A4B38
:10B6B000AA681B683C32591E0A3311F8010F42F880
:10B6C000040F9942F9D138BD10210708DC1F070883
:10B6D000FC100708E84B07087400002438B584689C
:10B6E0000546B4B97020FFF7AEF8C0E90244C0E9DE
:10B6F0000544C0E90744C0E90944C0E90B44C0E976
:10B700000D44154B446003600474C46380F86C40BE
:10B71000A860AB682E212C22C3E905120F49104AFC
:10B720009A600022C3E90712C3E90912C3E90B12A8
:10B73000DA605A630B4A10689863AB68D8630A4BA7
:10B74000AA681B683C32591E0A3311F8010F42F8EF
:10B75000040F9942F9D138BD20210708DC1F0708E2
:10B76000FC100708E84B070874000024064B10B5CE
:10B7700004460360806810B103685B689847204600
:10B78000FFF70DF9204610BD083B070810B5044629
:10B79000FFF7ECFF204618F097FE204610BD000092
:10B7A000064B10B504460360806810B103685B68FF
:10B7B00098472046FFF7F3F8204610BD3C3B0708AA
:10B7C00010B50446FFF7ECFF204618F07DFE20463A
:10B7D00010BD00000D4B10B5036090F843300446D7
:10B7E0007BB1806808B118F071FE606908B118F08B
:10B7F0006DFEE06908B118F069FE606A08B118F0E2
:10B8000065FE2046FFF7CBF8204610BDF020070864
:10B8100010B50446FFF7DEFF204618F055FE20461F
:10B8200010BD00000D4B10B5036090F84330044686
:10B830007BB1806808B118F049FE606908B118F062
:10B8400045FEE06908B118F041FE606A08B118F0E1
:10B850003DFE2046FFF7A3F8204610BD0021070853
:10B8600010B50446FFF7DEFF204618F02DFE2046F7
:10B8700010BD00000D4B10B5036090F86C3004460D
:10B880007BB1806808B118F021FEE06908B118F0BA
:10B890001DFE606A08B118F019FEE06A08B118F0E0
:10B8A00015FE2046FFF77BF8204610BD1021070843
:10B8B00010B50446FFF7DEFF204618F005FE2046CF
:10B8C00010BD00000D4B10B5036090F86C300446BD
:10B8D0007BB1806808B118F0F9FDE06908B118F093
:10B8E000F5FD606A08B118F0F1FDE06A08B118F0E2
:10B8F000EDFD2046FFF753F8204610BD2021070834
:10B9000010B50446FFF7DEFF204618F0DDFD2046A7
:10B9100010BD000038B584680546ACB94420FEF778
:10B9200092FF1A4B0482C0E90034C0E90244C0E926
:10B930000544C0E90744C0E90944C0E90B448474E4
:10B94000446380F84340A860AB6811492E225A74C2
:10B95000AB682C229A74AA680023C2E90513C2E9D5
:10B960000713C2E9091391600A49D360086810639C
:10B97000D362AA685063084A1068AA68C15C1A4476
:10B9800001330B2B82F83810F7D138BDF0200708AF
:10B99000FC100708E84B07087400002438B58468D9
:10B9A0000546ACB94420FEF74EFF1A4B0482C0E9AD
:10B9B0000034C0E90244C0E90544C0E90744C0E9D5
:10B9C0000944C0E90B448474446380F84340A86090
:10B9D000AB6811492E225A74AB682C229A74AA685B
:10B9E0000023C2E90513C2E90713C2E909139160F4
:10B9F0000A49D36008681063D362AA685063084A92
:10BA00001068AA68C15C1A4401330B2B82F8381005
:10BA1000F7D138BD00210708FC100708E84B0708DC
:10BA200074000024064B10B504460360806810B112
:10BA300003685B6898472046FEF7B1FF204610BDBB
:10BA40001041070810B50446FFF7ECFF204618F038
:10BA50003BFD204610BD0000064B10B504460360B8
:10BA6000806810B103685B6898472046FEF797FF2F
:10BA7000204610BD4441070810B50446FFF7ECFF0F
:10BA8000204618F021FD204610BD000038B584681E
:10BA90000546B4B97020FEF7D6FEC0E90244C0E9FD
:10BAA0000544C0E90744C0E90944C0E90B44C0E9C2
:10BAB0000D44154B446003600474C46380F86C400B
:10BAC000A860AB682E212C22C3E905120F49104A49
:10BAD0009A600022C3E90712C3E90912C3E90B12F5
:10BAE000DA605A630B4A10689863AB68D8630A4BF4
:10BAF000AA681B683C32591E0A3311F8010F42F83C
:10BB0000040F9942F9D138BD10210708DC1F07083E
:10BB1000FC100708E84B07087400002438B5846857
:10BB20000546B4B97020FEF78EFEC0E90244C0E9B4
:10BB30000544C0E90744C0E90944C0E90B44C0E931
:10BB40000D44154B446003600474C46380F86C407A
:10BB5000A860AB682E212C22C3E905120F49104AB8
:10BB60009A600022C3E90712C3E90912C3E90B1264
:10BB7000DA605A630B4A10689863AB68D8630A4B63
:10BB8000AA681B683C32591E0A3311F8010F42F8AB
:10BB9000040F9942F9D138BD20210708DC1F07089E
:10BBA000FC100708E84B070874000024064B10B58A
:10BBB00004460360806810B103685B6898472046BC
:10BBC000FEF7EDFE204610BDC448070810B5044638
:10BBD000FFF7ECFF204618F077FC204610BD000070
:10BBE000064B10B504460360806810B103685B68BB
:10BBF00098472046FEF7D3FE204610BDF8480708B8
:10BC000010B50446FFF7ECFF204618F05DFC204617
:10BC100010BD000038B58468054684B96820FEF779
:10BC200012FEC0E90244C0E90544C0E907441A4BCA
:10BC3000446003600474848480F86440A860AA6847
:10BC4000164B93602E21002382F82410D3601374C6
:10BC5000AA682C2182F82510114A1068AA68C15CD4
:10BC60001A440133242B82F82610F7D10D4B1868A3
:10BC70000023AA68C15C1A4401331A2B82F84A10C7
:10BC8000F7D1AB68084A5A6104229A61074ADA611F
:10BC900005221A6238BD00BF30210708FC100708D2
:10BCA0006C00002470000024F90A0708FE0A070847
:10BCB000064B10B504460360806810B103685B68EA
:10BCC00098472046FEF76BFE204610BDE42F07087C
:10BCD00010B50446FFF7ECFF204618F0F5FB2046B0
:10BCE00010BD000038B58468054694B94FF49470CF
:10BCF000FEF7A9FDC0E90244C0E90544C0E90744D4
:10BD0000C0E90944184B44600360047480F824417E
:10BD1000A860AB68154A9A600022DA601A74194666
:10BD20002E225A622C2241F8282F114A1268501EE6
:10BD3000233210F8014F41F8044F9042F9D10D4AD7
:10BD4000126803F1B800511E193211F8014F40F882
:10BD5000044F9142F9D1084A5A6104229A61074A74
:10BD6000DA6105221A6238BD40210708FC10070875
:10BD70006C0000247000002494190708A819070813
:10BD8000064B10B504460360806810B103685B6819
:10BD900098472046FEF703FE204610BDE43A070808
:10BDA00010B50446FFF7ECFF204618F08DFB204647
:10BDB00010BD00000B4B10B5036090F864300446D2
:10BDC0005BB1806808B118F081FB606908B118F0B8
:10BDD0007DFBE06908B118F079FB2046FEF7DFFD36
:10BDE000204610BD3021070810B50446FFF7E2FFDA
:10BDF000204618F069FB204610BD00000B4B10B523
:10BE0000036090F8243104465BB1806808B118F0F3
:10BE10005DFB606908B118F059FBE06908B118F0E2
:10BE200055FB2046FEF7BBFD204610BD402107080C
:10BE300010B50446FFF7E2FF204618F045FB204608
:10BE400010BD000038B58468054684B96820FEF747
:10BE5000FAFCC0E90244C0E90544C0E907441A4BB2
:10BE6000446003600474848480F86440A860AA6815
:10BE7000164B93602E21002382F82410D360137494
:10BE8000AA682C2182F82510114A1068AA68C15CA2
:10BE90001A440133242B82F82610F7D10D4B186871
:10BEA0000023AA68C15C1A4401331A2B82F84A1095
:10BEB000F7D1AB68084A5A6104229A61074ADA61ED
:10BEC00005221A6238BD00BF30210708FC100708A0
:10BED0006C00002470000024F90A0708FE0A070815
:10BEE000064B10B504460360806810B103685B68B8
:10BEF00098472046FEF753FD204610BD60400708D6
:10BF000010B50446FFF7ECFF204618F0DDFA204696
:10BF100010BD000038B58468054694B94FF494709C
:10BF2000FEF791FCC0E90244C0E90544C0E90744BA
:10BF3000C0E90944184B44600360047480F824414C
:10BF4000A860AB68154A9A600022DA601A74194634
:10BF50002E225A622C2241F8282F114A1268501EB4
:10BF6000233210F8014F41F8044F9042F9D10D4AA5
:10BF7000126803F1B800511E193211F8014F40F850
:10BF8000044F9142F9D1084A5A6104229A61074A42
:10BF9000DA6105221A6238BD40210708FC10070843
:10BFA0006C0000247000002494190708A8190708E1
:10BFB000064B10B504460360806810B103685B68E7
:10BFC00098472046FEF7EBFC204610BD14480708B2
:10BFD00010B50446FFF7ECFF204618F075FA20462E
:10BFE00010BDC3689A6810B5C26002B15060426863
:10BFF0005A600C68844203D10B609860436010BDA6
:10C00000916881420CBF9360D360F6E78368DA6879
:10C0100010B5826002B1506042685A600C68844278
:10C0200003D10B60D860436010BDD16881420CBF62
:10C03000D3609360F6E7C268034622B11046926867
:10C04000002AFBD170474068C2689A4204D0DA687F
:10C05000904208BF1846704703464068F4E70278EC
:10C0600003462AB942685268824201D1D0687047BB
:10C070009A6822B11046D268002AFBD170475868EE
:10C0800082689A4200D0704703464068F8E7FFF79D
:10C09000D2BFFFF7D0BFFFF7E2BF2DE9F8431D463F
:10C0A0001F1D0023C1E902330C464A600B70A0B18A
:10C0B0009542916002D16960EC6003E0AB68934205
:10C0C00008BFA9604FF000094FF001086B68A34258
:10C0D00032D101221A70BDE8F883D160EB68934237
:10C0E000F0D1E9E7C368A34203D13946FFF779FFEE
:10C0F00004466368394683F80080304686F800902D
:10C10000FFF784FFE2E733B11A7822B980F80080A4
:10C1100083F8008021E08368A34203D13946FFF70A
:10C1200075FF04466368394683F80080304686F818
:10C130000090FFF756FFC9E760680278002AC8D16F
:10C140004668B3688342DED1F268002ACAD011780B
:10C150000029C7D101211970117086F8009034466A
:10C16000B4E72DE9F047D0E9022405460F46002A3E
:10C170003FD0002C39D021460B4689680029FBD1DD
:10C18000AB42DE6836D0A34253609A6008D05A684A
:10C1900006B1726059688E60DC60E96814464B60D5
:10C1A0007A68AA421AD17B606A6829785A601A783C
:10C1B00019702A702B78002B7ED007F104084FF0FD
:10C1C00000094FF0010A7B68B34273D0002E3CD0C7
:10C1D0003378012B39D0012333706DE06A689168A0
:10C1E000A9420CBF9360D360DEE7446816467460D2
:10C1F00003E026466C68002EF9D17B68AB420FD174
:10C200007E60BB68AB4203D1EB6883B96B68BB60EF
:10C21000FB68AB42CED1AB6883B96B68FB60C9E702
:10C220006B689A68AA420CBF9E60DE60E9E73346FD
:10C230001A469B68002BFBD1BA60E9E733461A46E1
:10C24000DB68002BFBD1FA60B4E7A068B04236D1BE
:10C25000E06803783BB980F800A04146204623708F
:10C26000FFF7BFFEE068D0E9022312B1117801297F
:10C2700009D113B11978012905D1636880F80090BC
:10C2800026461C469FE713B11B78012B07D10123DB
:10C290001370002303704146FFF7B8FEE06823786F
:10C2A0000370C3680122227003B11A704146204610
:10C2B000FFF797FE002E8ED12846BDE8F087037861
:10C2C0003BB980F800A0414620462370FFF79EFE50
:10C2D000A068D0E9023212B11178012904D1002BF3
:10C2E000CBD019780129C8D013B11B78012B07D105
:10C2F00001231370002303704146FFF772FEA0680C
:10C300002378037083680122227003B11A704146BA
:10C310002046FFF77BFECDE7009B03201A607047A5
:10C32000002070470020704704207047009B0320C6
:10C330001A6070477F2908D8D0E900329A4242D06B
:10C340005A1C0260197001207047B1F5006F10D2BD
:10C35000D0E90032D21A012A35D95A1C02608A0962
:10C36000403A1A70036801F03F015A1C026080399C
:10C37000E8E7B1F5803F11D2D0E90032D21A022AA3
:10C3800021D95A1C02600A0B203A1A700268531C09
:10C390000360C1F38513803B1370E3E7B1F5881F99
:10C3A00011D2D0E90032D21A032A0CD95A1C0260E9
:10C3B0008A0C103A1A700268531C0360C1F30533EB
:10C3C000803B1370E2E700207047D0E90032D21AB8
:10C3D000F0B504466FD018787F2802D80133236067
:10C3E000F0BDC1281DD9DF280ED8012A63D05A78A4
:10C3F00002F0C005802D14D1A2F5425202EB80104C
:10C400008142EDD30233EAE7EF2823D8012A52D044
:10C410005D7805F0C006802E03D1E02804D19F2D61
:10C4200006D84FF0FF30DBE7ED2801D19F2DF8D87B
:10C43000022A40D09A7802F0C006802EF1D1A2F5EF
:10C440006222803A02EB003202EB85108142C7D3B0
:10C450000333C4E7F428E4D8B1F5803FE1D3012ADF
:10C4600029D05D7805F0C006802EDAD1F0281DD1E4
:10C470008F2DD6D9022A1ED09E7806F0C007802FB5
:10C48000CFD1032A17D0DA7802F0C007802FC8D1A5
:10C49000A2F17272A2F5025202EB804202EB053267
:10C4A00002EB861081429BD3043398E7F428E1D154
:10C4B0008F2DDFD9B5E76FF0010091E77F2910B527
:10C4C00008D8D0E900329A4247D05A1C026019704D
:10C4D000012010BDB1F5006F0FD2D0E90032D21AA1
:10C4E000012A3AD98C091A46403C02F8024B01F065
:10C4F0003F01803902605970EAE7B1F5803F12D2FE
:10C50000D0E90032D21A022A27D90A0B203A1A702F
:10C51000C1F38512803A01F03F015A708039DA1C6C
:10C5200002609970D4E7B1F5881F16D2D0E90032C5
:10C53000D21A032A11D98A0C103A1A70C1F30532A3
:10C54000803A5A70C1F38512803A01F03F019A7027
:10C5500080391A1D0260D970BAE70020B9E7D0E926
:10C560000032D21AF0B504466FD018787F2802D86E
:10C5700001332360F0BDC1281DD9DF280ED8012A60
:10C5800063D05A7802F0C005802D14D1A2F5425232
:10C5900002EB80108142EDD30233EAE7EF2823D883
:10C5A000012A52D05D7805F0C006802E03D1E02824
:10C5B00004D19F2D06D84FF0FF30DBE7ED2801D1E5
:10C5C0009F2DF8D8022A40D09A7802F0C006802E1B
:10C5D000F1D1A2F56222803A02EB003202EB851023
:10C5E0008142C7D30333C4E7F428E4D8B1F5803FD0
:10C5F000E1D3012A29D05D7805F0C006802EDAD17A
:10C60000F0281DD18F2DD6D9022A1ED09E7806F093
:10C61000C007802FCFD1032A17D0DA7802F0C007E5
:10C62000802FC8D1A2F17272A2F5025202EB8042B1
:10C6300002EB053202EB861081429BD3043398E76C
:10C64000F428E1D18F2DDFD9B5E76FF0010091E734
:10C65000B1F5803F10B5D0E900430BD29C4221D008
:10C66000D30789B201D449BA89B2A31C03602180DF
:10C67000012010BD1B1B022B14D98B0AC1F3090129
:10C68000A3F52153A1F51051D2079BB289B203D46F
:10C690005BBA49BA9BB289B2224622F8043B0260D7
:10C6A0006180E5E70020E4E737B5CDE90023069D8A
:10C6B00008491446002045B1B0F5881F05F1FF3543
:10C6C00003D26846FFF74BFFF5E70098001B03B065
:10C6D00030BD00BFFFFF100073B51E46079B0093DF
:10C6E000089B01931446A642254607D10020069BCD
:10C6F000009A1D60099B1A6002B070BD2168A1F507
:10C700005843B3F5006F05F1040409D3B1F5881F50
:10C7100006D26846FFF7D2FE0028E4D10120E6E702
:10C720000220E4E78B070CD5D0E90032D21A022AA6
:10C7300009D9064A1188927819809A7003680333E0
:10C740000360012070470020704700BF040B0708FA
:10C750002DE9F0410E46044619463046069D17461F
:10C76000FFF7E0FF30BB0120BDE8F0811988A1F59B
:10C770005840B0F5806F23D2012D29D0D21A022A59
:10C78000F1D95B88A3F55C42B2F5806F20D2A3F1AA
:10C790005773A3F5773303EB81214FF00208B942B9
:10C7A00016D83046FFF7C6FD0028DCD0236803EB1F
:10C7B00048032360D4E900329A42D7D10020D3E75E
:10C7C000A1F55C43B3F5806F02D34FF00108E6E7B3
:10C7D0000220C9E77FB5CDE90223099B04930A9B98
:10C7E000059300230093074A04A902A8FFF7B0FFAE
:10C7F000089B029A1A600B9B049A1A6007B05DF8B6
:10C8000004FB00BFFFFF100070B50D46044619463B
:10C8100028461646FFF786FF88B9012070BD1968C3
:10C82000A1F55843B3F5006F0FD38E420DD32846C0
:10C83000FFF780FD0028F0D0236804332360D4E99B
:10C8400000329A42EBD10020E8E70220E6E7000040
:10C850001FB5CDE90023079B0293089B0393074A6A
:10C86000002302A96846FFF7CFFF069B009A1A60D3
:10C87000099B029A1A6005B05DF804FBFFFF1000E7
:10C8800038B54B0704460CD5D0E900535B1B022B8F
:10C8900007D90449032228461BF06AFB08B903356F
:10C8A000256038BDAC240708F8B50D461946044686
:10C8B0001646FFF7E5FFD4E90030984211D0D5E9DC
:10C8C0000072BA420DD031462046FFF77EFD831C30
:10C8D00001D1012008E0864207D33B1D2B60386060
:10C8E000E9E7C01A18BF0120F8BD0220FCE70000EC
:10C8F0001FB5CDE90023079B0293089B0393074ACA
:10C90000002302A96846FFF7CFFF069B009A1A6032
:10C91000099B029A1A6005B05DF804FBFFFF100046
:10C9200037B5CDE9000168469DF8181014461D463C
:10C93000FFF7A6FF002044B1A84204F1FF3404D859
:10C9400029466846FFF741FDF5E7009803B030BD82
:10C9500013B51446194600230093049A034B20464E
:10C96000FFF7DEFF001B02B010BD00BFFFFF10008D
:10C970002DE9F8430E461946054617469846FFF737
:10C980007FFFD5E900494C4517D0D6E900329A42DD
:10C9900013D039462846FFF718FD831C014609D0FD
:10C9A0008F420FD342463046FFF752FE0028E8D1AF
:10C9B000C5E900490120BDE8F883B4EB090018BFC0
:10C9C0000120F8E70220F6E71FB5CDE90023079B19
:10C9D0000293089B0393074A012302A96846FFF7C5
:10C9E000C7FF069B009A1A60099B029A1A6005B05D
:10C9F0005DF804FBFFFF1000F7B5CDE900019DF8DD
:10CA00002010684616461C46FFF73AFF00277D1C9B
:10CA1000B54209D30ED14FF6FF71A14228BF21467E
:10CA20006846FFF7D2FC05E021466846FFF7CDFCDB
:10CA3000844202D2009803B0F0BDB0F5803F38BF09
:10CA40003D466F1CE3E7000013B51446194600236A
:10CA50000093049A034B2046FFF7CEFF001B02B061
:10CA600010BD00BFFFFF100073B51D46079B00936C
:10CA7000089B01931446A54201D1002009E02188BA
:10CA8000A1F55843B3F5806F1FD22B1B022B07D89B
:10CA90000120069B009A1C60099B1A6002B070BDC1
:10CAA0006288A2F55C43B3F5806F15D2A2F157728C
:10CAB000A2F5773202EB812102266846FFF7FEFCE1
:10CAC0000028E5D004EB4604D5E7A1F55C43B3F5B7
:10CAD000806F01D30126F0E70220DAE773B5DDE9C4
:10CAE0000765CDE9002310491C46009884420ED00A
:10CAF000B5420CD06846FFF732FD831C01D10120FE
:10CB000008E0B0F5881F0CD246F8040BEDE7201AB8
:10CB100018BF0120069B009A1A60099B1E6002B094
:10CB200070BD0220F6E700BFFFFF1000F7B5CDE9AA
:10CB30000023089E0E49144600277D1CAE4206D8ED
:10CB40000BD14FF6FF716846FFF709FD05E0684617
:10CB5000FFF705FDB0F5881F03D30098001B03B055
:10CB6000F0BDB0F5803F38BF3D466F1CE5E700BF24
:10CB7000FFFF1000F0B585B0CDE900230C9E154FE6
:10CB80001C460B9BCDE90236009D029BAC421BD09C
:10CB90009E4219D039466846FFF7E1FC831C0146E6
:10CBA00009D0B1F5881F13D2012202A8FFF750FD6A
:10CBB0000028E9D1009501200A9B009A1A600D9B7C
:10CBC000029A1A6005B0F0BD601B18BF0120F3E7A0
:10CBD0000220F1E7FFFF100010B5034B036004468D
:10CBE000FDF7DDFE204610BD5423070810B50446AE
:10CBF000FFF7F2FF204617F067FC204610BD00004B
:10CC000010B5034B03600446FDF7C9FE204610BD76
:10CC1000AC23070810B50446FFF7F2FF204617F0D3
:10CC200053FC204610BD000010B5034B03600446C2
:10CC3000FDF7B5FE204610BD0424070810B50446D4
:10CC4000FFF7F2FF204617F03FFC204610BD000022
:10CC500010B5034B03600446FDF7A1FE204610BD4E
:10CC60005C24070810B50446FFF7F2FF204617F0D2
:10CC70002BFC204610BD00002DE9F04F89B00B6859
:10CC800001934B68A84F02938B680393A74B3B60BB
:10CC900004460125019B7D600E4638460021BB609D
:10CCA000FFF7D0F87B68A248D4F80480DFF810B30F
:10CCB000DFF810A32B447B60FDF714FF48F82070C9
:10CCC0009C4F9D4A7D603A60FDF78CFE7A68B860A3
:10CCD0002A449A48D4F804807A60FDF703FF48F8A4
:10CCE0002070974F974A3A600022029BBB60114622
:10CCF00038467D60FEF752FE7A68D4F804802A44F4
:10CD000058467A60FDF7EEFE48F820708E4F8F4A45
:10CD10003A600022039BBB60114638467D60FEF7F7
:10CD2000F9FD7A68D4F804802A4450467A60FDF709
:10CD3000D9FE48F82070DFF89082854A8548D4F8FB
:10CD40000490C8F800200227C8F80470FDF7CAFE56
:10CD500049F82080DFF874827F4A8048D4F8049034
:10CD6000C8F80020C8F80470FDF7BCFE49F8208020
:10CD7000DFF85C827A4A7B48D4F80490C8F8002037
:10CD8000C8F80470FDF7AEFE49F82080DFF8448251
:10CD9000294640460BF050F8D8F804207248D4F8E1
:10CDA00004902A44C8F80420FDF79CFE49F820802E
:10CDB000D6E90332049272696C4E059200216C4AE6
:10CDC000B36030460793DFF8109275603260FFF76A
:10CDD000A1F87268D4F804802A4448467260FDF7CE
:10CDE00081FE48F82060634E634A75603260FDF74B
:10CDF000F9FD7268B0602A446048D4F8048072601B
:10CE0000FDF770FE48F820605D4E5E4A32600022F9
:10CE1000049BB36011463046DFF8C0817560FEF7B1
:10CE20007DFE7268616806912A4440467260FDF793
:10CE300059FE0699544A41F82060544E059B3260D1
:10CE4000002211463046B3607560FEF71FFE72681F
:10CE5000616806912A4472604D4A1046FDF742FE11
:10CE6000069941F820604B4E4B4931604B48616850
:10CE700006917760FDF736FE069941F82060484E2E
:10CE8000484931604848616806917760FDF72AFE9D
:10CE9000069941F82060454E454931604548616832
:10CEA00006917760FDF71EFE069941F82060424E1C
:10CEB0002946304611F062FE7168404865680131CC
:10CEC0007160FDF70FFE45F820601948E568FDF731
:10CED00009FE019B45F820305846E568FDF702FE43
:10CEE000029B45F820305046E568FDF7FBFD039BAB
:10CEF00045F820304846E568FDF7F4FD079B45F806
:10CF000020304046E568FDF7EDFD214A049B45F8D9
:10CF100020301046E468FDF7E5FD059B44F820301D
:10CF200009B0BDE8F08F00BF48D201246040070877
:10CF30004CD3012454D201244440070838D301249F
:10CF400030D20124444107083CD201241041070893
:10CF5000C04107085CD30124D841070858D30124F5
:10CF60000442070840D301243CD30124F0D101241A
:10CF700014480708FCD10124B847070898D30124B6
:10CF8000D8D10124F8480708C4480708E4D101248F
:10CF9000B0D30124D0D1012474490708BCD30124A3
:10CFA000C8D101248C490708B8D30124C0D1012479
:10CFB000B8490708A0D30124B0D101249CD301248F
:10CFC00054D3012450D3012428D2012420D2012497
:10CFD00018D2012408D20124ACD30124B4D30124F3
:10CFE00013B5049CCDE9003413460A46C1684FF0DE
:10CFF000000006F03FFA02B010BD30B58BB00D4610
:10D000000AA901E90C0079230693129B0593119B51
:10D010000493109B03930EAA044692E8030001AB0D
:10D0200083E80300099B00932046089BAA684FF001
:10D03000000106F025FC20460BB030BD30B58BB0AA
:10D040000D460AA901E90C006D230693129B059376
:10D05000119B0493109B03930EAA044692E80300CD
:10D0600001AB83E80300099B00932046089BAA6854
:10D070004FF0000106F004FC20460BB030BD30B587
:10D080008BB00D460AA901E90C0077230693129B89
:10D090000593119B0493109B03930EAA044692E8F8
:10D0A000030001AB83E80300099B00932046089B23
:10D0B000AA684FF0000106F0E3FB20460BB030BD3C
:10D0C00030B58BB00D460AA901E90C006423069324
:10D0D000129B0593119B0493109B03930EAA044685
:10D0E00092E8030001AB83E80300099B009320460C
:10D0F000089BAA684FF0000106F0C2FB20460BB067
:10D1000030BD30B58BB00D460AA901E90C0074237F
:10D110000693129B0593119B0493109B03930EAAF5
:10D12000044692E8030001AB83E80300099B0093E7
:10D130002046089BAA684FF0000106F0A1FB20469C
:10D140000BB030BD81684FF0000006F093BBF0B526
:10D1500091B00AAC84E80C00002307930D930EAB4A
:10D1600006930DAB0593199B04939DF860300393D0
:10D1700016AA0F46054692E8030001AB83E80300B8
:10D180000B9B009308AE0A9BBA684FF00001304633
:10D1900006F02AFC96E803000D9B84E803005BB9C7
:10D1A000DDE90E011B9BC3E9000194E8030085E85B
:10D1B0000300284611B0F0BD1A9A1360F5E710B5C8
:10D1C00088B00DF1200C0CE90C00002304939DF8AD
:10D1D000303003930B9B02939DF828300193079BFB
:10D1E000009313468A684FF00001044606F0EAFEF9
:10D1F000204608B010BD0A4601694FF0000006F055
:10D2000031BB13B5049CCDE9003413460A46C1680E
:10D210004FF0000006F039F902B010BD30B58BB008
:10D220000D460AA901E90C0079230693129B059388
:10D23000119B0493109B03930EAA044692E80300EB
:10D2400001AB83E80300099B00932046089BAA6872
:10D250004FF0000106F06EFB20460BB030BD30B53C
:10D260008BB00D460AA901E90C006D230693129BB1
:10D270000593119B0493109B03930EAA044692E816
:10D28000030001AB83E80300099B00932046089B41
:10D29000AA684FF0000106F04DFB20460BB030BDF0
:10D2A00030B58BB00D460AA901E90C00772306932F
:10D2B000129B0593119B0493109B03930EAA0446A3
:10D2C00092E8030001AB83E80300099B009320462A
:10D2D000089BAA684FF0000106F02CFB20460BB01B
:10D2E00030BD30B58BB00D460AA901E90C006423AE
:10D2F0000693129B0593119B0493109B03930EAA14
:10D30000044692E8030001AB83E80300099B009305
:10D310002046089BAA684FF0000106F00BFB204650
:10D320000BB030BD30B58BB00D460AA901E90C0039
:10D3300074230693129B0593119B0493109B0393F4
:10D340000EAA044692E8030001AB83E80300099BA0
:10D3500000932046089BAA684FF0000106F0EAFA05
:10D3600020460BB030BD81684FF0000006F085BA52
:10D37000F0B591B00AAC84E80C00002307930D933C
:10D380000EAB06930DAB0593199B04939DF860308B
:10D39000039316AA0F46054692E8030001AB83E803
:10D3A00003000B9B009308AE0A9BBA684FF0000184
:10D3B000304606F066FB96E803000D9B84E8030008
:10D3C0005BB9DDE90E011B9BC3E9000194E8030092
:10D3D00085E80300284611B0F0BD1A9A1360F5E7FE
:10D3E00010B588B00DF1200C0CE90C00002304935B
:10D3F0000C9B03930B9B02939DF828300193079B92
:10D40000009313468A684FF00001044606F0BEFE02
:10D41000204608B010BD0A4601694FF0000006F032
:10D4200025BA000088422DE9F04104460D4618D087
:10D43000A0B10F1ABF100021384601F0A7FE00F17D
:10D440000C080646214640462A4601F01BFE394696
:10D45000304601F08FFE4046BDE8F081024809F0F9
:10D4600042FEDFF80880F6E7080B07087CD20124AB
:10D4700007B5006801A90C3801F0D2FE03B05DF8D1
:10D4800004FBFFF7F5BF50F80C0C7047836937B504
:10D4900004460D4603B198472B68A3F10C0053F8DE
:10D4A000043C002B0ADB01F0A5FC20602868064B39
:10D4B000FFF7E9FFA361606003B030BD002201A95E
:10D4C00001F0A2FCF1E700BF4BD503080B4613B5F2
:10D4D00014461A6801691046FFF7D5FF0094034609
:10D4E0004FF0000006F06AF902B010BD0B4613B50C
:10D4F00014461A6801691046FFF7C5FF00940346F9
:10D500004FF0000006F046F902B010BDF8B507462E
:10D510000868FFF7B8FF044601300E4617F046F8DA
:10D520000023054601462246304601F09FFA0023BB
:10D530002B553D602046F8BD07B5006801A90C38A1
:10D5400001F032FB03B05DF804FBFFF7F5BF00000C
:10D550002DE9F843154601EB0509494507460C46F8
:10D560001A4617D099B10021284601F0D1FA00F1EE
:10D570000C080646214640464A4601F035FA29463F
:10D58000304601F0B9FAC7F80080BDE8F8830348D7
:10D5900009F0A9FDDFF80880F5E700BF080B0708D0
:10D5A0006CD20124836937B504460D4603B1984710
:10D5B0002B68A3F10C0053F8043C002B0ADB01F0AC
:10D5C0002DFF20602B6853F80C3C6360044BA36173
:10D5D00003B030BD002201A901F02AFFF1E700BF2E
:10D5E00083D40308F8B50B6853F80C5C6FF0604205
:10D5F0006B1C9342074634BF98004FF0FF300E4635
:10D6000016F0D4FF0023044601462A46304601F0B6
:10D610007DFD002344F825303C602846F8BD10B558
:10D620000446006843685A1E012B426002D1036819
:10D630005B689847204610BD10B5074B036003692F
:10D6400000220446DA600C30FFF7E9FF2046FEF7BF
:10D6500047FC204610BD00BF602A070810B50446ED
:10D66000FFF7EAFF204616F02FFF204610BD00000E
:10D6700010B5084B0360036900220446DA609A6122
:10D680001A629A620C30FFF7CAFF2046FEF7CAF909
:10D69000204610BDA02A070810B50446FFF7E8FF92
:10D6A000204616F011FF204610BD000010B5084BB3
:10D6B0000360036900220446DA609A611A629A6282
:10D6C0000C30FFF7ACFF2046FEF7C6F9204610BD30
:10D6D000D42A070810B50446FFF7E8FF204616F0E5
:10D6E000F3FE204610BD000010B5054B044640F87F
:10D6F000103BFFF794FF204609F014FF204610BDB1
:10D70000382B070810B50446FFF7EEFF204616F049
:10D71000DBFE204610BD000010B5074B0360036917
:10D7200000220446DA600C30FFF779FF2046FEF74E
:10D730003FFC204610BD00BF542B070810B504461F
:10D74000FFF7EAFF204616F0BFFE204610BD00009E
:10D7500010B5084B0360036900220446DA601A62C0
:10D760009A621A630C30FFF75AFF2046FEF71EFA42
:10D77000204610BD942B070810B50446FFF7E8FFBC
:10D78000204616F0A1FE204610BD000010B5084B43
:10D790000360036900220446DA601A629A621A631F
:10D7A0000C30FFF73CFF2046FEF71AFA204610BD6A
:10D7B000C82B070810B50446FFF7E8FF204616F00F
:10D7C00083FE204610BD000010B5054B044640F80E
:10D7D000103BFFF724FF204610F012FD204610BD3D
:10D7E0002C2C070810B50446FFF7EEFF204616F074
:10D7F0006BFE204610BD0000084B10B5044640F8F3
:10D800000C3BFFF70CFF2046054B40F8083B17F098
:10D8100089FA2046FDF7C3F8204610BD842A070880
:10D820004440070810B50446FFF7E6FF204616F00F
:10D830004BFE204610BD000010B5064B044640F8D4
:10D84000083BFFF7ECFE044B23602046FDF7A7F8EA
:10D85000204610BD082B0708C041070810B5044634
:10D86000FFF7EAFF204616F02FFE204610BD00000D
:10D8700010B5064B044640F8083BFFF7D0FE044BBA
:10D8800023602046FDF78BF8204610BD202B0708AB
:10D89000D841070810B50446FFF7EAFF204616F006
:10D8A00013FE204610BD0000084B10B5044640F89A
:10D8B0000C3BFFF7B4FE2046054B40F8083B17F041
:10D8C00031FA2046FDF76BF8204610BD782B07088B
:10D8D000B847070810B50446FFF7E6FF204616F0E4
:10D8E000F3FD204610BD000010B5064B044640F87D
:10D8F000083BFFF794FE044B23602046FDF74FF8EA
:10D90000204610BDFC2B07087449070810B50446D3
:10D91000FFF7EAFF204616F0D7FD204610BD0000B5
:10D9200010B5064B044640F8083BFFF778FE044B61
:10D9300023602046FDF733F8204610BD142C07085D
:10D940008C49070810B50446FFF7EAFF204616F099
:10D95000BBFD204610BD000010B5064B044640F844
:10D96000083BFFF75CFE044B23602046FDF717F8E9
:10D97000204610BD482C07080442070810B504468D
:10D98000FFF7EAFF204616F09FFD204610BD00007D
:10D9900010B5064B044640F8083BFFF740FE044B29
:10D9A00023602046FCF7FBFF204610BD702C0708C3
:10D9B000B849070810B50446FFF7EAFF204616F0FD
:10D9C00083FD204610BD836910B5044603B1984716
:10D9D000204610BD0000000070B590B009AD0E46A5
:10D9E00006A981E80C0004461799002328460F93E6
:10D9F000FFF74CFD9DF858300393159B02939DF85B
:10DA000050300193079B009304959FED070B069BF5
:10DA1000B2684FF00001204606F0D4FA2846FFF71E
:10DA2000D2FF204610B070BD0000000000000000D2
:10DA300070B590B009AD0E4606A981E80C00044609
:10DA40001799002328460F93FFF7ACFD169B03930D
:10DA5000159B02939DF850300193079B009304950A
:10DA60009FED070B069BB2684FF00001204606F0C1
:10DA70008DFB2846FFF7A7FF204610B070BD00BF02
:10DA8000000000000000000037B5084614460D46AF
:10DA90000AF096F884F8240028460AF094F8002347
:10DAA000A3606361E361012384F8643084F8250096
:10DAB000294601A80AF08AF801A904F10800FFF735
:10DAC00025FDE06001A8FFF737FD294601A80AF00F
:10DAD00084F801A904F11400FFF718FDA06101A862
:10DAE000FFF72AFD294601A80AF07EF801A904F1F2
:10DAF0001C00FFF70BFD206201A8FFF71DFD03B01E
:10DB000030BD37B5084614460D4610F0FBFE606286
:10DB1000284610F0FAFE0023A3606361E36101234D
:10DB200084F82431A062294601A810F0F1FE01A971
:10DB300004F10800FFF7EAFCE06001A8FFF7FCFC35
:10DB4000294601A810F0EBFE01A904F11400FFF72B
:10DB500049FDA06101A8FFF78BFC294601A810F040
:10DB6000E5FE01A904F11C00FFF73CFD206201A8BD
:10DB7000FFF77EFC03B030BD10B4084611461A46CC
:10DB8000DDE9013401945DF8044B0AF077B910B473
:10DB9000084611461A46DDE9013401945DF8044B4C
:10DBA00011F00EB813B5144601A81A46049B0AF0EA
:10DBB0006CF901A92046FFF769FC01A8FFF7BCFC3E
:10DBC00002B010BD13B5144601A81A46049B10F00C
:10DBD000FEFF01A92046FFF7E5FC01A8FFF748FC7E
:10DBE00002B010BD37B5084614460D4609F0A5FF32
:10DBF0006074284609F0A4FFA074284609F0BFFF0E
:10DC00000023A3606361E3616362012384F843300E
:10DC1000E062294601A809F096FF01A904F1080075
:10DC2000FFF774FCE06001A8FFF786FC294601A815
:10DC300009F090FF01A904F11400FFF767FCA0614F
:10DC400001A8FFF779FC294601A809F08AFF01A97C
:10DC500004F11C00FFF75AFC206201A8FFF76CFCDE
:10DC6000294601A809F084FF01A904F12400FFF767
:10DC70004DFCA06201A8FFF75FFC284609F082FF77
:10DC80002063284609F083FF606303B030BD37B5D9
:10DC9000084614460D4609F021FF6074284609F035
:10DCA00020FFA074284609F03BFF0023A3606361B6
:10DCB000E3616362012384F84330E062294601A8EE
:10DCC00009F012FF01A904F10800FFF71FFCE06052
:10DCD00001A8FFF731FC294601A809F00CFF01A9B2
:10DCE00004F11400FFF712FCA06101A8FFF724FC67
:10DCF000294601A809F006FF01A904F11C00FFF75D
:10DD000005FC206201A8FFF717FC294601A809F0CD
:10DD100000FF01A904F12400FFF7F8FBA06201A8AD
:10DD2000FFF70AFC284609F0FEFE2063284609F0AA
:10DD3000FFFE606303B030BD37B5084614460D469C
:10DD400010F09BFD6061284610F09AFDA061284606
:10DD500010F0B5FD0023A360E3616362E362012379
:10DD600084F86C306063294601A810F08CFD01A98D
:10DD700004F10800FFF7CAFBE06001A8FFF7DCFB35
:10DD8000294601A810F086FD01A904F11C00FFF747
:10DD900029FC206201A8FFF76BFB294601A810F0BF
:10DDA00080FD01A904F12400FFF71CFCA06201A87A
:10DDB000FFF75EFB294601A810F07AFD01A904F1E6
:10DDC0002C00FFF70FFC206301A8FFF751FB28464A
:10DDD00010F078FDA063284610F079FDE06303B0F1
:10DDE00030BD37B5084614460D4610F017FD60618A
:10DDF000284610F016FDA061284610F031FD0023E2
:10DE0000A360E3616362E362012384F86C306063C2
:10DE1000294601A810F008FD01A904F10800FFF748
:10DE200075FBE06001A8FFF787FB294601A810F009
:10DE300002FD01A904F11C00FFF7D4FB206201A838
:10DE4000FFF716FB294601A810F0FCFC01A904F11C
:10DE50002400FFF7C7FBA06201A8FFF709FB2946D2
:10DE600001A810F0F6FC01A904F12C00FFF7BAFBA1
:10DE7000206301A8FFF7FCFA284610F0F4FCA06329
:10DE8000284610F0F5FCE06303B030BD13B50C4636
:10DE900001A811461A466B46FFF75AFB049A01A9DE
:10DEA000204609F0D9FF044601A8FFF745FB2046AC
:10DEB00002B010BD13B50C4601A811461A466B46B8
:10DEC000FFF746FB049A01A9204610F067FE0446BE
:10DED00001A8FFF731FB204602B010BDF0B587B0B6
:10DEE00004AC0E4615461F46DDE90E1203AB204674
:10DEF000FFF72EFB0D9B00933A460C9B0194314695
:10DF000005A809F0ACFF05A92846FFF7BFFA05A848
:10DF1000FFF712FB2046FFF70FFB07B0F0BDF0B58F
:10DF200087B00D460E980F99144600EB810103AAA5
:10DF30001E46FFF777FA04AF0D9B0490324600931C
:10DF400029460C9B019705A810F02BFE05A9204639
:10DF5000FFF728FB05A8FFF78BFA3846FFF788FA8A
:10DF600007B0F0BD0846114609F085BF08461146C6
:10DF700010F023BE084609F0D0BE084610F06FBD71
:10DF800082B0F0B587B005469DF850700D93742FA0
:10DF900016461398DDE911210FAC0DAB1ED00ED83B
:10DFA000642F2DD0CDE90310029294E803008DE890
:10DFB000030031460CCB284609F006FF1AE0772F04
:10DFC0002BD0CDE90310029294E803008DE8030002
:10DFD00031460CCB284609F013FF0BE0CDE90310C6
:10DFE000029294E803008DE8030031460CCB2846EA
:10DFF00009F096FE284607B0BDE8F04002B0704731
:10E00000CDE90310029294E803008DE80300314645
:10E010000CCB284609F0A0FEECE7CDE903100292F4
:10E0200094E803008DE8030031460CCB284609F044
:10E03000AFFEDFE782B0F0B587B005469DF85070BF
:10E040000D93742F16461398DDE911210FAC0DAB1B
:10E050001ED00ED8642F2DD0CDE90310029294E883
:10E0600003008DE8030031460CCB284610F04EFD2E
:10E070001AE0772F2BD0CDE90310029294E8030029
:10E080008DE8030031460CCB284610F05BFD0BE019
:10E09000CDE90310029294E803008DE803003146B5
:10E0A0000CCB284610F0DEFC284607B0BDE8F04057
:10E0B00002B07047CDE90310029294E803008DE8A6
:10E0C000030031460CCB284610F0E8FCECE7CDE924
:10E0D0000310029294E803008DE8030031460CCB54
:10E0E000284610F0F7FCDFE782B02DE9F0438BB053
:10E0F00005461A9813931646DDE918189DF85C201A
:10E1000015AB13AC98B1CDE90480CDE9022193E8B9
:10E1100003008DE80300314694E80C00284609F01E
:10E120003DFC28460BB0BDE8F04302B0704709AF94
:10E13000CDE90487CDE902211048099093E8030056
:10E140008DE803000DF1180994E80C0031464846AB
:10E1500009F043FC99E80300D8F8003084E8030094
:10E160001BB91B983946FFF791F994E8030085E83D
:10E1700003003846FFF7E0F9D3E700BF6CD2012473
:10E1800082B02DE9F0438BB005461A9813931646DA
:10E19000DDE918189DF85C2015AB13AC98B1CDE9FA
:10E1A0000480CDE9022193E803008DE803003146A5
:10E1B00094E80C00284610F093FA28460BB0BDE80E
:10E1C000F04302B0704709AFCDE90487CDE90221E1
:10E1D0001048099093E803008DE803000DF1180939
:10E1E00094E80C003146484610F099FA99E803008B
:10E1F000D8F8003084E803001BB91B983946FFF7B4
:10E20000D1F994E8030085E803003846FFF730F9B8
:10E21000D3E700BF7CD20124F8B5B14A0C466FF0B9
:10E220000103B049054616F053F9064610B10468DB
:10E230002046F8BDAC4B9C422AD11420FCF703FBCE
:10E2400004466820FCF7FFFAA84B0360A84B466021
:10E250000746C0E90266C0E90566C0E907660674BC
:10E26000868480F864602360A06031462046666042
:10E27000FDF7E8FD6B68E56001336B609D4B236043
:10E2800027613A4629464FF0000005F079F8CFE7BC
:10E29000994B9C4210D11020FCF7D5FA974B0360A4
:10E2A00046600446FCF79EFB6B68C4E90205013337
:10E2B0006B60934B2360BBE7924B9C420AD10C20CE
:10E2C000FCF7C1FA6B6801336B60C0E901658E4BE6
:10E2D0000446EFE78D4B9C420AD10C20FCF7B3FAC1
:10E2E0006B6801336B60C0E90165894B0446E1E767
:10E2F000884B9C420AD10C20FCF7A5FA6B680133CD
:10E300006B60C0E90165844B0446D3E7834B9C42B4
:10E3100030D11420FCF797FA04464420FCF793FA16
:10E320007F4B0682C0E900367E4B86740746C0E903
:10E330000266C0E90566C0E90766C0E90966C0E98A
:10E340000B66466380F843602360A0603246314626
:10E3500020466660FDF7DEFA6B68E56001336B60AE
:10E36000714B236027613A4629464FF0000005F0C3
:10E37000B9F85DE76D4B9C4230D11420FCF763FA8D
:10E3800004464420FCF75FFA694B0682C0E9003678
:10E39000684B86740746C0E90266C0E90566C0E9B5
:10E3A0000766C0E90966C0E90B66466380F843600A
:10E3B0002360A0603246314620466660FDF7EEFAE3
:10E3C0006B68E56001336B605B4B236027613A4605
:10E3D00029464FF0000005F0DBF829E7574B9C4237
:10E3E0000CD11420FCF72FFA3146044609F024FD25
:10E3F0006B68256101336B60514B5BE7514B9C426D
:10E400002CD11420FCF71FFA04464FF49470FCF74B
:10E410001AFA4D4B036000214C4B41600646C0E99F
:10E420000211C0E90511C0E90711C0E90911017421
:10E4300080F8241161602360A0602046FDF76AFD2A
:10E440006B68E56001336B60414B236026613246A7
:10E4500029464FF0000004F0D1FFE9E63D4B9C4215
:10E4600010D11020FCF7EFF9002343603A4B036012
:10E470000446FCF7B7FA6B6801336B60C4E9020528
:10E48000364B17E7364B9C420BD10C20FCF7DBF9DF
:10E490000023C0E901356B6801336B600446314BE2
:10E4A00008E7314B9C420BD10C20FCF7CCF9002340
:10E4B000C0E901356B6801336B6004462B4BF9E60C
:10E4C0002B4B9C4258D10C20FCF7BDF90023C0E92E
:10E4D00001356B6801336B600446264BEAE600BFEA
:10E4E000A0290708001907084CD301243021070888
:10E4F00060400708602A070838D301244440070811
:10E50000842A070840D30124482C07085CD301243F
:10E51000082B070858D30124202B070850D30124C7
:10E52000F020070810410708A02A070854D3012447
:10E530000021070844410708D42A07083CD30124D6
:10E54000382B0708ACD301244021070814480708DA
:10E55000542B070898D30124B8470708782B0708DD
:10E56000A0D30124702C0708BCD30124FC2B07087E
:10E57000B8D30124142C07083E4B9C4231D11420FF
:10E58000FCF761F904467020FCF75DF93A4B036033
:10E5900000223A4B42600646C0E90222C0E9052249
:10E5A000C0E90722C0E90922C0E90B22C0E90D2217
:10E5B0000274C26380F86C2062602360A060114620
:10E5C0002046FDF763FA6B68E56001336B602C4B06
:10E5D00023602661324629464FF0000005F02EF8F0
:10E5E00026E6284B9C4231D11420FCF72CF9044636
:10E5F0007020FCF728F9244B03600022234B426073
:10E600000646C0E90222C0E90522C0E90722C0E9A6
:10E610000922C0E90B22C0E90D220274C26380F80E
:10E620006C2062602360A06011462046FDF776FAF8
:10E630006B68E56001336B60154B236026613246E1
:10E6400029464FF0000005F04FF8F1E5114B9C42D0
:10E650000CD11420FCF7F7F80021044610F08EFAD4
:10E660006B68256101336B600B4B23E60B4808F0A8
:10E670003AFD00BFB0D3012410210708C4480708A1
:10E68000942B0708B4D3012420210708F848070871
:10E69000C82B07089CD301242C2C0708320B070831
:10E6A0008B6913B5044613B9054808F01CFDD1E980
:10E6B000001201ABFEF74CFF204602B010BD00BFB8
:10E6C0005F0B070882B02DE9F04786B00446149925
:10E6D0009DF84480DDF848909DF84CA00F931546B6
:10E6E0000FAEB1B105AF3846FFF7DAFFCDE902A7AB
:10E6F000CDE90089204696E80C00294609F0A2F9E8
:10E700003846FEF719FF204606B0BDE8F04702B0D4
:10E710007047CDE9019ACDF8008096E80C002946B3
:10E7200009F07AF9EFE710B58AB0044600930020AB
:10E730001346C968099003AA04F0B2FE03A9204653
:10E74000FFF7AEFF03A8FFF73EF920460AB010BD61
:10E75000F0B597B00AAC84E80C000FAE0023CDE909
:10E76000063615930D930DAB05931F9B04939DF8EF
:10E77000783003931CAA8C46054692E8030001AB4F
:10E7800083E803000B9B009308AF0A9BDCF808208A
:10E790004FF00001384605F027F997E803000D9B7C
:10E7A00084E80300A3B931460EA8FFF779FF21984A
:10E7B0000EA900F079F90EA8FEF7BEFE94E803005A
:10E7C00085E803003046FFF7FEF8284617B0F0BD95
:10E7D000209A1360F2E730B58DB0044600200B900C
:10E7E0001198096905682846FEF74DFECDE90250EB
:10E7F0001098CDE9003013464FF0000005AA04F050
:10E80000F1FF05A92046FFF74BFF05A8FFF7DBF84E
:10E8100020460DB030BD00008B6913B5044613B916
:10E82000064808F060FCD1E9000101AA00EB810173
:10E83000FEF7F8FD2060204602B010BD5F0B070810
:10E8400082B02DE9F04786B0DDE9129A14999DF85F
:10E8500044800F93044615460FAEB1B105AF38465C
:10E86000FFF7DAFFCDE902A7CDE90089204696E857
:10E870000C0029460FF087FF3846FEF7F9FD2046C9
:10E8800006B0BDE8F04702B07047CDE9019ACDF877
:10E89000008096E80C0029460FF060FFEFE710B506
:10E8A0008AB00446009300201346C968099003AA61
:10E8B00004F007FE03A92046FFF7AEFF03A8FFF709
:10E8C00082F820460AB010BDF0B597B00AAC84E8D3
:10E8D0000C000FAE0023CDE9063615930D930DAB5A
:10E8E00005931F9B04939DF8783003931CAA8C46D4
:10E8F000054692E8030001AB83E803000B9B0093FD
:10E9000008AF0A9BDCF808204FF00001384605F0FC
:10E91000B8F897E803000D9B84E80300A3B93146DB
:10E920000EA8FFF779FF21980EA900F00DFC0EA8A4
:10E93000FEF79EFD94E8030085E803003046FFF7EC
:10E9400042F8284617B0F0BD209A1360F2E730B5C0
:10E950008DB0044600200B901198006850F80C5CB4
:10E96000CDE902051098CDE900301346096905AAE2
:10E970004FF0000004F056FF05A92046FFF74CFFBA
:10E9800005A8FFF720F820460DB030BD0AB119F0F8
:10E99000EFBA10467047012A30B403D10B780370E8
:10E9A00030BC7047002AFBD030BC1BF054B9012AA0
:10E9B00030B403D10B78037030BC7047002AFBD011
:10E9C00030BC19F0E5BA0B46012B10B411460446D1
:10E9D00003D122705DF8044B7047002BFAD05DF82C
:10E9E000044B1A4619F0EEBA08B5521AFFF7D3FFD6
:10E9F00008BD036853F80C0C7047000038B50C468E
:10EA00001546FFF7F6FFA042034604D2034822460C
:10EA1000294608F071FB204638BD00BF7A0B070875
:10EA200070B50C4616461D46FFF7E3FF04F1804122
:10EA30000439091AB14202D2284608F057FB70BDCA
:10EA400038B505688D420C4607D8FFF7D2FF05445C
:10EA5000AC4294BF0020012038BD0120FCE708B57E
:10EA6000FFF7C7FFB0FA80F0400908BD2DE9F0417B
:10EA7000904606460B4A0F4619461D46FFF7BEFF55
:10EA80003046FFF7B6FF441B444528BF44462CB12F
:10EA90003168224629443846FFF77DFF2046BDE80D
:10EAA000F08100BFB10B0708036853F8042C002A5B
:10EAB000B8BF002210B5B8BF43F8042C0A6852F85A
:10EAC000044C002CBCBF002442F8044C02600B60D4
:10EAD00010BD70B5144605460E46FFF78AFF034683
:10EAE0002046834202D84FF0FF3070BD2A68125C86
:10EAF000B242FAD10130F4E7044B984204D000232B
:10EB00008360016008440373704700BF60D2012432
:10EB1000154B984210B5044602D9144808F0E6FA9D
:10EB2000884203D94B00984238BF1C4604F11D03AC
:10EB3000B3F5805F04F10D0012D98C4210D9C3F3F4
:10EB40000B0304F58054E41A074B9C4228BF1C4673
:10EB500004F10D00FBF777FE00224460826010BDD7
:10EB60000028F7DA08F0B6FAFCFFFF3FC40B0708ED
:10EB7000F8B50F46044680B10021FFF7C9FF00F148
:10EB80000C060546214630463A46FFF71CFF214653
:10EB90002846FFF7B1FF3046F8BD014EFBE700BF46
:10EBA0006CD2012415F090BC054A904210B506D0F5
:10EBB0008268541E002A846001DCFFF7F3FF10BD59
:10EBC00060D20124036813B50446A3F10C0053F886
:10EBD000043C002B06DD01A9FFF7E6FF034B236091
:10EBE00002B010BD0021FFF787FFF9E76CD20124C6
:10EBF0002DE9F74F0C46914606461F46FFF7F9FEF2
:10EC0000A7EB090809EB040A8044A0EB0A05306869
:10EC100050F8081C884503D850F8043C002B1EDD32
:10EC200001AA4046FFF774FF814600F10C0B24B1A6
:10EC3000316822465846FFF7AEFE45B1316804F10F
:10EC40000C0038442A4651444844FFF7A4FE30687B
:10EC500001A90C38FFF7A8FFC6F800B000E03DB9E5
:10EC6000306841460C38FFF747FF03B0BDE8F08F2E
:10EC70004F45F5D0274400EB0A012A463844FFF7F8
:10EC800096FEEDE710B50446FFF7E9FE034670B9BE
:10EC9000226852F8042C002A04DD02460146204670
:10ECA000FFF7A6FF23684FF0FF3243F8042C10BD96
:10ECB00008B5036853F8043C002B01DBFFF7E2FFC3
:10ECC00008BD10B50446FFF7F3FF206810BD000033
:10ECD000F8B516460A4A04460F46FFF78FFE05466A
:10ECE0002046FFF786FEC21BB24220464FF00003CB
:10ECF00028BF32462946FFF77BFF2046F8BD00BFFC
:10ED0000DC0B0708F8B51C4617460B4B05460E46AC
:10ED100022463946FFF784FE23463A4631462846C6
:10ED2000FFF766FF34B128689DF81820214630446B
:10ED3000FFF749FE2846F8BDF00B070837B5036812
:10ED40000092CC1A0546012300222146FFF7DAFF84
:10ED500028684FF0FF3340F8043C204403B030BD36
:10ED6000F8B5069F1E463B4604460D46FFF740FF9A
:10ED70002FB120683A4631462844FFF70CFE204662
:10ED8000F8BD0000F7B504460E461546FFF731FE04
:10ED9000174B014607462A462046FFF741FE3146FB
:10EDA0002046FFF74DFE20B9206850F8043C002BA8
:10EDB0000ADD2046009533463A460021FFF7D0FF92
:10EDC0000446204603B0F0BD331A9D4209D82A46B6
:10EDD0003146FFF7E0FD206829460C38FFF78CFE2E
:10EDE000EFE7002BF7D02A463146FFF7E0FDF2E7C8
:10EDF0000D0C0708034B98421EBF836801338360E4
:10EE00000C30704760D2012470B504461046236868
:10EE10000A4618446168FFF77BFE2268054600F148
:10EE20000C0622B104F10C013046FFF7B4FD284670
:10EE30002168FFF761FE304670BD73B5066856F86D
:10EE4000083C994204460D4604D856F8042C002A82
:10EE500010DD1D462046FFF7CCFD01A92A1AA6F1B8
:10EE60000C00FFF7D1FF0546206801A90C38FFF719
:10EE70009BFE256002B070BD2DE9F04104460846B6
:10EE80000F46FFF7B6FD0646F8B12046FFF7B1FD85
:10EE9000236853F8082C8519954203D853F8043C8D
:10EEA000002B03DD29462046FFF7C7FF2046FFF76A
:10EEB000A0FDD4F80080396840443246FFF76BFD6E
:10EEC000206829460C38FFF717FE2046BDE8F08180
:10EED0002DE9F04104460D4617464AB31A4B00216E
:10EEE000FFF79EFD2046FFF784FDD4F8008058F818
:10EEF000083CC6199E4203D858F8043C002B08DD94
:10EF000029462046FFF79CFDA8B131462046FFF771
:10EF100094FF2046FFF76DFDD4F800802946404459
:10EF20003A46FFF738FD206831460C38FFF7E4FD1C
:10EF30002046BDE8F08131462046A5EB0808FFF7E2
:10EF40007CFF25684544E4E7E40A07082DE9F04121
:10EF5000044617460D4621B30A46134B0021FFF71E
:10EF60005FFD2046FFF745FD236853F8082C46193E
:10EF7000964203D853F8043C002B03DD314620466B
:10EF8000FFF75BFF2046FFF734FDD4F800802946E9
:10EF900040443A46FFF717FD206831460C38FFF72A
:10EFA000ABFD2046BDE8F081E40A0708F8B50C4641
:10EFB00005461746FFF71DFD0B4B06460146224648
:10EFC0002846FFF72DFDA64205D23A46A11B28464A
:10EFD000FFF7BCFFF8BDFDD94FF0FF3221462846B0
:10EFE000FFF776FEF6E700BF220C070808B50022FF
:10EFF000FFF7DCFF08BDF8B504460E46FFF7F9FC45
:10F00000236853F8082C451C954203D853F8043C58
:10F01000002B03DD29462046FFF70FFF2046FFF7B0
:10F02000E8FC27683E54206829460C38FFF764FD49
:10F03000F8BD012A30B403D10B68036030BC7047BF
:10F04000002AFBD030BC19F028B8012A30B403D113
:10F050000B68036030BC7047002AFBD030BC19F04D
:10F060001FB80B46012B10B41146044603D1226091
:10F070005DF8044B7047002BFAD05DF8044B1A463C
:10F0800019F011B808B5521A9210FFF7D2FF08BD57
:10F09000036853F80C0C704738B50C461546FFF75B
:10F0A000F7FFA042034604D203482246294608F04F
:10F0B00023F8204638BD00BF7A0B070870B50C4610
:10F0C00016461D46FFF7E4FF04F180510239091A84
:10F0D000B14202D2284608F009F870BD38B505687B
:10F0E0008D420C4608D8FFF7D3FF05EB8005AC42F4
:10F0F00094BF0020012038BD0120FCE708B5FFF7D0
:10F10000C7FFB0FA80F0400908BD00002DE9F041CA
:10F11000904606460B4A0F4619461D46FFF7BCFFB0
:10F120003046FFF7B5FF441B444528BF444634B181
:10F130003168224601EB85013846FFF77AFF204609
:10F14000BDE8F081B10B0708036853F8042C002ACE
:10F15000B8BF002210B5B8BF43F8042C0A6852F8B3
:10F16000044C002CBCBF002442F8044C02600B602D
:10F1700010BD0000044B984205D00023836001605D
:10F1800000EB8100C360704770D201246FF07043C0
:10F19000984210B5044602D3114807F0A7FF8842F1
:10F1A00003D94B00984238BF1C46201D800000F157
:10F1B0001003B3F5805F0DD98C420BD9C3F30B0359
:10F1C000C3F5805304EB9304064B9C4228BF1C46B6
:10F1D000201D8000FBF737FB00224460826010BDD9
:10F1E000C40B0708FEFFFF0FF8B50F46044680B1B9
:10F1F0000021FFF7CBFF00F10C0605462146304603
:10F200003A46FFF72EFF21462846FFF7B3FF304668
:10F21000F8BD014EFBE700BF7CD2012415F054B9C4
:10F22000054A904210B506D08268541E002A8460B8
:10F2300001DCFFF7F3FF10BD70D201242DE9F74F79
:10F240000F46904606461C46FFF722FFA4EB08092E
:10F2500008EB070A8144A0EB0A05306850F8081C47
:10F26000894503D850F8043C002B1FDD01AA48460D
:10F27000FFF78CFF804600F10C0B27B131683A464E
:10F280005846FFF7D6FE4DB131683C4408EB840088
:10F290002A4601EB8A010C30FFF7CBFE306801A94A
:10F2A0000C38FFF7BDFFC6F800B000E03DB930688C
:10F2B00049460C38FFF75EFF03B0BDE8F08F4445C8
:10F2C000F5D03C4400EB8A012A4600EB8400FFF7AE
:10F2D000BCFEECE710B50446FFF710FF034670B91B
:10F2E000226852F8042C002A04DD0246014620461A
:10F2F000FFF7A4FF23684FF0FF3243F8042C10BD42
:10F3000008B5036853F8043C002B01DBFFF7E2FF6C
:10F3100008BD0000F8B516460A4A04460F46FFF736
:10F32000BBFE05462046FFF7B3FEC21BB242204695
:10F330004FF0000328BF32462946FFF77FFF2046E3
:10F34000F8BD00BFDC0B0708F8B51C4617460B4B91
:10F3500005460E4622463946FFF7B0FE23463A469A
:10F3600031462846FFF76AFF34B12868069A2146DD
:10F3700000EB8600FFF775FE2846F8BDF00B070886
:10F38000F8B5069F1E463B4604460D46FFF756FF5E
:10F3900037B120683A46314600EB8500FFF749FE59
:10F3A0002046F8BDF7B504460E461546FFF770FE39
:10F3B000194B014607462A462046FFF77FFE314695
:10F3C0002046FFF78BFE20B9206850F8043C002B44
:10F3D0000ADD2046009533463A460021FFF7D0FF6C
:10F3E0000446204603B0F0BD331AB5EBA30F4FEA35
:10F3F000A30209D82A463146FFF71BFE206829469A
:10F400000C38FFF7B7FEECE7002AF7D02A46314662
:10F41000FFF71BFEF2E700BF0D0C0708034B9842F5
:10F420001EBF8368013383600C30704770D20124A3
:10F4300070B50446104623680A4618446168FFF711
:10F44000A5FE2268054600F10C0622B104F10C016C
:10F450003046FFF7EEFD28462168FFF78BFE304669
:10F4600070BD73B5066856F8083C994204460D46CF
:10F4700004D856F8042C002A10DD1D462046FFF75C
:10F4800007FE01A92A1AA6F10C00FFF7D1FF0546D5
:10F49000206801A90C38FFF7C3FE256002B070BDDB
:10F4A0002DE9F041044608460F46FFF7F1FD0646F8
:10F4B00000B32046FFF7ECFD236853F8082C8519AC
:10F4C000954203D853F8043C002B03DD294620461F
:10F4D000FFF7C7FF2046FFF7DBFDD4F8008039684F
:10F4E00008EB80003246FFF7A4FD206829460C385F
:10F4F000FFF740FE2046BDE8F08100002DE9F04115
:10F5000004460D46174652B31B4B0021FFF7D6FDAC
:10F510002046FFF7BDFDD4F8008058F8083CC61916
:10F520009E4203D858F8043C002B08DD29462046AB
:10F53000FFF7D4FDB0B131462046FFF792FF2046D9
:10F54000FFF7A6FDD4F80080294608EB80003A4674
:10F55000FFF76FFD206831460C38FFF70BFE2046A1
:10F56000BDE8F08131462046A5EB0808FFF779FF9A
:10F5700025684544E3E700BFE40A07082DE9F041A8
:10F58000044617460D4629B30A46144B0021FFF7DF
:10F5900095FD2046FFF77CFD236853F8082C46199B
:10F5A000964203D853F8043C002B03DD3146204635
:10F5B000FFF757FF2046FFF76BFDD4F80080294680
:10F5C00008EB80003A46FFF74CFD206831460C38C6
:10F5D000FFF7D0FD2046BDE8F08100BFE40A070830
:10F5E000F8B50C4605461746FFF752FD0B4B06468D
:10F5F000014622462846FFF761FDA64205D23A465B
:10F60000A11B2846FFF7BAFFF8BDFDD94FF0FF3226
:10F6100021462846FFF77EFEF6E700BF220C0708CA
:10F6200008B50022FFF7DCFF08BDF8B504460E461A
:10F63000FFF72EFD236853F8082C451C954203D88C
:10F6400053F8043C002B03DD29462046FFF709FF51
:10F650002046FFF71DFD2768294647F82060A7F1DF
:10F660000C00FFF787FDF8BD084670470846704755
:10F6700010B5084B044640F8083B15F053FB237BBC
:10F680001BB1A06908B114F021FF2046FBF787F9F0
:10F69000204610BDF42C070810B50446FFF7E8FF1C
:10F6A000204614F011FF204610BD8A4210B51446C2
:10F6B00003D00298521A1AF0CEFA204610BD8A42A0
:10F6C00038B51846144602D0521A1AF0C4FA204629
:10F6D00038BD000010B5064B044640F8083B15F055
:10F6E00021FB044B23602046FBF759F9204610BD4F
:10F6F000242D0708D447070810B50446FFF7EAFF92
:10F70000204614F0E1FE204610BD2DE9F041C0B0C6
:10F710006B46044600251F4603F8015B0135B5F52D
:10F72000807FF9D1264640AA56F81D3B3946D3F8CA
:10F730001C8020463346C0472A463146384618F0DA
:10F7400017FC00280CBF01230223237740B0BDE83B
:10F75000F0810000003918BF0121074B10B541604E
:10F7600003600446FBF73EF90023A06023732046A4
:10F7700000F08CF9204610BD242D070838B5003B59
:10F7800018BF012343600F4B03600F4B0025002976
:10F79000044604BF2A461946C0E904550273816134
:10F7A0004FF4807229461D3018F00CFC25774FF479
:10F7B0008072294604F21D1018F004FC84F81D52D2
:10F7C000204638BDF42C0708814D070883695B5C2F
:10F7D0009B0744BF2039C9B20846704770B506463A
:10F7E0000C461546AC4201D3284670BD33682178DB
:10F7F0009B683046984704F8010BF3E783695B5C2C
:10F80000DB0744BF2031C9B20846704770B50646D1
:10F810000C461546AC4201D3284670BD33682178AA
:10F820001B693046984704F8010BF3E7172912D8F3
:10F83000002933D04B1E162B13D8DFE803F01C1E13
:10F84000202212122617121212121212122412124F
:10F85000121212122800442906D097291CD0202900
:10F8600007D011F0440F14D00D4800E00D4817F0F8
:10F8700073BB0D48FBE70D48F9E70D48F7E70D4866
:10F88000F5E70D48F3E70D48F1E70D48EFE70D48C0
:10F89000EDE711F0970F01D00B48E8E70020704723
:10F8A0005B0C0708631307083D0C0708430C0708A7
:10F8B000490C07084F0C07085C0C0708550C070893
:10F8C000620C0708680C0708370C0708084617F091
:10F8D000AFBA38B50C461546AC4201D3284638BD00
:10F8E000206817F0A5FA44F8040BF5E7084617F06E
:10F8F00093BA38B50C461546AC4201D3284638BDFC
:10F90000206817F089FA44F8040BF5E72DE9F04177
:10F910008846154600F28F4700F5946600F297443A
:10F9200017F8013F18EA030F06D1A74206F10406B3
:10F93000F6D10020BDE8F0813168284617F0D4F9EF
:10F940000028F2D00120F5E72DE9F84F05460C46D6
:10F9500016461F4600F2BC4BB44202D33046BDE807
:10F96000F88F05F29C4905F5926A4FF0000859F8A6
:10F97000041F206817F0B8F918B19AF8003048EA67
:10F980000308D9450AF1010AF1D107F8018B0434C3
:10F99000E2E72DE9F04105460E461F461446BC42FB
:10F9A000A04609D22B68D8F800209B68314628462B
:10F9B000043498470028F2D04046BDE8F0812DE994
:10F9C000F04105460E461F461446BC42A04609D2E9
:10F9D0002B68D8F800209B683146284604349847A5
:10F9E0000028F2D14046BDE8F081243150F82100D2
:10F9F000704710B50446104688420A4600D810BD2C
:10FA000012782432013154F8222043F8042BF3E712
:10FA10007F2910B503461446084605D81A7B1AB14B
:10FA20000B445C7B204610BD17F006F9431C18BF41
:10FA3000C4B2F7E72DE9F0411E46037B069F8046DE
:10FA40000C461546F3B1A54202D82846BDE8F08120
:10FA500054F8040B7F2804D84044417B07F8011B6D
:10FA6000F1E717F0E9F8421C14BFC1B23146F5E7DF
:10FA7000186817F0E1F8431C14BFC0B2304607F80D
:10FA8000010B0434A5422346F2D8DEE72DE9F0410C
:10FA9000044600F10C060025284617F0CDF8421C5C
:10FAA00004D00135802D06F8010FF5D1A5F18003B2
:10FAB0005D425D41257304F18C060025284617F050
:10FAC00029F80135B5F5807F46F8040FF6D104F228
:10FAD0008F4704F29C4600254FF0010808FA05F113
:10FAE000C9B207F8011F2046FFF7A0FE0135082D17
:10FAF00046F8040FF2D1BDE8F0818368587C704766
:10FB00008368987C70478368D86A70478368186BED
:10FB100082B002B070478368586B82B002B0704701
:10FB20008368587C70478368987C70478368D86A7C
:10FB300070478368186B82B002B070478368586B57
:10FB400082B002B07047836893F8240070478368DE
:10FB500093F82500704700207047002070477047D9
:10FB60000020914200D3704711F8013B03EB706015
:10FB7000F7E7000010B5034B03600446FAF70FFFE8
:10FB8000204610BD8C30070810B50446FFF7F2FF81
:10FB9000204614F099FC204610BD000010B5034B20
:10FBA00003600446FAF7FBFE204610BDA4300708A8
:10FBB00010B50446FFF7F2FF204614F085FC2046FE
:10FBC00010BD000010B5034B03600446FAF7E7FED2
:10FBD000204610BDBC30070810B50446FFF7F2FF01
:10FBE000204614F071FC204610BD000010B5054BF6
:10FBF000044640F8083B15F095F82046FAF7CFFE8A
:10FC0000204610BD7030070810B50446FFF7EEFF20
:10FC1000204614F059FC204610BD000010B5054BDD
:10FC2000044640F8083B15F07DF82046FAF7B7FE89
:10FC3000204610BDC82F070810B50446FFF7EEFF99
:10FC4000204614F041FC204610BD73B5531A0F2B0B
:10FC500004460D461646019306D9002201A90DF06F
:10FC6000C5FE019B2060A3603246294620680DF046
:10FC700057FF019B226863600021D15402B070BD20
:10FC8000D0E902218A4202D20132826070470368C1
:10FC90009B6A1847436E0B60836E4B60C36E8B602C
:10FCA000036FCB60436F0B61836F4B61C36F8B61DD
:10FCB000D0F88030CB61D0F884300B62D0F8883037
:10FCC0004B62D0F88C308B62D0F89030CB627047AA
:10FCD000D0F894300B60D0F898304B60D0F89C305E
:10FCE0008B60D0F8A030CB60D0F8A4300B61D0F896
:10FCF000A8304B61D0F8AC308B61D0F8B030CB611C
:10FD0000D0F8B4300B62D0F8B8304B62D0F8BC30C9
:10FD10008B62D0F8C030CB627047000038B500F17C
:10FD20000803054603600C4611B9064807F0DBF9E5
:10FD30000846E0F735FB214622182846BDE8384042
:10FD4000FFF783BF6E0C070810B58B680446D969AE
:10FD5000FFF7E4FF204610BD10B58B6804465969D3
:10FD6000FFF7DCFF204610BD10B58B68044699688C
:10FD7000FFF7D4FF204610BD10B58B680446596AC2
:10FD8000FFF7CCFF204610BD10B58B680446D9693B
:10FD9000FFF7C4FF204610BD10B58B6804465969B3
:10FDA000FFF7BCFF204610BD10B58B68044699686C
:10FDB000FFF7B4FF204610BD10B58B680446596AA2
:10FDC000FFF7ACFF204610BD10B58B680446D9691B
:10FDD000FFF7A4FF204610BD10B58B680446596993
:10FDE000FFF79CFF204610BD10B58B68044699684C
:10FDF000FFF794FF204610BD07B500920B46002286
:10FE000041680DF041FF03B05DF804FB08B543689D
:10FE1000C3F17F5303F57F1303F57F533F339A42BA
:10FE200002D9034807F062F9BDE808400EF024B893
:10FE3000E40A07082DE9F04107461648FAF752FE92
:10FE40003B68D3F80C8058F820500646EDB94420A2
:10FE5000FAF7F9FC104B05820446C0E90035C0E909
:10FE60000255C0E90555C0E90755C0E90955C0E983
:10FE70000B558574456380F84350394608F0A0FA65
:10FE8000386832462146FAF7E7FE58F82600BDE802
:10FE9000F08100BFBCD201240021070843689942C9
:10FEA00070B50646154604D90A460A480A4907F0BD
:10FEB00023F96A1C04D10368716000225A5470BD92
:10FEC000002DFCD05A1AAA4228BF2A46BDE870402D
:10FED0000DF02BBE7A0B0708DC0B07082DE9F0416B
:10FEE00007461648FAF7FEFD3B68D3F80C8058F831
:10FEF00020500646EDB94420FAF7A5FC104B0582C8
:10FF00000446C0E90035C0E90255C0E90555C0E91D
:10FF10000755C0E90955C0E90B558574456380F85C
:10FF20004350394608F0FEFA386832462146FAF75F
:10FF300093FE58F82600BDE8F08100BFB8D2012436
:10FF4000F020070810B504460068FFF799FE4FF04F
:10FF5000FF33636010BD2DE9F0411F46037F012B85
:10FF600004460D46164607D1914213D03846521A20
:10FF7000BDE8F04119F06FBE0BB9FFF7C6FB23686F
:10FF8000D3F81CE032463B4629462046F446BDE8FD
:10FF9000F0416047BDE8F0810B4611461A460BB1AF
:10FFA000E0F7AEB91846704737B51D464368994229
:10FFB00004D90A460548064907F09EF813460095FD
:10FFC00000220DF061FE03B030BD00BF7A0B0708C0
:10FFD000A00C07082DE9F0431C4687B000F1080388
:10FFE0001546036002AA0023CDE900234360037293
:10FFF00022460646884668462946FFF726FE641BC9
:020000040804EE
:10000000DDE900736400204607EB030914F0CEFA23
:1000100005463A4623462946404614F0C3FF84422B
:1000200002460FD8441C15B1284614F04FFA20465A
:1000300014F0BCFA3A46014605462346404614F001
:10004000B1FF024629463046FFF7E0FE3846E0F7AA
:10005000A7F93844814505D0471C002130460DF0F2
:10006000FAFDD6E715B1284614F030FA68460DF0CF
:10007000DEFC304607B0BDE8F0832DE9F0438DB0DB
:1000800000251C46804602AB684600930195FFF7A9
:10009000DCFD08AB149A214606A8CDE90635FFF72A
:1000A000D4FDDDE90097DDE906564F442E442A468B
:1000B0004946404614F06BFF044670B94846E0F7E5
:1000C0006FF981442846E0F76BF94F4505EB0004D2
:1000D0000DD1341B18BF4FF0FF3406A80DF0A7FC5C
:1000E00068460DF0A4FC20460DB0BDE8F083A642A2
:1000F00003D009F10109651CD9E70124EDE70000EF
:1001000008B42DE9F7410F4604200021904619F06C
:10011000F5FC16490546E0F7E3F8044678B12846B1
:10012000E0F73EF9461C304614F040FA29463246C4
:10013000044619F090FD0D49042019F0DFFC0AABCC
:10014000099A01934146384617F004FF054634B139
:100150002146042019F0D2FC204614F0B7F92846B5
:1001600003B0BDE8F04101B0704700BFB50C07080F
:1001700003689B68184703681B69184770B5037FBD
:1001800004460D4643B9FFF7C0FA236829462046C6
:100190009B69BDE8704018470C44607F70BD70B526
:1001A0004418164694F81D313BB903681B6A9847FA
:1001B0008642034618BF84F81D01184670BDF0B58D
:1001C00089B006AE86E80C00139A0B680592129A65
:1001D0000492119A03929DF8402002920EAA0446BE
:1001E0000D4692E803008DE8030020469F682946EB
:1001F00096E80C00B847204609B0F0BDF0B589B0CC
:1002000006AE86E80C00139A0B680592129A0492C7
:10021000119A03929DF8402002920EAA04460D46C0
:1002200092E803008DE803002046DF68294696E83F
:100230000C00B847204609B0F0BD70B586B004ACDC
:1002400084E80C009DF8302002920B9A01920B6812
:100250009DF8282000929E6894E80C000546B0475F
:10026000284606B070BD70B586B004AC84E80C00BA
:100270000D9A03929DF8302002920B9A01920B681E
:100280009DF828200092DE6894E80C000546B047EF
:10029000284606B070BD03689B6818470368DB6892
:1002A000184710B50B6804461B699847204610BDD7
:1002B00010B50B6804465B699847204610BD10B521
:1002C0000B6804469B699847204610BD10B50B6823
:1002D0000446DB699847204610BD03681B6A18472F
:1002E00003685B6A82B002B0184703689B6A82B0F9
:1002F00002B0184703689B6818470368DB68184713
:1003000010B50B6804461B699847204610BD10B510
:100310000B6804465B699847204610BD10B50B6812
:1003200004469B699847204610BD10B50B680446EB
:10033000DB699847204610BD03681B6A18470368AD
:100340005B6A82B002B0184703689B6A82B002B051
:10035000184703689B6818470368DB68184710B59F
:100360000B6804461B699847204610BD10B50B6802
:1003700004465B699847204610BD10B50B680446DB
:100380009B699847204610BD03689B681847F0B5E5
:1003900089B006AE86E80C00129A0B680492119A96
:1003A0000392109A02920EAA04460D4692E80300A8
:1003B0008DE803002046DF68294696E80C00B84720
:1003C000204609B0F0BDF0B589B006AE86E80C0055
:1003D000129A0B680492119A0392109A02920EAA32
:1003E00004460D4692E803008DE8030020461F698D
:1003F000294696E80C00B847204609B0F0BDF0B594
:1004000089B006AE86E80C00129A0B680492119A25
:100410000392109A02920EAA04460D4692E8030037
:100420008DE8030020465F69294696E80C00B8472E
:10043000204609B0F0BDF0B589B006AE86E80C00E4
:10044000129A0B680492119A0392109A02920EAAC1
:1004500004460D4692E803008DE8030020469F699C
:10046000294696E80C00B847204609B0F0BDF0B523
:1004700089B006AE86E80C00129A0B680492119AB5
:100480000392109A02920EAA04460D4692E80300C7
:100490008DE803002046DF69294696E80C00B8473E
:1004A000204609B0F0BD0000003910B5054B0360CF
:1004B00018BF012141600446FAF794FAA060204673
:1004C00010BD00BF7030070803689B68184773B5FC
:1004D000079E01960D68069E0096ED680446A847A3
:1004E000204602B070BD03681B69184710B4046849
:1004F000A468A4465DF8044B604738B50D6804460F
:10050000ED68A847204638BDF7B56D4685E806007A
:100510009DF80460089F0446194636B900983A468B
:100520000DF039FA874218BF01268DF8046095E86E
:10053000030084E80300204603B0F0BD2DE9F04F2E
:1005400099B006A9229F059007F16C04204681E826
:100550000C00DDF890909DF88C8007F0A9FC054612
:100560002046FFF7BBFCD9F8006090F838303278AD
:100570009A420446D9F8042000F08180036B099365
:10058000D0F82090C3690393A869324433469A4255
:100590001D4605D92978415C490703F10103F6D4CA
:1005A000AD1B0495002D00F0BC804FF0000A0EAB8F
:1005B00069000CA80C93CDF834A08DF838A00DF08C
:1005C0002FFBE26AA5EB020BD3451EDDE168524525
:1005D000A8BF5D460D9A00295CD06B005146CDF84E
:1005E00000A00CA80DF050FB7319A17C0C98CDE96C
:1005F0000063D4E9022307F062FD0C994FF0FF324B
:10060000411A0CA8FFF74AFCAB46E26A002A0CDD4F
:10061000617C0CA80DF01FFBBBF1000F40DBE26A10
:1006200006EB0B010CA8FFF7F1FBFD6805F0B0032A
:10063000049315F400750D9B18BFA5694B441D4428
:10064000002614AB690012A8129313968DF850601F
:100650000DF0E6FA049BD7F808A0102B03D15545FE
:100660002CBF002601264FF0000B09AB13F80B300E
:10067000042B27D8DFE803F0766C1E606900436B1B
:100680000993436AD0F828900393002A3FF47CAF83
:10069000013679E7009533460CA80DF09FFBB3E7D0
:1006A00094F83920CBF100010CA8FFF7A5FB049AC0
:1006B0003146B7E7FB689B0504D5D4E9051212A8BB
:1006C000FFF7A4FB0BF1010BBBF1040FCDD1B9F186
:1006D000010F06D9039909F1FF32013112A8FFF782
:1006E00095FB13998A4509D9049B202BAAEB01019C
:1006F0003BD1424612A8FFF77FFB51460AAC129B42
:1007000000912046DDE90612FFF7FEFE94E80300A3
:10071000069012A88DF81C100DF089F90CA80DF0A8
:1007200086F9DDE906010023BB60059B83E8030031
:10073000184619B0BDE8F08FB9F1000FC2D0039B85
:10074000197812A80DF087FABCE7DDE90C12B6E7BC
:1007500036B14246AAEB050112A8FFF74DFBB1E7FF
:100760004146EEE7002EADD0F3E70A4643460021AE
:1007700012A8FFF719FCC0E72DE9F04F99B006A9C0
:10078000229F059007F16C04204681E80C00DDF8FB
:1007900090909DF88C8007F08BFB05462046FFF774
:1007A00049FBD9F8006090F8383032789A42044614
:1007B000D9F8042000F08180036B0993D0F82090D1
:1007C000C3690393A869324433469A421D4605D94A
:1007D0002978415C490703F10103F6D4AD1B049568
:1007E000002D00F0BC804FF0000A0EAB69000CA891
:1007F0000C93CDF834A08DF838A00DF011FAE26A10
:10080000A5EB020BD3451EDDE1685245A8BF5D464E
:100810000D9A00295CD06B005146CDF800A00CA8C1
:100820000DF032FA7319A17C0C98CDE90063D4E97C
:10083000022307F044FC0C994FF0FF32411A0CA838
:10084000FFF72CFBAB46E26A002A0CDD617C0CA8AA
:100850000DF001FABBF1000F40DBE26A06EB0B0181
:100860000CA8FFF7D3FAFD6805F0B003049315F464
:1008700000750D9B18BFA5694B441D44002614ABA1
:10088000690012A8129313968DF850600DF0C8F904
:10089000049BD7F808A0102B03D155452CBF002688
:1008A00001264FF0000B09AB13F80B30042B27D8AF
:1008B000DFE803F0766C1E606900436B0993436ABE
:1008C000D0F828900393002A3FF47CAF013679E7F3
:1008D000009533460CA80DF081FAB3E794F839205F
:1008E000CBF100010CA8FFF787FA049A3146B7E76D
:1008F000FB689B0504D5D4E9051212A8FFF786FA18
:100900000BF1010BBBF1040FCDD1B9F1010F06D9E9
:10091000039909F1FF32013112A8FFF777FA139911
:100920008A4509D9049B202BAAEB01013BD1424601
:1009300012A8FFF761FA51460AAC129B00912046BB
:10094000DDE90612FFF7E0FD94E80300069012A827
:100950008DF81C100DF06BF80CA80DF068F8DDE9AF
:1009600006010023BB60059B83E80300184619B00D
:10097000BDE8F08FB9F1000FC2D0039B197812A81F
:100980000DF069F9BCE7DDE90C12B6E736B1424675
:10099000AAEB050112A8FFF72FFAB1E74146EEE7EF
:1009A000002EADD0F3E70A464346002112A8FFF718
:1009B000FBFAC0E72DE9F04F2DED028BB0EE408B36
:1009C00091B004AF07F1080484E80C0097F8603098
:1009D0007B607B6E97F868A00546884607F1140097
:1009E00003F16C01F9F7E6FF07F1140007F060FA74
:1009F00090B08146F9F7F6FF04AE4FF0000BB861F6
:100A000031468DED028B2E4BCDF800B0402207F120
:100A10001800FFF775FB3F28014616DD083121F06D
:100A20000701ADEB010D421C3A60F9F7DBFF04AEA4
:100A3000B8618DED028BCDF800B03146204B3A689D
:100A400007F11800FFF75CFB014607F120030022C5
:100A500007F11800BB6139600DF043F83968BB69D4
:100A6000721848463146FFF776FA7B68D3B107F132
:100A70001803CDE901A37B6E009394E80C00414676
:100A80002846FFF75BFD07F118000CF0D0FF07F1D7
:100A90001400FAF701F828463437BD46BDEC028B46
:100AA000BDE8F08F07F11803CDE901A37B6E009339
:100AB00094E80C0041462846FFF75EFEE3E700BFDE
:100AC000B70C0708F0B587B004AC84E80C000F9EA3
:100AD0009DF838200D9B9DF830700093CDE90126DC
:100AE000054694E80C0027B1FFF728FD284607B01B
:100AF000F0BDFFF741FEF9E710B50446D0E900303C
:100B000043B1421C06D118460CF032FF431C04BF0F
:100B10000023236010BD38B50D46FFF7EDFF0446F6
:100B20002846FFF7E9FF431C584204F101025841EF
:100B300054425441011B4842484138BD08B5FFF7B3
:100B4000EAFF80F00100C0B208BD2DE9F74F05466D
:100B5000DDE912076C466C3084E80C00DDF840A03B
:100B600007F0A6F94FF0000980464E464FF00A0BF9
:100B70000CA92046FFF7E2FF70B1119B9E420BD0FB
:100B80002046FFF7B9FF2A22C1B24046FFF707FB14
:100B90003038C2B2092A10D9C6B10F9A914515DB77
:100BA000D14513DC0E9AC2F8009094E8030085E862
:100BB0000300284603B0BDE8F08F0BFB0909D145BF
:100BC000EADC2046FFF7BEF90136D1E73B6843F087
:100BD00004033B60E9E72DE9F04F8DB000AF07F16A
:100BE0002006F861F86E6C3086E80C0007F060F9BA
:100BF000BB6E6A46A2EBC3039D46DB08BB61BB6EBE
:100C00009B007B61BB6E0546E84607F15801304604
:100C100008EB8309FFF792FF044628B90026012C50
:100C200039D840F0718157E13046FFF765FFC4B213
:100C300021462846FFF79FFA214606462846FFF739
:100C400097FA4FF0000B82465C46BB6E9B45E5D0A1
:100C50007B6E53F82B3028461978FFF78CFAB04298
:100C60000FD1A3003B617B6E53F82B00DFF798FB9D
:100C70003B6949F8240048F803B001340BF1010B3B
:100C8000E3E77B6E53F82B3028461978FFF770FAAC
:100C90005045F3D1E5E7CB4609EB84005BF8043B14
:100CA000FB625B461A46F96AD2F800C08C4507F130
:100CB0002C0128BF0A460433D2F800A0C7F82CA0A4
:100CC0009842EFD1013607F12000FFF73BF9B2451A
:100CD0002BD107F1580107F12000FFF72FFF8246C3
:100CE00000285AD14FF0000A002359F82320911B05
:100CF0004A424A41524509BF04F1FF34013358F8D2
:100D0000242048F8232004BF59F8242049F8232040
:100D10009C42EAD8BAF1000F7DD0D9F80030012109
:100D200007F12C0C8C42FB626BD8FB6AB34240F299
:100D3000CE8007F1580107F12000FFF7FFFE0028E1
:100D400000F0C58007F12000FFF7D6FEC1B22846AB
:100D5000FFF711FA386107F12000FFF7CDFEC1B2AD
:100D60002846FFF705FA4FF0000AF86054457FF671
:100D700056AF7B6E58F82A2053F82220BA60915D56
:100D80002846FFF7F8F93B69BA6898424FEA8A0BA0
:100D900040F08B800AF1010AE8E707F12000FFF735
:100DA000ABFEC1B22846FFF7E6F9386107F1200033
:100DB000FFF7A2FEC1B22846FFF7DAF90023F86078
:100DC000796E58F8232051F8222059F82310B142A7
:100DD00003D801339C42F3D184E7915D7B602846C0
:100DE000BA60FFF7C8F93B6998423FF47DAFBA6833
:100DF0002846915DFFF7BCF9FB6898427B68E8D113
:100E000072E75A4601311068834298BF62460BF17F
:100E1000040B136886E7022C64D1BB6EDB0773D426
:100E2000D8F80030B86EBA6EB3EB500F4FEA5201EB
:100E3000D8F804202DD20B44934265D1D7E905326E
:100E4000D8F8004053F832807B6E53F8243003EB1F
:100E5000060946455FD207F1580107F12000FFF768
:100E60006DFE002850D019F8011B2846FFF783F9C2
:100E7000824607F12000FFF73FFEC1B22846FFF788
:100E80007AF9824530D107F12000FFF75BF801368F
:100E9000DFE75B1A934237D1D7E90521C8F8003064
:100EA000D9F8043042F83130C8E7915D2846FFF7A1
:100EB0005FF9FB6898423FF46DAF013C58F824207D
:100EC00048F80B2059F8242049F80B204EE700235E
:100ED000012C19D1002BB1D107F12000FFF732F816
:100EE0000136ABE70123F3E719F8011C2846FFF7A9
:100EF0003FF9824607F12000FFF7FEFDC1B2284608
:100F0000FFF736F98245BED03B6F3A6F1B6843F05E
:100F10000403136002E0F7D13B6E1C60D7E90801BF
:100F2000FB69343783E803001846BD46BDE8F08FFF
:100F30002DE9F04F87B000AF8146786DD7E913AB4C
:100F400007F110066C3086E80C0006F0B1FF6B4626
:100F5000A3EBCB03F8609D4607F140013046E8461D
:100F6000FFF7ECFD002800F088803046FFF7C4FD55
:100F70000025C3B24FEA4B022C46AA423CD8002CB3
:100F80007BD03046FEF7DEFFA200D31D23F007031F
:100F9000ADEB030D6E464546331F424455F8041B26
:100FA0005AF82100C7E90223DFF7FAF9BA68FB68AB
:100FB000954243F8040FF1D1012507F1400107F1F3
:100FC0001000FFF7BBFD58BB012C5AD13368AB4270
:100FD0005ED1D8F80030BA6C5B45A8BFA3EB0B0319
:100FE000136007F1180313E903001C3789E80300B5
:100FF0004846BD46BDE8F08F5AF825100978994259
:1010000004D148F8245001340135B6E7F868C7E93F
:101010000132FFF7ADF87B68BA689842F4D1F0E787
:1010200007F11000FFF768FD0023C0B219469C428B
:1010300007D88C42C8D007F11000FEF783FF0135B6
:10104000BBE756F82320AA424FEA830E06EB830C37
:1010500002D801310133EAE758F823205AF8222058
:10106000525D8242F6D0013C58F8242048F80E2008
:1010700056F82420CCF80020D9E70024254626463F
:101080009BE7022C04D13368AB42A2D073689EE781
:10109000BB6DBA6D1B6843F00403A1E72DE9F04F67
:1010A000ABB08946369D0B9005F16C060EA9304613
:1010B00081E80C00DDF8E0A03A9C06F0F9FF08900A
:1010C000304606F0F5FE83463998DFF769F90026C9
:1010D0000A90109634A90EA8FFF730FDDDF8408085
:1010E000002800F074840A9B9E4280F07084B8F15E
:1010F000000F00F08184379B379A1B6843F004038C
:10110000136000F06CBC089B9B68DA6A12921A6B41
:1011100013925A6B14929A6B1592DA6B16921A6CA0
:1011200017925A6C18929A6C1992DA6C1A921A6D7C
:101130001B925A6D1C929A6D1D92DA6D1E921B6E57
:101140001F9310ABCDE905530E23049312AB039309
:1011500011AB029334AB93E803008DE803000CAFAE
:101160000EAE96E80C0049463846FFF734FD97E886
:101170000300109B86E80300002B3CD1119A072343
:1011800092FBF3F3C3EBC303D21ACAF818202378F7
:1011900043F00203DDE0089B12AA98681146FEF7AF
:1011A00079FD1EA9FEF794FD10ABCDE90553182378
:1011B000CDE9032311AB029334AB93E803008DE830
:1011C00003000CAF0EAE96E80C0049463846FFF718
:1011D00002FD97E80300109B86E803005BB9119BB2
:1011E0000C2293FBF2F102FB1133CAF81030238872
:1011F00043F481632380099E01366BE7089B0694C4
:101200009B689B6905930CAF10ABCDE90253CDF8F9
:1012100010A034AB93E803008DE803000EAE96E80F
:101220000C0049463846FFF739FF97E80300109B4A
:1012300086E80300002BDED1637843F0040376E1F7
:1012400010ABCDE9065302266323CDE90436002313
:10125000039311AB029334AB93E803008DE80300D2
:101260000CAF0EAE96E80C0049463846FFF76DFC11
:1012700097E80300109B86E80300002BBBD1119B6D
:101280006360238843F49063B4E73046FFF734FC8F
:10129000DBF81830C0B21B5C180702D53046FEF7E9
:1012A00051FE10ABCDE9065302211F23CDE90431D5
:1012B0000123039311AB029334AB93E803008DE851
:1012C00003000CAF0EAE96E80C0049463846FFF717
:1012D0003CFC97E80300109B86E80300002B8AD1B2
:1012E000119BCAF80C30238843F4826382E7B94A21
:1012F00012AE3346A2F109015846FEF72CFE0CAFA0
:10130000CDE9056480E710ABCDE90653022217232F
:10131000CDE904320023039311AB029334AB93E87D
:1013200003008DE803000CAF0EAE96E80C004946B2
:101330003846FFF70AFC97E80300109A86E8030096
:10134000002A7FF458AF119BCAF80830237862F363
:10135000000323704FE710ABCDE906530C2702239F
:10136000CDE904730123039311AB029334AB93E8EB
:1013700003008DE803000DF130080EAE96E80C0076
:1013800049464046FFF7E1FB98E80300109B86E8DA
:101390000300002B7FF42FAF119B93FBF7F207FBA9
:1013A0001233CAF80830237843F00103D1E710ABB9
:1013B000CDE906534FF003084FF4B773CDE9043875
:1013C0000123039311AB029334AB93E803008DE840
:1013D00003000CAF0EAE96E80C0049463846FFF706
:1013E000B4FB97E80300109B86E80300002B7FF412
:1013F00002AF119B013BCAF81C30237843F0040371
:10140000A7E710ABCDE906534FF0020E0C23CDE950
:10141000043E0123039311AB029334AB93E8030022
:101420008DE803000CAF0EAE96E80C004946384636
:10143000FFF78BFB97E80300109B86E80300002B67
:101440007FF4D9AE119B013BCAF81030237843F0EA
:1014500008037EE710ABCDE906534FF0020C3B23A7
:10146000CDE9043C0023039311AB029334AB93E822
:1014700003008DE803000CAF0EAE96E80C00494661
:101480003846FFF762FB97E80300109B86E80300ED
:10149000002B7FF4B0AE119BCAF80430ABE634A940
:1014A0000EA8FFF74BFB00283FF4A5AE0EA8FFF7F0
:1014B00023FBDBF81830C0B21B5C1E077FF59BAE28
:1014C0000EA8FEF73FFDEAE7089B9B681A6A129296
:1014D0005B6A13931278002A3FF48DAE1B78002BC1
:1014E0003FF489AE10ABCDE905530223049312AB50
:1014F000039311AB029334AB93E803008DE8030030
:101500000CAF0EAE96E80C0049463846FFF763FB79
:1015100097E80300109B86E80300002B7FF46BAE76
:10152000119B002B3FF467AE637843F001036370B7
:1015300061E6089B06949B689B6A0CAF059309E0E3
:10154000254A12AE3346911F5846FEF704FDCDE9F9
:1015500005640CAF10ABCDE90253CDF810A034AB4D
:1015600093E803008DE803000EAE4946384696E83E
:101570000C00FFF793FD97E8030086E803003AE6C6
:1015800010ABCDE9065302203C23CDE90430002303
:10159000039311AB029334AB93E803008DE803008F
:1015A0000CAF0EAE96E80C0049463846FFF7CDFA70
:1015B00097E80300109B86E80300002B7FF41BAE26
:1015C000119BCAF8003016E6044A12AE3346A2F167
:1015D0000901B9E7C60C0708CC0C0708D50C0708A9
:1015E00010ABCDE9065302213523CDE904310023A8
:1015F000039311AB029334AB93E803008DE803002F
:101600000CAF0EAE96E80C0049463846FFF79DFA3F
:1016100097E80300109B86E80300002B7FF4EBADF6
:10162000119B22681B0403F47C1322F47C1243F008
:10163000200322F0200213432360DCE510ABCDE948
:10164000065301220623CDE904320023039311AB94
:10165000029334AB93E803008DE803000CAF0EAEA9
:1016600096E80C0049463846FFF76FFA97E8030002
:10167000109B86E80300002B7FF4BDAD119BCAF8D8
:10168000183084E510ABCDE906534FF0020835233E
:10169000CDE904380023039311AB029334AB93E8F4
:1016A00003008DE803000CAF0EAE96E80C0049462F
:1016B0003846FFF74AFA97E80300109B86E80300D4
:1016C000002B7FF498AD119B22681B0403F47C135C
:1016D00022F47C1243F0400322F04002ABE7089B67
:1016E00006949B680CAF9B6828E7089B06949B6850
:1016F0000CAF1B6922E710ABCDE906534FF0020E89
:101700006323CDE9043E0023039311AB029334AB72
:1017100093E803008DE803000CAF0EAE96E80C00D2
:1017200049463846FFF711FA97E80300109B86E810
:101730000300002B7FF45FAD637823F0060343F0D2
:101740000603637034A93046FFF7F8F900283BD050
:101750003046FFF7D1F92A22C1B25846FEF71FFDE5
:10176000A0F130085FFA88F3092B2DD83046FEF738
:10177000E9FB119B0A2707FB038334A93046119329
:10178000FFF7DCF9A0B13046FFF7B6F92A22C1B263
:101790005846FEF704FDA0F130085FFA88F3092BE4
:1017A00006D83046FEF7CEFB119B07FB038311934F
:1017B000119BA3F26C731193637823F0020363709F
:1017C000119BCAF8143016E5119B442BDCBF64331F
:1017D0001193F5E710ABCDE906534FF0040C42F23C
:1017E0000F73CDE9043C0023039311AB029334AB98
:1017F00093E803008DE803000CAF0EAE96E80C00F2
:1018000049463846FFF7A1F997E80300109B86E8A0
:101810000300002B7FF4EFAC119BA3F26C73CAF8AA
:101820001430637823F0060307E53046FFF764F9C8
:10183000DBF81830C0B21B5CDF0740F1838010ABCF
:10184000CDE905530E2304936A4B039312AB029325
:1018500034AB93E803008DE803000CAF49463846EB
:1018600096E80C00FFF7B7F997E8030086E8030055
:1018700034A93046FFF762F900283FF4BCAC109B56
:10188000129A13437FF4B7AC3046FFF735F92D2198
:1018900007465846FEF772FCFFB2B84236D110AF89
:1018A00017230221CDE90431CDE906570023039324
:1018B00012AB029334AB93E803008DE803000CAE47
:1018C0000DF1380898E80C0049463046FFF73DF91D
:1018D00096E803003B2388E803000220CDE90430AA
:1018E000CDE906570023039312AB029334AB93E880
:1018F00003008DE803004946304698E80C00FFF7E6
:1019000024F996E8030088E8030074E43046FFF702
:10191000F3F82B2106465846FEF730FCF6B2B042EB
:101920007FF469ACBBE73046FFF7E6F825210746B0
:101930005846FEF723FCFFB2B84203D13046FEF70B
:1019400001FB58E4109B43F00403109353E4399BCC
:10195000995DDBF818305B5C1A0714D534A90EA822
:10196000FFF7ECF800283FF447AC0EA8FFF7C4F8E7
:10197000DBF81830C0B21B5C1B077FF53DAC0EA82E
:10198000FEF7E0FAEAE75846FEF7F5FB80460EA8B8
:10199000FFF7B2F8C1B25846FEF7EDFB804512D012
:1019A00039785846FEF7E4FB07460EA8FFF7A4F87F
:1019B000C1B25846FEF7DCFB874204D0109B43F0CF
:1019C0000403109318E40EA8FEF7BCFA14E4B8F16F
:1019D000000F7FF490AB0A9B9E427FF48CAB0EAB62
:1019E00093E803000B9B83E8030018462BB0BDE887
:1019F000F08F00BFB0000024399B4246995D5846E5
:101A00009F19FEF7CCFB2528A1D1731C0993711CEB
:101A1000399B4246595C5846FEF7C1FB4528CDF834
:101A2000448001D04F2808D1B31C09930999399BF0
:101A30000022595C5846FEF7B2FB25380EAE5428FA
:101A400080D801A353F820F0271904084519040889
:101A500045190408451904084519040845190408DE
:101A600045190408451904084519040845190408CE
:101A700045190408451904084519040845190408BE
:101A800045190408451904084519040845190408AE
:101A9000451904084519040845190408451904089E
:101AA000451904084519040845190408451904088E
:101AB000451904084519040807110408971104087A
:101AC00041120408EF1204084519040845190408D6
:101AD0004519040807130408571304084519040896
:101AE0004519040845190408551404084519040843
:101AF0004519040845190408451904084115040846
:101B000081150408C9150408E115040845190408DD
:101B100085160408EB160408D51704082B180408CA
:101B2000451904084519040845190408451904080D
:101B300045190408451904080711040897110408F9
:101B4000FD1104088B1204088B12040845190408BF
:101B5000451904089711040845190408AF1304082F
:101B60004519040845190408031404089F140408BF
:101B700045190408C9140408451904083315040854
:101B8000451904089F140408451904084519040858
:101B90003D160408DF160408F71604082DE9F04F77
:101BA0008FB0DDE91AB70AAC4FF0000A06460BF118
:101BB0006C0084E80C008846CDF834A006F078F973
:101BC0000DABCDE906B302226323CDE904320CABA1
:101BD0000293CDF80CA018AB814693E803008DE882
:101BE000030008AD94E80C0041462846FEF7ADFF1F
:101BF00095E803000D9B84E80300002B51D118A940
:101C00002046FEF79BFF002846D02046FEF774FFD3
:101C10002A22C1B24846FEF7C2FAA0F13005EBB263
:101C2000092B39D82046FEF78DF90C9B4FF00A0896
:101C300008FB035518A920460C95FEF77FFF98B1C5
:101C40002046FEF759FF2A22C1B24846FEF7A7FAFE
:101C5000A0F13005EBB2092B06D82046FEF772F949
:101C60000C9B08FB03550C950C9BA3F26C730C9317
:101C70001C9B0C9A5A6118A92046FEF74CFF18B11C
:101C80003B6843F002033B6094E8030086E80300EE
:101C900030460FB0BDE8F08F0C9B442BE8DC64337A
:101CA000E5E73B6843F004033B60E4E72DE9F043DC
:101CB0009DB0DDE926960AAC054609F16C0084E882
:101CC0000C00884606F0F4F983689A6C0E92DA6C80
:101CD0000F921A6D10925A6D11929A6D1292DA6DDE
:101CE00013921A6E1492DA6A15921A6B16925A6B44
:101CF00017929A6B1892DA6B19921A6C5B6C1B93A1
:101D000000230D930DABCDE9059307231A9204939D
:101D10000EAB03930CAB029324AB93E803008DE866
:101D2000030008AF94E80C0041463846FFF700F97D
:101D300097E803000D9B84E803009BB9289B0C9A4D
:101D40009A6124A92046FEF7E6FE18B1336843F0F5
:101D50000203336094E8030085E8030028461DB0C1
:101D6000BDE8F083336843F004033360E9E72DE90D
:101D7000F043A7B0DDE930960AAC054609F16C00E6
:101D800084E80C00884606F093F90EAA8068114694
:101D9000FDF79EFF1AA9FDF77DFF00230D930DAB04
:101DA000CDE905930C23CDE903230CAB02932EABB5
:101DB00093E803008DE8030008AF94E80C00414667
:101DC0003846FFF7B5F897E803000D9B84E8030059
:101DD0009BB9329B0C9A1A612EA92046FEF79BFEF6
:101DE00018B1336843F00203336094E8030085E8D8
:101DF0000300284627B0BDE8F083336843F00403AE
:101E00003360E9E72DE9F04F91B0DDE91CB70AAC8A
:101E100005460BF16C0084E80C00DDF878A08946DB
:101E200006F046F983681A69CDF808B00DAECDE921
:101E30000526CDE9037A0023CDE90D330F931AABC4
:101E400093E803008DE803000DF1200894E80C00EE
:101E500049464046FFF722F998E8030084E803006A
:101E60005146304613F0B2F91AA92046FEF753FE48
:101E700018B13B6843F002033B6094E8030085E837
:101E80000300284611B0BDE8F08F2DE9F04F91B066
:101E9000DDE91CB70AAC05460BF16C0084E80C00C8
:101EA000DDF878A0894606F003F983689A68CDF8D2
:101EB00008B00DAECDE90526CDE9037A0023CDE9C2
:101EC0000D330F931AAB93E803008DE803000DF177
:101ED000200894E80C0049464046FFF7DFF898E8F0
:101EE000030084E803005146304613F06FF91AA945
:101EF0002046FEF710FE18B13B6843F002033B603A
:101F000094E8030085E80300284611B0BDE8F08F8F
:101F10002DE9F04F91B0DDE91CB605460AAC0BF196
:101F20006C004FF0000884E80C0089469DF87CA006
:101F30009DF8807005F0BCFFC6F800802521FEF7F3
:101F40001DF98DF83000002F36D18DF831A08DF8B5
:101F500032700023CDE90D330F930CAB05931E9B1C
:101F6000CDF808B0CDE903630DAF06971AAB93E83F
:101F700003008DE803000DF1200894E80C004946A9
:101F80004046FFF78BF898E8030084E803001E99A9
:101F9000384613F01BF91AA92046FEF7BCFD18B10C
:101FA000336843F00203336094E8030085E80300DC
:101FB000284611B0BDE8F08F8DF831708DF832A051
:101FC0008DF83380C5E700002DE9F04F9BB00AA9DA
:101FD00081E80C00DDE9263903F16C040690204607
:101FE00005F066FF04902046FDF778FF00F1380306
:101FF0000793036A05461BB1836A003B18BF0123A0
:10200000029310AB0E9300230F938DF840302B7C7E
:102010001BB120210EA80BF003FE002616AB2021D9
:1020200014A8149315968DF858600BF0F9FD05F17E
:10203000390308936B6B0D93B04637460396B2464F
:1020400001960DAB9B5D042B61D8DFE813F07C019A
:1020500055012F00F4000500DFF844B324A90AA8B5
:10206000FEF76CFD03460446002800F030810AA804
:102070000993FEF741FD0A21C2B208980592FDF7C7
:102080008BFF059A099B002800F01081079BC01A5E
:10209000DBF80030195C14A80BF0DDFD7C1C039FFD
:1020A0000AA8FDF74FFF03972746D7E7269BDB6873
:1020B00098051FD4BAF1010F1CD8DEB1012E0BD147
:1020C000029BBBB99DF83430032B13D09DF83630FA
:1020D000012B0FD00226B4E7022E40F048819DF874
:1020E0003730042B06D0029A002A00F03B81032BE4
:1020F00040F03A81AB6905934FF0000B24A90AA880
:10210000FEF71CFD059B044618B99B4512D101241E
:102110001AE09B4518D00AA8FEF7EEFC6A6912F88F
:102120000B20C0B2824205D10AA8FDF70BFF0BF1CC
:10213000010BE3E7BBF1000F40F01281269BDC6846
:1021400084F40074C4F340240136042E40F0FE8071
:10215000BAF1010F40F21E81002C00F0FA80019BC1
:10216000002B00F006816C6A012624A90AA8FEF75C
:10217000E5FC002840F0FF80564540F0EA80159BC2
:10218000012B11D90022302114A80BF069FF02465F
:1021900050B1431C08BF159A4FF0000108BF02F16F
:1021A000FF3214A8FDF77AFE019B3BB114990B781E
:1021B000302B03D02D2214A80BF0C2FD0F9BA3B12E
:1021C000B8F1000F00F0E9809DF80C100EA80BF09C
:1021D00042FDD5E902010EAA13F040F928B9D9F859
:1021E000003043F00403C9F80030B8F1000F03D009
:1021F000EB6ABB4240F0AD80289814A90BF07CFE3E
:102200000AAC24A92046FEF786FC28B1D9F8003094
:1022100043F00203C9F8003094E80300069B83E80A
:10222000030014A80BF003FC0EA80BF000FC0698AA
:102230001BB0BDE8F08F2B6AB3B9AB6A4BB324A9CE
:102240000AA8FEF77BFC044618B30AA8FEF754FC64
:102250006B6A1B78C0B283421BD10AA8D5F828A0AC
:10226000FDF770FE01946FE724A90AA8FEF766FC4B
:1022700004460028E1D00AA8FEF73EFCEB691B7873
:10228000C0B28342D9D10AA8D5F820A0FDF75AFEE2
:102290005AE72B6A1BB9029B83F0010454E7AB6A2F
:1022A000002BF8D1012301931C464DE7697C914234
:1022B00008D1B8F1000F05D1EA6A002A08DD984676
:1022C0000446EDE62B7C1BB1AB7C934205D0012488
:1022D000159B002B08BF002436E7B8F1000F07D18B
:1022E00047B1F9B20EA80BF0B6FC4446039FD7E6FF
:1022F0004446EDE73C46EBE724A90AA8FEF71EFC9E
:10230000A8B90024032E3FF423AF24A90AA8FEF79E
:1023100015FCD0B10AA8FEF7EFFB049BC0B29B6985
:102320001B5C1A0711D50AA8FDF70CFEEDE70AA8F9
:10233000FEF7E2FB049BC0B29B691B5C1907E0D56A
:102340000AA8FDF7FFFD0124DCE70136002C7FF42D
:1023500078AED9F8003043F00403C9F800304FE7F5
:102360000024F1E603266CE6029C0326EEE7012436
:10237000EEE6EC69F8E656453FF401AF0AA8FEF731
:10238000BBFBA35DC0B28342E3D10AA8FDF7DAFD2F
:102390000136EAE6002CDCD0F1E6F9B216E700BF20
:1023A000740000242DE9F04F9BB00AA981E80C00CD
:1023B000DDE9263903F16C040690204605F078FD2E
:1023C00004902046FDF736FD00F138030793036AB9
:1023D00005461BB1836A003B18BF0123029310AB73
:1023E0000E9300230F938DF840302B7C1BB12021DE
:1023F0000EA80BF015FC002616AB202114A8149390
:1024000015968DF858600BF00BFC05F13903089315
:102410006B6B0D93B04637460396B24601960DABF3
:102420009B5D042B61D8DFE813F07C0155012F0080
:10243000F4000500DFF844B324A90AA8FEF77EFBE8
:1024400003460446002800F030810AA80993FEF7ED
:1024500053FB0A21C2B208980592FDF79DFD059A2B
:10246000099B002800F01081079BC01ADBF80030A0
:10247000195C14A80BF0EFFB7C1C039F0AA8FDF766
:1024800061FD03972746D7E7269BDB6898051FD495
:10249000BAF1010F1CD8DEB1012E0BD1029BBBB9E2
:1024A0009DF83430032B13D09DF83630012B0FD01C
:1024B0000226B4E7022E40F048819DF83730042B05
:1024C00006D0029A002A00F03B81032B40F03A81AB
:1024D000AB6905934FF0000B24A90AA8FEF72EFB69
:1024E000059B044618B99B4512D101241AE09B456F
:1024F00018D00AA8FEF700FB6A6912F80B20C0B2D8
:10250000824205D10AA8FDF71DFD0BF1010BE3E79F
:10251000BBF1000F40F01281269BDC6884F400744C
:10252000C4F340240136042E40F0FE80BAF1010FBE
:1025300040F21E81002C00F0FA80019B002B00F07D
:1025400006816C6A012624A90AA8FEF7F7FA00287A
:1025500040F0FF80564540F0EA80159B012B11D9D1
:102560000022302114A80BF07BFD024650B1431C21
:1025700008BF159A4FF0000108BF02F1FF3214A8FE
:10258000FDF78CFC019B3BB114990B78302B03D0E9
:102590002D2214A80BF0D4FB0F9BA3B1B8F1000FB0
:1025A00000F0E9809DF80C100EA80BF054FBD5E963
:1025B00002010EAA12F052FF28B9D9F8003043F0F8
:1025C0000403C9F80030B8F1000F03D0EB6ABB4236
:1025D00040F0AD80289814A90BF08EFC0AAC24A919
:1025E0002046FEF798FA28B1D9F8003043F00203EC
:1025F000C9F8003094E80300069B83E8030014A8A0
:102600000BF015FA0EA80BF012FA06981BB0BDE8F5
:10261000F08F2B6AB3B9AB6A4BB324A90AA8FEF7B3
:102620008DFA044618B30AA8FEF766FA6B6A1B789F
:10263000C0B283421BD10AA8D5F828A0FDF782FCBE
:1026400001946FE724A90AA8FEF778FA0446002847
:10265000E1D00AA8FEF750FAEB691B78C0B28342BA
:10266000D9D10AA8D5F820A0FDF76CFC5AE72B6A4F
:102670001BB9029B83F0010454E7AB6A002BF8D12D
:10268000012301931C464DE7697C914208D1B8F1C2
:10269000000F05D1EA6A002A08DD98460446EDE6F7
:1026A0002B7C1BB1AB7C934205D00124159B002BE6
:1026B00008BF002436E7B8F1000F07D147B1F9B2DF
:1026C0000EA80BF0C8FA4446039FD7E64446EDE750
:1026D0003C46EBE724A90AA8FEF730FAA8B9002483
:1026E000032E3FF423AF24A90AA8FEF727FAD0B19E
:1026F0000AA8FEF701FA049BC0B29B691B5C1A078B
:1027000011D50AA8FDF71EFCEDE70AA8FEF7F4F9BB
:10271000049BC0B29B691B5C1907E0D50AA8FDF7B2
:1027200011FC0124DCE70136002C7FF478AED9F8E7
:10273000003043F00403C9F800304FE70024F1E60D
:1027400003266CE6029C0326EEE70124EEE6EC6924
:10275000F8E656453FF401AF0AA8FEF7CDF9A35DB0
:10276000C0B28342E3D10AA8FDF7ECFB0136EAE6EA
:10277000002CDCD0F1E6F9B216E700BF74000024AB
:102780002DE9F04391B006AC84E80C00DDE91B387C
:102790000CAA8C469DF868100A920AAF0022029398
:1027A000CDE9038705460B928DF8302008AE18ABB3
:1027B00019B393E803008DE80300614694E80C0028
:1027C0003046FFF701FC96E80300DDF8289084E826
:1027D0000300F8F707F91D9908903346424648462A
:1027E00012F046FA94E8030085E8030038460BF03F
:1027F0001EF9284611B0BDE8F08393E803008DE888
:102800000300614694E80C003046FFF7CBFDDAE7A1
:102810002DE9F04F91B006ACDDF874B09DF870A0D2
:1028200005460BF16C0084E80C00884605F040FB7F
:102830001E9BCDE902B30AAF04971AAB814693E819
:1028400003008DE803000CAA0A9208AE00220B9246
:102850008DF83020414694E80C003046BAF1000F64
:102860001DD0FFF7B1FB96E803000B9E84E8030040
:1028700056B11F9831460BF05EFA0A991F9B8A19D0
:102880001B684846FDF767FB94E8030085E80300F2
:1028900038460BF0CCF8284611B0BDE8F08FFFF7B2
:1028A00081FDE0E7184B1A68D1075CBF01221A606E
:1028B000164B1A68D2075CBF01221A60144B1A68C3
:1028C000D0075CBF01221A60124B1A68D1075CBFA7
:1028D00001221A60104B1A68D2075CBF01221A60ED
:1028E0000E4B1A68D0075CBF01221A600C4B1A68A5
:1028F000D1075CBF01221A600A4B1A68D2075CBF7D
:1029000001221A60704700BFA4D20124A0D2012482
:102910009CD2012498D2012494D2012490D2012483
:102920008CD2012488D201240BF081B811F031BB84
:10293000F8B54D680746681C0E4611F037FE0023B7
:10294000044601462A4630460BF0BAFA0023635586
:102950003C602846F8BDF8B54D686FF060426B1CCE
:102960009342074634BF98004FF0FF300E4611F0F7
:102970001DFE0023044601462A46304611F014FD90
:10298000002344F825303C602846F8BD13B5049C6C
:10299000CDE9003413460A46C1684FF00000FBF74A
:1029A000EBF802B010BD30B58BB00D460AA901E9B5
:1029B0000C0079230693129B0593119B0493109BA3
:1029C00003930EAA044692E8030001AB83E80300D8
:1029D000099B00932046089BAA684FF00001FBF773
:1029E000CFFA20460BB030BD30B58BB00D460AA9EA
:1029F00001E90C006D230693129B0593119B049330
:102A0000109B03930EAA044692E8030001AB83E8EF
:102A10000300099B00932046089BAA684FF0000121
:102A2000FBF7AEFA20460BB030BD30B58BB00D468B
:102A30000AA901E90C0077230693129B0593119BC9
:102A40000493109B03930EAA044692E8030001AB83
:102A500083E80300099B00932046089BAA684FF077
:102A60000001FBF78DFA20460BB030BD30B58BB0BE
:102A70000D460AA901E90C0064230693129B0593F5
:102A8000119B0493109B03930EAA044692E8030043
:102A900001AB83E80300099B00932046089BAA68CA
:102AA0004FF00001FBF76CFA20460BB030BD30B59B
:102AB0008BB00D460AA901E90C0074230693129B02
:102AC0000593119B0493109B03930EAA044692E86E
:102AD000030001AB83E80300099B00932046089B99
:102AE000AA684FF00001FBF74BFA20460BB030BD4F
:102AF00081684FF00000FBF73DBAF0B591B00AAC29
:102B000084E80C00002307930D930EAB06930DABE6
:102B10000593199B04939DF86030039316AA0F4602
:102B2000054692E8030001AB83E803000B9B00938A
:102B300008AE0A9BBA684FF000013046FBF7D4FAA2
:102B400096E803000D9B84E803005BB9DDE90E0104
:102B50001B9BC3E9000194E8030085E803002846B5
:102B600011B0F0BD1A9A1360F5E710B588B00DF1F9
:102B7000200C0CE90C00002304939DF830300393E3
:102B80000B9B02939DF828300193079B00931346FB
:102B90008A684FF000010446FBF794FD204608B018
:102BA00010BD0A4601694FF00000FBF7DBB907B51D
:102BB0000092D1E9002301694FF00000FBF766F9AC
:102BC00003B05DF804FB13B5049CCDE90034134653
:102BD0000A46C1684FF00000FAF7D9FF02B010BDF5
:102BE00030B58BB00D460AA901E90C007923069394
:102BF000129B0593119B0493109B03930EAA04460A
:102C000092E8030001AB83E80300099B0093204690
:102C1000089BAA684FF00001FBF70CFA20460BB0A6
:102C200030BD30B58BB00D460AA901E90C006D230B
:102C30000693129B0593119B0493109B03930EAA7A
:102C4000044692E8030001AB83E80300099B00936C
:102C50002046089BAA684FF00001FBF7EBF92046DD
:102C60000BB030BD30B58BB00D460AA901E90C00A0
:102C700077230693129B0593119B0493109B039358
:102C80000EAA044692E8030001AB83E80300099B07
:102C900000932046089BAA684FF00001FBF7CAF991
:102CA00020460BB030BD30B58BB00D460AA901E906
:102CB0000C0064230693129B0593119B0493109BB5
:102CC00003930EAA044692E8030001AB83E80300D5
:102CD000099B00932046089BAA684FF00001FBF770
:102CE000A9F920460BB030BD30B58BB00D460AA90E
:102CF00001E90C0074230693129B0593119B049326
:102D0000109B03930EAA044692E8030001AB83E8EC
:102D10000300099B00932046089BAA684FF000011E
:102D2000FBF788F920460BB030BD81684FF00000FA
:102D3000FBF723B9F0B591B00AAC84E80C0000238E
:102D400007930D930EAB06930DAB0593199B04935C
:102D50009DF86030039316AA0F46054692E80300DB
:102D600001AB83E803000B9B009308AE0A9BBA6893
:102D70004FF000013046FBF703FA96E803000D9B85
:102D800084E803005BB9DDE90E011B9BC3E9000188
:102D900094E8030085E80300284611B0F0BD1A9AB4
:102DA0001360F5E710B588B00DF1200C0CE90C00AC
:102DB000002304930C9B03930B9B02939DF82830F4
:102DC0000193079B009313468A684FF00001044665
:102DD000FBF736FD204608B010BD0A4601694FF0EA
:102DE0000000FBF7C3B807B50092D1E900230169E1
:102DF0004FF00000FBF75EF803B05DF804FB000045
:102E000000F1080373B5044603600D4619B912B109
:102E10000E4804F068F9930005EB82060C2B42F390
:102E20001D02019207D9002201A9204611F090F855
:102E3000019B2060A36020683246294611F023F9E7
:102E40000199204611F078F802B070BD6E0C0708A9
:102E500000F1080373B5044603600D4619B912B1B9
:102E60000D4804F040F90F2A05EB0206019207D93C
:102E7000002201A920460AF0B9FD019B2060A36051
:102E80003246294620680AF04BFE019B22686360A7
:102E90000021D15402B070BD6E0C0708836973B570
:102EA00004460D4603B1984704F108032360D5E9B1
:102EB00000639A0006EB83050C2A43F31D0301937C
:102EC00007D9002201A9204611F042F8019B206099
:102ED000A36020682A46314611F0CFF801992046B8
:102EE00011F02AF8014BA36102B070BD2D2904082E
:102EF000836973B504460D4603B1984704F108038E
:102F00002360D5E900630F2B06EB0305019307D976
:102F1000002201A920460AF069FD019B2060A36000
:102F20002A46314620680AF0F6FD019B226863605C
:102F30000021D154014BA36102B070BD29290408BE
:102F400010B5074B0360036900220446DA600C30B9
:102F5000FAF765FB2046F8F7ABFE204610BD00BF30
:102F60007036070810B50446FFF7EAFF204611F057
:102F7000ABFA204610BD000010B5084B0360036992
:102F800000220446DA609A611A629A620C30FAF7FB
:102F900046FB2046F8F726FB204610BDB036070852
:102FA00010B50446FFF7E8FF204611F08DFA2046E1
:102FB00010BD000010B5084B0360036900220446F1
:102FC000DA609A611A629A620C30FAF728FB20469E
:102FD000F8F722FB204610BDE436070810B504467A
:102FE000FFF7E8FF204611F06FFA204610BD000001
:102FF00010B5054B044640F8103BFAF710FB20468D
:10300000FCF7F4FD204610BD4837070810B504460C
:10301000FFF7EEFF204611F057FA204610BD0000E2
:1030200010B5074B0360036900220446DA600C30D8
:10303000FAF7F5FA2046F8F7A3FE204610BD00BFC8
:103040006437070810B50446FFF7EAFF204611F081
:103050003BFA204610BD000010B5084B0360036921
:1030600000220446DA601A629A621A630C30FAF798
:10307000D6FA2046F8F77AFB204610BDA437070899
:1030800010B50446FFF7E8FF204611F01DFA204670
:1030900010BD000010B5084B036003690022044610
:1030A000DA601A629A621A630C30FAF7B8FA2046AC
:1030B000F8F776FB204610BDD837070810B5044650
:1030C000FFF7E8FF204611F0FFF9204610BD000091
:1030D00010B5054B044640F8103BFAF7A0FA20461D
:1030E00001F09CF9204610BD3C38070810B5044695
:1030F000FFF7EEFF204611F0E7F9204610BD000073
:10310000084B10B5044640F80C3BFAF788FA204605
:10311000054B40F8083B11F005FE2046F7F73FFC51
:10312000204610BD94360708C82F070810B504467E
:10313000FFF7E6FF204611F0C7F9204610BD00005A
:1031400010B5064B044640F8083BFAF768FA044B02
:1031500023602046F7F723FC204610BD18370708E8
:103160008C30070810B50446FFF7EAFF204611F03F
:10317000ABF9204610BD000010B5064B044640F8E0
:10318000083BFAF74CFA044B23602046F7F707FC9C
:10319000204610BD30370708A430070810B5044694
:1031A000FFF7EAFF204611F08FF9204610BD00001E
:1031B000084B10B5044640F80C3BFAF730FA2046AD
:1031C000054B40F8083B11F0ADFD2046F7F7E7FB53
:1031D000204610BD88370708C83A070810B50446CE
:1031E000FFF7E6FF204611F06FF9204610BD000002
:1031F00010B5064B044640F8083BFAF710FA044BAA
:1032000023602046F7F7CBFB204610BD0C3807089B
:103210008C3B070810B50446FFF7EAFF204611F083
:1032200053F9204610BD000010B5064B044640F887
:10323000083BFAF7F4F9044B23602046F7F7AFFB9D
:10324000204610BD24380708A43B070810B50446E3
:10325000FFF7EAFF204611F037F9204610BD0000C5
:1032600010B5064B044640F8083BFAF7D8F9044B72
:1032700023602046F7F793FB204610BD5838070817
:10328000BC30070810B50446FFF7EAFF204611F0EE
:103290001BF9204610BD000010B5064B044640F84F
:1032A000083BFAF7BCF9044B23602046F7F777FB9D
:1032B000204610BD84380708BC3B070810B50446FB
:1032C000FFF7EAFF204611F0FFF8204610BD00008E
:1032D00070B590B009AD0E4606A981E80C00044611
:1032E0001799002328460F93FFF702FE9DF85830E8
:1032F0000393159B02939DF850300193079B009315
:1033000004959FED070B069BB2684FF00001204625
:10331000FBF7D8F92846FAF756FB204610B070BDE7
:10332000000000000000000070B590B009AD0E462E
:1033300006A981E80C0004461799002328460F933C
:10334000FFF7ACFD169B0393159B02939DF850303D
:103350000193079B009304959FED070B069BB268B2
:103360004FF000012046FBF76BFA2846FAF72BFBDB
:10337000204610B070BD00BF00000000000000003B
:1033800030B5084687B014460D46FCF7E2FF84F8D6
:1033900024002846FCF7E0FF0023A3606361E3619B
:1033A000012384F8643084F8250029466846FCF738
:1033B000D6FF694604F10800FFF7BAFAE0606846F4
:1033C0000AF035FB29466846FCF7D0FF694604F150
:1033D0001400FFF7ADFAA06168460AF028FB294601
:1033E0006846FCF7CAFF694604F11C00FFF7A0FA23
:1033F000206268460AF01BFB07B030BD30B50846B6
:1034000087B014460D4601F07CFB6062284601F04F
:103410007BFB0023A3606361E361012384F8243113
:10342000A0622946684601F072FB694604F1080073
:10343000FFF77EFAE06068460AF0F9FA2946684626
:1034400001F06CFB694604F11400FFF784FAA061F7
:10345000684610F09EFD2946684601F066FB694605
:1034600004F11C00FFF777FA2062684610F091FD26
:1034700007B030BD10B4084611461A46DDE90134E4
:1034800001945DF8044BFDF731B810B408461146BD
:103490001A46DDE9013401945DF8044B01F0FEBBEE
:1034A00010B586B0144668461A46089BFDF725F805
:1034B00069462046FFF71CFD68460AF0B8FA06B0D8
:1034C00010BD10B586B0144668461A46089B01F038
:1034D000ECFB69462046FFF7E1FC684610F059FD19
:1034E00006B010BD30B5084687B014460D46FCF74F
:1034F00001FF60742846FCF700FFA0742846FCF723
:103500001BFF0023A3606361E3616362012384F80E
:103510004330E06229466846FCF7F2FE694604F152
:103520000800FFF705FAE06068460AF080FA2946CD
:103530006846FCF7ECFE694604F11400FFF7F8F961
:10354000A06168460AF073FA29466846FCF7E6FE71
:10355000694604F11C00FFF7EBF9206268460AF0A7
:1035600066FA29466846FCF7E0FE694604F1240045
:10357000FFF7DEF9A06268460AF059FA2846FCF720
:10358000DEFE20632846FCF7DFFE606307B030BD37
:1035900030B5084687B014460D46FCF77CFE6074D3
:1035A0002846FCF77BFEA0742846FCF796FE002315
:1035B000A3606361E3616362012384F84330E062E6
:1035C00029466846FCF76DFE694604F10800FFF7DE
:1035D000AFF9E06068460AF02AFA29466846FCF727
:1035E00067FE694604F11400FFF7A2F9A06168467E
:1035F0000AF01DFA29466846FCF761FE694604F1A7
:103600001C00FFF795F9206268460AF010FA294677
:103610006846FCF75BFE694604F12400FFF788F971
:10362000A06268460AF003FA2846FCF759FE2063B8
:103630002846FCF75AFE606307B030BD30B5084637
:1036400087B014460D4601F02DFA6061284601F05E
:103650002CFAA061284601F047FA0023A360E36139
:103660006362E362012384F86C3060632946684634
:1036700001F01EFA694604F10800FFF759F9E0600D
:1036800068460AF0D4F92946684601F018FA6946F6
:1036900004F11C00FFF75FF92062684610F079FC26
:1036A0002946684601F012FA694604F12400FFF742
:1036B00052F9A062684610F06CFC2946684601F099
:1036C0000CFA694604F12C00FFF745F920636846BF
:1036D00010F05FFC284601F00AFAA063284601F0CA
:1036E0000BFAE06307B030BD30B5084687B014462A
:1036F0000D4601F0A8F96061284601F0A7F9A06124
:10370000284601F0C2F90023A360E3616362E3622B
:10371000012384F86C3060632946684601F099F90A
:10372000694604F10800FFF703F9E06068460AF013
:103730007EF92946684601F093F9694604F11C00B8
:10374000FFF709F92062684610F023FC2946684615
:1037500001F08DF9694604F12400FFF7FCF8A0623E
:10376000684610F016FC2946684601F087F969465C
:1037700004F12C00FFF7EFF82063684610F009FC15
:10378000284601F085F9A063284601F086F9E06338
:1037900007B030BD10B586B00C46684611461A46D3
:1037A000FFF756FB089A69462046FCF78DFE044653
:1037B00068460AF03CF9204606B010BD10B586B048
:1037C0000C46684611461A46FFF742FB089A6946BE
:1037D000204601F051FA044668460AF028F92046CE
:1037E00006B010BDF0B58FB002AC0E4615462046AF
:1037F000DDE916121F46FFF72BFB159B00933A4697
:10380000149B0194314608A8FCF761FE08A92846DC
:10381000FFF76EFB08A80AF00AF920460AF007F93C
:103820000FB0F0BDF0B58FB002AC0E461546204685
:10383000DDE916121F46FFF7E3FA159B00933A469F
:10384000149B0194314608A801F019FA08A92846EA
:10385000FFF724FB08A810F09CFB204610F099FB12
:103860000FB0F0BD08461146FCF73DBE08461146B4
:1038700001F011BA0846FCF787BD084601F05CB9B3
:1038800082B0F0B587B005469DF850700D93742F47
:1038900016461398DDE911210FAC0DAB1ED00ED8E2
:1038A000642F2DD0CDE90310029294E803008DE837
:1038B000030031460CCB2846FCF7BDFD1AE0772FFC
:1038C0002BD0CDE90310029294E803008DE80300A9
:1038D00031460CCB2846FCF7CAFD0BE0CDE90310BE
:1038E000029294E803008DE8030031460CCB284691
:1038F000FCF74DFD284607B0BDE8F04002B0704728
:10390000CDE90310029294E803008DE803003146EC
:103910000CCB2846FCF757FDECE7CDE903100292EB
:1039200094E803008DE8030031460CCB2846FCF7F1
:1039300066FDDFE782B0F0B587B005469DF85070B0
:103940000D93742F16461398DDE911210FAC0DABC2
:103950001ED00ED8642F2DD0CDE90310029294E82A
:1039600003008DE8030031460CCB284601F03BF9FB
:103970001AE0772F2BD0CDE90310029294E80300D0
:103980008DE8030031460CCB284601F048F90BE0E6
:10399000CDE90310029294E803008DE8030031465C
:1039A0000CCB284601F0CBF8284607B0BDE8F04024
:1039B00002B07047CDE90310029294E803008DE84D
:1039C000030031460CCB284601F0D5F8ECE7CDE9F1
:1039D0000310029294E803008DE8030031460CCBFB
:1039E000284601F0E4F8DFE782B02DE9F0438FB01C
:1039F00016461E9A179305469DF86C10DDE91C08C3
:103A000019AB17AC9AB1CDE90482CDE9021093E865
:103A100003008DE80300314694E80C002846FCF7CB
:103A2000CEFB28460FB0BDE8F04302B0704708AFA8
:103A3000CDE90487CDE9021093E803008DE8030087
:103A40000DF1280C0DF11809CDE908C28DF82820D8
:103A5000314694E80C004846FCF7D0FB99E8030097
:103A6000D8F8003084E803001BB91F983946FFF7E7
:103A70003FFA94E8030085E80300384609F0D7FFD1
:103A8000CFE782B02DE9F0438FB016461E9A179308
:103A900005469DF86C10DDE91C0819AB17AC9AB10E
:103AA000CDE90482CDE9021093E803008DE803001C
:103AB000314694E80C00284600F05BFF28460FB022
:103AC000BDE8F04302B0704708AFCDE90487CDE907
:103AD000021093E803008DE803000DF1280C0DF1AE
:103AE0001809CDE908C20A92314694E80C0048460C
:103AF00000F05EFF99E80300D8F8003084E8030086
:103B00001BB91F983946FFF7C9F994E8030085E807
:103B10000300384610F03DFAD0E70000F8B5B14A8E
:103B20000C466FF00103B049054610F0D1FC064683
:103B300010B104682046F8BDAC4B9C422AD1142039
:103B4000F6F781FE04466820F6F77DFEA84B036079
:103B5000A84B46600746C0E90266C0E90566C0E9B1
:103B600007660674868480F864602360A06031462E
:103B700020466660F8F74EF86B68E56001336B60CD
:103B80009D4B236027613A4629464FF00000F9F724
:103B90007BFFCFE7994B9C4210D11020F6F753FEE4
:103BA000974B036046600446F6F71CFF6B68C4E958
:103BB000020501336B60934B2360BBE7924B9C4241
:103BC0000AD10C20F6F73FFE6B6801336B60C0E949
:103BD00001658E4B0446EFE78D4B9C420AD10C20C9
:103BE000F6F731FE6B6801336B60C0E90165894B04
:103BF0000446E1E7884B9C420AD10C20F6F723FEED
:103C00006B6801336B60C0E90165844B0446D3E700
:103C1000834B9C4230D11420F6F715FE0446442015
:103C2000F6F711FE7F4B0682C0E900367E4B8674A4
:103C30000746C0E90266C0E90566C0E90766C0E953
:103C40000966C0E90B66466380F843602360A060A4
:103C50003246314620466660F7F73CFC6B68E5600B
:103C600001336B60714B236027613A4629464FF060
:103C70000000F9F7B7FF5DE76D4B9C4230D114208F
:103C8000F6F7E1FD04464420F6F7DDFD694B0682B8
:103C9000C0E90036684B86740746C0E90266C0E991
:103CA0000566C0E90766C0E90966C0E90B664663B8
:103CB00080F843602360A06032463146204666604B
:103CC000F7F74CFC6B68E56001336B605B4B23607E
:103CD00027613A4629464FF00000F9F7D8FF29E757
:103CE000574B9C420CD11420F6F7ADFD31460446EB
:103CF000FCF7DAFB6B68256101336B60514B5BE7C6
:103D0000514B9C422CD11420F6F79DFD04464FF4F4
:103D10009470F6F798FD4D4B036000214C4B4160C9
:103D20000646C0E90211C0E90511C0E90711C0E962
:103D30000911017480F8241161602360A06020469D
:103D4000F7F7D0FF6B68E56001336B60414B236090
:103D50002661324629464FF00000F9F7D2FEE9E627
:103D60003D4B9C4210D11020F6F76DFD00234360BF
:103D70003A4B03600446F6F735FE6B6801336B601F
:103D8000C4E90205364B17E7364B9C420BD10C2099
:103D9000F6F759FD0023C0E901356B6801336B600C
:103DA0000446314B08E7314B9C420BD10C20F6F70F
:103DB0004AFD0023C0E901356B6801336B6004469E
:103DC0002B4BF9E62B4B9C4258D10C20F6F73BFDD0
:103DD0000023C0E901356B6801336B600446264B54
:103DE000EAE600BFA029070800190708B4D2012499
:103DF00030210708E42F070870360708A8D20124ED
:103E0000C82F070894360708B0D20124583807088D
:103E1000C4D2012418370708C0D20124303707085C
:103E2000B8D20124F020070808300708B036070888
:103E3000BCD20124002107083C300708E4360708FB
:103E4000ACD2012448370708F4D2012440210708E6
:103E5000E43A070864370708E8D20124C83A07089B
:103E600088370708F0D201248438070804D30124D6
:103E70000C38070800D30124243807083E4B9C4225
:103E800031D11420F6F7DFFC04467020F6F7DBFC96
:103E90003A4B036000223A4B42600646C0E90222D8
:103EA000C0E90522C0E90722C0E90922C0E90B22C6
:103EB000C0E90D220274C26380F86C206260236046
:103EC000A06011462046F7F7C1FB6B68E56001333F
:103ED0006B602C4B23602661324629464FF0000070
:103EE000F9F72AFF26E6284B9C4231D11420F6F739
:103EF000AAFC04467020F6F7A6FC244B03600022BF
:103F0000234B42600646C0E90222C0E90522C0E90F
:103F10000722C0E90922C0E90B22C0E90D22027480
:103F2000C26380F86C2062602360A0601146204666
:103F3000F7F7D4FB6B68E56001336B60154B2360CA
:103F40002661324629464FF00000F9F74AFFF1E5B5
:103F5000114B9C420CD11420F6F775FC002104464D
:103F600000F07AFE6B68256101336B600B4B23E632
:103F70000B4803F0B8F800BFF8D20124102107085D
:103F8000083B0708A4370708FCD2012420210708B2
:103F90003C3B0708D8370708ECD201243C38070817
:103FA000320B07088B6910B5044613B9044803F0B7
:103FB0009AF8D1E90012FEF74BFF204610BD00BF72
:103FC0005F0B070882B02DE9F0478AB004461899C4
:103FD0009DF85480DDF858909DF85CA01393154629
:103FE00013AEB1B104AF3846FFF7DCFFCDE902A74D
:103FF000CDE90089204696E80C002946FCF733F904
:10400000384609F014FD20460AB0BDE8F04702B07A
:104010007047CDE9019ACDF8008096E80C0029465A
:10402000FCF70BF9EFE710B58AB0044600930020C7
:104030001346C968099003AAF9F7B4FD03A92046FD
:10404000FFF7B0FF03A8F9F7BEFC20460AB010BD89
:104050002DE9F0479AB00AAE86E80C000DF14C0845
:104060000023CDE9063819930C930CAB0593259BDF
:1040700004939DF89030039322AA8C46074692E859
:10408000030001AB279C83E803000B9B009308AD62
:104090000A9BDCF808204FF000012846FAF724F8C4
:1040A00095E803000C9B86E80300002B3DD14146B8
:1040B0000DA8FFF777FF0DA809F091FCDDF838A0F7
:1040C0000546F0B1BAF1000F04D00D9920685246B0
:1040D00009F0DEFC0E9B226863600021D1540D9A2A
:1040E00000230E930DA8137009F0A1FC96E80300BD
:1040F00087E803004046F9F766FC38461AB0BDE889
:10410000F087204609F06BFC10B92568D4F80890B8
:104110000D9AC4E9002A0F9AA2601DB10D95CDF841
:104120003C90DCE70FAB0D93D9E7269A1360DDE7EF
:1041300030B58DB00446119800250B954568039560
:10414000006802901098CDE900301346096905AA6D
:104150004FF00000F9F7C2FE05A92046FFF722FF45
:1041600005A8F9F730FC20460DB030BD8B6910B5BD
:10417000044613B9044802F0B6FFD1E90012FEF775
:104180003FFE204610BD00BF5F0B070882B02DE93F
:10419000F0478AB0DDE9169A18999DF85480139378
:1041A0000446154613AEB1B104AF3846FFF7DEFF43
:1041B000CDE902A7CDE90089204696E80C00294602
:1041C00000F02AFC38460FF0E4FE20460AB0BDE8B5
:1041D000F04702B07047CDE9019ACDF8008096E82B
:1041E0000C00294600F003FCEFE710B58AB0044646
:1041F000009300201346C968099003AAF9F7E2FC6E
:1042000003A92046FFF7B2FF03A8F9F7DCFB20461D
:104210000AB010BD2DE9F0479AB00AAE86E80C004E
:104220000DF14C080023CDE9063819930C930CAB23
:104230000593259B04939DF89030039322AA8C4606
:10424000074692E8030001AB279D83E803000B9B20
:10425000009308AC0A9BDCF808204FF000012046D0
:10426000F9F78EFF94E803000C9B86E80300002B0F
:104270003CD141460DA8FFF779FF0DA80FF062FE73
:10428000DDF838A00446E8B1BAF1000F04D00D996A
:10429000286852460FF0AFFE0E9928460FF04CFEEC
:1042A0000D9A00230E930DA813600FF072FE96E88E
:1042B000030087E803004046F9F785FB38461AB04B
:1042C000BDE8F08728460FF03DFE10B92C68D5F800
:1042D00008900D9AC5E9002A0F9AAA601CB10D94A6
:1042E000CDF83C90DCE70FAB0D93D9E7269A13602D
:1042F000DDE730B58DB00446119800250B95456873
:104300000395006802901098CDE9003013460969C2
:1043100005AA4FF00000F9F702FE05A92046FFF7B5
:1043200025FF05A8F9F74FFB20460DB030BD836887
:10433000586970478368986970478368586B7047FD
:104340008368986B82B002B070478368D86B82B084
:1043500002B07047836858697047836898697047EE
:104360008368586B70478368986B82B002B070475F
:104370008368D86B82B002B070478368586A704710
:104380008368986A70470020704700207047704724
:104390000020914200D3704751F8043B03EB70605A
:1043A000F7E7000010B5034B03600446F6F7F7FA91
:1043B000204610BD8C3B070810B50446FFF7F2FFFE
:1043C000204610F081F8204610BD000010B5034BC8
:1043D00003600446F6F7E3FA204610BDA43B070845
:1043E00010B50446FFF7F2FF204610F06DF82046A6
:1043F00010BD000010B5034B03600446F6F7CFFA7A
:10440000204610BDBC3B070810B50446FFF7F2FF7D
:10441000204610F059F8204610BD000010B5054B9D
:10442000044640F8083B10F07DFC2046F6F7B7FA4A
:10443000204610BD703B070810B50446FFF7EEFF9D
:10444000204610F041F8204610BD000010B5054B85
:10445000044640F8083B10F065FC2046F6F79FFA4A
:10446000204610BDC83A070810B50446FFF7EEFF16
:10447000204610F029F8204610BD73B5531A164691
:104480000C2B4FEAA30204460D46019206D90022E6
:1044900001A90FF05DFD019B2060A36020683246FA
:1044A00029460FF0F0FD019920460FF045FD02B0BE
:1044B00070BDD0E902218A4202D204328260704784
:1044C00003689B6A1847436E0B60836E4B60C36E34
:1044D0008B60036FCB60436F0B61836F4B61C36F66
:1044E0008B61D0F88030CB61D0F884300B62D0F88B
:1044F00088304B62D0F88C308B62D0F89030CB6231
:104500007047D0F894300B60D0F898304B60D0F8FA
:104510009C308B60D0F8A030CB60D0F8A4300B6119
:10452000D0F8A8304B61D0F8AC308B61D0F8B03007
:10453000CB61D0F8B4300B62D0F8B8304B62D0F811
:10454000BC308B62D0F8C030CB62704738B500F118
:104550000803054603600C4611B9074802F0C3FD85
:10456000084613F080FD214604EB80022846BDE892
:104570003840FFF782BF00BF6E0C070810B58B688C
:104580000446D969FFF7E2FF204610BD10B58B68DD
:1045900004465969FFF7DAFF204610BD10B58B6855
:1045A0000446D96AFFF7D2FF204610BD10B58B68CC
:1045B0000446596AFFF7CAFF204610BD10B58B6844
:1045C0000446D969FFF7C2FF204610BD10B58B68BD
:1045D0000446D96AFFF7BAFF204610BD10B58B68B4
:1045E0000446596AFFF7B2FF204610BD10B58B682C
:1045F0000446D969FFF7AAFF204610BD00F1080361
:1046000073B5044603600D4611B90F4802F06BFD07
:104610000846DBF7C5FE0F2805EB0006019007D919
:10462000002201A9204609F0E1F9019B2060A36066
:1046300032462946206809F073FA019B22686360BC
:104640000021D15402B070BD6E0C070810B58B6804
:1046500004469968FFF7D2FF204610BD10B58B685D
:1046600004469968FFF7CAFF204610BD10B58B6855
:1046700004469968FFF7C2FF204610BD07B50092B7
:104680000B46002241680FF07BFD03B05DF804FB90
:1046900008B54368C3F17F6303F57F2303F6FF7317
:1046A0009A4202D9034802F021FDBDE808400FF00C
:1046B00057BE00BFE40A07082DE9F0410746164837
:1046C000F6F710FA3B68D3F80C8058F820500646ED
:1046D000F5B97020F6F7B7F8104B45600446C0E90D
:1046E0000255C0E90555C0E90755C0E90955C0E9BB
:1046F0000B55C0E90D5503600574C56380F86C5017
:1047000039460AF0ABFC386832462146F6F7A4FA7F
:1047100058F82600BDE8F081FCD2012420210708CA
:104720004368994270B50646154604D90A460A48B8
:104730000A4902F0E1FC6A1C04D10368716000229E
:104740005A5470BD002DFCD05A1AAA4228BF2A46DE
:10475000BDE8704009F0E9B97A0B0708DC0B0708DF
:104760002DE9F04107461648F6F7BCF93B68D3F847
:104770000C8058F820500646F5B97020F6F763F81B
:10478000104B45600446C0E90255C0E90555C0E933
:104790000755C0E90955C0E90B55C0E90D5503603F
:1047A0000574C56380F86C5039460AF011FD38680D
:1047B00032462146F6F750FA58F82600BDE8F08157
:1047C000F8D201241021070810B40468E46AA44652
:1047D0005DF8044B604710B504460068FFF769FEBA
:1047E0004FF0FF33636010BD0B4611461A460BB104
:1047F00013F044BC1846704737B51D4643689942CC
:1048000004D90A460548064902F076FC134600958D
:1048100000220FF0B5FC03B030BD00BF7A0B0708D3
:10482000A00C07082DE9F0471C4686B000F10803EC
:104830001646036002AA0023C0E90133CDE9002334
:1048400005462246684688463146FFF716FEDDE9F2
:10485000007307EB8309234BA41B9C424FEA6406B9
:1048600094BFB0004FF0FF300FF0A0FE6FF0604A31
:1048700004463A4633462146404610F0A3FB8642A2
:10488000024613D8461C14B120460FF01FFE5645B1
:1048900034BFB0004FF0FF300FF088FE3A460146BB
:1048A00004463346404610F08DFB0246214628461A
:1048B000FFF7EEFE384613F0D6FB07EB800081458C
:1048C00005D0071D002128460FF040FCD1E714B1A8
:1048D00020460FF0FBFD68460FF05BFB284606B054
:1048E000BDE8F087FCFFFF3F2DE9F0438DB00025C8
:1048F0001C46804602AB684600930195FFF7BDFD5C
:1049000008AB149A214606A8CDE90635FFF7B5FD98
:10491000DDE90097DDE9065609EB870705EB86061A
:104920002A464946404610F042FB044678B94846BC
:1049300013F099FB09EB8009284613F094FB4F45CF
:1049400005EB80040DD1341B18BF4FF0FF3406A8CF
:104950000FF01FFB68460FF01CFB20460DB0BDE8B2
:10496000F083A64203D009F10409251DD8E70124EC
:10497000EDE7F0B589B006AE86E80C00139A0B6837
:104980000592129A0492119A03929DF84020029285
:104990000EAA04460D4692E803008DE80300204667
:1049A0009F68294696E80C00B847204609B0F0BD3C
:1049B000F0B589B006AE86E80C00139A0B68059234
:1049C000129A0492119A03929DF8402002920EAA24
:1049D00004460D4692E803008DE803002046DF6898
:1049E000294696E80C00B847204609B0F0BD70B5DE
:1049F00086B004AC84E80C000C9A02920B9A0192E7
:104A00000B689DF8282000929E6894E80C000546EB
:104A1000B047284606B070BD70B586B004AC84E8D7
:104A20000C000D9A03920C9A02920B9A01920B6859
:104A30009DF828200092DE6894E80C000546B047F7
:104A4000284606B070BD03689B6818470368DB689A
:104A5000184710B50B6804461B699847204610BDDF
:104A600010B50B6804465B699847204610BD10B529
:104A70000B6804469B699847204610BD10B50B682B
:104A80000446DB699847204610BD03681B6A184737
:104A900003685B6A82B002B0184703689B6A82B001
:104AA00002B0184703689B6818470368DB6818471B
:104AB00010B50B6804461B699847204610BD10B519
:104AC0000B6804465B699847204610BD10B50B681B
:104AD00004469B699847204610BD10B50B680446F4
:104AE000DB699847204610BD03681B6A18470368B6
:104AF0005B6A82B002B0184703689B6A82B002B05A
:104B0000184703689B6818470368DB68184710B5A7
:104B10000B6804461B699847204610BD10B50B680A
:104B200004465B699847204610BD10B50B680446E3
:104B30009B699847204610BD03689B681847F0B5ED
:104B400089B006AE86E80C00129A0B680492119A9E
:104B50000392109A02920EAA04460D4692E80300B0
:104B60008DE803002046DF68294696E80C00B84728
:104B7000204609B0F0BDF0B589B006AE86E80C005D
:104B8000129A0B680492119A0392109A02920EAA3A
:104B900004460D4692E803008DE8030020461F6995
:104BA000294696E80C00B847204609B0F0BDF0B59C
:104BB00089B006AE86E80C00129A0B680492119A2E
:104BC0000392109A02920EAA04460D4692E8030040
:104BD0008DE8030020465F69294696E80C00B84737
:104BE000204609B0F0BDF0B589B006AE86E80C00ED
:104BF000129A0B680492119A0392109A02920EAACA
:104C000004460D4692E803008DE8030020469F69A4
:104C1000294696E80C00B847204609B0F0BDF0B52B
:104C200089B006AE86E80C00129A0B680492119ABD
:104C30000392109A02920EAA04460D4692E80300CF
:104C40008DE803002046DF69294696E80C00B84746
:104C5000204609B0F0BD0000003910B5054B0360D7
:104C600018BF012141600446F5F7BCFEA060204654
:104C700010BD00BF703B070803689B68184773B5F9
:104C8000079E01960D68069E0096ED680446A847AB
:104C9000204602B070BD03681B69184710B4046851
:104CA000A468A4465DF8044B604738B50D68044617
:104CB000ED68A847204638BD03689B681847F7B5DC
:104CC0006D4685E806009DF80460089F0446194675
:104CD00036B900983A4608F06AFE874218BF0126A6
:104CE0008DF8046095E8030084E80300204603B0D3
:104CF000F0BD00002DE9F04F97B004A9DDF88080E9
:104D0000039008F16C04204681E80C00229F09F012
:104D100071FF05462046FFF723FD3E68036C3268AD
:104D20009A4204467B6842D0D0E909B9826B079267
:104D30002A682846576906EB830332460421B847A0
:104D4000851BAD100295002D00F0BF800CAB002735
:104D500069000AA8CDE90B770A930FF0DCF9626BC2
:104D6000A5EB020ABA452FDDE168BA42A8BF554655
:104D70000B9A002962D0394600976B000AA80FF001
:104D8000FFF906EB8503CDE900630A9FA169D4E929
:104D9000022338460AF043F80B9BC01BB3EBA00F6D
:104DA0004FEAA0020BD25E495E4802F0A5F9C26B41
:104DB0000792D0E90BB9002BBAD00436B8E71146F8
:104DC0000AA80FF0B9F8AA46626B002A0CDD6169E7
:104DD0000AA80FF0BBF9BAF1000F35DB626B06EBE6
:104DE0008A010AA8FFF754FCD8F80C5005F0B0036C
:104DF000029315F400750B9B18BF256A4B441D44A4
:104E0000002612AB690010A81093CDE911660FF0CF
:104E100082F9029BD8F80870102B03D1BD422CBF39
:104E2000002601264FF0000A07AB13F80A30042BC6
:104E30001CD8DFE803F06B6212565F000095334622
:104E40000AA80FF041FABEE7626CCAF100010AA895
:104E5000FFF714FC029A3146C3E7D8F80C309B05E3
:104E600004D5D4E9071210A8FFF712FC0AF1010AD1
:104E7000BAF1040FD8D1B9F1010F06D909F1FF3207
:104E80000BF1040110A8FFF703FC11998F4209D917
:104E9000029B202BA7EB01013BD1219A10A8FFF721
:104EA000EDFB394608AC109B00912046DDE9041269
:104EB000FFF705FF94E80300049010A88DF8141084
:104EC0000FF067F80AA80FF064F8DDE90401002389
:104ED000C8F80830039B83E80300184617B0BDE804
:104EE000F08FB9F1000FC1D0DBF8001010A80FF05F
:104EF0002DF9BBE7DDE90A12B5E72EB1219A791B3E
:104F000010A8FFF7BBFBB1E72199EFE7002EADD06A
:104F1000F4E70A46219B002110A8FFF76DFCC0E7CB
:104F2000DC0B07087A0B07082DE9F04F97B004A9AE
:104F3000DDF88080039008F16C04204681E80C00C5
:104F4000229F09F057FE05462046FFF7B5FB3E6855
:104F5000036C32689A4204467B6842D0D0E909B9B2
:104F6000826B07922A682846576906EB830332460C
:104F70000421B847851BAD100295002D00F0BF80BD
:104F80000CAB002769000AA8CDE90B770A930FF054
:104F9000C2F8626BA5EB020ABA452FDDE168BA429E
:104FA000A8BF55460B9A002962D0394600976B007E
:104FB0000AA80FF0E5F806EB8503CDE900630A9F28
:104FC000A169D4E90223384609F029FF0B9BC01BD5
:104FD000B3EBA00F4FEAA0020BD25E495E4802F08D
:104FE0008BF8C26B0792D0E90BB9002BBAD004360C
:104FF000B8E711460AA80EF09FFFAA46626B002A86
:105000000CDD61690AA80FF0A1F8BAF1000F35DBD9
:10501000626B06EB8A010AA8FFF73AFBD8F80C503E
:1050200005F0B003029315F400750B9B18BF256AB9
:105030004B441D44002612AB690010A81093CDE923
:1050400011660FF068F8029BD8F80870102B03D196
:10505000BD422CBF002601264FF0000A07AB13F813
:105060000A30042B1CD8DFE803F06B6212565F0095
:10507000009533460AA80FF027F9BEE7626CCAF123
:1050800000010AA8FFF7FAFA029A3146C3E7D8F8F6
:105090000C309B0504D5D4E9071210A8FFF7F8FAE5
:1050A0000AF1010ABAF1040FD8D1B9F1010F06D9FA
:1050B00009F1FF320BF1040110A8FFF7E9FA119989
:1050C0008F4209D9029B202BA7EB01013BD1219AEA
:1050D00010A8FFF7D3FA394608AC109B0091204680
:1050E000DDE90412FFF7EBFD94E80300049010A83B
:1050F0008DF814100EF04DFF0AA80EF04AFFDDE9FE
:1051000004010023C8F80830039B83E80300184615
:1051100017B0BDE8F08FB9F1000FC1D0DBF8001077
:1051200010A80FF013F8BBE7DDE90A12B5E72EB1BE
:10513000219A791B10A8FFF7A1FAB1E72199EFE7AF
:10514000002EADD0F4E70A46219B002110A8FFF7FE
:1051500053FBC0E7DC0B07087A0B07082DE9F04F7B
:105160002DED028BB0EE408B91B004AF07F1080437
:1051700084E80C007B6E97F860B00546884607F11E
:10518000140003F16C01F5F715FC07F1140009F0A8
:1051900031FD90B08146F5F725FC04AE4FF0000AD2
:1051A000B86131468DED028B294BCDF800A040222D
:1051B00007F11800FAF7A4FF3F28014616DD083171
:1051C00021F00701ADEB010D421C7A60F5F70AFCF6
:1051D00004AEB8618DED028BCDF800A031461C4BBA
:1051E0007A6807F11800FAF78BFF014607F12003F0
:1051F000002207F11800BB6179600EF025FF796885
:10520000BB69721848463146FFF7DEFA07F118030A
:105210000293BB6E01937B6E009394E80C004146B1
:105220002846BBF1000F10D0FFF764FD07F118000E
:105230000EF0AFFE07F11400F5F72EFC28463437C8
:10524000BD46BDEC028BBDE8F08FFFF76DFEEDE7CC
:10525000B70C0708F0B587B004AC84E80C00DDE9B2
:105260000D320F9E9DF830700093CDE90126054662
:1052700094E80C0027B1FFF73DFD284607B0F0BDCC
:10528000FFF752FEF9E703681B6B184703681B6AB8
:10529000184703689B69184703689B6A184710B54D
:1052A0000446D0E9003043B1421C06D1184608F04C
:1052B00075FB431C04BF0023236010BD38B50D46A9
:1052C000FFF7EDFF04462846FFF7E9FF431C58426D
:1052D00004F10102584154425441011B48424841E3
:1052E00038BD08B5FFF7EAFF80F00100C0B208BD85
:1052F0002DE9F74F0546DDE912076C466C3084E86E
:105300000C00DDF840A009F075FC4FF00009804664
:105310004E464FF00A0B0CA92046FFF7E2FF70B192
:10532000119B9E420BD02046FFF7B9FF2A2201466F
:105330004046FFF7A8FF3038C2B2092A10D9C6B1DB
:105340000F9A914515DBD14513DC0E9AC2F80090F7
:1053500094E8030085E80300284603B0BDE8F08F19
:105360000BFB0909D145EADC2046FFF734FA013688
:10537000D1E73B6843F004033B60E9E72DE9F04FD8
:105380008DB000AF07F12006B861F86E6C3086E88A
:105390000C0009F02FFCBB6E6A46A2EBC3039D46CE
:1053A000DB087B61BB6E9B003B61BB6E0546E8463C
:1053B00007F15801304608EB8309FFF792FF0446D6
:1053C00028B90026012C39D840F07A8160E13046B6
:1053D000FFF765FF044601462846FFF757FF2146C1
:1053E00006462846FFF755FF4FF0000B82465C4605
:1053F000BB6E9B45E5D07B6E53F82B302846196871
:10540000FFF744FFB0420FD1A300FB617B6E53F85E
:105410002B0012F028FEFB6949F8240048F803B07D
:1054200001340BF1010BE3E77B6E53F82B30284678
:105430001968FFF72EFF5045F3D1E5E7CB4609EB9E
:1054400084005BF8043BFB625B461A46F96AD2F8BB
:1054500000C08C4507F12C0128BF0A460433D2F85E
:1054600000A0C7F82CA09842EFD1013607F1200028
:10547000FFF7B1F9B2452CD107F1580107F120002F
:10548000FFF72FFF824600285ED14FF0000A00236D
:1054900059F82320911B4A424A41524509BF04F161
:1054A000FF34013358F8242048F8232004BF59F86A
:1054B000242049F82320A342EAD3BAF1000F00F0D8
:1054C0008580D9F80030012107F12C0CA142FB6244
:1054D00072D3FB6AB34240F2D68007F1580107F15C
:1054E0002000FFF7FEFE002800F0CD8007F120002D
:1054F000FFF7D5FE01462846FFF7C8FEF86007F122
:105500002000FFF7CCFE01462846FFF7C2FEB3009D
:10551000B860FB614FF0000A54457FF653AF7B6ED5
:1055200058F82A2053F82220FB697A60D15828467F
:10553000FFF7ACFEFB687A6898424FEA8A0B40F0AE
:105540008F800AF1010AE7E707F12000FFF7A7FEC5
:1055500001462846FFF79AFEF86007F12000FFF7A2
:105560009EFE01462846FFF794FEB300FB61B8603B
:105570000023796E58F8232051F8222059F823107F
:10558000B14203D801339C42F3D17EE73B60FB6913
:105590007A60D1582846FFF779FEFB6898423FF4BD
:1055A00076AFFB697A682846D158FFF772FEBB6870
:1055B00098423B68E6D16AE75A4601311068834257
:1055C00098BF62460BF1040B13687FE7022C65D18C
:1055D000BB6EDB0774D4D8F80030B86EBA6EB3EB8C
:1055E000500F4FEA5201D8F804202DD20B449342B9
:1055F00066D1D7E90432D8F8004053F832807B6E88
:1056000053F8243003EB8609464560D207F1580170
:1056100007F12000FFF765FE002851D059F8041B60
:105620002846FFF733FE824607F12000FFF737FEDA
:1056300001462846FFF72AFE824531D107F12000B6
:10564000FFF7C9F80136DFE75B1A934238D1D7E993
:105650000421C8F80030D9F8043042F83130C8E7E6
:10566000FB692846D158FFF714FEBB6898423FF407
:1056700068AF013C58F8242048F80B2059F8242042
:1056800049F80B2048E70023012C19D1002BB0D199
:1056900007F12000FFF79FF80136AAE70123F3E79F
:1056A00059F8041C2846FFF7F4FD824607F1200054
:1056B000FFF7F5FD01462846FFF7EBFD8245BDD01B
:1056C0003B6F3A6F1B6843F00403136002E0F7D1AD
:1056D0003B6E1C60D7E90801BB69343783E80300DF
:1056E0001846BD46BDE8F08F2DE9F04F85B000AFFC
:1056F0008046F86CD7F844A007F108096C3089E8B7
:105700000C0009F077FABB6C78606A46A2EBC30321
:105710009D4607F1380148466C46FFF7E2FD002838
:1057200000F084804846FFF7BAFDBA6C00260346B5
:105730004FEA420B3546B34537D8002D76D0484660
:10574000FFF749F8AB00073323F00703ADEB030D78
:10575000E946002654F826305AF8230012F083FC5C
:1057600049F826000136B542F4D1012507F1380188
:1057700007F10800FFF7B5FD48BB012E5AD1D9F853
:105780000030AB425FD1BA6C23689342A8BF9B1A2A
:105790003A6C136007F1100313E90300143788E82B
:1057A00003004046BD46BDE8F08F5AF82610096850
:1057B000994204D144F8256001350136BBE7786889
:1057C0003B60FFF766FD3B689842F6D1F2E707F1D0
:1057D0000800FFF764FD002386464FEA850B194653
:1057E0009E4207D88E42C8D007F10800FEF7F3FFAB
:1057F0000135BBE759F82320AA424FEA830C09EB95
:10580000830002D801310133EAE754F823205AF823
:10581000222052F80B207245F5D0013E54F8262084
:1058200044F80C2059F826200260D9E700263546B6
:10583000B1469BE7022E06D1D9F80030AB42A2D088
:10584000D9F804309DE73B6D3A6D1B6843F00403C3
:105850009FE700002DE9F04FABB08B46369D0B90D3
:1058600005F16C060EA9304681E80C00DDF8E0A0D9
:105870003A9C09F0CDFA0990304609F0BBF981460F
:10588000399812F0F0FB00230A90109334A90EA867
:105890000893FFF726FDDDF84080002800F07A84A9
:1058A000089B0A9A934280F07584B8F1000F00F0CB
:1058B0008484379B379A1B6843F00403136000F01D
:1058C00072BC0233B168089300224846FFF7DBFC44
:1058D00000F092BC099B9B68DA6A12921A6B1392D1
:1058E0005A6B14929A6B1592DA6B16921A6C179285
:1058F0005A6C18929A6C1992DA6C1A921A6D1B9261
:105900005A6D1C929A6D1D92DA6D1E921B6E1F933A
:1059100010ABCDE905530E23049312AB039311ABE7
:10592000029334AB93E803008DE803000CAF0EAE96
:1059300096E80C0059463846FFF720FD97E803002B
:10594000109B86E80300002B3CD1119A072392FBA1
:10595000F3F3C3EBC303D21ACAF81820237843F039
:105960000203E0E0099B12AA98681146FEF7ABFD1E
:105970001EA9FEF7C6FD10ABCDE905531823CDE9EE
:10598000032311AB029334AB93E803008DE80300CB
:105990000CAF0EAE96E80C0059463846FFF7EEFC09
:1059A00097E80300109B86E803005BB9119B0C226B
:1059B00093FBF2F102FB1133CAF81030238843F451
:1059C00081632380089B013360E7099B06949B68F1
:1059D0009B6905930CAF10ABCDE90253CDF810A035
:1059E00034AB93E803008DE803000EAE96E80C009C
:1059F00059463846FFF72EFF97E80300109B86E8CC
:105A00000300002BDED1637843F0040377E110AB91
:105A1000CDE906534FF002086323CDE90438002393
:105A2000039311AB029334AB93E803008DE80300BA
:105A30000CAF0EAE96E80C0059463846FFF758FCFE
:105A400097E80300109B86E80300002BBAD1119B56
:105A50006360238843F49063B3E70EA8FFF71FFC4D
:105A6000082102464846FFF727F910B10EA8FEF7B5
:105A7000B2FE10ABCDE906534FF0020E1F23CDE965
:105A8000043E0123039311AB029334AB93E803006C
:105A90008DE803000CAF0EAE96E80C005946384670
:105AA000FFF726FC97E80300109B86E80300002B15
:105AB00088D1119BCAF80C30238843F4826380E7B5
:105AC000B84A12AE3346A2F109014846FEF77CFE01
:105AD0000CAFCDE905647EE710ABCDE906534FF07E
:105AE000020C1723CDE9043C0023039311AB02936E
:105AF00034AB93E803008DE803000CAF0EAE96E8DC
:105B00000C0059463846FFF7F3FB97E80300109A5C
:105B100086E80300002A7FF455AF119BCAF80830CD
:105B2000237862F3000323704CE710ABCDE90653F2
:105B30000C270223CDE904730123039311AB0293D5
:105B400034AB93E803008DE803000DF130080EAE8E
:105B500096E80C0059464046FFF7CAFB98E8030058
:105B6000109B86E80300002B7FF42CAF119B93FB66
:105B7000F7F207FB1233CAF80830237843F0010329
:105B8000D1E710ABCDE9065303264FF4B773CDE947
:105B900004360123039311AB029334AB93E8030063
:105BA0008DE803000CAF0EAE96E80C00594638465F
:105BB000FFF79EFB97E80300109B86E80300002B8D
:105BC0007FF400AF119B013BCAF81C30237843F0EF
:105BD0000403A8E710ABCDE9065302200C23CDE95E
:105BE00004300123039311AB029334AB93E8030019
:105BF0008DE803000CAF0EAE96E80C00594638460F
:105C0000FFF776FB97E80300109B86E80300002B64
:105C10007FF4D8AE119B013BCAF81030237843F0D3
:105C2000080380E710ABCDE9065302213B23CDE901
:105C300004310023039311AB029334AB93E80300C8
:105C40008DE803000CAF0EAE96E80C0059463846BE
:105C5000FFF74EFB97E80300109B86E80300002B3C
:105C60007FF4B0AE119BCAF80430ABE634A90EA89D
:105C7000FFF737FB00283FF4A5AE0EA8FFF70FFB98
:105C8000082102464846FFF717F800283FF49AAE6D
:105C90000EA8FEF7A0FDE9E7099B9B681A6A12921D
:105CA00012685B6A1393002A3FF48CAE1B68002BCA
:105CB0003FF488AE10ABCDE905530223049312AB39
:105CC000039311AB029334AB93E803008DE8030018
:105CD0000CAF0EAE96E80C0059463846FFF74EFB67
:105CE00097E80300109B86E80300002B7FF46AAE60
:105CF000119B002B3FF466AE637843F001036370A1
:105D000060E6099B06949B689B6A0CAF059309E0CB
:105D1000254A12AE3346911F4846FEF755FDCDE9A0
:105D200005640CAF10ABCDE90253CDF810A034AB35
:105D300093E803008DE803000EAE5946384696E816
:105D40000C00FFF787FD97E8030086E8030039E6BB
:105D500010ABCDE9065302223C23CDE904320023E7
:105D6000039311AB029334AB93E803008DE8030077
:105D70000CAF0EAE96E80C0059463846FFF7B8FA5D
:105D800097E80300109B86E80300002B7FF41AAE0F
:105D9000119BCAF8003015E6044A12AE3346A2F150
:105DA0000901B9E7C60C0708CC0C0708D50C070891
:105DB00010ABCDE906534FF002083523CDE9043886
:105DC0000023039311AB029334AB93E803008DE8F7
:105DD00003000CAF0EAE96E80C0059463846FFF7AC
:105DE00087FA97E80300109B86E80300002B7FF4F6
:105DF000E9AD119B22681B0403F47C1322F47C128E
:105E000043F0200322F0200213432360DAE510ABB5
:105E1000CDE906534FF0010E0623CDE9043E0023E1
:105E2000039311AB029334AB93E803008DE80300B6
:105E30000CAF0EAE96E80C0059463846FFF758FAFC
:105E400097E80300109B86E80300002B7FF4BAADAF
:105E5000119BCAF8183081E510ABCDE906534FF01D
:105E6000020C3523CDE9043C0023039311AB0293CC
:105E700034AB93E803008DE803000CAF0EAE96E858
:105E80000C0059463846FFF733FA97E80300109B99
:105E900086E80300002B7FF495AD119B22681B045C
:105EA00003F47C1322F47C1243F0400322F04002FE
:105EB000AAE7099B06949B680CAF9B6826E7099BA1
:105EC00006949B680CAF1B6920E710ABCDE9065325
:105ED00002266323CDE904360023039311AB02931A
:105EE00034AB93E803008DE803000CAF0EAE96E8E8
:105EF0000C0059463846FFF7FBF997E80300109B62
:105F000086E80300002B7FF45DAD637823F0060381
:105F100043F00603637034A93046FFF7E2F9002826
:105F20003BD03046FFF7BBF92A2201464846FFF72F
:105F3000AAF9A0F130085FFA88F3092B2DD8304672
:105F4000FEF749FC119B0A2707FB038334A930465F
:105F50001193FFF7C6F9A0B13046FFF7A0F92A2246
:105F600001464846FFF78FF9A0F130085FFA88F341
:105F7000092B06D83046FEF72EFC119B07FB038346
:105F80001193119BA3F26C731193637823F00203B6
:105F90006370119BCAF8143014E5119B442BDCBFCD
:105FA00064331193F5E710ABCDE90653042042F2B8
:105FB0000F73CDE904300023039311AB029334AB8C
:105FC00093E803008DE803000CAF0EAE96E80C00DA
:105FD00059463846FFF78CF997E80300109B86E88E
:105FE0000300002B7FF4EEAC119BA3F26C73CAF894
:105FF0001430637823F0060306E50EA8FFF74FF987
:10600000012102464846FEF757FE00287CD010AB1F
:10601000CDE905530E230493CF4B039312AB0293A8
:1060200034AB93E803008DE803000CAE0EAB0CCB51
:1060300059463046FFF7A2F996E803000EAB83E815
:10604000030034A91846FFF74CF900283FF4BAAC16
:10605000109B129A13437FF4B5AC0EA8FFF71FF9FB
:106060002D2106464846FFF717F9B04236D110AF4A
:1060700017230222CDE90432CDE90657002303930A
:1060800012AB029334AB93E803008DE803000CAE2F
:106090000DF1380898E80C0059463046FFF728F90A
:1060A00096E803003B2388E803000221CDE9043190
:1060B000CDE906570023039312AB029334AB93E868
:1060C00003008DE803005946304698E80C00FFF7BE
:1060D0000FF996E8030088E8030073E40EA8FFF7C1
:1060E000DEF82B2106464846FFF7D6F8B0427FF48B
:1060F00069ACBCE70EA8FFF7D2F825210646484652
:10610000FFF7CAF8B04241D0109B43F0040310934C
:1061100058E4399B089A082153F822204846FEF794
:10612000CBFDA8B134A90EA8FFF7DBF800283FF497
:1061300049AC0EA8FFF7B3F8082102464846FEF71F
:10614000BBFD00283FF43EAC0EA8FEF744FBE9E798
:10615000399B4846D959FFF799F806460EA8FFF72C
:106160009EF801464846FFF791F886420ED0399BCB
:106170004846D959FFF78DF806460EA8FFF78FF865
:1061800001464846FFF785F88642BCE70EA8FEF7B1
:1061900022FB17E4B8F1000F7FF48BAB089B0A9A3F
:1061A00093427FF486AB0EAB93E803000B9B83E82E
:1061B000030018462BB0BDE8F08F089B089A089999
:1061C0009F00399B484603EB820653F82110424654
:1061D000FFF759F825289CD1716842464846FFF7D9
:1061E00052F84528089BCDF844803FF46AAB4F280D
:1061F0003FF467AB013308932538542884D801A3B2
:1062000053F820F0F56004080961040809610408E6
:1062100009610408096104080961040809610408A6
:106220000961040809610408096104080961040896
:106230000961040809610408096104080961040886
:106240000961040809610408096104080961040876
:106250000961040809610408096104080961040866
:106260000961040809610408096104080961040856
:1062700009610408D5580408655904080F5A040830
:10628000C15A040809610408096104080961040885
:10629000D95A04082B5B0408096104080961040841
:1062A00009610408255C04080961040809610408FF
:1062B0000961040809610408115D0408515D0408BE
:1062C000995D0408B15D040809610408595E040879
:1062D000BF5E0408A75F0408FB5F040809610408A7
:1062E00009610408096104080961040809610408D6
:1062F00009610408D558040865590408CB590408F5
:106300005B5A04085B5A040809610408096104081F
:106310006559040809610408835B040809610408DD
:1063200009610408D55B04086D5C04080961040870
:10633000995C040809610408035D04080961040804
:106340006D5C040809610408096104080F5E040813
:10635000B35E0408CB5E0408780000242DE9F04FFA
:106360008FB0DDE91AB70AAC4FF0000A06460BF110
:106370006C0084E80C008846CDF834A008F03AFCA4
:106380000DABCDE906B302226323CDE904320CAB99
:106390000293CDF80CA018AB814693E803008DE87A
:1063A000030008AD94E80C0041462846FEF7A0FF24
:1063B00095E803000D9B84E80300002B51D118A938
:1063C0002046FEF78EFF002846D02046FEF767FFE6
:1063D0002A2201464846FEF756FFA0F13005EBB2EF
:1063E000092B39D82046FEF7F6F90C9B4FF00A0826
:1063F00008FB035518A920460C95FEF772FF98B1CB
:106400002046FEF74CFF2A2201464846FEF73BFF96
:10641000A0F13005EBB2092B06D82046FEF7DBF9D8
:106420000C9B08FB03550C950C9BA3F26C730C930F
:106430001C9B0C9A5A6118A92046FEF73FFF18B121
:106440003B6843F002033B6094E8030086E80300E6
:1064500030460FB0BDE8F08F0C9B442BE8DC643372
:10646000E5E73B6843F004033B60E4E72DE9F043D4
:106470009DB0DDE926960AAC054609F16C0084E87A
:106480000C00884608F0C4FC83689A6C0E92DA6CA3
:106490000F921A6D10925A6D11929A6D1292DA6DD6
:1064A00013921A6E1492DA6A15921A6B16925A6B3C
:1064B00017929A6B1892DA6B19921A6C5B6C1B9399
:1064C00000230D930DABCDE9059307231A92049396
:1064D0000EAB03930CAB029324AB93E803008DE85F
:1064E000030008AF94E80C0041463846FFF7FCF87B
:1064F00097E803000D9B84E803009BB9289B0C9A46
:106500009A6124A92046FEF7D9FE18B1336843F0FA
:106510000203336094E8030085E8030028461DB0B9
:10652000BDE8F083336843F004033360E9E72DE905
:10653000F043A7B0DDE930960AAC054609F16C00DE
:1065400084E80C00884608F063FC0EAA80681146B7
:10655000FDF7D7FF1AA9FDF7B6FF00230D930DAB8A
:10656000CDE905930C23CDE903230CAB02932EABAD
:1065700093E803008DE8030008AF94E80C0041465F
:106580003846FFF7B1F897E803000D9B84E8030055
:106590009BB9329B0C9A1A612EA92046FEF78EFEFB
:1065A00018B1336843F00203336094E8030085E8D0
:1065B0000300284627B0BDE8F083336843F00403A6
:1065C0003360E9E72DE9F04F91B0DDE91CB70AAC83
:1065D00005460BF16C0084E80C00DDF878A08946D4
:1065E00008F016FC83681A69CDF808B00DAECDE945
:1065F0000526CDE9037A0023CDE90D330F931AABBD
:1066000093E803008DE803000DF1200894E80C00E6
:1066100049464046FFF71EF998E8030084E8030066
:10662000514630460EF0D2FD1AA92046FEF746FE2E
:1066300018B13B6843F002033B6094E8030085E82F
:106640000300284611B0BDE8F08F2DE9F04F91B05E
:10665000DDE91CB70AAC05460BF16C0084E80C00C0
:10666000DDF878A0894608F0D3FB83689A68CDF8F6
:1066700008B00DAECDE90526CDE9037A0023CDE9BA
:106680000D330F931AAB93E803008DE803000DF16F
:10669000200894E80C0049464046FFF7DBF898E8EC
:1066A000030084E80300514630460EF08FFD1AA91E
:1066B0002046FEF703FE18B13B6843F002033B603F
:1066C00094E8030085E80300284611B0BDE8F08F88
:1066D0002DE9F04F95B0DDE920B605460AAC0BF187
:1066E0006C004FF0000884E80C0089469DF88CA0EF
:1066F0009DF8907008F07EFAC6F800802521FEF71C
:10670000CBFD1090002F34D1CDE911A70023CDE9A6
:106710000D330F9310AB0593229BCDF808B0CDE954
:1067200003630DAF06971EAB93E803008DE80300EB
:106730000DF1200894E80C0049464046FFF78AF81E
:1067400098E8030084E80300229938460EF03EFDE5
:106750001EA92046FEF7B2FD18B1336843F00203CC
:10676000336094E8030085E80300284615B0BDE8CF
:10677000F08FCDE9117ACDF84C80C7E72DE9F04FC5
:106780009BB00AA981E80C00DDE9263903F16C040D
:106790000690204608F02EFA04902046FDF7E0FF10
:1067A00000F140030793836A05461BB1036B003B6E
:1067B00018BF0123029310AB0E9300230F938DF8A3
:1067C00040302B7C1BB120210EA807F029FA0026AF
:1067D00016AB202114A8149315968DF8586007F075
:1067E0001FFA05F144030893EB6B0D93B04637464F
:1067F0000396B24601960DAB9B5D042B62D8DFE891
:1068000013F07B0153013000F4000500DFF840B3C2
:1068100024A90AA8FEF765FD03460446002800F0F7
:106820002E810AA80993FEF73AFD0A210246059037
:106830000898FDF7D9FF059A099B002800F00E8102
:10684000079BC41AA410DBF8003014A8195D07F0E8
:1068500002FA7C1C039F0AA8FDF7BDFF0397274699
:10686000D6E7269BDB689A051FD4BAF1010F1CD826
:10687000DEB1012E0BD1029BBBB99DF83430032B46
:1068800013D09DF83630012B0FD00226B3E7022E2D
:1068900040F046819DF83730042B06D0029A002A3A
:1068A00000F03981032B40F038812B6A05934FF0BB
:1068B000000B24A90AA8FEF714FD059B044618B98D
:1068C0009B4511D1012419E09B4517D00AA8FEF77A
:1068D000E6FCEA6952F82B20824205D10AA8FDF7AE
:1068E0007AFF0BF1010BE4E7BBF1000F40F01181DF
:1068F000269BDC6884F40074C4F340240136042E23
:1069000040F0FD80BAF1010F40F21D81002C00F033
:10691000F980019B002B00F00581EC6A012624A977
:106920000AA8FEF7DEFC002840F0FE80B24540F0E9
:10693000E980159B012B11D90022302114A807F002
:106940008FFB024650B1431C08BF159A4FF000015F
:1069500008BF02F1FF3214A8FDF7E2FE019B3BB134
:1069600014990B78302B03D02D2214A807F0E8F9E6
:106970000F9BA3B1B8F1000F00F0E8809DF80C1058
:106980000EA807F068F9D5E902010EAA0EF066FD1F
:1069900028B9D9F8003043F00403C9F80030B8F141
:1069A000000F03D06B6B9F4240F0AC80289814A975
:1069B00007F0A2FA0AAC24A92046FEF77FFC28B112
:1069C000D9F8003043F00203C9F8003094E803001E
:1069D000069B83E8030014A807F029F80EA807F027
:1069E00026F806981BB0BDE8F08FAB6AABB92B6BED
:1069F0003BB324A90AA8FEF774FC044608B30AA80E
:106A0000FEF74DFCEB6A1B6883421AD10AA8D5F841
:106A100030A0FDF7E0FE019470E724A90AA8FEF774
:106A200060FC04460028E2D00AA8FEF738FC6B6A36
:106A30001B688342DBD10AA8D5F828A0FDF7CBFE5E
:106A40005CE7AB6A1BB9029B83F0010456E72B6B32
:106A5000002BF8D1012301931C464FE7696991424D
:106A600008D1B8F1000F05D16A6B002A08DD9846FD
:106A70000446F0E62B7C1BB1AB69934205D00124A0
:106A8000159B002B08BF002438E7B8F1000F07D191
:106A900047B1F9B20EA807F0DEF84446039FDAE6E4
:106AA0004446EDE73C46EBE724A90AA8FEF719FCAB
:106AB000A8B90024032E3FF425AF24A90AA8FEF7A5
:106AC00010FCD8B10AA8FEF7EAFB08210246049898
:106AD000FEF7F2F890B10AA8FDF77DFEEDE70AA8EF
:106AE000FEF7DDFB082102460498FEF7E5F80028D2
:106AF000DFD00AA8FDF76FFE0124DBE70136002C8A
:106B00007FF479AED9F8003043F00403C9F80030BF
:106B100050E70024F2E603266DE6029C0326EEE72A
:106B20000124EFE66C6AF9E6B2453FF402AF0AA829
:106B3000FEF7B5FB54F826308342E3D10AA8FDF7EF
:106B40004AFE0136EBE6002CDCD0F2E6F9B217E79C
:106B5000740000242DE9F04F9BB00AA981E80C00D5
:106B6000DDE9263903F16C040690204608F042F86E
:106B700004902046FDF7A0FD00F140030793836ACF
:106B800005461BB1036B003B18BF0123029310ABFA
:106B90000E9300230F938DF840302B7C1BB12021E6
:106BA0000EA807F03DF8002616AB202114A8149378
:106BB00015968DF8586007F033F805F144030893F3
:106BC000EB6B0D93B04637460396B24601960DAB7C
:106BD0009B5D042B62D8DFE813F07B01530130008A
:106BE000F4000500DFF840B324A90AA8FEF779FBFA
:106BF00003460446002800F02E810AA80993FEF7F8
:106C00004EFB0A21024605900898FDF7EDFD059A16
:106C1000099B002800F00E81079BC41AA410DBF822
:106C2000003014A8195D07F016F87C1C039F0AA811
:106C3000FDF7D1FD03972746D6E7269BDB689A052B
:106C40001FD4BAF1010F1CD8DEB1012E0BD1029B6B
:106C5000BBB99DF83430032B13D09DF83630012B8F
:106C60000FD00226B3E7022E40F046819DF8373060
:106C7000042B06D0029A002A00F03981032B40F041
:106C800038812B6A05934FF0000B24A90AA8FEF760
:106C900028FB059B044618B99B4511D1012419E036
:106CA0009B4517D00AA8FEF7FAFAEA6952F82B209A
:106CB000824205D10AA8FDF78EFD0BF1010BE4E736
:106CC000BBF1000F40F01181269BDC6884F4007456
:106CD000C4F340240136042E40F0FD80BAF1010FC8
:106CE00040F21D81002C00F0F980019B002B00F088
:106CF0000581EC6A012624A90AA8FEF7F2FA002809
:106D000040F0FE80B24540F0E980159B012B11D97F
:106D10000022302114A807F0A3F9024650B1431C09
:106D200008BF159A4FF0000108BF02F1FF3214A806
:106D3000FDF7F6FC019B3BB114990B78302B03D087
:106D40002D2214A806F0FCFF0F9BA3B1B8F1000F91
:106D500000F0E8809DF80C100EA806F07CFFD5E945
:106D600002010EAA0EF07AFB28B9D9F8003043F0E0
:106D70000403C9F80030B8F1000F03D06B6B9F42D9
:106D800040F0AC80289814A907F0B6F80AAC24A902
:106D90002046FEF793FA28B1D9F8003043F00203F9
:106DA000C9F8003094E80300069B83E8030014A8A8
:106DB00006F03DFE0EA806F03AFE06981BB0BDE8B0
:106DC000F08FAB6AABB92B6B3BB324A90AA8FEF7D3
:106DD00088FA044608B30AA8FEF761FAEB6A1B6852
:106DE00083421AD10AA8D5F830A0FDF7F4FC01942B
:106DF00070E724A90AA8FEF774FA04460028E2D036
:106E00000AA8FEF74CFA6B6A1B688342DBD10AA81A
:106E1000D5F828A0FDF7DFFC5CE7AB6A1BB9029B45
:106E200083F0010456E72B6B002BF8D1012301936B
:106E30001C464FE76969914208D1B8F1000F05D1AE
:106E40006A6B002A08DD98460446F0E62B7C1BB1ED
:106E5000AB69934205D00124159B002B08BF002489
:106E600038E7B8F1000F07D147B1F9B20EA806F024
:106E7000F2FE4446039FDAE64446EDE73C46EBE784
:106E800024A90AA8FEF72DFAA8B90024032E3FF47E
:106E900025AF24A90AA8FEF724FAD8B10AA8FEF75C
:106EA000FEF9082102460498FDF706FF90B10AA8F2
:106EB000FDF791FCEDE70AA8FEF7F1F9082102467B
:106EC0000498FDF7F9FE0028DFD00AA8FDF783FC3F
:106ED0000124DBE70136002C7FF479AED9F80030CD
:106EE00043F00403C9F8003050E70024F2E603261B
:106EF0006DE6029C0326EEE70124EFE66C6AF9E6F4
:106F0000B2453FF402AF0AA8FEF7C9F954F826309B
:106F10008342E3D10AA8FDF75EFC0136EBE6002CC4
:106F2000DCD0F2E6F9B217E7740000242DE9F04353
:106F300091B006AC84E80C00DDE91B380CAA8C4645
:106F40009DF868100A920AAF00220293CDE90387E8
:106F500005460B928DF8302008AE18AB19B393E8B4
:106F600003008DE80300614694E80C003046FFF70B
:106F700005FC96E80300DDF8289084E80300F3F7A9
:106F800031FD1D9908903346424648460DF070FE8B
:106F900094E8030085E80300384606F048FD2846DB
:106FA00011B0BDE8F08393E803008DE8030061466B
:106FB00094E80C003046FFF7CDFDDAE72DE9F04FFD
:106FC00091B006ACDDF874B09DF870A005460BF1E9
:106FD0006C0084E80C00884607F00CFE1E9BCDE98F
:106FE00002B30AAF04971AAB814693E803008DE819
:106FF00003000CAA0A9208AE00220B928DF83020F2
:10700000414694E80C003046BAF1000F1DD0FFF75E
:10701000B5FB96E803000B9E84E8030056B11F9869
:1070200031460DF001F90A991F9B8A191B684846E1
:10703000FDF7CAFB94E8030085E80300384606F034
:10704000F6FC284611B0BDE8F08FFFF783FDE0E7BE
:10705000184B1A68D1075CBF01221A60164B1A68D8
:10706000D2075CBF01221A60144B1A68D0075CBFBC
:1070700001221A60124B1A68D1075CBF01221A6004
:10708000104B1A68D2075CBF01221A600E4B1A68B7
:10709000D0075CBF01221A600C4B1A68D1075CBF95
:1070A00001221A600A4B1A68D2075CBF01221A60DB
:1070B000704700BFE4D20124E0D20124DCD20124D5
:1070C000D8D20124D4D20124D0D20124CCD201249C
:1070D000C8D2012408B50EF0B3FD08B50EF0B0FD1E
:1070E00008B50EF0ADFD08B50EF0AAFD08B50EF01E
:1070F000A7FD08B50EF0A4FD0FB408B50EF0A0FD75
:1071000008B50EF09DFD000010B5034B036004466A
:1071100000F08CF8204610BD183C070810B5044656
:10712000FFF7F2FF20460DF0CFF9204610BD00001A
:1071300008B5836F0BB941F0010103694161194240
:1071400002D002480EF0EAFB08BD00BFD50C0708CC
:1071500008B543691943FFF7EBFF08BD38B504468E
:1071600008460D4600F098FEE067284600F00AFC4D
:10717000C4F88000284600F0F9FBC4F8840038BD4C
:1071800038B504460D460DF042FF04F16C0120466F
:10719000FFF7E4FF0023A567B5FA85F56D09A4F8AC
:1071A000743023672361656138BD00000F4B10B553
:1071B00000F1240103600023C0E90133C0E9033377
:1071C000C0E90533C0E9073304460A466430C2E922
:1071D000003308328242FAD10823C4E9193104F19C
:1071E0006C00F4F75DF9204610BD00BF3C3C070879
:1071F00070B5846905460E4604B970BDD4E9013204
:107200002946304698472468F6E738B50446806931
:1072100010B90023A36138BDC3685A1EC260002B99
:10722000F7D105680DF050F92846F1E70C4B10B581
:10723000002104460360FFF7DBFF2046FFF7E5FF70
:10724000A06E04F12403984204D008B10DF03EF979
:107250000023A36604F16C00F3F71EFC204610BD6A
:107260003C3C070810B50446FFF7E0FF20460DF050
:107270002BF9204610BD000010B5064B036000231B
:107280004360054B044640F8083FFFF7CFFF204618
:1072900010BD00BF743C0708183C0708D0F800C0B8
:1072A000ACF10C0CDCF800C06044E5E710B5044616
:1072B000FFF7E2FF20460DF007F9204610BDD0F899
:1072C00000C0ACF10C0CDCF800C06044EEE700003C
:1072D00010B5044681B10B4B036008221433A35050
:1072E000002363608B0705D52046074B40F8083F15
:1072F000FFF79CFF204610BD10682060536850F8CF
:107300000C2CECE7743C0708183C07080A460021DF
:10731000FFF7DEBFF8B5002303700B6853F80C3C91
:107320000B4416465A6905460C46002A32D1186F9E
:1073300008B105F0A2FF236853F80C3C56BB234468
:10734000DA68D10426D59E6F304606F011FB23681B
:1073500053F80C3C2344DF6F27B9FFF7C1FE3046DA
:1073600006F00FFB421C04D0BA69C3B2D35C190704
:10737000F5D4421C534253415B00226852F80C0C76
:10738000204442691A4307D043F00401FFF7E0FEAE
:107390002846F8BD0023F0E701232B70F8E7836847
:1073A000587C70478368987C70478368D86A7047B8
:1073B0008368186B82B002B070478368586B82B0E4
:1073C00002B070478368587C70478368987C704728
:1073D0008368D86A70478368186B82B002B07047C0
:1073E0008368586B82B002B07047836893F82400BA
:1073F0007047836893F8250070470020704700208D
:10740000704770470020914200D3704711F8013B4C
:1074100003EB7060F7E7000010B5034B0360044610
:10742000F3F7BDFA204610BD8440070810B5034BA2
:1074300003600446F3F7B3FA204610BDC0400708C6
:1074400010B5034B03600446F3F7A9FA204610BDBC
:10745000C041070810B5034B03600446F3F79FFAD9
:10746000204610BDD841070810B5034B0360044601
:10747000F3F795FA204610BDF040070810B5034B0E
:1074800003600446F3F78BFA204610BDF04107086D
:1074900010B5034B03600446F3F781FA204610BD94
:1074A0000442070810B50446FFF7B6FF20460DF06A
:1074B0000BF8204610BD10B50446FFF7B7FF204675
:1074C0000DF002F8204610BD10B50446FFF7B8FFD6
:1074D00020460CF0F9FF204610BD10B50446FFF71A
:1074E000B9FF20460CF0F0FF204610BD10B5044651
:1074F000FFF7BAFF20460CF0E7FF204610BD10B59D
:107500000446FFF7BBFF20460CF0DEFF204610BD0F
:1075100010B50446FFF7BCFF20460CF0D5FF20460F
:1075200010BD000010B5054B044640F8083B0DF0B7
:10753000F9FB2046F3F733FA204610BD78410708DF
:1075400010B50446FFF7EEFF20460CF0BDFF2046C5
:1075500010BD000010B5054B044640F8083B0DF087
:10756000E1FB2046F3F71BFA204610BD4440070814
:1075700010B50446FFF7EEFF20460CF0A5FF2046AD
:1075800010BD000038B50D4B036005690446F3F7E4
:1075900033FA854203D015B128460CF097FFA06856
:1075A00010B103685B68984704F10C000DF0BAFB5A
:1075B0002046F3F7F4F9204638BD00BF0041070824
:1075C00010B50446FFF7DEFF20460CF07DFF204695
:1075D00010BD000088422DE9F04104460D4618D048
:1075E000A0B1A1EB000840460021F7F791FA00F1A5
:1075F0000C070646214638462A46F7F7F5F9414674
:107600003046F7F779FA3846BDE8F0810248FFF7CF
:107610006AFD024FF7E700BF080B07086CD2012490
:10762000D0E902218A4202D20132826070470368A7
:107630009B6A18470A2808D82F2918D93030C0B2B9
:10764000814214D2A1F130007047A1F13003092B1F
:10765000F8D9A1F16103052B02D8A1F157007047B9
:10766000A1F14103052B02D8A1F1370070474FF07B
:10767000FF30704710B504460068FFF7D1FF4FF0A8
:10768000FF33636010BD70B5054616460C4649B120
:107690000846D8F785FE211832462046FFF79AFFA4
:1076A000286070BD4FF0FF31F6E713B58B6801AA73
:1076B000D9690446FFF7E7FF204602B010BD13B5B5
:1076C0008B6801AA59690446FFF7DDFF204602B026
:1076D00010BD13B58B6801AA99680446FFF7D3FF64
:1076E000204602B010BD13B58B6801AA596A044642
:1076F000FFF7C9FF204602B010BD13B58B6801AA81
:10770000D9690446FFF7BFFF204602B010BD13B58C
:107710008B6801AA59690446FFF7B5FF204602B0FD
:1077200010BD13B58B6801AA99680446FFF7ABFF3B
:10773000204602B010BD13B58B6801AA596A0446F1
:10774000FFF7A1FF204602B010BD13B58B6801AA58
:10775000D9690446FFF797FF204602B010BD13B564
:107760008B6801AA59690446FFF78DFF204602B0D5
:1077700010BD13B58B6801AA99680446FFF783FF13
:10778000204602B010BD50F80C0C704710B5FFF742
:10779000FAFF0C46A0421146034603D20248224695
:1077A000FFF7AAFC204610BD7A0B07082DE9F0412F
:1077B000076815460446094A38460E46FFF7E6FFB5
:1077C00001463846FFF7DFFF821BAA4228BF2A4640
:1077D00020460023BDE8F041F7F70ABADC0B0708A2
:1077E00007B5006801A90C38F7F7DEF903B05DF8BA
:1077F00004FB2DE9F0411F46037F012B04460D4693
:10780000164607D1914213D03846521ABDE8F041CE
:1078100012F021BA0BB9F7F778FF2368D3F81CE010
:1078200032463B4629462046F446BDE8F0416047D3
:10783000BDE8F0810B4611461A460BB1D8F760BD82
:10784000184670472DE9F74315461C46244B036044
:107850006A460746884628462146FFF7BBFE06468D
:107860000190FFF790FF641B640006EB00092046BF
:107870000CF09CFE054632462346294640460DF054
:10788000B1FB844202460FD8441C15B128460CF0C7
:107890001DFE20460CF08AFE324601460546234670
:1078A00040460DF09FFB024629463846F7F710FB8D
:1078B0003046D8F775FD3044814505D0461C00217F
:1078C0003846F7F798FBD6E715B128460CF0FEFDD1
:1078D00001A8FFF785FF384603B0BDE8F08300BF7D
:1078E0006CD201242DE9F04385B08046084611464C
:1078F00003AA1C46FFF76EFE0C990290814601AA6E
:107900002046FFF767FE054603904846FFF73BFF1A
:1079100009EB00072846FFF736FF2E182A4649468E
:1079200040460DF054FB044670B94846D8F738FD80
:1079300081442846D8F734FD4F4505EB00040DD1AE
:10794000341B18BF4FF0FF3403A8FFF749FF02A80C
:10795000FFF746FF204605B0BDE8F083A64203D0FE
:1079600009F10109651CD9E70124EDE710B50446CA
:107970000348F3F7B7F823685B6853F8200010BD9D
:1079800064D3012410B504460348F3F7ABF8236829
:107990005B6853F8200010BD60D30124F0B589B0B6
:1079A00006AE86E80C00139A0B680592129A0492B0
:1079B000119A03929DF8402002920EAA04460D46A9
:1079C00092E803008DE8030020469F68294696E868
:1079D0000C00B847204609B0F0BDF0B589B006AE3E
:1079E00086E80C00139A0B680592129A0492119A79
:1079F00003929DF8402002920EAA04460D4692E89A
:107A000003008DE803002046DF68294696E80C0055
:107A1000B847204609B0F0BD70B586B004AC84E824
:107A20000C009DF8302002920B9A01920B689DF891
:107A3000282000929E6894E80C000546B04728462E
:107A400006B070BD70B586B004AC84E80C000D9A29
:107A500003929DF8302002920B9A01920B689DF8D8
:107A600028200092DE6894E80C000546B0472846BE
:107A700006B070BD00390B4A026018BF0121002218
:107A8000C0E90222C0E90522C0E90722C0E90922B3
:107A9000C0E90B22416002828274426380F8432075
:107AA000704700BF0021070800390B4A026018BF69
:107AB00001210022C0E90222C0E90522C0E9072213
:107AC000C0E90922C0E90B2241600282827442634C
:107AD00080F84320704700BFF020070803689B68C8
:107AE00018470368DB68184710B50B6804461B6924
:107AF0009847204610BD10B50B6804465B6998474F
:107B0000204610BD10B50B6804469B699847204677
:107B100010BD10B50B680446DB699847204610BDC0
:107B200003681B6A184703685B6A82B002B0184793
:107B300003689B6A82B002B0184703689B681847C5
:107B40000368DB68184710B50B6804461B69984743
:107B5000204610BD10B50B6804465B699847204667
:107B600010BD10B50B6804469B699847204610BDB0
:107B700010B50B680446DB699847204610BD0368C2
:107B80001B6A184703685B6A82B002B01847036833
:107B90009B6A82B002B018470039084A026018BFD9
:107BA00001210022C0E90222C0E90522C0E9072222
:107BB00041600274828480F8642070473021070895
:107BC00003689B6818470368DB68184710B50B68A3
:107BD00004461B699847204610BD10B50B68044643
:107BE0005B699847204610BD10B50B6804469B6939
:107BF0009847204610BD0000003A084B18BF0122EC
:107C000010B54260036081600446F2F7F5FE002182
:107C1000206120460DF054FC204610BD00410708AD
:107C200083689A680A60DB684B60704783681A69EA
:107C30000A605B694B60704783689A690A60DB6918
:107C40004B60704783681A6A0A605B6A4B607047D2
:107C50008368DA6A0A601A6B4A605A6B8A609A6BA8
:107C6000CA60DA6B0A611A6C4A615B6C8B6170479F
:107C700083689A6C0A60DA6C4A601A6D8A605A6D81
:107C8000CA609A6D0A61DA6D4A611B6E8B6170473A
:107C900083685A6E0A609A6E4A60DA6E8A601A6F5A
:107CA000CA605A6F0A619A6F4A61DA6F8A61D3F8C3
:107CB0008020CA61D3F884200A62D3F888204A62FF
:107CC000D3F88C208A62D3F89030CB6270478368F7
:107CD000D3F894200A60D3F898204A60D3F89C2007
:107CE0008A60D3F8A020CA60D3F8A4200A61D3F830
:107CF000A8204A61D3F8AC208A61D3F8B020CA61C9
:107D0000D3F8B4200A62D3F8B8204A62D3F8BC2072
:107D10008A62D3F8C030CB62704703689B6818470B
:107D2000F0B589B006AE86E80C00129A0B68049292
:107D3000119A0392109A02920EAA04460D4692E8F6
:107D400003008DE803002046DF68294696E80C0012
:107D5000B847204609B0F0BDF0B589B006AE86E858
:107D60000C00129A0B680492119A0392109A0292D4
:107D70000EAA04460D4692E803008DE80300204653
:107D80001F69294696E80C00B847204609B0F0BDA7
:107D9000F0B589B006AE86E80C00129A0B68049222
:107DA000119A0392109A02920EAA04460D4692E886
:107DB00003008DE8030020465F69294696E80C0021
:107DC000B847204609B0F0BDF0B589B006AE86E8E8
:107DD0000C00129A0B680492119A0392109A029264
:107DE0000EAA04460D4692E803008DE803002046E3
:107DF0009F69294696E80C00B847204609B0F0BDB7
:107E0000F0B589B006AE86E80C00129A0B680492B1
:107E1000119A0392109A02920EAA04460D4692E815
:107E200003008DE803002046DF69294696E80C0030
:107E3000B847204609B0F0BD003910B5054B0360C6
:107E400018BF012141600446F2F7CCFDA060204636
:107E500010BD00BF7841070803689B68184773B5D9
:107E6000079E01960D68069E0096ED680446A84799
:107E7000204602B070BD03681B69184710B404683F
:107E8000A468A4465DF8044B604738B50D68044605
:107E9000ED68A847204638BD10B504460348F2F700
:107EA00021FE23685B6853F8200010BD84D20124B2
:107EB00008B5FFF7F1FF08B9FFF712F908BD000098
:107EC00010B504460348F2F70DFE23685B6853F8CB
:107ED000200010BD4CD3012408B5FFF7F1FF08B90D
:107EE000FFF7FEF808BD00002DE9F043044685B019
:107EF00008468846FFF7F0FF0146054601A8FFF750
:107F000065FE0198FFF73FFCE0600CF04FFB00239B
:107F10000146E268064601A8F6F7A8FDE3682BB122
:107F200096F90030002BD4BF002301232374294687
:107F300002A8FFF752FE0298FFF725FCA0610CF0A3
:107F400035FBA26900238146014602A8F6F78EFDA3
:107F5000294603A8FFF748FE0398FFF714FC2062A8
:107F60000CF024FB226A01460023074603A8F6F71B
:107F70007DFD2846FFF724FE84F824002846FFF7FD
:107F800022FE84F825004046FFF792FF124B196845
:107F900004F1260301F124020546FFF72AFC0F4BEA
:107FA0001968284601F11A0204F14A03FFF721FC7F
:107FB000012384F8643003A8A660C4F81490E76134
:107FC000FFF70EFC02A8FFF70BFC01A8FFF708FC67
:107FD00005B0BDE8F08300BF6C00002470000024F1
:107FE0002DE9F04105460F48F2F77CFD2B68DF686C
:107FF00057F820800446B8F1000F0FD16820F2F73F
:1080000022FC41460646FFF7C7FD29463046FFF7EA
:108010006BFF286822463146F2F71EFE57F824000F
:10802000BDE8F0814CD3012410B504460348F2F7B3
:1080300059FD23685B6853F8200010BD54D3012418
:1080400008B5FFF7F1FF08B9FFF74AF808BD0000CF
:1080500010B504460348F2F745FD23685B6853F802
:10806000200010BD50D3012408B5FFF7F1FF08B977
:10807000FFF736F808BD000010B504460948F2F7CE
:1080800031FD2368D3E90123984209D252F8200038
:1080900030B1BDE81040044A044900230CF018BA7E
:1080A000002010BD48D30124943D0708001907089B
:1080B00008B5FFF7E1FF08B9FFF712F808BD2DE991
:1080C000F043DDE9076400252F4603F1FF3E12F877
:1080D00007C0A4EB0608E04502EB070309DC471ED6
:1080E000A64212D14044013D14D2934221D1BDE8B1
:1080F000F0834FFA8CF9B9F1000FF0DDBE45A4EB27
:108100000C048CBF01370135E1E716F801CB07F805
:1081100001CFE5E701701E78074604EB060C6445C5
:1081200002D101363044DEE714F801EB07F801EF25
:10813000F5E7017013F8015D06466719BC4202D1EC
:1081400001352844D1E714F801CB06F801CFF5E753
:10815000F7B5DDE9087408461946DDE90A36BFB10E
:10816000FD1A03EB050CCDE9003C13460246204600
:10817000FFF7A5FF041B47B13268521B02D03946F6
:1081800011F069FD33685B1B1C44346003B0F0BD23
:108190003568E6E773B5099CDDE907500E461946D8
:1081A00023680344CDE90003134628463246FFF70F
:1081B00086FF401B206002B070BD2DE9F8431D46CC
:1081C000C368DDE9087603F0B003202B8946144626
:1081D000A7EB06070ED126B132462946204611F0FC
:1081E0003AFD002F51D03A464946A019BDE8F84360
:1081F0000FF0E8BE102B11D04FF0000827B13A461F
:10820000494620460FF0DEFEB6EB08023DD005EBF6
:108210000801E019BDE8F84311F01DBD6C30FFF70F
:1082200047FE2D218046F7F7A9FF2B78834205D121
:108230002B7804F8013B4FF00108DFE72B21404683
:10824000F7F79CFF2B788342F2D030214046F7F7B6
:1082500095FF2B788342CFD1012ECDDD782140468A
:10826000F7F78CFF6B78834207D12B7823706B78FC
:1082700063704FF002080234C0E758214046F7F718
:108280007DFF6B788342B7D1EFE7BDE8F88337B560
:10829000089D18462B681446CDE90023DDE9062326
:1082A000FFF78BFF2C6003B030BD70B59DF8104018
:1082B0007CB103460A26B1FBF6F506FB15141444FF
:1082C000247903F8014D0C46092C2946F3D8C01A2D
:1082D00070BD03F04A04402C09D1034601F00704A5
:1082E0001444C908247903F8014DF7D1EFE713F4DA
:1082F000804F0CBF042414240346224401F00F04D1
:108300000909145D03F8014DF8D1E0E72DE9F041CA
:1083100014469DF820201D460746DDE90683AAB1D4
:108320000646204629460A220023D8F70BFB424482
:10833000137906F8013D22462B460A2A73F1000301
:1083400004460D46EDD2B81BBDE8F08103F04A02A9
:10835000402A0ED1064604F007034344E4081B7983
:1083600006F8013D44EA4574ED0854EA0503F2D1EC
:10837000E9E713F4804F0CBF042314230646984406
:1083800004F00F03240918F8033006F8013D44EA0D
:1083900005742D0954EA0503F2D1D4E738B5044633
:1083A0000868FFF7F0F920600D460CF0FFF822682E
:1083B0006060014600232846F6F758FB204638BD8A
:1083C0002DE9F041044688B008468846FFF738FE9C
:1083D0000546014606A8FFF78EFB06A902A8FFF78F
:1083E000DDFF06A8FFF7FCF9294606A8FFF78AFB80
:1083F00006A904A8FFF7D2FF06A8FFF7F1F929465E
:1084000001A8FFF786FB01A906A8FFF7C7FF01A88F
:10841000FFF7E6F9294601A8FFF766FB0198FFF789
:10842000B2F906460CF0C2F8002307460146324670
:1084300001A8F6F71BFBC4E902762EB197F900609C
:10844000002ED4BF0026012626742846FFF746FBDF
:1084500060742846FFF745FB039B6361029BA361A1
:10846000059BE361049B2362079B6362069BA362F7
:10847000A0742846FFF754FBE0622846FFF753FB41
:1084800020632846FFF754FB60634046FFF710FD6A
:10849000084B196804F1380301F10B02FFF7A9F941
:1084A000012384F8433001A8FFF79AF908B0BDE82A
:1084B000F08100BF740000242DE9F04105460F480B
:1084C000F2F710FB2B68DF6857F820800446B8F1FC
:1084D000000F0FD14420F2F7B6F941460646FFF7E8
:1084E000C9FA29463046FFF76BFF28682246314615
:1084F000F2F7B2FB57F82400BDE8F08154D3012411
:1085000038B504460868FFF73EF920600D460CF0C8
:108510004DF822686060014600232846F6F7A6FA67
:10852000204638BD2DE9F041044688B0084688460B
:10853000FFF79AFD0546014606A8FFF70BFB06A9C3
:1085400002A8FFF7DDFF06A8FFF74AF9294606A8AB
:10855000FFF707FB06A904A8FFF7D2FF06A8FFF75D
:108560003FF9294601A8FFF703FB01A906A8FFF779
:10857000C7FF01A8FFF734F9294601A8FFF7E3FA7E
:108580000198FFF700F906460CF010F800230746A3
:108590000146324601A8F6F769FAC4E902762EB11F
:1085A00097F90060002ED4BF0026012626742846C5
:1085B000FFF7C3FA60742846FFF7C2FA039B6361B2
:1085C000029BA361059BE361049B2362079B63629B
:1085D000069BA362A0742846FFF7D1FAE062284602
:1085E000FFF7D0FA20632846FFF7D1FA60634046D0
:1085F000FFF75EFC084B196804F1380301F10B0228
:10860000FFF7F7F8012384F8433001A8FFF7E8F8F3
:1086100008B0BDE8F08100BF740000242DE9F041EE
:1086200005460F48F2F75EFA2B68DF6857F820809E
:108630000446B8F1000F0FD14420F2F704F9414687
:108640000646FFF731FA29463046FFF76BFF2868E8
:1086500022463146F2F700FB57F82400BDE8F081CE
:1086600050D301242DE9F04F8DB004AFC7E90110BC
:10867000BE6CD7F8508007F1100106F16C0081E85C
:108680000C00FFF7ADFCF56805F04A0A00F126037F
:1086900086B0BAF1400F0446FB600DF1100B414665
:1086A00068D0B8F1000F5DDDBAF1080918BF4FF0CE
:1086B0000109CDF80090FA682B460BF11400FFF782
:1086C000F4FD227CF861C0F114035B44B2B14000B8
:1086D000093020F00700ADEB000D0DF1120B07F192
:1086E0001C0194F82520CDE90231CDE9006B134639
:1086F0007868D4E90212FFF74DFD5B46FA69B9F1DB
:10870000000F3DD0B8F1000F37DB280506D594F8EF
:10871000271003F8011C0132FA61013BB268F969C4
:10872000914211DAD11D21F00701ADEB010D07F1E6
:108730001C01CDE9013104AC0094334697F84C108C
:108740007868FFF7A4FD23460022B260FA69009220
:10875000D7E90412B868F7F7D7FEB8682437BD46E2
:10876000BDE8F08FBAF1080F04D0C8F100014FF056
:1087700001099EE74FF000099BE794F82610C8E72F
:10878000A905CBD5B8F1000FC8D0BAF1400F02D17E
:1087900094F82A10BDE7F968C5F380352944023200
:1087A000897803F8011C94F82A1003F8021CFA6176
:1087B000023BB3E730B587B004AC84E80C000C9BF7
:1087C00002939DF82C3001930A9B009394E80C00CF
:1087D0000546FFF747FF284607B030BD2DE9F04FAB
:1087E0008DB004AF07F11005D7F8489097F85060A6
:1087F000B86085E80C00D9F80C2097F84C30FA6086
:1088000012F0010F07F1180416D1CDE90136CDF8A9
:10881000009095E80C002046FFF724FF94E8030041
:108820003861397595E80300BB68243783E8030095
:108830001846BD46BDE8F08F09F16C007B60FFF77C
:10884000CFFB7B687EB3D0E905A8D9F80860B045B6
:108850003BDAA6EB0806F21D22F00702ADEB020D93
:108860000DF1100B1946324658460FF0ABFB0023B2
:10887000C9F80830FB6803F0B003202B16D1CDF8FF
:10888000008095E8060053462046F7F73DFE94E841
:1088900003005B4638613975009695E8060020466E
:1088A000F7F732FEBAE7D0E907A8CEE7009695E8D9
:1088B000060020465B46F7F727FE94E80300386180
:1088C0003975CDF800805346E7E70023C9F8083032
:1088D000F7E72DE9F04F8BB004AFC7E900103D6C0E
:1088E00007F1080105F16C0081E80C00FFF778FB47
:1088F000EE6806F04A0986B0B9F1400F044600F16F
:1089000026080DF1100B60D0B9F1080A18BF4FF01E
:10891000010ACDF800A033464246B96C0BF11400B1
:10892000FFF7C3FC227C7861C0F114035B44B2B151
:108930004000093020F00700ADEB000D0DF1120BE7
:1089400007F1140194F82520CDE90231CDE9005B4F
:1089500013463868D4E90212FFF71CFC5B46BAF1F3
:10896000000F0ED1B2050CD5BA6C52B1B9F1400F5F
:108970007A692DD194F82A1003F8011C01327A612A
:10898000013BAA687969914211DAD11D21F00701F2
:10899000ADEB010D07F11401CDE9013104AC0094F8
:1089A0002B4697F844103868FFF771FC23460022E5
:1089B000AA607A690092D7E902127868F7F7A4FDF5
:1089C00078681C37BD46BDE8F08F4FF0000AA0E77D
:1089D000C6F3803608EB06010232897803F8011CE1
:1089E00094F82A1003F8021C7A61023BC9E730B5FB
:1089F00087B004AC84E80C000C9B02939DF82C30EB
:108A000001930A9B009394E80C000546FFF761FF71
:108A1000284607B030BD2DE9F04188B004AC0E9E69
:108A2000D6F80C8084E80C0028F4804323F04A0335
:108A300043F40273F360109B02939DF83C30CDE940
:108A4000006306AF054694E80C003846FFF741FF87
:108A500097E8030004908DF8141094E8030085E86B
:108A600003002846C6F80C8008B0BDE8F0812DE967
:108A7000F04F8DB004AFC7E9011007F1100181E894
:108A80000C00BB6C03F16C00D7E91486FFF7A8FA61
:108A900000F12603FB60BB6CDD6805F04A0A8AB072
:108AA000BAF1400F04460DF1100B424633466FD029
:108AB000B8F1010F76F1000160DBBAF1080918BFC7
:108AC0004FF00109CDE90159F96800910BF1280037
:108AD000FFF71CFC227CF861C0F128035B44C2B1A3
:108AE0004000093020F00700ADEB000D07F11C013C
:108AF00094F82520CDE902310DF1120BCDF804B028
:108B0000BB6C009378681346D4E90212FFF742FB6E
:108B10005B46FA69B9F1000F40D0002E3BDB280517
:108B200006D594F8271003F8011C0132FA61013BC5
:108B3000BA6CF9699268914211DAD11D21F00701EE
:108B4000ADEB010D07F11C01CDE9013104AC00943E
:108B5000BB6C97F84C107868FFF799FB2346B96C0B
:108B600000228A60FA690092D7E90412B868F7F720
:108B7000CBFCB8682437BD46BDE8F08FBAF1080FCA
:108B800006D0D8F1000266EB46034FF0010999E7E1
:108B90004FF0000996E794F82610C4E7A905C7D559
:108BA00058EA0606C4D0BAF1400F02D194F82A1050
:108BB000B9E7F968C5F3803529440232897803F8AA
:108BC000011C94F82A1003F8021CFA61023BAFE77B
:108BD00030B587B004AC84E80C00DDE90C23CDE9A6
:108BE00002239DF82C3001930A9B009394E80C001B
:108BF0000546FFF73CFF284607B030BD2DE9F04F92
:108C00008DB004AFC7E90210BD6C07F1100181E817
:108C10000C003B6D7B6005F16C007B6D3B60FFF7EA
:108C2000DFF9EE6806F04A098AB0B9F1400F044650
:108C300000F126080DF1100B63D0B9F1080A18BF36
:108C40004FF0010ACDE9016ACDF80080D7E9003282
:108C50000BF12800FFF75AFB227CF861C0F12803D2
:108C60005B44B2B14000093020F00700ADEB000DCD
:108C70000DF1120B07F11C0194F82520CDE902310A
:108C8000CDE9005B1346B868D4E90212FFF782FA17
:108C90005B46BAF1000F10D1B2050ED5D7E900122C
:108CA0000A430AD0B9F1400FFA692DD194F82A107D
:108CB00003F8011C0132FA61013BAA68F96991428B
:108CC00011DAD11D21F00701ADEB010D07F11C01F7
:108CD000CDE9013104AC00942B4697F84C10B868EC
:108CE000FFF7D5FA23460022AA60FA690092D7E975
:108CF0000412F868F7F708FCF8682437BD46BDE8A9
:108D0000F08F4FF0000A9DE7C6F3803608EB0601AE
:108D10000232897803F8011C94F82A1003F8021C27
:108D2000FA61023BC9E730B587B004AC84E80C00B7
:108D3000DDE90C23CDE902239DF82C3001930A9B39
:108D4000009394E80C000546FFF758FF284607B04B
:108D500030BD2DE9F04F2DED028BB0EE408B91B080
:108D600004AF07F110093D6E89E80C0005F16C03B2
:108D7000C7E901101846FB60FFF732F9D5F8048007
:108D800097F86820B8F1000F064607F12001284641
:108D9000B8BF4FF006080CF0A1F9EB6803F4827A33
:108DA0008CB0BAF5827F04AC00F0B480F1F71AFE03
:108DB00007F12003F8612D228DED028BCDF80080A4
:108DC000214607F11C00F7F79BF9B861BB692C2B12
:108DD0001BDD03F1010B083323F00703ADEB030D9B
:108DE000BAF5827F04AC00F0A380F1F7FBFD07F138
:108DF0002003F8615A468DED028BCDF800802146A4
:108E000007F11C00F7F77CF9B861F868FFF750F834
:108E1000BA69D31D23F00703ADEB030D0DF1170A5B
:108E20004FEADA082AF0070A224421465346FEF7A1
:108E3000E0FCD7F818B02E2259462046FEF7FAFC7F
:108E400030B1031B96F8242003F838200AEB030006
:108E5000337C002B37D058B9BBF1020F08DD6278A4
:108E6000392A30D8A378303B092B2CD82F2A2AD97D
:108E70004FEA4B03073323F00703ADEB030D2378D1
:108E80002D2B0DF1100801D02B2B5FD19AF800305B
:108E900088F800300BF1FF33BB61012407F11802A1
:108EA00096F8253003920AEB0402029208EB0402C2
:108EB000CDE90002D6E902127868FFF749F9BB69EB
:108EC0002344BB61C246AA68BB69934211DAD31D31
:108ED00023F00703ADEB030D07F11803CDE901A360
:108EE00004AC009497F8641078682B46FFF7CFF92C
:108EF000A2460023AB60BB690093B86899E80600FE
:108F00005346F7F701FBB8683437BD46BDEC028B1A
:108F1000BDE8F08FF1F766FD07F12003F8612D221F
:108F20008DED008B214607F11C00F7F7E9F84CE7BF
:108F3000F1F758FD07F12003F8615A468DED008BDB
:108F4000214607F11C00F7F7DBF85DE70024A5E7F1
:108F500030B587B004AC84E80C00002302939DF880
:108F60002C3001930A9B009394E80C000546FFF710
:108F7000F0FE284607B030BD2DE9F04F2DED028BF5
:108F8000B0EE408B91B004AF07F110093D6E89E857
:108F90000C0005F16C03C7E901101846FB60FFF7F0
:108FA0001FF8D5F8048097F86820B8F1000F06463E
:108FB00007F120012846B8BF4FF006080CF08EF8E4
:108FC000EB6803F4827A8CB0BAF5827F04AC00F0CF
:108FD000B480F1F707FD07F12003F8612D228DED34
:108FE000028BCDF80080214607F11C00F7F788F8C6
:108FF000B861BB692C2B1BDD03F1010B083323F097
:109000000703ADEB030DBAF5827F04AC00F0A3803B
:10901000F1F7E8FC07F12003F8615A468DED028B69
:10902000CDF80080214607F11C00F7F769F8B86118
:10903000F868FEF73DFFBA69D31D23F00703ADEBD7
:10904000030D0DF1170A4FEADA082AF0070A224445
:1090500021465346FEF7CDFBD7F818B02E225946CD
:109060002046FEF7E7FB30B1031B96F8242003F8F7
:1090700038200AEB0300337C002B37D058B9BBF102
:10908000020F08DD6278392A30D8A378303B092BEB
:109090002CD82F2A2AD94FEA4B03073323F0070392
:1090A000ADEB030D23782D2B0DF1100801D02B2BE8
:1090B0005FD19AF8003088F800300BF1FF33BB61C4
:1090C000012407F1180296F8253003920AEB0402F6
:1090D000029208EB0402CDE90002D6E90212786898
:1090E000FFF736F8BB692344BB61C246AA68BB6977
:1090F000934211DAD31D23F00703ADEB030D07F103
:109100001803CDE901A304AC009497F864107868C3
:109110002B46FFF7BCF8A2460023AB60BB69009367
:10912000B86899E806005346F7F7EEF9B86834379F
:10913000BD46BDEC028BBDE8F08FF1F753FC07F1A3
:109140002003F8612D228DED008B214607F11C00D4
:10915000F6F7D6FF4CE7F1F745FC07F12003F8617D
:109160005A468DED008B214607F11C00F6F7C8FF2B
:109170005DE70024A5E730B587B004AC84E80C00B7
:109180004C2302939DF82C3001930A9B009394E8A2
:109190000C000546FFF7F0FE284607B030BD000082
:1091A0002DE9F04F8FB006A9189F059007F16C04C8
:1091B000204681E80C009DF86480FEF779FE0546A4
:1091C0002046FFF72BFA1A9B90F838201B68197875
:1091D0009142044607D0026B0992D0F82090C269F0
:1091E00003921E460BE0426BD0F828900992426A27
:1091F00003921846FEF7C7FA0028F2D05E1C184604
:10920000FEF7C1FAA9693044334698421D4605D994
:109210002A788A5C520703F10103F6D4AD1BAA46F3
:10922000002D00F0BD80794B0A9369000AA8F5F77C
:1092300004FEE36AA5EB030BBBF1000F29DD15EA81
:10924000230538BF5D46E368002B5BD00A98FEF724
:109250009AFA0021024600916B000AA8F5F752FD28
:109260000AA8F5F725FD7319A17C0A98CDE90063DA
:10927000D4E90223FEF723FF83460AA8F5F718FD79
:109280000A994FF0FF32ABEB01010AA8FEF78EFA04
:10929000AB46E36A002B0CDD617C0AA8F5F7ABFE58
:1092A000BBF1000F34DBE26A06EB0B010AA8F5F70D
:1092B0000FFEFD680A9805F0B0030493FEF763FA09
:1092C00015F4007518BFA569504B0B93484405442D
:1092D00069000BA8F5F7B1FD049BBE68102B21D1E6
:1092E000B5422CBF4FF0000B4FF0010B4FF0000ABE
:1092F00009AB13F80A30042B1FD8DFE803F0756AB6
:10930000165C65002A4631460AA8F5F73BFDBFE723
:1093100094F83920CBF100010AA8F5F717FE524660
:109320003146C3E74FF0000BE0E7FB689B0504D52F
:10933000D4E905120BA8F5F7CBFD0AF1010ABAF141
:10934000040FD5D1B9F1010F06D9039909F1FF3204
:1093500001310BA8F5F7BCFD0B9D2846FEF713FA6B
:1093600086420AD9049B202BA6EB000440D142463A
:1093700021460BA8F5F7EAFD30460CACDDE90612F4
:109380000B9B00902046F7F7BFF894E80300069087
:109390000BA88DF81C10FEF723FA0AA8FEF720FA96
:1093A000DDE906010023BB60059B83E80300184646
:1093B0000FB0BDE8F08FB9F1000FBED0039B197854
:1093C0000BA8F5F718FEB8E70AA90BA8F5F754FDA6
:1093D000B3E7BBF1000F05D04246711B0BA8F5F7B0
:1093E000B5FDAAE74146EBE7BBF1000FA5D0F3E7D7
:1093F000074A00212846FEF7C9F9CDF8008001464A
:10940000234600220BA8F5F77DFCB5E76CD20124BA
:10941000A00C07082DE9F04F8FB006A9189F059002
:1094200007F16C04204681E80C009DF86480FEF78B
:109430003FFD05462046FFF73FF81A9B90F838207D
:109440001B6819789142044607D0026B0992D0F844
:109450002090C26903921E460BE0426BD0F8289020
:109460000992426A03921846FEF78DF90028F2D05D
:109470005E1C1846FEF787F9A969304433469842C6
:109480001D4605D92A788A5C520703F10103F6D4F8
:10949000AD1BAA46002D00F0BD80794B0A936900F0
:1094A0000AA8F5F7CAFCE36AA5EB030BBBF1000FB2
:1094B00029DD15EA230538BF5D46E368002B5BD044
:1094C0000A98FEF760F90021024600916B000AA895
:1094D000F5F718FC0AA8F5F7EBFB7319A17C0A98BD
:1094E000CDE90063D4E90223FEF7E9FD83460AA82B
:1094F000F5F7DEFB0A994FF0FF32ABEB01010AA84A
:10950000FEF754F9AB46E36A002B0CDD617C0AA838
:10951000F5F771FDBBF1000F34DBE26A06EB0B01DE
:109520000AA8F5F7D5FCFD680A9805F0B003049386
:10953000FEF729F915F4007518BFA569504B0B9378
:109540004844054469000BA8F5F777FC049BBE6806
:10955000102B21D1B5422CBF4FF0000B4FF0010B67
:109560004FF0000A09AB13F80A30042B1FD8DFE8CC
:1095700003F0756A165C65002A4631460AA8F5F7BD
:1095800001FCBFE794F83920CBF100010AA8F5F7F8
:10959000DDFC52463146C3E74FF0000BE0E7FB68C5
:1095A0009B0504D5D4E905120BA8F5F791FC0AF147
:1095B000010ABAF1040FD5D1B9F1010F06D9039907
:1095C00009F1FF3201310BA8F5F782FC0B9D28460B
:1095D000FEF7D9F886420AD9049B202BA6EB00049B
:1095E00040D1424621460BA8F5F7B0FC30460CAC02
:1095F000DDE906120B9B00902046F6F785FF94E804
:10960000030006900BA88DF81C10FEF7E9F80AA8D5
:10961000FEF7E6F8DDE906010023BB60059B83E861
:10962000030018460FB0BDE8F08FB9F1000FBED0AF
:10963000039B19780BA8F5F7DEFCB8E70AA90BA87D
:10964000F5F71AFCB3E7BBF1000F05D04246711BDA
:109650000BA8F5F77BFCAAE74146EBE7BBF1000F4F
:10966000A5D0F3E7074A00212846FEF78FF8CDF88A
:1096700000800146234600220BA8F5F743FBB5E71F
:109680006CD20124A00C07082DE9F04F2DED028BC0
:10969000B0EE408B8FB004AF07F1100484E80C00EB
:1096A00097F85830BB60FB6D97F860A00546884678
:1096B00007F1200003F16C01F1F77CF907F12000BC
:1096C000FEF7F6FB90B0F860F1F78CF904AE4FF0BE
:1096D000000B7862314BCDF800B08DED028B40224B
:1096E000314607F12400F6F70BFD3F28814617DDD0
:1096F00000F1080323F00703ADEB030D421C7A6071
:10970000F1F770F904AE78628DED028BCDF800B000
:10971000224B7A68314607F12400F6F7F1FC8146C6
:1097200007F11C0200214846F5F722FA06EB090B67
:10973000786207F12400F5F7BBFA7B6AF8685A46AD
:109740003146FEF756F8BB68D3B107F12403CDE9E3
:1097500001A3FB6D009394E80C0041462846FFF7F7
:109760001FFD07F12400FEF73BF807F12000F1F799
:1097700093F928462C37BD46BDEC028BBDE8F08F2F
:1097800007F12403CDE901A3FB6D009394E80C00DD
:1097900041462846FFF73EFEE3E700BFB70C070847
:1097A000F0B587B004AC84E80C000F9E9DF838201B
:1097B0000D9B9DF830700093CDE90126054694E895
:1097C0000C0027B1FFF7ECFC284607B0F0BDFFF70F
:1097D00021FEF9E72DE9F043A7B004462E9E9DF83F
:1097E000C4909DF8C8706C36304602AD85E80C0018
:1097F000FEF75EFB80463046FEF75AFC2521064602
:109800004046F6F7BBFC8DF81400CFB98DF81590E3
:109810008DF81670309B009306A905AB8022304668
:109820000BF020FE06A8D6F7BBFD009095E80600D9
:10983000204606ABF6F768FE204627B0BDE8F08369
:1098400000238DF815708DF816908DF81730E1E72C
:109850002DE9F74F0546DDE912076C466C3084E8C8
:109860000C00DDF840A0FEF723FB4FF00009804616
:109870004E464FF00A0B0CA92046F7F75FF970B17E
:10988000119B9E420BD02046F7F736F92A22C1B22F
:109890004046F6F784FC3038C2B2092A10D9C6B166
:1098A0000F9A914515DBD14513DC0E9AC2F8009052
:1098B00094E8030085E80300284603B0BDE8F08F74
:1098C0000BFB0909D145EADC2046FDF7D3FE013642
:1098D000D1E73B6843F004033B60E9E72DE9F04F33
:1098E0008DB000AF07F12006F861F86E6C3086E8A5
:1098F0000C00FEF7DDFABB6E6A46A2EBC3039D4681
:10990000DB08BB61BB6E9B007B61BB6E0546E84616
:1099100007F15801304608EB8309F7F70FF90446C1
:1099200028B90026012C39D840F0718157E1304622
:10993000F7F7E2F8C4B221462846F6F71CFC2146A8
:1099400006462846F6F714FC4FF0000B82465C46AC
:10995000BB6E9B45E5D07B6E53F82B3028461978BB
:10996000F6F709FCB0420FD1A3003B617B6E53F8C0
:109970002B00D6F715FD3B6949F8240048F803B0E1
:1099800001340BF1010BE3E77B6E53F82B302846D3
:109990001978F6F7EDFB5045F3D1E5E7CB4609EB37
:1099A00084005BF8043BFB625B461A46F96AD2F816
:1099B00000C08C4507F12C0128BF0A460433D2F8B9
:1099C00000A0C7F82CA09842EFD1013607F1200083
:1099D000FDF750FEB2452BD107F1580107F12000E9
:1099E000F7F7ACF8824600285AD14FF0000A00235E
:1099F00059F82320911B4A424A41524509BF04F1BC
:109A0000FF34013358F8242048F8232004BF59F8C4
:109A1000242049F823209C42EAD8BAF1000F7DD0D7
:109A2000D9F80030012107F12C0C8C42FB626BD875
:109A3000FB6AB34240F2CE8007F1580107F12000E3
:109A4000F7F77CF8002800F0C58007F12000F7F751
:109A500053F8C1B22846F6F78EFB386107F12000B3
:109A6000F7F74AF8C1B22846F6F782FB4FF0000A32
:109A7000F86054457FF656AF7B6E58F82A2053F8AD
:109A80002220BA60915D2846F6F775FB3B69BA68FB
:109A900098424FEA8A0B40F08B800AF1010AE8E70E
:109AA00007F12000F7F728F8C1B22846F6F763FB64
:109AB000386107F12000F7F71FF8C1B22846F6F722
:109AC00057FB0023F860796E58F8232051F82220C4
:109AD00059F82310B14203D801339C42F3D184E7F3
:109AE000915D7B602846BA60F6F745FB3B6998427A
:109AF0003FF47DAFBA682846915DF6F739FBFB6805
:109B000098427B68E8D172E75A4601311068834277
:109B100098BF62460BF1040B136886E7022C64D1F0
:109B2000BB6EDB0773D4D8F80030B86EBA6EB3EBF7
:109B3000500F4FEA5201D8F804202DD20B44934223
:109B400065D1D7E90532D8F8004053F832807B6EF2
:109B500053F8243003EB060946455FD207F158015C
:109B600007F12000F6F7EAFF002850D019F8011B92
:109B70002846F6F700FB824607F12000F6F7BCFF07
:109B8000C1B22846F6F7F7FA824530D107F1200036
:109B9000FDF770FD0136DFE75B1A934237D1D7E955
:109BA0000521C8F80030D9F8043042F83130C8E750
:109BB000915D2846F6F7DCFAFB6898423FF46DAFFA
:109BC000013C58F8242048F80B2059F8242049F883
:109BD0000B204EE70023012C19D1002BB1D107F146
:109BE0002000FDF747FD0136ABE70123F3E719F845
:109BF000011C2846F6F7BCFA824607F12000F6F76A
:109C00007BFFC1B22846F6F7B3FA8245BED03B6F60
:109C10003A6F1B6843F00403136002E0F7D13B6E18
:109C20001C60D7E90801FB69343783E80300184654
:109C3000BD46BDE8F08F2DE9F04F87B000AF8146FB
:109C4000786DD7E913AB07F110066C3086E80C008D
:109C5000FEF72EF96B46A3EBCB03F8609D4607F1A8
:109C600040013046E846F6F769FF002800F088809A
:109C70003046F6F741FF0025C3B24FEA4B022C46AF
:109C8000AA423CD8002C7BD03046FDF7F3FCA20062
:109C9000D31D23F00703ADEB030D6E464546331F7E
:109CA000424455F8041B5AF82100C7E90223D6F7AD
:109CB00077FBBA68FB68954243F8040FF1D10125A0
:109CC00007F1400107F11000F6F738FF58BB012CEF
:109CD0005AD13368AB425ED1D8F80030BA6C5B45DC
:109CE000A8BFA3EB0B03136007F1180313E90300EC
:109CF0001C3789E803004846BD46BDE8F08F5AF896
:109D000025100978994204D148F8245001340135CE
:109D1000B6E7F868C7E90132F6F72AFA7B68BA684D
:109D20009842F4D1F0E707F11000F6F7E5FE0023C2
:109D3000C0B219469C4207D88C42C8D007F1100027
:109D4000FDF798FC0135BBE756F82320AA424FEAFD
:109D5000830E06EB830C02D801310133EAE758F891
:109D600023205AF82220525D8242F6D0013C58F856
:109D7000242048F80E2056F82420CCF80020D9E7FB
:109D80000024254626469BE7022C04D13368AB42CB
:109D9000A2D073689EE7BB6DBA6D1B6843F00403E5
:109DA000A1E700002DE9F04FADB08946389D0B903A
:109DB00005F16C060EA9304681E80C00DDF8E8A03C
:109DC0003C9CFEF775F908903046FEF771F8834623
:109DD0003B98D6F7E5FA00260A90109636A90EA809
:109DE000F6F7ACFEDDF84080002800F061840A9BA5
:109DF0009E4280F05D84B8F1000F00F06D84399BC5
:109E0000399A1B6843F00403136000F059BC14AE88
:109E100031460898FDF71CFF08981BA9FDF728FF9D
:109E200010ABCDE905530E23CDE9036311AB0293CB
:109E300036AB93E803008DE803000CAF0EAE96E856
:109E40000C0049463846FFF749FD97E80300109B90
:109E500086E80300002B3CD1119A072392FBF3F311
:109E6000C3EBC303D21ACAF81820237843F00203C5
:109E7000DFE014AE31460898FDF70AFF089820A9E4
:109E8000FDF725FF10ABCDE905531823CDE903639A
:109E900011AB029336AB93E803008DE803000CAFDF
:109EA0000EAE96E80C0049463846FFF717FD97E8D6
:109EB0000300109B86E803005BB9119B0C2293FB07
:109EC000F2F102FB1133CAF81030238843F48163A6
:109ED0002380099E013681E7089812A9FDF7ACFEA0
:109EE000129B06940CAF059310ABCDE90253CDF84D
:109EF00010A036AB93E803008DE803000EAE96E8A1
:109F00000C0049463846FFF74DFF97E80300109BC9
:109F100086E80300002BDCD1637843F0040376E18C
:109F200010ABCDE9065302266323CDE904360023A6
:109F3000039311AB029336AB93E803008DE8030063
:109F40000CAF0EAE96E80C0049463846FFF780FC91
:109F500097E80300109B86E80300002BB9D1119B02
:109F60006360238843F49063B2E73046F6F7C4FD9C
:109F7000DBF81830C0B21B5C180702D53046FDF77D
:109F800079FB10ABCDE9065302211F23CDE9043143
:109F90000123039311AB029336AB93E803008DE8E2
:109FA00003000CAF0EAE96E80C0049463846FFF7AA
:109FB0004FFC97E80300109B86E80300002B88D134
:109FC000119BCAF80C30238843F4826380E7B94AB6
:109FD00014AE3346A2F109015846FDF70AFC0CAF56
:109FE000CDE9056480E710ABCDE9065302221723C3
:109FF000CDE904320023039311AB029336AB93E80F
:10A0000003008DE803000CAF0EAE96E80C00494645
:10A010003846FFF71DFC97E80300109A86E8030016
:10A02000002A7FF456AF119BCAF80830237862F3F8
:10A03000000323704DE710ABCDE906530C27022334
:10A04000CDE904730123039311AB029336AB93E87C
:10A0500003008DE803000DF130080EAE96E80C0009
:10A0600049464046FFF7F4FB98E80300109B86E85A
:10A070000300002B7FF42DAF119B93FBF7F207FB3E
:10A080001233CAF80830237843F00103D1E710AB4C
:10A09000CDE906534FF003084FF4B773CDE9043808
:10A0A0000123039311AB029336AB93E803008DE8D1
:10A0B00003000CAF0EAE96E80C0049463846FFF799
:10A0C000C7FB97E80300109B86E80300002B7FF492
:10A0D00000AF119B013BCAF81C30237843F0040306
:10A0E000A7E710ABCDE906534FF0020E0C23CDE9E4
:10A0F000043E0123039311AB029336AB93E80300B4
:10A100008DE803000CAF0EAE96E80C0049463846C9
:10A11000FFF79EFB97E80300109B86E80300002BE7
:10A120007FF4D7AE119B013BCAF81030237843F07F
:10A1300008037EE710ABCDE906534FF0020C3B233A
:10A14000CDE9043C0023039311AB029336AB93E8B3
:10A1500003008DE803000CAF0EAE96E80C004946F4
:10A160003846FFF775FB97E80300109B86E803006D
:10A17000002B7FF4AEAE119BCAF80430A9E636A9D5
:10A180000EA8F6F7DBFC00283FF4A3AE0EA8F6F706
:10A19000B3FCDBF81830C0B21B5C1E077FF599AE2C
:10A1A0000EA8FDF767FAEAE714AE08983146FDF706
:10A1B00049FD149B1B78002B3FF48BAE159B1B783D
:10A1C000002B3FF486AE10ABCDE905530223CDE959
:10A1D000036311AB029336AB93E803008DE80300F1
:10A1E0000CAF0EAE96E80C0049463846FFF776FBFA
:10A1F00097E80300109B86E80300002B7FF469AE0C
:10A20000119B002B3FF465AE637843F0010363704C
:10A210005FE6089B06949B689B6A0CAF059309E078
:10A22000254A14AE3346911F5846FDF7E2FACDE9B0
:10A2300005640CAF10ABCDE90253CDF810A036ABDE
:10A2400093E803008DE803000EAE4946384696E8D1
:10A250000C00FFF7A7FD97E8030086E8030038E647
:10A2600010ABCDE9065302203C23CDE90430002396
:10A27000039311AB029336AB93E803008DE8030020
:10A280000CAF0EAE96E80C0049463846FFF7E0FAF0
:10A2900097E80300109B86E80300002B7FF419AEBB
:10A2A000119BCAF8003014E6044A14AE3346A2F1FA
:10A2B0000901B9E7C60C0708CC0C0708D50C07083C
:10A2C00010ABCDE9065302213523CDE9043100233B
:10A2D000039311AB029336AB93E803008DE80300C0
:10A2E0000CAF0EAE96E80C0049463846FFF7B0FAC0
:10A2F00097E80300109B86E80300002B7FF4E9AD8C
:10A30000119B22681B0403F47C1322F47C1243F09B
:10A31000200322F0200213432360DAE510ABCDE9DD
:10A32000065301220623CDE904320023039311AB27
:10A33000029336AB93E803008DE803000CAF0EAE3A
:10A3400096E80C0049463846FFF782FA97E8030082
:10A35000109B86E80300002B7FF4BBAD119BCAF86D
:10A36000183082E510ABCDE906534FF002083523D3
:10A37000CDE904380023039311AB029336AB93E885
:10A3800003008DE803000CAF0EAE96E80C004946C2
:10A390003846FFF75DFA97E80300109B86E8030054
:10A3A000002B7FF496AD119B22681B0403F47C13F1
:10A3B00022F47C1243F0400322F04002ABE70898FD
:10A3C00014A9FDF72DFC149B06940CAF26E7089802
:10A3D00014A9FDF72BFCF6E710ABCDE906534FF0BF
:10A3E000020E6323CDE9043E0023039311AB0293D5
:10A3F00036AB93E803008DE803000CAF0EAE96E891
:10A400000C0049463846FFF723FA97E80300109BF3
:10A4100086E80300002B7FF45CAD637823F006032D
:10A4200043F00603637036A93046F6F787FB002831
:10A430003BD03046F6F760FB2A22C1B25846F5F70A
:10A44000AEFEA0F130085FFA88F3092B2DD8304614
:10A45000FDF710F9119B0A2707FB038336A9304645
:10A460001193F6F76BFBA0B13046F6F745FB2A22B5
:10A47000C1B25846F5F793FEA0F130085FFA88F3B1
:10A48000092B06D83046FDF7F5F8119B07FB03832F
:10A490001193119BA3F26C731193637823F0020361
:10A4A0006370119BCAF8143013E5119B442BDCBF79
:10A4B00064331193F5E710ABCDE906534FF0040C6C
:10A4C00042F20F73CDE9043C0023039311AB0293D6
:10A4D00036AB93E803008DE803000CAF0EAE96E8B0
:10A4E0000C0049463846FFF7B3F997E80300109B84
:10A4F00086E80300002B7FF4ECAC119BA3F26C7395
:10A50000CAF81430637823F0060306E53046F6F700
:10A51000F3FADBF81830C0B21B5CDF0740F1838030
:10A5200010ABCDE905530E2304936A4B039314AB90
:10A53000029336AB93E803008DE803000CAF494665
:10A54000384696E80C00FFF7C9F997E8030086E85B
:10A55000030036A93046F6F7F1FA00283FF4B9AC0B
:10A56000109B149A13437FF4B4AC3046F6F7C4FA48
:10A570002D2107465846F5F701FEFFB2B84236D105
:10A5800010AF17230221CDE90431CDE9065700238E
:10A59000039314AB029336AB93E803008DE80300FA
:10A5A0000CAE0DF1380898E80C0049463046FFF72C
:10A5B0004FF996E803003B2388E803000220CDE929
:10A5C0000430CDE906570023039314AB029336AB56
:10A5D00093E803008DE803004946304698E80C00F4
:10A5E000FFF736F996E8030088E8030071E4304687
:10A5F000F6F782FA2B2106465846F5F7BFFDF6B26C
:10A60000B0427FF466ACBBE73046F6F775FA252119
:10A6100007465846F5F7B2FDFFB2B84203D13046BF
:10A62000FDF728F855E4109B43F00403109350E421
:10A630003B9B995DDBF818305B5C1A0714D536A993
:10A640000EA8F6F77BFA00283FF444AC0EA8F6F704
:10A6500053FADBF81830C0B21B5C1B077FF53AAC2D
:10A660000EA8FDF707F8EAE75846F5F784FD80469F
:10A670000EA8F6F741FAC1B25846F5F77CFD8045C1
:10A6800012D039785846F5F773FD07460EA8F6F74D
:10A6900033FAC1B25846F5F76BFD874204D0109BE0
:10A6A00043F00403109315E40EA8FCF7E3FF11E454
:10A6B000B8F1000F7FF4A3AB0A9B9E427FF49FABDF
:10A6C0000EAB93E803000B9B83E8030018462DB004
:10A6D000BDE8F08FB00000243B9B4246995D584690
:10A6E0009F19F5F75CFD2528A2D1731C0993711CF5
:10A6F0003B9B4246595C5846F5F751FD4528CDF83D
:10A70000448001D04F2808D1B31C099309993B9B81
:10A710000022595C5846F5F742FD25380EAE542804
:10A7200081D801A353F820F009A6040827A604083D
:10A7300027A6040827A6040827A6040827A60408B5
:10A7400027A6040827A6040827A6040827A60408A5
:10A7500027A6040827A6040827A6040827A6040895
:10A7600027A6040827A6040827A6040827A6040885
:10A7700027A6040827A6040827A6040827A6040875
:10A7800027A6040827A6040827A6040827A6040865
:10A7900027A6040827A604080F9E0408739E040831
:10A7A000219F0408CF9F040827A6040827A60408B1
:10A7B00027A60408E79F040837A0040827A6040872
:10A7C00027A6040827A6040835A1040827A604081C
:10A7D00027A6040827A6040827A6040821A204081F
:10A7E00061A20408A9A20408C1A2040827A60408BB
:10A7F00065A30408CFA30408B7A404080DA50408A2
:10A8000027A6040827A6040827A6040827A60408E4
:10A8100027A6040827A604080F9E0408739E0408B0
:10A82000D99E04086B9F04086B9F040827A60408A0
:10A8300027A60408739E040827A604088FA004080E
:10A8400027A6040827A60408E3A004087FA104089B
:10A8500027A60408A9A1040827A6040813A204082F
:10A8600027A604087FA1040827A6040827A6040831
:10A870001DA30408BFA30408D9A304082DE9F04FC1
:10A8800089B004AF029014986C3087E80C00FDF793
:10A89000A7FB12A905463846F6F73DF904460028FD
:10A8A00040F0A6813846F6F727F995F84B105FFA85
:10A8B00080F9494503D095F84A304B4522D12B7C8D
:10A8C0001BB195F825304B451CD095F824304B45ED
:10A8D00018D0494514BF2D212B211698F4F78BFB76
:10A8E0000498FCF79DFE4FF0FF3312A938460593FC
:10A8F000F6F724F9002800F07D813846F6F7FCF8D9
:10A900005FFA80F90026B0464FF0FF3A2B7C1BB16E
:10A9100095F825304B4521D095F824304B451DD076
:10A9200095F84E304B4519D11EB916983021F4F7E1
:10A9300062FB0498FCF774FE12A93846CDF814A007
:10A94000F6F7FCF808F10108064628B13846F6F794
:10A95000D3F85FFA80F9D9E701242646A84B07937C
:10A960002B7C1BB1202107A8F4F767FA95F864B097
:10A97000BBF1000F78D005F14E030193002C40F09D
:10A980003281A2462B7C002B00F0B38095F8253055
:10A990004B4540F0AE80BAF1000F40F08880002CAB
:10A9A00040F08580B8F1000F7ED05FFA88F107A8EB
:10A9B000F4F721FBA0460498FCF732FE4FF0FF337A
:10A9C00012A938460593F6F7B9F800286FD0384633
:10A9D000F6F792F833465FFA80F91E46D2E795F80B
:10A9E00024304B450BD1BAF1000F08D13CB9169871
:10A9F0002E21F4F700FBB3464FF0010A42E095F830
:10AA00005C304B4503D095F862304B454FD1002C5C
:10AA10004DD1002E4BD065211698F4F7ECFA04982E
:10AA2000FCF7FEFD4FF0FF3312A938460593F6F709
:10AA300085F88346002800F0D9803846F6F75CF8A0
:10AA400095F84B305FFA80F94B4509D095F84A30BC
:10AA50004B4507D12D211698F4F7CDFA5C4611E04D
:10AA60002B21F8E75C461DE0002C40F0BC80A2469C
:10AA7000A9F13003092BB2D816984946F4F7BBFA6E
:10AA80004FF0010B0498FCF7CBFD4FF0FF3312A9F8
:10AA900038460593F6F752F848B13846F6F72CF8E1
:10AAA0005FFA80F95E46E3E71698F4F78BF80798AB
:10AAB000FCF769FE88B1BAF1000F05D124B95FFA3D
:10AAC00088F107A8F4F797FAD5E9020107AA0AF076
:10AAD00077FB10B9159B04221A6097E80300029BCC
:10AAE00083E8030007A8FCF77BFE029809B0BDE8E5
:10AAF000F08F95F824304B4513D10798FCF743FEAF
:10AB0000BAF1000FD3D1002CD1D120B15FFA88F176
:10AB100007A8F4F770FA16982E21F4F76CFADA46C3
:10AB200049E701984A460A21FCF784FE58B1019B87
:10AB3000C01A00F13001C9B21698F4F75CFA08F1B6
:10AB400001085E4637E795F85C304B4503D095F831
:10AB500062304B45ABD10798FCF715FE002CA6D10F
:10AB6000002EA4D038B1BAF1000F04D15FFA88F1F9
:10AB700007A8F4F740FA65211698F4F73CFA049810
:10AB8000FCF74EFD4FF0FF3312A938460593F5F759
:10AB9000D5FF039050B33846F5F7AEFF95F84B104C
:10ABA000039B5FFA80F9494503D095F84A00484570
:10ABB00017D12C7C1CB195F8250048450FD095F88D
:10ABC000240048450DD016980393494514BF2D2104
:10ABD0002B21F4F710FA039B1C461E46EBE6234696
:10ABE000FBE61C46F9E60024A24660E734465EE731
:10ABF0004FF000094FF0000846460124AEE600BFC2
:10AC00006CD201242DE9F0438DB008AC179E0AAF39
:10AC100084E80C0089461D4B0A93202105463846DE
:10AC2000F4F70BF9CDE90367169B029314AB93E895
:10AC300003008DE803000DF1180894E80C0040466D
:10AC40004946FFF71BFE98E80300DDF8288084E8FA
:10AC50000300EFF7C7FE18990B900BAB4046324646
:10AC600009F080FF14A92046F5F755FF18B13368A5
:10AC700043F00203336094E8030085E8030038469C
:10AC8000FCF7AEFD28460DB0BDE8F0836CD2012480
:10AC90002DE9F0438DB008AC179E0AAF84E80C0094
:10ACA00089461D4B0A93202105463846F4F7C5F81E
:10ACB000CDE90367169B029314AB93E803008DE87C
:10ACC00003000DF1180894E80C0040464946FFF7D0
:10ACD000D5FD98E80300DDF8288084E80300EFF74D
:10ACE00081FE18990B900BAB4046324609F078FF75
:10ACF00014A92046F5F70FFF18B1336843F002039B
:10AD0000336094E8030085E803003846FCF768FDEB
:10AD100028460DB0BDE8F0836CD201242DE9F04344
:10AD20008DB008AC179E0AAF84E80C0089461D4B15
:10AD30000A93202105463846F4F77FF8CDE90367EA
:10AD4000169B029314AB93E803008DE803000DF10A
:10AD5000180894E80C0040464946FFF78FFD98E834
:10AD60000300DDF8288084E80300EFF73BFE189924
:10AD70000B900BAB4046324609F07AFF14A92046EF
:10AD8000F5F7C9FE18B1336843F00203336094E865
:10AD9000030085E803003846FCF722FD28460DB085
:10ADA000BDE8F0836CD201242DE9F04F8BB006AEE4
:10ADB000169C059004F16C0086E80C00FDF710F974
:10ADC000E46804F04A04402C054654D0082C14BF13
:10ADD0004FF00A094FF0100914A93046F5F79BFE11
:10ADE0000746002840F075813046F5F785FE95F856
:10ADF0004A30C2B2934203D095F84B1091423DD1F4
:10AE0000991A4B424B4100932B7C1BB195F825308E
:10AE1000934216D095F82430934212D006980192AE
:10AE2000FCF7FEFB4FF0FF3314A930460793F5F70C
:10AE300085FE019A002800F04E813046F5F75CFE51
:10AE4000C2B24FF0000846462B7C1BB195F8253066
:10AE5000934246D095F82430934242D095F84E3034
:10AE6000934216D1B8F1000F0AD0B9F10A0F13D1ED
:10AE70005CB926467EE04FF00809ADE70097E0E7B1
:10AE8000002C74D0B9F1080F77D001364FF00108CB
:10AE900011E0B8F1000F23D095F84C30934203D065
:10AEA00095F84D3093426FD1002C68D0B9F1100F56
:10AEB0006FD10026B04606980192FCF7B1FB4FF027
:10AEC000FF3314A906A80793F5F738FE019A002866
:10AED0005DD006A8F5F710FEC2B2B8F1000FB3D1ED
:10AEE0004746B9F1100F14BF4B46162302937C4B13
:10AEF00009932B7C2BB1202109A80192F3F79DFF28
:10AF0000019A009B95F864B003F10043013B019363
:10AF1000B3FBF9F30393BBF1000F42D005F14E03ED
:10AF20000493002F40F08480BA463C462B7C002BD3
:10AF300060D095F8251091425CD1002E7DD0F1B201
:10AF400009A8F4F758F800260698FCF769FB4FF0BB
:10AF5000FF3314A906A80793F5F7F0FD0346002870
:10AF600000F0948006A8F5F7C7FDC2B2DEE72646DA
:10AF70004FF001084FF008099DE7464686E7264650
:10AF8000A0464FF0100996E74FF00108A9E7012706
:10AF9000A7E7CDF808904FF00108A8E74FF0010AA5
:10AFA00018E0002F6ED1BA463C464FF0FF3B0298A6
:10AFB0001146FCF73FFB431C3CD0039BA342EDD35F
:10AFC000019B04FB09F41B1AA34238BF4AF0010A93
:10AFD000013604440698FCF723FB14A906A8CDF813
:10AFE0001CB0F5F7ABFD034630B306A8F5F784FDBA
:10AFF000C2B2DCE795F8243093421BD00299049842
:10B00000FCF718FCB0B1049BC01A039B0F28C8BF03
:10B010000638A3420AD3019B04FB09F41B1AA3427E
:10B0200038BF4AF0010A013604448DE7DA468BE75F
:10B030000024A246002300E001270998FCF7A3FBA7
:10B0400070B1F1B209A80193F3F7D5FFD5E9020178
:10B0500009AA0AF0B5F8019B10B9179904220A60F1
:10B0600036B9B8F1000F03D10998FCF78CFB78B121
:10B0700073B9BAF1000F24D1009B03B16442189B4D
:10B080001C600BE0DA465B465C46D6E75F46D4E7D9
:10B090000023189A1360179A042313602FB1179B8B
:10B0A000179A1B6843F002031360DDE90601059B54
:10B0B00083E8030009A8FCF793FB05980BB0BDE8F3
:10B0C000F08F009B002B0CBF6FF000434FF000434C
:10B0D000DFE70022009200260127B04601E700BF0B
:10B0E0006CD2012470B588B006AD85E80C00109BC9
:10B0F00004930F9B03930E9B02930CAB04460E46E6
:10B1000093E803008DE80300204695E80C003146E3
:10B11000FFF74AFE204608B070BD2DE9F04F91B010
:10B120000CAD0790DDE91C0985E80C00C368DDF86B
:10B1300078A0DB070E4639D44FF0FF330F930FABE7
:10B14000CDE9039302901AAB93E803008DE8030066
:10B150000AAC95E80C0031462046FFF725FE94E83E
:10B1600003000F9B012B85E803000CD803F00103BB
:10B170008AF8003095E80300079B83E8030018462F
:10B1800011B0BDE8F08F01238AF800300423C9F81C
:10B1900000301AA92846F5F7BEFC0028EAD0D9F8F5
:10B1A000003043F00203C9F80030E3E76C30FCF7ED
:10B1B00017FF066A8469B6FA86F6B4FA84F44FF08B
:10B1C000010B80467609640900275A469EB194B166
:10B1D00000213AB3D8F82020BA4223D117B3002275
:10B1E0008AF80020BBF1000F5CD0D8F81830BB42C1
:10B1F00058D10423D7E71AA928460892F5F78BFC03
:10B20000089A01460028E4D109902846F5F774FC15
:10B21000DDE90821C0B29EB9D8F81C20D25D824277
:10B2200010D08CB1BBF1000F40D0D8F81830BB4221
:10B230003CD1002F3AD001238AF80030994032E007
:10B24000002AEED044B90124D8F81430DB5D8342E3
:10B2500005D14FF0010B05E0BBF1000F19D166BB22
:10B260006CB3B34628460137FCF704FA9CB1D8F812
:10B270002060BE428CBF00260126BBF1000F0CD01F
:10B28000D8F81810B9428CBF0021012122460C4683
:10B290009CE75C46E6E70126EFE70121F6E74FF081
:10B2A000000B97E74900C9F8001063E700238AF80C
:10B2B000003000299DD0062375E7002CEFD18AF8D5
:10B2C000004096E72DE9F04F8BB006AE169C059036
:10B2D00004F16C0086E80C00FCF782FEE46804F0E0
:10B2E0004A04402C054654D0082C14BF4FF00A09DC
:10B2F0004FF0100914A93046F5F70DFC0746002859
:10B3000040F075813046F5F7F7FB95F84A30C2B248
:10B31000934203D095F84B1091423DD1991A4B427C
:10B320004B4102932B7C1BB195F82530934216D0EC
:10B3300095F82430934212D006980192FCF770F9E8
:10B340004FF0FF3314A930460793F5F7F7FB019A46
:10B35000002800F04E813046F5F7CEFBC2B24FF028
:10B36000000846462B7C1BB195F82530934246D009
:10B3700095F82430934242D095F84E30934216D13E
:10B38000B8F1000F0AD0B9F10A0F13D15CB9264603
:10B390007CE04FF00809ADE70297E0E7002C72D09F
:10B3A000B9F1080F75D001364FF0010811E0B8F17E
:10B3B000000F23D095F84C30934203D095F84D30D0
:10B3C00093426DD1002C66D0B9F1100F6DD10026DB
:10B3D000B04606980192FCF723F94FF0FF3314A909
:10B3E00006A80793F5F7AAFB019A00285BD006A8E8
:10B3F000F5F782FBC2B2B8F1000FB3D14746B9F1FD
:10B40000100F14BF4B46162301937C4B09932B7CE2
:10B410002BB1202109A80392F3F70FFD039A95F8A9
:10B4200064B04FF6FF7393FBF9F30393BBF1000F86
:10B4300043D005F14E030493002F40F08B80BA46B1
:10B440003C462B7C002B64D095F82510914260D1AE
:10B45000002E00F08480F1B209A8F3F7CCFD00269D
:10B460000698FCF7DDF84FF0FF3314A906A8079300
:10B47000F5F764FB0346002800F09B8006A8F5F76B
:10B480003BFBC2B2DDE726464FF001084FF008094A
:10B490009FE7464688E72646A0464FF0100998E702
:10B4A0004FF00108ABE70127A9E7CDF804904FF072
:10B4B0000108AAE74FF0010A1BE0002F75D1BA4638
:10B4C0003C464FF0FF3B01981146FCF7B3F8431C94
:10B4D00042D0039BA342EDD319FB04F4C0F57F4394
:10B4E000A4B2FF339C42C8BF4AF0010A0444A4B28C
:10B4F00001360698FCF794F814A906A8CDF81CB0FC
:10B50000F5F71CFB034648B306A8F5F7F5FAC2B2F7
:10B51000D9E795F8243093421ED001990498FCF79E
:10B5200089F9C8B1049BC01A039B0F28C8BF06380D
:10B53000A3420DD319FB04F4C0F57F43A4B2FF333B
:10B540009C42C8BF4AF0010A0444A4B2013687E70E
:10B55000DA4685E70024A246002300E00127099887
:10B56000FCF711F970B1F1B209A80193F3F743FDAB
:10B57000D5E9020109AA09F023FE019B10B9179928
:10B5800004220A6036B9B8F1000F03D10998FCF71C
:10B59000FAF880B17BB9BAF1000F25D1029B0BB14B
:10B5A0006442A4B2189B1C800BE0DA465B465C4602
:10B5B000D5E75F46D3E70023189A1380179A042330
:10B5C00013602FB1179B179A1B6843F00203136097
:10B5D000DDE90601059B83E8030009A8FCF700F9F3
:10B5E00005980BB0BDE8F08F4FF6FF73E4E700223B
:10B5F000029200260127B04601E700BF6CD2012469
:10B6000070B588B006AD85E80C00109B04930F9BC5
:10B6100003930E9B02930CAB04460E4693E8030083
:10B620008DE80300204695E80C003146FFF74AFEFE
:10B63000204608B070BD00002DE9F04F8BB006AE7B
:10B64000169D059005F16C0086E80C00FCF7C8FC1F
:10B65000ED6805F04A05402D044655D0082D14BF6D
:10B660004FF00A094FF0100914A93046F5F753FAC4
:10B670000746002840F06B813046F5F73DFA94F814
:10B680004A305FFA80FB5B4503D094F84B10594574
:10B690003DD1A3EB0B02534253410293237C1BB1D8
:10B6A00094F825305B4515D094F824305B4511D0D3
:10B6B0000698FBF7B5FF4FF0FF3314A93046079308
:10B6C000F5F73CFA002800F046813046F5F714FA09
:10B6D0005FFA80FB4FF000084646237C1BB194F8CC
:10B6E00025305B4545D094F824305B4541D094F833
:10B6F0004E305B4516D1B8F1000F0AD0B9F10A0FF0
:10B7000013D15DB92E4679E04FF00809ACE70297F6
:10B71000E0E7002D6FD0B9F1080F72D001364FF07D
:10B72000010811E0B8F1000F22D094F84C305B45CD
:10B7300003D094F84D305B456AD1002D63D0B9F148
:10B74000100F6AD10026B0460698FBF769FF4FF04C
:10B75000FF3314A906A80793F5F7F0F900285AD08B
:10B7600006A8F5F7C9F95FFA80FBB8F1000FB4D16C
:10B770004746B9F1100F14BF4B4616230193784B7F
:10B780000993237C1BB1202109A8F3F756FB4FF046
:10B79000FF33B3FBF9F3039394F864300093002B69
:10B7A00043D004F14E030493002F40F08380BA4647
:10B7B0003D46237C002B5FD094F8251059455BD182
:10B7C000002E7CD0F1B209A8F3F715FC00260698EC
:10B7D000FBF726FF4FF0FF3314A906A80793F5F7F0
:10B7E000ADF90346002800F0948006A8F5F784F927
:10B7F0005FFA80FBDDE72E464FF001084FF00809A5
:10B80000A2E746468BE72E46A8464FF010099BE775
:10B810004FF00108ADE70127ABE7CDF804904FF0FA
:10B820000108ACE74FF0010A14E0002F6CD1BA46D2
:10B830003D4601985946FBF7FDFE431C3CD0039B57
:10B84000AB42EFD305FB09F5401928BF4AF0010AC6
:10B85000054601360698FBF7E3FE4FF0FF3314A9C7
:10B8600006A80793F5F76AF9034638B306A8F5F773
:10B8700043F95FFA80FBDCE794F824305B451BD08A
:10B88000019904985A46FBF7D5FFA8B1049BC01A4A
:10B89000039B0F28C8BF0638AB4208D305FB09F548
:10B8A000401928BF4AF0010A054601368FE7DDF846
:10B8B00000A08CE70025AA46002300E00127099894
:10B8C000FBF761FF70B1F1B209A80093F3F793FBA6
:10B8D000D4E9020109AA09F073FC009B10B9179979
:10B8E00004220A6036B9B8F1000F03D10998FBF7BA
:10B8F0004AFF80B17BB9BAF1000F25D1029B03B199
:10B900006D42189B1D600CE0DDF800A053465546C3
:10B91000D5E7009FD3E70023189A1360179A0423F2
:10B9200013602FB1179B179A1B6843F00203136033
:10B93000DDE90601059B83E8030009A8FBF750FF3A
:10B9400005980BB0BDE8F08F4FF0FF33E4E74FF000
:10B95000000BCDF808B000260127B04609E700BF6C
:10B960006CD2012470B588B006AD85E80C00109B40
:10B9700004930F9B03930E9B02930CAB04460E465D
:10B9800093E803008DE80300204695E80C0031465B
:10B99000FFF752FE204608B070BD00002DE9F04FC1
:10B9A0008BB006AE169D059005F16C0086E80C0084
:10B9B000FCF716FBED6805F04A05402D044655D00E
:10B9C000082D14BF4FF00A094FF0100914A9304692
:10B9D000F5F7A1F80746002840F06B813046F5F7EF
:10B9E0008BF894F84A305FFA80FB5B4503D094F8FB
:10B9F0004B1059453DD1A3EB0B02534253410293E7
:10BA0000237C1BB194F825305B4515D094F8243085
:10BA10005B4511D00698FBF703FE4FF0FF3314A9E6
:10BA200030460793F5F78AF8002800F04681304643
:10BA3000F5F762F85FFA80FB4FF000084646237C7A
:10BA40001BB194F825305B4545D094F824305B4514
:10BA500041D094F84E305B4516D1B8F1000F0AD0B2
:10BA6000B9F10A0F13D15DB92E4679E04FF00809FC
:10BA7000ACE70297E0E7002D6FD0B9F1080F72D064
:10BA800001364FF0010811E0B8F1000F22D094F810
:10BA90004C305B4503D094F84D305B456AD1002DA6
:10BAA00063D0B9F1100F6AD10026B0460698FBF7B3
:10BAB000B7FD4FF0FF3314A906A80793F5F73EF83A
:10BAC00000285AD006A8F5F717F85FFA80FBB8F1FE
:10BAD000000FB4D14746B9F1100F14BF4B461623DF
:10BAE0000193784B0993237C1BB1202109A8F3F71C
:10BAF000A4F94FF0FF33B3FBF9F3039394F86430E8
:10BB00000093002B43D004F14E030493002F40F028
:10BB10008380BA463D46237C002B5FD094F82510E5
:10BB200059455BD1002E7CD0F1B209A8F3F763FA36
:10BB300000260698FBF774FD4FF0FF3314A906A802
:10BB40000793F4F7FBFF0346002800F0948006A853
:10BB5000F4F7D2FF5FFA80FBDDE72E464FF00108D5
:10BB60004FF00809A2E746468BE72E46A8464FF05D
:10BB700010099BE74FF00108ADE70127ABE7CDF8CF
:10BB800004904FF00108ACE74FF0010A14E0002FD9
:10BB90006CD1BA463D4601985946FBF74BFD431C14
:10BBA0003CD0039BAB42EFD305FB09F5401928BFFE
:10BBB0004AF0010A054601360698FBF731FD4FF0C1
:10BBC000FF3314A906A80793F4F7B8FF034638B368
:10BBD00006A8F4F791FF5FFA80FBDCE794F82430C5
:10BBE0005B451BD0019904985A46FBF723FEA8B188
:10BBF000049BC01A039B0F28C8BF0638AB4208D36A
:10BC000005FB09F5401928BF4AF0010A054601362F
:10BC10008FE7DDF800A08CE70025AA46002300E0AE
:10BC200001270998FBF7AFFD70B1F1B209A80093A5
:10BC3000F3F7E1F9D4E9020109AA09F0C1FA009B7E
:10BC400010B9179904220A6036B9B8F1000F03D170
:10BC50000998FBF798FD80B17BB9BAF1000F25D1A7
:10BC6000029B03B16D42189B1D600CE0DDF800A043
:10BC700053465546D5E7009FD3E70023189A136033
:10BC8000179A042313602FB1179B179A1B6843F070
:10BC900002031360DDE90601059B83E8030009A8A0
:10BCA000FBF79EFD05980BB0BDE8F08F4FF0FF331A
:10BCB000E4E74FF0000BCDF808B000260127B046AE
:10BCC00009E700BF6CD2012470B588B006AD85E8E5
:10BCD0000C00109B04930F9B03930E9B02930CABE1
:10BCE00004460E4693E803008DE80300204695E8DD
:10BCF0000C003146FFF752FE204608B070BD2DE91A
:10BD0000F0418CB008AC149ED6F80C8084E80C008E
:10BD100028F04A0343F00803F3600BAB0493159B30
:10BD2000CDE9026312AB05468C4693E803008DE82B
:10BD3000030006AF94E80C0061463846FFF72EFE7C
:10BD400097E80300169B0B9AC6F80C8084E8030062
:10BD500085E8030028461A600CB0BDE8F0810000B9
:10BD60002DE9F04F8FB00AAF1A9C079004F16C00D8
:10BD700087E80C00FCF734F9E56805F04A05402D2A
:10BD8000064652D0082D14BF4FF00A094FF0100993
:10BD900018A93846F4F7BFFE8046002840F0B0816D
:10BDA0003846F4F7A9FE96F84A30C4B2A34203D04D
:10BDB00096F84B20A2423BD11A1B534253410193A8
:10BDC000337C1BB196F82530A34214D096F824306A
:10BDD000A34210D00A98FBF723FC4FF0FF3318A9B9
:10BDE00038460B93F4F7AAFE002800F08B81384602
:10BDF000F4F782FEC4B24FF0000A5746337C1BB101
:10BE000096F82530A34246D096F82430A34242D07B
:10BE100096F84E30A34218D1BAF1000F0BD0B9F109
:10BE20000A0F15D16DB92F4689E04FF00809AFE729
:10BE3000CDF80480DFE7002D7ED0B9F1080F00F0C7
:10BE4000818001374FF0010A11E0BAF1000F21D0D3
:10BE500096F84C30A34203D096F84D30A34278D1E7
:10BE6000002D71D0B9F1100F79D10027BA460A9888
:10BE7000FBF7D6FB4FF0FF3318A90AA80B93F4F792
:10BE80005DFE002868D00AA8F4F736FEC4B2BAF105
:10BE9000000FB3D1D046B9F1100F14BF4B46162393
:10BEA00004939B4B0D93337C1BB120210DA8F2F71B
:10BEB000C4FF019B013B0593019B059803F10043DF
:10BEC000013B029302994FEAE9734A46D4F73AFDDF
:10BED00096F864300393CDE90801002B47D006F1B2
:10BEE0004E030693B8F1000F40F0A680C3464546C6
:10BEF000CDF80080337C002B72D096F82520A2422A
:10BF00006ED1002F00F09F80F9B20DA8F3F773F8FF
:10BF100000270A98FBF784FB4FF0FF3318A90AA803
:10BF20000B93F4F70BFE0346002800F0BE800AA82E
:10BF3000F4F7E2FDC4B2DDE72F464FF0010A4FF0FF
:10BF4000080994E757467DE72F46AA464FF01009A7
:10BF50008DE74FF0010A9EE74FF001089BE7CDF80F
:10BF600010904FF0010A9CE74FF0010B26E0B8F16A
:10BF7000000F40F09380C3464546CDF800800498FA
:10BF80002146FBF757FB431C59D0089B009AAB4254
:10BF9000099B9341E8D3A9FB055309FB0233059A9A
:10BFA000111A029A62EBE072A9429A4138BF4BF033
:10BFB000010B451943EBE073009301370A98FBF737
:10BFC0002FFB4FF0FF3318A90AA80B93F4F7B6FD27
:10BFD0000346002835D00AA8F4F78EFDC4B2CEE798
:10BFE00096F82430A3422AD0049906982246FBF7FB
:10BFF00021FC20B3069B009AC01A089B0F28C8BFDB
:10C000000638AB42099B934113D3A9FB055309FBA7
:10C010000233059A111A029A62EBE072A9429A4120
:10C0200038BF4BF0010B451943EBE0730093013728
:10C030006FE7DDF80CB06CE700250095AB460023F8
:10C0400001E04FF001080D98FBF79DFB70B1F9B2CC
:10C050000DA80293F2F7CFFFD6E902010DAA09F06D
:10C06000AFF8029B10B91B9904220A6037B9BAF1E4
:10C07000000F03D10D98FBF786FBC8B1C3B9BBF124
:10C08000000F32D1019B23B1009B6D4263EB430350
:10C0900000931C9B009A1D605A6011E0DDF80CB003
:10C0A000CDF800B05B465D46CDE7DDF80C80CAE711
:10C0B000002200231C99C1E900231B9A042313606A
:10C0C000B8F1000F05D01B9B1B9A1B6843F00203BD
:10C0D0001360DDE90A01079B83E803000DA8FBF765
:10C0E0007FFB07980FB0BDE8F08F019B1BB10022CA
:10C0F0004FF00043DEE74FF0FF326FF00043D9E727
:10C100000024019400274FF00108BA46C3E600BF9F
:10C110006CD2012470B588B006AD85E80C00109B88
:10C1200004930F9B03930E9B02930CAB04460E46A5
:10C1300093E803008DE80300204695E80C003146A3
:10C14000FFF70EFE204608B070BD00002DE9F04F4D
:10C150008DB008AF189C059004F16C0087E80C00C6
:10C16000FBF73EFFE56805F04A05402D064652D034
:10C17000082D14BF4FF00A0A4FF0100A16A93846CE
:10C18000F4F7C9FC8146002840F0A7813846F4F74F
:10C19000B3FC96F84A30C4B2A34203D096F84B20C1
:10C1A000A2423BD11A1B534253410393337C1BB130
:10C1B00096F82530A34214D096F82430A34210D02C
:10C1C0000898FBF72DFA4FF0FF3316A9384609936C
:10C1D000F4F7B4FC002800F082813846F4F78CFCB8
:10C1E000C4B24FF0000BD846337C1BB196F8253013
:10C1F000A34247D096F82430A34243D096F84E305D
:10C20000A34218D1BBF1000F0BD0BAF10A0F15D120
:10C2100065B9A84687E04FF0080AAFE7CDF80C9063
:10C22000DFE7002D7CD0BAF1080F7FD008F10108BC
:10C230004FF0010B12E0BBF1000F22D096F84C300A
:10C24000A34203D096F84D30A34276D1002D6FD093
:10C25000BAF1100F77D14FF00008C3460898FBF7EA
:10C26000DFF94FF0FF3316A908A80993F4F766FC2D
:10C27000002865D008A8F4F73FFCC4B2BBF1000F5A
:10C28000B2D1D946BAF1100F14BF53461623029308
:10C29000964B0B93337C1BB120210BA8F2F7CDFDFD
:10C2A0004FEAEA7352464FF0FF304FF0FF31D4F7B8
:10C2B00049FB96F864300193CDE90601002B4AD082
:10C2C00006F14E030493B9F1000F40F0AB80CDF8B6
:10C2D00000904D464F46337C002B76D096F82520B3
:10C2E000A24272D1B8F1000F00F0A3805FFA88F18A
:10C2F0000BA8F2F780FE4FF000080898FBF790F9C2
:10C300004FF0FF3316A908A80993F4F717FC03466A
:10C31000002800F0BD8008A8F4F7EEFBC4B2DAE70D
:10C32000A8464FF0010B4FF0080A97E7D8467FE781
:10C33000A846AB464FF0100A90E74FF0010BA1E77B
:10C340004FF001099EE7CDF808A04FF0010B9FE7E1
:10C350000123009327E0B9F1000F40F09480CDF85D
:10C3600000904D464F4602982146FBF763F9431C67
:10C370005BD0069BAB42079BBB41E9D3AAFB0553AD
:10C380000AFB073341194FEAE07757EB03010099A5
:10C390004FF0000228BF012211434519009147EBDD
:10C3A000030708F101080898FBF73AF94FF0FF334B
:10C3B00016A908A80993F4F7C1FB0346002836D054
:10C3C00008A8F4F799FBC4B2CDE796F82430A3424D
:10C3D0002BD0029904982246FBF72CFA28B3049B31
:10C3E000C01A069B0F28C8BF0638AB42079BBB414B
:10C3F00015D3AAFB05530AFB073341194FEAE0772F
:10C4000057EB030100994FF0000228BF01221143AE
:10C410004519009147EB030708F101086DE7019BFF
:10C4200000936AE700252F460095002301E04FF0B6
:10C4300001090B98FBF7A7F978B15FFA88F10BA80F
:10C440000193F2F7D8FDD6E902010BAA08F0B8FE75
:10C45000019B10B9199904220A60B8F1000F06D1A6
:10C46000BBF1000F03D10B98FBF78DF998B193B98D
:10C47000009B6BBB039B13B16D4267EB47071A9B95
:10C48000C3E900570FE0019B00931D461F46D0E70C
:10C49000DDF80490CDE7002200231A99C1E90023BA
:10C4A000199A04231360B9F1000F05D0199B199A4A
:10C4B0001B6843F002031360DDE90801059B83E874
:10C4C00003000BA8FBF78CF905980DB0BDE8F08FC1
:10C4D0004FF0FF324FF0FF33DFE7002403944FF0BB
:10C4E00000084FF00109C346CCE600BF6CD201241E
:10C4F00070B588B006AD85E80C00109B04930F9BC7
:10C5000003930E9B02930CAB04460E4693E8030084
:10C510008DE80300204695E80C003146FFF716FE33
:10C52000204608B070BD2DE9F04F8FB0DDE91AB795
:10C530000AAC4FF0000A06460BF16C0084E80C00D0
:10C540008846CDF834A0FBF7B3FC0DABCDE906B3BC
:10C5500002226323CDE904320CAB0293CDF80CA088
:10C5600018AB814693E803008DE8030008AD94E81A
:10C570000C0041462846FDF76BF995E803000D9B3A
:10C5800084E80300002B51D118A92046F4F7D6FA0D
:10C59000002846D02046F4F7AFFA2A22C1B2484616
:10C5A000F3F7FDFDA0F13005EBB2092B39D8204699
:10C5B000FBF760F80C9B4FF00A0808FB035518A91D
:10C5C00020460C95F4F7BAFA98B12046F4F794FA9D
:10C5D0002A22C1B24846F3F7E2FDA0F13005EBB2E2
:10C5E000092B06D82046FBF745F80C9B08FB0355A2
:10C5F0000C950C9BA3F26C730C931C9B0C9A5A61C8
:10C6000018A92046F4F787FA18B13B6843F00203F3
:10C610003B6094E8030086E8030030460FB0BDE8B5
:10C62000F08F0C9B442BE8DC6433E5E73B6843F078
:10C6300004033B60E4E72DE9F0479CB0DDE9269672
:10C640000AAC054609F16C0084E80C008846FBF74B
:10C650002FFD0DF1380A07465146FBF709FB384616
:10C6600015A9FBF7F5FA00230D930DABCDE9059362
:10C670000723CDE903A30CAB029324AB93E803009B
:10C680008DE8030008AF94E80C0041463846FDF7FA
:10C69000D2FA97E803000D9B84E803009BB9289B1E
:10C6A0000C9A9A6124A92046F4F735FA18B1336838
:10C6B00043F00203336094E8030085E80300284652
:10C6C0001CB0BDE8F087336843F004033360E9E74A
:10C6D0002DE9F047A6B0DDE930960AAC054609F130
:10C6E0006C0084E80C008846FBF7E2FC0DF1380A88
:10C6F00007465146FBF7EBFA38461AA9FBF7C8FA8A
:10C7000000230D930DABCDE905930C23CDE903A3D5
:10C710000CAB02932EAB93E803008DE8030008AF47
:10C7200094E80C0041463846FDF785FA97E8030087
:10C730000D9B84E803009BB9329B0C9A1A612EA9C9
:10C740002046F4F7E8F918B1336843F00203336088
:10C7500094E8030085E80300284626B0BDE8F0878A
:10C76000336843F004033360E9E72DE9F04F93B0F9
:10C77000DDE91EB70AAC05460BF16C0084E80C003D
:10C78000DDF880A08946FBF793FC0DA9FBF74EFA74
:10C790000023CDE90F3311930D9BCDE902B7CDE90D
:10C7A00004A30FAE06961CAB93E803008DE80300CC
:10C7B0000DF1200894E80C0049464046FDF7F2FAD6
:10C7C00098E8030084E803005146304608F0FEFC78
:10C7D0001CA92046F4F79FF918B13B6843F0020307
:10C7E0003B6094E8030085E80300284613B0BDE8E9
:10C7F000F08F2DE9F04F93B0DDE91EB70AAC054686
:10C800000BF16C0084E80C00DDF880A08946FBF792
:10C810004FFC0DA9FBF704FA0023CDE90F33119368
:10C820000D9BCDE902B7CDE904A30FAE06961CAB74
:10C8300093E803008DE803000DF1200894E80C0054
:10C8400049464046FDF7AEFA98E8030084E8030045
:10C850005146304608F0BAFC1CA92046F4F75BF9B3
:10C8600018B13B6843F002033B6094E8030085E89D
:10C870000300284613B0BDE8F08F00002DE9F04F0B
:10C8800091B00AA981E80C00DDE91C3903F16C04C0
:10C8900006902046FBF70CFB04902046FBF7BEFEFB
:10C8A00000F138030793036A05461BB1836A003B16
:10C8B00018BF012302932B7C9A4C0D941BB12021AD
:10C8C0000DA8F2F7BAFA20210EA80E94F2F7B5FAE5
:10C8D00005F13903002608936B6B0F93B04637467A
:10C8E0000396B24601960FAB9B5D042B61D8DFE83F
:10C8F00013F08E0167012F00FE000500DFF828B25B
:10C900001AA90AA8F4F71AF903460446002800F009
:10C9100040810AA80993F4F7EFF80A21C2B20898F7
:10C920000592FAF787FF059A099B002800F02081FD
:10C93000079BC01ADBF80030195C0EA8F2F75BFB0E
:10C940007C1C039F0AA8FAF795FE03972746D7E7B2
:10C950001C9BDB6898051FD4BAF1010F1CD8DEB10F
:10C96000012E0BD1029BBBB99DF83C30032B13D099
:10C970009DF83E30012B0FD00226B4E7022E40F086
:10C980005A819DF83F30042B06D0029A002A00F00D
:10C990004D81032B40F04C81AB6905934FF0000BA8
:10C9A0001AA90AA8F4F7CAF8059B044618B99B45CA
:10C9B00012D101241AE09B4518D00AA8F4F79CF87C
:10C9C0006A6912F80B20C0B2824205D10AA8FAF7B0
:10C9D00051FE0BF1010BE3E7BBF1000F40F02481A6
:10C9E0001C9BDC6884F40074C4F340240136042EDC
:10C9F00040F01081BAF1010F40F23081002C00F0BC
:10CA00000C81019B002B00F018816C6A01261AA989
:10CA10000AA8F4F793F8002840F01181564540F039
:10CA2000FC800E98FAF7AFFE012810D900223021C1
:10CA30000EA8F2F74EF8024648B1431C03D10E98F7
:10CA4000FAF7A1FE421E00210EA8FAF7AFFE019BE5
:10CA500073B10EA8F2F72CF90E9B1B78302B07D080
:10CA60000EA8F2F72EF92D2201460EA8F2F766F96C
:10CA70000D98FAF788FEA0B1B8F1000F00F0F18030
:10CA80009DF80C100DA8F2F7B6FAD5E902010DAA2F
:10CA900008F096FB28B9D9F8003043F00403C9F830
:10CAA0000030B8F1000F03D0EB6ABB4240F0B58014
:10CAB0001E980EA9F1F7F8FF0AAC1AA92046F4F760
:10CAC0002AF828B1D9F8003043F00203C9F8003041
:10CAD00094E80300069B83E803000EA8FAF780FEA3
:10CAE0000DA8FAF77DFE069811B0BDE8F08F2B6A0D
:10CAF000E3B9AB6A002B2ED01AA90AA8F4F71EF8E6
:10CB0000044640B30AA8F3F7F7FF6B6A1B78C0B27C
:10CB1000834220D10AA8D5F828A0FAF7ABFD0194EA
:10CB200064E700BF6CD20124740000241AA90AA88B
:10CB3000F4F704F804460028DBD00AA8F3F7DCFF7A
:10CB4000EB691B78C0B28342D3D10AA8D5F820A0E4
:10CB5000FAF790FD4AE72B6A1BB9029B83F00104A8
:10CB600044E7AB6A002BF8D1012301931C463DE753
:10CB7000697C914208D1B8F1000F05D1EA6A002A18
:10CB800008DD98460446DDE62B7C1BB1AB7C934266
:10CB900007D001240E98FAF7F6FD002808BF0024FC
:10CBA00024E7B8F1000F07D147B1F9B20DA8F2F7A9
:10CBB00022FA4446039FC5E64446EBE73C46E9E7D4
:10CBC0001AA90AA8F3F7BAFFA8B90024032E3FF464
:10CBD00011AF1AA90AA8F3F7B1FFD0B10AA8F3F769
:10CBE0008BFF049BC0B29B691B5C1A0711D50AA876
:10CBF000FAF740FDEDE70AA8F3F77EFF049BC0B209
:10CC00009B691B5C1907E0D50AA8FAF733FD0124DC
:10CC1000DCE70136002C7FF466AED9F8003043F033
:10CC20000403C9F8003047E70024DFE603265AE68C
:10CC3000029C0326EEE70124DCE6EC69E6E65645B5
:10CC40003FF4EFAE0AA8F3F757FFA35DC0B28342EB
:10CC5000E3D10AA8FAF70EFD0136D8E6002CDCD0A5
:10CC6000DFE6F9B20EE700BF2DE9F04F91B00AA957
:10CC700081E80C00DDE91C3903F16C0406902046C4
:10CC8000FBF716F904902046FBF716FC00F1380379
:10CC90000793036A05461BB1836A003B18BF012353
:10CCA00002932B7C9A4C0D941BB120210DA8F2F716
:10CCB000C4F820210EA80E94F2F7BFF805F139034D
:10CCC000002608936B6B0F93B04637460396B24627
:10CCD00001960FAB9B5D042B61D8DFE813F08E014A
:10CCE00067012F00FE000500DFF828B21AA90AA884
:10CCF000F3F724FF03460446002800F040810AA809
:10CD00000993F3F7F9FE0A21C2B208980592FAF7DF
:10CD100091FD059A099B002800F02081079BC01A0D
:10CD2000DBF80030195C0EA8F2F765F97C1C039F54
:10CD30000AA8FAF79FFC03972746D7E71C9BDB68F6
:10CD400098051FD4BAF1010F1CD8DEB1012E0BD10A
:10CD5000029BBBB99DF83C30032B13D09DF83E30AD
:10CD6000012B0FD00226B4E7022E40F05A819DF825
:10CD70003F30042B06D0029A002A00F04D81032B8D
:10CD800040F04C81AB6905934FF0000B1AA90AA83B
:10CD9000F3F7D4FE059B044618B99B4512D1012434
:10CDA0001AE09B4518D00AA8F3F7A6FE6A6912F8A4
:10CDB0000B20C0B2824205D10AA8FAF75BFC0BF146
:10CDC000010BE3E7BBF1000F40F024811C9BDC6802
:10CDD00084F40074C4F340240136042E40F0108122
:10CDE000BAF1010F40F23081002C00F00C81019B60
:10CDF000002B00F018816C6A01261AA90AA8F3F723
:10CE00009DFE002840F01181564540F0FC800E98B0
:10CE1000FAF7B9FC012810D9002230210EA8F1F749
:10CE200058FE024648B1431C03D10E98FAF7ABFCFA
:10CE3000421E00210EA8FAF7B9FC019B73B10EA89F
:10CE4000F1F736FF0E9B1B78302B07D00EA8F1F7B9
:10CE500038FF2D2201460EA8F1F770FF0D98FAF762
:10CE600092FCA0B1B8F1000F00F0F1809DF80C1019
:10CE70000DA8F2F7C0F8D5E902010DAA08F0A0F953
:10CE800028B9D9F8003043F00403C9F80030B8F1EC
:10CE9000000F03D0EB6ABB4240F0B5801E980EA98C
:10CEA000F1F702FE0AAC1AA92046F3F734FE28B1C6
:10CEB000D9F8003043F00203C9F8003094E80300C9
:10CEC000069B83E803000EA8FAF78AFC0DA8FAF780
:10CED00087FC069811B0BDE8F08F2B6AE3B9AB6A06
:10CEE000002B2ED01AA90AA8F3F728FE044640B357
:10CEF0000AA8F3F701FE6B6A1B78C0B2834220D107
:10CF00000AA8D5F828A0FAF7B5FB019464E700BF9A
:10CF10006CD20124740000241AA90AA8F3F70EFEAB
:10CF200004460028DBD00AA8F3F7E6FDEB691B787E
:10CF3000C0B28342D3D10AA8D5F820A0FAF79AFB51
:10CF40004AE72B6A1BB9029B83F0010444E7AB6AF2
:10CF5000002BF8D1012301931C463DE7697C9142E7
:10CF600008D1B8F1000F05D1EA6A002A08DD984619
:10CF70000446DDE62B7C1BB1AB7C934207D0012439
:10CF80000E98FAF700FC002808BF002424E7B8F147
:10CF9000000F07D147B1F9B20DA8F2F72CF84446BB
:10CFA000039FC5E64446EBE73C46E9E71AA90AA811
:10CFB000F3F7C4FDA8B90024032E3FF411AF1AA95A
:10CFC0000AA8F3F7BBFDD0B10AA8F3F795FD049BBF
:10CFD000C0B29B691B5C1A0711D50AA8FAF74AFB75
:10CFE000EDE70AA8F3F788FD049BC0B29B691B5CC0
:10CFF0001907E0D50AA8FAF73DFB0124DCE7013662
:10D00000002C7FF466AED9F8003043F00403C9F871
:10D01000003047E70024DFE603265AE6029C032699
:10D02000EEE70124DCE6EC69E6E656453FF4EFAEB8
:10D030000AA8F3F761FDA35DC0B28342E3D10AA859
:10D04000FAF718FB0136D8E6002CDCD0DFE6F9B29F
:10D050000EE700BF2DE9F0438DB006AC84E80C006C
:10D06000DDE9173809AFCDE9038702938C4614AB8D
:10D0700018490991054693E803009DF858208DE86A
:10D0800003000AAEFAB194E80C0061463046FFF79F
:10D09000F5FB96E80300DDF8249084E80300EDF743
:10D0A000A1FC19990A9033464246484607F0E0FD34
:10D0B00094E8030085E803003846FAF791FB284618
:10D0C0000DB0BDE8F08394E80C0061463046FFF7F0
:10D0D000CBFDDEE76CD201242DE9F04F8DB006AC1C
:10D0E000DDF864B09DF8609007460BF16C0084E8B1
:10D0F0000C008A46FAF7DCFE1A9B1F490991CDE91C
:10D1000002B309AE049616AB804693E803008DE89F
:10D1100003000AAD94E80C0051462846B9F1000F0F
:10D1200026D0FFF7ABFB95E8030084E803000998DD
:10D13000FAF729FB054680B101461B98F1F756FF27
:10D14000DDF824A01B98F1F7B3FD1B9B55441B6829
:10D150002A4651464046FAF74CFB94E8030087E81C
:10D1600003003046FAF73CFB38460DB0BDE8F08FBF
:10D17000FFF77AFDD7E700BF6CD20124244B1A6871
:10D18000D0075CBF01221A60224B1A68D1075CBF2E
:10D1900001221A60204B1A68D2075CBF01221A6074
:10D1A0001E4B1A68D0075CBF01221A601C4B1A681C
:10D1B000D1075CBF01221A601A4B1A68D2075CBF04
:10D1C00001221A60184B1A68D0075CBF01221A604E
:10D1D000164B1A68D1075CBF01221A60144B1A68FB
:10D1E000D2075CBF01221A60124B1A68D0075CBFDD
:10D1F00001221A60104B1A68D1075CBF01221A6025
:10D200000E4B1A68D2075CBF01221A60704700BF3C
:10D2100034D3012430D301242CD3012428D3012476
:10D2200024D3012420D301241CD3012418D30124A6
:10D2300014D3012410D301240CD3012408D30124D6
:10D2400038B545682B6853F80C3C1D440446EB6820
:10D250009B0410D507F09FF968B9A86F58B100F08A
:10D2600078FB013007D163681A6852F80C0C012171
:10D270001844F9F76DFF204638BD036853F80C3C9D
:10D28000034413B59B6F0446CBB10146684600F0DA
:10D2900019F89DF800307BB1236853F80C3C234407
:10D2A000986F00F056FB013006D1236853F80C0C40
:10D2B00001212044F9F74CFF6846FFF7C1FF2046E3
:10D2C00002B010BD38B5002303700B68416053F8FD
:10D2D0000C3C0B440546186F0C4618B15B690BB942
:10D2E000FFF7CBFF236853F80C0C204443691BB9AC
:10D2F00001232B70284638BDDB07FBD50421F9F745
:10D3000027FFF7E703460846D3E901128A4230B502
:10D3100014D9411C0ED012F8014C1D6AC1B28C42C6
:10D3200001D0ED060AD5551E8C429D6001D002F851
:10D33000011C30BD013A9A600020FAE74FF0FF303F
:10D34000F7E7000010B5074B044640F8243B00F017
:10D350006EFB2046044B40F81C3BEDF79DFB20463E
:10D3600010BD00BFB84207088C43070810B504463B
:10D37000FFF7E8FF204607F0A7F8204610BD4369F5
:10D380004BB1C2680AB19A4205D2026AC360120761
:10D3900058BFC0E901337047036A1B0710B5044644
:10D3A00005D5FFF7ECFFD4E90230C01A10BD4FF0ED
:10D3B000FF30FBE7036A1B0710B5044602D44FF0A9
:10D3C000FF3010BDFFF7DBFFD4E902329342F6D203
:10D3D0001878F6E770B5DDE90434C0E904110949AD
:10D3E00082616FF00045B3F1004F74F100064269AD
:10D3F00002DA1A44426170BD2A445B18426164F14A
:10D400000004F0E7010000802DE9F04F0D4685B0E3
:10D41000814614461E46DDE90E720023C9E9023337
:10D420002B6A4FF0FF3002EA03084FF0FF31C9E9E1
:10D43000000108F00800C8F3C00308F01001C8F3A9
:10D440000018A0B1A9B1B7F1010B18BF4FF0010B43
:10D4500082F0100113EA111182F0080208EAD208E2
:10D4600009D06A6882B954EA06033AD10CE08346CF
:10D47000EEE78B46ECE72A69002A58D0B8F1000F96
:10D4800002D1BBF1000F2CD02846CDE90212FFF7E4
:10D4900076FF012FDDE9021227D1AB686F699B1A75
:10D4A0001819A7EB020746EBE37317EB040A46EBE8
:10D4B000E77704461E4611B9BBF1000F33D0002EAA
:10D4C0000ADBEB689B1AD917A342B141A1BF6B6875
:10D4D000C9E900461B19AB60B8F1000F0FD0002F4F
:10D4E00011DA484605B0BDE8F08F022F04D1EB6891
:10D4F0009B1A1C1946EBE376A2463746DBE7BBF1E5
:10D50000000FECD1EDE7EB689B1ADA175345BA41EF
:10D51000E7DBCDE900A72846AA692969FFF75AFF8A
:10D52000C9E900A7DDE7B8F1000FD8D1D9E754EA7F
:10D530000603A3D0D5E782B02DE9F3470C460AA92C
:10D5400081E80C00164698464FF0FF324FF0FF334B
:10D55000C0E900230023C0E902330E9F236A1F4065
:10D5600017F0080A14BFD4F80490D4F810900546B8
:10D57000B9F1000F02D156EA080323D117F0180FB2
:10D5800020D02046FFF7FBFEB8F1000F1ADBE3685E
:10D59000A3EB0903DA17B34272EB080212DBBAF10C
:10D5A000000F02D063683344A360FB0606D5CDE9C3
:10D5B00000682046A2692169FFF70CFF0AAB0FCB78
:10D5C00085E80F00284602B0BDE8F04702B070477A
:10D5D0002DE9F347856A04469A46036A24301746C4
:10D5E0000E460D4403F0080803F0100900F0B2FAEB
:10D5F000626A964217BFED1932182A460027B8F121
:10D60000000F03D03744C4E902756660B9F1000F1A
:10D610000DD00023CDF800A0019331462046FFF73E
:10D62000D9FEB8F1000F02D1C4E90155E56002B09E
:10D63000BDE8F08738B5044639B1002A05DB456AF4
:10D64000002383622B70FFF7C3FF204638BD2DE90E
:10D65000F041036A0D46D90688B004466AD56A1CB3
:10D6600066D000F12407384600F074FAD4E90413B8
:10D67000A269561A864220D25B1A666ADA17CDE989
:10D680000032314632182046FFF7A4FE236A1B07FA
:10D690000AD5D4E901135B1AF218E3685B1A013367
:10D6A000C4E901623344E36063691D706369013357
:10D6B0006361284608B0BDE8F0819342F5D36FF06E
:10D6C0004043984236D04100994228BF1946B1F5EF
:10D6D000007F04AA4FF0000638BF4FF4007102A883
:10D6E000029203968DF8106000F09AFA23695FFAAF
:10D6F00085F83BB1A269D21A00923146039A02A87A
:10D7000000F06CFB414602A800F0A5FA02A93846D9
:10D7100000F0F2FBD4E90430D4E90121C31A8A1ADB
:10D720002046616AFFF754FF02A800F080F9BDE7C8
:10D730000025BEE74FF0FF35BBE7000010B50446FB
:10D7400081B10B4B036008221433A35000236360A4
:10D750008B0705D52046074B40F8083FF9F766FDD3
:10D76000204610BD10682060536850F80C2CECE780
:10D77000743C0708183C070870B5044615460E4669
:10D78000C1B1104B036044221433A35004F10800CC
:10D79000FFF7D8FDA6B92A1D00212046FFF7CEFFCE
:10D7A000B30705D52046084B40F8443FF9F73EFD46
:10D7B000204670BD12680260EB6852F80C2CE4E75A
:10D7C000024AE9E734430708183C07081C430708E6
:10D7D0000A460021FFF7D0BF00220221FFF7CCBF8D
:10D7E000D0F800C0ACF10C0CDCF800C06044F3E7EA
:10D7F00010B50446FFF7F0FF204606F065FE204610
:10D8000010BDD0F800C0ACF10C0CDCF800C06044D6
:10D81000EEE77047704730B500224FF0FF344FF00D
:10D82000FF35C0E90045C0E9022230BD82B08DE875
:10D830000C004FF0FF334FF0FF32C0E9002300230C
:10D84000C0E9023302B070470020704700207047E3
:10D850004FF0FF307047036810B55B6A0446984785
:10D86000431C1EBFA36813F8010BA36010BD4FF04B
:10D87000FF3070474FF0FF307047000010B5044B89
:10D88000044640F81C3BEDF707F9204610BD00BFE9
:10D890008C43070810B50446FFF7F0FF204606F05A
:10D8A00013FE204610BD2DE9F84306460F4690466C
:10D8B0000025454502DB2846BDE8F883D6E9050486
:10D8C000241A11D0A8EB05094C45C8BF4C4639466F
:10D8D0002246D8BFA1460CF0BEF973694D442344DB
:10D8E000A84527447361E4DD336839785B6B3046C3
:10D8F00098470130DFD001350137DAE72DE9F843E9
:10D9000007460C4690460026464502DB3046BDE8F9
:10D91000F883D7E902156D1A11D0A8EB06094D4519
:10D92000C8BF4D4620462A46D8BFA9460CF093F9F9
:10D93000BB684E442B44B0452C44BB60E4DD3B68DF
:10D9400038469B6A9847431CE0D004F8010B013627
:10D95000DAE703689B691847D0E902218A42034647
:10D9600002D303689B6A184712F8010B9A6070474C
:10D97000D0E902218A4202D303685B6A1847107813
:10D98000704710B50446FFF7E7FF431C02D020465E
:10D99000FFF7EEFF10BD03681B6B1847D0E90221AB
:10D9A0008A4202D303685B6A1847106870470368AD
:10D9B0001B6B18470AB10CF04EB970470B46114665
:10D9C0001A460BB1D2F79CBC18467047081E08B522
:10D9D00001DAF9F77FFBBDE80840ECF734BF50F8F7
:10D9E000083B1B1A58425841704700000B68B3F1BE
:10D9F000804F10B502D30B48F9F778FB93420BD94F
:10DA0000B3EB420F4FEA420406D2B4F1804F2ABF73
:10DA10006FF040430C600B6009680131FFF7D6FFDF
:10DA200010BD00BFE60C0708006806F04DBD10B53C
:10DA30000446FFF7D4FF18B9A1682046FFF7F4FFAA
:10DA400010BD000008B5034608465B6898421146C1
:10DA500003D902460148F9F74FFB08BD7A0B0708C6
:10DA6000406801F180410139091A914208B502D29A
:10DA70001846F9F73BFB08BD03688B4206D842689D
:10DA80001344994294BF0020012070470120704741
:10DA9000012A10B404D10A785DF8044B0270704773
:10DAA0005DF8044BFFF786BF012A30B403D10B7831
:10DAB000037030BC7047002AFBD030BC0AF068BA53
:10DAC0000B46012B10B41146044603D122705DF8B9
:10DAD000044B7047002BFAD05DF8044B1A460AF04D
:10DAE00071BA37B50F2904460191154606D90022AF
:10DAF00001A9FFF77BFF019B2060A360019919B189
:10DB000020682A46FFF7DCFF019B22686360002142
:10DB1000D15403B030BD08B5521AFFF7B9FF08BDA4
:10DB200008B5521AFFF7B4FF08BD38B504461546CC
:10DB3000084611446268521A05D025B12368194479
:10DB40001844FFF7B1FF636822685B1B0021636024
:10DB5000D15438BD10B50446FFF741FF08B9A0689D
:10DB600010BD0F20FCE78842F7B504460E461DD0D5
:10DB70004D68FFF7EFFFA842024611D201A92046E7
:10DB80000195FFF733FF07462046FFF750FF019B43
:10DB90002760A360316820682A46FFF779FF01E01B
:10DBA000002DF7D12368656000225A5503B0F0BDFF
:10DBB0002DE9F3470A9E1F46436801EB0208B21A9B
:10DBC0001A4404460D46A3EB08090192FFF7C2FF71
:10DBD00001A902462046FFF709FF82461DB12168D0
:10DBE0002A46FFF755FF37B12EB1324639460AEBC8
:10DBF0000500FFF74DFFB9F1000F07D0216835444C
:10DC00004A4641440AEB0500FFF742FF2046FFF772
:10DC10000EFF019BC4F800A0A36002B0BDE8F0872E
:10DC200037B504460191FFF795FF019B83420246F9
:10DC30000FD901A92046FFF7D9FE62682168013299
:10DC40000546FFF725FF2046FFF7F1FE019B256003
:10DC5000A36003B030BDF7B5466804460F46FFF732
:10DC600079FF751C854207D90123009300231A46CA
:10DC700031462046FFF79CFF23689F552368656067
:10DC800000225A5503B0F0BD2DE9F74316461D4654
:10DC900004461B4B2A460F463146FFF7E1FE20465D
:10DCA000FFF758FFD4F80490A5EB0608C844404598
:10DCB0001DD3F319B9EB030207D0AE4205D020689B
:10DCC000384481192844FFF7EFFE35B120689DF8EC
:10DCD000282029463844FFF7F3FE2368C4F804805F
:10DCE0000022204603F8082003B0BDE8F083009529
:10DCF0000023324639462046FFF75AFFE5E700BFCA
:10DD0000F00B070807B500920B4600224168FFF7A9
:10DD1000BBFF03B05DF804FB10B544688C420346BA
:10DD200003D2091BFFF7EEFF10BD81BF03684160FE
:10DD300000225A54F8E708B50022FFF7EDFF08BDAE
:10DD400037B503680092CC1A05460123002221460C
:10DD5000FFF79AFF2868204403B030BD2DE9F04159
:10DD6000DDE906680D4617461C4636B1964230D8A6
:10DD7000324619462846FFF797FEB8F1000F11D03A
:10DD8000BE420FD04246E919A819FFF78DFEBE42E8
:10DD900008D9EB19A219934206D3324621462846E8
:10DDA000FFF782FEBDE8F081A34208D8641BE41BA4
:10DDB0003444324629192846FFF76AFEF2E71F1B52
:10DDC0003A4621462846FFF76FFEF21BA919E819CB
:10DDD000F2E7B8F1000FD5D1DBE700002DE9F74FEE
:10DDE0000C9E1546044632460F4698462946214B5E
:10DDF000FFF736FE2046FFF7ADFED4F804B0A6EBE1
:10DE0000050ADA4450452DD32368414603EB070940
:10DE100020462F44ABEB0707FFF72EFEC8B147B1F2
:10DE2000B54206D03A4609EB050109EB0600FFF7BB
:10DE30003BFE26B1324641464846FFF729FE23689D
:10DE4000C4F804A00022204603F80A2003B0BDE86D
:10DE5000F08FCDE9006743462A4649462046FFF742
:10DE60007DFFECE7009643462A4639462046FFF7F9
:10DE70009FFEE4E7FE0C07082DE9F341D0F804808B
:10DE8000044602EB08070E461546FFF763FEB8424C
:10DE90000ED32DB120682A4631464044FFF7F8FDE5
:10DEA0002368676000222046DA5502B0BDE8F081A1
:10DEB00000953346002241462046FFF779FEEFE702
:10DEC0002DE9F041064690460F460A4A19461D467E
:10DED000FFF7B8FD7468641B444528BF44462CB165
:10DEE0003168224629443846FFF7D2FD2046BDE876
:10DEF000F08100BFB10B07082DE9F043884285B0DF
:10DF000005460C4635D0FFF76AFD06462046FFF76A
:10DF100066FD002E4AD06F68002838D06668D7B1F9
:10DF200004F1080805F1080901372EB3013632461D
:10DF300041466846FFF73EFD3A4649464046FFF7F0
:10DF400039FD324669464846FFF734FD6B68626822
:10DF50006A6063600DE0002EF8D0721C04F10801C5
:10DF600005F10800FFF726FD63686B6023686760B2
:10DF70001F7005B0BDE8F0833A4649464046FFF7BA
:10DF800019FD6B6863602B686E601E70F1E72646B2
:10DF90007A1C56F8088F05F108013046FFF70AFD94
:10DFA00023682B602660C5F80880CFE7AF6868B1AA
:10DFB000626805F10806013204F108013046FFF7F6
:10DFC000F9FC2B6823602E60A760BFE722682B68EE
:10DFD0002A602360A368AB60F6E738B54568AA42BB
:10DFE000134608D204680A46E018E91AFFF7E6FC6F
:10DFF00008B1001B38BD4FF0FF30FBE7F8B54468AF
:10E00000A3420E461D460CD8E41A9442076828BF66
:10E0100014462A4631463819F0F7B8FC18B1631E89
:10E020001CB94FF0FF342046F8BD1C46F1E72DE93E
:10E03000F041D0F8048005460E461F46144644457C
:10E0400004D34FF0FF342046BDE8F0812B683946F9
:10E050001A5D3046FFF7B2FC0028F4D00134EEE739
:10E0600010B5034644681046A04202D34FF0FF307B
:10E0700010BD1A68125C8A42FAD10130F4E7836855
:10E08000586970478368986970478368586B704710
:10E090008368986B82B002B070478368D86B82B097
:10E0A00002B0704783685869704783689869704701
:10E0B0008368586B70478368986B82B002B0704772
:10E0C0008368D86B82B002B070478368586A704723
:10E0D0008368986A70470020704700207047704737
:10E0E0000020914200D3704751F8043B03EB70606D
:10E0F000F7E7000010B5034B03600446ECF74FFC54
:10E10000204610BD3848070810B5034B036004468D
:10E11000ECF745FC204610BD7448070810B5034BCA
:10E1200003600446ECF73BFC204610BD7449070829
:10E1300010B5034B03600446ECF731FC204610BDDC
:10E140008C49070810B5034B03600446ECF727FC25
:10E15000204610BDA448070810B5034B03600446D1
:10E16000ECF71DFC204610BDA449070810B5034B71
:10E1700003600446ECF713FC204610BDB8490708BD
:10E1800010B50446FFF7B6FF204606F09DF920467D
:10E1900010BD10B50446FFF7B7FF204606F094F90E
:10E1A000204610BD10B50446FFF7B8FF204606F024
:10E1B0008BF9204610BD10B50446FFF7B9FF204685
:10E1C00006F082F9204610BD10B50446FFF7BAFFED
:10E1D000204606F079F9204610BD10B50446FFF739
:10E1E000BBFF204606F070F9204610BD10B504466E
:10E1F000FFF7BCFF204606F067F9204610BD00007F
:10E2000010B5054B044640F8083B06F08BFD204650
:10E21000ECF7C5FB204610BD2C49070810B5044695
:10E22000FFF7EEFF204606F04FF9204610BD000034
:10E2300010B5054B044640F8083B06F073FD204638
:10E24000ECF7ADFB204610BDB847070810B50446F3
:10E25000FFF7EEFF204606F037F9204610BD00001C
:10E2600038B50D4B036005690446ECF7C5FB8542E4
:10E2700003D015B1284606F029F9A06810B103684B
:10E280005B68984704F10C0006F04CFD2046ECF763
:10E2900086FB204638BD00BFB448070810B50446C9
:10E2A000FFF7DEFF204606F00FF9204610BD000004
:10E2B00088422DE9F04104460D4618D0A0B10F1A4E
:10E2C000BF1000213846F0F761FF00F10C08064648
:10E2D000214640462A46F0F7D5FE39463046F0F74B
:10E2E00049FF4046BDE8F0810248F8F7FCFEDFF840
:10E2F0000880F6E7080B07087CD20124D0E9022148
:10E300008A4202D204328260704703689B6A1847CF
:10E3100070B5054616460C4651B1084609F0A3FEF5
:10E3200004EB800132462046FFF7C2FF286070BD33
:10E330006FF00301F6E713B58B6801AAD9690446AB
:10E34000FFF7E6FF204602B010BD13B58B6801AAA7
:10E3500059690446FFF7DCFF204602B010BD13B533
:10E360008B6801AAD96A0446FFF7D2FF204602B0A3
:10E3700010BD13B58B6801AA596A0446FFF7C8FFA0
:10E38000204602B010BD13B58B6801AAD9690446B6
:10E39000FFF7BEFF204602B010BD13B58B6801AA7F
:10E3A000D96A0446FFF7B4FF204602B010BD13B58A
:10E3B0008B6801AA596A0446FFF7AAFF204602B0FB
:10E3C00010BD13B58B6801AAD9690446FFF7A0FFF9
:10E3D000204602B010BD50F80C0C704710B5FFF786
:10E3E000FAFF0C46A0421146034603D202482246D9
:10E3F000F8F782FE204610BD7A0B07082DE9F041A0
:10E40000076815460446094A38460E46FFF7E6FFF8
:10E4100001463846FFF7DFFF821BAA4228BF2A4683
:10E4200020460023BDE8F041F0F708BFDC0B0708E9
:10E4300010B40468E46AA4465DF8044B60470A28F7
:10E4400007D82F2917D93030814214D2A1F13000DA
:10E450007047A1F1300009280FD9A1F16103052B04
:10E4600002D8A1F157007047A1F14103052B02D852
:10E47000A1F1370070474FF0FF30704710B50446E8
:10E480000068FFF73BFF4FF0FF33636010BD0000F3
:10E490002DE9F843074615460C46D9B10846D1F791
:10E4A0007FFF04EB00094C45064616D02A460021A2
:10E4B000F0F72EFB00F10C080546214640464A467F
:10E4C000F0F792FA31462846F0F716FBC7F80080BD
:10E4D000BDE8F8830248F8F706FEDFF80880F5E7A4
:10E4E000080B07086CD2012413B58B6801AA996840
:10E4F0000446FFF7CDFF204602B010BD13B58B6870
:10E5000001AA99680446FFF7C3FF204602B010BD78
:10E5100013B58B6801AA99680446FFF7B9FF204636
:10E5200002B010BD07B5006801A90C38F0F778FEFD
:10E5300003B05DF804FB50F80C0C704770B505464D
:10E540000068FFF7F8FF8142034604D90A460748EE
:10E550000749F8F7D1FD441AA24228BF22462846AF
:10E560000023BDE87040F0F743BB00BF7A0B0708FB
:10E57000DC0B070807B5006801A90C38F0F714FB9D
:10E5800003B05DF804FB0B4611461A460BB109F0C7
:10E5900075BD1846704700002DE9F34716461C4626
:10E5A0002A4B03606A460746884630462146FFF7F5
:10E5B0007FFE274B01900546FFF70DFFA41B9C42F1
:10E5C0004FEA640605EB800994BFB0004FF0FF30BE
:10E5D00005F0ECFF6FF0604A04462A4633462146B8
:10E5E000404606F00FFD8642024613D8461C14B181
:10E5F000204605F06BFF564534BFB0004FF0FF30AA
:10E6000005F0D4FF2A46014604463346404606F04C
:10E61000F9FC024621463846F0F770FF284609F01B
:10E6200022FD05EB8000814505D0051D00213846FF
:10E63000F0F7FBFFD1E714B1204605F047FF01A832
:10E64000FFF770FF384602B0BDE8F0877CD20124A6
:10E65000FCFFFF3F2DE9F04385B080460846114698
:10E6600003AA1C46FFF724FE0C990290814601AADA
:10E670002046FFF71DFE054603904846FFF7ABFE18
:10E6800009EB80072846FFF7A6FE05EB80062A4621
:10E690004946404606F0ABFC044678B9484609F0C6
:10E6A000E2FC09EB8009284609F0DDFC4F4505EB4B
:10E6B00080040DD1341B18BF4FF0FF3403A8FFF7BF
:10E6C00031FF02A8FFF72EFF204605B0BDE8F0831A
:10E6D000A64203D009F10409251DD8E70124EDE77E
:10E6E000F0B589B006AE86E80C00139A0B68059267
:10E6F000129A0492119A03929DF8402002920EAA57
:10E7000004460D4692E803008DE8030020469F680A
:10E71000294696E80C00B847204609B0F0BDF0B590
:10E7200089B006AE86E80C00139A0B680592129A1F
:10E730000492119A03929DF8402002920EAA044678
:10E740000D4692E803008DE803002046DF68294665
:10E7500096E80C00B847204609B0F0BD70B586B009
:10E7600004AC84E80C000C9A02920B9A01920B689C
:10E770009DF8282000929E6894E80C000546B0475A
:10E78000284606B070BD70B586B004AC84E80C00B5
:10E790000D9A03920C9A02920B9A01920B689DF8C3
:10E7A00028200092DE6894E80C000546B047284611
:10E7B00006B070BD00390B4A026018BF012100226B
:10E7C000C0E90222C0E90522C0E90722C0E9092206
:10E7D000C0E90B22C0E90D2241600274C26380F8D7
:10E7E0006C2070472021070800390B4A026018BFCF
:10E7F00001210022C0E90222C0E90522C0E9072266
:10E80000C0E90922C0E90B22C0E90D22416002746F
:10E81000C26380F86C2070471021070803689B686A
:10E8200018470368DB68184710B50B6804461B6976
:10E830009847204610BD10B50B6804465B699847A1
:10E84000204610BD10B50B6804469B6998472046CA
:10E8500010BD10B50B680446DB699847204610BD13
:10E8600003681B6A184703685B6A82B002B01847E6
:10E8700003689B6A82B002B0184703689B68184718
:10E880000368DB68184710B50B6804461B69984796
:10E89000204610BD10B50B6804465B6998472046BA
:10E8A00010BD10B50B6804469B699847204610BD03
:10E8B00010B50B680446DB699847204610BD036815
:10E8C0001B6A184703685B6A82B002B01847036886
:10E8D0009B6A82B002B018470039094A026018BF2B
:10E8E00001210022C0E90222C0E90522C0E9072275
:10E8F000C0E909224160027480F82421704700BFFA
:10E900004021070803689B6818470368DB681847BD
:10E9100010B50B6804461B699847204610BD10B51A
:10E920000B6804465B699847204610BD10B50B681C
:10E9300004469B699847204610BD0000003A084BEA
:10E9400018BF012210B54260036081600446ECF7F5
:10E9500053F800212061204606F0E0FE204610BD5D
:10E96000B448070883689A680A60DB684B607047A0
:10E9700083681A690A605B694B60704783689A69AB
:10E980000A60DB694B60704783681A6A0A605B6AD9
:10E990004B6070478368DA6A0A601A6B4A605A6B88
:10E9A0008A609A6BCA60DA6B0A611A6C4A615B6CA6
:10E9B0008B61704783689A6C0A60DA6C4A601A6DE2
:10E9C0008A605A6DCA609A6D0A61DA6D4A611B6E7F
:10E9D0008B61704783685A6E0A609A6E4A60DA6E7D
:10E9E0008A601A6FCA605A6F0A619A6F4A61DA6F59
:10E9F0008A61D3F88020CA61D3F884200A62D3F8F0
:10EA000088204A62D3F88C208A62D3F89030CB6297
:10EA100070478368D3F894200A60D3F898204A603E
:10EA2000D3F89C208A60D3F8A020CA60D3F8A42031
:10EA30000A61D3F8A8204A61D3F8AC208A61D3F8E0
:10EA4000B020CA61D3F8B4200A62D3F8B8204A6271
:10EA5000D3F8BC208A62D3F8C030CB627047036819
:10EA60009B681847F0B589B006AE86E80C00129A8C
:10EA70000B680492119A0392109A02920EAA04460D
:10EA80000D4692E803008DE803002046DF68294622
:10EA900096E80C00B847204609B0F0BDF0B589B043
:10EAA00006AE86E80C00129A0B680492119A039243
:10EAB000109A02920EAA04460D4692E803008DE8D1
:10EAC000030020461F69294696E80C00B8472046F7
:10EAD00009B0F0BDF0B589B006AE86E80C00129A18
:10EAE0000B680492119A0392109A02920EAA04469D
:10EAF0000D4692E803008DE8030020465F69294631
:10EB000096E80C00B847204609B0F0BDF0B589B0D2
:10EB100006AE86E80C00129A0B680492119A0392D2
:10EB2000109A02920EAA04460D4692E803008DE860
:10EB3000030020469F69294696E80C00B847204606
:10EB400009B0F0BDF0B589B006AE86E80C00129AA7
:10EB50000B680492119A0392109A02920EAA04462C
:10EB60000D4692E803008DE803002046DF69294640
:10EB700096E80C00B847204609B0F0BD003910B542
:10EB8000054B036018BF012141600446EBF72AFFE3
:10EB9000A060204610BD00BF2C49070803689B6891
:10EBA000184773B5079E01960D68069E0096ED689E
:10EBB0000446A847204602B070BD03681B69184789
:10EBC00010B40468A468A4465DF8044B604738B5E7
:10EBD0000D680446ED68A847204638BD10B50446C8
:10EBE0000348EBF77FFF23685B6853F8200010BDF4
:10EBF00080D2012408B5FFF7F1FF08B9F8F770FAE1
:10EC000008BD000010B504460348EBF76BFF23680E
:10EC10005B6853F8200010BDACD3012408B5FFF7A2
:10EC2000F1FF08B9F8F75CFA08BD00002DE9F043E0
:10EC3000044685B008460F46FFF7F0FF014605463B
:10EC400001A8FFF765FE0198FFF775FCE06005F08D
:10EC5000ADFC00230146E268064601A8EFF706FF77
:10EC6000E3682BB196F90030002BD4BF00230123B9
:10EC70002374294602A8FFF752FE0298FFF7ABFB68
:10EC80006FF060429042A06134BF80004FF0FF30CF
:10EC900005F08CFCA26900238046014602A8F0F72B
:10ECA00035FA294603A8FFF741FE0398FFF793FBC7
:10ECB0006FF060429042206234BF80004FF0FF301E
:10ECC00005F074FC226A01460023814603A8F0F790
:10ECD0001DFA2846FFF716FE60622846FFF715FE6C
:10ECE000A0623846FFF786FF124B196804F12C0327
:10ECF00001F124020546FFF79BFB0F4B19682846DC
:10ED000001F11A0204F1BC03FFF792FB012384F81E
:10ED1000243103A8A660C4F81480C4F81C90FFF73F
:10ED200001FC02A8FFF7FEFB01A8FFF723FC05B0DA
:10ED3000BDE8F0836C000024700000242DE9F04150
:10ED400005461048EBF7CEFE2B68DF6857F82080A9
:10ED50000446B8F1000F10D14FF49470EBF773FD37
:10ED600041460646FFF7B8FD29463046FFF75EFFED
:10ED7000286822463146EBF76FFF57F82400BDE8BC
:10ED8000F08100BFACD3012410B504460348EBF773
:10ED9000A9FE23685B6853F8200010BDB4D301249A
:10EDA00008B5FFF7F1FF08B9F8F79AF908BD0000B8
:10EDB00010B504460348EBF795FE23685B6853F8EB
:10EDC000200010BDB0D3012408B5FFF7F1FF08B94A
:10EDD000F8F786F908BD000010B504460948EBF7BE
:10EDE00081FE2368D3E90123984209D252F820001A
:10EDF00030B1BDE81040044A0449002305F068BB67
:10EE0000002010BDA8D301240845070800190708F1
:10EE100008B5FFF7E1FF08B9F8F762F908BD2DE979
:10EE2000F043DDE9076400252F4603F1FF3E12F8A9
:10EE300007C0A4EB0608BCEBA80F02EB070309DB35
:10EE4000071FA64212D14044013D14D2934222D161
:10EE5000BDE8F0834FFA8CF9B9F1000FF0DDBE4543
:10EE6000A4EB8C048CBF01370135E0E756F804CBE6
:10EE700047F804CFE5E701601E788446B70004EB4D
:10EE80008606B44202D13E1D3044DDE754F804EB5F
:10EE90004CF804EFF5E7016013F8015D0746AE009A
:10EEA00004EB8505AC4202D1351D2844CEE754F869
:10EEB00004CB47F804CFF5E7F7B5DDE90874084659
:10EEC0001946DDE90A36CFB1FD1AAD1003EB850C0A
:10EED000CDE9003C134602462046FFF7A0FF041B85
:10EEE000A41047B13268521B02D0394609F0D5F858
:10EEF00033685B1B1C44346003B0F0BD3568E5E744
:10EF000073B5099CDDE907500E461946236800EBEE
:10EF10008303CDE90003134628463246FFF77FFFFF
:10EF2000401B8010206002B070BD70B59DF810408D
:10EF30008CB103460A26B1FBF6F506FB1514043422
:10EF400052F8244043F8044D0C46092C2946F2D8C7
:10EF5000C01A801070BD03F04A04402C0AD1034649
:10EF600001F007040434C90852F8244043F8044D62
:10EF7000F6D1EDE713F4804F0CBF042514250346AA
:10EF800001F00F042C44090952F8244043F8044DC1
:10EF9000F6D1DDE72DE9F04114469DF820201D460D
:10EFA0000746DDE90683BAB10646204629460A220D
:10EFB0000023D1F7C7FC043258F8223046F8043D4C
:10EFC00022462B460A2A73F1000304460D46ECD272
:10EFD000B81B8010BDE8F08103F04A02402A0FD12F
:10EFE000064604F007030433E40858F8233046F8D3
:10EFF000043D44EA4574ED0854EA0503F1D1E7E71E
:10F0000013F4804F0CBF04221422064604F00F03B1
:10F010001344240958F8233046F8043D44EA0574A3
:10F020002D0954EA0503F1D1D2E738B50446086842
:10F03000FFF7D1F96FF060439842206034BF800041
:10F040004FF0FF300D4605F0B1FA226860600146CE
:10F0500000232846F0F75AF8204638BD2DE9F04144
:10F06000044688B008468846FFF79AFE05460146E2
:10F0700006A8FFF7E0FB06A902A8FFF7D6FF06A83F
:10F08000FFF750FA294606A8FFF7DCFB06A904A8FB
:10F09000FFF7CBFF06A8FFF745FA294601A8FFF7BF
:10F0A000D8FB01A906A8FFF7C0FF01A8FFF73AFAAD
:10F0B000294601A8FFF7B8FB0198FFF73CFA06467E
:10F0C00005F074FA002307460146324601A8EFF71F
:10F0D000CDFCC4E902762EB197F90060002ED4BFB2
:10F0E0000026012626742846FFF798FB6061284613
:10F0F000FFF797FB039BE361029B2362059B63621F
:10F10000049BA362079BE362069B2363A0612846DE
:10F11000FFF7A6FB60632846FFF7A5FBA063284620
:10F12000FFF7A6FBE0634046FFF764FD084B196854
:10F1300004F1400301F10B02FFF77AF9012384F88F
:10F140006C3001A8FFF716FA08B0BDE8F08100BFE7
:10F15000740000242DE9F04105460F48EBF7C2FC8E
:10F160002B68DF6857F820800446B8F1000F0FD1F4
:10F170007020EBF768FB41460646FFF71BFB29466C
:10F180003046FFF76BFF286822463146EBF764FDF7
:10F1900057F82400BDE8F081B4D3012438B5044603
:10F1A0000868FFF718F96FF060439842206034BF99
:10F1B00080004FF0FF300D4605F0F8F922686060DE
:10F1C000014600232846EFF7A1FF204638BD000086
:10F1D0002DE9F041044688B008468846FFF7F4FD63
:10F1E0000546014606A8FFF755FB06A902A8FFF74A
:10F1F000D5FF06A8FFF796F9294606A8FFF751FBA9
:10F2000006A904A8FFF7CAFF06A8FFF78BF929464D
:10F2100001A8FFF74DFB01A906A8FFF7BFFF01A852
:10F22000FFF780F9294601A8FFF72DFB0198FFF7AA
:10F2300082F9064605F0BAF9002307460146324630
:10F2400001A8EFF713FCC4E902762EB197F900602C
:10F25000002ED4BF0026012626742846FFF70DFB9A
:10F2600060612846FFF70CFB039BE361029B23626E
:10F27000059B6362049BA362079BE362069B236377
:10F28000A0612846FFF71BFB60632846FFF71AFBC7
:10F29000A0632846FFF71BFBE0634046FFF7AAFC8C
:10F2A000084B196804F1400301F10B02FFF7C0F8A5
:10F2B000012384F86C3001A8FFF75CF908B0BDE8C1
:10F2C000F08100BF740000242DE9F04105460F488D
:10F2D000EBF708FC2B68DF6857F820800446B8F18C
:10F2E000000F0FD17020EBF7AEFA41460646FFF74C
:10F2F0007BFA29463046FFF76BFF286822463146E5
:10F30000EBF7AAFC57F82400BDE8F081B0D3012444
:10F310002DE9F04F8DB004A9169F039007F16C04FE
:10F32000204681E80C00FFF765FC05462046FFF704
:10F33000CBFF189B026C1B6819689142044605D0EC
:10F34000D0E909A8826B07921E4609E0C26B0792BA
:10F35000D0E90BA81846FFF73EF80028F4D01E1D90
:10F360001846FFF738F82B683246D3F8149004217A
:10F3700006EB80032846C847851BAD10A946002D23
:10F3800000F0BE80794B0893690008A8F0F769F88F
:10F39000636BA5EB030BBBF1000F2BDD15EA230517
:10F3A00038BF5D46E368002B5DD00898FFF713F87F
:10F3B0000021024600916B0008A8EFF7C5FF08A8DE
:10F3C000EFF79EFF06EB8503CDE900630898A1697E
:10F3D000D4E90223FFF723FD834608A8EFF790FF47
:10F3E000089BABEB03014FF0FF32891008A8FFF731
:10F3F00005F8AB46636B002B0CDD616908A8F0F7DC
:10F4000014F9BBF1000F34DB626B06EB8B0108A82B
:10F41000F0F774F8FD68089805F0B0030293FEF762
:10F42000DAFF15F4007518BF256A504B0993404464
:10F430000544690009A8F0F714F8029BBE68102B78
:10F4400020D1B5422CBF4FF0000B4FF0010B4FF015
:10F45000000907AB13F80930042B1ED8DFE803F0CE
:10F460007469155B64002A46314608A8EFF79AFFD5
:10F47000BFE7626CCBF1000108A8F0F77FF84A46BD
:10F480003146C4E74FF0000BE1E7FB689B0504D56C
:10F49000D4E9071209A8F0F731F809F10109B9F127
:10F4A000040FD6D1B8F1010F06D908F1FF320AF1E5
:10F4B000040109A8F0F722F8099D2846FEF78BFF02
:10F4C00086420AD9029B202BA6EB000440D1179A52
:10F4D000214609A8F0F752F830460AACDDE90412DB
:10F4E000099B00902046F5F7EAFB94E8030004909E
:10F4F00009A88DF81410FFF715F808A8FFF712F8FF
:10F50000DDE904010023BB60039B83E80300184688
:10F510000DB0BDE8F08FB8F1000FBED0DAF80010E2
:10F5200009A8F0F782F8B8E708A909A8EFF7B8FF2B
:10F53000B3E7BBF1000F05D0179A711B09A8F0F7CC
:10F540001DF8AAE71799EBE7BBF1000FA5D0F3E789
:10F55000074A00212846FEF741FF179B009301460A
:10F560002346002209A8EFF7EFFEB5E77CD201247D
:10F57000A00C07082DE9F04F8DB004A9169F039049
:10F5800007F16C04204681E80C00FFF733FB0546C9
:10F590002046FFF7DFFD189B026C1B68196891423B
:10F5A000044605D0D0E909A8826B07921E4609E0FF
:10F5B000C26B0792D0E90BA81846FEF70CFF002893
:10F5C000F4D01E1D1846FEF706FF2B683246D3F80E
:10F5D0001490042106EB80032846C847851BAD1014
:10F5E000A946002D00F0BE80794B0893690008A859
:10F5F000EFF737FF636BA5EB030BBBF1000F2BDDC0
:10F6000015EA230538BF5D46E368002B5DD00898F6
:10F61000FEF7E1FE0021024600916B0008A8EFF71B
:10F6200093FE08A8EFF76CFE06EB8503CDE90063B7
:10F630000898A169D4E90223FFF7F1FB834608A8E3
:10F64000EFF75EFE089BABEB03014FF0FF32891032
:10F6500008A8FEF7D3FEAB46636B002B0CDD616997
:10F6600008A8EFF7E2FFBBF1000F34DB626B06EB9B
:10F670008B0108A8EFF742FFFD68089805F0B0037A
:10F680000293FEF7A8FE15F4007518BF256A504BCB
:10F69000099340440544690009A8EFF7E2FE029B84
:10F6A000BE68102B20D1B5422CBF4FF0000B4FF09D
:10F6B000010B4FF0000907AB13F80930042B1ED8DB
:10F6C000DFE803F07469155B64002A46314608A838
:10F6D000EFF768FEBFE7626CCBF1000108A8EFF717
:10F6E0004DFF4A463146C4E74FF0000BE1E7FB68A7
:10F6F0009B0504D5D4E9071209A8EFF7FFFE09F12D
:10F700000109B9F1040FD6D1B8F1010F06D908F1FA
:10F71000FF320AF1040109A8EFF7F0FE099D28461F
:10F72000FEF759FE86420AD9029B202BA6EB000465
:10F7300040D1179A214609A8EFF720FF30460AACBE
:10F74000DDE90412099B00902046F5F7B8FA94E829
:10F750000300049009A88DF81410FEF7E3FE08A832
:10F76000FEF7E0FEDDE904010023BB60039B83E8B4
:10F77000030018460DB0BDE8F08FB8F1000FBED001
:10F78000DAF8001009A8EFF750FFB8E708A909A8B0
:10F79000EFF786FEB3E7BBF1000F05D0179A711B98
:10F7A00009A8EFF7EBFEAAE71799EBE7BBF1000F0B
:10F7B000A5D0F3E7074A00212846FEF70FFE179B66
:10F7C000009301462346002209A8EFF7BDFDB5E7E7
:10F7D0007CD20124A00C07082DE9F04F2DED028BFF
:10F7E000B0EE408B8DB004AF07F1080484E80C0044
:10F7F0007B6D97F850B00546884607F1180003F175
:10F800006C01EBF7D7F807F11800FFF7F3F990B0A8
:10F810007860EBF7E7F804AE4FF0000AF8612D4B83
:10F82000CDF800A08DED028B4022314607F11C007F
:10F83000F0F766FC3F28814617DD00F1080323F04E
:10F840000703ADEB030D421C3A60EBF7CBF804AEB7
:10F85000F8618DED028BCDF800A01E4B3A68314661
:10F8600007F11C00F0F74CFC814607F1140200215F
:10F870004846EFF7B9FC06EB090AF86107F11C00EE
:10F88000EFF73EFDFB69786852463146FEF7D0FD42
:10F8900007F11C030293BB6D01937B6D009394E809
:10F8A0000C0041462846BBF1000F10D0FFF730FD99
:10F8B00007F11C00FEF736FE07F11800EBF7ECF835
:10F8C00028462437BD46BDEC028BBDE8F08FFFF71C
:10F8D00051FEEDE7B70C0708F0B587B004AC84E83B
:10F8E0000C00DDE90D320F9E9DF830700093CDE9DC
:10F8F0000126054694E80C0027B1FFF709FD2846CC
:10F9000007B0F0BDFFF736FEF9E72DE9F8431D46D5
:10F91000C368DDE9087603F0B003202B894614465E
:10F92000A7EB06070FD126B132462946204608F03C
:10F93000B4FB002F53D03A46494604EB8600BDE89D
:10F94000F84308F0B0BB102B12D04FF0000827B1DD
:10F950003A464946204608F0A6FBB6EB08023ED0E0
:10F9600005EB880104EB8700BDE8F84308F095BB80
:10F970006C30FFF73FF92D218046F5F78DFC2B68A1
:10F98000984205D12B6844F8043B4FF00108DEE7AC
:10F990002B214046F5F780FC2B689842F2D03021AD
:10F9A0004046F5F779FC2B689842CED1012ECCDD8C
:10F9B00078214046F5F770FC6B68984207D12B68B8
:10F9C00023606B6863604FF002080834BFE758217A
:10F9D0004046F5F761FC6B689842B6D1EFE7BDE8A9
:10F9E000F88337B5089D18462B681446CDE90023E7
:10F9F000DDE90623FFF789FF2C6003B030BD2DE958
:10FA0000F04F8BB004AFC7E900103E6C07F108015E
:10FA100006F16C0081E80C00FFF790F9F568B96C0D
:10FA200005F04A0A94B0BAF1400F044600F12C08E0
:10FA30000DF1100B63D0002959DDBAF1080918BF88
:10FA40004FF001092B464246CDF800900BF15000D3
:10FA5000FFF76BFA227C7861C0F114030BEB830390
:10FA600092B1C0000830ADEB000D0DF1180B07F19D
:10FA70001402CDE90232CDE9006BA36A3868D4E9FB
:10FA80000212FFF73DFA5B467A69B9F1000F3BD0ED
:10FA9000B96C002936DB280505D5216B43F8041C19
:10FAA00001327A61043BB2687969914211DA9100BE
:10FAB000073121F00701ADEB010D07F11401CDE98C
:10FAC000013104AC00943346796C3868FFF789FF44
:10FAD00023460022B2607A690092D7E90212786860
:10FAE000F5F7EDF878681C37BD46BDE8F08FBAF140
:10FAF000080F04D0BB6C4FF001095942A2E74FF048
:10FB000000099FE7E16AC9E7A905CCD5B96C0029CE
:10FB1000C9D0BAF1400F01D1E16BBFE7C5F3803521
:10FB20000235023258F8251043F8041CE16B43F803
:10FB3000081C7A61083BB6E730B587B004AC84E8AE
:10FB40000C000C9B02930B9B01930A9B009394E87F
:10FB50000C000546FFF753FF284607B030BD2DE9DE
:10FB6000F04F8BB004AF07F10805D7F8409097F835
:10FB70004860386085E80C00D9F80C307B6013F0E1
:10FB8000010F07F1100416D102967B6CCDE90093AA
:10FB9000204695E80C00FFF732FF94E80300B860B8
:10FBA000397395E803003B681C3783E80300184667
:10FBB000BD46BDE8F08F09F16C00FFF7BFF886B3D2
:10FBC000D0E905A8D9F80860B0453CDAA6EB0806EC
:10FBD000B200073222F00702ADEB020D0DF1100B5F
:10FBE0003246796C584608F05EFA7B6803F0B00341
:10FBF0000022202BC9F8082016D1CDF8008095E806
:10FC0000060053462046F5F75AF894E803005B4691
:10FC1000B8603973009695E806002046F5F74FF86E
:10FC2000BBE7D0E907A8CDE7009695E80600204697
:10FC30005B46F5F744F894E80300B8603973CDF8F3
:10FC400000805346E7E70022C9F80820F7E72DE9CE
:10FC5000F04F8BB004AFC7E900103E6C07F108010C
:10FC600006F16C0081E80C00FFF768F8F56805F014
:10FC70004A0894B0B8F1400F044600F12C0A0DF187
:10FC8000100B5CD0B8F1080918BF4FF00109CDF88E
:10FC900000902B465246B96C0BF15000FFF745F926
:10FCA000227C7861C0F114030BEB830392B1C00096
:10FCB0000830ADEB000D0DF1180B07F11402CDE982
:10FCC0000232CDE9006BA36A3868D4E90212FFF76B
:10FCD00017F95B46B9F1000F0DD1AA050BD5BA6C27
:10FCE0004AB1B8F1400F7A692CD1E16B43F8041C9A
:10FCF00001327A61043BB2687969914211DA91006C
:10FD0000073121F00701ADEB010D07F11401CDE939
:10FD1000013104AC00943346796C3868FFF761FE1A
:10FD200023460022B2607A690092D7E9021278680D
:10FD3000F4F7C5FF78681C37BD46BDE8F08F4FF07B
:10FD40000009A4E7C5F38035023502325AF82510C0
:10FD500043F8041CE16B43F8081C7A61083BCAE7CE
:10FD600030B587B004AC84E80C000C9B02930B9B6D
:10FD700001930A9B009394E80C000546FFF767FF88
:10FD8000284607B030BD2DE9F04188B004AC0E9E86
:10FD9000D6F80C8084E80C0028F4804323F04A0352
:10FDA00043F40273F360109B02930F9BCDE9006351
:10FDB00006AF054694E80C003846FFF748FF97E881
:10FDC000030004908DF8141094E8030085E8030004
:10FDD0002846C6F80C8008B0BDE8F0812DE9F04F48
:10FDE0008DB004AFC7E9011007F1100181E80C00E4
:10FDF000BB6C03F16C00D7E91486FEF79FFF00F19E
:10FE00002C03FB60BB6CDD6805F04A0AA8B0BAF1B0
:10FE1000400F04460DF1100B424633466BD0B8F14B
:10FE2000010F76F100015CDBBAF1080918BF4FF051
:10FE30000109CDE90159F96800910BF1A000FFF724
:10FE4000A9F8227CF861C0F128030BEB8303A2B16F
:10FE5000C0000830ADEB000D07F11C02CDE9023205
:10FE60000DF1180BCDF804B0BB6C0093A36A786851
:10FE7000D4E90212FFF744F85B46FA69B9F1000FC2
:10FE80003ED0002E3ADB280505D5216B43F8041C33
:10FE90000132FA61043BBA6CF9699268914211DA55
:10FEA0009100073121F00701ADEB010D07F11C01B5
:10FEB000CDE9013104AC0094D7E912317868FFF73D
:10FEC00090FD2346B96C00228A60FA690092D7E956
:10FED0000412B868F4F7F3FEB8682437BD46BDE8ED
:10FEE000F08FBAF1080F06D0D8F1000266EB460396
:10FEF0004FF001099DE74FF000099AE7E16AC5E775
:10FF0000A905C8D558EA0606C5D0BAF1400F01D1F7
:10FF1000E16BBBE7C5F38035F9680235023251F871
:10FF2000251043F8041CE16B43F8081CFA61083BF8
:10FF3000B1E730B587B004AC84E80C00DDE90C23F0
:10FF4000CDE902230B9B01930A9B009394E80C00DC
:10FF50000546FFF743FF284607B030BD2DE9F04FB7
:10FF60008DB004AFC7E90210BE6C07F1100181E843
:10FF70000C003B6D7B6006F16C007B6D3B60FEF717
:10FF8000DDFEF56805F04A08A8B0B8F1400F044658
:10FF900000F12C0A0DF1100B5FD0B8F1080918BF61
:10FFA0004FF00109CDE90159CDF800A0D7E90032A1
:10FFB0000BF1A000FEF7EEFF227CF861C0F12803F0
:10FFC0000BEB830392B1C0000830ADEB000D0DF1D7
:10FFD000180B07F11C02CDE90232CDE9006BA36AD0
:10FFE000B868D4E90212FEF78BFF5B46B9F1000F47
:10FFF0000FD1AA050DD5D7E900120A4309D0B8F1EF
:020000040805ED
:10000000400FFA692CD1E16B43F8041C0132FA610C
:10001000043BB268F969914211DA9100073121F08D
:100020000701ADEB010D07F11C01CDE9013104AC75
:1000300000943346F96CB868FFF7D3FC23460022DE
:10004000B260FA690092D7E90412F868F4F737FE53
:10005000F8682437BD46BDE8F08F4FF00009A1E7EE
:10006000C5F38035023502325AF8251043F8041CD6
:10007000E16B43F8081CFA61083BCAE730B587B06A
:1000800004AC84E80C00DDE90C23CDE902230B9BD2
:1000900001930A9B009394E80C000546FFF75EFF6E
:1000A000284607B030BD2DE9F04F2DED028BB0EEA4
:1000B000408B91B004AF07F110093D6E89E80C0048
:1000C00005F16C03C7E901101846FB60FEF736FE28
:1000D000D5F8048097F86820B8F1000F064607F1BC
:1000E00020012846B8BF4FF0060804F0F7FFEB6880
:1000F00003F4827A8CB0BAF5827F04AC00F0B4804D
:10010000EAF770FC07F12003F8612D228DED028BD8
:10011000CDF80080214607F11C00EFF7F1FFB86130
:10012000BB692C2B1BDD03F1010B083323F0070304
:10013000ADEB030DBAF5827F04AC00F0A380EAF7C3
:1001400051FC07F12003F8615A468DED028BCDF882
:100150000080214607F11C00EFF7D2FFB861F86874
:10016000FEF748FDBA699300073323F00703ADEBB0
:10017000030D0DF1170A4FEADA082AF0070A534671
:1001800022442146FEF754F9D7F818B0BBF1000F0E
:1001900000F086805A462E212046D0F7B1F830B1C3
:1001A000001B8200736A42F838300AEB8000337C0F
:1001B0009BB358B9BBF1020F08DD6278392A2CD8FD
:1001C000A378303B092B28D82F2A26D96B46A3EBDE
:1001D000CB039D4623782D2B0DF1100801D02B2B3E
:1001E00060D1DAF80030C8F800300BF1FF33BB61A2
:1001F000012407F1180303930AEB8403029308EB2D
:100200008403CDE90003B36A7868D6E90212FEF7E9
:1002100053FEBB692344BB61C246AA68BB699342D3
:1002200011DA9300073323F00703ADEB030D07F159
:100230001803CDE901A304AC0094796E78682B46CD
:10024000FFF7CFFBA2460023AB60BB690093B86801
:1002500099E806005346F4F732FDB8683437BD46D6
:10026000BDEC028BBDE8F08FEAF7BCFB07F1200381
:10027000F8612D228DED008B214607F11C00EFF770
:100280003FFF4CE7EAF7AEFB07F12003F8615A465F
:100290008DED008B214607F11C00EFF731FF5DE784
:1002A000584684E70024A4E730B587B004AC84E85E
:1002B0000C00002302930B9B01930A9B009394E88C
:1002C0000C000546FFF7EFFE284607B030BD2DE9CC
:1002D000F04F2DED028BB0EE408B91B004AF07F1E3
:1002E00010093D6E89E80C0005F16C03C7E90110A7
:1002F0001846FB60FEF722FDD5F8048097F86820C9
:10030000B8F1000F064607F120012846B8BF4FF0AC
:10031000060804F0E3FEEB6803F4827A8CB0BAF5C9
:10032000827F04AC00F0B480EAF75CFB07F12003A5
:10033000F8612D228DED028BCDF80080214607F16A
:100340001C00EFF7DDFEB861BB692C2B1BDD03F150
:10035000010B083323F00703ADEB030DBAF5827FE1
:1003600004AC00F0A380EAF73DFB07F12003F8613D
:100370005A468DED028BCDF80080214607F11C0016
:10038000EFF7BEFEB861F868FEF734FCBA69930077
:10039000073323F00703ADEB030D0DF1170A4FEA06
:1003A000DA082AF0070A534622442146FEF740F8AD
:1003B000D7F818B0BBF1000F00F086805A462E2106
:1003C0002046CFF79DFF30B1001B8200736A42F8D0
:1003D00038300AEB8000337C9BB358B9BBF1020F75
:1003E00008DD6278392A2CD8A378303B092B28D82D
:1003F0002F2A26D96B46A3EBCB039D4623782D2BC2
:100400000DF1100801D02B2B60D1DAF80030C8F8BC
:1004100000300BF1FF33BB61012407F11803039394
:100420000AEB8403029308EB8403CDE90003B36A6B
:100430007868D6E90212FEF73FFDBB692344BB6131
:10044000C246AA68BB69934211DA9300073323F0CE
:100450000703ADEB030D07F11803CDE901A304ACCD
:100460000094796E78682B46FFF7BBFAA24600230A
:10047000AB60BB690093B86899E806005346F4F78F
:100480001EFCB8683437BD46BDEC028BBDE8F08F6A
:10049000EAF7A8FA07F12003F8612D228DED008B11
:1004A000214607F11C00EFF72BFE4CE7EAF79AFA1A
:1004B00007F12003F8615A468DED008B214607F1C4
:1004C0001C00EFF71DFE5DE7584684E70024A4E713
:1004D00030B587B004AC84E80C004C2302930B9B2E
:1004E00001930A9B009394E80C000546FFF7EFFE8A
:1004F000284607B030BD2DE9F043ADF5097D04462F
:10050000909E9DF84C929DF850726C36304602AD2C
:1005100085E80C00FEF76EFB80463046FEF778FC5F
:10052000252106464046F4F7B7FE0490C7B9CDE949
:100530000597929B009308A904AB8022304605F0F2
:10054000BFF808A807F08FFD009095E80600204648
:1005500008ABF4F7B4FB20460DF5097DBDE8F08348
:100560000023CDE905790793E3E72DE9F74F054629
:10057000DDE912076C466C3084E80C00DDF840A021
:10058000FEF738FB4FF0000980464E464FF00A0B4D
:100590000CA92046F4F7A5FE70B1119B9E420BD02A
:1005A0002046F4F77CFE2A2201464046F4F76BFE13
:1005B0003038C2B2092A10D9C6B10F9A914515DB5D
:1005C000D14513DC0E9AC2F8009094E8030085E848
:1005D0000300284603B0BDE8F08F0BFB0909D145A5
:1005E000EADC2046FDF74AFF0136D1E73B6843F0DD
:1005F00004033B60E9E72DE9F04F8DB000AF07F150
:100600002006B861F86E6C3086E80C00FEF7F2FA4E
:10061000BB6E6A46A2EBC3039D46DB087B61BB6EE3
:100620009B003B61BB6E0546E84607F1580130462A
:1006300008EB8309F4F755FE044628B90026012C7F
:1006400039D840F07A8160E13046F4F728FE04465C
:1006500001462846F4F71AFE214606462846F4F7D6
:1006600018FE4FF0000B82465C46BB6E9B45E5D002
:100670007B6E53F82B3028461968F4F707FEB0421A
:100680000FD1A300FB617B6E53F82B0007F0EBFC4E
:10069000FB6949F8240048F803B001340BF1010B61
:1006A000E3E77B6E53F82B3028461968F4F7F1FD29
:1006B0005045F3D1E5E7CB4609EB84005BF8043BFA
:1006C000FB625B461A46F96AD2F800C08C4507F116
:1006D0002C0128BF0A460433D2F800A0C7F82CA08A
:1006E0009842EFD1013607F12000FDF7C7FEB24571
:1006F0002CD107F1580107F12000F4F7F2FD8246F2
:1007000000285ED14FF0000A002359F82320911BE6
:100710004A424A41524509BF04F1FF34013358F8B7
:10072000242048F8232004BF59F8242049F8232026
:10073000A342EAD3BAF1000F00F08580D9F8003067
:10074000012107F12C0CA142FB6272D3FB6AB34278
:1007500040F2D68007F1580107F12000F4F7C1FDFF
:10076000002800F0CD8007F12000F4F798FD014645
:100770002846F4F78BFDF86007F12000F4F78FFDB1
:1007800001462846F4F785FDB300B860FB614FF0E1
:10079000000A54457FF653AF7B6E58F82A2053F871
:1007A0002220FB697A60D1582846F4F76FFDFB6878
:1007B0007A6898424FEA8A0B40F08F800AF1010A6A
:1007C000E7E707F12000F4F76AFD01462846F4F751
:1007D0005DFDF86007F12000F4F761FD0146284651
:1007E000F4F757FDB300FB61B8600023796E58F849
:1007F000232051F8222059F82310B14203D80133A5
:100800009C42F3D17EE73B60FB697A60D158284671
:10081000F4F73CFDFB6898423FF476AFFB697A68D9
:100820002846D158F4F735FDBB6898423B68E6D1BD
:100830006AE75A4601311068834298BF62460BF15D
:10084000040B13687FE7022C65D1BB6EDB0774D401
:10085000D8F80030B86EBA6EB3EB500F4FEA5201C1
:10086000D8F804202DD20B44934266D1D7E9043244
:10087000D8F8004053F832807B6E53F8243003EBF5
:100880008609464560D207F1580107F12000F4F7C8
:1008900028FD002851D059F8041B2846F4F7F6FC2F
:1008A000824607F12000F4F7FAFC01462846F4F7E7
:1008B000EDFC824531D107F12000FDF7DFFD013667
:1008C000DFE75B1A934238D1D7E90421C8F800303A
:1008D000D9F8043042F83130C8E7FB692846D158CE
:1008E000F4F7D7FCBB6898423FF468AF013C58F876
:1008F000242048F80B2059F8242049F80B2048E719
:100900000023012C19D1002BB0D107F12000FDF7F5
:10091000B5FD0136AAE70123F3E759F8041C284680
:10092000F4F7B7FC824607F12000F4F7B8FC014663
:100930002846F4F7AEFC8245BDD03B6F3A6F1B688A
:1009400043F00403136002E0F7D13B6E1C60D7E96B
:100950000801BB69343783E803001846BD46BDE88B
:10096000F08F2DE9F04F85B000AF8046F86CD7F8D6
:1009700044A007F108096C3089E80C00FEF73AF949
:10098000BB6C78606A46A2EBC3039D4607F1380151
:1009900048466C46F4F7A5FC002800F084804846E1
:1009A000F4F77DFCBA6C002603464FEA420B35464D
:1009B000B34537D8002D76D04846FDF75FFDAB0034
:1009C000073323F00703ADEB030DE946002654F887
:1009D00026305AF8230007F046FB49F82600013676
:1009E000B542F4D1012507F1380107F10800F4F709
:1009F00078FC48BB012E5AD1D9F80030AB425FD108
:100A0000BA6C23689342A8BF9B1A3A6C136007F133
:100A1000100313E90300143788E803004046BD467D
:100A2000BDE8F08F5AF826100968994204D144F8BD
:100A3000256001350136BBE778683B60F4F729FC97
:100A40003B689842F6D1F2E707F10800F4F727FC7B
:100A5000002386464FEA850B19469E4207D88E42F0
:100A6000C8D007F10800FDF709FD0135BBE759F8CB
:100A70002320AA424FEA830C09EB830002D80131FC
:100A80000133EAE754F823205AF8222052F80B20C9
:100A90007245F5D0013E54F8262044F80C2059F850
:100AA00026200260D9E700263546B1469BE7022E94
:100AB00006D1D9F80030AB42A2D0D9F804309DE776
:100AC0003B6D3A6D1B6843F004039FE72DE9F04F3F
:100AD000ADB08B46389D0B9005F16C060EA93046E3
:100AE00081E80C00DDF8E8A03C9CFEF791F9099044
:100AF0003046FEF77FF881463B9807F0B4FA0023B2
:100B00000A90109336A90EA80893F4F7EAFBDDF8D3
:100B10004080002800F06784089B0A9A934280F086
:100B20006284B8F1000F00F07184399B399A1B6818
:100B300043F00403136000F05FBC0233B168089314
:100B400000224846F4F79FFB00F07FBC14AE31460C
:100B50000998FDF71FFF09981BA9FDF72BFF10ABA4
:100B6000CDE905530E23CDE9036311AB029336ABF8
:100B700093E803008DE803000CAF0EAE96E80C007E
:100B800059463846FFF737FD97E80300109B86E883
:100B90000300002B3CD1119A072392FBF3F3C3EB24
:100BA000C303D21ACAF81820237843F00203E2E004
:100BB00014AE31460998FDF70DFF099820A9FDF7FD
:100BC00028FF10ABCDE905531823CDE9036311AB22
:100BD000029336AB93E803008DE803000CAF0EAE32
:100BE00096E80C0059463846FFF705FD97E80300E4
:100BF000109B86E803005BB9119B0C2293FBF2F17A
:100C000002FB1133CAF81030238843F48163238038
:100C1000089B013376E7099812A9FDF7AFFE129BF6
:100C200006940CAF059310ABCDE90253CDF810A09C
:100C300036AB93E803008DE803000EAE96E80C0097
:100C400059463846FFF742FF97E80300109B86E8B5
:100C50000300002BDCD1637843F0040377E110AB91
:100C6000CDE906534FF002086323CDE90438002391
:100C7000039311AB029336AB93E803008DE80300B6
:100C80000CAF0EAE96E80C0059463846FFF76DFCE7
:100C900097E80300109B86E80300002BB8D1119B56
:100CA0006360238843F49063B1E70EA8F4F7F7FA82
:100CB000082102464846F3F7FFFF10B10EA8FDF7E2
:100CC000DDFB10ABCDE906534FF0020E1F23CDE93B
:100CD000043E0123039311AB029336AB93E8030068
:100CE0008DE803000CAF0EAE96E80C00594638466E
:100CF000FFF73BFC97E80300109B86E80300002BFE
:100D000086D1119BCAF80C30238843F482637EE7B6
:100D1000B84A14AE3346A2F109014846FDF788FBF4
:100D20000CAFCDE905647EE710ABCDE906534FF07B
:100D3000020C1723CDE9043C0023039311AB02936B
:100D400036AB93E803008DE803000CAF0EAE96E8D7
:100D50000C0059463846FFF708FC97E80300109A44
:100D600086E80300002A7FF453AF119BCAF80830CD
:100D7000237862F3000323704AE710ABCDE90653F2
:100D80000C270223CDE904730123039311AB0293D3
:100D900036AB93E803008DE803000DF130080EAE8A
:100DA00096E80C0059464046FFF7DFFB98E8030041
:100DB000109B86E80300002B7FF42AAF119B93FB66
:100DC000F7F207FB1233CAF80830237843F0010327
:100DD000D1E710ABCDE9065303264FF4B773CDE945
:100DE00004360123039311AB029336AB93E803005F
:100DF0008DE803000CAF0EAE96E80C00594638465D
:100E0000FFF7B3FB97E80300109B86E80300002B75
:100E10007FF4FEAE119B013BCAF81C30237843F0EF
:100E20000403A8E710ABCDE9065302200C23CDE95B
:100E300004300123039311AB029336AB93E8030014
:100E40008DE803000CAF0EAE96E80C00594638460C
:100E5000FFF78BFB97E80300109B86E80300002B4D
:100E60007FF4D6AE119B013BCAF81030237843F0D3
:100E7000080380E710ABCDE9065302213B23CDE9FF
:100E800004310023039311AB029336AB93E80300C4
:100E90008DE803000CAF0EAE96E80C0059463846BC
:100EA000FFF763FB97E80300109B86E80300002B25
:100EB0007FF4AEAE119BCAF80430A9E636A90EA89D
:100EC000F4F70FFA00283FF4A3AE0EA8F4F7E7F901
:100ED000082102464846F3F7EFFE00283FF498AE9B
:100EE0000EA8FDF7CBFAE9E714AE09983146FDF7F5
:100EF0004BFD149B1B68002B3FF48AAE159B1B68AF
:100F0000002B3FF485AE10ABCDE905530223CDE9AC
:100F1000036311AB029336AB93E803008DE8030043
:100F20000CAF0EAE96E80C0059463846FFF763FB4F
:100F300097E80300109B86E80300002B7FF468AE5F
:100F4000119B002B3FF464AE637843F001036370A0
:100F50005EE6099B06949B689B6A0CAF059309E0CB
:100F6000254A14AE3346911F4846FDF761FACDE994
:100F700005640CAF10ABCDE90253CDF810A036AB31
:100F800093E803008DE803000EAE5946384696E814
:100F90000C00FFF79BFD97E8030086E8030037E6A7
:100FA00010ABCDE9065302223C23CDE904320023E5
:100FB000039311AB029336AB93E803008DE8030073
:100FC0000CAF0EAE96E80C0059463846FFF7CDFA46
:100FD00097E80300109B86E80300002B7FF418AE0F
:100FE000119BCAF8003013E6044A14AE3346A2F14E
:100FF0000901B9E7C60C0708CC0C0708D50C07088F
:1010000010ABCDE906534FF002083523CDE9043883
:101010000023039311AB029336AB93E803008DE8F2
:1010200003000CAF0EAE96E80C0059463846FFF7A9
:101030009CFA97E80300109B86E80300002B7FF4DE
:10104000E7AD119B22681B0403F47C1322F47C128D
:1010500043F0200322F0200213432360D8E510ABB5
:10106000CDE906534FF0010E0623CDE9043E0023DF
:10107000039311AB029336AB93E803008DE80300B2
:101080000CAF0EAE96E80C0059463846FFF76DFAE5
:1010900097E80300109B86E80300002B7FF4B8ADAF
:1010A000119BCAF818307FE510ABCDE906534FF01D
:1010B000020C3523CDE9043C0023039311AB0293CA
:1010C00036AB93E803008DE803000CAF0EAE96E854
:1010D0000C0059463846FFF748FA97E80300109B82
:1010E00086E80300002B7FF493AD119B22681B045C
:1010F00003F47C1322F47C1243F0400322F04002FC
:10110000AAE7099814A9FDF72DFC149B06940CAFCF
:1011100024E7099814A9FDF72BFCF6E710ABCDE9FD
:10112000065302266323CDE904360023039311AB53
:10113000029336AB93E803008DE803000CAF0EAECC
:1011400096E80C0059463846FFF70FFA97E8030077
:10115000109B86E80300002B7FF45AAD637823F0E0
:10116000060343F00603637036A93046F4F7B9F876
:1011700000283BD03046F4F792F82A220146484630
:10118000F4F781F8A0F130085FFA88F3092B2DD825
:101190003046FDF773F9119B0A2707FB038336A935
:1011A00030461193F4F79DF8A0B13046F4F777F884
:1011B0002A2201464846F4F766F8A0F130085FFAA3
:1011C00088F3092B06D83046FDF758F9119B07FB29
:1011D00003831193119BA3F26C731193637823F033
:1011E00002036370119BCAF8143011E5119B442B64
:1011F000DCBF64331193F5E710ABCDE9065304204F
:1012000042F20F73CDE904300023039311AB029334
:1012100036AB93E803008DE803000CAF0EAE96E802
:101220000C0059463846FFF7A0F997E80300109BD9
:1012300086E80300002B7FF4EBAC119BA3F26C73E8
:10124000CAF81430637823F0060305E50EA8F4F716
:1012500026F8012102464846F3F72EFD00287CD0EF
:1012600010ABCDE905530E230493D04B039314AB7D
:10127000029336AB93E803008DE803000CAE0EAB8F
:101280000CCB59463046FFF7B6F996E803000EAB93
:1012900083E8030036A91846F4F723F800283FF442
:1012A000B7AC109B149A13437FF4B2AC0EA8F3F7BB
:1012B000F6FF2D2106464846F3F7EEFFB04236D141
:1012C00010AF17230222CDE90432CDE906570023DF
:1012D000039314AB029336AB93E803008DE803004D
:1012E0000CAE0DF1380898E80C0059463046FFF76F
:1012F0003CF996E803003B2388E803000221CDE98E
:101300000431CDE906570023039314AB029336ABA7
:1013100093E803008DE803005946304698E80C0036
:10132000FFF723F996E8030088E8030070E40EA8AD
:10133000F3F7B5FF2B2106464846F3F7ADFFB04261
:101340007FF466ACBCE70EA8F3F7A9FF252106469B
:101350004846F3F7A1FFB04241D0109B43F004038D
:10136000109355E43B9B089A082153F822204846E5
:10137000F3F7A2FCA8B136A90EA8F3F7B2FF002834
:101380003FF446AC0EA8F3F78AFF08210246484610
:10139000F3F792FC00283FF43BAC0EA8FDF76EF883
:1013A000E9E73B9B4846D959F3F770FF06460EA87C
:1013B000F3F775FF01464846F3F768FF86420ED003
:1013C0003B9B4846D959F3F764FF06460EA8F3F74E
:1013D00066FF01464846F3F75CFF8642BCE70EA86D
:1013E000FDF74CF814E4B8F1000F7FF49EAB089BB6
:1013F0000A9A93427FF499AB0EAB93E803000B9BE0
:1014000083E8030018462DB0BDE8F08F089B089ACA
:1014100008999F003B9B484603EB820653F8211036
:101420004246F3F730FF25289CD171684246484672
:10143000F3F729FF4528089BCDF844803FF47DABA6
:101440004F283FF47AAB013308932538542884D8C9
:1014500001A353F820F000BF471305085B130508EC
:101460005B1305085B1305085B1305085B13050890
:101470005B1305085B1305085B1305085B13050880
:101480005B1305085B1305085B1305085B13050870
:101490005B1305085B1305085B1305085B13050860
:1014A0005B1305085B1305085B1305085B13050850
:1014B0005B1305085B1305085B1305085B13050840
:1014C0005B1305085B1305084D0B0508B10B0508F8
:1014D0005F0C0508110D05085B1305085B13050873
:1014E0005B130508290D05087B0D05085B1305082E
:1014F0005B1305085B130508750E05085B130508EB
:101500005B1305085B1305085B130508610F0508ED
:10151000A10F0508E90F0508011005085B13050870
:10152000A910050813110508F91105084D12050841
:101530005B1305085B1305085B1305085B130508BF
:101540005B1305085B1305084D0B0508B10B050877
:10155000170C0508AB0C0508AB0C05085B13050858
:101560005B130508B10B05085B130508D30D0508CF
:101570005B1305085B130508250E0508BD0E05085D
:101580005B130508E90E05085B130508530F0508F2
:101590005B130508BD0E05085B1305085B13050802
:1015A0005F100508031105081D11050878000024C7
:1015B0002DE9F04F89B004AF029014986C3087E8A1
:1015C0000C00FDF7BBFB12A905463846F3F776FE83
:1015D0000446002840F097813846F3F760FED5F8BE
:1015E000C0108142814603D0D5F8BC3083421FD160
:1015F0002B7C13B1AB6A4B451AD06B6A4B4517D0A5
:10160000494514BF2D212B211698EDF7F4FC0498C1
:10161000FCF774FE4FF0FF3312A938460593F3F739
:1016200060FE002800F071813846F3F738FE8146ED
:101630000026B0464FF0FF3A2B7C13B1AB6A4B4506
:101640001FD06B6A4B451CD0D5F8CC304B4518D118
:101650001EB916983021EDF7CEFC0498FCF74EFE2B
:1016600012A93846CDF814A0F3F73BFE08F10108A3
:10167000064620B13846F3F712FE8146DCE7012426
:101680002646A44B07932B7C1BB1202107A8EDF71E
:10169000D4FB95F824B1BBF1000F74D005F1CC0355
:1016A0000193002C40F02A81A2462B7C002B00F0F5
:1016B000AF80AB6A4B4540F0AB80BAF1000F40F011
:1016C0008580002C40F08280B8F1000F7BD05FFA5B
:1016D00088F107A8EDF78FFCA0460498FCF70EFEF2
:1016E0004FF0FF3312A938460593F3F7FAFD0028AF
:1016F0006CD03846F3F7D3FD334681461E46D4E717
:101700006B6A4B450BD1BAF1000F08D13CB9169862
:101710002E21EDF770FCB3464FF0010A42E0D5F8F8
:1017200004314B4503D0D5F81C314B454ED1002C2C
:101730004CD1002E4AD065211698EDF75CFC049838
:10174000FCF7DCFD4FF0FF3312A938460593F3F7A1
:10175000C8FD8346002800F0D4803846F3F79FFD8B
:10176000D5F8C0308342814609D0D5F8BC308342D9
:1017700007D12D211698EDF73EFC5C4612E02B2197
:10178000F8E75C461DE0002C40F0B880A246A9F1C5
:101790003003092BB4D816985FFA89F1EDF72BFCCA
:1017A0004FF0010B0498FCF7A9FD4FF0FF3312A98D
:1017B00038460593F3F795FD40B13846F3F76FFDD2
:1017C00081465E46E3E71698EDF7FCF90798FCF7CB
:1017D000B2FE88B1BAF1000F05D124B95FFA88F1E1
:1017E00007A8EDF708FCD5E9020107AA03F0E8FC19
:1017F00010B9159B04221A6097E80300029B83E846
:10180000030007A8FCF7B6FE029809B0BDE8F08F08
:101810006B6A4B4513D10798FCF78DFEBAF1000FA8
:10182000D4D1002CD2D120B15FFA88F107A8EDF70E
:10183000E2FB16982E21EDF7DEFBDA464DE7019824
:101840004A460A21FCF79FFE58B1019BC11A891034
:1018500030311698C9B2EDF7CEFB08F101085E46AB
:101860003BE7D5F804314B4503D0D5F81C314B4547
:10187000ACD10798FCF75FFE002CA7D1002EA5D0B5
:1018800038B1BAF1000F04D15FFA88F107A8EDF77B
:10189000B2FB65211698EDF7AEFB0498FCF72EFD20
:1018A0004FF0FF3312A938460593F3F71AFD039062
:1018B00038B33846F3F7F3FCD5F8C010039B8142E8
:1018C000814603D0D5F8BC00484515D12C7C14B115
:1018D000A86A48450ED0686A48450DD0169803930B
:1018E000494514BF2D212B21EDF785FB039B1C4699
:1018F0001E46F2E6234601E71C46FFE60024A24608
:1019000064E7344662E74FF000094FF000084646AE
:101910000124B6E66CD201242DE9F0438DB008AC69
:10192000179E0AAF84E80C0089461D4B0A932021BC
:1019300005463846EDF781FACDE90367169B029319
:1019400014AB93E803008DE803000DF1180894E848
:101950000C0040464946FFF72BFE98E80300DDF8EF
:10196000288084E80300E9F73DF818990B900BAB49
:101970004046324603F0F6F814A92046F3F79EFCE1
:1019800018B1336843F00203336094E8030085E83C
:1019900003003846FCF7EEFD28460DB0BDE8F083A5
:1019A0006CD201242DE9F0438DB008AC179E0AAF2C
:1019B00084E80C0089461D4B0A93202105463846D1
:1019C000EDF73BFACDE90367169B029314AB93E85E
:1019D00003008DE803000DF1180894E80C00404660
:1019E0004946FFF7E5FD98E80300DDF8288084E824
:1019F0000300E8F7F7FF18990B900BAB404632460F
:101A000003F0EEF814A92046F3F758FC18B1336838
:101A100043F00203336094E8030085E8030038468E
:101A2000FCF7A8FD28460DB0BDE8F0836CD2012478
:101A30002DE9F0438DB008AC179E0AAF84E80C0086
:101A400089461D4B0A93202105463846EDF7F5F9E6
:101A5000CDE90367169B029314AB93E803008DE86E
:101A600003000DF1180894E80C0040464946FFF7C2
:101A70009FFD98E80300DDF8288084E80300E8F77C
:101A8000B1FF18990B900BAB4046324603F0F0F8CB
:101A900014A92046F3F712FC18B1336843F002038F
:101AA000336094E8030085E803003846FCF762FDE4
:101AB00028460DB0BDE8F0836CD201242DE9F04F2B
:101AC0008BB006AE169C059004F16C0086E80C0005
:101AD000FDF734F9E46804F04A04402C054650D080
:101AE000082C14BF4FF00A094FF0100914A9304612
:101AF000F3F7E4FB0746002840F072813046F3F725
:101B0000CEFBD5F8BC308342024603D0D5F8C010D6
:101B1000814239D1991A4B424B4100932B7C13B12E
:101B2000AB6A934215D06B6A934212D00698019229
:101B3000FCF7E4FB4FF0FF3314A930460793F3F7AB
:101B4000D0FB019A002800F04D813046F3F7A7FB47
:101B500002464FF0000846462B7C13B1AB6A934215
:101B600045D06B6A934242D0D5F8CC30934216D11F
:101B7000B8F1000F0AD0B9F10A0F13D15CB92646AB
:101B80007DE04FF00809B1E70097E2E7002C73D041
:101B9000B9F1080F76D001364FF0010811E0B8F125
:101BA000000F23D0D5F8C430934203D0D5F8C83005
:101BB00093426ED1002C67D0B9F1100F6ED1002680
:101BC000B04606980192FCF799FB4FF0FF3314A939
:101BD00006A80793F3F785FB019A00285CD006A8B6
:101BE000F3F75DFB0246B8F1000FB5D14746B9F1F6
:101BF000100F14BF4B46162302937C4B09932B7C8A
:101C00002BB1202109A80192EDF717F9019A009B49
:101C100095F824B103F10043013B0193B3FBF9F3C1
:101C20000393BBF1000F41D005F1CC030493002FC7
:101C300040F08580BA463C462B7C002B5FD0A96AD9
:101C400091425CD1002E7FD0F1B209A8EDF7D3F913
:101C500000260698FCF752FB4FF0FF3314A906A8A4
:101C60000793F3F73EFB0346002800F0968006A892
:101C7000F3F715FB0246DFE726464FF001084FF069
:101C800008099EE7464687E72646A0464FF010091A
:101C900097E74FF00108AAE70127A8E7CDF80890D9
:101CA0004FF00108A9E74FF0010A18E0002F70D1AA
:101CB000BA463C464FF0FF3B02981146FCF7BFFB8B
:101CC000431C3ED0039BA342EDD3019B04FB09F4CC
:101CD0001B1AA34238BF4AF0010A01360444069891
:101CE000FCF70CFB14A906A8CDF81CB0F3F7F9FA21
:101CF000034640B306A8F3F7D2FA0246DCE76B6A64
:101D000093421ED002990498FCF73DFC0346D8B1DB
:101D1000049A831A3C2B4FEAA302039BC8BF063ADE
:101D2000A3420AD3019B04FB09F49B1AA34238BFC8
:101D30004AF0010A013614448BE7DA4689E70024A9
:101D4000A246002300E001270998FCF7F4FB70B1DC
:101D5000F1B209A80193EDF74EF9D5E9020109AAFC
:101D600003F02EFA019B10B9179904220A6036B9C4
:101D7000B8F1000F03D10998FCF7DDFB78B173B916
:101D8000BAF1000F24D1009B03B16442189B1C6080
:101D90000BE0DA465B465C46D6E75F46D4E70023B5
:101DA000189A1360179A042313602FB1179B179A80
:101DB0001B6843F002031360DDE90601059B83E81D
:101DC000030009A8FCF7D6FB05980BB0BDE8F08F1F
:101DD000009B002B0CBF6FF000434FF00043DFE788
:101DE0000022009200260127B04600E76CD20124B1
:101DF00070B588B006AD85E80C00109B04930F9B6E
:101E000003930E9B02930CAB04460E4693E803002B
:101E10008DE80300204695E80C003146FFF74EFEA2
:101E2000204608B070BD2DE9F04F91B00CAD079081
:101E3000DDE91C0985E80C00C368DDF878A0DB0744
:101E40000E4639D44FF0FF330F930FABCDE9039318
:101E500002901AAB93E803008DE803000AAC95E802
:101E60000C0031462046FFF729FE94E803000F9B43
:101E7000012B85E803000CD803F001038AF8003039
:101E800095E80300079B83E80300184611B0BDE8FE
:101E9000F08F01238AF800300423C9F800301AA912
:101EA0002846F3F70BFA0028EAD0D9F8003043F0BF
:101EB0000203C9F80030E3E76C30FCF73FFF066A25
:101EC0008469B6FA86F6B4FA84F44FF0010B8046C2
:101ED0007609640900275A469EB194B100213AB3AD
:101EE000D8F82020BA4223D117B300228AF8002064
:101EF000BBF1000F5DD0D8F81830BB4259D1042394
:101F0000D7E71AA928460892F3F7D8F9089A0146A4
:101F10000028E4D109902846F3F7C1F9DDE908214A
:101F2000A6B9D8F81C2052F82720824210D08CB1D4
:101F3000BBF1000F41D0D8F81830BB423DD1002F83
:101F40003BD001238AF80030994033E0002AEED0DC
:101F50004CB90124D8F8143053F82730834205D106
:101F60004FF0010B05E0BBF1000F19D166BB6CB35C
:101F7000B34628460137FCF781FA9CB1D8F82060B7
:101F8000BE428CBF00260126BBF1000F0CD0D8F852
:101F90001810B9428CBF0021012122460C469BE754
:101FA0005C46E6E70126EFE70121F6E74FF0000B7C
:101FB00096E74900C9F8001062E700238AF800306C
:101FC00000299CD0062374E7002CEFD18AF800404A
:101FD00095E700002DE9F04F8BB006AE169C0590FA
:101FE00004F16C0086E80C00FCF7A8FEE46804F03D
:101FF0004A04402C054650D0082C14BF4FF00A0963
:102000004FF0100914A93046F3F758F90746002895
:1020100040F072813046F3F742F9D5F8BC30834284
:10202000024603D0D5F8C010814239D1991A4B42EB
:102030004B4102932B7C13B1AB6A934215D06B6A70
:10204000934212D006980192FCF758F94FF0FF33F3
:1020500014A930460793F3F744F9019A002800F0D9
:102060004D813046F3F71BF902464FF00008464613
:102070002B7C13B1AB6A934245D06B6A934242D03A
:10208000D5F8CC30934216D1B8F1000F0AD0B9F18F
:102090000A0F13D15CB926467BE04FF00809B1E77F
:1020A0000297E2E7002C71D0B9F1080F74D0013625
:1020B0004FF0010811E0B8F1000F23D0D5F8C4307B
:1020C000934203D0D5F8C83093426CD1002C65D030
:1020D000B9F1100F6CD10026B04606980192FCF7BA
:1020E0000DF94FF0FF3314A906A80793F3F7F9F899
:1020F000019A00285AD006A8F3F7D1F80246B8F1A1
:10210000000FB5D14746B9F1100F14BF4B46162347
:1021100001937C4B09932B7C2BB1202109A80392BE
:10212000ECF78BFE039A95F824B14FF6FF7393FBFF
:10213000F9F30393BBF1000F42D005F1CC030493F4
:10214000002F40F08C80BA463C462B7C002B63D09D
:10215000A96A914260D1002E00F08680F1B209A8F0
:10216000ECF749FF00260698FCF7C8F84FF0FF335C
:1021700014A906A80793F3F7B4F80346002800F063
:102180009D8006A8F3F78BF80246DEE726464FF05F
:1021900001084FF00809A0E7464689E72646A04611
:1021A0004FF0100999E74FF00108ACE70127AAE7C3
:1021B000CDF804904FF00108ABE74FF0010A1BE0A7
:1021C000002F77D1BA463C464FF0FF3B01981146AD
:1021D000FCF735F9431C44D0039BA342EDD319FB14
:1021E00004F4C0F57F43A4B2FF339C42C8BF4AF059
:1021F000010A0444A4B201360698FCF77FF814A93A
:1022000006A8CDF81CB0F3F76CF8034658B306A83F
:10221000F3F745F80246D9E76B6A934221D001995A
:102220000498FCF7B0F90346F0B1049A831A3C2BEA
:102230004FEAA302039BC8BF063AA3420DD319FB82
:1022400004F4C2F57F43A4B2FF339C42C8BF4AF0F6
:10225000010A1444A4B2013685E7DA4683E7002474
:10226000A246002300E001270998FCF764F970B149
:10227000F1B209A80193ECF7BEFED5E9020109AA63
:1022800002F09EFF019B10B9179904220A6036B92B
:10229000B8F1000F03D10998FCF74DF980B17BB973
:1022A000BAF1000F25D1029B0BB16442A4B2189B76
:1022B0001C800BE0DA465B465C46D5E75F46D3E719
:1022C0000023189A1380179A042313602FB1179BC9
:1022D000179A1B6843F002031360DDE90601059BB2
:1022E00083E8030009A8FCF745F905980BB0BDE8A1
:1022F000F08F4FF6FF73E4E70022029200260127D9
:10230000B04600E76CD2012470B588B006AD85E810
:102310000C00109B04930F9B03930E9B02930CAB3A
:1023200004460E4693E803008DE80300204695E836
:102330000C003146FFF74EFE204608B070BD00008D
:102340002DE9F04F8BB006AE169D059005F16C009F
:1023500086E80C00FCF7F2FCED6805F04A05402D1C
:1023600004464FD0082D14BF4FF00A094FF0100952
:1023700014A93046F2F7A2FF0746002840F0638117
:102380003046F2F78CFFD4F8BC308342834603D04A
:10239000D4F8C010814238D1A3EB0B025342534111
:1023A0000293237C13B1A36A5B4513D0636A5B4538
:1023B00010D00698FBF7A2FF4FF0FF3314A9304668
:1023C0000793F2F78EFF002800F041813046F2F7C4
:1023D00066FF83464FF000084646237C13B1A36A8C
:1023E0005B4543D0636A5B4540D0D4F8CC305B4555
:1023F00016D1B8F1000F0AD0B9F10A0F13D15DB9A7
:102400002E4676E04FF00809B2E70297E2E7002D8A
:102410006CD0B9F1080F6FD001364FF0010811E010
:10242000B8F1000F21D0D4F8C4305B4503D0D4F804
:10243000C8305B4567D1002D60D0B9F1100F67D16E
:102440000026B0460698FBF759FF4FF0FF3314A95A
:1024500006A80793F2F745FF002857D006A8F2F721
:102460001EFF8346B8F1000FB7D14746B9F1100FF0
:1024700014BF4B4616230193774B0993237C1BB162
:10248000202109A8ECF7D9FC4FF0FF33B3FBF9F397
:10249000039394F824310093002B41D004F1CC0332
:1024A0000493002F40F08280BA463D46237C002BE7
:1024B0005CD0A16A594559D1002E7CD0F1B209A84F
:1024C000ECF799FD00260698FBF718FF4FF0FF3355
:1024D00014A906A80793F2F704FF0346002800F0AA
:1024E000948006A8F2F7DBFE8346DFE72E464FF026
:1024F00001084FF00809A5E746468EE72E46A84694
:102500004FF010099EE74FF00108AFE70127ADE754
:10251000CDF804904FF00108AEE74FF0010A14E047
:10252000002F6DD1BA463D4601985946FBF787FF0B
:10253000431C3DD0039BAB42EFD305FB09F540198B
:1025400028BF4AF0010A054601360698FBF7D6FE79
:102550004FF0FF3314A906A80793F2F7C2FE034613
:1025600040B306A8F2F79BFE8346DDE7636A5B454E
:102570001ED0019904985A46FCF705F80346D0B1DD
:10258000049A831A3C2B4FEAA302039BC8BF063A66
:10259000AB4208D305FB09F5521928BF4AF0010ADE
:1025A000154601368FE7DDF800A08CE70025AA4626
:1025B000002300E001270998FBF7BDFF70B1F1B2DD
:1025C00009A80093ECF717FDD4E9020109AA02F06B
:1025D000F7FD009B10B9179904220A6036B9B8F1CB
:1025E000000F03D10998FBF7A6FF80B17BB9BAF1C0
:1025F000000F25D1029B03B16D42189B1D600CE0BA
:10260000DDF800A053465546D5E7009FD3E70023E9
:10261000189A1360179A042313602FB1179B179A07
:102620001B6843F002031360DDE90601059B83E8A4
:10263000030009A8FBF79EFF05980BB0BDE8F08FDB
:102640004FF0FF33E4E74FF0000BCDF808B0002661
:102650000127B0460AE700BF6CD2012470B588B0EC
:1026600006AD85E80C00109B04930F9B03930E9B13
:1026700002930CAB04460E4693E803008DE803007A
:10268000204695E80C003146FFF75AFE204608B078
:1026900070BD00002DE9F04F8BB006AE169D059081
:1026A00005F16C0086E80C00FCF748FBED6805F0CE
:1026B0004A05402D04464FD0082D14BF4FF00A099B
:1026C0004FF0100914A93046F2F7F8FD074600282C
:1026D00040F063813046F2F7E2FDD4F8BC3083422B
:1026E000834603D0D4F8C010814238D1A3EB0B024B
:1026F000534253410293237C13B1A36A5B4513D029
:10270000636A5B4510D00698FBF7F8FD4FF0FF3386
:1027100014A930460793F2F7E4FD002800F0418148
:102720003046F2F7BCFD83464FF000084646237C56
:1027300013B1A36A5B4543D0636A5B4540D0D4F8CC
:10274000CC305B4516D1B8F1000F0AD0B9F10A0FB1
:1027500013D15DB92E4676E04FF00809B2E7029733
:10276000E2E7002D6CD0B9F1080F6FD001364FF0C1
:10277000010811E0B8F1000F21D0D4F8C4305B4556
:1027800003D0D4F8C8305B4567D1002D60D0B9F1D3
:10279000100F67D10026B0460698FBF7AFFD4FF04B
:1027A000FF3314A906A80793F2F79BFD002857D022
:1027B00006A8F2F774FD8346B8F1000FB7D147467B
:1027C000B9F1100F14BF4B4616230193774B0993B1
:1027D000237C1BB1202109A8ECF72FFB4FF0FF331E
:1027E000B3FBF9F3039394F824310093002B41D009
:1027F00004F1CC030493002F40F08280BA463D469A
:10280000237C002B5CD0A16A594559D1002E7CD085
:10281000F1B209A8ECF7EFFB00260698FBF76EFD76
:102820004FF0FF3314A906A80793F2F75AFD0346A9
:10283000002800F0948006A8F2F731FD8346DFE718
:102840002E464FF001084FF00809A5E746468EE7EF
:102850002E46A8464FF010099EE74FF00108AFE75B
:102860000127ADE7CDF804904FF00108AEE74FF037
:10287000010A14E0002F6DD1BA463D460198594631
:10288000FBF7DDFD431C3DD0039BAB42EFD305FBC3
:1028900009F5401928BF4AF0010A05460136069895
:1028A000FBF72CFD4FF0FF3314A906A80793F2F7AE
:1028B00018FD034640B306A8F2F7F1FC8346DDE7B6
:1028C000636A5B451ED0019904985A46FBF75BFE8C
:1028D0000346D0B1049A831A3C2B4FEAA302039B10
:1028E000C8BF063AAB4208D305FB09F5521928BF09
:1028F0004AF0010A154601368FE7DDF800A08CE7A3
:102900000025AA46002300E001270998FBF713FEE3
:1029100070B1F1B209A80093ECF76DFBD4E90201A4
:1029200009AA02F04DFC009B10B9179904220A6015
:1029300036B9B8F1000F03D10998FBF7FCFD80B15F
:102940007BB9BAF1000F25D1029B03B16D42189BF0
:102950001D600CE0DDF800A053465546D5E7009F0A
:10296000D3E70023189A1360179A042313602FB13A
:10297000179B179A1B6843F002031360DDE90601F9
:10298000059B83E8030009A8FBF7F4FD05980BB04D
:10299000BDE8F08F4FF0FF33E4E74FF0000BCDF8C8
:1029A00008B000260127B0460AE700BF6CD2012418
:1029B00070B588B006AD85E80C00109B04930F9BA2
:1029C00003930E9B02930CAB04460E4693E8030060
:1029D0008DE80300204695E80C003146FFF75AFECB
:1029E000204608B070BD2DE9F0418CB008AC149EB3
:1029F000D6F80C8084E80C0028F04A0343F0080362
:102A0000F3600BAB0493159BCDE9026312AB054653
:102A10008C4693E803008DE8030006AF94E80C00B1
:102A200061463846FFF736FE97E80300169B0B9A7F
:102A3000C6F80C8084E8030085E8030028461A6085
:102A40000CB0BDE8F08100002DE9F04F8FB00AAF67
:102A50001A9C079004F16C0087E80C00FCF76EF9F3
:102A6000E56805F04A05402D06464ED0082D14BFF6
:102A70004FF00A094FF0100918A93846F2F71EFC6A
:102A80008046002840F0AC813846F2F708FCD6F8C2
:102A9000BC308342044603D0D6F8C020824237D1EE
:102AA0001A1B534253410193337C13B1B36AA342BF
:102AB00013D0736AA34210D00A98FBF71FFC4FF0A3
:102AC000FF3318A938460B93F2F70BFC002800F0EF
:102AD00089813846F2F7E3FB04464FF0000A574677
:102AE000337C13B1B36AA34244D0736AA34241D08A
:102AF000D6F8CC30A34217D1BAF1000F0BD0B9F100
:102B00000A0F14D165B92F4687E04FF00809B3E7E3
:102B1000CDF80480E1E7002D7CD0B9F1080F7FD01B
:102B200001374FF0010A11E0BAF1000F21D0D6F8B9
:102B3000C430A34203D0D6F8C830A34277D1002DC9
:102B400070D0B9F1100F78D10027BA460A98FBF778
:102B5000D5FB4FF0FF3318A90AA80B93F2F7C1FB7E
:102B6000002867D00AA8F2F79AFB0446BAF1000FD2
:102B7000B6D1D046B9F1100F14BF4B4616230493BB
:102B80009B4B0D93337C1BB120210DA8ECF755F91D
:102B9000019B013B0593019B059803F10043013B19
:102BA000029302994FEAE9734A46CDF7CBFE96F8B5
:102BB00024310393CDE90801002B46D006F1CC0364
:102BC0000693B8F1000F40F0A780C3464546CDF804
:102BD0000080337C002B71D0B26AA2426ED1002FEC
:102BE00000F0A180F9B20DA8ECF705FA00270A98C9
:102BF000FBF784FB4FF0FF3318A90AA80B93F2F7F9
:102C000070FB0346002800F0C0800AA8F2F747FBDB
:102C10000446DEE72F464FF0010A4FF0080995E71A
:102C200057467EE72F46AA464FF010098EE74FF031
:102C3000010A9FE74FF001089CE7CDF810904FF094
:102C4000010A9DE74FF0010B26E0B8F1000F40F0BC
:102C50009580C3464546CDF8008004982146FBF791
:102C6000EEFB431C5BD0089B009AAB42099B93414F
:102C7000E8D3A9FB055309FB0233059A111A029AFE
:102C800062EBE072A9429A4138BF4BF0010B451943
:102C900043EBE073009301370A98FBF72FFB4FF0EB
:102CA000FF3318A90AA80B93F2F71BFB0346002871
:102CB00037D00AA8F2F7F3FA0446CEE7736AA342C4
:102CC0002DD0049906982246FBF75DFC034650B3CD
:102CD000069A0099831A3C2B4FEAA302089BC8BFAF
:102CE000063AAB42099B8B4113D3A9FB055309FB61
:102CF00001330599881A029961EBE271A842994162
:102D000038BF4BF0010B551943EBE27300930137C9
:102D10006DE7DDF80CB06AE700250095AB460023AF
:102D200001E04FF001080D98FBF705FC70B1F9B216
:102D30000DA80293ECF75FF9D6E902010DAA02F0A3
:102D40003FFA029B10B91B9904220A6037B9BAF105
:102D5000000F03D10D98FBF7EEFBC8B1C3B9BBF16F
:102D6000000F32D1019B23B1009B6D4263EB430303
:102D700000931C9B009A1D605A6011E0DDF80CB0B6
:102D8000CDF800B05B465D46CDE7DDF80C80CAE7C4
:102D9000002200231C99C1E900231B9A042313601D
:102DA000B8F1000F05D01B9B1B9A1B6843F0020370
:102DB0001360DDE90A01079B83E803000DA8FBF718
:102DC000D9FB07980FB0BDE8F08F019B1BB1002223
:102DD0004FF00043DEE74FF0FF326FF00043D9E7DA
:102DE0000024019400274FF00108BA46C2E600BF54
:102DF0006CD2012470B588B006AD85E80C00109B3C
:102E000004930F9B03930E9B02930CAB04460E4658
:102E100093E803008DE80300204695E80C00314656
:102E2000FFF712FE204608B070BD00002DE9F04FFC
:102E30008DB008AF189C059004F16C0087E80C0079
:102E4000FBF77CFFE56805F04A05402D06464ED0AD
:102E5000082D14BF4FF00A0A4FF0100A16A9384681
:102E6000F2F72CFA8146002840F0A4813846F2F7A8
:102E700016FAD6F8BC308342044603D0D6F8C020F8
:102E8000824237D11A1B534253410393337C13B10F
:102E9000B36AA34213D0736AA34210D00898FBF719
:102EA0002DFA4FF0FF3316A938460993F2F719FAB5
:102EB000002800F081813846F2F7F1F904464FF01E
:102EC000000BD846337C13B1B36AA34246D0736A71
:102ED000A34243D0D6F8CC30A34218D1BBF1000FA7
:102EE0000BD0BAF10A0F15D165B9A84686E04FF0AC
:102EF000080AB3E7CDF80C90E1E7002D7BD0BAF1DA
:102F0000080F7ED008F101084FF0010B12E0BBF171
:102F1000000F22D0D6F8C430A34203D0D6F8C83070
:102F2000A34275D1002D6ED0BAF1100F76D14FF0BB
:102F30000008C3460898FBF7E1F94FF0FF3316A9E4
:102F400008A80993F2F7CDF9002864D008A8F2F791
:102F5000A6F90446BBF1000FB4D1D946BAF1100F5F
:102F600014BF534616230293964B0B93337C1BB12D
:102F700020210BA8EBF761FF4FEAEA7352464FF0AE
:102F8000FF304FF0FF31CDF7DDFC96F8243101938F
:102F9000CDE90601002B49D006F1CC030493B9F129
:102FA000000F40F0AC80CDF800904D464F46337C8A
:102FB000002B75D0B26AA24272D1B8F1000F00F0B6
:102FC000A5805FFA88F10BA8ECF715F84FF0000820
:102FD0000898FBF793F94FF0FF3316A908A8099357
:102FE000F2F77FF90346002800F0BF8008A8F2F747
:102FF00056F90446DBE7A8464FF0010B4FF0080AEC
:1030000098E7D84680E7A846AB464FF0100A91E70C
:103010004FF0010BA2E74FF001099FE7CDF808A0A0
:103020004FF0010BA0E70123009327E0B9F1000F57
:1030300040F09680CDF800904D464F4602982146CC
:10304000FBF7FDF9431C5DD0069BAB42079BBB41E0
:10305000E9D3AAFB05530AFB073341194FEAE0778E
:1030600057EB030100994FF0000228BF01221143E2
:103070004519009147EB030708F101080898FBF791
:103080003DF94FF0FF3316A908A80993F2F729F983
:103090000346002838D008A8F2F701F90446CDE726
:1030A000736AA3422ED0029904982246FBF76BFA6A
:1030B000034658B3049A831A3C2B4FEAA302069B9B
:1030C000C8BF063AAB42079BBB4115D3AAFB0553C9
:1030D0000AFB073350194FEAE27757EB03000098D9
:1030E0004FF0000128BF012108435519009047EB1C
:1030F000030708F101086BE7019B009368E70025CF
:103100002F460095002301E04FF001090B98FBF7D3
:1031100012FA78B15FFA88F10BA80193EBF76BFF15
:10312000D6E902010BAA02F04BF8019B10B91999DC
:1031300004220A60B8F1000F06D1BBF1000F03D1E1
:103140000B98FBF7F8F998B193B9009B6BBB039B05
:1031500013B16D4267EB47071A9BC3E900570FE0B5
:10316000019B00931D461F46D0E7DDF80490CDE794
:10317000002200231A99C1E90023199A042313603D
:10318000B9F1000F05D0199B199A1B6843F002038F
:103190001360DDE90801059B83E803000BA8FBF73A
:1031A000E9F905980DB0BDE8F08F4FF0FF324FF010
:1031B000FF33DFE7002403944FF000084FF00109CC
:1031C000C346CBE66CD2012470B588B006AD85E865
:1031D0000C00109B04930F9B03930E9B02930CAB6C
:1031E00004460E4693E803008DE80300204695E868
:1031F0000C003146FFF71AFE204608B070BD2DE9DD
:10320000F04F8FB0DDE91AB70AAC4FF0000A06465E
:103210000BF16C0084E80C008846CDF834A0FBF775
:10322000E9FC0DABCDE906B302226323CDE90432FC
:103230000CAB0293CDF80CA018AB814693E80300C9
:103240008DE8030008AD94E80C0041462846FDF7E0
:103250008CF995E803000D9B84E80300002B51D105
:1032600018A92046F2F73DF8002846D02046F2F78C
:1032700016F82A2201464846F2F705F8A0F1300573
:10328000EBB2092B39D82046FBF7F8F80C9B4FF02E
:103290000A0808FB035518A920460C95F2F721F8F7
:1032A00098B12046F1F7FBFF2A2201464846F1F784
:1032B000EAFFA0F13005EBB2092B06D82046FBF758
:1032C000DDF80C9B08FB03550C950C9BA3F26C736B
:1032D0000C931C9B0C9A5A6118A92046F1F7EEFF3B
:1032E00018B13B6843F002033B6094E8030086E8B2
:1032F000030030460FB0BDE8F08F0C9B442BE8DC98
:103300006433E5E73B6843F004033B60E4E72DE901
:10331000F0479CB0DDE926960AAC054609F16C0041
:1033200084E80C008846FBF773FD0DF1380A074668
:103330005146FBF73FFB384615A9FBF72BFB002353
:103340000D930DABCDE905930723CDE903A30CAB9A
:10335000029324AB93E803008DE8030008AF94E8E0
:103360000C0041463846FDF7FCFA97E803000D9B38
:1033700084E803009BB9289B0C9A9A6124A92046F3
:10338000F1F79CFF18B1336843F00203336094E80F
:10339000030085E8030028461CB0BDE8F0873368C9
:1033A00043F004033360E9E72DE9F047A6B0DDE917
:1033B00030960AAC054609F16C0084E80C0088469A
:1033C000FBF726FD0DF1380A07465146FBF721FBB6
:1033D00038461AA9FBF7FEFA00230D930DABCDE991
:1033E00005930C23CDE903A30CAB02932EAB93E81A
:1033F00003008DE8030008AF94E80C00414638460E
:10340000FDF7AFFA97E803000D9B84E803009BB932
:10341000329B0C9A1A612EA92046F1F74FFF18B182
:10342000336843F00203336094E8030085E8030047
:10343000284626B0BDE8F087336843F004033360C4
:10344000E9E72DE9F04F93B0DDE91EB70AAC054678
:103450000BF16C0084E80C00DDF880A08946FBF7D6
:10346000D7FC0DA9FBF784FA0023CDE90F331193A4
:103470000D9BCDE902B7CDE904A30FAE06961CABB8
:1034800093E803008DE803000DF1200894E80C0098
:1034900049464046FDF71AFB98E8030084E803001C
:1034A0005146304601F092FE1CA92046F1F706FF76
:1034B00018B13B6843F002033B6094E8030085E8E1
:1034C0000300284613B0BDE8F08F2DE9F04F93B00C
:1034D000DDE91EB70AAC05460BF16C0084E80C0070
:1034E000DDF880A08946FBF793FC0DA9FBF73AFABB
:1034F0000023CDE90F3311930D9BCDE902B7CDE940
:1035000004A30FAE06961CAB93E803008DE80300FE
:103510000DF1200894E80C0049464046FDF7D6FA24
:1035200098E8030084E803005146304601F04EFE5F
:103530001CA92046F1F7C2FE18B13B6843F0020314
:103540003B6094E8030085E80300284613B0BDE81B
:10355000F08F00002DE9F04F91B00AA981E80C002E
:10356000DDE91C3903F16C0406902046FBF742FBB1
:1035700004902046FBF7A8FE00F140030793836AFE
:1035800005461BB1036B003B18BF012302932B7C44
:10359000A34C0D941BB120210DA8EBF74EFC20216C
:1035A0000EA80E94EBF749FC05F14403002608939E
:1035B000EB6B0F93B04637460396B24601960FABBE
:1035C0009B5D042B62D8DFE813F08C0164013000AE
:1035D000FE000500DFF84CB21AA90AA8F1F781FE37
:1035E00003460446002800F03D810AA80993F1F73C
:1035F00056FE0A21024605900898FAF7C4FF059A7C
:10360000099B002800F01D81079BC41AA410DBF859
:1036100000300EA8195DEBF7EEFC7C1C039F0AA896
:10362000FAF72CFF03972746D6E71C9BDB689A0521
:103630001FD4BAF1010F1CD8DEB1012E0BD1029BB1
:10364000BBB99DF83C30032B13D09DF83E30012BC5
:103650000FD00226B3E7022E40F057819DF83F308D
:10366000042B06D0029A002A00F04A81032B40F076
:1036700049812B6A05934FF0000B1AA90AA8F1F7AC
:1036800030FE059B044618B99B4511D1012419E071
:103690009B4517D00AA8F1F702FEEA6952F82B20E1
:1036A000824205D10AA8FAF7E9FE0BF1010BE4E723
:1036B000BBF1000F40F022811C9BDC6884F4007495
:1036C000C4F340240136042E40F00E81BAF1010FFC
:1036D00040F22E81002C00F00A81019B002B00F0AB
:1036E0001681EC6A01261AA90AA8F1F7FAFD00284A
:1036F00040F00F81564540F0FA800E98FAF71BFF14
:10370000012810D9002230210EA8EBF7E2F9024679
:1037100048B1431C03D10E98FAF70DFF421E002159
:103720000EA8FAF70BFF019B73B10EA8EBF7C0FAD6
:103730000E9B1B78302B07D00EA8EBF7C2FA2D2278
:1037400001460EA8EBF7FAFA0D98FAF7F4FEA0B1CD
:10375000B8F1000F00F0EF809DF80C100DA8EBF70A
:103760004AFCD5E902010DAA01F02AFD28B9D9F8D1
:10377000003043F00403C9F80030B8F1000F03D063
:103780006B6BBB4240F0B3801E980EA9EBF78CF92F
:103790000AAC1AA92046F1F791FD28B1D9F80030FA
:1037A00043F00203C9F8003094E80300069B83E865
:1037B00003000EA8FAF7DEFE0DA8FAF7DBFE069866
:1037C00011B0BDE8F08FAB6AABB92B6B63B31AA92C
:1037D0000AA8F1F786FD044630B30AA8F1F75FFDA9
:1037E000EB6A1B6883421FD10AA8D5F830A0FAF70C
:1037F00045FE019466E71AA90AA8F1F772FD04468E
:103800000028E2D00AA8F1F74AFD6B6A1B688342E0
:10381000DBD10AA8D5F828A0FAF730FE52E700BF9E
:103820006CD2012474000024AB6A1BB9029B83F0A4
:10383000010447E72B6B002BF8D1012301931C46B1
:1038400040E76969914208D1B8F1000F05D16A6B70
:10385000002A08DD98460446E1E62B7C1BB1AB69E3
:10386000934207D001240E98FAF765FE002808BF9E
:10387000002427E7B8F1000F07D147B1F9B20DA82E
:10388000EBF7B9FB4446039FC9E64446EBE73C46E9
:10389000E9E71AA90AA8F1F724FDA8B90024032E24
:1038A0003FF414AF1AA90AA8F1F71BFDD8B10AA872
:1038B000F1F7F5FC082102460498F1F7FDF990B103
:1038C0000AA8FAF7DBFDEDE70AA8F1F7E8FC082102
:1038D00002460498F1F7F0F90028DFD00AA8FAF7B9
:1038E000CDFD0124DBE70136002C7FF468AED9F86A
:1038F000003043F00403C9F8003049E70024E1E652
:1039000003265CE6029C0326EEE70124DEE66C6AF1
:10391000E8E656453FF4F1AE0AA8F1F7C0FC54F8CA
:1039200026308342E3D10AA8FAF7A8FD0136DAE689
:10393000002CDCD0E1E6F9B210E700BF2DE9F04F32
:1039400091B00AA981E80C00DDE91C3903F16C048F
:1039500006902046FBF74EF904902046FBF7FAFB51
:1039600000F140030793836A05461BB1036B003BDC
:1039700018BF012302932B7CA34C0D941BB1202173
:103980000DA8EBF75AFA20210EA80E94EBF755FA82
:1039900005F1440300260893EB6B0F93B0463746BE
:1039A0000396B24601960FAB9B5D042B62D8DFE80D
:1039B00013F08C0164013000FE000500DFF84CB20A
:1039C0001AA90AA8F1F78DFC03460446002800F066
:1039D0003D810AA80993F1F762FC0A21024605908D
:1039E0000898FAF7D0FD059A099B002800F01D8180
:1039F000079BC41AA410DBF800300EA8195DEBF782
:103A0000FAFA7C1C039F0AA8FAF738FD03972746A9
:103A1000D6E71C9BDB689A051FD4BAF1010F1CD8AE
:103A2000DEB1012E0BD1029BBBB99DF83C30032BBC
:103A300013D09DF83E30012B0FD00226B3E7022EA3
:103A400040F057819DF83F30042B06D0029A002A9F
:103A500000F04A81032B40F049812B6A05934FF017
:103A6000000B1AA90AA8F1F73CFC059B044618B9FB
:103A70009B4511D1012419E09B4517D00AA8F1F705
:103A80000EFCEA6952F82B20824205D10AA8FAF707
:103A9000F5FC0BF1010BE4E7BBF1000F40F02281D4
:103AA0001C9BDC6884F40074C4F340240136042EAB
:103AB00040F00E81BAF1010F40F22E81002C00F08F
:103AC0000A81019B002B00F01681EC6A01261AA9DD
:103AD0000AA8F1F706FC002840F00F81564540F097
:103AE000FA800E98FAF727FD012810D9002230211C
:103AF0000EA8EAF7EEFF024648B1431C03D10E9828
:103B0000FAF719FD421E00210EA8FAF717FD019BD6
:103B100073B10EA8EBF7CCF80E9B1B78302B07D0B7
:103B20000EA8EBF7CEF82D2201460EA8EBF706F90A
:103B30000D98FAF700FDA0B1B8F1000F00F0EF808A
:103B40009DF80C100DA8EBF756FAD5E902010DAA65
:103B500001F036FB28B9D9F8003043F00403C9F866
:103B60000030B8F1000F03D06B6BBB4240F0B38064
:103B70001E980EA9EAF798FF0AAC1AA92046F1F799
:103B80009DFB28B1D9F8003043F00203C9F800309A
:103B900094E80300069B83E803000EA8FAF7EAFC0A
:103BA0000DA8FAF7E7FC069811B0BDE8F08FAB6AF4
:103BB000ABB92B6B63B31AA90AA8F1F792FB0446C1
:103BC00030B30AA8F1F76BFBEB6A1B6883421FD185
:103BD0000AA8D5F830A0FAF751FC019466E71AA9B3
:103BE0000AA8F1F77EFB04460028E2D00AA8F1F704
:103BF00056FB6B6A1B688342DBD10AA8D5F828A064
:103C0000FAF73CFC52E700BF6CD201247400002498
:103C1000AB6A1BB9029B83F0010447E72B6B002BB7
:103C2000F8D1012301931C4640E76969914208D10C
:103C3000B8F1000F05D16A6B002A08DD98460446EA
:103C4000E1E62B7C1BB1AB69934207D001240E98AF
:103C5000FAF771FC002808BF002427E7B8F1000F2D
:103C600007D147B1F9B20DA8EBF7C5F94446039F58
:103C7000C9E64446EBE73C46E9E71AA90AA8F1F78A
:103C800030FBA8B90024032E3FF414AF1AA90AA8E8
:103C9000F1F727FBD8B10AA8F1F701FB082102468A
:103CA0000498F1F709F890B10AA8FAF7E7FBEDE7F5
:103CB0000AA8F1F7F4FA082102460498F0F7FCFF8D
:103CC0000028DFD00AA8FAF7D9FB0124DBE7013688
:103CD000002C7FF468AED9F8003043F00403C9F833
:103CE000003049E70024E1E603265CE6029C032657
:103CF000EEE70124DEE66C6AE8E656453FF4F1AEF5
:103D00000AA8F1F7CCFA54F826308342E3D10AA886
:103D1000FAF7B4FB0136DAE6002CDCD0E1E6F9B2C2
:103D200010E700BF2DE9F0438DB006AC84E80C002D
:103D3000DDE9173809AFCDE9038702938C4614AB50
:103D400018490991054693E803009DF858208DE82D
:103D500003000AAEFAB194E80C0061463046FFF762
:103D6000F9FB96E80300DDF8249084E80300E6F709
:103D700039FE19990A9033464246484600F078FFCA
:103D800094E8030085E803003846FAF7F3FB284679
:103D90000DB0BDE8F08394E80C0061463046FFF7B3
:103DA000CDFDDEE76CD201242DE9F04F8DB006ACDD
:103DB000DDF864B09DF8609007460BF16C0084E874
:103DC0000C008A46FAF716FF1A9B1F490991CDE9A4
:103DD00002B309AE049616AB804693E803008DE863
:103DE00003000AAD94E80C0051462846B9F1000FD3
:103DF00026D0FFF7AFFB95E8030084E8030009989D
:103E0000FAF799FB054680B101461B98EBF708FCD1
:103E1000DDF824A01B98EBF773FA1B9B55441B6835
:103E20002A4651464046FAF703FB94E8030087E828
:103E300003003046FAF79EFB38460DB0BDE8F08F20
:103E4000FFF77CFDD7E700BF6CD20124244B1A6832
:103E5000D0075CBF01221A60224B1A68D1075CBFF1
:103E600001221A60204B1A68D2075CBF01221A6037
:103E70001E4B1A68D0075CBF01221A601C4B1A68DF
:103E8000D1075CBF01221A601A4B1A68D2075CBFC7
:103E900001221A60184B1A68D0075CBF01221A6011
:103EA000164B1A68D1075CBF01221A60144B1A68BE
:103EB000D2075CBF01221A60124B1A68D0075CBFA0
:103EC00001221A60104B1A68D1075CBF01221A60E8
:103ED0000E4B1A68D2075CBF01221A60704700BF00
:103EE00094D3012490D301248CD3012488D30124BA
:103EF00084D3012480D301247CD3012478D30124EA
:103F000074D3012470D301246CD3012468D3012419
:103F10000AB104F0C2B87047B1F1005F08B506D32A
:103F2000B1F1804F01D3F3F7D8F8F3F7D3F8BDE838
:103F300008408800E6F787BC03684160002243F828
:103F40002120704750F8083B1B1A584258417047CF
:103F50000B68B3F1805F10B502D30B48F3F7C6F8D6
:103F600093420BD9B3EB420F4FEA420406D2B4F1AD
:103F7000805F2ABF6FF070430C600B6009680131ED
:103F8000FFF7CAFF10BD00BFE60C0708006800F08D
:103F90009BBA10B50446FFF7D5FF18B9A1682046B3
:103FA000FFF7F4FF10BD000008B5034608465B6844
:103FB0009842114603D902460148F3F79DF808BD1F
:103FC0007A0B0708406801F180510139091A9142C2
:103FD00008B502D21846F3F789F808BD03688B428A
:103FE00007D8426803EB8203994294BF0020012066
:103FF000704701207047012A10B404D10A685DF8A7
:10400000044B026070475DF8044BFFF781BF012A43
:1040100030B403D10B68036030BC7047002AFBD07A
:1040200030BC04F03DB80B46012B10B411460446D9
:1040300003D122605DF8044B7047002BFAD05DF885
:10404000044B1A4604F02FB837B5032904460191F2
:10405000154606D9002201A9FFF77AFF019B2060CF
:10406000A360019919B120682A46FFF7DCFF019986
:104070002046FFF761FF03B030BD08B5521A921019
:10408000FFF7B9FF08BD08B5521A9210FFF7B3FF4A
:1040900008BD10B50446FFF755FF08B9A06810BD6C
:1040A0000320FCE72DE9F3470A9E1F46436801EB16
:1040B0000208B21A1A4404460D46A3EB08090192FD
:1040C000FFF7E7FF01A902462046FFF741FF8246BE
:1040D0001DB121682A46FFF78EFF37B12EB1324657
:1040E00039460AEB8500FFF786FFB9F1000F08D0CB
:1040F000216835444A4601EB88010AEB8500FFF749
:104100007AFF2046FFF745FF019BC4F800A0A3609B
:1041100002B0BDE8F08737B504460191FFF7B9FF5B
:10412000019B834202460FD901A92046FFF710FFE9
:104130006268216801320546FFF75DFF2046FFF700
:1041400028FF019B2560A36003B030BDF7B545682B
:1041500004460E46FFF79DFF6F1C874207D90123D7
:10416000009300231A4629462046FFF79BFF236849
:10417000394643F825602046FFF7DEFE03B0F0BD68
:104180002DE9F74316461D4604461B4B2A460F46AB
:104190003146FFF717FF2046FFF77BFFD4F8048076
:1041A000A5EB0609C14448451ED3F319B8EB030239
:1041B0000AD0AE4208D0206800EB870000EB8601F1
:1041C00000EB8500FFF723FF35B120680A9A2946E6
:1041D00000EB8700FFF727FF20464946FFF7ACFEBC
:1041E000204603B0BDE8F0830095002332463946EF
:1041F0002046FFF757FFE7E7F00B070807B50092E7
:104200000B4600224168FFF7BBFF03B05DF804FBDB
:1042100010B544688C4203D2091BFFF7EFFF10BDB5
:10422000FDD9FFF789FEFAE708B50022FFF7F0FF96
:1042300008BD2DE9F843DDE908780E4615461C4611
:1042400037B197423CD83A4619463046FFF7DFFE71
:10425000B8F1000F17D0AF4215D0424606EB8501EA
:1042600006EB8700FFF7D3FEAF420CD906EB8503C0
:1042700004EB870293424FEA870906D33A46214668
:104280003046FFF7C4FEBDE8F883A3420AD8A41B5A
:1042900007EBA404641B3A4606EB84013046FFF7A3
:1042A000AAFEF0E71D1B4FEAA5084246214630460C
:1042B000FFF7ADFEA7EB080206EB09017019EEE768
:1042C000B8F1000FC9D1D1E72DE9F74F0C9E154683
:1042D000044632460F4698462946204BFFF772FEA9
:1042E0002046FFF7D6FED4F804B0A6EB050ADA4460
:1042F00050452BD32368414603EB870920462F44C2
:10430000ABEB0707FFF76AFEB8B147B1B54206D07D
:104310003A4609EB850109EB8600FFF778FE26B1E6
:10432000324641464846FFF766FE20465146FFF7B3
:1043300003FE204603B0BDE8F08FCDE90067434699
:104340002A4649462046FFF774FFEEE700964346AB
:104350002A4639462046FFF7A5FEE6E7FE0C070889
:104360002DE9F3414768044602EB07080E4615465F
:10437000FFF78FFE40450FD335B120682A463146FE
:1043800000EB8700FFF737FE20464146FFF7D4FDDC
:10439000204602B0BDE8F081009533460022394640
:1043A0002046FFF77FFEEFE72DE9F04106469046F5
:1043B0000F460A4A19461D46FFF7F6FD7468641B4E
:1043C000444528BF444634B13168224601EB85019B
:1043D0003846FFF710FE2046BDE8F081B10B070814
:1043E0007FB500241023CDE90234036815469E6989
:1043F00012686B46CDE90044B0479DF8043003F0E5
:104400000603062B03BF009B2B600120204604B04F
:1044100070BD009890420CBF06200120704700003C
:1044200010B5034B0360044600F045F9204610BD6B
:10443000104A070810B50446FFF7F2FF204608218E
:10444000E6F7F0F9204610BD2DE9F0411F46DDE901
:104450000834DDF8188098450646154607D10799B7
:1044600000F02CF918B165710020BDE8F0813946E3
:10447000304600F023F90028F6D00123C4F800806C
:104480002571A371F0E738B515461C4600F016F902
:1044900020B10823E36006232560237138BD2DE990
:1044A000F04105460C4616461F4600F007F948B98C
:1044B000032F07D823683246294620465B69BDE8AA
:1044C000F0411847BDE8F08101F0D0BBFFF7FCBF19
:1044D0002DE9F043884689B017461D46064620B9A7
:1044E0000024204609B0BDE8F083026852F8083C79
:1044F00052F8049C0022CDE9052210220792C258EE
:1045000052F8042C4A4500EB0304E9D1002D2BDAC4
:1045100005AAD9F80030CDE90262CDE900480622AB
:10452000DC6929463B464846A047059C002CD7D06D
:104530009DF81A1001F00603062BD2D09DF8193011
:104540009DF818201A4002F00602062AC9D003F08E
:104550000503042BC4D00029C2D1002D0DDB2C444F
:10456000A642BDD1059CBCE7DD42D1D139464846C3
:1045700000F0A4F80028CBD0B3E7AB1CB0D03B6868
:1045800000961E6A2246434629463846B04700F048
:1045900006000628E5E7002070470000024B186877
:1045A000BFF35B8F704700BFC8D30124E6F74BB958
:1045B000FFF7FCBF10B5034B03600446FFF730FF65
:1045C000204610BD704A070810B50446FFF7F2FFF9
:1045D00020460C21E6F726F9204610BD2DE9F041D2
:1045E000DDF81880904506460F4615461C460BD050
:1045F000B0680368CDF818801E6A2A4623463946FB
:10460000B446BDE8F0416047194600F057F800286D
:10461000EED00620BDE8F0812DE9F14F0D46194698
:10462000DDE90A4BDDE90CA681461746984600F005
:1046300045F890B1002D3460377109DB2C44A24558
:1046400014BF01240624B471002001B0BDE8F08F2E
:104650000235F9D10123B371F6E7544506D1594625
:10466000484600F02BF808B17771EDE7D9F808005B
:104670000368CDE90CA6CDE90A4BDC693A4643460E
:104680002946A44601B0BDE8F04F60472DE9F0414E
:1046900007460C4615461E46FFF7F5FE48B9B868B2
:1046A00003689F692A4633462146BC46BDE8F0416F
:1046B0006047BDE8F081704700207047814208B52F
:1046C0000ED0406803782A2B0CD049680B782A2B2F
:1046D00008BF0131CBF704FEB0FA80F0400908BDF5
:1046E0000120FCE70020FAE710B5034B0360044605
:1046F000FFF796FE204610BDE84A070810B50446AD
:10470000FFF7F2FF20461821E6F78CF8204610BD8F
:104710002DE9F74FDDF830A052450546884616468C
:10472000994605D0EF6805EBC70547B9012020E0A1
:104730001946FFF7C3FF0028F4D0062019E0EC6803
:10474000A30719D5221214F0010404D018F1030FA5
:1047500012D033689A58A8680368CDF800A0D3F83F
:1047600020B032444B464146D847032804D9204361
:10477000C0B203B0BDE8F08F013F083DD5E7F0B40B
:104780000D1E049C164606DB2E44B4420CBF0620C8
:104790000120F0BC7047023505D0056804942C6AEE
:1047A000A446F0BC60470120F3E72DE9F04F91B03B
:1047B000CDE905231D9C1C9AA368DB0644BF8368D2
:1047C000A3601A9B934281460F4608D11B99FFF7BD
:1047D00075FF20B1059B63714FF0000882E00699D8
:1047E0004846FFF76BFF98B11A9B2360002F059B8B
:1047F000237108DB1A9B1F441C9BBB4214BF01277B
:104800000627A771E8E70237E6D10123A371E3E7A2
:10481000002FA9BF1C9B0790DB1B07934FF0020CD6
:104820000123CDE908C3059B4FF0000843F00103C5
:10483000CDF828800B93D9F80CA009EBCA0BBAF17C
:10484000000F09D10A9B002B4CD0089B012B49D0AB
:104850000123CDE9083AEEE70023CDE90D33DBF87B
:104860000C30A5680F95DE0743BF1A980B9A0068B5
:10487000059A4FEA232148BF41581A9801440798E6
:1048800038B18842099E2CBF00200120B04200F0C0
:10489000B380980706D4BB1C02D1AE0700F0AE80EF
:1048A00002F0FD02DBF808000DAD036803951C9DC6
:1048B00002951B9DCDE900153946DD69069BA84789
:1048C00063799DF839209DF83A500D991343062DD0
:1048D000637101D0022D09D19DF838302160237118
:1048E000A5718046404611B0BDE8F08F2268B8F14E
:1048F000000F13D1A2B99DF838202160227121B197
:104900001BB1D9F80830DD07EBD56379042BE8D06B
:104910000AF1FF3AABF1080B804690E7002A37D046
:10492000914206D123799DF83820134323714046E4
:10493000EBE709B90028FAD0032BA67904D9D907E7
:1049400029D5A3689B0726D57EB9032D05D9EE0787
:1049500041D5D9F8083098073DD51C9B009306989F
:104960001B9B3946FFF70BFF0646E5B9032E05D919
:10497000F10732D5D9F808309A072ED51C9B009341
:104980000D9A1B9B06983946FFF7F9FE05460AE08B
:104990000029D1D1CBE7012E38BF0126012D38BF28
:1049A0000125F6B2EDB285EA0603DBB2032B16D978
:1049B000032D81BF0D9B23602E469DF8383086BFA6
:1049C000237100204046B307A67102D416F00106F9
:1049D0009BD1002085E70126E5E70125E3E7354087
:1049E000EDB20023032D236003D90223A37101201C
:1049F00077E70120A07188E701230A93404687E703
:104A00002DE9F04F8BB00546049101921C46FFF74B
:104A10003AFD002862D1D4F80890D5F80C8019F03E
:104A2000100F18BFD5F8089009F0010305EBC8076F
:104A30004FF0000A05930DF1180BB8F1000F04D1E7
:104A40002079003818BF012049E0FA68CDF818A095
:104A500002F00103029302F0020303930399059B02
:104A60008DF81CA00B43CDE9089A03D108F1FF385B
:104A7000083FE2E7019B002B34D0029B121213B1D6
:104A8000019B1B689A58019B1A44B86804990368F3
:104A90009B691E465B46B0470028E7D0099B082B60
:104AA00003D1029B0BB1BB6809939DF81C30032B0B
:104AB00005D9039A1AB923F002038DF81C30E16876
:104AC000C1B99BE80F0084E80F002379032B05D9B7
:104AD0009A0709D5AB6813F0010FC7D101200BB0BD
:104AE000BDE8F08F019AD0E7DB07F7D5AB6813F08C
:104AF000020FF2E72368069A934204D00023236052
:104B000002232371EAE72BB123799DF81C2013437C
:104B10002371ABE709980828F2D00829F0D0FFF7F5
:104B2000CDFD0028F0D1EBE7002170B5084604F078
:104B3000E5FF0646CBF734FC451C08492846FFF73D
:104B400037FD044638B131462A4605F084F8044959
:104B5000002004F0D3FF204670BD00BF344A070890
:104B6000B50C0708F7B507460E461546FFF7DCFFFC
:104B7000044618B904232B6003B0F0BD01A93846E0
:104B800001F0F2FE019B86ED000ABB4201D01B78CA
:104B90005BB10023336004232B602146002004F026
:104BA000ADFF2046FFF792FCE6E7DFED097AB4EEB1
:104BB000670AF1EE10FA09D0DFED067AB4EE670A63
:104BC000F1EE10FAE9D16FF40003E3E7024BE1E7FD
:104BD0000000807F000080FFFFFF7F7F000000005B
:104BE000F7B507460E461546FFF79EFF044618B96F
:104BF00004232B6003B0F0BD01A9384601F0A8FEE4
:104C0000019BBB4286ED000B01D01B786BB10022EB
:104C10000023C6E9002304232B602146002004F072
:104C20006DFF2046FFF752FCE4E79FED0B7BB4EEEF
:104C3000470BF1EE10FA0BD09FED097BB4EE470B5A
:104C4000F1EE10FAE9D14FF0FF326FF48013E0E794
:104C5000054B4FF0FF32DCE7000000000000F07F62
:104C6000000000000000F0FFFFFFEF7F00000000E9
:104C7000F8B507460C461646FFF756FF054610B92D
:104C800004233360F8BD1C492246384603F0C2F8BD
:104C9000013001280ED800220023C4E90023042398
:104CA00033602946002004F029FF2846BDE8F8407B
:104CB000FFF70CBC94ED007B9FED0B6BB4EE467BD5
:104CC000F1EE10FA0BD09FED0A6BB4EE467BF1EEDD
:104CD00010FAE6D14FF0FF326FF48013DDE7074B97
:104CE0004FF0FF32D9E700BF000000000000F07F66
:104CF000000000000000F0FF170D0708FFFFEF7F26
:104D000008B50346002208461A600449CBF7E8FAC2
:104D100010B10348F2F7F4F908BD00BFB50C07085D
:104D20001B0D0708002303607047009B1A60039B5C
:104D3000019A1A6003207047009B03201A60704795
:104D40000120704701207047981A009B984228BFA5
:104D5000184670470020704710B5064B044640F8CF
:104D6000083BFFF7DFFF044B23602046E5F717FE03
:104D7000204610BD644B07089441070810B504464F
:104D8000FFF7EAFF2046FFF79FFB204610BD00001B
:104D900010B5064B044640F8083BFFF7C3FF044B31
:104DA00023602046E5F7FBFD204610BD904B070829
:104DB0004849070810B50446FFF7EAFF2046FFF709
:104DC00083FB204610BD0000003910B5054B036081
:104DD00018BF012141600446E5F704FEA0602046AB
:104DE00010BD00BF644B0708003910B5054B0360C8
:104DF00018BF012141600446E5F7F4FDA06020469C
:104E000010BD00BF904B07082DE9F04F0F46D1E9C8
:104E1000000185B00DF108081446DDE90F6A1D4652
:104E200088E8030004F064FE2B1B9B104343AAEBAD
:104E30000602934232DCAC42A14604D34D4594BFF6
:104E40000020012031E04246D9F80010304601F040
:104E5000E9FE421C04F1040403462ED098E8030046
:104E60001E4487E80300E6E7D9F80010424601A88F
:104E700001F0D8FEB0F1FF3F04F1040483461CD0DA
:104E8000AAEB060383420FD3024601A9304604F081
:104E9000E2FE98E8030087E803005E44AC42A146C6
:104EA000CCD25645E0D3C9E701200E9BC3F8009051
:104EB000119B1E6005B0BDE8F08F0220F5E72DE9DB
:104EC000F7438846D1E90001E946DDE90B7689E838
:104ED000030015461C46A54201D2B74204D3A542A1
:104EE0002CBF0020012015E0621B29464B463846A6
:104EF00001F074FE411C02460BD0831C11D008B98E
:104F00003860012299E80300043788E8030015445B
:104F1000E1E702200A9B1D600D9B1F6003B0BDE806
:104F2000F0830120F6E708B504F0E2FD431E584285
:104F3000584108BD04F0DCBD2DE9F7430D46D1E929
:104F40000001E94689E80300DDF8288014461E4682
:104F50000027B44202D2B8F1000F03D1384603B0A3
:104F6000BDE8F0834B46321B2146002001F036FE9F
:104F7000C31C0246F2D8012899E8030038BF012279
:104F800085E803001444174408F1FF38E1E708B549
:104F90000846114603F03AF8031E18BF012343EAFE
:104FA000A07008BD084611461A4603F043B808B57C
:104FB0000846114603F055F8031E18BF012343EAC3
:104FC000A07008BD084611461A4603F055B808B54A
:104FD0000846114603F01AF8031E18BF012343EADE
:104FE000A07008BD084611461A4603F023B808B55C
:104FF0000846114603F035F8031E18BF012343EAA3
:10500000A07008BD084611461A4603F035B813B51E
:1050100006220023C0E9012341F20203C3600446D3
:1050200001A8E6F73DFA01A904F16C00E5F742FD9D
:1050300001A8E5F731FD02B010BD6421024690FBE6
:10504000F1F301FB130030B94FF4C87192FBF1F397
:1050500001FB132323B912F0030F0CBF0120002022
:105060007047000070B500F26C740129D8BF013C94
:10507000A0F1460340F26D10002C00FB03F36FF427
:10508000EC7026460344B8BFE61C03EBA603B5103C
:105090006FF0630094FBF0F00344192095FBF0F6E9
:1050A00000FB16554FF4C87094FBF0F40A4803EB6C
:1050B000D57330F8111023440B4413440720013BEF
:1050C00093FBF0F2C2EBC2029B1A0344B3FBF0F075
:1050D000C0EBC000181A70BDB44B070830B5C468E7
:1050E000252320050B7043BF2B234B70881C481CC5
:1050F000630544BF232300F8013B04F48271B1F53A
:10510000827F03462BD02E2503F8025B2A254570AB
:105110000AB103F8012B042903F1010202D166212F
:10512000197014E0B1F5807F04F4804004D10028A8
:105130000CBF65214521F3E7B1F5827F0AD114F454
:10514000804F1A460CBF6121412102F8011B002348
:10515000137030BD00280CBF67214721E0E7002A0B
:10516000D7D1ECE70139013B994228BF1946F0B588
:10517000054606460F180120BE4200D010B9695CF2
:1051800013440FE016F8010BD45CA4EB000CDCF127
:10519000000040EB0C00013BEEE713F80109441A54
:1051A00060426041934201D00028F6D14BB2002BFF
:1051B00005DD13788B428CBF002000F00100F0BDAC
:1051C000126852F80C3CFFF7CDBF0000028840F295
:1051D0000113934304BF8B680C332DE9F04108BFE2
:1051E0008B6090F900300678002B05460C460FDAEC
:1051F000437813F002031FBF4B69642193FBF1F066
:1052000001FB103369686420133900FB01336361CB
:1052100022F47F7222F001025205520DB2F5806F26
:1052200037D106F01803182B28D0700726D56069EF
:10523000524F00F26C70FFF700FF414201F01A017B
:10524000E2693944002331F802CB944540F392805F
:1052500031075CBF03F1FF312161F60608D4013B41
:105260000D2101FB003037F81030D21A0132E26014
:105270002B7823F0180343F018032B702B78216947
:10528000180701D40B2904D8E2686069FFF7EAFE29
:10529000A0612B882E7823F47E7323F003035B0533
:1052A0005B0DB3F5806F13D13207276901D40B2F43
:1052B0000ED8606900F26C70FFF7BFFE0D2202FB92
:1052C00000772E4AE36832F81720013B1344E3616C
:1052D00016F0600F4CD0B3074AD516F00401676989
:1052E00023D101223846FFF7BDFE86F02008C8F31F
:1052F0004018A0EB08000722C0F1070090FBF2F372
:10530000C3EBC303C01AAB7803F03F03013BC3EB0D
:10531000C3031844A369A3EB0803134493FBF2F2FD
:10532000C2EBC2029B1A1844E06106F01803182B66
:105330001ED007F26C70FFF780FE104DE26941420B
:1053400001F01A012944002331F8027B974213DD52
:1053500037075CBF03F1FF312161F10608D4013B3F
:105360000D2101FB003035F81030D21A0132E26015
:10537000BDE8F081013366E70133E5E7B44B070888
:1053800073B5079B00F108020260D3E900530F2BAD
:10539000044605EB0306019306D9002201A9F8F79C
:1053A00025FB019B2060A360206832462946F8F760
:1053B000B2FB019B2268636000212046D15402B0F9
:1053C00070BD73B500F10802079B0260D3E900537A
:1053D0009A0005EB83060C2A43F31D030446019350
:1053E00006D9002201A9FEF7B3FD019B2060A3604E
:1053F000206832462946FEF740FE20460199FEF716
:105400009BFD204602B070BD13B5059B1B6804468A
:10541000A3F10C0053F8043C002B05DBE9F7EAFC90
:105420002060204602B010BD002201A9E9F7ECFC83
:10543000F6E713B5059B1B680446A3F10C0053F86F
:10544000043C002B05DBE9F7E9FF2060204602B0B1
:1054500010BD002201A9E9F7EBFFF6E7D2E900232E
:10546000FFF780BE2DE9F0470C4600218146084633
:105470009846174604F042FB8246CAF791FF451C46
:105480002846FFF793F82A465146064604F0E3FB08
:10549000D9F81010002004F031FB089B4246394631
:1054A000204603F091FB31460546002004F026FB20
:1054B0003046FFF70BF805B92570BDE8F08700000E
:1054C00038B584680546C4BBC820E5F7BCF9504B25
:1054D0004460C0E90244C0E90444C0E90644C0E9AC
:1054E0000844C0E90A44C0E90C44C0E90E44C0E9DC
:1054F0001044C0E91244C0E91444C0E91644C0E9AC
:105500001844C0E91A44C0E91C44C0E91E440360C1
:10551000C0E92044C0E92244C0E92444C0E926444B
:10552000C0E92844C0E92A44C0E92C44C0E92E441B
:10553000C0F8C04080F8C440A860AB68354A36491E
:105540009967C3E90222354A3549D967C3E904227C
:10555000344A3549C3F88010C3E90622334A1A6237
:10556000334A5A62334A9A62334ADA62334A1A63D6
:10557000334A5A63334A9A63334ADA63334A1A64C2
:10558000334A5A64334A9A64334ADA64334A1A65AE
:10559000334A5A65334A9A65334ADA65334A1A669A
:1055A000334A5A66334A9A66334ADA66334A34498A
:1055B0001A67344A5A67C3F884103349C3F888100D
:1055C0003249C3F88C103249C3F890103149C3F8FE
:1055D00094103149C3F898103049C3F89C103049F1
:1055E000C3E928122F4AC3F8A8202F4AC3F8AC20D9
:1055F0002E4AC3F8B0202E4AC3F8B4202D4AC3F86F
:10560000B8202D4AC3F8BC202C4AC3F8C02038BDAE
:10561000F0400708BD0C0708550E0708CC0C07081A
:105620005A0E0708FC1007085F0E0708CD0D070883
:10563000D00D0708D30D0708DF0D0708E60D070892
:10564000ED0D0708F50D0708FF0D0708080E070800
:105650000F0E0708180E07081C0E0708200E070873
:10566000240E0708280E07082C0E0708300E07081E
:10567000340E07083C0E0708450E07084B0E0708B6
:10568000660E0708510E0708700E0708780E070807
:10569000810E07088A0E07088E0E0708920E07086B
:1056A000960E07089A0E07089E0E0708A20E070816
:1056B000A60E0708AA0E0708AE0E0708B20E0708C6
:1056C0002DE9F0470C4600218146084698461746CA
:1056D00004F014FA8246CAF763FE451C2846FEF71A
:1056E00065FF2A465146064604F0B5FAD9F810106F
:1056F000002004F003FA089B42463946204604F095
:10570000D7F931460546002004F0F8F93046FEF797
:10571000DDFE05B92560BDE8F087000038B5846876
:105720000546C4BBC820E5F78EF8504B4460C0E97D
:105730000244C0E90444C0E90644C0E90844C0E9A1
:105740000A44C0E90C44C0E90E44C0E91044C0E971
:105750001244C0E91444C0E91644C0E91844C0E941
:105760001A44C0E91C44C0E91E440360C0E9204457
:10577000C0E92244C0E92444C0E92644C0E92844E1
:10578000C0E92A44C0E92C44C0E92E44C0F8C04016
:1057900080F8C440A860AB68354A36499967C3E9C8
:1057A0000222354A3549D967C3E90422344A3549CA
:1057B000C3F88010C3E90622334A1A62334A5A6298
:1057C000334A9A62334ADA62334A1A63334A5A6373
:1057D000334A9A63334ADA63334A1A64334A5A645F
:1057E000334A9A64334ADA64334A1A65334A5A654B
:1057F000334A9A65334ADA65334A1A66334A5A6637
:10580000334A9A66334ADA66334A34491A67344A65
:105810005A67C3F884103349C3F888103249C3F873
:105820008C103249C3F890103149C3F894103149B3
:10583000C3F898103049C3F89C103049C3E92812C6
:105840002F4AC3F8A8202F4AC3F8AC202E4AC3F829
:10585000B0202E4AC3F8B4202D4AC3F8B8202D4AF0
:10586000C3F8BC202C4AC3F8C02038BDA4480708A0
:10587000941A0708FC1C0708B81A0708101D070827
:10588000DC1F0708241D0708DC1A0708E81A0708A8
:10589000F41A0708241B0708401B07085C1B0708AD
:1058A0007C1B0708A41B0708C81B0708E41B070884
:1058B000081C0708181C0708281C0708381C0708BC
:1058C000481C0708581C0708681C0708781C0708AC
:1058D000981C0708BC1C0708D41C0708401D0708B3
:1058E000EC1C0708681D0708881D0708AC1D070881
:1058F000D01D0708E01D0708F01D0708001E070857
:10590000101E0708201E0708301E0708401E070843
:10591000501E0708601E0708701E070808B500F033
:105920008FF9000000487047B60E07087047000066
:1059300010B5034B0360044600F030F9204610BD5B
:10594000284C070810B50446FFF7F2FF2046FEF783
:10595000BBFD204610BD000013B51346012B00F11E
:105960000802026008BF0E234FF0000218BF0D238B
:105970004260027211460BBF00930093034B044B2D
:105980000446F8F72BFA204602B010BDBF0E0708F8
:10599000CE0E0708024A0349034800F019B900BFB8
:1059A000000000242D590508E80000240048704735
:1059B000DC0E07081368994204D153681B1A584239
:1059C00058417047002070477047000000487047FA
:1059D00033150708742A10B51ADC572A0CDC4D2A37
:1059E00007DC3B2A0CDC242A0EDC0F2A18DC0E2AEA
:1059F00016D9C0E9002116E00B4BA2F158040CE0C7
:105A00000A4BA2F13C0408E0A2F12D03012BEFE7C1
:105A1000A2F17604182CECD8054BE340DB07E8D55F
:105A2000044B0260436010BD9D00BF1F8F08020041
:105A3000BF07F101F00000247047C0E90021704762
:105A400013B5036814465B690A46014668469847E1
:105A50006368019A9A4206D100982368C31A584293
:105A6000584102B010BD0020FBE74B68834204D1CF
:105A70000868831A584258417047002070477047A1
:105A8000704710B50446FEF71FFD204610BD10B547
:105A90000446FEF719FD204610BD00002DE9F04335
:105AA00000F1080385B003600023044616464360F6
:105AB00003723C2502AF29462046F8F73CF9D4F89A
:105AC00000802A464146304602F0F6FA20B94046A8
:105AD000CAF766FC014603E022280BD16D000021C5
:105AE0002046F8F728F96368002BE4D0204605B07B
:105AF000BDE8F08398F80030002BE8D1134BEC465A
:105B000003F10809624618685968E646AEE80300E2
:105B100008334B45F446F6D118689B88AEF804303C
:105B2000CEF80000134642469C46BCE80300BC4544
:105B300010605160634602F10802F5D1DCF8000004
:105B400010609CF8043013710D21C9E7CE0E0708D0
:105B500010B50B6886B01B69044668469847DDE9B6
:105B60000012204600F060F86846F7F760FF204614
:105B700006B010BD13B514460A4601466846FFF745
:105B800029FF6368019A9A4206D100982368C31AD4
:105B90005842584102B010BD0020FBE7704700009A
:105BA00010B5064C06490748224600F011F8224677
:105BB00005490648BDE8104000F00AB8000000247E
:105BC0007F5A0508F0000024815A0508EC000024E3
:105BD0000B460146184600F08FBF000088422DE9B1
:105BE000F04104460D4618D0A0B1A1EB0008404694
:105BF0000021E8F78DFF00F10C07064621463846E4
:105C00002A46E8F7F1FE41463046E8F775FF384688
:105C1000BDE8F0810248F1F766FA024FF7E700BFEE
:105C2000080B07086CD2012413B504460846114638
:105C3000014401AAFFF7D2FF2060204602B010BD48
:105C400008B5062002F094FA0120DCF77FFB002360
:105C500001461A46184604F01DB80000024B0146E2
:105C6000186800F02DB800BF74020024024B0146F2
:105C7000186804F073BE00BF7402002470B50F4EA4
:105C80000C463168054611B903F08CFF306021469F
:105C9000284603F087FF431C03D14FF0FF34204612
:105CA00070BDC41C24F00304A042F8D0211A284679
:105CB00003F078FF0130F2D1EFE700BFD4D3012425
:105CC0002DE9F843CD1C25F0030508350C2D38BF10
:105CD0000C25002D064601DBA94204D90C233360B4
:105CE0000020BDE8F883DFF8D48000F069F8D8F828
:105CF00000301C4644BB29463046FFF7BFFF431C1B
:105D0000044658D1D8F800402746002F43D1002C34
:105D10004BD023683946304604EB030903F042FFB9
:105D2000814542D121686D1A29463046FFF7A6FF0A
:105D300001303AD023682B442360D8F800305A68E9
:105D400062BBC8F800700FE02268521B20D40B2AF7
:105D500017D96119A342256018BF5960636808BF4D
:105D6000C8F8001062514B60304600F02FF804F183
:105D70000B00231D20F00700C21A1CBF1B1AA350E2
:105D8000AFE76268A3420CBFC8F800205A60EBE797
:105D900023466468AEE73C467F68B6E71A465B6810
:105DA000A342FBD100235360DEE70C23336030466F
:105DB00000F00CF894E70560D6E700BFD8D30124C3
:105DC000014803F03DBF00BF42D50124014803F064
:105DD00039BF00BF42D5012470B504460D461646B2
:105DE00045EC104B05F012FD7EB1C5F30A53C3F12B
:105DF0006B03002B09DD1B0503F17F51002001F52A
:105E0000401141EC170B20EE070B70BD00000000A5
:105E10002DE9F04F2DED0A8B97B088460E920022A7
:105E2000129205904FF0000A4FF0000B0A461192B3
:105E300011782B294CD039D80D2933D8082933D8DB
:105E400000293CD000220892119D2A78302A40F087
:105E5000B7806A7802F0DF02582A70D10293089B5B
:105E6000019312AB0093904A059813AB11A904F06B
:105E700027FE10F00F06044605D0062E2AD1013564
:105E80000023119508930E9B002B40F03785089B4B
:105E90004BEC10ABCBB1B1EE400B17B0BDEC0A8BA5
:105EA000BDE8F08F2029CDD10132C0E72D29C9D11D
:105EB00001210891511C11915278002AC4D10E9BE6
:105EC000CDF84480002B40F017854BEC10ABE4E795
:105ED0000021EEE7129A3AB1352114A805F08DFDA4
:105EE0001299059805F066F9731E139A042B06D8CB
:105EF000DFE803F014031D201400DDE914ABE30513
:105F000048BF4BF0004B2BF000431B0D1B05002B33
:105F1000B9D103F069FE22230360B4E7DDE914A3DD
:105F200002F2334223F4801343EA025BE7E7DFF82F
:105F300080B1E4E76FF0004B4FF0FF3ADFE7119BD1
:105F40005A1C11925B78302BF9D0002B9BD0012387
:105F50000793119B0A930023069399461D460A2234
:105F600011980478A4F13003D9B209292AD94F49EC
:105F7000012202F04DF898B3002022462B46074636
:105F80000146652A01D0452A18D11BB9079B034356
:105F900095D00023DDF8448008F10102119298F8B1
:105FA00001202B2A74D02D2A7AD04FF0000EA2F1B6
:105FB0003004092C40F28280CDF8448000249DE01A
:105FC0000023C5E7082DC8BF069900F10100CABF2C
:105FD00002FB013302FB0939069301351190BFE73B
:105FE000119B5A1C11925A78BDB307462B46A2F159
:105FF0003001092912D90121C3E7119B5A1C1192C2
:106000005A780130302AF8D0A2F13103082B00F27F
:106010007A84119B0A93074600200346303A00F128
:10602000010114D00F449C464FF00A0E0CF10104FC
:10603000E61AB14213DC20EAE0701918082903F1CE
:106040000103034419DC0A2101FB09290021119AEB
:10605000501C119052780846C9E72846D2E7BCF197
:10606000080F03DC0EFB09F9A446DFE7102CDEBFA6
:10607000069E0EFB06F60696F6E70F29DFBF06988A
:106080000A2101FB00220692E0E7002701217DE7BB
:106090004FF0000E08F10202119298F8022086E7F4
:1060A0004FF0010EF6E700BF404D0708E40E070869
:1060B0000000F07F119A541C11945278302AF9D0C4
:1060C000A2F13104082C3FF679AFA2F1300C119AFD
:1060D0000992119A541C11945278A2F13006092E9B
:1060E00037D9099EA41B082C44F61F6402DC6445C2
:1060F000A8BF6446BEF1000F00D06442002B4DD112
:10610000079B18437FF4BFAE00297FF4D8AE692AFD
:1061100027D024DC492A24D04E2A7FF4D0AE9749D8
:1061200011A804F0EFFE00283FF4C9AE119B1B78C4
:10613000282B2DD1924914AA11A804F0F7FE0528A6
:1061400026D1159BDDF850A043F0FF4B4BF4E00B3C
:1061500099E60A2404FB0C2CACF1300CB9E76E2A4A
:10616000DBE7884911A804F0CDFE00283FF4A7AE74
:10617000119B8549013B11A8119304F0C3FE10B98E
:10618000119B01331193DFF814B24FF0000A7AE645
:106190007E4803F071FD5BEC10AB74E607EE909A5D
:1061A000E21BB8EE677B002D08BF1D46102B09923D
:1061B0001A46A8BF1022092B5BEC17AB15DCE11BBC
:1061C00000293FF460AEA4EB070172DD162959DC0B
:1061D0006F4B099A03EBC20393ED007B4BEC16ABBC
:1061E00027EE067B5BEC17AB4DE66949DDED066AF1
:1061F00001EBC20111ED125B0F2BB8EE666BA7EE3F
:10620000056B5BEC16ABDADD9A1AE11B0A44002A37
:1062100040F3948012F00F000AD05D4901EBC001F9
:1062200091ED007B4BEC16AB27EE067B5BEC17ABDE
:1062300032F00F0273D0B2F59A7F47DD0024254675
:1062400007942646059ADFF854B1222313604FF0D5
:10625000000A079B002B3FF416AE1299059804F034
:10626000A9FF0598314604F0A5FF0598294604F0DA
:10627000A1FF0799059804F09DFF0598214604F0B9
:1062800099FF00E6C3F12501E01B8142BCDB404AD7
:10629000C3F10F0302EBC30191ED007B09994BECB5
:1062A00016ABCB1A02EBC30227EE067B92ED006B16
:1062B00096E71631A8DB364B3C1B03EBC40494ED88
:1062C000007B4BEC16AB86EE077B8BE700204BEC9C
:1062D00017AB304E12110146012A23DC08B15BECEA
:1062E00017AB2C4A2C4802EBC10292ED007BABF1BC
:1062F000547B4BEC16AB294A27EE067B17EE901A1F
:106300000A4082425BEC17AB98D8A0F5801082421D
:1063100086BFDFF88CB04FF0FF3A01F1547B0022CA
:10632000069276E012F0010F04D096ED006B01208A
:1063300027EE067B013152100836CDE7EFD05242EE
:1063400012F00F000AD0124901EBC00191ED007B61
:106350004BEC16AB86EE077B5BEC17AB1211DED075
:106360001F2A1FDD0024254607942646059A22236E
:106370004FF0000A4FF0000B13606AE78B0E07081E
:106380002C4D0708BA0F070800110708FC10070872
:10639000B84F0708904F07080000A07C0000F07F6E
:1063A000FFFFEF7F12F0100118BF6A2106914BEC3E
:1063B00017ABAF490020D60704D591ED006B012043
:1063C00027EE067B521001F10801F4D108B15BEC15
:1063D00017AB069AB2B1CBF30A51C1F16B02002A96
:1063E00058460FDD1F2A55DD342ADEBF4FF0FF323D
:1063F000C1F14B018A404FF0000ACCBF4FF05C7BEB
:1064000002EA000B4BEC17ABB5EE407BF1EE10FA55
:10641000A8D00A990598CDF800902A4604F032FFDA
:10642000079000283FF40AAF099B3F1B002BB4BF25
:106430003B4600230A93099B9FED89BB23EAE37344
:1064400000240D932546079B0598596804F072FEB9
:10645000064600283FF4F6AE079B1A694BEC19ABD1
:10646000023203F10C0192000C3003F0F4FBB0EEA9
:10647000490B059814AA13A905F038FA12900028C0
:106480003FF4E0AE0598012104F092FF054640B9C3
:106490000025D7E64FF0FF3101FA02F202EA0A0ABC
:1064A000B0E7139F149A002FABBF0A9B0D9BDDF83A
:1064B0003480DDF82890ACBF07EB0309A3EB070895
:1064C000069BFF1A1744C2F136036A4A013F9742FE
:1064D00051DAD11B1F29A3EB01034FF001023EDC6F
:1064E0008A400C9200220B9209EB03079844069B0A
:1064F000B94598444B46A8BF3B464345A8BF4346D1
:10650000002BC2BFFF1AA8EB0308A9EB03090A9BE3
:10651000002B16DD294605981A4605F001F80546B8
:106520000028B5D00146129A059804F057FF0F9045
:1065300000283FF487AE1299059804F03BFE0F9BAC
:106540001293002F1BDC099B002B21DD31460D9A95
:10655000059804F0E5FF0646D0B9002672E6C7F1BB
:106560007F4707F57F0707F57B47E23702FA07F118
:106570000B910C92B8E700220B920122F9E71299D5
:1065800005983A4605F026F812900028DBD159E626
:10659000B8F1000F07DD31460598424605F01AF8BC
:1065A00006460028D9D0B9F1000F08DD2946059824
:1065B0004A4605F00FF8054600283FF443AE12990D
:1065C0000598324605F08EF8044600283FF43AAEAE
:1065D0000023D0F80C80C360294605F067F8002836
:1065E0004CDA58EA0A0872D1CBF31303002B6ED1B0
:1065F0002BF000431B0D1B05B3F1D66F67D9636900
:1066000013B92369012B62DD21460122059804F0AC
:10661000E1FF2946044605F049F8002857DD2BF034
:106620000043069A1B0D1B05002A6ED0B3F1D66FEE
:106630006BD8B3F15C7F7FF699AE9FED0B7B4BEC93
:1066400016AB0D4B26EE077B17EE902A13405BEC42
:1066500017AB002B7FF401AE059A22231360FCE5F3
:106660000000C0FFFFFFDF410000000000005039C4
:10667000584D070802FCFFFF0000F07FD9465DD1AE
:10668000CBF31303B8F1000F2AD0A94A93422AD1C1
:10669000069B5246FBB1A74B0BEA0303B3F1D46F41
:1066A0004FF0FF311AD81B0DC3F16B0301FA03F34E
:1066B0009A4218D1A04B994502D101323FF4C2ADA4
:1066C0009C4B09EA030303F5801B4FF0000A069B6D
:1066D000002BB2D1C1E54FF0FF33E9E70B46E7E706
:1066E00053EA0A039BD00B9BC3B113EA090FEED008
:1066F000069A50465946B8F1000F13D0FFF76CFBCD
:1067000039EE007B5BEC17ABE1E7A3F580136FEA92
:10671000135B6FEA0B5B4FF0FF3AD8E70C9B13EA71
:106720000A0FE4E7FFF758FB39EE400BB5EE400BDC
:10673000F1EE10FA5BEC10ABC9D117E62946204602
:1067400005F02CF9B0EE007BB4EEC70BF1EE10FAB9
:106750005DD8B8F1000F64D1BAF1000F4BD1CBF383
:106760001303B7EE008B002B60D1B4EEC80BB6EE6E
:10677000008BF1EE10FA01D420EE088BB1EE48AB9D
:106780006C486E4909EA00078F4253EC1A2B7DD101
:10679000A9F1547B4BEC1CABB0EE4C0B05F036F87A
:1067A0006448A0EE0ACB1CEE903A654A03EA000169
:1067B00091425BEC1CAB3CD919EE902A5E4B9A429D
:1067C00004D119EE103A01333FF43CADDFF868B163
:1067D0004FF0FF3A1299059804F0ECFC0598314609
:1067E00004F0E8FC0598294604F0E4FC05982146ED
:1067F00004F0E0FC27E6BAF1010F03D1BBF1000F72
:106800003FF4B4ADBFEE00ABB7EE008BB8E7B6EE29
:10681000008B20EE088BB8F1000FAFD0B0EE48AB84
:10682000AEE7B7EE00ABB0EE4A8BA9E7BFEE00AB28
:10683000A6E703F1547B069BD946002BCAD12BF067
:1068400000431B0D1B059F42C4D151EC180BCAF726
:1068500091F8C9F73BFFCBF3130941EC170B49EA59
:106860000A0959EA080938EE478B3CD09FED2A7B8C
:10687000B4EEC78BF1EE10FA3FF5EFAC9FED287B3D
:10688000B4EEC78BF1EE10FAA4DDE6E40699E1B1AF
:10689000B7F1D46F19D8B4EECB8BF1EE10FA11D852
:1068A000BCEEC88B18EE103A012B38BF012308EE5E
:1068B000103AB8EE488BB8F1000F11D1B1EE487B19
:1068C00053EC172B03F1D661CB1BB0EE490B43EC15
:1068D0001A2B04F09BFFAAEE009B5BEC19ABAAE716
:1068E000B0EE487BECE79FED107BB4EEC78BF1EE8A
:1068F00010FA7FF56FAFB0E4002308930E9A119B56
:106900001360FFF7C4BA652A3FF4BFAB452A3FF4D2
:10691000BCAB0121FFF7F4BB9535A094FFFFDF3F2F
:1069200035E5AF350000E03F9535A094FFFFCF3F40
:10693000FFFF0F000000F07FFFFFEF7F0000E07F10
:10694000FFFF9F7C014BFFF763BA00BF08010024E3
:106950000A4601460248034B0068FFF759BA00BFD8
:10696000740200240801002410B5214C214B0A4672
:1069700001462068FFF74CFAB4EE400BF1EE10FA36
:10698000B0EE407B0DD717EE903A002B1A4804DA90
:1069900003F07AF9B1EE400A10BDBDE8104003F0F3
:1069A00073B9B7EEC00BDFED156AB0EEC06AB4EE96
:1069B000666AF1EE10FA08DDB0EEC76B9FED0A5B78
:1069C000B4EE456BF1EE10FA0ADD10EE103A13F05A
:1069D000FF4FE1D117EE902A094B1340002BDBD07B
:1069E000236822221A60D7E7FFFFFFFFFFFFEF7F38
:1069F0007402002408010024FC100708FFFF7F7FB9
:106A00000000F07F2DE9F043344E86460D462846BF
:106A100015F8014B375D17F00807F8D12D2C10D170
:106A20002C780127851C33F0100015D1302C0DD1A6
:106A3000287800F0DF00582808D16C780235102340
:106A40000AE02B2C04BF2C78851CECE7002BF6D138
:106A5000302C14BF0A2308234FF0FF380026B8FB60
:106A6000F3F803FB08F96FEA09093046A4F1300C8A
:106A7000BCF1090F10D86446A3421EDDB6F1FF3FFA
:106A800007D0804516D301D1A14513DB00FB03409D
:106A9000012615F8014BE9E7A4F1410CBCF1190FEF
:106AA00001D8373CE8E7A4F1610CBCF1190F04D818
:106AB000573CE1E74FF0FF36EBE7731C06D122238A
:106AC000CEF80030304632B9BDE8F08307B140421D
:106AD000002AF9D006B1691E1160F5E7814D07085B
:106AE000FFF790BF13460A46014602480068FFF7C9
:106AF00089BF00BF7402002410B504460448134641
:106B000020B10A460220214603F0C4F810BD00BFA0
:106B1000959C0508F0B5431C87B003D14FF0FF30BA
:106B200007B0F0BD1C4D8DF80B0004AE082200210B
:106B3000304601F047FA2F687C6CFCB95020FFF713
:106B40008DF80246786420B9144B1548182103F0DB
:106B500001F92B685B6CC3E90044C3E90244C3E953
:106B60000444C3E90A44C3E90C44C3E90E44C3E93D
:106B70001044C3E912449C611C775C62094B009687
:106B8000D3F8E440286801230DF10B0203A9A047C4
:106B90000128C3D80398C3E774020024E60E07084F
:106BA000FD0E070808010024F7B50A4C089ED4F82A
:106BB000E47000960546144612B9074A012321469F
:106BC000B847431C01BF002333608A232B6003B006
:106BD000F0BD00BF08010024FC10070807B50093B2
:106BE00013460A46014603480068FFF7DDFF03B07D
:106BF0005DF804FB74020024F0B5094C85B0D4F8AC
:106C0000E07005461E4609B90A4601A9B847431C6B
:106C100001BF002333608A232B6005B0F0BD00BFA5
:106C20000801002413460A46014602480068FFF79F
:106C3000E3BF00BF740200247FB5431C054603D1A7
:106C40004FF0FF3004B070BD082200210DEB0200B0
:106C500001F0B8F9174B1E68746CECB95020FEF7C0
:106C6000FDFF0246706420B9134B1448162103F04F
:106C700071F8C0E90044C0E90244C0E90444C0E935
:106C80000A44C0E90C44C0E90E44C0E91044C0E91C
:106C90001244846104774462094B2A46D3F8E040E9
:106CA00001A902AB3046A0470128C9D19DF80400D4
:106CB000C8E700BF74020024E60E0708560F070855
:106CC00008010024024B0344587800F00800704784
:106CD000804D0708034B1B5C03F00303012B08BF27
:106CE00020307047814D070801390B291FD8DFE894
:106CF00001F006080A0C0E10121416181A1C04F0E3
:106D0000D2BF04F0DDBF04F0E9BF04F0FDBF00F026
:106D100010B800F014B800F023B800F033B800F059
:106D20003FB800F04BB800F057B800F067B800204B
:106D30007047303809288CBF00200120704700219F
:106D400000F000B838B504460D4600F01FF830B129
:106D50002946204600F036F8B0FA80F0400938BDE8
:106D6000002100F001B80000FF2807D8044B185C90
:106D700000F00300831E58425841704700207047BE
:106D8000814D0708002100F001B80000FF289DBFD9
:106D9000024B185C00F0970000207047814D0708F7
:106DA000002100F001B80000FF289DBF024B185CD5
:106DB00000F0100000207047814D0708002100F00E
:106DC00001B80000FF289DBF024B185C00F00800CE
:106DD00000207047814D0708002100F001B8000035
:106DE000FF2807D8044B185C00F00300431E5842EC
:106DF0005841704700207047814D0708A0F13003CB
:106E0000092B07D920F02000413805288CBF00202D
:106E10000120704701207047FE2806D8034B1B5CF9
:106E200003F00303012B08BF20307047814D070892
:106E3000FE2806D8034B1B5C03F00303022B08BF9C
:106E400020387047814D070838B50B78613B0546FF
:106E50000C46172B5ED8DFE803F00C1A22295D5D83
:106E6000305D5D5D5D375D5D5D3E5D5D4A5D515DE3
:106E70005D582D492046C9F733FA00284ED02B49DA
:106E80002046C9F72DFA002844D1022045E02849C0
:106E90002046C9F725FA00283CD103203DE02549CA
:106EA0002046C9F71DFAA8BB042036E02249204637
:106EB000C9F716FA70BB05202FE020492046C9F714
:106EC0000FFA38BB062028E01D492046C9F708FA0A
:106ED00000BB072021E01B492046C9F701FAF8B1A1
:106EE00019492046C9F7FCF9A0B9092015E017494E
:106EF0002046C9F7F5F968B90A200EE01449204682
:106F0000C9F7EEF930B90B2007E012492046C9F75E
:106F1000E7F938B116232B60002038BD0120FCE7CB
:106F20000820FAE70C20F8E7620C07084F0C070866
:106F3000AF0F07083D0C07085C0C0708680C070832
:106F4000490C0708370C0708550C07086313070896
:106F5000430C07085B0C0708024B01461868FFF753
:106F600073BF00BF74020024F0B52DED028BB0EEAC
:106F7000408B85B017460D9D0C9E18EE902A25F08B
:106F80002005002AB6BF2D220022B1EE408B462DEF
:106F90000C461A7004D0452D00D10134022100E0C6
:106FA000032103AB019302AB009322463346B0EEBC
:106FB000480B02F075FF472D14D1FB070AD50219C3
:106FC000B5EE408BF1EE10FA08BF03923021039B1F
:106FD000934219D3039B0E9A1B1A136005B0BDECA4
:106FE000028BF0BD462D00EB0402E9D10378302B73
:106FF00007D1B5EE408BF1EE10FA1CBFC4F10104CD
:10700000346033681A44DBE75C1C03941970DEE7D4
:10701000F7B50029BABF49422D232B230929027055
:10702000437029DD0DF107031D460A271A46B1FBFF
:10703000F7F607FB1614303402F8014C0C46632CAB
:1070400003F1FF333146F1DC3031941E03F8011CAB
:10705000411C2346AB420AD30DF109039B1AAC42F3
:1070600088BF002302330344181A03B0F0BD13F89D
:10707000016B01F8016FEDE7302330318370C1708F
:10708000031DF1E7000000002DE9F04F8DB00C4624
:10709000DDF8588016461F46054602F037FDD0F849
:1070A00000B05846C9F77CF900230A93D8F800309D
:1070B00094F8189022680590073323F0070303F132
:1070C0000801C8F8001093ED000B9FED976BB0EE30
:1070D000C07BB4EE467BF1EE10FA84ED120B24DD9A
:1070E000B5EEC00BF1EE10FA02D52D2384F8433033
:1070F0008F49904BB9F1470F8CBF8846984622F0D4
:1071000004020323236122604FF0000A00973346F4
:107110000BAA2146284600F0D1F9013040F08980C1
:107120004FF0FF300DB0BDE8F08FB4EE400BF1EE44
:1071300010FA09D710EE903A002BBCBF2D2384F82B
:1071400043307D497D4BD5E76368591C09F0DF0A60
:1071500039D10623636042F48062002322600393E6
:107160000AABCDE9019309AB009361680DF12303EC
:107170002846FFF7F9FEBAF1470F0999804629D151
:10718000C81C02DB6368994241DDA9F102095FFA7C
:1071900089F901394A4604F150000991FFF738FF97
:1071A0000A9A1318012A8246236102DC2268D20758
:1071B00001D5013323619DF82330002BA6D02D2368
:1071C00084F84330A2E7BAF1470FC4D1002BC2D1F3
:1071D0000123BFE7B9F1650FDBD9B9F1660F18D10B
:1071E000002963680BDD216113B92268D00702D53D
:1071F00001330B442361A1654FF0000ADBE713B9AB
:107200002268D20701D50233F4E70123F2E74FF0F9
:1072100067090A9B994205DB23682161D807EAD5F3
:107220004B1CE7E70029D4BFC1F10202012213443D
:10723000E0E723685A0507D42369424631462846C9
:10724000B84701302AD16BE7B9F1650F40F2E08011
:1072500094ED127BB5EE407BF1EE10FA33D1384A53
:10726000012331462846B84701303FF459AFDDE9E4
:107270000938434502DB2368D8070FD5059B5A46DA
:1072800031462846B84701303FF44AAF4FF0000975
:1072900008F1FF3804F11A0AC84509DC23689B0786
:1072A00000F10781E0680B9B9842B8BF184639E7A8
:1072B0000123524631462846B84701303FF430AFEB
:1072C00009F10109E8E7099B002B3BDC1C4A01237B
:1072D00031462846B84701303FF422AFDDE909398D
:1072E00059EA030302D12368D907D7D5059B5A462B
:1072F00031462846B84701303FF412AF4FF0000A3C
:1073000004F11A0B099B5B42534501DC4B4694E7A1
:1073100001235A4631462846B84701303FF400AFB2
:107320000AF1010AEEE700BFFFFFFFFFFFFFEF7F5B
:10733000B90F0708B50F0708C10F0708BD0F0708E9
:1073400053120708A36DDDF828A05345A8BF534684
:10735000002B994637DC0023079329EAE97904F1E9
:107360001A02A36D07990693A3EB09038B4231DC44
:10737000099B9A453BDC2368DA0738D4099BAAEBC2
:107380000309069BAAEB03039945A8BF9946B9F1E7
:10739000000F34DC4FF0000829EAE97904F11A0BF8
:1073A000099BAAEB0303A3EB090343457FF776AFE1
:1073B00001235A4631462846B84701303FF4B0AE63
:1073C00008F10108ECE7424631462846B84701304B
:1073D000C1D1A5E60123314628460692B8470130BF
:1073E0003FF49EAE079B069A01330793B9E7059BCE
:1073F0005A4631462846B8470130BFD190E6069A32
:107400004B46424431462846B8470130C2D187E650
:10741000DDF82890B9F1010F01DCDB0736D5012337
:10742000424631462846B84701303FF479AE059BC5
:107430005A4631462846B84701303FF471AE94EDC4
:10744000127BB5EE407BF1EE10FA09F1FF3918D04E
:107450004B4608F1010231462846B84701300CD1AD
:107460005EE601235A4631462846B84701303FF4CC
:1074700057AE08F10108C845F3DB534604F150024A
:10748000DCE64FF0000804F11A0BF4E70123424652
:10749000E1E701234A4631462846B84701303FF428
:1074A0003FAE08F10108E3680B995B1A4345F0DC35
:1074B000F8E64FF0000804F11909F4E72DE9F04768
:1074C000164698468A680B69DDF820909342B8BF4B
:1074D0001346336091F8432007460C460AB1013346
:1074E00033602368990642BF3368023333602568EE
:1074F00015F0060506D104F1190AE36832689B1AF3
:10750000AB4226DC94F843302268003B18BF0123CD
:1075100092062BD404F1430241463846C847013055
:107520001ED02368226903F00603042B02BFE5681E
:107530003368ED1AA3680CBF25EAE5750025934270
:10754000C4BF9B1AED1800261A34B5421AD1002088
:1075500008E00123524641463846C847013003D16E
:107560004FF0FF30BDE8F0870135C6E7E1185A1C3F
:10757000302081F84300224494F8451082F84310EB
:107580000233C7E70123224641463846C847013047
:10759000E6D00136D9E700002DE9FF470F7E0C9EAB
:1075A000782F914680460C469A4601F1430207D84F
:1075B000622F0AD8002F00F0D180582F00F0B88039
:1075C00004F1420684F842703AE0A7F16303152BF8
:1075D000F6D801A151F823F0317605084576050863
:1075E000C1750508C1750508C1750508C17505088F
:1075F00045760508C1750508C1750508C1750508FA
:10760000C1750508437705086F760508FD760508FE
:10761000C1750508C175050865770508C1750508B8
:107620006F760508C1750508C17505080577050859
:1076300033681A1D1B68326004F1420684F8423038
:1076400001239CE033682068191D3160060601D5CE
:107650001D6803E04506FBD5B3F90050002D03DAA1
:107660002D236D4284F8433058480A2311E02168E5
:107670003368080653F8045B02D4490648BFADB22C
:107680006F2F5248336014BF0A230823002184F867
:1076900043106668A660002E05DB21682E4321F0AA
:1076A000040121604BD01646B5FBF3F103FB1157E3
:1076B000C75D06F8017D2F46BB420D46F4D9082B65
:1076C0000BD12368DF0708D5236961689942DEBFC3
:1076D000302306F8013C06F1FF36921B2261CDF8FB
:1076E00000A04B4603AA21464046FFF7E7FE0130C3
:1076F0004AD14FF0FF3004B0BDE8F087236843F073
:10770000200323603248782784F845702368316865
:107710001F0651F8045B02D45F0648BFADB231606A
:10772000D90744BF43F0200323601DB11023ADE708
:107730002648E9E7236823F020032360F6E716468E
:10774000BDE7336825686169181D30602E061B6827
:1077500001D5196002E06806FBD51980002323617A
:107760001646BCE733681A1D32601E686268002145
:107770003046C8F7C5FD08B1801B606063682361AF
:10778000002384F84330AAE723693246494640463D
:10779000D0470130ADD023689B0713D4E068039B2A
:1077A0009842B8BF1846A6E70123324649464046EC
:1077B000D04701309DD00135E36803995B1AAB4295
:1077C000F2DCEBE7002504F11906F5E7600D070888
:1077D000C50F07082DE9F04F87B0914603938B68DA
:1077E0005A1EB2F5AE7F81BF6FF4AE7503EB050B89
:1077F00040F25D138B600B680A464FF0000543F4BE
:10780000F06342F81C3BCDE9045580460C4698BF16
:107810004FF0000B01921646AA462F460295A26829
:107820005AB1D9F800301B784E2B63D8402B3BD887
:10783000A3F12B01C8B20E2839D91FB1236823F454
:10784000807323600AF1FF3ABAF1010F00F214814C
:10785000019B9E4200F20581012007B0BDE8F08F38
:10786000A3F161020D2AE8D801A151F822F000BF6E
:10787000B97905083B7805083B7805083B78050889
:10788000157A0508EF7905083B7805083B78050867
:10789000C77905083B7805083B7805083B7805085B
:1078A0003B78050883790508A3F14102DAE70E2940
:1078B000C3D801A050F821F0737905083B7805087A
:1078C00073790508037A05083B78050815790508DA
:1078D000597905085979050859790508597905082C
:1078E000597905085979050859790508597905081C
:1078F000597905086E2B09D8602BB1D8542B7BD051
:10790000592B9AD1072D98D108252FE0742B73D0CD
:10791000792BF6E72168C8051ED521F0800121608A
:107920000137BBF1000F03D001320BF1FF3BA26026
:10793000A368013BA360236901332361D9F80430B4
:10794000013B002BC9F8043040F38280D9F80030A5
:107950000133C9F8003062E71AEB05017FF46DAF1F
:10796000226822F4C07222600D468A4606F8013B66
:10797000DEE7226810067FF560AF22F08002226009
:10798000F4E7BAF1000F0CD177B9226802F4E06194
:10799000B1F5E06F08D122F4F06222604FF0010AE5
:1079A000E4E7BAF1020F50D0012D02D0042D7FF48C
:1079B00044AF0135EDB2D9E7BAF1010F7FF43DAF25
:1079C0004FF0020AD2E775B9002F7FF437AF226873
:1079D00002F4E061B1F5E06F40F0FC8022F4F06267
:1079E00022600125C2E7032DE3D0052DDFE7022D3C
:1079F0007FF423AF0325B9E7062D7FF41EAF0725DB
:107A0000B4E7226891057FF518AF22F42072226056
:107A10000297ABE7226802F4A061B1F5806F05D050
:107A200050057FF50AAF002F00F0D480910558BFB4
:107A3000029922F4F06258BF791A42F4C07258BF1A
:107A4000CDE904162260002790E74FF0030A8DE786
:107A5000D4F8803149464046984700283FF4DFAECD
:107A6000EBE6D4F87C3116F8011D4A4640469847AB
:107A70002369013B2361EBE66B1E062B24D8022D04
:107A800036D8019B9E427FF6E7AED4F87C3116F8DB
:107A9000011D4A46404698472369013B2361F0E7B0
:107AA000D4F87C311BF8011D4A46404698472369AB
:107AB000013B23610AF1FF3A5FFA8AFABAF1020F39
:107AC000EED1033DEDB2761B2368DA0530D55B05B8
:107AD00011D5019B9E427FF6BFAED4F87C3116F8DB
:107AE000011D4A46404698472369013B2361F0E760
:107AF000AA46B346DEE716F8011C2369652903F19F
:107B0000FF3306F1FF3523610CD045290AD0D4F8A4
:107B10007C314A4640469847236916F8021C013BCF
:107B2000B51E2361D4F87C314A46404698472E461C
:107B3000226812F0100201D000208EE63270236815
:107B400003F4C063B3F5806F23D1029B9F420AD038
:107B5000DA1B04F26F139E4228BF04F5B7761E4964
:107B6000304600F035F9019900224046FEF7EAFE62
:107B7000039B21681B6811F0020F03F1040215D06A
:107B800003990A601B6883ED000BE3680133E3602F
:107B9000D2E7049B002BE6D005990A230131404629
:107BA00003F0EAFF049B059EC21AD2E711F0040F0E
:107BB00003990A60E6D1B4EE400BF1EE10FA1D68AD
:107BC00005D7064802F060F885ED000ADDE7B7EE5C
:107BD000C00BF9E7002735E6D60F0708FC100708A9
:107BE000002310B50446C0E90033C0E904338360C4
:107BF00081814366C2818361194608225C3000F0AE
:107C0000E1F90D4B63620D4BA3620D4BE3620D4B2B
:107C100023630D4B24629C4206D003F16802944218
:107C200002D0D0339C4205D104F15800BDE8104089
:107C300002F004B810BD00BF6D7E0508937E0508F4
:107C4000CB7E0508EF7E0508DCD30124024A0349F8
:107C5000034800F069B800BFF400002419C7050804
:107C60007802002441680C4B994210B5044601D0BB
:107C700004F052FDA168094B994202D0204604F05D
:107C80004BFDE168064B994204D02046BDE8104008
:107C900004F042BD10BD00BFDCD3012444D4012454
:107CA000ACD4012410B50B4B0B4C0C4A1A60204687
:107CB00000220421FFF794FF04F16800012209214A
:107CC000FFF78EFF04F1D0000222BDE81040122120
:107CD000FFF786BF14D50124DCD301244D7C0508B1
:107CE000014801F0ADBF00BF44D50124014801F0B7
:107CF000A9BF00BF44D5012410B50446FFF7F0FF2B
:107D0000236A1BB1BDE81040FFF7F0BF044B2362AC
:107D1000044B1B68002BF5D1FFF7C4FFF2E700BF4F
:107D2000657C050814D501242DE9F84307468846EB
:107D300014460026D4E90195B9F1010905D5246856
:107D4000002CF7D13046BDE8F883AB89012B07D969
:107D5000B5F90E30013303D029463846C0470643F3
:107D60006835E9E70CB430B5184B0C1E1D689DB0A2
:107D700008DA8B232B604FF0FF301DB0BDE8304098
:107D800002B070474FF40273ADF814304FF00003A7
:107D90001B9314BF04F1FF332346049307934FF65C
:107DA000FF7302900690ADF81630209A21AB02A91D
:107DB0002846019304F012F8431CBCBF8B232B60B0
:107DC000002CDAD0029B00221A70D6E7740200243D
:107DD0000EB410B59DB01FAB029006906FF000413D
:107DE0000A48079104910A4953F8042B059100248D
:107DF00002A9006801931B9403F0F0FF029B1C7022
:107E00001DB0BDE8104003B0704700BF74020024ED
:107E10000802FFFF0EB470B59DB021AC00254FF4F1
:107E2000017254F8046BADF814201B950290069073
:107E3000C8F7B6FA0B4B039007900B480B934FF61D
:107E4000FF73ADF816303246234602A900680F953D
:107E50001495019404F018F91DB0BDE8704003B00A
:107E6000704700BF8F7E05087402002410B50C46D1
:107E7000B1F90E1001F070FE0028ABBF636DA3894D
:107E80001B1823F48053ACBF6365A38110BD002091
:107E900070472DE9F0411F468B89DB0505460C46EE
:107EA000164605D5B1F90E100223002201F042FE5C
:107EB000A389B4F90E1023F48053A38132463B46C4
:107EC0002846BDE8F04101F07DBE10B50C46B1F981
:107ED0000E1001F02FFE431CA38915BF606523F42B
:107EE000805343F48053A38118BFA38110BDB1F91F
:107EF0000E1001F00FBE30B51446002C9BB00546A5
:107F00001A4605DA8B2303604FF0FF301BB030BDFB
:107F10004FF40273ADF80C304FF00003199314BF07
:107F200004F1FF332346029305934FF6FF7300914C
:107F30000491ADF80E3069461E9B03F04FFF431CC1
:107F4000BCBF8B232B60002CE0D0009B00221A705A
:107F5000DCE7000007B5009313460A4601460348D4
:107F60000068FFF7C8FF03B05DF804FB740200244B
:107F700010B501390244904201D1002005E0037898
:107F800011F8014FA34201D0181B10BD0130F2E7D8
:107F9000884210B501EB020402D98442234607D877
:107FA000431EA14208D011F8012B03F8012FF8E776
:107FB000024401468A4200D110BD13F8014D02F877
:107FC000014DF7E702440346934200D1704703F89E
:107FD000011BF9E710B50246147813460132002C54
:107FE000FAD1013B11F8012B03F8012F002AF9D136
:107FF00010BDC9B20346184613F8012B12B18A42CC
:10800000F9D17047002918BF00207047C8F768B938
:1080100010B56AB10139841810F8012B11F8013F2D
:108020009A4203D1A04201D0002AF5D1D01A10BD46
:108030001046FCE730B5044600200B46904213F88A
:10804000015B08D10B461C781A460133002CFAD18B
:10805000401A104430BD2554002DFBD00130194684
:10806000EBE704F0EFBD024613460432196800291D
:10807000FAD1181A8010704704F0FCBD30B50346E1
:1080800000249442184601D1002030BD05688D427D
:1080900003F10403F9D00134F3E7920001F0DBBDF2
:1080A0009200FFF775BF0023934200D1704740F85C
:1080B00023100133F8E70000F7B500270E460197BB
:1080C000144692B10146104801AB0122006804F049
:1080D000D1FB0546C8F764F9A04209D3013C22460A
:1080E0002946304601F0B7FD3755222003B0F0BDD8
:1080F0002946304601F0A7FD01980028F6D12B78DB
:10810000002B08BF1620F1E774020024034611F883
:10811000012B184603F8012B002AF8D170471F29BC
:1081200038B505460C4604D9162303604FF0FF30DE
:1081300038BDC26B12B152F821304BB9284601F05C
:108140002FFD224601462846BDE8384001F016BD05
:10815000012B0AD0591C03D1162303600120E7E745
:10816000002142F82410204698470020E0E7000054
:10817000024B01461868FFF7D2BF00BF740200240B
:108180004269002A40F26C73A8BF6FF06303134486
:10819000920705D1642193FBF1F201FB1232CAB9B7
:1081A0004FF4C87293FBF2F102FB1133B3FA83F37D
:1081B0005B09D0E90602400000EB0210184441F2CE
:1081C000A263984227D011DC01280ADCC043C00F0B
:1081D000404270470123ECE7104BC34043F30000DB
:1081E00070470A381728F7D90020704741F2B46366
:1081F000984206DC41F2B1639842D4BF00200120CE
:108200007047A0F5B65002381528EDD8044BC3408E
:1082100003F0010070470120704700BFCF00CC0081
:108220001F002A002DE9F04F8FB01E46002307469D
:108230000D4602931C461378002B00F0AD84252BCD
:108240001FD192F80190B9F1300F24D0B9F12B0F62
:1082500021D002F101084FF0000998F80020313ACE
:10826000082A1BD80A22404606A9FEF73BFCDDF887
:108270001880024698F80010452911D108F101082C
:1082800010E0691EA14240F25D813B55013204F1CC
:10829000010A5446CFE702F10208DEE70022E9E7CF
:1082A0004F29EBD098F80000A0F12501552900F2E4
:1082B0004981DFE811F0690447014701470147019F
:1082C000470147014701470147014701470147016E
:1082D000470147014701470147014701470147015E
:1082E0004701470147014701470147014701750021
:1082F000A300DC00280147015901CB0145024C02D3
:108300004701470147016402470147016F024701E6
:108310009F02270331035B036303C903D800DF0314
:108320003F04470147014701470147014701560004
:108330008D00BA001D011D0147017E018D0047011E
:108340005D0245024C026102660247016F0298021B
:10835000D000A802290338039503C003D400D10339
:108360000204B369AD4A183352F823B05846C8F72F
:1083700017F80BF1FF3B04EB000A6B1EA24507D177
:1083800098F80030002B00F0088408F1010280E723
:10839000A34240F2D7801BF8012F3A550134EDE794
:1083A000B2699E4B03EB8203D3F87CB05846C7F703
:1083B000F7FF0BF1FF3B04EB000A6B1EA245DFD079
:1083C000A34240F2BF801BF8012F3A550134F5E774
:1083D000924B326953F822B05846C7F7E1FF0BF1D0
:1083E000FF3B04EB000A6B1EA245C9D0A34240F23A
:1083F000A9801BF8012F3A550134F5E73369874A04
:108400000C3352F823B05846C7F7CAFF0BF1FF3BB5
:1084100004EB000A6B1EA245B2D0A34240F2928048
:108420001BF8012F3A550134F5E77C4BD3F8A0A097
:108430005046C7F7B5FF9AF80030002B00F0408394
:1084400033465246291B3819FFF7ECFE002879DD28
:1084500004EB000A94E7714BD3F8E4A0E8E76F4B14
:10846000D3F89CA0E4E76D4BD3F898A0E0E7D6F8EA
:1084700014A06B498A45ACBF4FF0000B4FF0010BC5
:10848000BAF1000F12DB64209AFBF0F01330B9F15F
:10849000000F15D0632828DD624B6349B9F12B0F1B
:1084A0000CBF9C468C46DFF89CE10DE00AF26C7034
:1084B000039201F04BFC6421039A90FBF1F0E6E794
:1084C000DFF864C1DFF880E1584B0190022A2CBF2D
:1084D000CBEB0201CBF10201514A00919245A8BFBA
:1084E00063467246291B381923E0DFF83CC1DAE7FE
:1084F0004F49504AF368642818BF0A46291B3819A7
:10850000FFF730FC17E070693369002803F1010AB6
:1085100007EB040BF368A5EB040919DB642290FB5D
:10852000F2FC02FB1C00444ACDE9003049465346A8
:108530005846FFF717FC002804DB00EB040A5545FA
:108540003FF61EAF4FF0000A50460FB0BDE8F08F67
:1085500000F26C70039301F0F9FB6422039B90FB23
:10856000F2FC0CFB1200DEE725218DF81810B9F1A2
:10857000000F0BD0052A8DF8199017D80DF11A00AD
:108580002E4901F060FB334606AA5BE72B238DF8EA
:10859000193004232A4A1E210DF11A00FFF7E2FBCD
:1085A0000028EBDD0DF11A031844E9E7931FE5D02D
:1085B000F0E73046FFF7E4FD82467069002811DBE2
:1085C000642390FBF3F203FB1200642382449AFBC2
:1085D000F3F203FB12AA9A44BAFBF3F203FB12A3D1
:1085E000144A8BE700F26C7001F0B0FB6423BAF11F
:1085F000000F90FBF3F202FB130007DA7269A3F29B
:10860000CF739A42B8BF4FF0010ADEE7DDD072693E
:10861000034B9A42B8BF4FF0FF3AD6E7844E0708A3
:1086200094F8FFFFEA0F0708FC100708501207082C
:10863000EC0F0708FA0F0708F00F070803100708E8
:10864000FF0F0708E20F0708DB0F07087169BC4836
:1086500005928142ACBF002301233046CDE90331AE
:10866000FFF78EFD0499059A0029824639DB4FF009
:10867000640B91FBFBFB0BF1130B706900283DDBD6
:108680004FF0640C90FBFCFE0CFB1E00BAF1000FD7
:1086900043DA7169AB4B994203DA4FF0010ACDF826
:1086A0000CA08244BAF1FF3F42D10BF1FF3B4FF0E7
:1086B000630A039B642101FB0BAA002B40F0E081BD
:1086C000B9F12B0F40F0E78142F20F718A4500F2B9
:1086D0006B8225238DF8183006A93023881C4B7037
:1086E000E1E101F26C700592049101F02FFB4FF073
:1086F000640CDDE9041290FBFCFBBEE700F26C7039
:10870000CDE9042101F022FB4FF0640CDDE90421E6
:1087100090FBFCFE0EFB1C00B8E7C2D0884B9942D0
:10872000B4BF012300230393B8BF4FF0FF3AB8E76B
:10873000BAF1640F04BF0BF1010B4FF0000AB8E768
:108740008149824AB3686B2818BF0A46D6E6B368E7
:1087500063B10C2B04D00C2193FBF1F201FB12331B
:108760007A49794A492818BF0A46C7E60C23F7E731
:10877000F369774A0133C1E63369013330E773683F
:108780002EE76B1E9C42BFF4DDAE04F1010A0A2302
:108790003B55F5E5B3680B2B6E4BD4BF002201228D
:1087A00003EB8203D3F8A4B05846C7F7F9FD04EBF6
:1087B000000A69480BF1FF3B691EA2453FF4E0AD9A
:1087C000A1427FF6BFAE98F800201BF8013F502A67
:1087D00006D1C25C02F00302012A08BF2033DBB2DB
:1087E0003B550134E9E70322336993FBF2F35B4A1B
:1087F000013383E673680093B368594A291B38191B
:10880000FFF7B0FA97E6336A002B78DB00F0DEF969
:10881000029B0BB900F0E6F904F042FA336A002B30
:10882000D4BF00220122282302FB0333C358C3F123
:10883000000A00F0D1F9012302937269B2F14503F5
:108840004FEAE27C6CF1000CBCF1000FA5EB0401D7
:1088500007EB040002DA03334CF1000C9B0843EAF7
:108860008C7302F1FF3E4FF0640B4FEAAC0C9EFBA1
:10887000FBFEB3EB0E036CEBEE7C4FF4C87B02F215
:108880002B1E9EFBFBFE13EB0E034CEBEE7C463ADD
:1088900040F26D1E0EFB02F29B184CEBE27CF2697B
:1088A000D6F804B09B184FF0180E4CEBE27CA3FBFB
:1088B0000E230EFB0C33D6F808C012EB0C0243EB70
:1088C000EC734FF03C0CA2FB0C2E0CFB03EE12EBF6
:1088D0000B034EEBEB72A3FB0CE30CFB0233D6F85D
:1088E00000C01EEB0C0243EBEC73B2EB0A0263EB2D
:1088F000EA73CDE900231B4AFFF734FA1BE64FF079
:10890000000A9AE733686BE66B1E9C42BFF41AAE0E
:1089100004F1010A09233BE733680193736800936C
:10892000B368114ADEE56B1E9C42BFF40BAEB3691F
:108930001BB9372304F1010A2AE73033DBB2F9E728
:1089400094F8FFFF95F8FFFFFA0F0708EC0F0708F0
:108950000F100708844E0708814D070814100708F8
:1089600023100708191007081E100708F369B269D9
:1089700007339B1A072293FBF2F331E63046FFF7E9
:10898000FFFBB26932B1013A0028F36926DC03D15A
:108990000A33EEE70622F7E7D21A7369002B40F29A
:1089A0006B71A8BF6FF064010B44990705D1642077
:1089B00093FBF0F100FB113171B94FF4C87193FBD7
:1089C000F1F001FB1033B3FA83F35B09D21A042AE6
:1089D000CCBF3423352303E60123F7E70123FFE56A
:1089E0007249039206A801F02EF906A8C7F7D8FC31
:1089F00006AB03EB000A0AF1010AD346B9F1000FF6
:108A000009D0039A03F80090052A01D9931F06D1D3
:108A100067495846B5E506AA2B23135404230EA92B
:108A2000644AA1EB0A015046FFF79CF90028C8BF31
:108A30000AEB000BECE76B1E9C42BFF483ADB369FD
:108A400004F1010A3033A3E6B2691AB1013AF369BD
:108A500007338EE70622FAE77069002805DB6423F6
:108A600090FBF3F202FB1303BAE500F26C7001F025
:108A70006DF9F4E771695048814209DAA0EB010A07
:108A80002D218DF8181002B1013A0DF1190103E002
:108A900001F26C7A14E606A925200870B9F1000FDE
:108AA0007FF41BAE481C4549039201F0CCF8039AB1
:108AB000CDF800A0134606AAA0E6336A002B01DA1F
:108AC000A2465DE400F082F8029B0BB900F08AF840
:108AD00004F0E6F8336A002BD4BF002201222823D9
:108AE00002FB033307EB040AC358C3F1000900F08B
:108AF00073F83C2399FBF3F002F0F7FA3C23A5EB63
:108B0000040B90FBF3F202FB130000902C4A4FF48D
:108B100061635946504699FBF3F3FFF723F90028A8
:108B2000FFF610AD00EB040A55457FF60BAD0123AF
:108B3000029325E4336A002BC2DB00F047F8029B66
:108B40000BB900F04FF8336A1E4A002BD4BF002344
:108B50000123A24652F823904846C7F721FC09F1A9
:108B6000FF3920446B1E504502D100F035F8DEE796
:108B7000534506D919F8012F07F80A200AF1010A0E
:108B8000F1E700F029F8DDE46B1E9C42BFF4DAAC9B
:108B900004F1010A2523FBE5A246002D3FF4D4ACE5
:108BA000002307F80A30CFE449466AE72D1007088A
:108BB000A4100708FF0F070894F8FFFF0B10070821
:108BC0003510070800010024FFF72CBB014801F015
:108BD00036B800BF40D50124014801F032B800BFCB
:108BE00040D50124014B186800F002B8740200243B
:108BF0002DE9F04F8DB0074604F052F8BC49BD4D49
:108C00000446384602F06AFA064610BBBA4BBB4A25
:108C10001860BB4BA0621860BA4B2065C3E9002204
:108C20004A2100220023C4E90300C4E90500C4E985
:108C30000D00C4E90F00C4E90823C4E91223286821
:108C4000217284F83010FDF711F82E600DB0BDE8E8
:108C5000F08F2968002940F08E802868FDF706F81B
:108C60003046C7F79DFB411C3846FDF729F82860C0
:108C7000002840F08680A24ADFF88882DFF878A2D8
:108C800000231360A04ACAF8003000200021C8E980
:108C90000022C4E90333C4E90533C4E90801C4E987
:108CA0000D33C4E90F33C4E912014A222272A362D0
:108CB00084F83020236533783A2B08BF01363378A7
:108CC0003C2B62D1751C914A91490AAB2846FFF7AB
:108CD000A1F80028BADD0A9BDA1E072AB6D8EB5C99
:108CE0003E2BB3D102360A9BF518F35C2D2B5AD1DB
:108CF00001354FF0FF390023ADF81E30ADF82030BC
:108D000008AF0AABCDE9013703930DF11E030093C1
:108D100080490AAB07AA2846FFF77CF8002895DDB2
:108D2000BDF81E30BDF820603C2202FB0366BDF892
:108D30001C304FF4616202FB03660A9B09FB06F6D6
:108D400005EB0309EB5C3C2B40F0EE8009F10105DB
:108D5000714A6F490AAB2846FFF75CF8002828DC07
:108D600099F801303E2B24D1684BA662C8E9003344
:108D7000CAF800606AE7C7F7B3FA00287FF46DAF5E
:108D800064E7314600F05FFF75E7604A63490AAB6C
:108D90003046FFF73FF800287FF758AF0A9B033BA8
:108DA000072BA0D952E72B2B08BF01354FF0010943
:108DB000A1E70A9BDA1E072A3FF648AFEB5C3E2B81
:108DC0007FF444AF09F102090A9B09EB030519F886
:108DD00003302D2B40F0B78001354FF0FF390023D1
:108DE000ADF81C30ADF81E30ADF820300A930AAB58
:108DF000CDE9027301930DF11E03009345490AABBF
:108E000007AA2846FFF706F8002800F3A280A6F577
:108E1000616304930A9B27461D444FF0000B2B7897
:108E20002C2B08BF013595F80090B9F14D0F40F09B
:108E3000A3800AAB0DF12602CDE9013209AA009206
:108E4000374903930DF122022846FEF7E3FF03287A
:108E50007FF4FCAEBDF822104B1E0B2B3FF6F6AE96
:108E6000BDF82420531E042B3FF6F0AEBDF826308B
:108E7000062B3FF6EBAEC7E9031287F808907B613B
:108E80000A9B05EB030900254FF00203ADF81C30E7
:108E9000ADF81E50ADF820500A9599F800302F2BF0
:108EA00040F096800AAB08AACDE901320DF11E020E
:108EB00000921C49039307AA4846FEF7ABFFA8425D
:108EC00000F386804A2100220023C4E90355C4E947
:108ED0000555C4E90823C4E90D55C4E90F55C4E993
:108EE00012232172A56284F830102565AEE600BF1A
:108EF0004110070818D5012434D50124980D07081E
:108F000038D5012400010024FC10070828D50124CD
:108F100044100708791007081CD5012457100708CA
:108F200065100708781007083E4A3F490AAB4846D3
:108F3000FEF770FF00287FF717AF0A9B033B072B54
:108F40007FF642AF82E62B2B08BF01354FF00109B7
:108F500045E7BDF81E20BDF820303C2101FB02335F
:108F6000BDF81C204FF4616101FB023309FB03F3E0
:108F70004FE74FF0010B52E7B9F14A0F06BF013539
:108F80004B4644230A220BA928460593FDF7AAFD68
:108F9000DDF82C90059BADF82600A94514D14D2392
:108FA000BBF1000F07D1237203210223C4E903138D
:108FB000C4F814B067E784F830300B220123C4E909
:108FC0000D230023E3635EE780B23B7278615AE7CA
:108FD000BDF81E20BDF820303C2101FB0233BDF856
:108FE0001C204FF4616101FB0233BB610A9D2837ED
:108FF0004D44BBF1000FBCD0049B23650B4BC8F85C
:1090000000306068074BA662C8F8043003F04CFEDD
:10901000A26A236DCAF800209B1A054A18BF0123D3
:10902000136013E61CD501245710070828D5012426
:1090300038D501244269002A40F26C73A8BF6FF052
:1090400063031344920705D1642193FBF1F201FB02
:109050001232CAB94FF4C87293FBF2F102FB11331A
:10906000B3FA83F35B09D0E90602400000EB02107B
:10907000184441F2A263984227D011DC01280ADC8F
:10908000C043C00F404270470123ECE7104BC34080
:1090900043F3000070470A381728F7D900207047BB
:1090A00041F2B463984206DC41F2B1639842D4BF06
:1090B000002001207047A0F5B65002381528EDD8E1
:1090C000044BC34003F0010070470120704700BF0C
:1090D000CF00CC001F002A0038B500231546C0F889
:1090E000FC33FF22044602F004F8431C08BF0020B2
:1090F0002860204638BD00002DE9F04FADF2A44DA8
:109100001E46002307460D4602931C461368002B9B
:1091100000F0B684252B1FD1D2F80490B9F1300F9E
:1091200025D0B9F12B0F22D002F104084FF000092D
:10913000D8F80020313A082A1CD80A22404608A94B
:1091400002F092FDDDF820800246D8F80010452993
:1091500012D108F1040811E0691EA14240F26B81AE
:1091600047F82430043204F1010A5446CEE702F1F4
:109170000808DDE70022E8E74F29EAD0D8F8000028
:10918000A0F12501552900F25681DFE811F07104A4
:109190005401540154015401540154015401540127
:1091A0005401540154015401540154015401540117
:1091B0005401540154015401540154015401540107
:1091C0005401540154017700A800E700350154010F
:1091D0006701D5014F0256025401540154016E0239
:1091E000540154017A025401A90232033C0363037F
:1091F0006B03D303E200E903470454015401540113
:1092000054015401540156009000C1002901290164
:10921000540188019000540167024F0256026B020C
:10922000700254017A02A202D800B302340343034D
:109230009D03CA03DD00DB030A04B369B249183396
:1092400007AA51F8231028A8FFF746FF079B043808
:1092500004EB030A6B1EA24507D1D8F80030002B9F
:1092600000F00F8408F104027FE7A34240F2E3809C
:1092700050F8042F47F824200134ECE7B269A24BE0
:1092800003EB820328A8D96F07AAFFF725FF079BE6
:10929000043804EB030A6B1EA245DED0A34240F261
:1092A000CA8050F8042F47F824200134F4E7964B85
:1092B000316907AA53F8211028A8FFF70DFF079B73
:1092C000043804EB030A6B1EA245C6D0A34240F249
:1092D000B28050F8042F47F824200134F4E73369B2
:1092E00089490C3307AA51F8231028A8FFF7F4FE88
:1092F000079B043804EB030A6B1EA245ADD0A342C2
:1093000040F2998050F8042F47F824200134F4E704
:109310007D4BD3F8A01007AA28A8FFF7DDFE03684D
:10932000002B00F0418333460246291B07EB8400E3
:10933000FFF7E2FE00287EDD04EB000A8DE7724BAA
:1093400007AAD3F8E410E7E76F4B07AAD3F89C10FD
:10935000E2E76D4B07AAD3F89810DDE7D6F814A022
:109360006A498A45ACBF4FF0000B4FF0010BBAF1D0
:10937000000F12DB64209AFBF0F01330B9F1000FFC
:1093800015D0632829DD624B6249B9F12B0F0CBF60
:109390009C468C46DFF898E10DE00AF26C7003926F
:1093A00000F0D4FC6421039A90FBF1F0E6E7DFF8CB
:1093B00064C1DFF880E1584B0190022A2CBFCBEB4F
:1093C0000201CBF10201514A00919245A8BF6346C8
:1093D0007246291B07EB840024E0DFF838C1D9E787
:1093E0004E494F4AF368642818BF0A46291B07EB09
:1093F000840003F0BDFF17E070693369002803F1B2
:10940000010A07EB840BF368A5EB04091ADB64225D
:1094100090FBF2FC02FB1C00424ACDE900304946B9
:109420005346584603F0A4FF002804DB00EB040A6F
:1094300055453FF612AF4FF0000A50460DF2A44DCD
:10944000BDE8F08F00F26C70039300F07FFC6422A3
:10945000039B90FBF2FC0CFB1200DDE72521089139
:10946000B9F1000F0AD0052ACDF8249014D80AA823
:109470002D4903F0F3FB334608AA56E72B23099343
:1094800004232A4A1E210AA803F072FF0028EEDDF9
:109490000AAB03EB8000EBE7931FE8D0F1E730461F
:1094A000FFF7C8FD82467069002811DB642390FB3A
:1094B000F3F203FB1200642382449AFBF3F203FBF2
:1094C00012AA9A44BAFBF3F203FB12A3144A8DE7E3
:1094D00000F26C7000F03AFC6423BAF1000F90FBCC
:1094E000F3F202FB130007DA7269A3F2CF739A4218
:1094F000B8BF4FF0010ADEE7DDD07269034B9A4234
:10950000B8BF4FF0FF3AD6E7844E070894F8FFFF44
:10951000EA0F0708FC10070850120708BC1E0708CE
:10952000F41E0708CC1E0708181F0708081F0708A5
:109530009C1E0708801E07087169BC48059281427D
:10954000ACBF002301233046CDE90331FFF772FDA4
:109550000499059A0029824639DB4FF0640B91FB90
:10956000FBFB0BF1130B706900283DDB4FF0640C23
:1095700090FBFCFE0CFB1E00BAF1000F43DA716990
:10958000AB4B994203DA4FF0010ACDF80CA08244AC
:10959000BAF1FF3F42D10BF1FF3B4FF0630A039B4F
:1095A000642101FB0BAA002B40F0E081B9F12B0FE5
:1095B00040F0E58142F20F718A4500F2698225236D
:1095C000089308A9302301F108004B60DFE101F2A4
:1095D0006C700592049100F0B9FB4FF0640CDDE96A
:1095E000041290FBFCFBBEE700F26C70CDE9042195
:1095F00000F0ACFB4FF0640CDDE9042190FBFCFEB5
:109600000EFB1C00B8E7C2D0884B9942B4BF0123BF
:1096100000230393B8BF4FF0FF3AB8E7BAF1640FE5
:1096200004BF0BF1010B4FF0000AB8E78149824AF1
:10963000B3686B2818BF0A46D8E6B36863B10C2B31
:1096400004D00C2193FBF1F201FB12337A49794AE1
:10965000492818BF0A46C9E60C23F7E7F369774A99
:109660000133C3E63369013330E773682EE76B1EBD
:109670009C42BFF4E0AE04F1010A0A2347F824300B
:10968000EBE5B3680B2B6E4BD4BF0022012203EB3A
:10969000820328A8D3F8A41007AAFFF71DFDA2464D
:1096A0008346002405F1FF39079B9C42BFF4D5ADEA
:1096B000D1457FF6C0AED8F800305BF82400502BBF
:1096C00001D1FDF7A9FB47F82A0001340AF1010A8C
:1096D000EAE70322336993FBF2F35A4A013385E642
:1096E00073680093B368584A291B07EB840003F0A2
:1096F0003FFE99E6336A002B78DBFFF767FA029B9F
:109700000BB9FFF76FFA03F0CBFA336A002BD4BF23
:1097100000220122282302FB0333C358C3F1000AAD
:10972000FFF75AFA012302937269B2F145034FEA37
:10973000E27C6CF1000CBCF1000FA5EB040107EB1F
:10974000840002DA03334CF1000C9B0843EA8C736B
:1097500002F1FF3E4FF0640B4FEAAC0C9EFBFBFEA8
:10976000B3EB0E036CEBEE7C4FF4C87B02F22B1EC6
:109770009EFBFBFE13EB0E034CEBEE7C463A40F2F5
:109780006D1E0EFB02F29B184CEBE27CF269D6F8E0
:1097900004B09B184FF0180E4CEBE27CA3FB0E2399
:1097A0000EFB0C33D6F808C012EB0C0243EBEC7343
:1097B0004FF03C0CA2FB0C2E0CFB03EE12EB0B0348
:1097C0004EEBEB72A3FB0CE30CFB0233D6F800C0AC
:1097D0001EEB0C0243EBEC73B2EB0A0263EBEA7391
:1097E000CDE90023194A03F0C3FD1DE64FF0000A3E
:1097F0009AE733686AE66B1E9C42BFF41CAE04F124
:10980000010A09233AE73368019373680093B36848
:109810000F4ADEE56B1E9C42BFF40DAEB3691BB967
:10982000372304F1010A29E73033FAE794F8FFFF00
:1098300095F8FFFFF41E0708BC1E0708481F07081D
:10984000844E07085C1F0708981F0708701F070849
:10985000841F0708F369B26907339B1A072293FB39
:10986000F2F333E63046FFF7E5FBB26932B1013A75
:109870000028F36926DC03D10A33EEE70622F7E776
:10988000D21A7369002B40F26B71A8BF6FF06401AC
:109890000B44990705D1642093FBF0F100FB1131D3
:1098A00071B94FF4C87193FBF1F001FB1033B3FAB7
:1098B00083F35B09D21A042ACCBF3423352305E68F
:1098C0000123F7E7012301E67249039208A803F098
:1098D000C5F908A8FEF7C7FB08AB03EB800A0AF13D
:1098E000040AD346B9F1000F09D0039A43F8209037
:1098F000052A01D9931F07D167495846B9E508AA37
:109900002B2342F82030042328A9A1EB0A01634A43
:109910008910504603F02CFD0028C8BF0AEB800BCD
:10992000EAE76B1E9C42BFF486ADB36904F1010AFD
:109930003033A3E6B2691AB1013AF36907338CE711
:109940000622FAE77069002805DB642390FBF3F236
:1099500002FB1303BAE500F26C7000F0F7F9F4E7CC
:1099600071694F48814207DAA0EB010A2D21089165
:1099700002B1013A09A903E001F26C7A16E608A9DE
:1099800025200860B9F1000F7FF41CAE081D454981
:10999000039203F063F9039ACDF800A0134608AAD6
:1099A000A2E6336A002B01DAA24656E4FFF70EF96D
:1099B000029B0BB9FFF716F903F072F9336A002B1B
:1099C000D4BF00220122282302FB033307EB840AC1
:1099D000C358C3F10009FFF7FFF83C2399FBF3F0EC
:1099E00001F083FB3C23A5EB040B90FBF3F202FB9D
:1099F000130000902C4A4FF461635946504699FB7E
:109A0000F3F303F0B5FC0028FFF615AD00EB040AF4
:109A100055457FF610AD012302931EE4336A002BF7
:109A2000C2DBFFF7D3F8029B0BB9FFF7DBF8336A11
:109A30001E4A002BD4BF00230123A24652F82390D4
:109A40004846C6F7ADFC09F1FF3920446B1E50456E
:109A500002D1FFF7C1F8DEE7534506D919F8012F07
:109A600047F82A200AF1010AF1E7FFF7B5F8E2E426
:109A70006B1E9C42BFF4DFAC04F1010A2523FDE517
:109A8000A246002D3FF4D9AC002347F82A30D4E495
:109A900049466CE7C01F0708E01F0708081F0708B2
:109AA00094F8FFFF381F0708E81F0708000100248B
:109AB000FFF722BB10B5144622B10A491046C6F77B
:109AC0000FFC08B9084810BD07492046C6F708FC36
:109AD0000028F7D005492046C6F702FC0028F1D03F
:109AE0000020F0E78B100708B50C0708FC100708EA
:109AF000014B93F82801704708010024024B0A46E5
:109B000001461868FFF7D6BF74020024004870476A
:109B1000F801002438B5064D0023044608462B60A2
:109B2000D8F736FC431C02D12B6803B1236038BD43
:109B30003CD5012438B5074D04460846114600229D
:109B40002A601A46D8F730FC431C02D12B6803B1B7
:109B5000236038BD3CD5012438B5074D044608467E
:109B6000114600222A601A46D8F7F6FB431C02D1A0
:109B70002B6803B1236038BD3CD5012438B5074DAF
:109B800000230446084611462B60D8F7D5FB431C3A
:109B900002D12B6803B1236038BD00BF3CD501243E
:109BA000D8F7C8BB38B5064D0023044608462B60DD
:109BB000D8F7FCFB431C02D12B6803B1236038BDEE
:109BC0003CD5012438B5074D04460846114600220D
:109BD0002A601A46D8F7CEFB431C02D12B6803B18A
:109BE000236038BD3CD50124014B1868704700BF85
:109BF0007402002470B50D4D0D4C641BA41000269A
:109C0000A64209D10B4D0C4C04F02AFE641BA41093
:109C10000026A64205D170BD55F8043B9847013691
:109C2000EEE755F8043B98470136F2E76C51070818
:109C30006C5107086C51070894510708704770472A
:109C4000704770477047034611F8012B03F8012B4A
:109C5000002AF9D170470A44914200F1FF3300D144
:109C6000704710B511F8014B03F8014F9142F9D13B
:109C700010BD0000000000009FED010B704700BF09
:109C8000000000000000F87F9FED010A704700BF50
:109C90000000C07F2DE9F843274D0746286891460C
:109CA0000E469846FFF7CCFF244A14683CB9244B73
:109CB0001360244A12B11268C3F88820204C6368EC
:109CC0001F2B06DD2868FFF7BDFF4FF0FF30BDE812
:109CD000F8832FB3D4F8880068B91B4B002BF1D060
:109CE0004FF48470FBF7BAFF0028EBD00023C0E9E3
:109CF0004033C4F88800636840F8239001229A40FA
:109D000000EB8301D0F800311343C0F80031022F7B
:109D1000C1F8808002BFD0F804311343C0F8043189
:109D2000636828685A1C0233626044F82360FFF7B6
:109D300089FF0020CBE700BFC4020024D4D5012452
:109D400048D50124805007085D5C05080028B8BF8D
:109D5000404270471FB514461A46094B1B6805461A
:109D6000D8684CB1074B0091CDE9013406492B4628
:109D700002F0FAFCFBF764FF044B1C46F3E700BF5C
:109D800074020024C1100708CE100708FC10070851
:109D90002DE9F74F03690C69A34207467EDB013CBE
:109DA00001F11408A30000F11405009305EB8403EE
:109DB000019358F8243055F8242001339A4208EBD7
:109DC0008409B2FBF3F62ED34FF0000AC446AE4628
:109DD000D3465CF8043B98B206FB00A0020C1B0CB7
:109DE00006FB0323DEF8002080B292B2121A5A4416
:109DF000DEF800004FEA134A9BB2C3EB224303EBA9
:109E0000104392B242EA0342E1454EF8042B4FEA76
:109E1000234BDED2009BEB582BB9019B043B9D42A8
:109E20001A462FD33C61384601F040FC002825DB60
:109E30002946002058F8042BD1F800C01FFA82FEF2
:109E40001FFA8CF3A3EB0E030344120CC2EB234264
:109E500002EB1C429BB243EA0243C14541F8043B7A
:109E60004FEA2240E6D255F8242005EB840322B9BC
:109E7000043B9D421A460BD33C610136304603B089
:109E8000BDE8F08F1268043B002ACBD1013CC6E745
:109E90001268043B002AEFD1013CEAE70020EEE71C
:109EA0002DE9F04F2DED028BC76991B08DED020BBE
:109EB00055EC104B1C9E0791814609920D937FB97A
:109EC0001020FBF7CBFE0246C9F81C0020B9A04BBE
:109ED000EF21A048FFF73EFFC0E901770760C760A8
:109EE000D9F81C30196859B15A684A600123934067
:109EF0008B60484601F05EF9D9F81C3000221A60E8
:109F00002B1EBBBF23F00043039300230122ACBFF1
:109F100033603260904B039EB34310D10D9A42F2EE
:109F20000F731360C6F31303234300F0E6841D9BF5
:109F30008A4F002B00F0E884FB1C00F0E3BC9DED91
:109F4000028BB5EE408BF1EE10FA0AD10D9A012387
:109F500013601D9B13B11D9A814B1360814F00F05C
:109F6000D3BC0EAA0FA94846B0EE480B01F0BEFCC8
:109F7000C6F30A530E9A0190002B45D0B0EE487BF1
:109F800018EE901AC1F3130141F07F5141F44011D2
:109F9000A3F2FF33002507EE901AB7EE086B9FED92
:109FA000665B37EE467B9FED666BA7EE056B9FED1C
:109FB000665B07EE903AB8EEE74BB0EE467BA4EE58
:109FC000057BFDEEC76BB5EEC07BF1EE10FA16EE29
:109FD000908A08D5B8EEE66BB4EE476BF1EE10FA56
:109FE00018BF08F1FF38B8F1160F2BD85E4901EB06
:109FF000C80191ED007BB4EEC78BF1EE10FA01D5EC
:10A0000008F1FF3800211EE00F9B134403F2324198
:10A010002029C1BFC1F140018E4003F2124124FA50
:10A0200001F1D6BFC1F12001314304FA01F107EE7D
:10A03000901AB8EE677B013B17EE901A0125A1F14B
:10A04000F871A8E70121D21A531E069345BFC2F149
:10A0500001030493002300234CBF06930493B8F13B
:10A06000000F0C9118DB069BCDF828804344069323
:10A070000023079A092A45D8052AC4BF043A079243
:10A08000079AA2F10202CCBF00240124032A44D87B
:10A09000DFE802F03436170B049B0022A3EB080321
:10A0A00004930A92C8F10003E3E701220892099A97
:10A0B00008EB020B0BF1010A5246012AB8BF01223C
:10A0C00006E001220892099A002A29DD9346924669
:10A0D000D9F81C700021042000F11406964226D9FC
:10A0E00079604846059301F025F8059B074600284E
:10A0F0003ED11E4B024640F2AF11EAE60022E1E7F4
:10A100000022D3E701240022CDE907244FF0FF3BD2
:10A110000021DA4612220991DAE701220892F5E7D6
:10A120004FF0010BDA465A46CDF824B0D0E70131A2
:10A130004000D1E7AFF3008061436F63A787D23F50
:10A14000B3C8608B288AC63FFB799F501344D33F26
:10A15000E60E07080A1107080000F07F061107083D
:10A160005412070853120708B84F0708621107086E
:10A17000D9F81C20BAF10E0F10606ED8002C6CD0EC
:10A18000B8F1000F40F3B480C84A08F00F0102EBA9
:10A19000C10218F4807F92ED007B4FEA281100F095
:10A1A0009B80C34A92ED086B88EE066B8DED026BC7
:10A1B00001F00F010322BE48002940F08F809DED81
:10A1C000026B86EE077B8DED027B0C999DED027B89
:10A1D000002900F0B380B7EE006BB4EEC67BF1EE61
:10A1E00010FA40F1AB80BAF1000F00F0A780BBF18C
:10A1F000000F30DDB2EE046B27EE067B8DED027BA7
:10A2000008F1FF31059101325C469DED026BB1EE24
:10A210000C5B07EE902AB8EEE77BA7EE065B15EE27
:10A22000902A51EC150BA2F15071002C40F08A805D
:10A23000B1EE047B36EE476B41EC170BB4EEC76B07
:10A24000F1EE10FA00F36A82B1EE477BB4EEC76B11
:10A25000F1EE10FA23D48DED028B0F9A002AC0F292
:10A260002981B8F10E0F00F32581904B03EBC80351
:10A2700093ED006B099B002B80F2C880BAF1000FB0
:10A2800000F3C4800BD1B1EE047B26EE076B9DED8D
:10A29000027BB4EEC76BF1EE10FAC0F23C820024F0
:10A2A0002546099BDB4305933E464FF000082146B7
:10A2B000484600F07FFF002D00F0A280B8F1000FAB
:10A2C00005D0A84503D04146484600F073FF294613
:10A2D000484600F06FFF93E002226CE7CC0704D5FC
:10A2E00090ED006B013227EE067B4910083063E7E2
:10A2F00022D0C8F100016D4A01F00F0002EBC0024C
:10A3000092ED007B28EE077B8DED027B68480911FA
:10A310000024022229B9002C3FF457AF8DED027BB7
:10A3200053E7CE0705D590ED006B0132012427EEEF
:10A33000067B49100830EDE7022246E7CDF814808D
:10A34000544662E7594A02EBC40212ED024B089AE6
:10A3500041EC170B3C444AB3B6EE003BB7EE002B82
:10A360003E4683EE045BB2EE043B35EE477BFDEEEA
:10A37000C64B14EE902AB8EEE45B303236EE456BF5
:10A38000B4EEC76BF1EE10FA06F8012B38D432EEBA
:10A39000465BB4EEC75BF1EE10FA6ED4A6423FF412
:10A3A0005AAF27EE037B26EE036BE0E721463E46DD
:10A3B00027EE047BB2EE043BFDEEC64B14EE902A72
:10A3C000303206F8012BA642B8EEE45B36EE456B60
:10A3D00019D1B6EE005B37EE054BB4EEC46BF1EE6F
:10A3E00010FA4ADC35EE475BB4EEC56BF1EE10FABD
:10A3F0007FF531AF0E46013916F8013C302BF9D00C
:10A40000DDF8148027E026EE036BD5E79DED027B97
:10A41000B2EE044B3E4687EE065BBDEEC55B15EE25
:10A42000103A303306F8013BF31B9A45B8EEC53BB2
:10A43000A3EE467B32D137EE077BB4EEC67BF1EE5E
:10A4400010FA18DCB4EE467BF1EE10FA03D115EEEB
:10A45000103ADB070FD40199484600F0ABFE002309
:10A460000D9A337008F1010313601D9B002B00F05F
:10A470004B821E6048E2CDF8148033461E4613F826
:10A48000012D392A06D19F42F8D1059A0132059251
:10A4900030223A701A7801321A70B1E727EE047B45
:10A4A000B5EE407BF1EE10FAB5D1D4E7B84F07080E
:10A4B000904F07080899002900F0E98007990129C1
:10A4C00000F3CB80002D00F0C48002F23342049EE2
:10A4D0001C460593049B13440493069B01211344DB
:10A4E0004846069300F064FF059B054666B1069A50
:10A4F000002A09DDB2420499A8BF3246891A0491A4
:10A500000699B61A8A1A06920BB3089A002A00F026
:10A51000C580002C00F0BF802946224648460B9398
:10A5200000F0FEFF019A01460546484600F056FF3E
:10A5300001990590484600F03DFE0B9B1B1B00F067
:10A54000B08005991A46484600F0EAFF01900121C3
:10A55000484600F02DFF0A9B0446002B00F0DA81EC
:10A560001A460146484600F0DBFF079B012B0446D4
:10A5700000F3A080029B002B40F09680039BC3F366
:10A580001302002A40F0928023F00042120D1205BF
:10A59000002A00F08D80049B01330493069B013355
:10A5A000069301230B930A9B002B00F0B9812269CB
:10A5B00004EB8202106900F0AFFEC0F12000069BA0
:10A5C000184410F01F0000F08180C0F12002042A1E
:10A5D00073DD049BC0F11C0003440493069B0644F6
:10A5E00003440693049B002B05DD01991A46484657
:10A5F00000F0F0FF0190069B002B05DD21461A4676
:10A60000484600F0E7FF04460C9B002B60D0019801
:10A61000214601F04BF800285ADA08F1FF33059380
:10A62000019900230A22484600F0E6FD089B0190AC
:10A63000002B00F07781294600230A22484600F0CB
:10A64000DBFDBBF1000F05466EDC079B022B48DCEF
:10A650006AE00E9AC2F1360239E70AF1FF34A342EA
:10A6600007DBBAF1000FA3EB04040BDB049E524698
:10A670002FE7E21A0A9B049E13440A93524623468C
:10A68000002426E7049AA2EB0A06002221E7049E92
:10A69000089D1C462AE7019A059252E701991A463D
:10A6A00051E7059B019352E700237BE7029B79E783
:10A6B0000B9278E700230B9379E793D0049B1C322D
:10A6C00013440493069B164413448AE70246F5E7B5
:10A6D000BAF1000FCDF81480D34621DC079B022B82
:10A6E0001EDDBBF1000F7FF4DCAD21465B46052289
:10A6F000484600F081FD01460446019800F0D6FF6F
:10A7000000287FF7CEAD3E46312306F8013B059B7E
:10A7100001330593C9E5CDF8148054462546F2E788
:10A72000089B002B00F00281002E05DD29463246F1
:10A73000484600F04FFF05460B9B002B58D0696838
:10A74000484600F0F7FC064628B9824B024640F224
:10A75000EF21FFF7BEBB2A690232920005F10C011E
:10A760000C30FFF778FA01223146484600F032FFFC
:10A770007B1C049307EB0B030993029B03F001037B
:10A78000A84608930546049B0198214603F1FF3B28
:10A79000FFF7FEFA4146029000F1300A019800F0FE
:10A7A00085FF2A4606902146484600F09BFFC26876
:10A7B0000646FAB90146019800F078FF0246314694
:10A7C00048460A9200F0F6FC079B0A9A049E42EA69
:10A7D0000301089B19430FD1BAF1390F28D0069B0A
:10A7E000002B02DD029B03F1310A8BF800A05EE52D
:10A7F0002846BDE70122E2E7069B002B04DB079910
:10A800000B4308990B4320D1002AEEDD0199012268
:10A81000484600F0DFFE2146019000F047FF002887
:10A8200003DCE2D11AF0010FDFD0BAF1390FD9D130
:10A8300039238BF8003033461E46013B16F8012CB5
:10A84000392A52D001321A7031E5002A07DDBAF1F7
:10A85000390FEDD00AF101038BF8003027E5049B96
:10A86000099A03F801AC934229D0019900230A22E6
:10A87000484600F0C1FCA84501904FF000034FF09E
:10A880000A024146484607D100F0B6FC804605461C
:10A89000049B0133049376E700F0AEFC2946804622
:10A8A00000230A22484600F0A7FC0546F0E7BBF16A
:10A8B000000FCCBF5E4601263E444FF000080199D0
:10A8C0000122484600F086FE2146019000F0EEFE8F
:10A8D0000028B0DC02D11AF0010FACD133461E467D
:10A8E00013F8012D302AFAD0E1E49F42A4D1059B50
:10A8F0000133059331233B70D9E41D9B164F1BB1E7
:10A9000007F108031D9A1360384611B0BDEC028BA5
:10A91000BDE8F08F079B012B7FF72CAE0A9B0B93B2
:10A9200001204CE6BBF1000F7FF7D8AE3E46019800
:10A930002146FFF72DFA00F1300A06F801ABF21BB1
:10A940009345B4DD019900230A22484600F054FCE7
:10A950000190ECE762110708FD10070838B50546BD
:10A96000002941D051F8043C0C1F002BB8BFE4185B
:10A97000FBF726FA1D4A136833B963601460284652
:10A98000BDE83840FBF722BAA34208D92068211855
:10A990008B4201BF19685B6809182160EDE71A4610
:10A9A0005B680BB1A342FAD911685018A0420BD1D1
:10A9B00020680144501883421160E0D118685B6838
:10A9C000536008441060DAE702D90C232B60D6E705
:10A9D000206821188B4204BF19685B68636004BF5C
:10A9E000091821605460CAE738BD00BFD8D30124DC
:10A9F0000369B3EB611F2DE9F0434FEA611200F1E7
:10AA0000140445DD11F01F0104EB830604EB8205FD
:10AA10000CD100F110072946B14234D39B1A9B0098
:10AA2000EA1E964238BF0023234415E054F82270F2
:10AA3000C1F12008CF4005F1040EA1467645F44649
:10AA400015D89A1A9200043A0135AE4238BF002256
:10AA5000A318A75007B104331A1BA3424FEAA2025E
:10AA600008BF0023026108BF4361BDE8F083DCF842
:10AA700000C00CFA08FC4CEA070749F8047B5EF8B2
:10AA8000047BCF40DAE751F804CB47F804CFC3E7A3
:10AA90002346E1E7A0F13003092B02D82038C0B2E9
:10AAA0007047A0F16103052B01D84738F7E7A0F103
:10AAB0004103052B01D82738F1E70020704700003B
:10AAC0002DE9F04F85B08A4602930B6801909046BD
:10AAD0009C1CA14614F8010B3028FAD0A9EB030303
:10AAE000A3F1020BFFF7D6FF0546002868D1A04965
:10AAF00001224846FDF78CFA0746002867D199F8ED
:10AB000001002646FFF7C6FF002862D023461878CA
:10AB10003028994603F10103F9D0FFF7BBFFB0FAE3
:10AB200080F56D094FF0010B4A4616460132307828
:10AB3000FFF7B0FF0028F8D18D4901223046FDF71C
:10AB400067FA00283FD144B9741C224616460132E8
:10AB50003078FFF79FFF0028F8D1A41BA7003378B7
:10AB600003F0DF03502B3ED173782B2B33D02D2BEA
:10AB700034D0711C00240878FFF78CFF431EDBB231
:10AB8000182B30D8A0F1100211F8010FFFF782FF47
:10AB900000F1FF3C5FFA8CFCBCF1180F4FF00A0388
:10ABA0001ED904B152421744CAF80010EDB1BBF1EE
:10ABB000000F0CBF06250025284605B0BDE8F08F24
:10ABC00000252C46B0E7002CC7D12746C7E74E46E4
:10ABD0002F460125C3E70024B11CCCE70124FBE785
:10ABE00003FB0200CEE73146DEE7A6EB0903013B9B
:10ABF0002946072B0ADC019800F09CFA044640B96C
:10AC00005C4B0246E4215C48FFF7A4F801315B107D
:10AC1000EFE700F1140A002355469B46B14537D3B0
:10AC200045F804BBA5EB0A05AD102561584600F0B8
:10AC300073FB6D01D8F800602D1AB54254DDAD1BD1
:10AC40002946204600F0FCFE814678B16B1E591162
:10AC500003F01F025AF821104FF0010909FA02F21D
:10AC60000A4203D04B4536DC4FF002092946204604
:10AC7000FFF7BEFE2F44D8F80830BB4242DA0198F5
:10AC8000214600F097FA0E9A00231360A32593E75C
:10AC900016F8012D2E2A12D0202B04D145F804BB22
:10ACA0004FF0000B5B4630780393FFF7F3FE039BF6
:10ACB00000F00F0098404BEA000B0433AEE7B145BB
:10ACC000EAD82B49039301223046FDF7A1F9039BF3
:10ACD0000028E1D1A2E7A91E204600F0B1FE00281D
:10ACE000C2D04FF00309C1E709DA751B214601986C
:10ACF0002A4600F06FFC7F1B044600F1140A4FF057
:10AD00000009B8E7D8F80450BD426FDDED1BAE4234
:10AD100034DCD8F80C30022B22D0032B24D0012BAA
:10AD200015D1AE4213D1012E0BD1029AD8F80430BE
:10AD3000136001232361CAF800300E9B62251C605A
:10AD40003AE7711E204600F07BFE0028EDD1019805
:10AD5000214600F02FFA0E9A0023136050252BE7AE
:10AD60000F9B002BF3D1E0E70F9B002BDDD1EEE72B
:10AD7000E40E070862110708731107086F1EB9F186
:10AD8000000F30D127B13946204600F059FE8146E8
:10AD90007A1101235AF8222007F01F07BB40134203
:10ADA0002946204618BF49F00209FFF721FED8F8CE
:10ADB0000470761B0225B9F1000F47D0D8F80C308B
:10ADC000022B15D0032B17D0012B09D119F0020F3C
:10ADD00006D0DAF8003049EA030919F0010F0ED164
:10ADE00045F0100532E04FF00109D1E70125E2E717
:10ADF0000F9BC3F101030F930F9B002BF0D0D4F8EE
:10AE000010B004F114034FEA8B0A03EB8B014FF0EF
:10AE1000000C184653F8042BB2F1FF3F1BD001324F
:10AE20000260022D04F114033CD1D8F80020013A4D
:10AE3000B24209D17111012253F8213006F01F06E8
:10AE400002FA06F61E423AD145F020050E9B1C6020
:10AE5000029B1F60B0E6994243F804CCD9D8A3689E
:10AE60009B4517DB61680198013100F063F9814669
:10AE700018B91A4B02468421C5E62269023204F150
:10AE80000C0192000C30FEF7E6FE2146019800F01E
:10AE900091F94C4623695A1C04EB83032261012279
:10AEA0005A61BEE722695A450BDD01212046FFF7B2
:10AEB0009FFDD8F808300137BB42FFF6E0AE012510
:10AEC000C2E716F01F06FAD05344C6F1200653F825
:10AED000040C00F021FAB042E7DBF0E7621107084A
:10AEE000C2F10802920070B5C2F1200643680468FE
:10AEF00003FA06F52C43D340046040F8043F88422F
:10AF0000F4D370BD30B50368013311F8014B14B9A7
:10AF10000360012030BD13F8012BA2F14105192D6A
:10AF200098BF2032A242F0D00020F3E72DE9F04F85
:10AF30000B6801685E1102EB860613F01F0387B0F1
:10AF400018BF04360025371F82469046019346F805
:10AF5000045CB9463C460295AB464A784B1C0393C9
:10AF600042B3104605910492FFF794FD002851D199
:10AF7000049A0599202A18D8029B9B4513DD4C455D
:10AF800006D2072D04DC2A4649462046FFF7A8FFD3
:10AF9000444552D90023A4F1040944F8043CCDF8F7
:10AFA00008B04C461D460399D7E7292A57D10231EC
:10AFB000CAF80010BBF1000F51D04C4506D2072D46
:10AFC00004DC2A4649462046FFF78AFF444536D925
:10AFD000A8F10402234653F8041B42F8041F9F42C1
:10AFE000F9D23B1B23F0030304330134033EB44284
:10AFF00088BF04234344002243F8042B9F42FBD222
:10B000003B681BB9474528D101233B60052007B0A9
:10B01000BDE8F08F0135082D0BF1010B06DD44452D
:10B02000C1D9002344F8043C0125043C226800F007
:10B030000F0040EA02102060B5E70825B3E7019B46
:10B04000002BDDD0C3F120034FF0FF32DA4056F879
:10B05000043C134046F8043CD2E7043FD0E7042008
:10B06000D5E700002DE9F84FDFF86CA006468946C9
:10B07000174601F0E1FEDAF8004034B14B4698463D
:10B0800013F8012B3AB13D2AF9D1304601F0DAFE2E
:10B090000020BDE8F88FA8EB0908A34654F8040B7C
:10B0A0000028F2D042464946FCF7B2FF0028F4D10E
:10B0B00054F8043C03EB080513F808303D2BECD1A1
:10B0C000DAF80030ABEB03039B1030463B6001F035
:10B0D000B9FE681CDDE700BF4000002407B501AAE7
:10B0E000FFF7C0FF03B05DF804FB0028B8BF404283
:10B0F000704710B5034642B100200C5C43F8204075
:10B1000014B101309042F8D110BD1046FCE782B076
:10B1100001B901A942B14BB113780B601278101E2E
:10B1200018BF012002B070471046FBE76FF0010026
:10B13000F8E7000070B5C66904460D4676B91020E0
:10B14000FAF78CFD0246E06120B9184B18486B21D4
:10B15000FEF700FEC0E901660660C660E669F368B6
:10B1600083B1E369DB6853F82500B8B9012101FA1E
:10B1700005F6721D9200204601F04AFE60B1C0E95A
:10B1800001560EE021220421204601F041FEE36930
:10B19000F060DB68002BE4D1002070BD026843F84A
:10B1A00025200023C0E90333F7E700BFE60E0708B8
:10B1B000D311070870B5C66905460C4676B910204C
:10B1C000FAF74CFD0246E86120B9094B09488F2186
:10B1D000FEF7C0FDC0E901660660C6603CB1EB69E0
:10B1E0006268DB6853F82210216043F8224070BD8A
:10B1F000E60E0708D31107082DE9F0410D6907464F
:10B200000C461E4601F1140C0020DCF8003099B207
:10B2100002FB01611E0C0B0C02FB063389B20130EC
:10B2200001EB034185424CF8041B4FEA1346ECDC6A
:10B230000EB3A368AB4219DC616838460131FFF7F1
:10B2400079FF804628B902460C4B0D48BA21FEF71B
:10B2500081FD2269023204F10C0192000C30FEF7EC
:10B26000FAFC21463846FFF7A5FF444604EB850368
:10B2700001355E6125612046BDE8F0816211070855
:10B28000D31107082DE9F8430C4615461F4609223D
:10B290000833064693FBF2F3002101229A4209DBB0
:10B2A0003046FFF747FF40B90246194B1948D321F2
:10B2B000FEF750FD52000131F0E7089B4361092D74
:10B2C0004FF00103036116DD04F10909C8462C445F
:10B2D00018F8013B0146303B0A223046FFF78CFF4D
:10B2E000A045F5D1A5F108044C442D1B6319BB42C0
:10B2F00004DBBDE8F8830A340925F6E714F8013BBE
:10B300000146303B0A223046FFF776FFEEE700BFEA
:10B3100062110708D3110708B0F5803F034636BF16
:10B32000030400201020B3F1807F3CBF1B020830D3
:10B33000B3F1805F3CBF1B010430B3F1804F3CBFD1
:10B340009B000230002B05DB13F0804F00F1010061
:10B3500008BF202070470368024613F007000BD097
:10B36000D90721D4980749BF5B089B0801201360C7
:10B370005CBF13600220704799B209B91B0C102002
:10B38000D9B209B908301B0A190704BF1B090430D8
:10B39000990704BF9B080230D90703D45B0800F16A
:10B3A000010003D0136070470020704720207047D1
:10B3B00010B50C460121FFF7BDFE024628B9054B2A
:10B3C000054840F24511FEF7C5FC012344610361C5
:10B3D00010BD00BF62110708D31107082DE9F04F17
:10B3E00017460A693B699A42A8BF3B468946A4BFF3
:10B3F0000F4699463D69D9F810A0BB68796805EBFE
:10B400000A06B34285B0B8BF0131FFF793FE30B9E9
:10B410000246414B41484FF4B171FEF79BFC00F1ED
:10B42000140404EB860E23460022734520D307F153
:10B43000140809F1140108EB850501EB8A03029356
:10B44000EB1B153B23F0030304331537BD4238BF14
:10B4500004230193029B03918B420CD8002E03DD41
:10B460005EF8043D002B55D0066105B0BDE8F08FB5
:10B4700043F8042BD9E7B1F800A0BAF1000F1FD0B0
:10B48000C446A14600275CF8042BD9F800301FFA07
:10B4900082FB9BB20AFB0B333B44D9F80070120CC1
:10B4A0003F0C0AFB027202EB13429BB243EA0243D7
:10B4B000654549F8043B4FEA1247E4D8019BE75041
:10B4C000039BB3F802900431B9F1000F20D0236838
:10B4D0004746A4464FF0000AB7F800B0BCF8022077
:10B4E00009FB0B2252449BB243EA02434CF8043B53
:10B4F00057F8043B4FEA134ABCF8003009FB0A3303
:10B5000003EB1243BD424FEA134AE5D8019AA35018
:10B5100004349FE7013EA1E762110708D311070831
:10B520002DE9F843154612F0030207460E4607D0F0
:10B53000254C013A002354F82220FFF75DFE064611
:10B54000AD103DD0FC697CB91020FAF787FB0246AC
:10B55000F86128B91D4B1E4840F2B311FEF7FAFB03
:10B56000C0E901440460C460D7F81C80D8F80840E2
:10B570004CB940F271213846FFF71AFF0023C8F892
:10B580000800044603604FF00009EB070AD5314676
:10B5900022463846FFF722FF314680463846FFF7FD
:10B5A00009FE46466D100BD0206838B92246214668
:10B5B0003846FFF713FF2060C0F800900446E4E728
:10B5C0003046BDE8F88300BF804F0708E60E070845
:10B5D000D31107082DE9F0470C464968236903EBAE
:10B5E0006218A368074691464FEA621A08F10106FD
:10B5F000B3420BDB3846FFF79DFD054648B90246CE
:10B60000284B29484FF4EF71FEF7A4FB01315B0092
:10B61000EEE7002300F1140100F110021846534533
:10B6200033DB20692AEAEA7A04F1140319F01F09CE
:10B6300001EB8A0103EB800C2BD0C9F1200E8A4666
:10B640000022186800FA09F010434AF8040B53F876
:10B65000042B9C4522FA0EF2F3D8ACEB0403153B05
:10B6600023F00303043304F11500604588BF04236D
:10B67000CA500AB108F10206013E38462E61214641
:10B68000FFF798FD2846BDE8F08742F8040F013324
:10B69000C5E7043953F8042B41F8042F9C45F9D829
:10B6A000EAE700BF62110708D31107080A690346D9
:10B6B0000069801A30B50ED11433143103EB8204C3
:10B6C00001EB820154F8045D51F8042D954203D03A
:10B6D00005D24FF0FF3030BDA342F3D3FBE701208A
:10B6E000F9E700002DE9F74F89460646114648461E
:10B6F0001446FFF7DBFF051E12D129463046FFF73F
:10B7000019FD024628B93F4B40F237213E48FEF76B
:10B7100021FB0123C0E90435104603B0BDE8F08FDA
:10B72000BCBF4B46A1463046D9F80410BABF1C46F0
:10B7300001250025FFF7FEFC024618B9314B40F207
:10B740004521E3E7D9F810702669C56009F11003B7
:10B7500009F1140504F1140E00F1140B05EB870830
:10B760000EEB86060193D9464FF0000C019B5EF864
:10B77000040B53F804AF01931FFA8AF3194683B2FE
:10B78000CB1A000C6344C0EB1A4000EB23409BB281
:10B7900043EA0043764549F8043B4FEA204CE5D89C
:10B7A000331B153B23F0030315340433A64238BF83
:10B7B00004231D445B441E462C4644450ED308F129
:10B7C0000301491B21F00301033DA84538BF0021B7
:10B7D0000B4453F8041D91B117619DE754F8041B05
:10B7E000E646080C1CFA81FC714400EB2C4089B23F
:10B7F00041EA004146F8041B4FEA204CDDE7013FD7
:10B80000E7E700BF62110708D311070882B08DED8A
:10B81000000B019A0F4B1340A3F15073002B08DC6F
:10B820005B42B3F1A07F4FEA235204DA4FF40023C6
:10B830001341002208E0A2F114031E2BDABF4FF0DF
:10B840000042DA40012200231946104641EC100B59
:10B8500002B070470000F07F2DE9F041066900F169
:10B86000140808EB8606371F56F8042C1046FFF71D
:10B8700053FDC0F120030A280B601B4915DCC0F101
:10B880000B0C22FA0CF3B84543EA010534BF56F815
:10B89000083C0023153002FA00F023FA0CF30343AE
:10B8A0001C4645EC104BBDE8F081B8453ABF56F850
:10B8B000083CA6F1080700230B3812D0C0F1200184
:10B8C00023FA01F482402243474542F07F558CBF62
:10B8D00057F8042C00228340CA4045F44015134316
:10B8E000DEE742EA0105DBE70000F03F2DE9F74320
:10B8F0000F46012159EC108B1646FFF71BFC04463E
:10B9000030B90246234B244840F20F31FEF722FAA9
:10B91000C9F30A55C9F313030DB143F4801301931E
:10B92000B8F1000323D068460093FFF714FDDDE96A
:10B930000012D0B1C0F1200302FA03F30B43C2405E
:10B9400063610192019BA361002B0CBF01220222C3
:10B950002261A5B1A5F2334505443D60C0F1350033
:10B960003060204603B0BDE8F0836161EAE701A8DA
:10B97000FFF7F1FC019B636120300122E8E704EB53
:10B980008203A0F2324038601869FFF7C5FCC0EBB3
:10B990004210E5E762110708D31107082DE9F74FB8
:10B9A000884669468146FFF757FF01A9404655EC96
:10B9B000104BFFF751FFD8F81030D9F81020D21AE9
:10B9C000DDE900315B1A03EB421357EC106B002BDF
:10B9D000D6BFC3EB03332A463A46AB46A246CEBF98
:10B9E00002EB035B02EB035300EE903A4BEC17AB18
:10B9F00087EE000B03B0BDE8F08F013970B5491137
:10BA00001469013102F1140300EB810103EB84049A
:10BA1000051FA3420CD3A31A113B23F003031132D9
:10BA2000A24288BF002318440023884205D370BD7A
:10BA300053F8046B45F8046FEBE740F8043BF4E778
:10BA400000F1140200694B11984210B511DB0ADDB8
:10BA500011F01F0107D052F8234024FA01F000FA38
:10BA600001F18C420BD102EB8303934203D80020F7
:10BA700010BD0346F7E753F8041D0029F5D0012057
:10BA8000F6E70000242B2DE9F0478646904601D8C2
:10BA9000012B06D1FEF7A8F8162303600020BDE8AD
:10BAA000F08734480D462A4615F8014B065D16F01E
:10BAB0000806F8D12D2C10D12C780126951C33F0D6
:10BAC000100215D1302C0DD12A7802F0DF02582A4D
:10BAD00008D16C78023510230AE02B2C04BF2C7897
:10BAE000951CECE7002BF6D1302C14BF0A23082359
:10BAF00006F1004C0CF1FF3C0022BCFBF3F91046B0
:10BB000003FB19CAA4F13007092F0FD83C46A34202
:10BB10001BDD571C07D0814514D301D1A24511DB91
:10BB200000FB0340012215F8014BEBE7A4F14107AC
:10BB3000192F01D8373CEAE7A4F16107192F04D87F
:10BB4000573CE4E74FF0FF32EDE7531C08D12223C6
:10BB5000CEF800306046B8F1000FA0D0691E06E0B4
:10BB600006B14042B8F1000F99D0002AF6D1C8F8CA
:10BB7000001094E7814D0708FFF784BF2DE9F84FC7
:10BB80008146884692461F460D46AB4655F8044B03
:10BB90000A992046FBF716F906460028F5D12D2C08
:10BBA00011D12C6801210BF1080537F0100318D1D1
:10BBB000302C10D12B6823F02003582B0BD16C684C
:10BBC000083510270DE02B2C03BF2C6801460BF124
:10BBD00008050146E9E7002FF3D1302C14BF0A27EE
:10BBE00008274FF0FF32B2FBF7F207FB02FC6FEAC7
:10BBF0000C0C0020A4F13003092B05D9A4F141035A
:10BC0000192B10D8A4F137039F4216DD741C07D0FE
:10BC100090420FD801D163450CDC00FB07300126B0
:10BC200055F8044BE6E7A4F16103192B05D8A4F1FC
:10BC30005703E9E74FF0FF36F2E7731C08D12223E0
:10BC4000C9F800303046BAF1000F07D1BDE8F88FCF
:10BC500001B14042BAF1000FF8D00EB1A5F10408CD
:10BC6000CAF80080F2E7000007B51346054A0092C3
:10BC70000A46014604480068FFF780FF03B05DF8FC
:10BC800004FB00BF08010024740200240346084698
:10BC900041B1FF2A04D98A221A604FF0FF30704761
:10BCA0000A7001207047002100F000B8FF289DBFF6
:10BCB000024B185C00F0070000207047814D070818
:10BCC000002100F001B80000FF289DBF024B185C66
:10BCD00000F0030000207047814D0708002100F0AC
:10BCE00001B80000FF2808D8064B1B56002B06DBC6
:10BCF000A0F10903584258417047002070470120C5
:10BD0000704700BF814D0708002100F001B8000016
:10BD1000FF289DBF024B185C00F0200000207047F8
:10BD2000814D07082DE9F0478E681F46BE420B681B
:10BD300082460C4690462DD8B1F90C2012F4906F33
:10BD400026D06569096905EB4505A3EB010905EBFB
:10BD5000D5757B1C4B446D109D4238BF1D46530565
:10BD600027D52946F9F7ACFF064660B321694A4654
:10BD7000FDF771FFA38923F4906343F08003A3814F
:10BD8000266165614E44A5EB09052660A5603E4627
:10BD9000BE4200D93E46206832464146FCF7F8F8DC
:10BDA000A3689B1BA3602368334423600020BDE885
:10BDB000F0872A4601F04CF806460028E0D12169B8
:10BDC0005046FEF7CBFD0C23CAF80030A38943F0A0
:10BDD0004003A3814FF0FF30E9E700002DE9F04F69
:10BDE00098468B891B069DB007460D46144610D514
:10BDF0000B6973B94021F9F763FF2860286130B9F6
:10BE00000C233B604FF0FF301DB0BDE8F08F4023A6
:10BE10006B610023099320238DF82930CDF80C8025
:10BE20003023DFF89C818DF82A304FF0010923463A
:10BE30009A4613F8012B0AB1252AF9D1BAEB040B63
:10BE40000BD05B46224629463846FFF76BFF013090
:10BE500000F0A780099A5A4409929AF80030002B02
:10BE600000F09F8000234FF0FF32CDE905230AF157
:10BE7000010A049307938DF853301A935446052210
:10BE800014F8011B4E48C4F73BFA049AD8B9D006FF
:10BE900044BF20238DF85330110744BF2B238DF866
:10BEA00053309AF800302A2B15D0079A54460020B8
:10BEB0004FF00A0C214611F8013B303B092B4BD9BE
:10BEC000B0B1079214E0A0EB080309FA03F313439F
:10BED0000493A246D2E7039B191D1B680391002B14
:10BEE000BBBF5B4242F0020207930793B8BF0492C4
:10BEF00023782E2B0AD163782A2B32D1039B1A1D6B
:10BF00001B68039243EAE37302340593DFF8C0A091
:10BF1000217803225046C4F7F3F938B1049BA0EB13
:10BF20000A004022824013430134049314F8011B99
:10BF300024488DF828100622C4F7E2F9002836D0EC
:10BF4000214B1BBB039B073323F0070308330393E9
:10BF5000099B334409936AE70CFB02320C4601202B
:10BF6000A8E700230134059319464FF00A0C204638
:10BF700010F8012B303A092A03D9002BC6D00591BD
:10BF8000C4E70CFB012104460123F0E703AB009357
:10BF90002A460E4B04A93846FBF776F8421C0646A3
:10BFA000D6D1AB895B063FF52DAF09982CE703ABE3
:10BFB00000932A46054B04A93846FBF7EDFAEDE756
:10BFC0002C120708361207088970050825BD0508D8
:10BFD0003212070838B54B1C144603D14FF0FF3519
:10BFE000284638BD938923F020039381636B526800
:10BFF000CDB28BB1A36B934208DD23685A1E226039
:10C0000003F8015C636801336360E9E7214600F0EF
:10C01000F6FB0028F1D0E1E72169236851B199428C
:10C0200008D213F8011CA94204D1013B013223605C
:10C030006260D5E7C4E90F3204F14403636303236C
:10C04000A363234603F8465F23600123DCE710B5B2
:10C050000C46496B69B104F14403994201D0FEF7E3
:10C060007DFC236C63600020606313B1E36B23608D
:10C0700010BD2369236000236360A38943F020037C
:10C08000A3814FF0FF30F3E72DE9F04F0C46ADF5FB
:10C09000237D0021CDE94411A649A0910DF10408AA
:10C0A000A549A64FCDF818810646A191009392F8B4
:10C0B0000090B9F1000F00F0588117F8093013F023
:10C0C000080302F1010519D06368002B0FDD236816
:10C0D0001A78BA5C120701D42A46E8E7459A013279
:10C0E000459262680133013A62602360ECE7A19BEC
:10C0F0002146304698470028E9D0EDE7B9F1250FF1
:10C1000040F085804193439353782A2B02BF10233C
:10C11000951C41930A22AA461AF8011BA1F130038B
:10C12000092B1ED9DFF818B203225846C4F7E8F8E5
:10C1300038B1419AA0EB0B00012383401343419394
:10C14000554615F8013B782B06D8572B10D8252BD0
:10C150005DD057D8002B75D0032347930A23429311
:10C1600088E0439B02FB0311303943915546D2E7E7
:10C17000A3F15802202AEFD801A151F822F000BF04
:10C1800053C2050859C1050859C10508ADC20508C3
:10C1900059C1050859C1050859C1050859C1050803
:10C1A00059C1050859C1050859C10508C3C2050888
:10C1B000A9C205080BC205080BC205080BC2050879
:10C1C00059C1050865C2050859C1050859C10508C6
:10C1D00059C1050859C10508D3C205086DC2050833
:10C1E0004BC2050859C1050859C10508CFC2050849
:10C1F00059C10508A9C2050859C1050859C1050852
:10C2000053C20508453B022BA6D8052331E06368DD
:10C21000002B0DDD23681A784A4540F0A6800133D3
:10C2200062682360459B013A01336260459353E79E
:10C23000A19B2146304698470028EBD0449800281F
:10C2400040F08B804FF0FF308BE0419A42F02002AB
:10C250004192419A42F40072419210226E2B429216
:10C2600002D905E000234293032302E0082342930E
:10C27000042347936368002B39DD419B590604D49E
:10C2800023681A78BA5C120738D4479B022B47DC24
:10C290006B46224641A9304600F06CF8012864D074
:10C2A00002287FF419AFC9E70A22D7E7294640469A
:10C2B00000F06CFA419B43F0400341930546012393
:10C2C000D7E7419B43F0400341930023D1E702238A
:10C2D000CFE74198C3063FF5FFAE009B459A191D75
:10C2E00000911B68C0074CBF1A801A60F4E6A19B3E
:10C2F0002146304698470028BFD09FE7459A013233
:10C3000045926268013A002A626002DD01332360CF
:10C31000B6E7A19B2146304698470028B0D08DE76C
:10C32000042B0FDC6B46224641A9304600F07CF816
:10C33000B4E700BFD5BF05084FC00508814D070809
:10C34000321207080A4B002B3FF4C6AE6B4622465A
:10C3500041A93046FBF73EFAA0E7A3895B063FF50B
:10C3600071AF0DF5237DBDE8F08F4498F9E700BF6C
:10C37000D57705082DE9F84315468A6880460C46AE
:10C3800032B98A69002A14BF4FF0FF3201228A6055
:10C390002268DFF89090D1065FBF1A68111D1960FE
:10C3A00016680027A06988B1012807D12B681A7880
:10C3B00063699B5C53B9002F31D022E0022820D161
:10C3C0002B681B7819F803301B071AD42368DA0688
:10C3D0005EBF2B681B7806F8013B2A686B68013248
:10C3E0002A60A268013B013A6B600137A26042B14A
:10C3F000002BD7DCD4F880312946404698470028E6
:10C40000D0D0236813F0100305D1E2680132E26056
:10C41000A26902B1337023693B4423610020BDE867
:10C42000F88300BF814D07082DE9F04F9846744B03
:10C430000C468246164693E8070087B003AB83E8B4
:10C440000700704BA169704A032908BF1A46A36808
:10C4500001925A1EB2F5AE7F88BF6FF4AE752746C3
:10C4600082BF03EB050940F25D13A36057F81C3B44
:10C4700043F4506398BF4FF0000923603D464FF0EE
:10C48000000B316803AB097853F82B000222C3F785
:10C4900037FF28B3BBF1010F59D162682AB922686E
:10C4A000082142F4007261602260226822F4A062D6
:10C4B0002260A268511EA16092B13268511C3160A5
:10C4C000127805F8012B7268013A002A726007DCC5
:10C4D000D4F88021314650469047002840F08580AE
:10C4E0000BF1010BBBF1030FCBD163680BB90A232E
:10C4F0006360636845496069C91A00F047F94FF005
:10C50000000BA3682268002B3DD03168606991F868
:10C5100000C010F80C00002835D0BCF1300F24D139
:10C52000100522D50BF1010BB9F1000F03D0013337
:10C5300009F1FF39A3607368013B002B73601BDDB9
:10C54000336801333360A368013BA360D9E7BBF1D3
:10C55000020FAED1226802F4C061B1F5007FC4D1F0
:10C560001021616042F48072A2E722F4106222601E
:10C570000B7805F8013BDEE7D4F8803131465046B0
:10C5800098470028DFD02368D9050DD5BD4209D9C9
:10C5900015F8011CD4F87C3132465046984705F115
:10C5A000FF394D46BD4228D0226812F0100213D147
:10C5B0002A706368019E39465046B047D8F800306B
:10C5C00021681A1DC8F8002011F0200F1B680FD039
:10C5D0001860E3680133E3602369ED1B5D442B447D
:10C5E0002361002007B0BDE8F08F4FF0000BCAE7D1
:10C5F000CA074CBF18801860EBE70120F2E700BFC4
:10C60000A0E8050879BB0508E16A05084D1207088E
:10C61000B1F90C202DE9F041160705460C4654D41B
:10C620004B68002B02DC0B6C002B48DDE66A002E09
:10C6300045D0002312F480522F68216A2B6030D03D
:10C64000626DA389590705D56368D21A636B0BB174
:10C65000236CD21A0023E66A216A2846B047431C9D
:10C66000A38906D129681D292BD82A4ACA40D60792
:10C6700027D500226260D9042269226004D5421CB9
:10C6800001D12B6803B96065616B2F60B9B104F10A
:10C690004403994202D02846FEF760F90023636301
:10C6A0000DE001232846B0470246501CC9D12B6833
:10C6B000002BC6D01D2B01D0162B1ED12F600020C1
:10C6C00022E043F040031BB21BE00F69002FF6D0BD
:10C6D00093070E6808BF4B690F6018BF0023A6EBD5
:10C6E00007088B60B8F1000FE9DD216AA66A4346AE
:10C6F0003A462846B047002808DCB4F90C3043F02D
:10C700004003A3814FF0FF30BDE8F0810744A8EB60
:10C710000008E7E70100402038B50B6905460C46E4
:10C7200013B90025284638BD18B1036A0BB9FBF7C9
:10C73000E3FAB4F90C30002BF3D0626ED00704D4C6
:10C74000990502D4A06DFDF77BFA28462146FFF734
:10C750005FFF636EDA070546E4D4A3899B05E1D445
:10C76000A06DFDF76FFADDE70EB403B5014603AB2C
:10C77000054853F8042B0068019300F0C1FB02B098
:10C780005DF804EB03B070477402002470B50B78B9
:10C7900004465E2B0BBF4B784A1C8A1C002108BF45
:10C7A0000121013804F1FF0500F8011FA842FBD167
:10C7B0000BB9501E70BD81F00101E15410460246D4
:10C7C00012F8015B2D2D05D05D2D16D0002DF1D076
:10C7D0002B46F2E746785D2EFAD0B342F8DC023001
:10C7E0001A4601329642A154FBDCF21A013A5D1C52
:10C7F000B342A8BF0022AB18E1E71046DAE72DE903
:10C80000F0410C46496B04F1440399421DD14FF4A9
:10C810008061F9F755FA18B94FF0FF30BDE8F081A3
:10C820004FF48063A36394F84630606380F8FF336D
:10C8300094F8453080F8FE3394F8443080F8FD33A6
:10C8400000F2FD3020600020E8E7A66B77003A4652
:10C8500000F0FEFA05460028DED000EB060801468F
:10C8600032464046FDF7F7F9C4E90D57C4F8008099
:10C87000E9E7000010B50446084611461A468E281E
:10C8800000F23081DFE810F08F0038019200940050
:10C89000960098009A009C009E00A200A400A800A8
:10C8A000AA00AC00AE002E01B000B200B400B60089
:10C8B000B800BE00C000C600C800CA00CC00CE0050
:10C8C000D200D600D800DA00DC00DE00E000E20092
:10C8D000E4002E012E012E012E012E012E012E012B
:10C8E0002E01E800EC002E012E012E012E012E015A
:10C8F0002E012E012E012E012E012E012E012E01C0
:10C90000EE000801F000F2002E012E012E01F400CD
:10C910002E012E012E01F6002E012E01FA002E010D
:10C920002E01FC002E012E012E012E012E012E01C2
:10C930002E012E012E012E01FE002E01000102010A
:10C9400004012E012E0126012E012E012E012E01A1
:10C950002E012E012E012E01140106010A010C01E7
:10C960000E0110012E01120116011A01EA00C20087
:10C970002C01BA00D000BC00A000A6002A01F800DB
:10C980002E011801C4001E011C012E012E012E01D2
:10C990002E012E01D4002E012E012E01E6002801C9
:10C9A000200122012401554B184610BD544BFBE7D2
:10C9B000544BF9E7544BF7E7544BF5E7544BF3E787
:10C9C000544BF1E7544BEFE7544BEDE7544BEBE797
:10C9D000544BE9E7544BE7E7544BE5E7544BE3E7A7
:10C9E000544BE1E7544BDFE7544BDDE7544BDBE7B7
:10C9F000544BD9E7544BD7E7544BD5E7544BD3E7C7
:10CA0000544BD1E7544BCFE7544BCDE7544BCBE7D6
:10CA1000544BC9E7544BC7E7544BC5E7544BC3E7E6
:10CA2000544BC1E7544BBFE7544BBDE7544BBBE7F6
:10CA3000544BB9E7544BB7E7544BB5E7544BB3E706
:10CA4000544BB1E7544BAFE7544BADE7544BABE716
:10CA5000544BA9E7544BA7E7544BA5E7544BA3E726
:10CA6000544BA1E7544B9FE7544B9DE7544B9BE736
:10CA7000544B99E7544B97E7544B95E7544B93E746
:10CA8000544B91E7544B8FE7544B8DE7544B8BE756
:10CA9000544B89E7544B87E7544B85E7544B83E766
:10CAA000544B81E7544B7FE7544B7DE7544B7BE776
:10CAB000544B79E7544B77E7544B75E7544B73E786
:10CAC000544B71E7544B6FE7544B6DE7544B6BE796
:10CAD000544B69E7544B67E7544B65E7544B63E7A6
:10CAE000544B61E7002A08BF224600F0A9F8524BD8
:10CAF000002818BF034657E7504B55E75812070860
:10CB00006A1207088412070894120708AC12070873
:10CB1000B6120708D0120708E2120708F412070835
:10CB20000D1307081D1307082913070846130708E4
:10CB300058130708691307087B13070887130708AA
:10CB40009F130708AB130708BD130708CC1307088A
:10CB5000DC130708E9130708081407081714070867
:10CB6000281407084C1407086A14070888140708D3
:10CB7000A8140708BF140708CE140708DD14070817
:10CB8000F1140708091507081715070824150708E1
:10CB90003A150708491507085515070884150708A9
:10CBA00095150708B0150708C3150708D915070814
:10CBB000E2150708F9150708011607080E160708F9
:10CBC00023160708371607084F1607085E160708CA
:10CBD0006F160708821607088E160708A71607089B
:10CBE000BB160708D6160708EE1607080817070829
:10CBF00010170708401707085F1707087E17070870
:10CC000095170708A8170708C1170708D8170708B6
:10CC1000EE1707080F180708271807084318070812
:10CC2000561807086C18070880180708A218070884
:10CC3000C8180708D9180708FC1007086012070869
:10CC400000207047031F53F8040F51F8042B904243
:10CC500001D0801A01E00028F5D17047002303605D
:10CC60000439034651F8042F0AB91A60704743F893
:10CC7000042BF7E710B50B466AB953F8042B002ACA
:10CC8000FBD104E053F8044B40F8044B1CB9581A8C
:10CC90008010013810BD013AF4D10260EDE70000C8
:10CCA00000487047C80200242DE9F8430446FFF706
:10CCB000F7FF40F2B1739C4240F3A3806FF4F6613A
:10CCC0006518A4F2B27340F26D12AD1002FB035569
:10CCD0006FF4C8666FF06302A4F26D7393FBF2F316
:10CCE0001D44A319484E44604FF4C8720146B3FB7B
:10CCF000F2F300F150071D440B7AD1F814C04A2B0F
:10CD000038D1A20705EB0C0306D14FF0640E94FB5B
:10CD1000FEF20EFB124232B94FF4C87E94FBFEF2D3
:10CD20000EFB12421ABBBCF13B0FD4BF4FF0000CFC
:10CD30004FF0010C6344013B8A694FEAE27CC3FB7C
:10CD4000062C8B6AD2184CEBE373C1E90823283117
:10CD50008F42D1D1D0E90843D0E912128C429341DD
:10CD6000B4BF0123002303600120BDE8F8834FF026
:10CD7000000CDFE7442B02D105EB0C03DCE7A30733
:10CD800005D1642294FBF2F302FB134393BB4FF4EF
:10CD9000C87294FBF2F302FB1343B3FA83F35B090B
:10CDA000DFF868E0D1F80C905B4203F030032A46CC
:10CDB0004FF00008734408F10108C14553F828E01A
:10CDC0001ADC02F10408072398FBF3F3C3EBC30357
:10CDD000A8EB0303BCEB030C0B6903F1FF3348BF63
:10CDE0000CF1070CC3EBC3039C44F44506DA02EBD9
:10CDF0000C03A1E70123D3E77244DCE7ACF1070C95
:10CE0000F3E70020B1E700BF805101008050070820
:10CE100070B5A1FB025434B92946F8F751FF064614
:10CE200028B9304670BD0C2202600026F9E72A4678
:10CE30002146FBF7C7F8F4E70148FCF701BF00BF44
:10CE400041D501240148FCF7FDBE00BF41D50124B6
:10CE50002DE9F041074614460D4621B9BDE8F041E1
:10CE60001146F8F72DBF2AB9FDF778FD254628466B
:10CE7000BDE8F08100F0F0F98442064602D8B4EB38
:10CE8000500FF4D821463846F8F71AFF804608B903
:10CE90004546ECE7B4422246294628BF3246FCF715
:10CEA000DAFE29463846FDF759FDF1E79368013B64
:10CEB000002B10B4936008DA9469A34201DB0A29BD
:10CEC00003D15DF8044B00F033B91368581C1060AF
:10CED000197008465DF8044B7047F8B506460F46D2
:10CEE0001446D518AC4201D1002007E014F8011B0C
:10CEF0003A463046FFF7DAFF431CF3D1F8BD000095
:10CF00002DE9F04F0D469DB014469846064618B1DF
:10CF1000036A0BB9FAF7F0FE6B6ED90705D4AB893B
:10CF20009A0502D4A86DFCF78BFEAB891B0701D5CF
:10CF30002B699BB92946304600F038F970B16B6E09
:10CF4000DC0704D54FF0FF301DB0BDE8F08FAB8992
:10CF50009805F7D4A86DFCF775FEF3E70023099355
:10CF600020238DF82930CDF80C803023DFF8AC81F8
:10CF70008DF82A304FF0010923469A4613F8012B09
:10CF80000AB1252AF9D1BAEB040B0BD05B46224635
:10CF900029463046FFF7A1FF013000F0A780099A2B
:10CFA0005A4409929AF80030002B00F09F80002329
:10CFB0004FF0FF32CDE905230AF1010A04930793EC
:10CFC0008DF853301A935446052214F8011B534828
:10CFD000C3F796F9049AD8B9D10644BF20238DF837
:10CFE0005330130744BF2B238DF853309AF8003089
:10CFF0002A2B15D0079A544600204FF00A0C2146E0
:10D0000011F8013B303B092B4BD9B0B1079214E02A
:10D01000A0EB080309FA03F313430493A246D2E7F3
:10D02000039B191D1B680391002BBBBF5B4242F0A1
:10D03000020207930793B8BF049223782E2B0AD1DC
:10D0400063782A2B32D1039B1A1D1B68039243EA93
:10D05000E37302340593DFF8D4A02178032250460D
:10D06000C3F74EF938B1049BA0EB0A00402282407E
:10D0700013430134049314F8011B29488DF8281038
:10D080000622C3F73DF900283FD0264B1BBB039B6C
:10D09000073323F0070308330393099B3B440993A9
:10D0A0006AE70CFB02320C460120A8E7002301349A
:10D0B000059319464FF00A0C204610F8012B303A20
:10D0C000092A03D9002BC6D00591C4E70CFB012126
:10D0D00004460123F0E703AB00932A46124B04A950
:10D0E0003046F9F7D1FF0746781CD6D16B6ED907C9
:10D0F00005D4AB899A0502D4A86DFCF7A3FDAB89D2
:10D100005B063FF51FAF09981EE703AB00932A4665
:10D11000054B04A93046FAF73FFAE4E72C1207085A
:10D120003612070889700508DBCE05083212070899
:10D13000F8B50E461446054618B1036A0BB9FAF75E
:10D14000DBFDA369A360A3891A0701D5236943B94D
:10D150002146284600F02AF818B14FF0FF3738462C
:10D16000F8BD23682269981A6369F6B2834237468C
:10D1700005DC21462846FFF7CFFA0028EDD1A36849
:10D18000013BA36023685A1C22601E706269431C25
:10D190009A4204D0A389DB07E1D50A2EDFD12146CC
:10D1A0002846FFF7B9FA0028D9D0D6E738B5294B79
:10D1B000054618680C4618B1036A0BB9FAF79CFDCE
:10D1C000B4F90C30190722D4DA0607D409222A60F0
:10D1D00043F04003A3814FF0FF3033E0580712D5EE
:10D1E000616B41B104F14403994202D02846FDF736
:10D1F000B5FB00236363A38923F02403A3810023E9
:10D20000636023692360A38943F00803A381236932
:10D210004BB9A38903F42073B3F5007F03D02146F3
:10D22000284600F047F8B4F90C3013F001020AD098
:10D230000022A26062695242A261226942B913F0DF
:10D240008000C5D138BD990758BF6269A260F4E774
:10D250000020F7E77402002451F8043C181F002B4B
:10D26000BCBF0B58C018704770B50C46B1F90E1012
:10D27000002996B015461E460DDAA38913F0800FDB
:10D280004FF0000114BF40234FF480630020316051
:10D290002B6016B070BD6A4600F048F80028ECDB41
:10D2A000019901F47041A1F50053594259414FF4DD
:10D2B0008063EBE78B89F7B59D0706460C4607D5DB
:10D2C00004F14703236023610123636103B0F0BDD0
:10D2D00001AB6A46FFF7C8FF009F05463946304656
:10D2E000F8F7EEFC48B9B4F90C309A05EED423F007
:10D2F000030343F00203A381E2E7A389206043F024
:10D300008003A381019BC4E904075BB1B4F90E104B
:10D31000304600F01DF828B1A38923F0030343F041
:10D320000103A381A3891D43A581CFE738B5074D2C
:10D3300000230446084611462B60D5F72DF8431C00
:10D3400002D12B6803B1236038BD00BF3CD5012456
:10D3500038B5064D0023044608462B60D5F722F861
:10D36000431C02D12B6803B1236038BD3CD5012496
:10D370000CB430B5184BB1F1005F1D689DB00C4680
:10D3800008D38B232B604FF0FF301DB0BDE8304039
:10D3900002B070474FF40273ADF8143000231B93B2
:10D3A00002900690B1B14B1E9B00049307934FF679
:10D3B000FF73ADF81630209A21AB02A928460193DD
:10D3C00000F0E2F8002CDCD0029B0022A0421A60A0
:10D3D000DBD3D6E70B46E8E7740200242DE9F04ED4
:10D3E0002DED028BB0EE408B84B0DDE90E6B9246E2
:10D3F00018EE902A2BF02009002AB6BF2D22002219
:10D40000B1EE408BB9F1410FDDE910750C461A60A1
:10D4100068D1B0EE480B304601F0C6F9B4EE007B9F
:10D4200020EE070BB5EE400BF1EE10FA04BF01231E
:10D4300033605249524BB3EE007BBBF1610F08BF22
:10D440001946013C2B4620EE070BFDEEC06B16EE95
:10D45000902A51F8220043F8040B601CB8EEE66BEA
:10D4600030EE460B0CD0B5EE400BF1EE10FA04F1A5
:10D47000FF3203D122461946302029E01446E2E764
:10D48000B6EE007BB4EEC70BF1EE10FA06DCB4EE9C
:10D49000470BF1EE10FAEDD1D207EBD5CC6B184665
:10D4A000302600E0066050F8042DA242FAD0392A56
:10D4B0000CBF8A6A013202605B1B9B103B602846EE
:10D4C00004B0BDEC028BBDE8F08E41F8040B013ACC
:10D4D000002AFADA621C01344FEA8202B8BF002245
:10D4E0001344E9E7B9F1460F05D0B9F1450F00D172
:10D4F0000134022100E0032103AB019302AB00934E
:10D5000022463346B0EE480BFCF7CAFCB9F1470F90
:10D5100020D11AF0010F0ED1039B1B1A3B60002390
:10D520003A689A42CBDD129A9342C8DAC25C45F857
:10D5300023200133F4E70319B5EE408BF1EE10FA26
:10D5400008BF03933021039A9A42E5D2541C0394F6
:10D550001170F8E7B9F1460F00EB0403ECD1027843
:10D56000302A07D1B5EE408BF1EE10FA1CBFC4F1A2
:10D570000104346032681344DEE700BF5C20070812
:10D5800018200708000000002DE9F04F2DED028B58
:10D59000ADF5257D1E4600238B4618931C938146CE
:10D5A0000C92FCF7B3FA03681B781993BBF80C30A4
:10D5B0001F0615D5DBF8103093B940214846F8F71F
:10D5C0007FFBCBF80000CBF8100030B90C23C9F872
:10D5D00000304FF0FF330F933EE14023CBF814307F
:10D5E0000023CDE920339FED8C8B30AC1F94119339
:10D5F00013930D930F930C9B1D4653F8042B0AB104
:10D60000252AF9D10C9BAB420FD0EF1ABF10C4E909
:10D610000037219B3B442193209B0133072B209310
:10D6200074DC08340F9B3B440F932B68002B01F0F4
:10D63000818000222B1D17924FF0FF380E92154665
:10D6400053F8042B08920C93089B203B5A2B00F2B2
:10D65000FC84DFE813F07A00FA04FA048000FA048C
:10D66000FA04FA046500FA04FA0483008D00FA044F
:10D670008A008F00FA04AB00AE00AE00AE00AE0030
:10D68000AE00AE00AE00AE00AE00FA04FA04FA043A
:10D69000FA04FA04FA04FA043F01FA04E900FA046D
:10D6A0003F013F013F01FA04FA04FA04FA04C10001
:10D6B000FA04FA04FA04FA04FA04FA04E903FA048C
:10D6C000FA04FA04FA046304FA04FA04FA04FA0401
:10D6D000FA04FA04FA04FA043F01FA04E900160114
:10D6E0003F013F013F01C4001601D800FA04D100F8
:10D6F000FA048303A303D903D800FA04E9037800EA
:10D700004304FA04FA047F04FA0478001FAA594675
:10D71000484601F07DF8002840F0998030AC81E760
:10D720004846FCF7F3F9436848461B781893FCF722
:10D73000EDF983680D93189B2BB10D9B1BB11B78E2
:10D740000BB145F480650C9B7AE7179B002BFAD14F
:10D7500020231793F7E745F00105F4E756F8043B5B
:10D760000E93002BEFDA5B420E9345F00405EAE7D7
:10D770002B23EEE70C9B53F8042B08922A2A11D195
:10D7800056F8042B0C9342EAE278DCE701FB082808
:10D7900053F8042B0892089A303A092AF6D948EA35
:10D7A000E87850E74FF000080A21F4E745F08005DB
:10D7B000C9E700230E930A22089B0E99303B02FB17
:10D7C00001330E930C9B53F8041B0C93A1F130030F
:10D7D000092B0891F0D937E745F00805B3E70C9B12
:10D7E0001B68682B01BF0C9B04330C9345F4007538
:10D7F00018BF45F04005A6E70C9B1B686C2B05D1B4
:10D800000C9B04330C9345F020059CE745F0100574
:10D8100099E700BFAFF300800000000000000000A7
:10D82000FFFFFFFFFFFFEF7F334653F8040B099321
:10D83000089B632B17D1EE0615D4F9F76BF9411C41
:10D8400011D1BBF80C3043F04003ABF80C30BBF8FF
:10D850000C305B063FF5BDAE0F980DF5257DBDEC98
:10D86000028BBDE8F08F0023409041931793CDE9E0
:10D870000A339A461F461E4640AB4FF001080793F5
:10D8800023E1AA0611D5073626F007031A465F687A
:10D8900052F8086B0992002F05DA76424FF02D03FB
:10D8A00067EB47071793012388E2334653F8047B5D
:10D8B0000993EB0602D53E46FF17ECE76E0603D54B
:10D8C0003EB247F3C037E6E7A805F4D57EB247F38A
:10D8D000C017E0E7073626F00703B3EC028B1FED15
:10D8E000307BB0EEC86BB4EE476BF1EE10FA0993E3
:10D8F00015DDB5EEC08BF1EE10FA01D52D2317938F
:10D900000E4A0F4B0899472998BF1A46079225F0EF
:10D9100080054FF0000A4FF00308574663E3B4EE6A
:10D92000488BF1EE10FA11D718EE903A002BBCBFDD
:10D930002D231793034A044BE4E700BFB0200708E8
:10D94000A0200708D0200708C0200708089B612BEB
:10D9500000F08281412B40F0818158233022B8F1C0
:10D96000630FCDE91D2345F0020540F3828108F1E4
:10D97000010189004846F8F7A3F900283FF461AF98
:10D9800082466423CDE90303B0EE480B089B019364
:10D9900045F480771BAB1CAE009302961AAB3A4657
:10D9A00041464846FFF71AFD40AB984207901FD109
:10D9B0003368642B1CDDBAF1000F19D19900484679
:10D9C0000793F8F77DF9079B824600283FF439AFAB
:10D9D000B0EE480BCDE90303089B01931BAB00930A
:10D9E00002961AAB3A4641464846FFF7F7FC0790C5
:10D9F000089B1B9E23F02003472B40F04781F11C1E
:10DA000002DBB04580F26381089B023B0893089AD1
:10DA100022F02002412A0CBF089A089906F1FF3330
:10DA20000ABF02F10F0100220122002B1B93B8BF95
:10DA3000C6F101032291B4BF2D212B21092B239183
:10DA400040F3398130A90A270A46B3FBF7F607FBF2
:10DA50001630303042F8040C18466328A1F1040156
:10DA60003346F1DC303341F8043CA2F1080023AB2B
:10DA700030A98842C0F01A810DF1CB039B1A23F024
:10DA800003030B3A914238BF002324AA02EB030898
:10DA900022ABA8EB03084FEAA80313931C9B012BAE
:10DAA00003EBA80801DCEA0701D508F1010800230F
:10DAB000CDE90A3325F4806545F480771E461A9B2C
:10DAC000002B40F048813D46002747453B46B8BF04
:10DAD00043461093179B13B1109B0133109315F01D
:10DAE000020312931EBF109B0233109315F08403A0
:10DAF000149320D10E9B109A9B1A002B1BDDDDE99D
:10DB0000202CA1492160102B02F1010204F1080030
:10DB100000F3A4820CEB0301072ACDE92021636006
:10DB200040F3B1821FAA5946484600F071FE002812
:10DB300040F0DE8530AC1799219B17AA59B12260BD
:10DB4000012213442193209B62601344072B2093EE
:10DB500000F39B820834129A219B62B11DAA2260B5
:10DB6000022213442193209B62600133072B2093F0
:10DB700000F395820834149B802B20D10E9B109AC1
:10DB80009B1A002B1BDDDDE9202C80492160102B26
:10DB900002F1010204F1080000F390820CEB030192
:10DBA000072ACDE92021636040F39D821FAA5946D0
:10DBB000484600F02DFE002840F09A8530ACA7EBD7
:10DBC0000807002F1ADDDDE9203270482060102F91
:10DBD00003F1010304F1080100F387826760072B5A
:10DBE0001744CDE9203740F393821FAA594648468F
:10DBF00000F00EFE002840F07B8530ACE905219B4B
:10DC000000F1888243442193209B079A0133072B1C
:10DC1000C4E90028209300F3BD8208346A0700F1AC
:10DC20004985DDE90E2310998A42ACBF9B185B1829
:10DC30000F93219B3BB11FAA5946484600F0E8FDCF
:10DC4000002840F0558500232093BAF1000F40F0E2
:10DC50006B85099E30ACCEE478237FE6B8F1FF3FB8
:10DC60000AD0089B23F02003472B02D1B8F1000F04
:10DC700008D04FF0000A03E04FF0000A4FF006080A
:10DC800040A87EE6C2464FF00108F9E7462B7FF434
:10DC9000BEAE05F00103002E43EA080322DD5BB3AC
:10DCA00008F10108B044662308932BE050F8046B98
:10DCB00043F8046FDDE63AB9302224920DF194085E
:10DCC000303348F8043BE3E60DF19008F8E71C9B7D
:10DCD000B3420BDD002ED4BFC6F102084FF001089D
:10DCE000984407E053B108F10208DCE7EB071CD5C4
:10DCF00006F101086723D7E7B046D4E76623089307
:10DD00004FF0010815F480630B9321D00023002EFF
:10DD1000CDE90A337FF7D3AE0D9B1B78FF2B06D1DD
:10DD2000DDE90A2313449844C9E6B046E2E7B3426A
:10DD3000F6DAF61A0D9B5B7833B10B9B01330B932C
:10DD40000D9B01330D93E7E70A9B01330A93E3E749
:10DD50000B9B0A93B3E62D231793B4E6AF0607D5C2
:10DD60000F9A33680F99D217C3E90012043642E4C0
:10DD7000E80603D533680F9A1A60F7E7690607D5F6
:10DD800033680F9A1A80F1E724510708E450070816
:10DD9000AA05EFD533680F9A1A70E7E715F020034C
:10DDA0001FD0073626F007031A465F6852F8086B43
:10DDB000099225F48065002300221792B8F1000F24
:10DDC000C0F2C38425F080020A9256EA070240F0AE
:10DDD000C184B8F1000F00F03181012B40F0BD8407
:10DDE000D1E0324615F0100752F8046B099201D0C9
:10DDF0001F46DEE715F0400301D0B6B2D9E715F4AF
:10DE00000077D6D0F6B2F3E73346782253F8046BA6
:10DE100009933023CDE91D32A64B1193002745F01D
:10DE2000020502230892C7E7334653F8042B0993EF
:10DE300000231793089B0792532B35D015F010063B
:10DE400032D1B8F1000F14DB0798424631464746FD
:10DE5000C2F756FA08B1079BC71A632F0ED9791C6F
:10DE600089004846F7F72CFF00283FF4EAAC8246C9
:10DE700007E00798C2F794FA0746EEE74FF0000A6A
:10DE800040A8B8460023BB4208D1002740F82370C1
:10DE90007323CDE90A770790089316E6079AD25CB8
:10DEA00040F823200133EEE7B8F1000F11DB0798AB
:10DEB00042460021FAF7E2F8824600283FF42DADF1
:10DEC000079BC31A9B109845A8BF98464FF0000ABD
:10DED00023E50798FAF7C7F88046F7E715F020031F
:10DEE00009D0073626F007031A465F6852F8086B18
:10DEF0000992012360E7324615F0100752F8046BCF
:10DF0000099201D01F46F4E715F0400301D0B6B2E4
:10DF1000EFE715F40077ECD0F6B2F3E7664B119318
:10DF200015F0200318D0073626F007031A465F685D
:10DF300052F8086B0992EB0708D556EA070305D09B
:10DF400030231D93089B1E9345F0020525F4806540
:10DF5000022331E7574BE2E7324615F0100752F83B
:10DF6000046B099201D01F46E5E715F0400301D08C
:10DF7000B6B2E0E715F40077DDD0F6B2F3E70A2E8B
:10DF800077F1000304D23036A396A3AB00F006BCB1
:10DF90000A9B002503F480631C950DF5247A0B93EE
:10DFA0000A22002330463946C2F7CCFCAAF104030A
:10DFB00007930B9B30324AF8042C013543B30D9B79
:10DFC0001B789D4224D1FF2D22D00A2E77F1000725
:10DFD0000DD21C95079A0A9DA4AB9B1A47464FF099
:10DFE000000A4FEAA308CDE90AAA56466DE5AAF150
:10DFF00008030793189B4AF8083C0D9B5D7815B100
:10E0000001330D930025DDF81CA006460F46C7E737
:10E010000A2E77F10007F6D2DBE7119A06F00F031C
:10E02000360952F82330079A46EA077642F8043D4B
:10E030003F0956EA07030792EFD1CBE71BB9E80780
:10E0400001D53026A0E7A4ABA8E3089B002B00F085
:10E050007183409300231793099608E410216160AF
:10E06000072A6144CDE920210ADD1FAA5946484606
:10E07000159300F0CDFB002840F03A83159B30A8A3
:10E08000103B04463BE5044655E51FAA5946484661
:10E0900000F0BEFB002840F02B8330AC5BE51FAAEC
:10E0A0005946484600F0B4FB002840F0218330ACCC
:10E0B00061E500BF182007085C2007081021616097
:10E0C000072A6144CDE920210ADD1FAA59464846A6
:10E0D000129300F09DFB002840F00A83129B30A8A9
:10E0E000103B04464FE5044669E510200244072B27
:10E0F000CDE92032606008DD1FAA5946484600F08D
:10E1000087FB002840F0F48230A9103F0C465AE506
:10E110000C4673E5089A652A40F24982B5EE408BB9
:10E12000F1EE10FA67D1714A226001221344219363
:10E13000209B62601344072B209335DC0834DDE913
:10E140001B36B34202DBEA077FF568AD19AB2360EB
:10E1500001236360219B01332193209B0133072B13
:10E1600020932BDC0834013E002E7FF757AD604F23
:10E170004FF01008DDE92032102E03F1010304F105
:10E180000801276024DC6660072B1644CDE92036A1
:10E1900040F38B821FAA5946484600F039FB0028FD
:10E1A00040F0A68230AC39E51FAA5946484600F037
:10E1B0002FFB002840F09C8230ACC0E71FAA5946D4
:10E1C000484600F025FB002840F0928230ACCAE7B8
:10E1D0001032072BCDE92032C4F8048008DD1FAAD5
:10E1E0005946484600F014FB002840F0818230A9CF
:10E1F000103E0C46BEE71B9A002A7BDC3B4A22609D
:10E20000012213442193209B62601344072B209327
:10E2100045DC08341C9F1B9B219A3B4305F0010100
:10E220000B433FF4FBAC19AB236001231A4463603A
:10E23000209B21920133072B20933ADC04F1080341
:10E240001B9E002E1CDA2A4C76421A464FF010080C
:10E25000DDE92010102E01F1010103F10803146023
:10E2600031DC566007290644CDE9201608DD1FAAD7
:10E270005946484600F0CCFA002840F0398230ABCD
:10E28000079AC3E90027219A3A442192209A013241
:10E29000072A20923FF77EAF03F10804BEE41FAACD
:10E2A0005946484600F0B4FA002840F0218230ACCC
:10E2B000B0E71FAA5946484600F0AAFA002840F0E5
:10E2C000178230ABBCE710300729CDE92010C2F827
:10E2D000048008DD1FAA5946484600F099FA002834
:10E2E00040F0068230AB103E1A46B1E7E020070846
:10E2F000E45007081C9A089292001292089A42F37E
:10E300001D08B045A8BFB046B8F1000F0BDD43446F
:10E310002193209B079A0133072BC4E900282093FF
:10E3200000F38E800834B8F1000FACBFA6EB0807ED
:10E330003746002F1CDDDFF87883C4F80080DDE964
:10E340002032102F03F1010304F1080100F3828051
:10E350006760072B1744CDE9203740F38E801FAA52
:10E360005946484600F054FA002840F0C18130ACCC
:10E37000079B03EB86066B050BD50B9B002B0A9BBB
:10E380007DDC002B7DDC079B129A13449E4228BF44
:10E390001E461B9B089A9A4201DCEF070DD519AB6C
:10E3A000236001236360219B01332193209B013370
:10E3B000072B209300F3E7800834129B079F089AED
:10E3C0001F441B9BBF1BBF10D31A9F42A8BF1F46F1
:10E3D000002F219B0ADD3B442193209B0133072B17
:10E3E000C4E90067209300F3D88008341B9E089B83
:10E3F000002FA3EB0606A8BFF61B002E7FF70EAC7E
:10E40000AB4F4FF01008DDE92032102E03F101036D
:10E4100004F1080127607FF7B6AE1032072BCDE973
:10E420002032C4F8048008DD1FAA5946484600F08F
:10E43000EFF9002840F05C8130A9103E0C46E2E77D
:10E440001FAA5946484600F0E3F9002840F05081E1
:10E4500030AC68E710200244072BCDE92032606021
:10E4600008DD1FAA5946484600F0D2F9002840F0BE
:10E470003F8130A9103F0C465FE70C4678E7002B40
:10E4800051DD0A9B013B0A9318AB236001236360B3
:10E49000219B01332193209B0133072B209349DCDF
:10E4A0000834079B129A03EB02080D9BA8EB0608A1
:10E4B0001B784FEAA8089845A8BF9846B8F1000F06
:10E4C000219B09DD43442193209B0133072BC4E9A1
:10E4D0000068209338DC08340D9B1F78B8F1000FDA
:10E4E000A8BFA7EB0807002F18DDDDE92032704830
:10E4F0002060102F03F1010304F108012EDC676096
:10E50000072B1744CDE920373BDD1FAA5946484663
:10E5100000F07EF9002840F0EB8030AC0D9B1B78BA
:10E5200006EB830629E70D9B013B0D930B9B013BFB
:10E530000B93A9E71FAA5946484600F069F900283D
:10E5400040F0D68030ACACE71FAA5946484600F0F0
:10E550005FF9002840F0CC8030ACBDE710200244C9
:10E56000072BCDE92032606008DD1FAA59464846D6
:10E5700000F04EF9002840F0BB8030A9103F0C4657
:10E58000B3E70C46CAE71FAA5946484600F040F9CF
:10E59000002840F0AD8030AC0FE71FAA594648462E
:10E5A00000F036F9002840F0A38030AC1EE7209937
:10E5B0001C9E079820605A1C01310120012ECDE9D4
:10E5C000201204F10803606001DCE80768D5072920
:10E5D00008DD1FAA5946484600F01AF9002840F005
:10E5E000878030AB19AA1A6001225A60219A013241
:10E5F0002192209A0132072A209223DC0833B5EEBB
:10E60000408BF1EE10FADDE9202106F1FF3422D033
:10E610000798013204302144072AC3E90004CDE9F8
:10E62000202140DD1FAA5946484600F0F1F8002895
:10E630005ED130AB22AA1A60139A13995A60219ABC
:10E640000A4422E61FAA5946484600F0E1F800288D
:10E650004ED130ABD3E7012EECDD154E1027DDE9AE
:10E660002021102C02F1010203F108001E6007DCDA
:10E670005C60072A0C44CDE92024D3DC0346D9E7AB
:10E680001031072ACDE920215F6006DD1FAA594617
:10E69000484600F0BDF858BB30A8103C0346DEE702
:10E6A0000729C7DDBEE70833C4E70C46FFF7B6BA53
:10E6B000E45007080E9B109A9D1A002D7FF7B1AA0F
:10E6C000374E1027DDE92032102D03F101032660BB
:10E6D00018DC6560072B1544CDE920357FF7A1AA2A
:10E6E0001FAA5946484600F093F800283FF499AA1B
:10E6F000BAF1000F3FF4ABA851464846FCF72EF99B
:10E70000FFF7A5B81032072BCDE92032676002DC95
:10E710000834103DD6E71FAA5946484600F078F85D
:10E720000028E5D130ACF4E751464846FCF716F92D
:10E73000FFF78FBA219B002B3FF489A81FAA5946E7
:10E74000484600F065F8FFF782B856EA07020A95D6
:10E750003FF443AB012B3FF412AC022BA4AB079365
:10E760003FF45BAC079A06F007031146303341F8DB
:10E77000043DF60846EA4776FF08079156EA070186
:10E78000F0D10A99CD077FF525AC302B3FF422ACB0
:10E790000799302341F8043CA2F10803079319E4D8
:10E7A0002451070800000000002210EE901A0260B9
:10E7B000154A21F00043934221D810EE102A1A4343
:10E7C0001DD0124A0A4052B99FED0D7B20EE070B77
:10E7D00010EE901A6FF0350221F0004302600268DB
:10E7E0001B15A3F2FE331A446FF31E51026053EC63
:10E7F000102B41F07F5343F4001343EC102B704770
:10E800000000000000005043FFFFEF7F0000F07F9A
:10E810002DE9F041156806460F461446A3680835F1
:10E820002BB900200023C4E90133BDE8F0816368FF
:10E830005A1E002B6260F4DD55F8048CB8F1000F0D
:10E84000ECD04FEA880355F8082C39463046FDF7DE
:10E8500069FA431CE6D0A368A3EB0803A360DDE7D5
:10E86000F8B500BFF8BC08BC9E467047F8B500BFBD
:08E87000F8BC08BC9E4670478D
:10E8780044ED050870ED050854ED050860ED050840
:10E88800D8E90508ECE90508A4EB0508ACEB050890
:10E89800F8E90508FCE905084F12070852120708AD
:10E8A8005512070862617369635F737472696E67F2
:10E8B8003A20636F6E737472756374696F6E206645
:10E8C800726F6D206E756C6C206973206E6F74208A
:10E8D80076616C69640000007B22427573223A25D8
:10E8E800642C224E616D65223A222573222C226700
:10E8F800656E7265223A222573222C224944223AF7
:10E9080025642C0022446570617373656D656E74AF
:10E9180020647520627566666572222C22696422FD
:10E928003A2564007B224837223A226F75742068A2
:10E9380037222C224944223A25642C22455252453A
:10E948005552223A25737D0A000000004944000010
:10E958004374726C53746174650000004375746984
:10E968006E54656D700000004375746F757454655E
:10E978006D70000054686572416972002225732227
:10E988003A252E3166000000222573223A252E36BC
:10E9980067000000222573223A252E306600000009
:10E9A800224A534F4E2074726F70206C6F6E67202E
:10E9B800706F75722073706C697420656E203222D6
:10E9C8002C226964223A2564000000002C00000013
:10E9D80076697472696E652B000000006D61703A8B
:10E9E8003A61740076697472696E652D00000000E2
:10E9F80043462B0043462D007B224944223A2D32C0
:10EA0800302C224E616D65223A22736E785F6F6EEC
:10EA18005F636F6E7369676E65222C226F6E5F7617
:10EA2800697472696E652B223A25642C226F6E5FB9
:10EA380076697472696E652D223A25642C226F6E90
:10EA48005F43462B223A25642C226F6E5F43462D86
:10EA5800223A25642C226F6E5F6261632B223A256D
:10EA6800642C226F6E5F6261632D223A25647D0AF1
:10EA780000000000303132333435363738396162BE
:10EA8800636465664142434445460000414B2D504E
:10EA980043353531000000002530345800000000AF
:10EAA800554E4B4E4F574E00224865786120696E8F
:10EAB80076616C696465222C2274797065223A2229
:10EAC8002573222C227265676973747265223A2253
:10EAD8002573222C226964223A25642C22627573DC
:10EAE800223A256400000000224465706173736552
:10EAF8006D656E74222C2274797065223A22257312
:10EB0800222C227265676973747265223A22257312
:10EB1800222C226964223A25642C22627573223AD7
:10EB280025640000225479706520696E74726F75CF
:10EB38007661626C65222C2274797065223A2225EE
:10EB480073222C227265676973747265223A2225D2
:10EB580073222C226964223A25642C22627573225E
:10EB68003A25642C2276616C7565223A256C75000D
:10EB7800766563746F723A3A5F4D5F7265616C6C6B
:10EB88006F635F696E736572740000007665637405
:10EB98006F723A3A72657365727665006261632BCB
:10EBA800000000006261632D0000000022427573BE
:10EBB800206D616E7175616E74222C226964223A2F
:10EBC8003939392C22656C656D656E742030223AAE
:10EBD80022220000303132333435363738390000DC
:10EBE80022427573206E6F6E206E756D6572697145
:10EBF8007565222C226964223A3939392C22656CD0
:10EC0800656D656E742030223A222573220000005B
:10EC1800224944206D616E7175616E74222C2269DF
:10EC280064223A3939392C22656C656D656E742019
:10EC380031223A2222000000224944206E6F6E20C1
:10EC48006E756D657269717565222C226964223A48
:10EC58003939392C22656C656D656E742031223A1C
:10EC68002225732200000000454B430022546169AD
:10EC78006C6C652064657320656C656D656E747376
:10EC880020696E636F727265637465222C226964F1
:10EC9800223A25640000000022466C6F6174206EE1
:10ECA8006F6E20636F6E73656375746966222C22BC
:10ECB80074797065223A222573222C22726567695D
:10ECC80073747265223A222573222C227375697631
:10ECD800616E74223A222573222C226964223A2515
:10ECE800642C22627573223A2564000022466C6FF8
:10ECF800617420696E76616C696465222C2274796E
:10ED08007065223A222573222C2272656769737412
:10ED18007265223A222573222C226964223A2564DC
:10ED28002C22627573223A256400000044696666E5
:10ED38006572656E7469616C0000000053617475DA
:10ED4800726174656454656D7050630041437472F8
:10ED58006C54656D70000000536174757261746560
:10ED68006454656D7041000041436170616369746A
:10ED780079000000226D616C666F726D65222C222D
:10ED88006964223A3939392C226C696E65223A2233
:10ED980025732200226E6220656C656D656E747342
:10EDA800222C226964223A3939392C226E62223A9D
:10EDB80025642C226C696E65223A22257322000094
:10EDC800636F757473200000434F5554532000003F
:10EDD8004366506F736974697665426F756C5F300E
:10EDE80000000000454B43333032442D3031327837
:10EDF8000000000064656661756C74006665726D7C
:10EE080065000000436653757267656C6147726FF1
:10EE18007570655F32000000414B2D434335355313
:10EE28004355492D3031357800000000537572671D
:10EE3800656C61506F727465735F3130000000005B
:10EE4800414B2D43433535302D412D303139780034
:10EE580045584B414C000000444C4E3420352E3070
:10EE68003200000053757267656C61506F7274658B
:10EE7800735F313100000000444C4E3420342E3092
:10EE88003200000053757267656C61506F7274656B
:10EE9800735F31320000000053757267656C615012
:10EEA8006F727465735F313300000000546742610C
:10EEB80063537572675F313400000000414B2D4386
:10EEC800433535302D412D30313278004C494E4490
:10EED800450000004952494F532053473300000072
:10EEE8005467426163537572675F313500000000F3
:10EEF80042616353757267656C615F31360000006B
:10EF08004952494F5320534733203337352041382E
:10EF18000000000042616353757267656C615F3180
:10EF28003700000042616353757267656C615F3139
:10EF3800380000004952494F532053473320333794
:10EF480035204338000000004261635375726765DD
:10EF58006C615F3139000000414B2D43433535303A
:10EF68002D412D30313578004341525249455200E8
:10EF78004952494F532053473320313838204338BA
:10EF8800000000005467426163537572675F323056
:10EF980000000000436861726375746572696546B4
:10EFA800655F323100000000414B2D434335355336
:10EFB800432D303137780000424F4E4E4554204E95
:10EFC8004556455400000000484142494C4C2E54D7
:10EFD8004F4954205A4E3337350000004368617258
:10EFE8006375746572696546655F323200000000BA
:10EFF800426F75636865726965547261645F323324
:10F0080000000000414B2D43433535302D412D3054
:10F018003138780048464552492D362E30310000A7
:10F028006F75766572740000426F75636865726902
:10F0380065547261645F3234000000004368616D9A
:10F048007061676E655F32360000000053564C4EA3
:10F0580055312D322E303000436861726375746506
:10F068007269654C735F32370000000053564C4E8E
:10F0780055312D362E3030004368617263757465E2
:10F088007269654C735F3238000000004368617232
:10F09800637574657269654C735F323900000000EE
:10F0A80043686172637574657269654C735F333068
:10F0B8000000000054726169746575724C735F33A7
:10F0C8003100000054726169746575724C735F3366
:10F0D8003200000054726169746575724C735F3355
:10F0E8003300000054726169746575724C735F3344
:10F0F8003400000053564C4E55312D332E3030001D
:10F1080054675F3335000000564C4355312D43306A
:10F1180031000000566F6C61696C6C654C735F332D
:10F1280036000000566F6C61696C6C654C735F3318
:10F1380037000000566F6C61696C6C654C735F3307
:10F1480038000000566F6C61696C6C654C735F33F6
:10F158003900000054675F343000000046726F6D5C
:10F168006167654C735F34310000000046726F6D53
:10F178006167654C735F34320000000046726F6D42
:10F188006167654C735F34330000000046726F6D31
:10F198006167654C735F34340000000054675F3466
:10F1A80035000000556C74726146726169735F3492
:10F1B80036000000556C74726146726169735F3481
:10F1C80037000000556C74726146726169735F3470
:10F1D80038000000556C74726146726169735F345F
:10F1E8003900000054675F353000000054675F3510
:10F1F8003100000059616F7572744C735F353200CD
:10F2080059616F7572744C735F35330059616F754E
:10F2180072744C735F35340059616F7572744C7336
:10F228005F35350054675F3536000000534B594E43
:10F238004E445433000000004A75734465467275A5
:10F248006974735F3537000034456D6547616D6DCE
:10F25800655F353800000000436653757267526574
:10F2680073657276655F353900000000414B2D43A8
:10F27800433535534355492D303137780000000068
:10F28800436654726169746575725F3631000000B7
:10F29800436646727569744C6567756D65735F364C
:10F2A800320000004366537569665F36340000001B
:10F2B8004C61626F426F756368657269655F363568
:10F2C8000000000043664361726361737365735F96
:10F2D8003636000043664372656D657269655F3650
:10F2E800370000004366506F6973736F6E5F36387E
:10F2F80000000000436653757267426F756C616E5B
:10F30800675F363900000000454B433230324431E4
:10F318002D30313578000000636C696D6174697354
:10F328006174696F6E000000436C696D53646D5FB2
:10F3380037310000536E61636B696E675F37320067
:10F34800534B594E53333700536E61636B696E6785
:10F358005F373300536E61636B696E675F373400E4
:10F36800536E61636B696E675F373500534B594E57
:10F37800533138004368617263757446655F373688
:10F388000000000045505441000000004B414C4E25
:10F39800533337004368617263757446655F373766
:10F3A800000000004B414C4E5354350043686172D5
:10F3B80063757446655F3738000000004368617202
:10F3C80063757446655F37390000000046726F6DDB
:10F3D80061676546655F38300000000046726F6DF2
:10F3E80061676546655F38310000000046726F6DE1
:10F3F80061676546655F38320000000046726F6DD0
:10F4080061676546655F383300000000426F7563C9
:10F41800686572696546655F38340000426F7563D8
:10F42800686572696546655F38350000426F7563C7
:10F43800686572696546655F38360000426F7563B6
:10F44800686572696546655F383700005361757293
:10F458006973736572696546655F38380000000036
:10F46800536175726973736572696546655F38398A
:10F4780000000000536175726973736572696546AF
:10F48800655F3930000000005361757269737365F8
:10F4980072696546655F393100000000636F6E640C
:10F4A800656E736575722D0043656E744E65676190
:10F4B800746976655F31303000000000414B2D5093
:10F4C800433535312D30313730000000636F6E64BD
:10F4D800656E736575722B0043656E74506F736942
:10F4E800746976653363705F3130310043656E74DB
:10F4F800506F7369746976653263705F31303200BA
:10F50800414B2D50433535312D3031363300000015
:10F5180067656E72655F756E6B6E6F776E00000063
:10F528006E616D655F756E6B6E6F776E00000000C3
:10F538006465766963655F756E6B6E6F776E0000E4
:10F548006272616E645F756E6B6E6F776E0000003D
:10F558006D6F64656C5F756E6B6E6F776E00000023
:10F5680030303634000000003030363500000000FE
:10F5780030303636000000004D61784375746F7581
:10F588007400000030303637000000004D696E43CB
:10F5980075746F7574000000303036380000000054
:10F5A8004469737041646A4B00000000303036399A
:10F5B8000000000054656D70556E6974000000000D
:10F5C800303037310000000041646A757374533479
:10F5D80000000000303037320000000041646A75D6
:10F5E80073745333000000003030373500000000DA
:10F5F8004D61696E5377697463680000303037393C
:10F60800000000004D656C74506572696F640000FD
:10F6180030303741000000004D656C74496E7465E8
:10F628007276616C00000000303037420000000044
:10F6380054686572533425003030374300000000A9
:10F64800546865726D4D6F64650000003030374452
:10F65800000000004E696768744F66667365740041
:10F6680030303745000000004E6967687453657490
:10F678006261636B00000000303038330000000026
:10F688004375746F757432003030423400000000E6
:10F6980041646A7573745336000000003031463493
:10F6A800000000004D696E4F6E54696D65000000E2
:10F6B80030314635000000004D696E4F666654696A
:10F6C8006D65000030334538000000004465664D24
:10F6D8006574686F6400000030334539000000002D
:10F6E80044656653746F7054656D700030334541DE
:10F6F80000000000446566496E74657276616C00AE
:10F7080030334542000000004D6178446566546915
:10F718006D650000303345430000000054696D6595
:10F7280053746167670000003033454400000000EF
:10F73800447269704F666654696D6500303345459B
:10F748000000000046616E537461727454656D70F8
:10F7580000000000303345460000000046616E534B
:10F768007461727444656C003033463000000000E8
:10F7780046616E447572696E6744656600000000F4
:10F78800303346310000000044656653746F70538F
:10F79800656E7300303346330000000053355465FE
:10F7A8006D70000030334635000000004465665334
:10F7B800746172740000000030334641000000009C
:10F7C80050756D7044776E44656C00003033464365
:10F7D800000000004D61785468657252756E5400DF
:10F7E800303430350000000041644D6F646500001E
:10F7F800303430360000000041645265736574008F
:10F80800303430370000000044697361626C65442D
:10F8180065660000303430430000000044656672BD
:10F828006F737453746174650000000030343131B3
:10F83800000000005F44736444656752657100000E
:10F8480030343132000000004D6344656653746102
:10F8580072740000303442310000000044656631A3
:10F8680048720000303442320000000044656632BD
:10F8780048720000303442330000000044656633AB
:10F888004872000030344234000000004465663499
:10F898004872000030344235000000004465663587
:10F8A8004872000030344236000000004465663675
:10F8B800487200003034424200000000446566315E
:10F8C8004D696E00303442430000000044656632E2
:10F8D8004D696E00303442440000000044656633D0
:10F8E8004D696E00303442450000000044656634BE
:10F8F8004D696E00303442460000000044656635AC
:10F908004D696E00303443300000000044656636AF
:10F918004D696E00303545310000000046616E5378
:10F92800746F7054656D700030354532000000000A
:10F9380046616E50756C73654D6F6465000000001C
:10F94800303545330000000046616E4379636C65CD
:10F9580000000000303545340000000046616E4F5D
:10F968006E250000303744300000000044656C61AB
:10F97800794F664F757470003037443100000000CD
:10F98800446931436F6E666967000000303744325E
:10F9980000000000446931537461747573000000FD
:10F9A8003037443300000000537756657273696F2F
:10F9B8006E00000030374437000000003037444202
:10F9C800000000004F726465724E6F4C6F77000044
:10F9D8003037444400000000416363436F646500AE
:10F9E800303744450000000053656E736F72436FF3
:10F9F8006E6669670000000030374534000000007B
:10FA08004D6178486F6C6454696D650030374535D1
:10FA180000000000446973705334250030374536C0
:10FA280000000000486F6C64416674657244656646
:10FA38000000000030374631000000004D61785466
:10FA480072616E7350726573000000003037463281
:10FA5800000000004D696E5472616E7350726573D8
:10FA6800000000003037464500000000526573650D
:10FA780074416C61726D000030383037000000004E
:10FA8800446932436F6E6669670000003038303869
:10FA98000000000043617365436C65616E000000FF
:10FAA80030383039000000004C69676874436F6E65
:10FAB8006669670030383041000000004C696768AB
:10FAC8007452656D6F746500303831440000000071
:10FAD8004170706C4D6F6465000000003038323042
:10FAE80000000000416363436F646532000000005A
:10FAF8003038343300000000446933436F6E666960
:10FB0800670000003038343800000000446F6F721E
:10FB1800496E6A53746172740000000030383439D9
:10FB28000000000046616E466F72636564436C00B6
:10FB38003038344200000000446973706C4D656EC3
:10FB480075320000303836310000000044697370A7
:10FB58006C4374726C0000003038363200000000CC
:10FB68004C696768744D733D4F66660030383633AC
:10FB780000000000416C52656C436F6E6600000027
:10FB880030394335000000005F4375746F75745455
:10FB9800656D7000303943430000000044656672AB
:10FBA8006F737454696D6500303943450000000077
:10FBB800436F6D70312F4C6C7376000030394346BB
:10FBC8000000000046616E52656C6179000000001B
:10FBD800303944300000000044656652656C617934
:10FBE8000000000030394530000000004565764FC0
:10FBF8006425000030394532000000005333416964
:10FC08007254656D70000000303945330000000003
:10FC1800533441697254656D7000000030394534C1
:10FC28000000000030394535000000004E69676863
:10FC380074436F6E640000003039453700000000DF
:10FC480053757065726865617452656600000000DE
:10FC58003039453800000000537570657268656179
:10FC680074000000303945390000000053325465F3
:10FC78006D70000030394541000000005331546573
:10FC88006D7000003039454200000000546865720C
:10FC980052756E74696D6500303945440000000086
:10FCA800456B634572726F7200000000303945463B
:10FCB80000000000457661705072657373506500EE
:10FCC80030394630000000004576617054656D702B
:10FCD80054650000303946370000000052656672EE
:10FCE80069676572616E7400303946410000000032
:10FCF8005F526567436F6E6400000000303946420A
:10FD080000000000533654656D70000030394643DA
:10FD18000000000044693253746174757300000078
:10FD28003041313000000000446973706C617941E2
:10FD3800697200003041313200000000416C61728C
:10FD48006D41697200000000304131370000000049
:10FD5800416C61726D52656C6179000030413138D7
:10FD6800000000004C6967687452656C6179000096
:10FD780030413246000000005468657242616E648A
:10FD88000000000030413330000000004469335364
:10FD98007461747573000000304133340000000052
:10FDA8003041333500000000304134340000000099
:10FDB80041645374617465003041344100000000AF
:10FDC800546354656D704D65616E00003041344276
:10FDD80000000000546354656D70417665000000B2
:10FDE8003041344300000000416B76446F25000029
:10FDF8003041353800000000416363446566726F26
:10FE080073740000304135390000000041636344D9
:10FE18006566536B69700000304242430000000081
:10FE2800546E530030424334000000005374617232
:10FE3800744F642500000000304243350000000084
:10FE48004D6F7054656D70003042433700000000FC
:10FE58004D617853680000003042433800000000CC
:10FE6800416B7644696D0000304243390000000060
:10FE78005374617274557054696D65003042434221
:10FE880000000000416B76506572696F64000000E5
:10FE98003042434300000000476C6964650000007D
:10FEA8004D696E5368000000466F72636564436C69
:10FEB8006F7365003042453400000000466F72637E
:10FEC8006564436F6F6C00003042454300000000DA
:10FED80050652F733153656C656374003042463248
:10FEE800000000004D7472546E53656300000000FA
:10FEF80030424633000000004D74724B70666163F7
:10FF0800746F72003237313200000000416C617248
:10FF18006D44656C617900003237313300000000B0
:10FF2800446F6F724F70656E44656C0032373232C1
:10FF38000000000050756C6C646F776E44656C004F
:10FF48003237323300000000486967684C696D41F8
:10FF58006972000032373234000000004C6F774C71
:10FF6800696D4169720000003237323500000000C7
:10FF7800486967684C696D324169720032373236B8
:10FF8800000000004C6F774C696D324169720000C7
:10FF98003237323700000000486967684C696D31B4
:10FFA8005336000032373238000000004C6F774C6F
:10FFB800696D3153360000003237323900000000D5
:10FFC800486967684C696D325336000032373241F0
:10FFD800000000004C6F774C696D3253360000000A
:10FFE8003237324200000000416C44656C6179533D
:08FFF8003600000032373243ED
:020000040806EC
:1000000000000000416C44656C6179446931000076
:100010003237324400000000416C44656C61794421
:10002000693200003237333500000000416C6172E4
:100030006D533425000000003237343500000000D5
:1000400050756C6C4444656C533600003445323056
:1000500000000000436F6E74724572726F72000090
:1000600034453231000000005274634572726F7281
:100070000000000034453232000000005065457237
:10008000726F720034453233000000005332457203
:1000900072657572000000003445323400000000C3
:1000A0005333457272657572000000003445323575
:1000B0000000000053344572726575720000000044
:1000C0003445323600000000533545727265757252
:1000D00000000000344532370000000053364572FE
:1000E000726575720000000034453238000000006F
:1000F00053354572726575724200000034453239DD
:100100000000000054656D70486175746500000062
:100110003445324100000000416C61726D654261FE
:10012000737365003445324200000000416C6D502D
:100130006F7274654F757665727400003445324392
:100140000000000054656D70734D61696E746965DF
:100150006E4D0000344532440000000050726F6262
:100160006C656D65446574656E7465003445324533
:10017000000000005265667269676572616E744EB8
:100180006F6E0000344532460000000054656D700B
:1001900048746553360000003445333000000000D9
:1001A000416C61726D654261737365533600000086
:1001B0003445333100000000446931416C61726D97
:1001C00065000000344533320000000044693241CC
:1001D0006C61726D6500000034453333000000002F
:1001E000526567756C6174657572417272657400F1
:1001F00034453334000000004E6574746F796167D4
:1002000065506F737465000054656D70734D61784F
:10021000446567003445333600000000447364458C
:1002200072726575720000003445333700000000BB
:100230004473645072697365476C616365000000C4
:1002400034453338000000004473644465676953E3
:10025000617574650000000034453339000000000A
:10026000447364466C61736867617300533145720F
:1002700072657572000000003030423600000000E8
:10028000546865725334254E67740000304135411F
:1002900000000000436173655368757464776E00F5
:1002A0003034323200000000446973704444656C9D
:1002B0000000000030394639000000005F437574CB
:1002C000696E54656D700000414B2D4343353530E8
:1002D000412D3032307800007462645F3033463430
:1002E00000000000303432330000000044656646F0
:1002F000616E53746F7000007462645F3041343912
:100300000000000030433444000000004D634C699D
:10031000714374726C00000053686D6178466C6FB5
:100320006F640000304335310000000053686D6990
:100330006E466C6F6F6400007462645F32373131F7
:1003400000000000526566674C65616B00000000AC
:10035000436F32416C61726D0000000034453341DF
:10036000000000004C6F7754656D7053360000003C
:10037000303037340000000041646A7573745335BF
:1003800000000000303038300000000041646A7521
:10039000737453320000000030304432000000001B
:1003A000546865726D4469666632000030304438C6
:1003B0000000000053344D696E4C696D0000000070
:1003C0003034304200000000416441697274756E3F
:1003D000696E67003034304600000000466C61737F
:1003E0006867617373656E730000000030343130EC
:1003F0000000000054656D704D696E446567000033
:100400004164446566526571000000003034313546
:10041000000000005261696C684174446566000028
:10042000303431360000000044656673746F7074B8
:10043000656D70320000000030343137000000007C
:100440004D617864656674696D65320030343234AC
:100450000000000044656653746F7000303432351C
:10046000000000004D696E44656C7461540000002A
:1004700030343236000000004B65792F62744C6FC7
:10048000636B000030343237000000004164536574
:100490006E73650030343238000000004F696C52D2
:1004A00065636F76000000003034423000000000C9
:1004B0004465665363686564756C65003034433524
:1004C000000000004D6F6E5363686564756C6500D5
:1004D000303443360000000054756553636865642A
:1004E000756C650030344337000000005765645375
:1004F00063686564756C6500303443380000000043
:100500005468755363686564756C650030344339AD
:10051000000000004672695363686564756C65008D
:1005200030344341000000005361745363686564D4
:10053000756C6500303443420000000053756E5303
:1005400063686564756C65003037463700000000ED
:10055000416F314D696E566F6C740000303746380C
:1005600000000000416F314D6178566F6C740000DF
:1005700030383043000000005261696C684F6E648F
:100580006179250030383044000000005261696C08
:10059000684F6E6E677425003038343400000000F8
:1005A0005261696C684D6F64650000003038343505
:1005B00000000000446577704D696E4C696D000065
:1005C0003038343600000000446577704D61784C57
:1005D000696D000030383437000000005261696CEA
:1005E0004D696E4F6E2500007462645F3038353996
:1005F00000000000303835410000000041637444C1
:100600006577706F696E7400303838330000000011
:10061000426C696E6466616E73746F7000000000F6
:1006200030383938000000005261696C6379636CBE
:100630006570776D00000000303839390000000027
:100640005266676661634B31000000003038394103
:10065000000000005266676661634B3200000000D4
:1006600030383942000000005266676661634B33E0
:10067000000000003038413400000000416F314379
:100680006F6E666967000000303841450000000069
:100690003038414600000000436F6D7072312F6C9E
:1006A0006C73760030384230000000003038423140
:1006B000000000003038423300000000303842347F
:1006C0000000000030384245000000005261696CB3
:1006D0006865617450776D00303842460000000054
:1006E000486954656D705072696F0000303843304E
:1006F000000000004C6F54656D705072696F00000F
:10070000303843310000000053656E736F725072D1
:10071000696F000030384332000000004469616CAA
:1007200061726D5072696F00303843330000000011
:10073000446566726F73745072696F003038433469
:10074000000000004D6973635072696F0000000083
:100750003038433500000000496E6A65637450729A
:10076000696F000030384336000000004374726C3B
:100770006F66665072696F003038433700000000C2
:100780004C65616B5072696F00000000303843396E
:10079000000000004D757465416C61726D000000D1
:1007A0003038434100000000466F6F6453656E733C
:1007B0006F720000303843430000000052657374CC
:1007C0006F72654D6F64650030384436000000007C
:1007D0004C6C73760000000030384441000000008B
:1007E0004C6C73764F666644656C0000303933316B
:1007F0000000000053703154656D700030393332A1
:10080000000000005370314B6F686D003039333396
:10081000000000005370314F686D000030393334F0
:100820000000000053703254656D7000303933356C
:10083000000000005370324B6F686D003039333662
:10084000000000005370324F686D000030393337BC
:100850000000000053703354656D70003039333838
:10086000000000005370334B6F686D00303933392E
:10087000000000005370334F686D00003039334181
:10088000000000004F696C5265634D6F64650000A5
:1008900030393342000000004F696C5265634D618E
:1008A0007800000030393343000000004F696C527B
:1008B00065634F64250000003039463400000000B5
:1008C00052666746616341310000000030394635A9
:1008D000000000005266674661634132000000007C
:1008E0003039463600000000526667466163413386
:1008F00000000000526567436F6E64003041304372
:10090000000000004C6F6164466163746F72000008
:100910003041323300000000533554656D704200A1
:1009200030413245000000005261696C44757479B1
:1009300063250000304133370000000044657750E4
:100940006F696E7400000000304134360000000012
:100950004661756C74696E64696331003041343787
:10096000000000004E657761697274756E76616C87
:10097000000000003041343800000000466C476140
:1009800073496E6469630000304137300000000035
:10099000446973706C61794169723200304137414A
:1009A00000000000436F6D6D537461747573000037
:1009B000304138310000000030413845000000006F
:1009C000466F6F6454656D7000000000304138461A
:1009D000000000003041434500000000486967689E
:1009E000416C4C696D00000030414346000000003E
:1009F0004C6F77416C4C696D000000003041443011
:100A000000000000304244320000000053684D6F87
:100A10006465000030424433000000005368436CBA
:100A20006F7365003043333600000000546864750E
:100A300074796379636C65003043333700000000DC
:100A400041666964656E74666F72636500000000DC
:100A5000304333380000000053684B704D696E001E
:100A6000304333390000000053684B704D6178000B
:100A700030433341000000005368546E0000000012
:100A80003043334200000000536842616E6400004E
:100A90003043334300000000502D4761696E000071
:100AA000304333440000000054652D6761696E00D7
:100AB000304333450000000041666964656E740090
:100AC00030433346000000004D61782500000000EF
:100AD0003043343200000000533253746162696C59
:100AE0006974650054686572746F67676C650000AF
:100AF00030433442000000004C6F61647265710045
:100B000030433446000000004D617874656F6666BE
:100B10007365740053684D61784C69710000000082
:100B200053684D696E4C69710000000030433533E5
:100B3000000000005368436C6F73654C69710000DE
:100B40003043353400000000416363436F64653116
:100B50000000000030433537000000004C6F636B2D
:100B6000646973706B6579003043363200000000B1
:100B70004F64537461747573000000003043363362
:100B800000000000416374647574796379636C6577
:100B9000000000003043363400000000533253742C
:100BA00064446576000000003135393000000000F3
:100BB0004661756C74696E64696330003135393231
:100BC000000000004661756C74696E6469633200F0
:100BD00031353938000000004164696E7473746106
:100BE00074650000313541360000000054696D65C0
:100BF000636F6E73746C70660000000031354142A3
:100C000000000000446566726F73746F75740000B5
:100C1000313541440000000041697274756E65769B
:100C2000616C720031354145000000004963656C1C
:100C30006576656C00000000323737300000000038
:100C4000533646756E6374696F6E00005332457299
:100C5000726F720053334572726F72005334457273
:100C6000726F720053354572726F7200533645725F
:100C7000726F720053334572726F7242000000004F
:100C800053354572726F7242000000005268496E1F
:100C900070757445727200004869676854416C61F0
:100CA000726D00004C6F7754416C61726D000000F2
:100CB000446F6F72416C61726D0000004E6F52663E
:100CC0006753656C000000004869676854656D7083
:100CD00053360000446931416C61726D00000000C0
:100CE000446932416C61726D000000005374616EA2
:100CF0006462794D6F6465004869676854656D701A
:100D0000420000004C6F7754656D70420000000097
:100D100034453342000000004C6F7748756D6964BC
:100D200069747900344533430000000057726F6ED8
:100D300067496F4366670000344533440000000094
:100D400034453345000000004164466C61736867B8
:100D500061730000344533460000000034453430F0
:100D60000000000046616E53616665747900000002
:100D70003445343100000000447269766572416C7C
:100D800061726D0046413335000000004D616B65B6
:100D9000466163746F72790042744C6F636B00003C
:100DA00030373643000000005F416C61726D526560
:100DB0006730416464720000303736440000000040
:100DC000416C61726D52656731416464720000006C
:100DD0003037364500000000416C61726D52656726
:100DE0003241646472000000303736460000000073
:100DF000416C61726D52656733416464720000003A
:100E00003037373000000000416C61726D52656709
:100E10003441646472000000303737310000000054
:100E2000416C61726D526567354164647200000007
:100E30003037373200000000416C61726D526567D7
:100E40003641646472000000303737330000000020
:100E5000416C61726D5265673741646472000000D5
:100E60007462645F30424238000000003042423910
:100E70000000000030424241000000003042424287
:100E800000000000506C616E7454797065000000C1
:100E900047617354797065007462645F3042433017
:100EA0000000000030424331000000004F665365EF
:100EB00074706F696E747300304243330000000039
:100EC00053776974636856696144693100000000B2
:100ED0007462645F30424336000000004143747224
:100EE0006C537461747573005A6F6E654100000035
:100EF0004150726573737572650000007462645FBF
:100F00003042434100000000415265666572656EE3
:100F100063654261720000007462645F3042434561
:100F20000000000030424346000000004152656668
:100F30006572656E63654465676300007462645F33
:100F400030424430000000003042443100000000D4
:100F500041526571436170004F6652756E6E696EE5
:100F600067436F6D70410000304244340000000060
:100F7000506F507265737375726541007462645F7F
:100F8000304244350000000030424436000000008A
:100F900030424438000000004D6564696154656D5D
:100FA000704100007462645F304244390000000008
:100FB0003042444100000000446973636861726715
:100FC00065476173410000007462645F30424442CF
:100FD0000000000030424443000000005375637479
:100FE000696F6E4761734100304244450000000064
:100FF00041646566636400003042453000000000D3
:10100000537461747573446179506F41000000003E
:101010003042453100000000536865644100000023
:1010200030424532000000005361666574795377A1
:1010300069746368413100003042453300000000AC
:10104000536166657479537769746368413200004F
:101050004F6E410030424535000000004D6F646521
:10106000506F415F4D4100003042453600000000A6
:101070004361706163697479410000003042453713
:101080000000000041536574706F696E74426172B4
:1010900000000000304245380000000041536574F4
:1010A000706F696E744465674300000030424539D3
:1010B000000000005A6F6E65506F4142617200007F
:1010C00030424541000000005A6F6E65506F416428
:1010D0006566636400000000304245420000000085
:1010E0004F66667365744142617200004F666673B5
:1010F00065744E69676874410000000030424544E1
:10110000000000005265666572656E6365506F4150
:10111000426172003042454500000000526566653C
:1011200072656E63654D617841000000304245464E
:10113000000000005265666572656E63655063412C
:101140004261720030424630000000005265666520
:1011500072656E63654D696E410000003042463134
:1011600000000000436F6E74726F6C53656C6563B2
:1011700074696F6E41000000466163746F724B705A
:101180004100000054696D65546E506F41000000CD
:101190003042463400000000526174654F66436877
:1011A000616E676541310000304246350000000045
:1011B000526174654F664368616E67654132000035
:1011C00030424636000000005374657052756E74EC
:1011D000696D6541000000003042463700000000A4
:1011E000446F776E41000000304246380000000036
:1011F000446F776E4C696D6974506F414261720043
:101200003042463900000000446F776E4C696D69CA
:1012100074506F414465674300000000304246410E
:1012200000000000536865644C696D6974410000FA
:101230003042464200000000436170446179410041
:1012400030424643000000004361704E6967687495
:1012500041000000304246440000000053746172B7
:101260007444656C617941003042464500000000DD
:101270004F666644656C6179410000003042464625
:101280000000000053656E736F72506F41000000E4
:1012900030433030000000004D6F6465506F415F97
:1012A000414D000030433031000000004F66436F75
:1012B0006D70726573736F7273410000304330322A
:1012C00000000000436F6D7053697A6541000000B3
:1012D0003043303300000000304330340000000061
:1012E0004D696E5370656564506F41487A00000027
:1012F00030433035000000005374617274537065E0
:101300006564506F41487A00304330360000000079
:101310004D6178537065656441487A0030433037D9
:1013200000000000506572696F6454696D650000CB
:1013300030433038000000004379636C6554696DB8
:101340006541000030433039000000004D696E43B4
:1013500061704100304330410000000053746172FD
:1013600074436170410000003043304200000000CF
:1013700031536454656D70410000000030433043C8
:10138000000000003153644D617841003043304427
:10139000000000004F66556E6C6F616465727341AA
:1013A00000000000304330450000000053616665D6
:1013B0007479496E70757441000000003043304606
:1013C00000000000537769746368566961446932AC
:1013D00000000000304331300000000053686564B5
:1013E00064696E6700000000304331310000000086
:1013F000446973636847617354656D704100000010
:10140000304331320000000053756374696F6E53CE
:101410007570657268656174410000003043313356
:10142000000000004F6E46637441000030433134C9
:1014300000000000436F6D704D696E4F6E410000FB
:101440003043313500000000436F6D704D696E4FC1
:10145000666641003043313600000000436F6D7016
:10146000526573746172744100000000304331377B
:1014700000000000436F6D70536166657479410030
:1014800030433138000000003043313900000000A3
:10149000304331410000000052657374617274542E
:1014A000696D6541000000003043314200000000DA
:1014B00053616665747944656C6179410000000090
:1014C00030433143000000003161536447617300D1
:1014D0007462645F304331440000000030433145A2
:1014E00000000000316153746174757300000000E6
:1014F00030433146000000003261537461747573EB
:1015000000000000304332300000000033615374AB
:101510006174757300000000304332310000000038
:1015200034615374617475730000000030433232CB
:101530000000000035615374617475730000000091
:1015400030433233000000003661537461747573A8
:101550000000000030433234000000003761537453
:1015600061747573000000003043323500000000E4
:101570003861537461747573000000003043323673
:1015800000000000316143617000000030433237D9
:1015900000000000326143617000000030433238C7
:1015A00000000000336143617000000030433239B5
:1015B000000000003461436170000000304332419C
:1015C000000000003561436170000000304332428A
:1015D0000000000036614361700000003043324378
:1015E0000000000037614361700000003043324466
:1015F0000000000038614361700000003043324554
:101600000000000052756E74696D652F6379636C1C
:10161000657341003043324600000000316152756D
:101620006E74696D650000003043333000000000C7
:10163000326152756E74696D65000000304333315C
:1016400000000000336152756E74696D6500000022
:101650003043333200000000346152756E74696D9E
:1016600065000000304333330000000035615275DF
:101670006E74696D65000000304333340000000073
:10168000366152756E74696D650000003043333504
:1016900000000000376152756E74696D65000000CE
:1016A000386152756E74696D65000000316143796F
:1016B000636C65730000000032614379636C65738D
:1016C0000000000033614379636C65730000000023
:1016D00034614379636C65730000000035614379C0
:1016E000636C65730000000036614379636C657359
:1016F0000000000037614379636C657300000000EF
:1017000038614379636C6573000000003161496E94
:101710005365727669636500304334300000000021
:101720003261496E536572766963650030433431C6
:10173000000000003361496E53657276696365008D
:101740003461496E536572766963650030433433A2
:10175000000000003561496E53657276696365006B
:1017600030433434000000003661496E53657276B0
:101770006963650030433435000000003761496E0D
:1017800053657276696365003043343600000000AB
:101790003861496E5365727669636500304334374A
:1017A00000000000424374726C53746174757300DE
:1017B00030433438000000005A6F6E65420000006C
:1017C0003043343900000000425072657373757203
:1017D00065000000424374726C54656D7000000037
:1017E000425265666572656E636542617200000013
:1017F000425265666572656E6365446567430000C5
:10180000424361706163697479000000304335328E
:101810000000000042526571436170004F665275CE
:101820006E6E696E67436F6D70420000506F50724C
:1018300065737375726542003043353600000000F1
:1018400053617475726174656454656D7042000013
:1018500030433538000000004D6564696154656DA2
:10186000704200003043354100000000446973635A
:101870006861726765476173420000003043354319
:101880000000000053756374696F6E476173420016
:101890003043354500000000426564666364000023
:1018A0003043363000000000537461747573446136
:1018B00079506F42000000003043363100000000D4
:1018C000536865644200000053616665747953771C
:1018D00069746368423100005361666574795377B7
:1018E00069746368423200004F6E420030433635FF
:1018F000000000004D6F6465506F425F4D41000075
:1019000030433636000000004361706163697479CA
:101910004200000030433637000000004253657437
:10192000706F696E74426172000000003043363897
:101930000000000042536574706F696E74446567FF
:101940004300000030433639000000005A6F6E65D6
:10195000506F424261720000304336410000000087
:101960005A6F6E65506F42646566636400000000E4
:1019700030433642000000004F6666736574424291
:101980006172000030433643000000004F6666730A
:1019900065744E6967687442000000003043364445
:1019A000000000005265666572656E6365506F42A7
:1019B00042617200304336450000000052656665A2
:1019C00072656E63654D61784200000030433646B3
:1019D000000000005265666572656E636550634283
:1019E0004261720030433730000000005265666586
:1019F00072656E63654D696E420000003043373199
:101A000000000000436F6E74726F6C53656C656309
:101A100074696F6E420000003043373200000000EE
:101A2000466163746F724B7042000000304337337D
:101A30000000000054696D65546E506F4200000054
:101A40003043373400000000526174654F664368CC
:101A5000616E676542310000304337350000000099
:101A6000526174654F664368616E6765423200007B
:101A700030433736000000005374657052756E7441
:101A8000696D6542000000003043373700000000F8
:101A9000446F776E4200000030433738000000008A
:101AA000446F776E4C696D6974506F424261720089
:101AB0003043373900000000446F776E4C696D6920
:101AC00074506F4244656743000000003043374163
:101AD00000000000536865644C696D697442000041
:101AE0003043374200000000436170446179420096
:101AF00030433743000000004361704E69676874EB
:101B0000420000003043374400000000537461720B
:101B10007444656C61794200304337450000000031
:101B20004F666644656C6179420000003043374679
:101B30000000000053656E736F72506F420000002A
:101B400030433830000000004D6F6465506F425FD5
:101B5000414D000030433831000000004F66436FB4
:101B60006D70726573736F72734200003043383268
:101B700000000000436F6D7053697A6542000000F9
:101B80003043383300000000304338340000000098
:101B90004D696E5370656564506F42487A0000006D
:101BA000304338350000000053746172745370651F
:101BB0006564506F42487A003043383600000000B8
:101BC0004D6178537065656442487A003043383718
:101BD000000000004379636C6554696D6542000044
:101BE00030433838000000004D696E436170420098
:101BF00030433839000000005374617274436170DF
:101C0000420000003043384100000000315364546A
:101C1000656D704200000000304338420000000053
:101C20003153644D61784200304338430000000076
:101C30004F66556E6C6F6164657273420000000000
:101C40003043384400000000536166657479496E82
:101C500070757442000000003043384500000000F9
:101C60005377697463685669614469330000000002
:101C7000304338460000000044697363684761736D
:101C800054656D70420000003043393000000000A0
:101C900053756374696F6E537570657268656174AE
:101CA0004200000030433931000000004F6E4663AF
:101CB000744200003043393200000000436F6D7001
:101CC0004D696E4F6E420000304339330000000012
:101CD000436F6D704D696E4F666642003043393414
:101CE00000000000436F6D7052657374617274423E
:101CF000000000003043393500000000436F6D7074
:101D00005361666574794200304339360000000043
:101D100030433937000000003043393800000000FC
:101D20005265737461727454696D654200000000FD
:101D300030433939000000005361666574794465A9
:101D40006C6179420000000030433941000000001E
:101D5000316253644761730030433943000000002F
:101D6000316253746174757300000000304339446C
:101D7000000000003262537461747573000000004B
:101D80003043394500000000336253746174757349
:101D900000000000304339460000000034625374F4
:101DA0006174757300000000304341300000000092
:101DB0003162436170000000304341310000000097
:101DC0003262436170000000304341320000000085
:101DD0003362436170000000304341330000000073
:101DE0003462436170000000304341340000000061
:101DF00052756E74696D652F6379636C657342000B
:101E00003043413500000000316252756E74696DD7
:101E10006500000030434136000000003262527518
:101E20006E74696D650000003043413700000000AA
:101E3000336252756E74696D65000000304341383D
:101E400000000000346252756E74696D6500000018
:101E5000304341390000000031624379636C65739F
:101E6000000000003043414100000000326243792D
:101E7000636C6573000000003043414200000000C5
:101E800033624379636C6573000000003043414363
:101E90000000000034624379636C65730000000049
:101EA00030434144000000003162496E5365727650
:101EB0006963650030434145000000003262496EAD
:101EC0005365727669636500304341460000000047
:101ED0003362496E53657276696365003043423000
:101EE000000000003462496E5365727669636500D4
:101EF00030434231000000004374726C53746174CB
:101F00007573000030434232000000004374726C6D
:101F10005072657373757265000000007462645FCF
:101F200030434233000000003043423400000000E0
:101F30004374726C54656D7000000000304342368B
:101F4000000000005265666572656E63655F35422C
:101F5000617200007462645F304342370000000029
:101F600030434238000000005265666572656E635A
:101F7000655F3644656743007462645F304342398D
:101F800000000000304342410000000052756E6EB8
:101F9000696E6743617000003043424200000000F8
:101FA000526571756573746564436170000000006B
:101FB00030434243000000004F6652756E6E696EFA
:101FC0006746616E73000000304342440000000029
:101FD0007462645F30434245000000003043424673
:101FE00000000000506350726573737572650000E5
:101FF00030434331000000004D656469610000001A
:102000007462645F30434332000000003043433366
:10201000000000004169724F6E436F6E6400000063
:1020200030434335000000005265636F7665727976
:102030005374617475730000304343360000000030
:10204000536166657479537769746368430000006F
:10205000304343370000000053746174757344616A
:102060007950630030434338000000004D6F6465D1
:1020700050635F4D410000003043433900000000D1
:1020800043617061636974794300000030434341E8
:1020900000000000536574706F696E7442617200D5
:1020A0003043434200000000536574706F696E74E2
:1020B00044656743000000003043434300000000D4
:1020C0004F66667365744E696768745063000000FC
:1020D00030434344000000005265666572656E63DC
:1020E000655F3742617200003043434500000000E5
:1020F0005265666572656E63655F38446567430067
:1021000030434346000000005265666572656E63A9
:10211000655F3942617200003043443000000000C6
:102120005265666572656E63655F3130446567430D
:102130000000000030434431000000005265636F2E
:102140007665727953704261720000003043443208
:10215000000000005265636F7665727953704465C4
:10216000674300003043443300000000526563526F
:10217000616D70446F776E0030434434000000009E
:102180004C696D69744E696768740000304344356A
:1021900000000000466163746F724B7043000000E2
:1021A000304344360000000054696D65546E50633E
:1021B00000000000304344370000000053656E7398
:1021C0006F7250630000000030434438000000008C
:1021D0004D6F6465436F6E7369676E0030434439B9
:1021E000000000004374726C4D6F646500000000D5
:1021F00030434441000000004F6646616E730000AA
:1022000030434442000000004374726C547970659E
:10221000000000003043444300000000537461722A
:102220007453706565645063250000003043444476
:10223000000000004D696E537065656450632500B1
:102240003043444500000000537461727456696164
:10225000446F000030434530000000004174436F7C
:102260006D704F666600000030434531000000008D
:102270005265636F76657279566961446900000042
:102280003043453200000000537065656400000073
:10229000304345330000000053746172742F73742F
:1022A0006F7000003043453400000000315374610A
:1022B000747573003043453500000000325374617B
:1022C0007475730030434536000000003353746169
:1022D0007475730030434537000000003453746157
:1022E0007475730030434538000000003553746145
:1022F0007475730030434539000000003653746133
:102300007475730030434541000000003753746119
:102310007475730030434542000000003853746107
:1023200074757300304345430000000052756E74AD
:10233000696D652F6379636C657333003043454481
:102340000000000052756E74696D65546F74616CA5
:102350000000000030434545000000003152756E1A
:1023600074696D65546F74616C00000030434546BC
:10237000000000003252756E74696D65546F7461AF
:102380006C00000030434630000000003352756E90
:1023900074696D65546F74616C00000030434631A0
:1023A000000000003452756E74696D65546F74617D
:1023B0006C00000030434632000000003552756E5C
:1023C00074696D65546F74616C000000304346336E
:1023D000000000003652756E74696D65546F74614B
:1023E0006C00000030434634000000003752756E28
:1023F00074696D65546F74616C000000304346353C
:10240000000000003852756E74696D65546F746118
:102410006C00000030434636000000004379636CD6
:102420006573546F74616C003043463700000000E0
:10243000314379636C6573546F74616C0000000004
:102440003043463800000000324379636C657354B2
:102450006F74616C000000003043463900000000DA
:10246000334379636C6573546F74616C00000000D2
:102470003043464100000000344379636C65735477
:102480006F74616C000000003043464200000000A1
:10249000354379636C6573546F74616C00000000A0
:1024A0003043464300000000364379636C65735443
:1024B0006F74616C0000000030434644000000006F
:1024C000374379636C6573546F74616C000000006E
:1024D0003043464500000000384379636C6573540F
:1024E0006F74616C0000000030434646000000003D
:1024F0004D696E4C696D6974506F414261720000A4
:1025000030443030000000004D696E4C696D6974D4
:10251000506F414465674300304430310000000093
:102520004D6178416C61726D506F41426172000083
:1025300030443032000000004D6178416C61726DB2
:10254000506F414465674300304430330000000061
:102550004D617844656C617931000000304430345D
:10256000000000004D696E4C696D4100304430350B
:10257000000000004D61784C696D410030443036F8
:102580000000000044656C61794100003044303740
:10259000000000004D61784C696D6974506F4144D2
:1025A0006567430030443038000000004D696E4CD0
:1025B000696D6974506F4242617200003044303975
:1025C000000000004D696E4C696D6974506F4244A3
:1025D0006567430030443041000000004D617841A0
:1025E0006C61726D506F4242617200003044304243
:1025F000000000004D6178416C61726D506F424483
:102600006567430030443043000000004D6178446A
:10261000656C6179320000003044304400000000F5
:102620004D696E4C696D4200304430450000000039
:102630004D61784C696D4200304430460000000026
:1026400044656C6179420000304431300000000084
:102650004D61784C696D6974506F42446567430001
:1026600030443131000000004D61784C696D69746F
:102670005063424261720000304431320000000079
:102680004D61784C696D69745063424465674300DD
:1026900030443134000000004D617844656C61794C
:1026A0003300000030443135000000005377697476
:1026B0006368566961446934000000003044313673
:1026C000000000005265737461727454696D653363
:1026D000000000003044313700000000416C61729E
:1026E0006D5265736574000030443138000000009D
:1026F0004F664469416C61726D466374000000006E
:102700003044314100000000416C61726D44656CE1
:10271000617931003044314300000000416C617246
:102720006D44656C61793200304431450000000031
:10273000416C61726D44656C61793300304431469F
:1027400000000000546865726D6F7374617400005E
:102750003044323000000000437574496E000000C0
:1027600030443231000000004375744F757400002E
:102770003044323200000000304433450000000095
:1027800053616665747900003044334600000000F0
:10279000446563616C4E75697400000030443430E8
:1027A0000000000044656C657374000030443431EF
:1027B0000000000054634D65616E00003044343306
:1027C00000000000446174616261736553796E6357
:1027D000680000003044343400000000416C617235
:1027E0006D7300003044343500000000506F614DBF
:1027F000696E4F66667365740000000030443436BD
:1028000000000000506F614D61784F66667365741B
:10281000000000003044343700000000506F614F6A
:1028200066667365740000003044343900000000AF
:10283000496E6A656374696F6E4F6E4100000000F7
:102840003044344100000000506F624D61784F66A3
:1028500066736574000000003044344200000000DC
:10286000506F624D696E4F666673657400000000BC
:102870003044344300000000506F624F6666736559
:10288000740000003044344500000000496E6A6561
:102890006374696F6E4F6E42000000005F4E69679F
:1028A00068744F6666736574000000005F446931A8
:1028B00053746174757300005F5468657241697286
:1028C000000000005F533254656D70007462645FF5
:1028D00030433441000000007462645F304334458B
:1028E000000000007462645F304335300000000077
:1028F0007462645F30433535000000003043444665
:102900000000000030443243000000004D6F646559
:10291000416C61726D0000003044324400000000E0
:102920004572726F720000003044324500000000B2
:102930004E6F74536574000030443246000000004E
:10294000496E4D616E4D6F64650000003044333058
:1029500000000000416C61726D3100003044333181
:1029600000000000416C61726D320000304433326F
:1029700000000000416C61726D330000304433335D
:10298000000000005072657373757265506F614E80
:102990006F726D616C000000304433340000000041
:1029A0005072657373757265506F615072696F0014
:1029B00030443335000000004147656E416C6D5076
:1029C00072696F003044333600000000446973635D
:1029D0006854656D70536461000000003044333703
:1029E000000000003044333800000000507265736E
:1029F00073757265506F624E6F726D616C0000008E
:102A0000304433390000000050726573737572658D
:102A1000506F625072696F00304433410000000013
:102A20004247656E416C6D5072696F0030443342AD
:102A300000000000446973636854656D70536462FC
:102A400000000000304433430000000030443344B1
:102A5000000000005072657373757265506300006A
:102A600030443746000000005374617475734F6E34
:102A70004F6666003044383000000000416C6172DF
:102A80006D53746174757331000000003044383147
:102A900000000000416C61726D5374617475733293
:102AA000000000003044383200000000416C6172C8
:102AB0006D53746174757333000000003044383511
:102AC000000000004D6178537065656425000000CA
:102AD0005F416C61726D44656C6179007462645F22
:102AE0003445333500000000303039360000000036
:102AF00054684F66667365740000000030303937E3
:102B00000000000054684F66667365744B00000057
:102B1000303043360000000044744E756974000084
:102B20003032313400000000436D7052656C6179C1
:102B30004E63000030334644000000004375746F5C
:102B400075745335646966005F41644D6F64650058
:102B50004D696E44656654696D65000030354443C7
:102B60000000000046616E53746F70436F000000F8
:102B7000303544460000000046616E44656C436F8A
:102B800000000000303946320000000054656D70CE
:102B900052656600304135320000000052656769B9
:102BA0006D654E75697400007462645F3042434421
:102BB00000000000323733320000000043666741F6
:102BC0006C6D41697200000032373439000000003A
:102BD000486967684C696D533300000032373441EF
:102BE000000000004C6F774C696D5333000000000B
:102BF000533373347377697463686564000000004D
:102C0000303231430000000045787452656C6179C0
:102C10000000000030383236000000004D6F64655F
:102C20004170706C690000005F41636344656653E6
:102C30006B6970007B224944223A2D312C22726547
:102C4000626F6F74223A312C224D4355223A226F23
:102C50007574206837222C2276657273696F6E2234
:102C60003A222573227D0A007B224944223A2D31E3
:102C70002C227265626F6F74223A302C224D4355BC
:102C8000223A226F7574206837222C22766572737F
:102C9000696F6E223A222573227D0A00554E4B0041
:102CA00050494E007C257300424F52005346540059
:102CB00049574447000000005757444700000000B0
:102CC0004C505752000000006E6F6E65000000000F
:102CD0007B224944223A2D33312C2252223A22259A
:102CE00073222C2246223A222573222C2253223A86
:102CF00025752C224D223A256C752C225043223A00
:102D0000222530386C58222C224C52223A2225306F
:102D1000386C58222C2243223A222530386C582213
:102D20002C2248223A222530386C58222C224D4D34
:102D3000223A222530386C58222C2242223A22256F
:102D400030386C58227D0A007B224944223A2D33C8
:102D5000312C2252223A222573222C2246223A2258
:102D60002573222C2253223A25752C224D223A25F6
:102D70006C757D0A00000000504F520048415244DB
:102D8000000000004D454D0042555300555341474A
:102D9000450000004E4D4900455252007B224944F7
:102DA000223A2D33332C226964223A25752C226471
:102DB0006576696365223A22736E78222C224E6111
:102DC0006D65223A0000000064657461696C735F90
:102DD0000000000062617369635F737472696E67FB
:102DE0003A3A617070656E64000000005C753030C6
:102DF000000000002C2267656E7265223A00000018
:102E0000252E2A66000000002C2273636F72655F16
:102E10006E69676874223A002C2273636F72655F73
:102E2000646179223A0000002C2273636F72655F3F
:102E30007765696768746564223A00002C226E6FBA
:102E400074655F6E69676874223A00002C226E6FA9
:102E500074655F646179223A000000002C226E6F75
:102E600074655F676C6F62616C223A002C2273613B
:102E700076696E67223A00002C226E756D5F64657C
:102E800066726F7374223A256C752C22636F6E64C0
:102E90005F6E69676874223A000000007B22494433
:102EA000223A25642C22646576696365223A22738E
:102EB0006E78222C224E616D65223A222573222CD7
:102EC0002254595045223A22686973746F726971AD
:102ED0007565222C2244415441223A7B00000000B7
:102EE0007D2C2273636F72655F746F74616C223A1C
:102EF000252E3666000000002C226E6F74655F740C
:102F00006F74616C223A252E366600002C227363A2
:102F10006F72655F646179223A252E366600000083
:102F20002C226E6F74655F646179223A252E3666B5
:102F3000000000002C2273636F72655F6E69676822
:102F400074223A252E3666002C226E6F74655F6EF1
:102F500069676874223A252E366600002C22636F5A
:102F60006E645F6E69676874223A222573220000DE
:102F70002C22637574696E5F646179223A252E3163
:102F8000660000002C22637574696E5F6E69676865
:102F900074223A252E3166002C226375746F757485
:102FA0005F646179223A252E316600002C22637518
:102FB000746F75745F6E69676874223A252E316686
:102FC000000000002C226E756D5F646566726F7381
:102FD00074223A256C7500002C22746F74616C2287
:102FE0003A256C75000000002C227469636B223A4C
:102FF000256C75002C22636F7574223A252E366677
:1030000000000000222564223A256C7500000000B3
:103010002C222564223A256C750000007B2249444D
:10302000223A2D33322C22537461746973746963AC
:10303000456C656D656E74223A256C757D0A0000DD
:1030400073696D752000000053494D552000000044
:1030500062617369635F737472696E673A3A73751C
:10306000627374720000000025733A205F5F706F16
:10307000732028776869636820697320257A752929
:10308000203E20746869732D3E73697A6528292073
:1030900028776869636820697320257A752900009C
:1030A0006F7569006E6F6E0063616E6E6F74206382
:1030B0007265617465207374643A3A766563746FFF
:1030C00072206C6172676572207468616E206D6138
:1030D000785F73697A65282900000000223A5B0056
:1030E0007B224E616D65223A22000000222C227361
:1030F000636F7265223A0000252E346600000000DE
:103100007D0000005D0000007B224944223A2D3200
:10311000352C224E616D65223A22736E785F636FA3
:103120006E666967222C2276697472696E652B223D
:103130003A7B226F7576657274223A25642C22667A
:1031400065726D65223A25647D2C226E625F766918
:103150007472696E652D223A25642C226261632B9C
:10316000223A7B226F7576657274223A25642C228E
:103170006665726D65223A25647D2C226E625F62FF
:1031800061632D223A25642C226E625F43462B2216
:103190003A25642C226E625F43462D223A25642C28
:1031A00022636F6E645F6E696768745F43462B22AB
:1031B0003A256C752C22636F6E645F6E6967687464
:1031C0005F43462D223A256C752C22636F6E645F37
:1031D0006E696768745F76697472696E652B223AEE
:1031E000256C752C22636F6E645F6E696768745F0F
:1031F00076697472696E652D223A256C752C22638E
:103200006F6E645F6E696768745F6261632B223AF8
:10321000256C752C22636F6E645F6E696768745FDE
:103220006261632D223A256C757D0A007B22494438
:10323000223A2D32362C224E616D65223A22736E6F
:10324000785F766F6C756D65222C22746F74616C7B
:103250005F766F6C756D65223A256C752C22766FE2
:103260006C756D652B223A256C752C22766F6C750A
:103270006D652D223A256C752C22766F6C756D6507
:10328000223A7B2276697472696E652B223A256C2C
:10329000752C2276697472696E652D223A256C75DB
:1032A0002C226261632B223A256C752C22626163A9
:1032B0002D223A256C752C2243462B223A256C751B
:1032C0002C2243462D223A256C757D7D0A00000094
:1032D0007B224944223A2D32372C22646576696379
:1032E00065223A22736E78222C224E616D65223A55
:1032F0002272616E6B696E67222C225459504522EE
:103300003A2272616E6B696E67222C2244415441ED
:10331000223A7B007D7D0A007B224944223A2D32ED
:10332000382C22646576696365223A22736E7822AE
:103330002C224E616D65223A22636F75745F67724D
:103340006F75706573222C2254595045223A2263BE
:103350006F7574222C22636F75745F63662B223A3B
:10336000252E32662C22636F75745F63662D223AB8
:10337000252E32662C22636F75745F7669747269CC
:103380006E652B223A252E32662C22636F75745F90
:1033900076697472696E652D223A252E32662C226A
:1033A000636F75745F6261632B223A252E32662C3F
:1033B00022636F75745F6261632D223A252E326637
:1033C0002C22636F75745F706F73223A252E3266FC
:1033D0002C22636F75745F6E6567223A252E326604
:1033E0002C22636F75745F746F74616C223A252EA2
:1033F00032667D0A000000007B224944223A2D32C9
:10340000392C22646576696365223A22736E7822CC
:103410002C224E616D65223A2267726F75705F7360
:10342000636F7265732200002C2273636F72655F95
:1034300000000000226E6F6E220000007B224944D3
:10344000223A2D33302C22646576696365223A2254
:10345000736E78222C224E616D65223A2272616E63
:103460006B696E67222C2254595045223A227261B0
:103470006E6B696E67220000756E6B6E6F776E0003
:10348000666C61736800000068656C700000000085
:103490007B224944223A2D333530302C224E616D47
:1034A00065223A22666C6173685F68656C70222CD5
:1034B00022636F6D6D616E6473223A22666C617374
:1034C0006820736C6F74737C666C617368207379A9
:1034D0006E63203C6275733E205B74696D656F7529
:1034E000745F6D735D7C666C61736820777269745C
:1034F00065203C6275733E205B736C6F745D7C6607
:103500006C617368206A756D70203C6275733E2231
:103510002C226E6F7465223A22736C6F74206F6D6B
:103520006974746564206D65616E732074686520CC
:1035300072656164792073746167656420696D6187
:10354000676520666F722074686174206275732CE1
:10355000206F746865727769736520612067656E96
:10356000657269632073746167656420696D616762
:1035700065206973207573656420696620617661D2
:10358000696C61626C65227D0A000000736C6F7467
:10359000730000007B224944223A2D333530302C11
:1035A000224E616D65223A22666C6173685F736CAE
:1035B0006F74222C22736C6F74223A25752C226250
:1035C0007573223A25752C227265616479223A2539
:1035D000752C2273697A65223A256C752C226372E8
:1035E000633332223A256C757D0A00007B22494400
:1035F000223A2D333530312C224E616D65223A222C
:10360000666C6173685F6572726F72222C226572DC
:10361000726F72223A22696E76616C69645F6275BC
:1036200073227D0A0000000073796E6300000000C1
:103630007B224944223A2D333530312C224E616DA4
:1036400065223A22666C6173685F6572726F7222DE
:103650002C226572726F72223A22696E76616C69F1
:10366000645F74696D656F7574222C2262757322B4
:103670003A25757D0A0000007B224944223A2D3309
:103680003530322C224E616D65223A22666C6173B0
:10369000685F73796E63222C22627573223A2575F6
:1036A0002C22737461747573223A222573227D0A69
:1036B0000000000077726974650000007B224944B5
:1036C000223A2D333530312C224E616D65223A225B
:1036D000666C6173685F6572726F72222C2265720C
:1036E000726F72223A22696E76616C69645F736CE4
:1036F0006F74222C22627573223A25757D0A0000B0
:103700007B224944223A2D333530312C224E616DD3
:1037100065223A22666C6173685F6572726F72220D
:103720002C226572726F72223A22736C6F745F6E14
:103730006F745F7265616479222C22627573223A1C
:1037400025757D0A000000007B224944223A2D3372
:103750003530312C224E616D65223A22666C6173E0
:10376000685F6572726F72222C226572726F7222AC
:103770003A2277726974655F6661696C6564222CB0
:1037800022627573223A25752C22736C6F74223A6B
:1037900025752C22737461747573223A2225732265
:1037A0007D0A00007B224944223A2D333530342CE7
:1037B000224E616D65223A22666C6173685F777292
:1037C000697465222C22627573223A25752C227346
:1037D0006C6F74223A25752C227374617475732290
:1037E0003A226F6B227D0A006A756D70000000003E
:1037F0007B224944223A2D333530352C224E616DDF
:1038000065223A22666C6173685F6A756D70222C5E
:1038100022627573223A25752C2273746174757354
:10382000223A222573227D0A000000007B224944AF
:10383000223A2D333530312C224E616D65223A22E9
:10384000666C6173685F6572726F72222C2265729A
:10385000726F72223A22756E6B6E6F776E5F636F56
:103860006D6D616E64222C22636F6D6D616E6422DA
:103870003A222573227D0A006F6B00006572726F19
:1038800072000000627573790000000074696D6554
:103890006F757400686F6C6400000000737461726F
:1038A0007400000076000000225C2F62666E727465
:1038B0000000000076657273696F6E007B224330F2
:1038C00033312D31223A222573222C2243303331D9
:1038D0002D32223A222573222C22433033312D33CC
:1038E000223A222573222C224837223A222573229B
:1038F0007D0A0000B88C0024B88A0024B88800240F
:103900001821002480200024E81F00244A5542008A
:10391000C4EE050868F5050870E9050846000000D2
:10392000CDCCCC3DC4EE050870F5050834ED050896
:1039300046000000CDCCCC3DC4EE050878F5050866
:1039400080F5050846000000CDCCCC3DC4EE05084E
:103950008CF5050894F5050846000000CDCCCC3D5B
:10396000C4EE0508A0F50508A8F505084600000006
:10397000CDCCCC3DC4EE0508B4F50508BCF5050872
:10398000490000000000803FC4EE0508C8F50508A6
:10399000D0F5050846000000CDCCCC3DC4EE0508AE
:1039A000DCF50508E4F5050846000000CDCCCC3D6B
:1039B000C4EE0508F0F50508F8F505084900000013
:1039C0000000803FC4EE050804F605080CF6050863
:1039D000490000000000803FC4EE050818F6050805
:1039E00020F60508490000000000803FC4EE0508ED
:1039F00030F6050838F60508490000000000803F51
:103A0000C4EE050840F6050848F605084900000020
:103A10000000803FC4EE050854F605085CF6050872
:103A200046000000CDCCCC3DC4EE050868F6050884
:103A300070F60508420000000000803FC4EE050853
:103A400080F6050888F6050846000000CDCCCC3D80
:103A5000C4EE050890F6050898F605084600000033
:103A6000CDCCCC3DC4EE0508A4F60508ACF605089F
:103A7000490000000000803FC4EE0508B8F60508C4
:103A8000C0F60508490000000000803FC4EE0508AC
:103A9000CCF60508D4F60508490000000000803F78
:103AA000C4EE0508E0F60508E8F605084600000043
:103AB000CDCCCC3DC4EE0508F4F60508FCF60508AF
:103AC000490000000000803FC4EE050808F7050823
:103AD00010F70508490000000000803FC4EE05080B
:103AE0001CF7050824F70508490000000000803F86
:103AF000C4EE050830F7050838F70508490000004E
:103B00000000803FC4EE050844F705084CF705089F
:103B100046000000CDCCCC3DC4EE05085CF705089E
:103B200064F70508490000000000803FC4EE050866
:103B300070F7050878F70508490000000000803F8D
:103B4000C4EE050888F7050890F70508490000004D
:103B50000000803FC4EE05089CF70508A4F705089F
:103B600046000000CDCCCC3DC4EE0508ACF70508FE
:103B7000B4F70508420000000000803FC4EE0508CD
:103B8000C0F70508C8F70508490000000000803F9D
:103B9000C4EE0508D4F70508DCF705084900000065
:103BA0000000803FC4EE0508E8F70508F0F70508B7
:103BB000490000000000803FC4EE0508F8F7050842
:103BC00000F80508420000000000803FC4EE050830
:103BD00008F8050810F80508420000000000803FC2
:103BE000C4EE05081CF8050824F80508420000008A
:103BF0000000803FC4EE050834F805083CF80508CD
:103C0000460000000000803FC4EE050848F80508A3
:103C100050F80508490000000000803FC4EE050888
:103C20005CF8050864F80508490000000000803FC2
:103C3000C4EE05086CF8050874F805084900000092
:103C40000000803FC4EE05087CF8050884F80508EC
:103C5000490000000000803FC4EE05088CF805080C
:103C600094F80508490000000000803FC4EE0508F4
:103C70009CF80508A4F80508490000000000803FF2
:103C8000C4EE0508ACF80508B4F8050849000000C2
:103C90000000803FC4EE0508BCF80508C4F805081C
:103CA000490000000000803FC4EE0508CCF805087C
:103CB000D4F80508490000000000803FC4EE050864
:103CC000DCF80508E4F80508490000000000803F22
:103CD000C4EE0508ECF80508F4F8050849000000F2
:103CE0000000803FC4EE0508FCF8050804F905084B
:103CF000490000000000803FC4EE05080CF90508EB
:103D000014F90508490000000000803FC4EE0508D2
:103D10001CF9050824F9050846000000CDCCCC3D6F
:103D2000C4EE050830F9050838F905084900000017
:103D30000000803FC4EE050848F9050850F9050861
:103D4000490000000000803FC4EE05085CF905084A
:103D500064F90508490000000000803FC4EE050832
:103D60006CF9050874F90508490000000000803F5F
:103D7000C4EE050880F9050888F905084900000027
:103D80000000803FC4EE050894F905089CF9050879
:103D9000420000000000803FC4EE0508A8F90508B5
:103DA000B0F90508490000000000803FC4EE050896
:103DB000BCF9050858E90508490000000000803FEB
:103DC000C4EE0508C4F90508CCF90508490000004F
:103DD0000000803FC4EE0508D8F90508E0F90508A1
:103DE000490000000000803FC4EE0508E8F905081E
:103DF000F0F90508490000000000803FC4EE050806
:103E000000FA050808FA0508490000000000803F94
:103E1000C4EE050814FA05081CFA0508490000005C
:103E20000000803FC4EE050824FA05082CFA0508B6
:103E3000420000000000803FC4EE05083CFA05087F
:103E400044FA050846000000CDCCCC3DC4EE050880
:103E500054FA05085CFA050846000000CDCCCC3DBC
:103E6000C4EE05086CFA050874FA05084200000063
:103E70000000803FC4EE050880FA050888FA0508AE
:103E8000490000000000803FC4EE050894FA0508D0
:103E90009CFA0508490000000000803FC4EE0508B8
:103EA000A8FA0508B0FA0508490000000000803FA4
:103EB000C4EE0508BCFA0508C4FA05084200000073
:103EC0000000803FC4EE0508D0FA0508D8FA0508BE
:103ED000490000000000803FC4EE0508E4FA050830
:103EE000ECFA0508490000000000803FC4EE050818
:103EF000F8FA050800FB0508490000000000803FB3
:103F0000C4EE05080CFB050814FB05084900000079
:103F10000000803FC4EE050824FB05082CFB0508C3
:103F2000490000000000803FC4EE050838FB05088A
:103F300040FB0508490000000000803FC4EE050872
:103F40004CFB050854FB0508490000000000803FB9
:103F5000C4EE050860FB050868FB05084900000081
:103F60000000803FC4EE050874FB05087CFB0508D3
:103F7000490000000000803FC4EE050888FB0508EA
:103F800090FB050846000000CDCCCC3DC4EE0508F2
:103F90009CFB0508A4FB0508490000000000803FC9
:103FA000C4EE0508B0FB0508B8FB05084200000098
:103FB0000000803FC4EE0508C4FB0508CCFB0508E3
:103FC000420000000000803FC4EE0508D8FB050851
:103FD000E0FB0508420000000000803FC4EE050839
:103FE000ECFB0508F4FB0508490000000000803FD9
:103FF000C4EE0508FCFB050804FC050846000000AB
:10400000CDCCCC3DC4EE050810FC050818FC050815
:1040100046000000CDCCCC3DC4EE050824FC0508CC
:104020007CE9050846000000CDCCCC3DC4EE050877
:104030002CFC050834FC0508420000000000803F0D
:10404000C4EE050840FC050848FC050846000000D1
:10405000CDCCCC3DC4EE050858FC050860FC050835
:1040600046000000CDCCCC3DC4EE05086CFC050834
:1040700074FC050846000000CDCCCC3DC4EE05081C
:104080007CFC050884FC050846000000CDCCCC3D36
:10409000C4EE05088CFC050894FC050849000000E6
:1040A0000000803FC4EE0508A0FC0508A8FC050838
:1040B000420000000000803FC4EE0508B4FC050883
:1040C000BCFC050846000000CDCCCC3DC4EE050884
:1040D000C8FC0508D0FC050846000000CDCCCC3D4E
:1040E000C4EE0508DCFC0508E4FC050849000000F6
:1040F0000000803FC4EE0508F0FC0508F8FC050848
:10410000490000000000803FC4EE050804FD0508DA
:104110000CFD050846000000CDCCCC3DC4EE0508E2
:1041200014FD05081CFD0508420000000000803F4A
:10413000C4EE050828FD050830FD0508460000000E
:10414000CDCCCC3DC4EE05083CFD050844FD05087A
:1041500046000000CDCCCC3DC4EE050850FD05085E
:1041600058FD0508420000000000803FC4EE05082D
:1041700064FD05086CFD0508420000000000803F5A
:10418000C4EE050878FD050880FD0508490000001B
:104190000000803FC4EE05088CFD050894FD05086D
:1041A000420000000000803FC4EE0508A0FD0508A5
:1041B00064E9050846000000CDCCCC3DC4EE0508FE
:1041C000A8FD050870E9050846000000CDCCCC3DEF
:1041D000C4EE0508B0FD0508B8FD0508490000005B
:1041E0000000803FC4EE0508C0FD0508C8FD0508B5
:1041F00046000000CDCCCC3DC4EE0508D4FD05083A
:10420000DCFD050846000000CDCCCC3DC4EE050821
:10421000E8FD0508F0FD0508490000000000803FAA
:10422000C4EE0508F8FD050800FE05084900000079
:104230000000803FC4EE05080CFE050814FE0508CA
:10424000490000000000803FC4EE050820FE05087C
:1042500028FE0508490000000000803FC4EE050864
:104260002CFE050834FE050846000000CDCCCC3DF0
:10427000C4EE050840FE050848FE0508460000009B
:10428000CDCCCC3DC4EE050850FE050858FE05080F
:1042900046000000CDCCCC3DC4EE050860FE05080C
:1042A00068FE050846000000CDCCCC3DC4EE0508F4
:1042B00070FE050878FE0508490000000000803FF8
:1042C000C4EE050884FE05088CFE050849000000C0
:1042D0000000803FC4EE050898FE0508A0FE050812
:1042E00046000000CDCCCC3DC4EE0508AC2B060842
:1042F000A8FE050846000000CDCCCC3DC4EE050864
:104300001C0F0608B0FE0508420000000000803FB8
:10431000C4EE0508BCFE0508C4FE05084200000006
:104320000000803FC4EE0508D0FE0508D8FE050851
:10433000490000000000803FC4EE0508E4FE0508C7
:10434000ECFE0508490000000000803FC4EE0508AF
:10435000F8FE050800FF050846000000CDCCCC3D66
:10436000C4EE05080CFF050814FF0508490000000D
:104370000000803FC4EE050820FF050828FF05085F
:10438000490000000000803FC4EE050834FF050826
:104390003CFF0508490000000000803FC4EE05080E
:1043A00048FF050850FF050846000000CDCCCC3D75
:1043B000C4EE05085CFF050864FF05084600000020
:1043C000CDCCCC3DC4EE050870FF050878FF05088C
:1043D00046000000CDCCCC3DC4EE050884FF0508A6
:1043E0008CFF050846000000CDCCCC3DC4EE05088E
:1043F00098FF0508A0FF050846000000CDCCCC3D85
:10440000C4EE0508ACFF0508B4FF0508460000002F
:10441000CDCCCC3DC4EE0508C0FF0508C8FF05089B
:1044200046000000CDCCCC3DC4EE0508D4FF050805
:10443000DCFF050846000000CDCCCC3DC4EE0508ED
:10444000E8FF0508F0FF0508490000000000803F74
:10445000C4EE0508FCFF050804000608490000003A
:104460000000803FC4EE050810000608180006088A
:10447000490000000000803FC4EE05082400060843
:104480002C000608490000000000803FC4EE05082B
:104490003800060840000608490000000000803F80
:1044A000C4EE05084C00060854000608420000004F
:1044B0000000803FC4EE050860000608680006089A
:1044C000420000000000803FC4EE050874000608AA
:1044D0007C000608420000000000803FC4EE050892
:1044E000840006088C000608420000000000803F9F
:1044F000C4EE050898000608A00006084200000067
:104500000000803FC4EE0508AC000608B4000608B1
:10451000420000000000803FC4EE0508C00006080D
:10452000C8000608420000000000803FC4EE0508F5
:10453000D4000608DC000608420000000000803FAE
:10454000C4EE0508E8000608F00006084200000076
:104550000000803FC4EE0508FC00060804010608C0
:10456000420000000000803FC4EE0508100106086C
:1045700018010608420000000000803FC4EE050854
:10458000240106082C010608420000000000803FBC
:10459000C4EE05083C01060844010608420000007C
:1045A0000000803FC4EE0508540106085C010608BF
:1045B000420000000000803FC4EE05086C010608C0
:1045C00074010608420000000000803FC4EE0508A8
:1045D000840106088C010608420000000000803FAC
:1045E000C4EE050898010608A00106084200000074
:1045F0000000803FC4EE0508B0010608B8010608B7
:10460000420000000000803FC4EE0508C401060817
:10461000CC010608420000000000803FC4EE0508FF
:10462000D8010608E0010608420000000000803FB3
:10463000C4EE0508F0010608F80106084200000073
:104640000000803FC4EE0508E02A060808020608BC
:10465000420000000000803FC4EE05081402060876
:104660001C020608420000000000803FC4EE05085E
:104670002802060830020608420000000000803FC1
:10468000C4EE050840020608480206084200000081
:104690000000803FC4EE05085802060860020608C4
:1046A000420000000000803F60EF050868F5050843
:1046B00070E9050846000000CDCCCC3D60EF050850
:1046C00070F5050834ED050846000000CDCCCC3D62
:1046D00060EF050878F5050880F50508460000003C
:1046E000CDCCCC3D60EF05088CF5050894F50508A8
:1046F00046000000CDCCCC3D60EF0508A0F50508D4
:10470000A8F5050846000000CDCCCC3D60EF0508BB
:10471000B4F50508BCF50508490000000000803F1D
:1047200060EF0508C8F50508D0F50508460000004B
:10473000CDCCCC3D60EF0508DCF50508E4F50508B7
:1047400046000000CDCCCC3D60EF0508F0F5050833
:10475000F8F50508490000000000803F60EF0508FB
:1047600004F605080CF60508490000000000803F2B
:1047700060EF050818F6050820F605084900000056
:104780000000803F60EF050830F6050838F60508A0
:10479000490000000000803F60EF050840F6050872
:1047A00048F60508490000000000803F60EF05085A
:1047B00054F605085CF6050846000000CDCCCC3D5B
:1047C00060EF050868F6050870F60508420000006D
:1047D0000000803F60EF050880F6050888F60508B0
:1047E00046000000CDCCCC3D60EF050890F60508F2
:1047F00098F6050846000000CDCCCC3D60EF0508DA
:10480000A4F60508ACF60508490000000000803F4A
:1048100060EF0508B8F60508C0F605084900000075
:104820000000803F60EF0508CCF60508D4F60508C7
:10483000490000000000803F60EF0508E0F6050831
:10484000E8F6050846000000CDCCCC3D60EF050839
:10485000F4F60508FCF60508490000000000803F5A
:1048600060EF050808F7050810F705084900000083
:104870000000803F60EF05081CF7050824F70508D5
:10488000490000000000803F60EF050830F7050890
:1048900038F70508490000000000803F60EF050878
:1048A00044F705084CF7050846000000CDCCCC3D88
:1048B00060EF05085CF7050864F70508490000008B
:1048C0000000803F60EF050870F7050878F70508DD
:1048D000490000000000803F60EF050888F70508E8
:1048E00090F70508490000000000803F60EF0508D0
:1048F0009CF70508A4F7050846000000CDCCCC3D88
:1049000060EF0508ACF70508B4F7050842000000A1
:104910000000803F60EF0508C0F70508C8F70508EC
:10492000490000000000803F60EF0508D4F705084B
:10493000DCF70508490000000000803F60EF050833
:10494000E8F70508F0F70508490000000000803F7F
:1049500060EF0508F8F7050800F8050842000000B8
:104960000000803F60EF050808F8050810F805080A
:10497000420000000000803F60EF05081CF80508B9
:1049800024F80508420000000000803F60EF0508A1
:104990005CF8050864F80508490000000000803F45
:1049A00060EF05086CF8050874F805084900000078
:1049B0000000803F60EF05087CF8050884F80508D2
:1049C000490000000000803F60EF05088CF80508F2
:1049D00094F80508490000000000803F60EF0508DA
:1049E0009CF80508A4F80508490000000000803F75
:1049F00060EF0508ACF80508B4F8050849000000A8
:104A00000000803F60EF0508BCF80508C4F8050801
:104A1000490000000000803F60EF0508CCF8050861
:104A2000D4F80508490000000000803F60EF050849
:104A3000DCF80508E4F80508490000000000803FA4
:104A400060EF0508ECF80508F4F8050849000000D7
:104A50000000803F60EF0508FCF8050804F9050830
:104A6000490000000000803F60EF05080CF90508D0
:104A700014F90508490000000000803F60EF0508B8
:104A80001CF9050824F9050846000000CDCCCC3DF2
:104A900060EF050830F9050838F9050849000000FD
:104AA0000000803F60EF050848F9050850F9050847
:104AB000490000000000803F60EF05085CF9050830
:104AC00064F90508490000000000803F60EF050818
:104AD0006CF9050874F90508490000000000803FE2
:104AE00060EF050880F9050888F90508490000000D
:104AF0000000803F60EF050894F905089CF905085F
:104B0000420000000000803F60EF0508A8F905089A
:104B1000B0F90508490000000000803F60EF05087B
:104B2000BCF9050858E90508490000000000803F6D
:104B300060EF0508C4F90508CCF905084900000034
:104B40000000803F60EF0508D8F90508E0F9050886
:104B5000490000000000803F60EF0508E8F9050803
:104B6000F0F90508490000000000803F60EF0508EB
:104B700000FA050808FA0508490000000000803F17
:104B800060EF050814FA05081CFA05084900000042
:104B90000000803F60EF050824FA05082CFA05089C
:104BA000420000000000803F60EF05083CFA050865
:104BB00044FA050846000000CDCCCC3D60EF050866
:104BC00054FA05085CFA050846000000CDCCCC3D3F
:104BD00060EF05086CFA050874FA05084200000049
:104BE0000000803F60EF050880FA050888FA050894
:104BF000490000000000803F60EF050894FA0508B6
:104C00009CFA0508490000000000803F60EF05089D
:104C1000A8FA0508B0FA0508490000000000803F26
:104C200060EF0508BCFA0508C4FA05084200000058
:104C30000000803F60EF0508D0FA0508D8FA0508A3
:104C4000490000000000803F60EF0508E4FA050815
:104C5000ECFA0508490000000000803F60EF0508FD
:104C6000F8FA050800FB0508490000000000803F35
:104C700060EF05080CFB050814FB0508490000005F
:104C80000000803F60EF050824FB05082CFB0508A9
:104C9000490000000000803F60EF050838FB050870
:104CA00040FB0508490000000000803F60EF050858
:104CB0004CFB050854FB0508490000000000803F3C
:104CC00060EF050860FB050868FB05084900000067
:104CD0000000803F60EF050874FB05087CFB0508B9
:104CE000490000000000803F60EF050888FB0508D0
:104CF00090FB050846000000CDCCCC3D60EF0508D8
:104D00009CFB0508A4FB0508490000000000803F4B
:104D100060EF0508B0FB0508B8FB0508420000007D
:104D20000000803F60EF0508C4FB0508CCFB0508C8
:104D3000420000000000803F60EF0508D8FB050836
:104D4000E0FB0508420000000000803F60EF05081E
:104D5000ECFB0508F4FB0508490000000000803F5B
:104D600060EF0508FCFB050804FC05084600000090
:104D7000CDCCCC3D60EF050810FC050818FC0508FB
:104D800046000000CDCCCC3D60EF050824FC0508B2
:104D90007CE9050846000000CDCCCC3D60EF05085D
:104DA0002CFC050834FC0508420000000000803F90
:104DB00060EF050840FC050848FC050846000000B7
:104DC000CDCCCC3D60EF050858FC050860FC05081B
:104DD00046000000CDCCCC3D60EF05086CFC05081A
:104DE00074FC050846000000CDCCCC3D60EF050802
:104DF0007CFC050884FC050846000000CDCCCC3DB9
:104E000060EF05088CFC050894FC050849000000CB
:104E10000000803F60EF0508A0FC0508A8FC05081D
:104E2000420000000000803F60EF0508B4FC050868
:104E3000BCFC050846000000CDCCCC3D60EF050869
:104E4000C8FC0508D0FC050846000000CDCCCC3DD0
:104E500060EF0508DCFC0508E4FC050849000000DB
:104E60000000803F60EF0508F0FC0508F8FC05082D
:104E7000490000000000803F60EF050804FD0508C0
:104E80000CFD050846000000CDCCCC3D60EF0508C8
:104E900014FD05081CFD0508420000000000803FCD
:104EA00060EF050828FD050830FD050846000000F4
:104EB000CDCCCC3D60EF05083CFD050844FD050860
:104EC00046000000CDCCCC3D60EF050850FD050844
:104ED00058FD0508420000000000803F60EF050813
:104EE00064FD05086CFD0508420000000000803FDD
:104EF00060EF050878FD050880FD05084900000001
:104F00000000803F60EF05088CFD050894FD050852
:104F1000420000000000803F60EF0508A0FD05088A
:104F200064E9050846000000CDCCCC3D60EF0508E3
:104F3000A8FD050870E9050846000000CDCCCC3D71
:104F400060EF0508B0FD0508B8FD05084900000040
:104F50000000803F60EF0508C0FD0508C8FD05089A
:104F600046000000CDCCCC3D60EF0508D4FD05081F
:104F7000DCFD050846000000CDCCCC3D60EF050807
:104F8000E8FD0508F0FD0508490000000000803F2D
:104F900060EF050820FE050828FE0508490000000E
:104FA0000000803F60EF05082CFE050834FE050870
:104FB00046000000CDCCCC3D60EF050840FE050862
:104FC00048FE050846000000CDCCCC3D60EF05084A
:104FD00050FE050858FE050846000000CDCCCC3D2B
:104FE00060EF050860FE050868FE05084600000041
:104FF000CDCCCC3D60EF050870FE050878FE0508B5
:10500000490000000000803F60EF050884FE0508AD
:105010008CFE0508490000000000803F60EF050895
:1050200098FE0508A0FE050846000000CDCCCC3D4A
:1050300060EF0508AC2B0608A8FE05084600000036
:10504000CDCCCC3D60EF05081C0F0608B0FE05086E
:10505000420000000000803F60EF0508BCFE05082C
:10506000C4FE0508420000000000803F60EF050814
:10507000D0FE0508D8FE0508490000000000803F6A
:1050800060EF0508E4FE0508ECFE05084900000095
:105090000000803F60EF0508F8FE050800FF0508E6
:1050A00046000000CDCCCC3D60EF05080CFF0508A4
:1050B00014FF0508490000000000803F60EF05086C
:1050C00020FF050828FF0508490000000000803F78
:1050D00060EF050834FF05083CFF050849000000A3
:1050E0000000803F60EF050848FF050850FF0508F5
:1050F00046000000CDCCCC3D60EF05085CFF050804
:1051000064FF050846000000CDCCCC3D60EF0508EB
:1051100070FF050878FF050846000000CDCCCC3DA7
:1051200060EF050884FF05088CFF050846000000B5
:10513000CDCCCC3D60EF050898FF0508A0FF050821
:1051400046000000CDCCCC3D60EF0508ACFF050863
:10515000B4FF050846000000CDCCCC3D60EF05084B
:10516000C0FF0508C8FF050846000000CDCCCC3DB7
:1051700060EF0508D4FF0508DCFF050846000000C5
:10518000CDCCCC3D60EF0508E8FF0508F0FF050831
:10519000490000000000803F60EF0508FCFF0508A3
:1051A00004000608490000000000803F60EF050889
:1051B0001000060818000608490000000000803FA3
:1051C00060EF0508240006082C00060849000000CE
:1051D0000000803F60EF0508380006084000060820
:1051E000490000000000803F60EF05084C00060801
:1051F00054000608420000000000803F60EF0508F0
:105200006000060868000608420000000000803FB9
:1052100060EF0508740006087C00060842000000E4
:105220000000803F60EF0508840006086C02060855
:10523000420000000000803F60EF0508980006086B
:105240008C000608420000000000803F60EF050867
:10525000AC000608A0000608420000000000803FE5
:1052600060EF0508C0000608B40006084200000010
:105270000000803F60EF0508D4000608C80006085B
:10528000420000000000803F60EF0508E8000608CB
:10529000DC000608420000000000803F60EF0508C7
:1052A000FC000608F0000608420000000000803FF5
:1052B00060EF05081001060804010608420000001E
:1052C0000000803F60EF0508240106081801060869
:1052D000420000000000803F60EF05083C01060826
:1052E0002C010608420000000000803F60EF050826
:1052F0005401060844010608420000000000803FF7
:1053000060EF05086C0106085C0106084200000019
:105310000000803F60EF050884010608740106085C
:10532000420000000000803F60EF05089801060879
:105330008C010608420000000000803F60EF050875
:10534000B0010608A0010608420000000000803FEE
:1053500060EF0508C4010608B80106084200000015
:105360000000803F60EF0508D8010608CC01060860
:10537000420000000000803F60EF0508F0010608D1
:10538000E0010608420000000000803F60EF0508D1
:10539000E02A0608F8010608420000000000803FED
:1053A00060EF050814020608080206084200000023
:1053B0000000803F60EF0508280206081C0206086E
:1053C000420000000000803F60EF05084002060830
:1053D00030020608420000000000803F60EF050830
:1053E0005802060848020608420000000000803FFC
:1053F0000CF0050868F5050870E90508460000008E
:10540000CDCCCC3D0CF0050870F5050834ED050851
:1054100046000000CDCCCC3D0CF0050878F5050821
:1054200080F5050846000000CDCCCC3D0CF0050809
:105430008CF5050894F5050846000000CDCCCC3D60
:105440000CF00508A0F50508A8F5050846000000C1
:10545000CDCCCC3D0CF00508B4F50508BCF505082D
:10546000490000000000803F0CF00508C8F5050861
:10547000D0F5050846000000CDCCCC3D0CF0050869
:10548000DCF50508E4F5050846000000CDCCCC3D70
:105490000CF00508F0F50508F8F5050849000000CE
:1054A0000000803F0CF0050804F605080CF605081E
:1054B000490000000000803F0CF0050818F60508C0
:1054C00020F60508490000000000803F0CF00508A8
:1054D00030F6050838F60508490000000000803F56
:1054E0000CF0050840F6050848F6050849000000DC
:1054F0000000803F0CF0050854F605085CF605082E
:1055000046000000CDCCCC3D0CF0050868F605083F
:1055100070F60508420000000000803F0CF005080E
:1055200080F6050888F6050846000000CDCCCC3D85
:105530000CF0050890F6050898F6050846000000EE
:10554000CDCCCC3D0CF00508780206088002060898
:10555000490000000000803F0CF00508A4F6050893
:10556000ACF60508490000000000803F0CF005087B
:10557000B8F60508C0F60508490000000000803FA5
:105580000CF00508CCF60508D4F605084900000023
:105590000000803F0CF00508E0F60508E8F6050875
:1055A00046000000CDCCCC3D0CF00508F4F6050813
:1055B000FCF60508490000000000803F0CF00508DB
:1055C00008F7050810F70508490000000000803FB3
:1055D0000CF005081CF7050824F705084900000031
:1055E0000000803F0CF0050830F7050838F7050883
:1055F000490000000000803F0CF0050844F7050852
:105600004CF7050846000000CDCCCC3D0CF0050859
:105610005CF7050864F70508490000000000803FBA
:105620000CF0050870F7050878F705084900000038
:105630000000803F0CF0050888F7050890F7050882
:10564000490000000000803F0CF005089CF70508A9
:10565000A4F7050846000000CDCCCC3D0CF00508B1
:10566000ACF70508B4F70508420000000000803FD1
:105670000CF00508C0F70508C8F705084900000048
:105680000000803F0CF00508D4F70508DCF705089A
:10569000490000000000803F0CF00508E8F705080D
:1056A000F0F70508490000000000803F0CF00508F5
:1056B00008F8050810F80508420000000000803FC7
:1056C0000CF005081CF8050824F805084200000045
:1056D0000000803F0CF0050834F805083CF8050888
:1056E000460000000000803F0CF0050848F805085F
:1056F00050F80508490000000000803F0CF0050844
:105700005CF8050864F80508490000000000803FC7
:105710000CF005086CF8050874F80508490000004D
:105720000000803F0CF005087CF8050884F80508A7
:10573000490000000000803F0CF005088CF80508C7
:1057400094F80508490000000000803F0CF00508AF
:105750009CF80508A4F80508490000000000803FF7
:105760000CF00508ACF80508B4F80508490000007D
:105770000000803F0CF00508BCF80508C4F80508D7
:10578000490000000000803F0CF00508CCF8050837
:10579000D4F80508490000000000803F0CF005081F
:1057A000DCF80508E4F80508490000000000803F27
:1057B0000CF00508ECF80508F4F8050849000000AD
:1057C0000000803F0CF00508FCF8050804F9050806
:1057D000490000000000803F0CF005080CF90508A6
:1057E00014F90508490000000000803F0CF005088E
:1057F0001CF9050824F9050846000000CDCCCC3D75
:105800000CF0050830F9050838F9050849000000D2
:105810000000803F0CF0050848F9050850F905081C
:10582000490000000000803F0CF005085CF9050805
:1058300064F90508490000000000803F0CF00508ED
:105840006CF9050874F90508490000000000803F64
:105850000CF0050880F9050888F9050849000000E2
:105860000000803F0CF0050894F905089CF9050834
:10587000420000000000803F0CF00508BCF905085C
:1058800058E90508490000000000803F0CF00508B9
:10589000C4F90508CCF90508490000000000803F64
:1058A0000CF00508D8F90508E0F9050849000000E2
:1058B0000000803F0CF00508E8F90508F0F905083C
:1058C000490000000000803F0CF0050800FA0508C0
:1058D00008FA0508490000000000803F0CF00508A8
:1058E00014FA05081CFA0508490000000000803F72
:1058F0000CF0050824FA05082CFA050842000000FF
:105900000000803F0CF005083CFA050844FA050841
:1059100046000000CDCCCC3D0CF0050854FA05083B
:105920005CFA050846000000CDCCCC3D0CF0050823
:105930006CFA050874FA0508420000000000803F78
:105940000CF0050880FA050888FA050849000000EF
:105950000000803F0CF0050894FA05089CFA050841
:10596000490000000000803F0CF00508A8FA050877
:10597000B0FA0508490000000000803F0CF005085F
:10598000BCFA0508C4FA0508420000000000803F88
:105990000CF00508D0FA0508D8FA050849000000FF
:1059A0000000803F0CF00508E4FA0508ECFA050851
:1059B000490000000000803F0CF00508F8FA0508D7
:1059C00000FB0508490000000000803F0CF00508BE
:1059D0000CFB050814FB0508490000000000803F8F
:1059E0000CF0050824FB05082CFB05084900000005
:1059F0000000803F0CF0050838FB050840FB050857
:105A0000490000000000803F0CF005084CFB050831
:105A100054FB0508490000000000803F0CF0050819
:105A200060FB050868FB0508490000000000803F96
:105A30000CF0050874FB05087CFB05084900000014
:105A40000000803F0CF0050888FB050890FB050866
:105A500046000000CDCCCC3D0CF005089CFB0508B1
:105A6000A4FB0508490000000000803F0CF0050879
:105A7000B0FB0508B8FB0508420000000000803FAD
:105A80000CF00508C4FB0508CCFB0508420000002B
:105A90000000803F0CF00508D8FB0508E0FB050876
:105AA000420000000000803F0CF00508ECFB0508F8
:105AB000F4FB0508490000000000803F0CF00508D9
:105AC000FCFB050804FC050846000000CDCCCC3DDD
:105AD0000CF0050810FC050818FC0508460000003D
:105AE000CDCCCC3D0CF0050824FC05087CE905086C
:105AF00046000000CDCCCC3D0CF005082CFC050880
:105B000034FC0508420000000000803F0CF005084E
:105B100040FC050848FC050846000000CDCCCC3D03
:105B20000CF0050858FC050860FC0508460000005C
:105B3000CDCCCC3D0CF005086CFC050874FC0508C8
:105B400046000000CDCCCC3D0CF005088CFC0508CF
:105B500094FC0508490000000000803F0CF0050897
:105B6000A0FC0508A8FC0508420000000000803FDA
:105B70000CF00508B4FC0508BCFC05084600000054
:105B8000CDCCCC3D0CF00508C8FC0508D0FC0508C0
:105B900046000000CDCCCC3D0CF00508DCFC05082F
:105BA000E4FC0508490000000000803F0CF00508F7
:105BB000F0FC0508F8FC0508490000000000803FE3
:105BC0000CF0050804FD05080CFD05084600000062
:105BD000CDCCCC3D0CF0050814FD05081CFD0508D6
:105BE000420000000000803F0CF0050828FD050879
:105BF00030FD050846000000CDCCCC3D0CF005087A
:105C00003CFD050844FD050846000000CDCCCC3D18
:105C10000CF0050850FD050858FD0508420000007D
:105C20000000803F0CF0050864FD05086CFD0508C8
:105C3000420000000000803F0CF0050878FD0508D8
:105C400080FD0508490000000000803F0CF00508B9
:105C50008CFD050894FD0508420000000000803F0F
:105C60000CF00508A0FD050864E9050846000000E1
:105C7000CDCCCC3D0CF00508A8FD050870E9050861
:105C800046000000CDCCCC3D0CF00508B0FD050869
:105C9000B8FD0508490000000000803F0CF0050831
:105CA000C0FD0508C8FD050846000000CDCCCC3D70
:105CB0000CF00508D4FD0508DCFD050846000000D1
:105CC000CDCCCC3D0CF00508E8FD0508F0FD05083D
:105CD000490000000000803F0CF00508F8FD0508B1
:105CE00000FE0508490000000000803F0CF0050898
:105CF0000CFE050814FE0508490000000000803F66
:105D00000CF005088C020608940206084200000008
:105D10000000803F0CF0050840FE050848FE05081D
:105D200046000000CDCCCC3D0CF0050850FE050827
:105D300058FE050846000000CDCCCC3D0CF005080F
:105D400084FE05088CFE0508490000000000803F25
:105D50000CF00508AC2B0608A8FE0508460000005C
:105D6000CDCCCC3D0CF005081C0F0608B0FE050894
:105D7000420000000000803F0CF00508BCFE050852
:105D8000C4FE0508420000000000803F0CF005083A
:105D90000CFF050814FF0508490000000000803FC3
:105DA0000CF0050820FF050828FF05084900000041
:105DB0000000803F0CF0050834FF05083CFF050893
:105DC000490000000000803F0CF0050848FF05086E
:105DD00050FF050846000000CDCCCC3D0CF0050876
:105DE0005CFF050864FF050846000000CDCCCC3DF3
:105DF0000CF0050870FF050878FF05084600000054
:105E0000CDCCCC3D0CF0050884FF05088CFF0508BF
:105E100046000000CDCCCC3D0CF0050898FF0508ED
:105E2000A0FF050846000000CDCCCC3D0CF00508D5
:105E3000ACFF0508B4FF050846000000CDCCCC3D02
:105E40000CF00508C0FF0508C8FF05084600000063
:105E5000CDCCCC3D0CF00508D4FF0508DCFF0508CF
:105E600046000000CDCCCC3D0CF00508E8FF05084D
:105E7000F0FF0508490000000000803F0CF0050815
:105E8000FCFF050804000608490000000000803FF0
:105E90000CF005081000060818000608490000006C
:105EA0000000803F0CF00508240006082C000608BE
:105EB000490000000000803F0CF00508380006088B
:105EC00040000608490000000000803F0CF0050873
:105ED0004C00060854000608420000000000803F05
:105EE0000CF0050860000608680006084200000083
:105EF0000000803F0CF00508740006087C000608CE
:105F0000420000000000803F0CF0050884000608F5
:105F10008C000608420000000000803F0CF00508DD
:105F200098000608A0000608420000000000803F1C
:105F30000CF00508AC000608B4000608420000009A
:105F40000000803F0CF00508C0000608C8000608E5
:105F5000420000000000803F0CF00508D400060855
:105F6000DC000608420000000000803F0CF005083D
:105F7000E800060804010608420000000000803F17
:105F80000CF00508FC000608180106084200000095
:105F90000000803F0CF00508100106082C010608DF
:105FA000420000000000803F0CF0050824010608B4
:105FB00044010608420000000000803F0CF0050884
:105FC0003C0106085C010608420000000000803F1A
:105FD0000CF0050854010608740106084200000090
:105FE0000000803F0CF005086C010608B8010608A7
:105FF000420000000000803F0CF005088401060804
:10600000CC010608420000000000803F0CF00508AB
:1060100098010608E0010608420000000000803FE9
:106020000CF00508B0010608F8010608420000005F
:106030000000803F0CF00508C401060808020608AD
:10604000420000000000803F0CF00508D80106085F
:106050001C020608420000000000803F0CF005080A
:10606000F001060830020608420000000000803FF0
:106070000CF00508E02A0608480206084200000065
:106080000000803F0CF005081402060860020608B4
:10609000420000000000803F0CF0050828020608BE
:1060A0008C010608420000000000803F0CF005084B
:1060B00040020608A0010608420000000000803FE0
:1060C00048EE050868F5050870E905084600000077
:1060D000CDCCCC3D48EE050870F5050834ED05083B
:1060E00046000000CDCCCC3D48EE050878F505080B
:1060F00080F5050846000000CDCCCC3D48EE0508F3
:106100008CF5050894F5050846000000CDCCCC3D83
:1061100048EE0508A0F50508A8F5050846000000AA
:10612000CDCCCC3D48EE0508B4F50508BCF5050816
:10613000490000000000803F48EE0508C8F505084A
:10614000D0F5050846000000CDCCCC3D48EE050852
:10615000DCF50508E4F5050846000000CDCCCC3D93
:1061600048EE0508F0F50508F8F5050849000000B7
:106170000000803F48EE050804F605080CF6050807
:10618000490000000000803F48EE050818F60508A9
:1061900020F60508490000000000803F48EE050891
:1061A00030F6050838F60508490000000000803F79
:1061B00048EE050840F6050848F6050849000000C5
:1061C0000000803F48EE050854F605085CF6050817
:1061D00046000000CDCCCC3D48EE050868F6050829
:1061E00070F60508420000000000803F48EE0508F8
:1061F00080F6050888F6050846000000CDCCCC3DA9
:1062000048EE050890F6050898F6050846000000D7
:10621000CDCCCC3D48EE0508780206088002060881
:10622000490000000000803F48EE0508A4F605087C
:10623000ACF60508490000000000803F48EE050864
:10624000B8F60508C0F60508490000000000803FC8
:1062500048EE0508CCF60508D4F60508490000000C
:106260000000803F48EE0508E0F60508E8F605085E
:1062700046000000CDCCCC3D48EE0508F4F60508FC
:10628000FCF60508490000000000803F48EE0508C4
:1062900008F7050810F70508490000000000803FD6
:1062A00048EE05081CF7050824F70508490000001A
:1062B0000000803F48EE050830F7050838F705086C
:1062C000490000000000803F48EE050844F705083B
:1062D0004CF7050846000000CDCCCC3D48EE050843
:1062E0005CF7050864F70508490000000000803FDE
:1062F00048EE050870F7050878F705084900000022
:106300000000803F48EE050888F7050890F705086B
:10631000490000000000803F48EE05089CF7050892
:10632000A4F7050846000000CDCCCC3D48EE05089A
:10633000ACF70508B4F70508420000000000803FF4
:1063400048EE0508C0F70508C8F705084900000031
:106350000000803F48EE0508D4F70508DCF7050883
:10636000490000000000803F48EE0508E8F70508F6
:10637000F0F70508490000000000803F48EE0508DE
:1063800008F8050810F80508420000000000803FEA
:1063900048EE05081CF8050824F80508420000002E
:1063A0000000803F48EE050834F805083CF8050871
:1063B000460000000000803F48EE050848F8050848
:1063C00050F80508490000000000803F48EE05082D
:1063D000A0020608A8020608490000000000803F4D
:1063E00048EE05085CF8050864F805084900000057
:1063F0000000803F48EE05086CF8050874F80508B1
:10640000490000000000803F48EE05087CF80508C0
:1064100084F80508490000000000803F48EE0508A8
:106420008CF8050894F80508490000000000803F3A
:1064300048EE05089CF80508A4F805084900000086
:106440000000803F48EE0508ACF80508B4F80508E0
:10645000490000000000803F48EE0508BCF8050830
:10646000C4F80508490000000000803F48EE050818
:10647000CCF80508D4F80508490000000000803F6A
:1064800048EE0508DCF80508E4F8050849000000B6
:106490000000803F48EE0508ECF80508F4F8050810
:1064A000490000000000803F48EE0508FCF80508A0
:1064B00004F90508490000000000803F48EE050887
:1064C0000CF9050814F90508490000000000803F98
:1064D00048EE05081CF9050824F9050846000000E7
:1064E000CDCCCC3D48EE050830F9050838F9050853
:1064F000490000000000803F48EE050848F9050803
:1065000050F90508490000000000803F48EE0508EA
:106510005CF9050864F90508490000000000803FA7
:1065200048EE05086CF9050874F9050849000000F3
:106530000000803F48EE050880F9050888F9050845
:10654000490000000000803F48EE050894F9050866
:106550009CF90508420000000000803F48EE050855
:10656000BCF9050858E90508490000000000803F13
:1065700048EE0508D8F90508E0F9050849000000CB
:106580000000803F48EE0508E8F90508F0F9050825
:10659000490000000000803F48EE050800FA0508A9
:1065A00008FA0508490000000000803F48EE050891
:1065B00014FA05081CFA0508490000000000803F95
:1065C00048EE050824FA05082CFA050842000000E8
:1065D0000000803F48EE05083CFA050844FA05082B
:1065E00046000000CDCCCC3D48EE050854FA050825
:1065F0005CFA050846000000CDCCCC3D48EE05080D
:106600006CFA050874FA0508420000000000803F9B
:1066100048EE050880FA050888FA050849000000D8
:106620000000803F48EE050894FA05089CFA05082A
:10663000490000000000803F48EE0508A8FA050860
:10664000B0FA0508490000000000803F48EE050848
:10665000BCFA0508C4FA0508420000000000803FAB
:1066600048EE0508D0FA0508D8FA050849000000E8
:106670000000803F48EE0508E4FA0508ECFA05083A
:10668000490000000000803F48EE0508F8FA0508C0
:1066900000FB0508490000000000803F48EE0508A7
:1066A0000CFB050814FB0508490000000000803FB2
:1066B00048EE050824FB05082CFB050849000000EE
:1066C0000000803F48EE050838FB050840FB050840
:1066D000490000000000803F48EE05084CFB05081B
:1066E00054FB0508490000000000803F48EE050803
:1066F00060FB050868FB0508490000000000803FBA
:1067000048EE050874FB05087CFB050849000000FD
:106710000000803F48EE050888FB050890FB05084F
:1067200046000000CDCCCC3D48EE05089CFB05089A
:10673000A4FB0508490000000000803F48EE050862
:10674000B0FB0508B8FB0508420000000000803FD0
:1067500048EE0508C4FB0508CCFB05084200000014
:106760000000803F48EE0508D8FB0508E0FB05085F
:10677000420000000000803F48EE0508ECFB0508E1
:10678000F4FB0508490000000000803F48EE0508C2
:10679000FCFB050804FC050846000000CDCCCC3D00
:1067A00048EE050810FC050818FC05084600000026
:1067B000CDCCCC3D48EE050824FC05087CE9050855
:1067C00046000000CDCCCC3D48EE05082CFC050869
:1067D00034FC0508420000000000803F48EE050838
:1067E00040FC050848FC050846000000CDCCCC3D27
:1067F00048EE050858FC050860FC05084600000046
:10680000CDCCCC3D48EE05086CFC050874FC0508B1
:1068100046000000CDCCCC3D48EE05088CFC0508B8
:1068200094FC0508490000000000803F48EE050880
:10683000A0FC0508A8FC0508420000000000803FFD
:1068400048EE0508B4FC0508BCFC0508460000003D
:10685000CDCCCC3D48EE0508C8FC0508D0FC0508A9
:1068600046000000CDCCCC3D48EE0508DCFC050818
:10687000E4FC0508490000000000803F48EE0508E0
:10688000B4020608BC02060846000000CDCCCC3D90
:1068900048EE0508F0FC0508F8FC05084900000072
:1068A0000000803F48EE050804FD05080CFD0508C2
:1068B00046000000CDCCCC3D48EE050814FD05088F
:1068C0001CFD0508420000000000803F48EE05085E
:1068D00028FD050830FD050846000000CDCCCC3D64
:1068E00048EE05083CFD050844FD0508460000008B
:1068F000CDCCCC3D48EE050850FD050858FD0508F7
:10690000420000000000803F48EE050864FD0508D5
:106910006CFD0508420000000000803F48EE0508BD
:1069200078FD050880FD0508490000000000803F53
:1069300048EE05088CFD050894FD0508420000009E
:106940000000803F48EE0508A0FD050864E9050841
:1069500046000000CDCCCC3D48EE0508A8FD05085A
:1069600070E9050846000000CDCCCC3D48EE050896
:10697000B0FD0508B8FD0508490000000000803F93
:1069800048EE0508C0FD0508C8FD050846000000E2
:10699000CDCCCC3D48EE0508D4FD0508DCFD05084E
:1069A00046000000CDCCCC3D48EE0508E8FD0508CA
:1069B000F0FD0508490000000000803F48EE050892
:1069C000F8FD050800FE0508490000000000803FB2
:1069D00048EE05080CFE050814FE050849000000F5
:1069E0000000803F48EE05088C0206089402060865
:1069F000420000000000803F48EE050840FE050808
:106A000048FE050846000000CDCCCC3D48EE050808
:106A100050FE050858FE050846000000CDCCCC3DD0
:106A200048EE050884FE05088CFE050849000000B4
:106A30000000803F48EE0508AC2B0608A8FE0508BC
:106A400046000000CDCCCC3D48EE05081C0F0608E2
:106A5000B0FE0508420000000000803F48EE050837
:106A6000BCFE0508C4FE0508420000000000803F8F
:106A700048EE05080CFF050814FF05084900000052
:106A80000000803F48EE050820FF050828FF0508A4
:106A9000490000000000803F48EE050834FF05086B
:106AA0003CFF0508490000000000803F48EE050853
:106AB00048FF050850FF050846000000CDCCCC3D3E
:106AC00048EE05085CFF050864FF05084600000065
:106AD000CDCCCC3D48EE050870FF050878FF0508D1
:106AE00046000000CDCCCC3D48EE050884FF0508EB
:106AF0008CFF050846000000CDCCCC3D48EE0508D3
:106B000098FF0508A0FF050846000000CDCCCC3D4D
:106B100048EE0508ACFF0508B4FF05084600000074
:106B2000CDCCCC3D48EE0508C0FF0508C8FF0508E0
:106B300046000000CDCCCC3D48EE0508D4FF05084A
:106B4000DCFF050846000000CDCCCC3D48EE050832
:106B5000E8FF0508F0FF0508490000000000803F3D
:106B600048EE0508FCFF050804000608490000007F
:106B70000000803F48EE05081000060818000608CF
:106B8000490000000000803F48EE05082400060888
:106B90002C000608490000000000803F48EE050870
:106BA0003800060840000608490000000000803F49
:106BB00048EE05084C000608540006084200000094
:106BC0000000803F48EE05086000060868000608DF
:106BD000420000000000803F48EE050874000608EF
:106BE0007C000608420000000000803F48EE0508D7
:106BF000840006088C000608420000000000803F68
:106C000048EE050898000608A000060842000000AB
:106C10000000803F48EE0508AC000608B4000608F6
:106C2000420000000000803F48EE0508C000060852
:106C3000C8000608420000000000803F48EE05083A
:106C4000D4000608DC000608420000000000803F77
:106C500048EE0508E80006080401060842000000A6
:106C60000000803F48EE0508FC00060818010608F1
:106C7000420000000000803F48EE050810010608B1
:106C80002C010608420000000000803F48EE050885
:106C90002401060844010608420000000000803F6D
:106CA00048EE05083C0106085C01060842000000A9
:106CB0000000803F48EE05085401060874010608EC
:106CC000420000000000803F48EE05086C01060805
:106CD000B8010608420000000000803F48EE0508A9
:106CE00084010608CC010608420000000000803F35
:106CF00048EE050898010608E00106084200000079
:106D00000000803F48EE0508B0010608F8010608BB
:106D1000420000000000803F48EE0508C40106085C
:106D200008020608420000000000803F48EE050807
:106D3000D80106081C020608420000000000803F3F
:106D400048EE0508F001060830020608420000007F
:106D50000000803F48EE0508E02A060848020608C1
:106D6000420000000000803F48EE050814020608BB
:106D700060020608420000000000803F48EE05085F
:106D8000280206088C010608420000000000803F2F
:106D900048EE050840020608A0010608420000006F
:106DA0000000803FC802060868F5050870E905087C
:106DB00046000000CDCCCC3DC802060870F50508A1
:106DC00034ED050846000000CDCCCC3DC8020608D5
:106DD00078F5050880F5050846000000CDCCCC3DCF
:106DE000C80206088CF5050894F505084600000061
:106DF000CDCCCC3DC8020608A0F50508A8F50508CD
:106E000046000000CDCCCC3DC8020608B4F505080C
:106E1000BCF50508490000000000803FC8020608D4
:106E2000C8F50508D0F5050846000000CDCCCC3DDE
:106E3000C8020608DCF50508E4F505084600000070
:106E4000CDCCCC3DC8020608F0F50508F8F50508DC
:106E5000490000000000803FC802060804F605084B
:106E60000CF60508490000000000803FC802060833
:106E700018F6050820F60508490000000000803FCC
:106E8000C802060830F6050838F605084900000073
:106E90000000803FC802060840F6050848F60508CD
:106EA000490000000000803FC802060854F60508AB
:106EB0005CF6050846000000CDCCCC3DC8020608B3
:106EC00068F6050870F60508420000000000803FE3
:106ED000C802060880F6050888F605084600000086
:106EE000CDCCCC3DC802060890F6050898F60508FA
:106EF00046000000CDCCCC3DC8020608780206084A
:106F000080020608490000000000803FC802060811
:106F1000A4F60508ACF60508490000000000803F13
:106F2000C8020608B8F60508C0F6050849000000C2
:106F30000000803FC8020608CCF60508D4F6050814
:106F4000490000000000803FC8020608E0F605087E
:106F5000E8F6050846000000CDCCCC3DC802060886
:106F6000F4F60508FCF60508490000000000803F23
:106F7000C802060808F7050810F7050849000000D0
:106F80000000803FC80206081CF7050824F7050822
:106F9000490000000000803FC802060830F70508DD
:106FA00038F70508490000000000803FC8020608C5
:106FB00044F705084CF7050846000000CDCCCC3D51
:106FC000C80206085CF7050864F7050849000000D8
:106FD0000000803FC802060870F7050878F705082A
:106FE000490000000000803FC802060888F7050835
:106FF00090F70508490000000000803FC80206081D
:107000009CF70508A4F7050846000000CDCCCC3D50
:10701000C8020608DC020608D8020608460000007E
:107020000000803FC8020608ACF70508B4F7050861
:10703000420000000000803FC8020608C0F70508B3
:10704000C8F70508490000000000803FC802060894
:10705000D4F70508DCF70508490000000000803F70
:10706000C8020608E8F70508F0F70508490000001F
:107070000000803FC802060808F8050810F8050857
:10708000420000000000803FC80206081CF8050806
:1070900024F80508420000000000803FC8020608EE
:1070A00034F805083CF80508460000000000803F61
:1070B000C802060848F8050850F80508490000000D
:1070C0000000803FC8020608A0020608A8020608C1
:1070D000490000000000803FC8020608E4020608DC
:1070E000EC02060846000000CDCCCC3DC8020608E4
:1070F0005CF8050864F80508490000000000803FBE
:10710000C80206086CF8050874F805084900000074
:107110000000803FC80206087CF8050884F80508CE
:10712000490000000000803FC80206088CF80508EE
:1071300094F80508490000000000803FC8020608D6
:107140009CF80508A4F80508490000000000803FED
:10715000C8020608ACF80508B4F8050849000000A4
:107160000000803FC8020608BCF80508C4F80508FE
:10717000490000000000803FC8020608CCF805085E
:10718000D4F80508490000000000803FC802060846
:10719000DCF80508E4F80508490000000000803F1D
:1071A000C8020608ECF80508F4F8050849000000D4
:1071B0000000803FC8020608FCF8050804F905082D
:1071C000490000000000803FC80206080CF90508CD
:1071D00014F90508490000000000803FC8020608B5
:1071E0001CF9050824F9050846000000CDCCCC3D6B
:1071F000C802060830F9050838F9050849000000FA
:107200000000803FC802060848F9050850F9050843
:10721000490000000000803FC80206085CF905082C
:1072200064F90508490000000000803FC802060814
:107230006CF9050874F90508490000000000803F5A
:10724000C802060880F9050888F905084900000009
:107250000000803FC802060894F905089CF905085B
:10726000420000000000803FC8020608BCF9050883
:1072700058E90508490000000000803FC8020608E0
:10728000D8F90508E0F90508490000000000803F32
:10729000C8020608E8F90508F0F9050849000000E9
:1072A0000000803FC802060800FA050808FA050831
:1072B000490000000000803FC802060814FA0508D3
:1072C0001CFA0508490000000000803FC8020608BB
:1072D00024FA05082CFA0508420000000000803F4F
:1072E000C80206083CFA050844FA050846000000F2
:1072F000CDCCCC3DC802060854FA05085CFA050856
:1073000046000000CDCCCC3DC80206086CFA05084A
:1073100074FA0508420000000000803FC802060819
:1073200080FA050888FA0508490000000000803F3F
:10733000C802060894FA05089CFA050849000000EE
:107340000000803FC8020608A8FA0508B0FA050840
:10735000490000000000803FC8020608BCFA05088A
:10736000C4FA0508420000000000803FC802060879
:10737000D0FA0508D8FA0508490000000000803F4F
:10738000C8020608E4FA0508ECFA050849000000FE
:107390000000803FC8020608F8FA050800FB05084F
:1073A000490000000000803FC80206080CFB0508E9
:1073B00014FB0508490000000000803FC8020608D1
:1073C00024FB05082CFB0508490000000000803F55
:1073D000C802060838FB050840FB05084900000004
:1073E0000000803FC80206084CFB050854FB050856
:1073F000490000000000803FC802060860FB050845
:1074000068FB0508490000000000803FC80206082C
:1074100074FB05087CFB0508490000000000803F64
:10742000C802060888FB050890FB05084600000016
:10743000CDCCCC3DC80206089CFB0508A4FB050882
:10744000490000000000803FC8020608B0FB0508A4
:10745000B8FB0508420000000000803FC802060893
:10746000C4FB0508CCFB0508420000000000803F7B
:10747000C8020608D8FB0508E0FB0508420000002A
:107480000000803FC8020608ECFB0508F4FB050875
:10749000490000000000803FC8020608FCFB050808
:1074A00004FC050846000000CDCCCC3DC80206080F
:1074B00010FC050818FC050846000000CDCCCC3DAA
:1074C000C802060824FC05087CE9050846000000FF
:1074D000CDCCCC3DC80206082CFC050834FC0508C0
:1074E000420000000000803FC802060840FC05087A
:1074F00048FC050846000000CDCCCC3DC80206087B
:1075000058FC050860FC050846000000CDCCCC3DC9
:10751000C80206086CFC050874FC0508460000005B
:10752000CDCCCC3DC80206088CFC050894FC0508AF
:10753000490000000000803FC8020608A0FC0508C2
:10754000A8FC0508420000000000803FC8020608B1
:10755000B4FC0508BCFC050846000000CDCCCC3DC1
:10756000C8020608C8FC0508D0FC05084600000053
:10757000CDCCCC3DC8020608DCFC0508E4FC0508BF
:10758000490000000000803FC8020608B402060857
:10759000BC02060846000000CDCCCC3DC80206085F
:1075A000F0FC0508F8FC0508490000000000803FD9
:1075B000C802060804FD05080CFD05084600000089
:1075C000CDCCCC3DC802060814FD05081CFD0508FD
:1075D000420000000000803FC802060828FD0508A0
:1075E00030FD050846000000CDCCCC3DC8020608A1
:1075F0003CFD050844FD050846000000CDCCCC3D0F
:10760000C802060850FD050858FD050842000000A4
:107610000000803FC802060864FD05086CFD0508EF
:10762000420000000000803FC802060878FD0508FF
:1076300080FD0508490000000000803FC8020608E0
:107640008CFD050894FD0508420000000000803F05
:10765000C8020608A0FD050864E905084600000008
:10766000CDCCCC3DC8020608A8FD050870E9050888
:1076700046000000CDCCCC3DC8020608B0FD050890
:10768000B8FD0508490000000000803FC802060858
:10769000FC020608F8020608460000000000803FD1
:1076A000C8020608C0FD0508C8FD05084600000020
:1076B000CDCCCC3DC8020608D4FD0508DCFD05088C
:1076C00046000000CDCCCC3DC8020608E8FD050808
:1076D000F0FD0508490000000000803FC8020608D0
:1076E000F8FD050800FE0508490000000000803F85
:1076F000C80206080CFE050814FE05084900000033
:107700000000803FC80206088C02060894020608A2
:10771000420000000000803FC802060840FE050845
:1077200048FE050846000000CDCCCC3DC802060846
:1077300050FE050858FE050846000000CDCCCC3DA3
:10774000C802060884FE05088CFE050849000000F2
:107750000000803FC8020608AC2B0608A8FE0508FA
:1077600046000000CDCCCC3DC80206081C0F060820
:10777000B0FE0508420000000000803FC802060875
:10778000BCFE0508C4FE0508420000000000803F62
:10779000C8020608040306080C030608420000009D
:1077A0000000803FC8020608E828060818030608FB
:1077B00046000000CDCCCC3DC802060824030608D4
:1077C0002C03060846000000CDCCCC3DC8020608BC
:1077D0003C03060838030608460000000000803F0E
:1077E000C80206080CFF050814FF05084900000040
:1077F0000000803FC802060820FF050828FF050892
:10780000490000000000803FC802060834FF050858
:107810003CFF0508490000000000803FC802060840
:1078200048FF050850FF050846000000CDCCCC3DC0
:10783000C80206085CFF050864FF05084600000052
:10784000CDCCCC3DC802060870FF050878FF0508BE
:1078500046000000CDCCCC3DC802060884FF0508D8
:107860008CFF050846000000CDCCCC3DC8020608C0
:1078700098FF0508A0FF050846000000CDCCCC3DD0
:10788000C8020608ACFF0508B4FF05084600000062
:10789000CDCCCC3DC8020608C0FF0508C8FF0508CE
:1078A00046000000CDCCCC3DC8020608D4FF050838
:1078B000DCFF050846000000CDCCCC3DC802060820
:1078C000E8FF0508F0FF0508490000000000803FC0
:1078D000C8020608FCFF050804000608490000006D
:1078E0000000803FC80206081000060818000608BD
:1078F000490000000000803FC80206082400060876
:107900002C000608490000000000803FC80206085D
:107910003800060840000608490000000000803FCB
:10792000C80206084C000608540006084200000081
:107930000000803FC80206086000060868000608CC
:10794000420000000000803FC802060874000608DC
:107950007C000608420000000000803FC8020608C4
:10796000840006088C000608420000000000803FEA
:10797000C802060898000608A00006084200000099
:107980000000803FC8020608AC000608B4000608E4
:10799000420000000000803FC8020608C000060840
:1079A000C8000608420000000000803FC802060828
:1079B000D4000608DC000608420000000000803FFA
:1079C000C8020608E8000608040106084200000094
:1079D0000000803FC8020608FC00060818010608DF
:1079E000420000000000803FC8020608100106089F
:1079F0002C010608420000000000803FC802060873
:107A00002401060844010608420000000000803FEF
:107A1000C80206083C0106085C0106084200000096
:107A20000000803FC80206085401060874010608D9
:107A3000420000000000803FC80206086C010608F2
:107A4000B8010608420000000000803FC802060896
:107A500084010608CC010608420000000000803FB7
:107A6000C802060898010608E00106084200000066
:107A70000000803FC8020608B0010608F8010608A9
:107A8000420000000000803FC8020608C40106084A
:107A900008020608420000000000803FC8020608F5
:107AA000D80106081C020608420000000000803FC2
:107AB000C8020608F001060830020608420000006D
:107AC0000000803FC8020608E02A060848020608AF
:107AD000420000000000803FC802060814020608A9
:107AE00060020608420000000000803FC80206084D
:107AF0002802060844030608420000000000803FF8
:107B0000C8020608400206085003060842000000AA
:107B10000000803FC8020608580206088C010608CB
:107B2000420000000000803FC80206085C0306080F
:107B300064030608420000000000803FB0EF050823
:107B400068F5050870E9050846000000CDCCCC3D7D
:107B5000B0EF050870F5050834ED05084600000093
:107B6000CDCCCC3DB0EF050878F5050880F50508CB
:107B700046000000CDCCCC3DB0EF05088CF50508E3
:107B800094F5050846000000CDCCCC3DB0EF0508CB
:107B9000A0F50508A8F5050846000000CDCCCC3DB1
:107BA000B0EF0508B4F50508BCF50508490000006C
:107BB0000000803FB0EF0508C8F50508D0F50508BE
:107BC00046000000CDCCCC3DB0EF0508DCF5050843
:107BD000E4F5050846000000CDCCCC3DB0EF05082B
:107BE000700306087803060846000000CDCCCC3DA3
:107BF000B0EF0508F0F50508F8F5050849000000A4
:107C00000000803FB0EF050804F605080CF60508F3
:107C1000490000000000803FB0EF050818F6050895
:107C200020F60508490000000000803FB0EF05087D
:107C300030F6050838F60508490000000000803FCE
:107C4000B0EF050840F6050848F6050849000000B1
:107C50000000803FB0EF050854F605085CF6050803
:107C600046000000CDCCCC3DB0EF050868F6050815
:107C700070F60508420000000000803FB0EF0508E4
:107C8000840306088C03060846000000CDCCCC3DDA
:107C9000B0EF050880F6050888F6050846000000E4
:107CA000CDCCCC3DB0EF050890F6050898F6050858
:107CB00046000000CDCCCC3DB0EF050878020608A8
:107CC00080020608490000000000803FB0EF050870
:107CD00098030608A003060846000000CDCCCC3D62
:107CE000B0EF0508AC030608B40306084600000020
:107CF000CDCCCC3DB0EF0508A4F60508ACF60508E0
:107D0000490000000000803FB0EF0508B8F6050804
:107D1000C0F60508490000000000803FB0EF0508EC
:107D2000CCF60508D4F60508490000000000803FA5
:107D3000B0EF0508E0F60508E8F605084600000083
:107D4000CDCCCC3DB0EF0508F4F60508FCF60508EF
:107D5000490000000000803FB0EF050808F7050863
:107D600010F70508490000000000803FB0EF05084B
:107D70001CF7050824F70508490000000000803FB3
:107D8000B0EF050830F7050838F70508490000008E
:107D90000000803FB0EF050844F705084CF70508E0
:107DA00046000000CDCCCC3DB0EF05085CF70508DF
:107DB00064F70508490000000000803FB0EF0508A7
:107DC00070F7050878F70508490000000000803FBB
:107DD000B0EF050888F7050890F70508490000008E
:107DE0000000803FB0EF05089CF70508A4F70508E0
:107DF00046000000CDCCCC3DB0EF0508DC02060803
:107E0000D8020608460000000000803FB0EF0508D9
:107E1000ACF70508B4F70508420000000000803FF9
:107E2000B0EF0508C0F70508C8F7050849000000CD
:107E30000000803FB0EF0508D4F70508DCF705081F
:107E4000490000000000803FB0EF0508E8F7050892
:107E5000F0F70508490000000000803FB0EF05087A
:107E600008F8050810F80508420000000000803FEF
:107E7000B0EF0508C0030608C80306084600000066
:107E8000CDCCCC3DB0EF05081CF8050824F805085A
:107E9000420000000000803FB0EF0508D403060850
:107EA000DC03060846000000CDCCCC3DB0EF050851
:107EB000EC030608F4030608490000000000803FB8
:107EC000B0EF050834F80508000406084200000079
:107ED0000000803FB0EF050848F8050850F8050895
:107EE000420000000000803FB0EF05080C040608C7
:107EF00014040608490000000000803FB0EF0508A8
:107F0000200406082804060846000000CDCCCC3D1D
:107F1000B0EF0508380406084004060849000000D0
:107F20000000803FB0EF0508A0020608A80206087E
:107F3000490000000000803FB0EF0508E402060899
:107F4000EC02060846000000CDCCCC3DB0EF0508A1
:107F50004C04060854040608420000000000803F5C
:107F6000B0EF05085C04060864040608460000003B
:107F7000CDCCCC3DB0EF05087004060878040608A7
:107F8000420000000000803FB0EF050884040608AE
:107F90008C04060846000000CDCCCC3DB0EF0508AF
:107FA000940406089C040608420000000000803F7C
:107FB000B0EF0508A8040608B00406084200000057
:107FC0000000803FB0EF05085CF8050864F805087C
:107FD000490000000000803FB0EF05086CF805087C
:107FE00074F80508490000000000803FB0EF050864
:107FF0007CF8050884F80508490000000000803F6F
:10800000B0EF05088CF8050894F805084900000051
:108010000000803FB0EF05089CF80508A4F80508AB
:10802000490000000000803FB0EF0508ACF80508EB
:10803000B4F80508490000000000803FB0EF0508D3
:10804000BCF80508C4F80508490000000000803F9E
:10805000B0EF0508CCF80508D4F805084900000081
:108060000000803FB0EF0508DCF80508E4F80508DB
:10807000490000000000803FB0EF0508ECF805085B
:10808000F4F80508490000000000803FB0EF050843
:10809000FCF8050804F90508490000000000803FCD
:1080A000B0EF05080CF9050814F9050849000000AF
:1080B0000000803FB0EF0508BC040608C4040608B1
:1080C000420000000000803FB0EF0508D004060821
:1080D000D8040608420000000000803FB0EF050809
:1080E000E4040608EC040608420000000000803F9B
:1080F000B0EF0508F8040608000506084200000075
:108100000000803FB0EF05080C05060814050608BE
:10811000420000000000803FB0EF0508200506087F
:1081200028050608420000000000803FB0EF050867
:10813000340506083C050608420000000000803FA8
:10814000B0EF05081CF9050824F9050846000000F1
:10815000CDCCCC3DB0EF050830F9050838F905085D
:10816000490000000000803FB0EF050848F905080D
:1081700050F90508490000000000803FB0EF0508F5
:108180005CF9050864F90508490000000000803F1B
:10819000B0EF05086CF9050874F9050849000000FE
:1081A0000000803FB0EF050880F9050888F9050850
:1081B000490000000000803FB0EF050894F9050871
:1081C0009CF90508420000000000803FB0EF050860
:1081D000BCF9050858E90508490000000000803F87
:1081E000B0EF0508D8F90508E0F9050849000000D6
:1081F0000000803FB0EF0508E8F90508F0F9050830
:10820000490000000000803FB0EF050800FA0508B3
:1082100008FA0508490000000000803FB0EF05089B
:1082200014FA05081CFA0508490000000000803F08
:10823000B0EF050824FA05082CFA050842000000F2
:108240000000803FB0EF05083CFA050844FA050835
:1082500046000000CDCCCC3DB0EF050854FA05082F
:108260005CFA050846000000CDCCCC3DB0EF050817
:10827000480506085005060846000000CDCCCC3D58
:10828000B0EF05085C050608640506084600000016
:10829000CDCCCC3DB0EF05086CFA050874FA0508A2
:1082A000420000000000803FB0EF050880FA05089A
:1082B00088FA0508490000000000803FB0EF05087B
:1082C00094FA05089CFA0508490000000000803F68
:1082D000B0EF0508A8FA0508B0FA05084900000043
:1082E0000000803FB0EF0508BCFA0508C4FA050895
:1082F000420000000000803FB0EF0508700506084E
:1083000078050608490000000000803FB0EF05082E
:10831000840506088C050608490000000000803F1F
:10832000B0EF0508D0FA0508D8FA050849000000A2
:108330000000803FB0EF0508E4FA0508ECFA0508F4
:10834000490000000000803FB0EF0508F8FA05087A
:1083500000FB0508490000000000803FB0EF050861
:1083600098050608A0050608490000000000803FA7
:10837000B0EF0508AC050608B40506084600000085
:10838000CDCCCC3DB0EF0508C0050608C8050608F1
:1083900046000000CDCCCC3DB0EF0508D405060862
:1083A000DC050608490000000000803FB0EF05082A
:1083B0000CFB050814FB0508490000000000803F85
:1083C000B0EF050824FB05082CFB05084900000058
:1083D0000000803FB0EF0508EC050608E805060838
:1083E000460000000000803FB0EF0508F4050608D5
:1083F000FC05060846000000CDCCCC3DB0EF0508DA
:108400004CFB050854FB0508490000000000803FB4
:10841000B0EF050860FB050868FB0508490000008F
:108420000000803FB0EF050874FB05087CFB0508E1
:10843000490000000000803FB0EF0508080606086C
:1084400010060608490000000000803FB0EF050854
:108450002006060828060608490000000000803FA4
:10846000B0EF050838060608400606084900000077
:108470000000803FB0EF05084C06060854060608C9
:10848000490000000000803FB0EF050860060608C4
:1084900068060608490000000000803FB0EF0508AC
:1084A000740606087C060608490000000000803FAC
:1084B000B0EF050888060608F4FB0508490000002F
:1084C0000000803FB0EF05089006060898060608F1
:1084D000420000000000803FB0EF0508A406060837
:1084E000CCFB0508420000000000803FB0EF05080B
:1084F000AC060608E0FB0508420000000000803FD3
:10850000B0EF0508B406060858FD05084200000053
:108510000000803FB0EF0508BC0606086CFD0508AA
:10852000420000000000803FB0EF0508C4060608C6
:10853000CC060608490000000000803FB0EF0508A7
:10854000D8060608E0060608490000000000803F43
:10855000B0EF0508EC060608F4060608490000001E
:108560000000803FB0EF050800070608080706086E
:10857000490000000000803FB0EF0508140706081E
:108580001C070608490000000000803FB0EF050806
:108590002807060830070608490000000000803F51
:1085A000B0EF05083C07060844070608490000002C
:1085B0000000803FB0EF050850070608580706087E
:1085C000490000000000803FB0EF0508640706087E
:1085D0006C070608490000000000803FB0EF050866
:1085E0007807060880070608490000000000803F61
:1085F000B0EF05088C070608940706084200000043
:108600000000803FB0EF0508A0070608A80706088D
:10861000490000000000803FB0EF0508B4070608DD
:10862000BC070608420000000000803FB0EF0508CC
:10863000C8070608D0070608420000000000803F77
:10864000B0EF0508D8070608E00706084900000053
:108650000000803FB0EF0508EC070608F4070608A5
:1086600046000000CDCCCC3DB0EF0508FC07060865
:1086700004080608490000000000803FB0EF05082C
:108680000C0806081408060846000000CDCCCC3DB6
:10869000B0EF05081C08060824080608460000007C
:1086A000CDCCCC3DB0EF05082C08060834080608F0
:1086B000490000000000803FB0EF05083C080608B4
:1086C0004408060846000000CDCCCC3DB0EF0508BC
:1086D0004C0806085408060846000000CDCCCC3DE6
:1086E000B0EF05085C0806086408060849000000A9
:1086F0000000803FB0EF05086C0806087408060803
:1087000046000000CDCCCC3DB0EF05087C08060843
:1087100084080608490000000000803FB0EF05080B
:108720009008060898080608490000000000803FED
:10873000B0EF0508A4080608AC08060849000000C8
:108740000000803FB0EF050888FB050870E90508C8
:1087500046000000CDCCCC3DB0EF05089CFB0508E1
:10876000A4FB0508490000000000803FB0EF0508A9
:10877000B0FB0508B8FB0508420000000000803F80
:10878000B0EF0508C4FB0508CCFB0508420000005B
:108790000000803FB0EF0508D8FB0508E0FB0508A6
:1087A000420000000000803FB0EF0508ECFB050828
:1087B000F4FB0508490000000000803FB0EF050809
:1087C000FCFB050804FC050846000000CDCCCC3DB0
:1087D000B0EF050810FC050818FC0508460000006D
:1087E000CDCCCC3DB0EF050824FC05087CE905089C
:1087F00046000000CDCCCC3DB0EF05082CFC0508B0
:1088000034FC0508420000000000803FB0EF05087E
:1088100040FC050848FC050846000000CDCCCC3DD6
:10882000B0EF050858FC050860FC0508460000008C
:10883000CDCCCC3DB0EF05086CFC050874FC0508F8
:1088400046000000CDCCCC3DB0EF05088CFC0508FF
:1088500094FC0508490000000000803FB0EF0508C7
:10886000A0FC0508A8FC0508420000000000803FAD
:10887000B0EF0508B4FC0508BCFC05084600000084
:10888000CDCCCC3DB0EF0508C8FC0508D0FC0508F0
:1088900046000000CDCCCC3DB0EF0508B808060876
:1088A000C0080608490000000000803FB0EF05083E
:1088B000CC080608D4080608490000000000803FE4
:1088C000B0EF0508E0080608E808060849000000BF
:1088D0000000803FB0EF0508DCFC0508E4FC05085B
:1088E000490000000000803FB0EF0508B402060810
:1088F00064E9050846000000CDCCCC3DB0EF05088A
:10890000F0FC0508F4080608490000000000803F5C
:10891000B0EF050804FD05080CFD05084600000041
:10892000CDCCCC3DB0EF050814FD05081CFD0508B5
:10893000420000000000803FB0EF0508FC08060878
:108940000409060846000000CDCCCC3DB0EF050878
:1089500028FD050830FD050846000000CDCCCC3DC3
:10896000B0EF05083CFD050844FD05084600000081
:10897000CDCCCC3DB0EF050850FD050858FD0508ED
:10898000420000000000803FB0EF050864FD0508CC
:108990006CFD0508420000000000803FB0EF0508B4
:1089A000100906081809060846000000CDCCCC3D89
:1089B000B0EF05082009060828090608490000004C
:1089C0000000803FB0EF050878FD050880FD050830
:1089D000490000000000803FB0EF05088CFD05084D
:1089E00094FD0508420000000000803FB0EF05083C
:1089F000A0FD050864E9050846000000CDCCCC3D8B
:108A0000B0EF0508A8FD050870E90508460000005C
:108A1000CDCCCC3DB0EF0508340906083C0906086A
:108A200046000000CDCCCC3DB0EF0508B0FD0508F8
:108A3000B8FD0508490000000000803FB0EF0508C0
:108A4000480906085009060846000000CDCCCC3D78
:108A5000B0EF05085C090608640906084600000036
:108A6000CDCCCC3DB0EF0508740906087C0906089A
:108A700046000000CDCCCC3DB0EF0508FC02060856
:108A8000F8020608460000000000803FB0EF05082D
:108A9000C0FD0508C8FD050846000000CDCCCC3D52
:108AA000B0EF0508D4FD0508DCFD05084600000010
:108AB000CDCCCC3DB0EF0508F8FD050800FE05085B
:108AC000490000000000803FB0EF05080CFE0508DB
:108AD00014FE0508490000000000803FB0EF0508C3
:108AE0008C02060894020608420000000000803F45
:108AF000B0EF05088809060890090608460000003E
:108B0000CDCCCC3DB0EF05089C090608A4090608A9
:108B1000490000000000803FB0EF0508B0090608DA
:108B2000CC060608490000000000803FB0EF0508B1
:108B3000B8090608C009060846000000CDCCCC3DA7
:108B4000B0EF0508CC090608E8F605084600000065
:108B5000CDCCCC3DB0EF0508D4090608DC090608E9
:108B600046000000CDCCCC3DB0EF0508E809060872
:108B7000F009060846000000CDCCCC3DB0EF05085A
:108B8000FC090608D0070608420000000000803FEC
:108B9000B0EF050840FE050848FE05084600000045
:108BA000CDCCCC3DB0EF050850FE050858FE0508B9
:108BB00046000000CDCCCC3DB0EF050884FE050892
:108BC0008CFE0508490000000000803FB0EF05085A
:108BD000AC2B0608A8FE050846000000CDCCCC3D15
:108BE000B0EF05081C0F0608B0FE050842000000A3
:108BF0000000803FB0EF0508040A06080C0A0608CA
:108C0000490000000000803FB0EF0508140A060884
:108C10001C0A060846000000CDCCCC3DB0EF05088C
:108C2000BCFE0508C4FE0508420000000000803FAD
:108C3000B0EF0508E4FE0508ECFE05084900000059
:108C40000000803FB0EF0508F8FE050800FF0508AA
:108C500046000000CDCCCC3DB0EF0508240A060844
:108C60002C0A060846000000CDCCCC3DB0EF05082C
:108C7000380A0608400A060846000000CDCCCC3D64
:108C8000B0EF0508500A0608580A0608460000001A
:108C9000CDCCCC3DB0EF0508600A0608680A06088E
:108CA00046000000CDCCCC3DB0EF0508700A0608A8
:108CB000780A0608490000000000803FB0EF050870
:108CC000800A0608880A060846000000CDCCCC3D84
:108CD000B0EF0508900A0608980A0608460000004A
:108CE000CDCCCC3DB0EF0508A00A0608A80A0608BE
:108CF00046000000CDCCCC3DB0EF0508B00A060818
:108D0000B80A060846000000CDCCCC3DB0EF0508FF
:108D1000C00A0608C80A0608490000000000803F93
:108D2000B0EF0508D00A0608D80A06084600000079
:108D3000CDCCCC3DB0EF0508D0280608E40A0608E3
:108D4000490000000000803FB0EF0508F00A060867
:108D5000F80A0608490000000000803FB0EF05084F
:108D6000040306080C030608420000000000803FD0
:108D7000B0EF0508000B0608080B060846000000C7
:108D8000CDCCCC3DB0EF0508E8280608140B06084A
:108D900046000000CDCCCC3DB0EF0508240306080A
:108DA000200B060846000000CDCCCC3DB0EF0508F6
:108DB0002C0B0608340B060846000000CDCCCC3D39
:108DC000B0EF0508400B0608480B060849000000F4
:108DD0000000803FB0EF0508540B06085C0B060846
:108DE000490000000000803FB0EF0508680B06084E
:108DF000700B0608490000000000803FB0EF050836
:108E00007C0B0608840B060846000000CDCCCC3D48
:108E1000B0EF0508940B06089C0B060846000000FE
:108E2000CDCCCC3DB0EF0508A80B0608B00B06086A
:108E300046000000CDCCCC3DB0EF0508BC0B0608C9
:108E4000C40B060846000000CDCCCC3DB0EF0508B1
:108E5000D00B0608D80B0608490000000000803F30
:108E6000B0EF0508E40B0608EC0B0608490000000B
:108E70000000803FB0EF0508FC0B0608040C060854
:108E8000490000000000803FB0EF0508100C060804
:108E9000180C060846000000CDCCCC3DB0EF05080C
:108EA000240C06082C0C0608490000000000803F36
:108EB000B0EF05080CFF050814FF05084900000085
:108EC0000000803FB0EF050820FF050828FF0508D7
:108ED000490000000000803FB0EF050834FF05089E
:108EE0003CFF0508490000000000803FB0EF050886
:108EF00048FF050850FF050846000000CDCCCC3DDA
:108F0000B0EF05085CFF050864FF05084600000097
:108F1000CDCCCC3DB0EF050870FF050878FF050803
:108F200046000000CDCCCC3DB0EF050884FF05081D
:108F30008CFF050846000000CDCCCC3DB0EF050805
:108F400098FF0508A0FF050846000000CDCCCC3DE9
:108F5000B0EF0508ACFF0508B4FF050846000000A7
:108F6000CDCCCC3DB0EF0508C0FF0508C8FF050813
:108F700046000000CDCCCC3DB0EF0508D4FF05087D
:108F8000DCFF050846000000CDCCCC3DB0EF050865
:108F9000E8FF0508F0FF0508490000000000803FD9
:108FA000B0EF0508FCFF05080400060849000000B2
:108FB0000000803FB0EF0508100006081800060802
:108FC000490000000000803FB0EF050824000608BB
:108FD0002C000608490000000000803FB0EF0508A3
:108FE0003800060840000608490000000000803FE5
:108FF000B0EF0508380C0608400C060842000000D7
:109000000000803FB0EF05084C0006085400060839
:10901000420000000000803FB0EF05086000060835
:1090200068000608420000000000803FB0EF05081D
:10903000740006087C000608420000000000803F23
:10904000B0EF0508840006084C0C0608420000003A
:109050000000803FB0EF050898000608540C060891
:10906000420000000000803FB0EF0508AC00060899
:109070005C0C0608420000000000803FB0EF0508CD
:10908000C0000608640C0608420000000000803F93
:10909000B0EF0508D40006086C0C0608420000007A
:1090A0000000803FB0EF0508E8000608740C0608D1
:1090B000420000000000803FB0EF0508FC000608F9
:1090C000800C0608420000000000803FB0EF050859
:1090D000100106088C0C0608420000000000803FCA
:1090E000B0EF050824010608980C060842000000AD
:1090F0000000803FB0EF05083C010608A40C0608FC
:10910000420000000000803FB0EF0508540106084F
:10911000B00C0608420000000000803FB0EF0508D8
:109120006C01060844010608420000000000803F70
:10913000B0EF050884010608BC0C060842000000D8
:109140000000803FB0EF050898010608C80C06082B
:10915000420000000000803FB0EF0508B0010608A3
:1091600064030608420000000000803FB0EF0508DD
:10917000C4010608D40C0608420000000000803F2D
:10918000B0EF0508D8010608E00C06084200000010
:109190000000803FB0EF0508F0010608EC0C06085F
:1091A000420000000000803FB0EF0508E02A0608FA
:1091B0009CFA0508420000000000803FB0EF05085F
:1091C00014020608F80C0608420000000000803F68
:1091D000B0EF050828020608040D0608420000004A
:1091E0000000803FB0EF0508400206085003060863
:1091F000420000000000803FB0EF0508580206085A
:1092000044030608420000000000803FB0EF05085C
:109210005C03060864030608420000000000803F6B
:10922000B0EF0508100D0608180D060842000000F2
:109230000000803FB0EF0508240D06082C0D06083D
:10924000420000000000803FB0EF0508380D06081E
:1092500030020608420000000000803FB0EF050821
:10926000400D0608480D0608420000000000803F3F
:10927000B0EF0508540D060810F70508420000007D
:109280000000803FB0EF05085C0D0608640D06087D
:10929000420000000000803FB0EF0508700D060896
:1092A000780D0608420000000000803FB0EF05087E
:1092B000840D06088C0D0608420000000000803F67
:1092C00020EE050868F5050870E90508460000006D
:1092D000CDCCCC3D20EE050870F5050834ED050831
:1092E00046000000CDCCCC3D20EE050878F5050801
:1092F00080F5050846000000CDCCCC3D20EE0508E9
:109300008CF5050894F5050846000000CDCCCC3D51
:1093100020EE0508A0F50508A8F5050846000000A0
:10932000CDCCCC3D20EE0508B4F50508BCF505080C
:10933000490000000000803F20EE0508C8F5050840
:10934000D0F5050846000000CDCCCC3D20EE050848
:10935000DCF50508E4F5050846000000CDCCCC3D61
:1093600020EE0508F0F50508F8F5050849000000AD
:109370000000803F20EE050804F605080CF60508FD
:10938000490000000000803F20EE050818F605089F
:1093900020F60508490000000000803F20EE050887
:1093A00030F6050838F60508490000000000803F47
:1093B00020EE050840F6050848F6050849000000BB
:1093C0000000803F20EE050854F605085CF605080D
:1093D00046000000CDCCCC3D20EE050868F605081F
:1093E00070F60508420000000000803F20EE0508EE
:1093F00080F6050888F6050846000000CDCCCC3D77
:1094000020EE050890F6050898F6050846000000CD
:10941000CDCCCC3D20EE0508780206088002060877
:10942000490000000000803F20EE0508AC0306085C
:10943000B403060846000000CDCCCC3D20EE050864
:10944000A4F60508ACF60508490000000000803FBE
:1094500020EE0508B8F60508C0F60508490000002A
:109460000000803F20EE0508CCF60508D4F605087C
:10947000490000000000803F20EE0508E0F60508E6
:10948000E8F6050846000000CDCCCC3D20EE0508EE
:10949000F4F60508FCF60508490000000000803FCE
:1094A00020EE050808F7050810F705084900000038
:1094B0000000803F20EE05081CF7050824F705088A
:1094C000490000000000803F20EE050830F7050845
:1094D00038F70508490000000000803F20EE05082D
:1094E00044F705084CF7050846000000CDCCCC3DFC
:1094F00020EE05085CF7050864F705084900000040
:109500000000803F20EE050870F7050878F7050891
:10951000490000000000803F20EE050888F705089C
:1095200090F70508490000000000803F20EE050884
:109530009CF70508A4F7050846000000CDCCCC3DFB
:1095400020EE0508ACF70508B4F705084200000056
:109550000000803F20EE0508C0F70508C8F70508A1
:10956000490000000000803F20EE0508D4F7050800
:10957000DCF70508490000000000803F20EE0508E8
:10958000E8F70508F0F70508490000000000803FF3
:1095900020EE050808F8050810F80508420000004C
:1095A0000000803F20EE0508C0030608C803060837
:1095B00046000000CDCCCC3D20EE05081CF8050887
:1095C00024F80508420000000000803F20EE050856
:1095D000D4030608DC03060846000000CDCCCC3DD1
:1095E00020EE050834F805080004060842000000D3
:1095F0000000803F20EE050848F8050850F80508EF
:10960000420000000000803F20EE05080C04060820
:1096100014040608490000000000803F20EE050801
:10962000A0020608A8020608490000000000803FCA
:1096300020EE0508E4020608EC02060846000000D9
:10964000CDCCCC3D20EE05084C0406085404060899
:10965000420000000000803F20EE05085C04060880
:109660006404060846000000CDCCCC3D20EE050881
:1096700070040608980D0608420000000000803FB4
:1096800020EE0508840406088C0406084600000045
:10969000CDCCCC3D20EE0508A8040608B004060891
:1096A000420000000000803F20EE05085CF805083D
:1096B00064F80508490000000000803F20EE05081E
:1096C0006CF8050874F80508490000000000803FA8
:1096D00020EE05087CF8050884F80508490000001C
:1096E0000000803F20EE05088CF8050894F8050876
:1096F000490000000000803F20EE05089CF80508A6
:10970000A4F80508490000000000803F20EE05088D
:10971000ACF80508B4F80508490000000000803FD7
:1097200020EE0508BCF80508C4F80508490000004B
:109730000000803F20EE0508CCF80508D4F80508A5
:10974000490000000000803F20EE0508DCF8050815
:10975000E4F80508490000000000803F20EE0508FD
:10976000ECF80508F4F80508490000000000803F07
:1097700020EE0508FCF8050804F90508490000007A
:109780000000803F20EE05080CF9050814F90508D3
:10979000490000000000803F20EE0508BC040608D8
:1097A000C4040608420000000000803F20EE0508C7
:1097B000D0040608D8040608420000000000803FDC
:1097C00020EE0508E4040608EC0406084200000048
:1097D0000000803F20EE0508F80406080005060892
:1097E000420000000000803F20EE05080C0506083E
:1097F00014050608420000000000803F20EE050826
:109800002005060828050608420000000000803FE9
:1098100020EE0508340506083C0506084200000055
:109820000000803F20EE05081CF9050824F9050812
:1098300046000000CDCCCC3D20EE050830F90508EF
:1098400038F90508490000000000803F20EE0508B7
:1098500048F9050850F90508490000000000803F5C
:1098600020EE05085CF9050864F9050849000000C8
:109870000000803F20EE05086CF9050874F9050822
:10988000490000000000803F20EE050880F905082F
:1098900088F90508490000000000803F20EE050817
:1098A00094F905089CF90508420000000000803F7B
:1098B00020EE0508BCF9050858E905084900000034
:1098C0000000803F20EE0508D8F90508E0F90508FA
:1098D000490000000000803F20EE0508E8F9050877
:1098E000F0F90508490000000000803F20EE05085F
:1098F00000FA050808FA0508490000000000803F4A
:1099000020EE050814FA05081CFA050849000000B5
:109910000000803F20EE050824FA05082CFA05080F
:10992000420000000000803F20EE05083CFA0508D8
:1099300044FA050846000000CDCCCC3D20EE0508D9
:1099400054FA05085CFA050846000000CDCCCC3D71
:1099500020EE0508480506085005060846000000E8
:10996000CDCCCC3D20EE05085C0506086405060854
:1099700046000000CDCCCC3D20EE05086CFA050871
:1099800074FA0508420000000000803F20EE050840
:1099900080FA050888FA0508490000000000803FA9
:1099A00020EE050894FA05089CFA05084900000015
:1099B0000000803F20EE0508A8FA0508B0FA050867
:1099C000490000000000803F20EE0508BCFA0508B1
:1099D000C4FA0508420000000000803F20EE0508A0
:1099E0007005060878050608490000000000803F61
:1099F00020EE0508840506088C05060849000000CD
:109A00000000803F20EE0508D0FA0508D8FA0508C6
:109A1000490000000000803F20EE0508E4FA050838
:109A2000ECFA0508490000000000803F20EE050820
:109A3000F8FA050800FB0508490000000000803F17
:109A400020EE050898050608A00506084900000054
:109A50000000803F20EE0508AC050608B4050608A6
:109A600046000000CDCCCC3D20EE0508C005060820
:109A7000C805060846000000CDCCCC3D20EE050808
:109A8000D4050608DC050608490000000000803FF8
:109A900020EE05080CFB050814FB05084900000032
:109AA0000000803F20EE050824FB05082CFB05087C
:109AB000490000000000803F20EE0508F40506087C
:109AC000FC05060846000000CDCCCC3D20EE050884
:109AD0004CFB050854FB0508490000000000803FCE
:109AE00020EE050860FB050868FB0508490000003A
:109AF0000000803F20EE050874FB05087CFB05088C
:109B0000490000000000803F20EE05080806060816
:109B100010060608490000000000803F20EE0508FE
:109B20002006060828060608490000000000803FBD
:109B300020EE050838060608400606084900000021
:109B40000000803F20EE05084C0606085406060873
:109B5000490000000000803F20EE0508600606086E
:109B600068060608490000000000803F20EE050856
:109B7000740606087C060608490000000000803FC5
:109B800020EE050888060608F4FB050849000000D9
:109B90000000803F20EE050890060608980606089B
:109BA000420000000000803F20EE0508A4060608E1
:109BB000CCFB0508420000000000803F20EE0508B5
:109BC000AC060608E0FB0508420000000000803FEC
:109BD00020EE0508B406060858FD050842000000FE
:109BE0000000803F20EE0508BC0606086CFD050855
:109BF000420000000000803F20EE0508C406060871
:109C0000CC060608490000000000803F20EE050851
:109C1000D8060608E0060608490000000000803F5C
:109C200020EE0508EC060608F406060849000000C8
:109C30000000803F20EE0508000706080807060818
:109C4000490000000000803F20EE050814070608C8
:109C50001C070608490000000000803F20EE0508B0
:109C60002807060830070608490000000000803F6A
:109C700020EE05083C0706084407060849000000D6
:109C80000000803F20EE0508500706085807060828
:109C9000490000000000803F20EE05086407060828
:109CA0006C070608490000000000803F20EE050810
:109CB0007807060880070608490000000000803F7A
:109CC00020EE05088C0706089407060842000000ED
:109CD0000000803F20EE0508A0070608A807060838
:109CE000490000000000803F20EE0508B407060888
:109CF000BC070608420000000000803F20EE050877
:109D0000C8070608D0070608420000000000803F90
:109D100020EE0508D8070608E007060849000000FD
:109D20000000803F20EE050888FB050870E9050863
:109D300046000000CDCCCC3D20EE05089CFB05087C
:109D4000A4FB0508490000000000803F20EE050844
:109D5000B0FB0508B8FB0508420000000000803F8A
:109D600020EE0508C4FB0508CCFB050842000000F6
:109D70000000803F20EE0508D8FB0508E0FB050841
:109D8000420000000000803F20EE0508ECFB0508C3
:109D9000F4FB0508490000000000803F20EE0508A4
:109DA000FCFB050804FC050846000000CDCCCC3DBA
:109DB00020EE050810FC050818FC05084600000008
:109DC000CDCCCC3D20EE050824FC05087CE9050837
:109DD00046000000CDCCCC3D20EE05082CFC05084B
:109DE00034FC0508420000000000803F20EE05081A
:109DF00040FC050848FC050846000000CDCCCC3DE1
:109E000020EE050858FC050860FC05084600000027
:109E1000CDCCCC3D20EE05086CFC050874FC050893
:109E200046000000CDCCCC3D20EE05088CFC05089A
:109E300094FC0508490000000000803F20EE050862
:109E4000A0FC0508A8FC0508420000000000803FB7
:109E500020EE0508B4FC0508BCFC0508460000001F
:109E6000CDCCCC3D20EE0508C8FC0508D0FC05088B
:109E700046000000CDCCCC3D20EE0508B808060811
:109E8000C0080608490000000000803F20EE0508D9
:109E9000CC080608D4080608490000000000803FEE
:109EA00020EE0508E0080608E8080608490000005A
:109EB0000000803F20EE0508DCFC0508E4FC0508F6
:109EC000490000000000803F20EE0508B4020608AB
:109ED00064E9050846000000CDCCCC3D20EE050825
:109EE000F0FC0508F4080608490000000000803F67
:109EF00020EE050804FD05080CFD050846000000DD
:109F0000CDCCCC3D20EE050814FD05081CFD050850
:109F1000420000000000803F20EE0508FC08060813
:109F20000409060846000000CDCCCC3D20EE050813
:109F300028FD050830FD050846000000CDCCCC3DCD
:109F400020EE05083CFD050844FD0508460000001C
:109F5000CDCCCC3D20EE050850FD050858FD050888
:109F6000420000000000803F20EE050864FD050867
:109F70006CFD0508420000000000803F20EE05084F
:109F8000100906081809060846000000CDCCCC3D93
:109F900020EE0508200906082809060849000000E7
:109FA0000000803F20EE050878FD050880FD0508CB
:109FB000490000000000803F20EE05088CFD0508E8
:109FC00094FD0508420000000000803F20EE0508D7
:109FD000A0FD050864E9050846000000CDCCCC3D95
:109FE00020EE0508A8FD050870E9050846000000F8
:109FF000CDCCCC3D20EE0508340906083C09060806
:10A0000046000000CDCCCC3D20EE0508B0FD050893
:10A01000B8FD0508490000000000803F20EE05085B
:10A02000480906085009060846000000CDCCCC3D82
:10A0300020EE05085C0906086409060846000000D1
:10A04000CDCCCC3D20EE0508740906087C09060835
:10A0500046000000CDCCCC3D20EE0508C0FD050833
:10A06000C8FD050846000000CDCCCC3D20EE05081B
:10A07000D4FD0508DCFD050846000000CDCCCC3D34
:10A0800020EE0508F8FD050800FE0508490000005F
:10A090000000803F20EE05080CFE050814FE0508B0
:10A0A000490000000000803F20EE05088C020608F1
:10A0B00094020608420000000000803F20EE0508E0
:10A0C000880906089009060846000000CDCCCC3D62
:10A0D00020EE05089C090608A409060849000000AE
:10A0E0000000803F20EE0508B0090608CC060608EF
:10A0F000490000000000803F20EE0508B80906086E
:10A10000C009060846000000CDCCCC3D20EE050875
:10A11000CC090608E8F6050846000000CDCCCC3D89
:10A1200020EE0508FC090608D007060842000000DA
:10A130000000803F20EE050840FE050848FE0508A7
:10A1400046000000CDCCCC3D20EE050850FE0508B1
:10A1500058FE050846000000CDCCCC3D20EE050899
:10A1600084FE05088CFE0508490000000000803FC1
:10A1700020EE0508AC2B0608A8FE050846000000E6
:10A18000CDCCCC3D20EE05081C0F0608B0FE05081E
:10A19000420000000000803F20EE0508040A060887
:10A1A0000C0A0608490000000000803F20EE050868
:10A1B000140A06081C0A060846000000CDCCCC3D57
:10A1C00020EE0508BCFE0508C4FE0508420000009C
:10A1D0000000803F20EE0508E4FE0508ECFE0508BF
:10A1E000490000000000803F20EE0508F8FE050849
:10A1F00000FF050846000000CDCCCC3D20EE050850
:10A20000380A0608400A060846000000CDCCCC3DBE
:10A2100020EE0508500A0608580A06084600000005
:10A22000CDCCCC3D20EE0508600A0608680A060879
:10A2300046000000CDCCCC3D20EE0508700A060893
:10A24000780A0608490000000000803F20EE05085B
:10A25000A00A0608A80A060846000000CDCCCC3D9E
:10A2600020EE0508B00A0608B80A060846000000F5
:10A27000CDCCCC3D20EE0508C00A0608C80A060869
:10A28000490000000000803F20EE0508D0280608A5
:10A29000E40A0608490000000000803F20EE05089F
:10A2A000F00A0608F80A0608490000000000803F8E
:10A2B00020EE0508040306080C030608420000000F
:10A2C0000000803F20EE0508000B0608080B06087A
:10A2D00046000000CDCCCC3D20EE0508E82806085D
:10A2E000140B060846000000CDCCCC3D20EE05083E
:10A2F00024030608200B060846000000CDCCCC3D08
:10A3000020EE05082C0B0608340B0608460000005A
:10A31000CDCCCC3D20EE0508400B0608480B0608C6
:10A32000490000000000803F20EE0508A80B060849
:10A33000B00B060846000000CDCCCC3D20EE050851
:10A34000BC0B0608C40B060846000000CDCCCC3D73
:10A3500020EE0508D00B0608D80B060849000000BF
:10A360000000803F20EE0508E40B0608EC0B060811
:10A37000490000000000803F20EE0508FC0B0608A5
:10A38000040C0608490000000000803F20EE05088C
:10A39000100C0608180C060846000000CDCCCC3D79
:10A3A00020EE0508240C06082C0C060849000000C5
:10A3B0000000803F20EE05080CFF050814FF05088B
:10A3C000490000000000803F20EE050820FF05083E
:10A3D00028FF0508490000000000803F20EE050826
:10A3E00034FF05083CFF0508490000000000803FDD
:10A3F00020EE050848FF050850FF0508460000004C
:10A40000CDCCCC3D20EE05085CFF050864FF0508B7
:10A4100046000000CDCCCC3D20EE050870FF0508BD
:10A4200078FF050846000000CDCCCC3D20EE0508A5
:10A4300084FF05088CFF050846000000CDCCCC3D0C
:10A4400020EE050898FF0508A0FF0508460000005B
:10A45000CDCCCC3D20EE0508ACFF0508B4FF0508C7
:10A4600046000000CDCCCC3D20EE0508C0FF05081D
:10A47000C8FF050846000000CDCCCC3D20EE050805
:10A48000D4FF0508DCFF050846000000CDCCCC3D1C
:10A4900020EE0508E8FF0508F0FF05084900000068
:10A4A0000000803F20EE0508FCFF050804000608B8
:10A4B000490000000000803F20EE0508100006085B
:10A4C00018000608490000000000803F20EE050843
:10A4D000240006082C000608490000000000803F08
:10A4E00020EE050838000608400006084900000074
:10A4F0000000803F20EE0508380C0608400C0608D6
:10A50000420000000000803F20EE05084C000608D5
:10A5100054000608420000000000803F20EE0508BD
:10A520006000060868000608420000000000803F46
:10A5300020EE0508740006087C00060842000000B2
:10A540000000803F20EE0508840006084C0C060839
:10A55000420000000000803F20EE05089800060839
:10A56000540C0608420000000000803F20EE050861
:10A57000AC0006085C0C0608420000000000803FAA
:10A5800020EE0508C0000608640C06084200000022
:10A590000000803F20EE0508D40006086C0C060879
:10A5A000420000000000803F20EE0508E800060899
:10A5B000740C0608420000000000803F20EE0508F1
:10A5C000FC000608800C0608420000000000803FE6
:10A5D00020EE0508100106088C0C06084200000059
:10A5E0000000803F20EE050824010608980C0608AC
:10A5F000420000000000803F20EE05083C010608F4
:10A60000A40C0608420000000000803F20EE050870
:10A6100054010608B00C0608420000000000803F0C
:10A6200020EE05086C0106084401060842000000FF
:10A630000000803F20EE050884010608BC0C0608D7
:10A64000420000000000803F20EE05089801060847
:10A65000C80C0608420000000000803F20EE0508FC
:10A66000B001060864030608420000000000803FB5
:10A6700020EE0508C4010608D40C060842000000BC
:10A680000000803F20EE0508D8010608E00C06080F
:10A69000420000000000803F20EE0508F00106089F
:10A6A000EC0C0608420000000000803F20EE050888
:10A6B000E02A06089CFA0508420000000000803FDE
:10A6C00020EE050814020608F80C060842000000F7
:10A6D0000000803F20EE050828020608040D060849
:10A6E000420000000000803F20EE050840020608FE
:10A6F00050030608420000000000803F20EE0508DD
:10A700005802060844030608420000000000803F8B
:10A7100020EE05085C0306086403060842000000FA
:10A720000000803F20EE0508100D0608180D0608F1
:10A73000420000000000803F20EE0508240D0608BE
:10A740002C0D0608420000000000803F20EE0508A6
:10A75000380D060830020608420000000000803F65
:10A7600020EE0508400D0608480D060842000000CE
:10A770000000803F20EE0508540D060810F705087C
:10A78000420000000000803F20EE05085C0D060836
:10A79000640D0608420000000000803F20EE05081E
:10A7A000700D0608780D0608420000000000803F8A
:10A7B00020EE0508840D06088C0D060842000000F6
:10A7C0000000803F74F2050868F5050870E9050887
:10A7D00046000000CDCCCC3D74F2050870F50508AC
:10A7E00034ED050846000000CDCCCC3D74F20508E0
:10A7F00078F5050880F5050846000000CDCCCC3D75
:10A8000074F205088CF5050894F50508460000006B
:10A81000CDCCCC3D74F20508A0F50508A8F50508D7
:10A8200046000000CDCCCC3D74F20508B4F5050817
:10A83000BCF50508490000000000803F74F20508DF
:10A84000C8F50508D0F5050846000000CDCCCC3D84
:10A8500074F20508DCF50508E4F50508460000007B
:10A86000CDCCCC3D74F205087003060878030608C9
:10A8700046000000CDCCCC3D74F20508F0F505088B
:10A88000F8F50508490000000000803F74F2050853
:10A8900004F605080CF60508490000000000803F9A
:10A8A00074F2050818F6050820F6050849000000AE
:10A8B0000000803F74F2050830F6050838F60508F8
:10A8C000490000000000803F74F2050840F60508CA
:10A8D00048F60508490000000000803F74F20508B2
:10A8E00054F605085CF6050846000000CDCCCC3DCA
:10A8F00074F2050868F6050870F6050842000000C5
:10A900000000803F74F20508840306088C030608E3
:10A9100046000000CDCCCC3D74F2050880F6050859
:10A9200088F6050846000000CDCCCC3D74F2050841
:10A9300090F6050898F6050846000000CDCCCC3D01
:10A9400074F2050878020608800206084900000033
:10A950000000803F74F2050898030608A00306086B
:10A9600046000000CDCCCC3D74F20508AC030608CF
:10A97000B403060846000000CDCCCC3D74F20508B7
:10A98000A4F60508ACF60508490000000000803F69
:10A9900074F20508B8F60508C0F60508490000007D
:10A9A0000000803F74F20508CCF60508D4F60508CF
:10A9B000490000000000803F74F20508E0F6050839
:10A9C000E8F6050846000000CDCCCC3D74F2050841
:10A9D000F4F60508FCF60508490000000000803F79
:10A9E00074F2050808F7050810F70508490000008B
:10A9F0000000803F74F205081CF7050824F70508DD
:10AA0000490000000000803F74F2050830F7050897
:10AA100038F70508490000000000803F74F205087F
:10AA200044F705084CF7050846000000CDCCCC3DA6
:10AA300074F205085CF7050864F705084900000092
:10AA40000000803F74F2050870F7050878F70508E4
:10AA5000490000000000803F74F2050888F70508EF
:10AA600090F70508490000000000803F74F20508D7
:10AA70009CF70508A4F7050846000000CDCCCC3DA6
:10AA800074F20508ACF70508B4F7050842000000A9
:10AA90000000803F74F20508C0F70508C8F70508F4
:10AAA000490000000000803F74F20508D4F7050853
:10AAB000DCF70508490000000000803F74F205083B
:10AAC000E8F70508F0F70508490000000000803F9E
:10AAD00074F2050808F8050810F80508420000009F
:10AAE0000000803F74F20508C0030608C80306088A
:10AAF00046000000CDCCCC3D74F205081CF80508DA
:10AB000024F80508420000000000803F74F20508A8
:10AB1000D4030608DC03060846000000CDCCCC3D7B
:10AB200074F20508EC030608F40306084900000067
:10AB30000000803F74F2050834F805080004060898
:10AB4000420000000000803F74F2050848F8050844
:10AB500050F80508420000000000803F74F205082C
:10AB60000C04060814040608490000000000803F99
:10AB700074F20508200406082804060846000000B0
:10AB8000CDCCCC3D74F20508380406084004060814
:10AB9000490000000000803F74F20508A00206088A
:10ABA000A8020608490000000000803F74F2050872
:10ABB000E4020608EC02060846000000CDCCCC3DBD
:10ABC00074F205084C04060854040608420000000C
:10ABD0000000803F74F205085C040608640406085F
:10ABE00046000000CDCCCC3D74F205087004060888
:10ABF00078040608420000000000803F74F2050857
:10AC0000840406088C04060846000000CDCCCC3D28
:10AC100074F20508940406089C040608420000002B
:10AC20000000803F74F20508A8040608B004060876
:10AC3000420000000000803F74F205085CF805083F
:10AC400064F80508490000000000803F74F2050820
:10AC50006CF8050874F80508490000000000803F02
:10AC600074F205087CF8050884F80508490000001E
:10AC70000000803F74F205088CF8050894F8050878
:10AC8000490000000000803F74F205089CF80508A8
:10AC9000A4F80508490000000000803F74F2050890
:10ACA000ACF80508B4F80508490000000000803F32
:10ACB00074F20508BCF80508C4F80508490000004E
:10ACC0000000803F74F20508CCF80508D4F80508A8
:10ACD000490000000000803F74F20508DCF8050818
:10ACE000E4F80508490000000000803F74F2050800
:10ACF000ECF80508F4F80508490000000000803F62
:10AD000074F20508FCF8050804F90508490000007C
:10AD10000000803F74F205080CF9050814F90508D5
:10AD2000490000000000803F74F20508BC040608DA
:10AD3000C4040608420000000000803F74F20508C9
:10AD4000D0040608D8040608420000000000803F36
:10AD500074F20508E4040608EC040608420000004A
:10AD60000000803F74F20508F80406080005060894
:10AD7000420000000000803F74F205080C05060840
:10AD800014050608420000000000803F74F2050828
:10AD90002005060828050608420000000000803F44
:10ADA00074F20508340506083C0506084200000058
:10ADB0000000803F74F205081CF9050824F9050815
:10ADC00046000000CDCCCC3D74F2050830F90508F2
:10ADD00038F90508490000000000803F74F20508BA
:10ADE00048F9050850F90508490000000000803FB7
:10ADF00074F205085CF9050864F9050849000000CB
:10AE00000000803F74F205086CF9050874F9050824
:10AE1000490000000000803F74F2050880F9050831
:10AE200088F90508490000000000803F74F2050819
:10AE300094F905089CF90508420000000000803FD5
:10AE400074F20508BCF9050858E905084900000036
:10AE50000000803F74F20508D8F90508E0F90508FC
:10AE6000490000000000803F74F20508E8F9050879
:10AE7000F0F90508490000000000803F74F2050861
:10AE800000FA050808FA0508490000000000803FA4
:10AE900074F2050814FA05081CFA050849000000B8
:10AEA0000000803F74F2050824FA05082CFA050812
:10AEB000420000000000803F74F205083CFA0508DB
:10AEC00044FA050846000000CDCCCC3D74F20508DC
:10AED00054FA05085CFA050846000000CDCCCC3DCC
:10AEE00074F20508480506085005060846000000EB
:10AEF000CDCCCC3D74F205085C0506086405060857
:10AF000046000000CDCCCC3D74F205086CFA050873
:10AF100074FA0508420000000000803F74F2050842
:10AF200080FA050888FA0508490000000000803F03
:10AF300074F2050894FA05089CFA05084900000017
:10AF40000000803F74F20508A8FA0508B0FA050869
:10AF5000490000000000803F74F20508BCFA0508B3
:10AF6000C4FA0508420000000000803F74F20508A2
:10AF70007005060878050608490000000000803FBB
:10AF800074F20508840506088C05060849000000CF
:10AF90000000803F74F20508D0FA0508D8FA0508C9
:10AFA000490000000000803F74F20508E4FA05083B
:10AFB000ECFA0508490000000000803F74F2050823
:10AFC000F8FA050800FB0508490000000000803F72
:10AFD00074F2050898050608A00506084900000057
:10AFE0000000803F74F20508AC050608B4050608A9
:10AFF00046000000CDCCCC3D74F20508C005060823
:10B00000C805060846000000CDCCCC3D74F205080A
:10B01000D4050608DC050608490000000000803F52
:10B0200074F205080CFB050814FB05084900000034
:10B030000000803F74F2050824FB05082CFB05087E
:10B04000490000000000803F74F20508F40506087E
:10B05000FC05060846000000CDCCCC3D74F2050886
:10B060004CFB050854FB0508490000000000803F28
:10B0700074F2050860FB050868FB0508490000003C
:10B080000000803F74F2050874FB05087CFB05088E
:10B09000490000000000803F74F205080806060819
:10B0A00010060608490000000000803F74F2050801
:10B0B0002006060828060608490000000000803F18
:10B0C00074F2050838060608400606084900000024
:10B0D0000000803F74F205084C0606085406060876
:10B0E000490000000000803F74F205086006060871
:10B0F00068060608490000000000803F74F2050859
:10B10000740606087C060608490000000000803F1F
:10B1100074F2050888060608F4FB050849000000DB
:10B120000000803F74F2050890060608980606089D
:10B13000420000000000803F74F20508A4060608E3
:10B14000CCFB0508420000000000803F74F20508B7
:10B15000AC060608E0FB0508420000000000803F46
:10B1600074F20508B406060858FD05084200000000
:10B170000000803F74F20508BC0606086CFD050857
:10B18000420000000000803F74F20508C406060873
:10B19000CC060608490000000000803F74F2050854
:10B1A000D8060608E0060608490000000000803FB7
:10B1B00074F20508EC060608F406060849000000CB
:10B1C0000000803F74F2050800070608080706081B
:10B1D000490000000000803F74F2050814070608CB
:10B1E0001C070608490000000000803F74F20508B3
:10B1F0002807060830070608490000000000803FC5
:10B2000074F205083C0706084407060849000000D8
:10B210000000803F74F2050850070608580706082A
:10B22000490000000000803F74F20508640706082A
:10B230006C070608490000000000803F74F2050812
:10B240007807060880070608490000000000803FD4
:10B2500074F205088C0706089407060842000000EF
:10B260000000803F74F20508A0070608A80706083A
:10B27000490000000000803F74F20508B40706088A
:10B28000BC070608420000000000803F74F2050879
:10B29000C8070608D0070608420000000000803FEB
:10B2A00074F20508D8070608E00706084900000000
:10B2B0000000803F74F20508EC070608F407060852
:10B2C00046000000CDCCCC3D74F20508FC07060812
:10B2D00004080608490000000000803F74F20508D9
:10B2E0000C0806081408060846000000CDCCCC3D2A
:10B2F00074F205081C080608240806084600000029
:10B30000CDCCCC3D74F205082C080608340806089C
:10B31000490000000000803F74F205083C08060860
:10B320004408060846000000CDCCCC3D74F2050868
:10B330004C0806085408060846000000CDCCCC3D59
:10B3400074F205085C080608640806084900000055
:10B350000000803F74F205086C08060874080608AF
:10B3600046000000CDCCCC3D74F205087C080608F0
:10B3700084080608490000000000803F74F20508B8
:10B380009008060898080608490000000000803F61
:10B3900074F20508A4080608AC0806084900000075
:10B3A0000000803F74F2050888FB050870E9050875
:10B3B00046000000CDCCCC3D74F205089CFB05088E
:10B3C000A4FB0508490000000000803F74F2050856
:10B3D000B0FB0508B8FB0508420000000000803FF4
:10B3E00074F20508C4FB0508CCFB05084200000008
:10B3F0000000803F74F20508D8FB0508E0FB050853
:10B40000420000000000803F74F20508ECFB0508D4
:10B41000F4FB0508490000000000803F74F20508B5
:10B42000FCFB050804FC050846000000CDCCCC3D23
:10B4300074F2050810FC050818FC05084600000019
:10B44000CDCCCC3D74F2050824FC05087CE9050848
:10B4500046000000CDCCCC3D74F205082CFC05085C
:10B4600034FC0508420000000000803F74F205082B
:10B4700040FC050848FC050846000000CDCCCC3D4A
:10B4800074F2050858FC050860FC05084600000039
:10B49000CDCCCC3D74F205086CFC050874FC0508A5
:10B4A00046000000CDCCCC3D74F205088CFC0508AC
:10B4B00094FC0508490000000000803F74F2050874
:10B4C000A0FC0508A8FC0508420000000000803F21
:10B4D00074F20508B4FC0508BCFC05084600000031
:10B4E000CDCCCC3D74F20508C8FC0508D0FC05089D
:10B4F00046000000CDCCCC3D74F20508B808060823
:10B50000C0080608490000000000803F74F20508EA
:10B51000CC080608D4080608490000000000803F57
:10B5200074F20508E0080608E8080608490000006B
:10B530000000803F74F20508DCFC0508E4FC050807
:10B54000490000000000803F74F20508B4020608BC
:10B5500064E9050846000000CDCCCC3D74F2050836
:10B56000F0FC0508F4080608490000000000803FD0
:10B5700074F2050804FD05080CFD050846000000EE
:10B58000CDCCCC3D74F2050814FD05081CFD050862
:10B59000420000000000803F74F20508FC08060825
:10B5A0000409060846000000CDCCCC3D74F2050825
:10B5B00028FD050830FD050846000000CDCCCC3D37
:10B5C00074F205083CFD050844FD0508460000002E
:10B5D000CDCCCC3D74F2050850FD050858FD05089A
:10B5E000420000000000803F74F2050864FD050879
:10B5F0006CFD0508420000000000803F74F2050861
:10B60000100906081809060846000000CDCCCC3DFC
:10B6100074F20508200906082809060849000000F8
:10B620000000803F74F2050878FD050880FD0508DC
:10B63000490000000000803F74F205088CFD0508F9
:10B6400094FD0508420000000000803F74F20508E8
:10B65000A0FD050864E9050846000000CDCCCC3DFE
:10B6600074F20508A8FD050870E905084600000009
:10B67000CDCCCC3D74F20508340906083C09060817
:10B6800046000000CDCCCC3D74F20508B0FD0508A5
:10B69000B8FD0508490000000000803F74F205086D
:10B6A000480906085009060846000000CDCCCC3DEC
:10B6B00074F205085C0906086409060846000000E3
:10B6C000CDCCCC3D74F20508740906087C09060847
:10B6D00046000000CDCCCC3D74F20508C0FD050845
:10B6E000C8FD050846000000CDCCCC3D74F205082D
:10B6F000D4FD0508DCFD050846000000CDCCCC3D9E
:10B7000074F20508F8FD050800FE05084900000070
:10B710000000803F74F205080CFE050814FE0508C1
:10B72000490000000000803F74F205088C02060802
:10B7300094020608420000000000803F74F20508F1
:10B74000880906089009060846000000CDCCCC3DCB
:10B7500074F205089C090608A409060849000000BF
:10B760000000803F74F20508B0090608CC06060800
:10B77000490000000000803F74F20508B80906087F
:10B78000C009060846000000CDCCCC3D74F2050887
:10B79000CC090608E8F6050846000000CDCCCC3DF3
:10B7A00074F20508D4090608DC0906084600000002
:10B7B000CDCCCC3D74F20508E8090608F00906086E
:10B7C00046000000CDCCCC3D74F20508FC0906080B
:10B7D000D0070608420000000000803F74F2050810
:10B7E00040FE050848FE050846000000CDCCCC3DD3
:10B7F00074F2050850FE050858FE050846000000D2
:10B80000CDCCCC3D74F2050884FE05088CFE0508FD
:10B81000490000000000803F74F20508AC2B0608C8
:10B82000A8FE050846000000CDCCCC3D74F205080A
:10B830001C0F0608B0FE0508420000000000803F13
:10B8400074F20508040A06080C0A060849000000FC
:10B850000000803F74F20508140A06081C0A060856
:10B8600046000000CDCCCC3D74F20508BCFE0508B6
:10B87000C4FE0508420000000000803F74F2050885
:10B88000E4FE0508ECFE0508490000000000803FCA
:10B8900074F20508F8FE050800FF050846000000E0
:10B8A000CDCCCC3D74F20508240A06082C0A060803
:10B8B00046000000CDCCCC3D74F20508380A0608DD
:10B8C000400A060846000000CDCCCC3D74F20508C5
:10B8D000500A0608580A060846000000CDCCCC3DA8
:10B8E00074F20508600A0608680A060846000000A7
:10B8F000CDCCCC3D74F20508700A0608780A06081B
:10B90000490000000000803F74F20508800A060824
:10B91000880A060846000000CDCCCC3D74F205082C
:10B92000900A0608980A060846000000CDCCCC3DD7
:10B9300074F20508A00A0608A80A060846000000D6
:10B94000CDCCCC3D74F20508B00A0608B80A06084A
:10B9500046000000CDCCCC3D74F20508C00A0608B4
:10B96000C80A0608490000000000803F74F205087C
:10B97000D00A0608D80A060846000000CDCCCC3D07
:10B9800074F20508D0280608E40A060849000000F9
:10B990000000803F74F20508F00A0608F80A06085D
:10B9A000490000000000803F74F205080403060807
:10B9B0000C030608420000000000803F74F20508F6
:10B9C000000B0608080B060846000000CDCCCC3D55
:10B9D00074F20508E8280608140B06084600000063
:10B9E000CDCCCC3D74F2050824030608200B0608D4
:10B9F00046000000CDCCCC3D74F205082C0B0608A7
:10BA0000340B060846000000CDCCCC3D74F205088E
:10BA1000400B0608480B0608490000000000803F64
:10BA200074F20508540B06085C0B06084900000078
:10BA30000000803F74F20508680B0608700B0608CA
:10BA4000490000000000803F74F205087C0B0608E6
:10BA5000840B060846000000CDCCCC3D74F20508EE
:10BA6000940B06089C0B060846000000CDCCCC3D8C
:10BA700074F20508A80B0608B00B06084600000083
:10BA8000CDCCCC3D74F20508BC0B0608C40B0608EF
:10BA900046000000CDCCCC3D74F20508D00B060862
:10BAA000D80B0608490000000000803F74F205082A
:10BAB000E40B0608EC0B0608490000000000803F7C
:10BAC00074F20508FC0B0608040C06084900000087
:10BAD0000000803F74F20508100C0608180C0608D8
:10BAE00046000000CDCCCC3D74F20508240C0608BD
:10BAF0002C0C0608490000000000803F74F2050885
:10BB00000CFF050814FF0508490000000000803FF5
:10BB100074F2050820FF050828FF05084900000009
:10BB20000000803F74F2050834FF05083CFF05085B
:10BB3000490000000000803F74F2050848FF050836
:10BB400050FF050846000000CDCCCC3D74F205083E
:10BB50005CFF050864FF050846000000CDCCCC3D25
:10BB600074F2050870FF050878FF0508460000001C
:10BB7000CDCCCC3D74F2050884FF05088CFF050888
:10BB800046000000CDCCCC3D74F2050898FF0508B6
:10BB9000A0FF050846000000CDCCCC3D74F205089E
:10BBA000ACFF0508B4FF050846000000CDCCCC3D35
:10BBB00074F20508C0FF0508C8FF0508460000002C
:10BBC000CDCCCC3D74F20508D4FF0508DCFF050898
:10BBD00046000000CDCCCC3D74F20508E8FF050816
:10BBE000F0FF0508490000000000803F74F20508DE
:10BBF000FCFF050804000608490000000000803F23
:10BC000074F2050810000608180006084900000034
:10BC10000000803F74F20508240006082C00060886
:10BC2000490000000000803F74F205083800060853
:10BC300040000608490000000000803F74F205083B
:10BC4000380C0608400C0608420000000000803F47
:10BC500074F205084C000608540006084200000073
:10BC60000000803F74F205086000060868000608BE
:10BC7000420000000000803F74F2050874000608CE
:10BC80007C000608420000000000803F74F20508B6
:10BC9000840006084C0C0608420000000000803FAB
:10BCA00074F2050898000608540C060842000000CB
:10BCB0000000803F74F20508AC0006085C0C060822
:10BCC000420000000000803F74F20508C000060832
:10BCD000640C0608420000000000803F74F2050872
:10BCE000D40006086C0C0608420000000000803FEB
:10BCF00074F20508E8000608740C0608420000000B
:10BD00000000803F74F20508FC000608800C06085D
:10BD1000420000000000803F74F205081001060890
:10BD20008C0C0608420000000000803F74F20508F9
:10BD300024010608980C0608420000000000803F1D
:10BD400074F205083C010608A40C06084200000035
:10BD50000000803F74F2050854010608B00C060884
:10BD6000420000000000803F74F205086C010608E4
:10BD700044010608420000000000803F74F20508FC
:10BD800084010608BC0C0608420000000000803F49
:10BD900074F2050898010608C80C06084200000065
:10BDA0000000803F74F20508B0010608640306082D
:10BDB000420000000000803F74F20508C40106083C
:10BDC000D40C0608420000000000803F74F2050811
:10BDD000D8010608E00C0608420000000000803F81
:10BDE00074F20508F0010608EC0C06084200000099
:10BDF0000000803F74F20508E02A06089CFA050856
:10BE0000420000000000803F74F20508140206089A
:10BE1000F80C0608420000000000803F74F205089C
:10BE200028020608040D0608420000000000803FBA
:10BE300074F205084002060850030608420000009C
:10BE40000000803F74F20508580206084403060803
:10BE5000420000000000803F74F205085C03060801
:10BE600064030608420000000000803F74F20508E9
:10BE7000100D0608180D0608420000000000803F63
:10BE800074F20508240D06082C0D06084200000077
:10BE90000000803F74F20508380D060830020608DD
:10BEA000420000000000803F74F20508400D0608C3
:10BEB000480D0608420000000000803F74F20508AB
:10BEC000540D060810F70508420000000000803FEE
:10BED00074F205085C0D0608640D060842000000B7
:10BEE0000000803F74F20508700D0608780D060802
:10BEF000420000000000803F74F20508840D06082F
:10BF00008C0D0608420000000000803F08F505087F
:10BF1000A00D0608A80D0608460000000000803F9E
:10BF200008F50508B80D0608C00D06084900000010
:10BF30000000803F08F50508D00D0608D80D06085A
:10BF4000490000000000803F08F50508E80D0608DC
:10BF5000F00D0608490000000000803F08F50508C4
:10BF6000000E0608080E0608490000000000803F89
:10BF700008F50508180E0608200E060849000000FE
:10BF80000000803F08F50508300E0608380E060848
:10BF9000490000000000803F08F50508480E06082B
:10BFA000500E0608490000000000803F08F5050813
:10BFB000640E0608600E0608460000000000803F80
:10BFC00008F505086C0E0608FCF505084900000098
:10BFD0000000803F08F50508740E0608F8F505080E
:10BFE000490000000000803F08F505087C0E0608A7
:10BFF000840E0608490000000000803F08F505088F
:10C0000020FE0508900E0608490000000000803F51
:10C0100008F505089C0E0608980E06084900000061
:10C020000000803F08F50508A40E0608AC0E0608BF
:10C03000490000000000803F08F50508B80E06081A
:10C04000C00E0608490000000000803F08F5050802
:10C05000D40E0608D00E0608460000000000803FFF
:10C0600008F5050850FE0508DC0E0608490000002A
:10C070000000803F08F5050860FE0508E80E060888
:10C08000490000000000803F08F5050870FE050823
:10C09000F00E060846000000CDCCCC3D08F50508A2
:10C0A000000F0608FC0E0608460000000000803F56
:10C0B00008F5050884FE050854ED05084600000053
:10C0C000CDCCCC3D08F50508AC2B0608080F0608BA
:10C0D00046000000CDCCCC3D08F505081C0F060835
:10C0E000180F0608490000000000803F08F5050809
:10C0F000240F06082C0F060846000000CDCCCC3DCE
:10C1000008F50508400F06083C0F06084600000029
:10C110000000803F08F50508480F060870ED050887
:10C12000490000000000803F08F50508040A0608E1
:10C13000500F0608490000000000803F08F5050880
:10C14000140A0608580F0608490000000000803F46
:10C1500008F50508680F0608700F0608460000007D
:10C16000CDCCCC3D08F50508800F06087C0F0608ED
:10C17000460000000000803F08F50508880F06080B
:10C1800060ED050846000000CDCCCC3D08F5050863
:10C19000900F0608980F060846000000CDCCCC3D55
:10C1A00008F50508A80F0608A40F060846000000B9
:10C1B0000000803F08F50508B00F0608B80F060814
:10C1C00046000000CDCCCC3D08F50508CC0F060894
:10C1D000C80F0608460000000000803F08F505086B
:10C1E000D40F0608DC0F060846000000CDCCCC3D7D
:10C1F00008F50508E80F0608F00F060846000000DD
:10C20000CDCCCC3D08F50508F80F0608001006084F
:10C21000490000000000803F08F5050810100608DE
:10C2200018100608490000000000803F08F50508C6
:10C230002010060828100608490000000000803F72
:10C2400008F50508381006084010060849000000E7
:10C250000000803F08F50508BCFE050850100608E0
:10C26000490000000000803F08F50508541006084A
:10C270005C100608490000000000803F08F5050832
:10C280006810060870100608490000000000803F92
:10C2900008F505087C100608841006084600000012
:10C2A000CDCCCC3D08F50508941006089C10060876
:10C2B00046000000CDCCCC3D08F50508AC100608C2
:10C2C000B410060846000000CDCCCC3D08F50508AA
:10C2D000C0100608C810060846000000CDCCCC3DB2
:10C2E00008F50508D8100608E0100608460000000A
:10C2F000CDCCCC3D08F50508D0FE0508EC100608AD
:10C3000046000000CDCCCC3D08F50508FC10060821
:10C310000411060846000000CDCCCC3D08F5050808
:10C32000141106081C11060846000000CDCCCC3DB7
:10C3300008F505082C11060834110608460000000F
:10C34000CDCCCC3D08F50508441106084C11060873
:10C3500046000000CDCCCC3D08F505085C11060870
:10C3600064110608490000000000803F08F5050838
:10C37000E4FE05087811060846000000CDCCCC3D4F
:10C3800008F50508F8FE05088411060849000000B4
:10C390000000803F08F5050890110608981106086E
:10C3A00046000000CDCCCC3D08F50508A8110608D4
:10C3B000B011060846000000CDCCCC3D08F50508BC
:10C3C000C0110608C8110608490000000000803F9F
:10C3D00008F50508D8110608E01106084900000014
:10C3E0000000803F08F50508E8110608F01106086E
:10C3F00046000000CDCCCC3D08F50508001206082B
:10C400000812060846000000CDCCCC3D08F5050812
:10C410001C12060824120608490000000000803F94
:10C4200008F5050830120608381206084900000011
:10C430000000803F08F5050840120608481206086B
:10C44000490000000000803F08F505085412060866
:10C450005C120608490000000000803F08F505084E
:10C460006812060870120608490000000000803FAC
:10C4700008F505087C120608841206084900000029
:10C480000000803F08F5050890120608981206087B
:10C49000490000000000803F08F50508A4120608C6
:10C4A000AC120608490000000000803F08F50508AE
:10C4B000BC120608C412060846000000CDCCCC3DD4
:10C4C00008F50508D0120608C81206084600000044
:10C4D000CDCCCC3D08F50508D8120608E0120608B8
:10C4E00046000000CDCCCC3D08F50508F01206084A
:10C4F000F812060846000000CDCCCC3D08F5050832
:10C50000081306081013060846000000CDCCCC3DE9
:10C5100008F505081C130608241306084900000046
:10C520000000803F08F50508301306083813060898
:10C53000490000000000803F08F505084413060884
:10C540004C130608490000000000803F08F505086C
:10C55000541306085C130608490000000000803FE1
:10C5600008F505086813060870130608490000005E
:10C570000000803F08F505087C13060884130608B0
:10C58000490000000000803F08F505088C130608EC
:10C5900094130608490000000000803F08F50508D4
:10C5A000A4130608AC130608490000000000803FF1
:10C5B00008F50508BC130608C41306084900000066
:10C5C0000000803F08F50508D4130608DC130608B0
:10C5D000490000000000803F08F50508E813060840
:10C5E000F0130608490000000000803F08F5050828
:10C5F0000014060808140608490000000000803FE7
:10C6000008F505081C140608241406084900000053
:10C610000000803F08F505082C14060834140608AD
:10C62000490000000000803F08F505084014060896
:10C6300048140608490000000000803F08F505087E
:10C64000541406085C140608490000000000803FEE
:10C6500008F505086C140608741406084900000063
:10C660000000803F08F50508801406083814060805
:10C67000490000000000803F08F5050888140608FE
:10C680004C140608490000000000803F08F505082A
:10C690009014060898140608490000000000803F26
:10C6A00008F50508A8140608B0140608490000009B
:10C6B0000000803F08F50508C0140608C8140608E5
:10C6C00046000000CDCCCC3D08F50508D414060882
:10C6D000D0140608490000000000803F08F5050856
:10C6E000DC140608E4140608490000000000803F3E
:10C6F00008F50508F0140608F814060849000000BB
:10C700000000803F08F50508041506080C1506080A
:10C71000490000000000803F08F5050818150608CC
:10C7200020150608490000000000803F08F50508B4
:10C730002C15060834150608490000000000803F4B
:10C7400008F50508401506084815060849000000C8
:10C750000000803F08F50508541506085C1506081A
:10C76000490000000000803F08F50508681506082C
:10C7700070150608490000000000803F08F5050814
:10C780007C15060884150608490000000000803F5B
:10C7900008F505088C1506089415060849000000E0
:10C7A0000000803F08F505089C150608A41506083A
:10C7B000490000000000803F08F50508AC15060898
:10C7C000B4150608490000000000803F08F5050880
:10C7D000BC150608C4150608490000000000803F8B
:10C7E00008F50508CC150608D41506084900000010
:10C7F0000000803F08F50508DC150608E41506086A
:10C80000490000000000803F08F50508EC15060807
:10C81000F4150608490000000000803F08F50508EF
:10C82000FC15060804160608490000000000803FB9
:10C8300008F50508141606081C160608490000002D
:10C840000000803F08F5050828160608301606087F
:10C85000490000000000803F08F505083C16060866
:10C8600044160608490000000000803F08F505084E
:10C870005016060858160608490000000000803FC0
:10C8800008F50508641606086C160608490000003D
:10C890000000803F08F5050878160608801606088F
:10C8A000490000000000803F08F505088C160608C6
:10C8B00094160608490000000000803F08F50508AE
:10C8C000240A0608A0160608490000000000803F60
:10C8D00008F50508380A0608AC16060849000000E5
:10C8E0000000803F08F50508500A0608B81606083B
:10C8F000490000000000803F08F50508600A0608AE
:10C90000C4160608490000000000803F08F505082D
:10C91000700A0608D0160608490000000000803F93
:10C9200008F50508800A0608DC160608490000001C
:10C930000000803F08F50508900A0608E81606087A
:10C94000490000000000803F08F50508A00A06081D
:10C95000F4160608490000000000803F08F50508AD
:10C96000B00A060800170608490000000000803FD2
:10C9700008F50508C00A06080C170608490000005B
:10C980000000803F08F5050818170608201706085C
:10C99000490000000000803F08F505082C17060834
:10C9A00034170608490000000000803F08F505081C
:10C9B000D00A060840170608490000000000803F22
:10C9C00008F505084C17060854170608490000002A
:10C9D0000000803F08F5050860170608681706087C
:10C9E000490000000000803F08F50508741706089C
:10C9F0007C170608490000000000803F08F5050884
:10CA00008817060890170608490000000000803FBC
:10CA100008F505089C170608A41706084900000039
:10CA20000000803F08F50508B0170608B81706088B
:10CA3000490000000000803F08F50508C0170608FF
:10CA4000C817060846000000CDCCCC3D08F5050807
:10CA5000F00A0608D417060846000000CDCCCC3DED
:10CA600008F5050804030608E0170608460000005C
:10CA7000CDCCCC3D08F50508000B0608F0170608DC
:10CA800046000000CDCCCC3D08F50508240306087F
:10CA900000180608490000000000803F08F505085E
:10CAA0000C18060814180608490000000000803F12
:10CAB00008F505082C0B06081C180608490000009C
:10CAC0000000803F08F50508400B06082C180608F2
:10CAD00046000000CDCCCC3D08F505083818060806
:10CAE0004018060846000000CDCCCC3D08F50508EE
:10CAF000501806085818060846000000CDCCCC3D5A
:10CB000008F50508641806086C18060846000000B9
:10CB1000CDCCCC3D08F505087C180608841806081D
:10CB200046000000CDCCCC3D08F50508901806085D
:10CB30009818060846000000CDCCCC3D08F5050845
:10CB4000A0180608A8180608490000000000803F49
:10CB500008F50508B8180608C018060849000000BE
:10CB60000000803F08F50508680B0608C81806088D
:10CB7000490000000000803F08F505087C0B06080E
:10CB8000D8180608490000000000803F08F5050895
:10CB9000940B0608E8180608490000000000803FD2
:10CBA00008F50508EC180608F41806084900000006
:10CBB0000000803F08F50508001906080819060856
:10CBC000490000000000803F08F505081419060818
:10CBD0001C19060846000000CDCCCC3D08F5050820
:10CBE0002C1906083419060846000000CDCCCC3DAF
:10CBF00008F50508441906084C1906084600000007
:10CC0000CDCCCC3D08F50508581906086019060872
:10CC100046000000CDCCCC3D08F50508701906088B
:10CC20007819060846000000CDCCCC3D08F5050873
:10CC3000841906088C19060846000000CDCCCC3DAE
:10CC400008F505089C190608A41906084600000006
:10CC5000CDCCCC3D08F50508B4190608BC1906086A
:10CC600046000000CDCCCC3D08F50508CC190608DF
:10CC7000D419060846000000CDCCCC3D08F50508C7
:10CC8000E4190608EC19060846000000CDCCCC3D9E
:10CC900008F50508FC190608041A060849000000F2
:10CCA0000000803F08F50508181A0608201A060833
:10CCB00046000000CDCCCC3D08F505082C1A06082E
:10CCC000341A0608490000000000803F08F50508F6
:10CCD000401A0608481A060846000000CDCCCC3D94
:10CCE00008F50508581A0608601A060846000000EC
:10CCF000CDCCCC3D08F50508701A0608781A060850
:10CD0000490000000000803F08F50508881A060861
:10CD1000901A0608490000000000803F08F5050849
:10CD2000981A0608A01A060846000000CDCCCC3D93
:10CD300008F50508B01A0608B81A060846000000EB
:10CD4000CDCCCC3D08F50508CC1A0608D41A060847
:10CD5000490000000000803F08F50508E01A0608B9
:10CD6000E81A0608490000000000803F08F50508A1
:10CD7000F01A0608F81A0608490000000000803F73
:10CD800008F50508041B06080C1B060849000000EE
:10CD90000000803F08F50508181B0608201B060840
:10CDA000490000000000803F08F505082C1B06081C
:10CDB000341B0608490000000000803F08F5050804
:10CDC000401B0608481B0608490000000000803F81
:10CDD00008F50508541B06085C1B060849000000FE
:10CDE0000000803F08F505086C1B0608741B060848
:10CDF00046000000CDCCCC3D08F50508801B060898
:10CE0000781B060846000000CDCCCC3D08F505088F
:10CE1000881B0608901B060846000000CDCCCC3DC0
:10CE200008F50508A01B0608A81B06084600000018
:10CE3000CDCCCC3D08F50508B81B0608C01B06087C
:10CE400046000000CDCCCC3D08F50508CC1B0608FB
:10CE5000D41B0608490000000000803F08F50508C3
:10CE6000E01B0608E81B0608490000000000803FA0
:10CE700008F50508F01B0608F81B06084900000025
:10CE80000000803F08F50508041C06080C1C060875
:10CE9000490000000000803F08F50508181C06083E
:10CEA000201C0608490000000000803F08F5050826
:10CEB000281C0608301C0608490000000000803FBE
:10CEC00008F50508401C0608481C06084900000033
:10CED0000000803F08F50508581C0608601C06087D
:10CEE000490000000000803F08F50508701C060896
:10CEF000781C0608490000000000803F08F505087E
:10CF0000881C0608901C0608490000000000803FAD
:10CF100008F50508A41C0608AC1C0608490000001A
:10CF20000000803F08F50508B41C0608BC1C060874
:10CF3000490000000000803F08F50508C81C0608ED
:10CF4000D01C0608490000000000803F08F50508D5
:10CF5000DC1C0608E41C0608490000000000803FB5
:10CF600008F50508F41C0608FC1C0608490000002A
:10CF70000000803F08F50508081D0608C01C0608CB
:10CF8000490000000000803F08F50508101D060854
:10CF9000D41C0608490000000000803F08F5050881
:10CFA000181D0608201D0608490000000000803FEB
:10CFB00008F50508301D0608381D06084900000060
:10CFC0000000803F08F50508481D0608501D0608AA
:10CFD00046000000CDCCCC3D08F50508581D0608DC
:10CFE000601D0608490000000000803F08F50508A4
:10CFF0006C1D0608741D0608490000000000803FF3
:10D0000008F50508801D0608881D0608490000006F
:10D010000000803F08F50508941D06089C1D0608C1
:10D02000490000000000803F08F50508A81D06081B
:10D03000B01D0608490000000000803F08F5050803
:10D04000B81D0608C01D0608490000000000803F0A
:10D0500008F50508C81D0608D01D0608490000008F
:10D060000000803F08F50508D81D0608E01D0608E9
:10D07000490000000000803F08F50508E81D06088B
:10D08000F01D0608490000000000803F08F5050873
:10D09000001E0608081E0608490000000000803F28
:10D0A00008F50508141E06081C1E060849000000A5
:10D0B0000000803F08F50508281E0608301E0608F7
:10D0C000490000000000803F08F505083C1E0608E6
:10D0D000441E0608490000000000803F08F50508CE
:10D0E000501E0608581E0608490000000000803F38
:10D0F00008F50508641E06086C1E060849000000B5
:10D100000000803F08F50508781E0608801E060806
:10D11000490000000000803F08F505088C1E060845
:10D12000941E0608490000000000803F08F505082D
:10D13000A01E0608A81E0608490000000000803F47
:10D1400008F50508B41E0608BC1E060849000000C4
:10D150000000803F08F50508C81E0608D01E060816
:10D16000490000000000803F08F50508DC1E0608A5
:10D17000E41E0608490000000000803F08F505088D
:10D18000F01E0608F81E0608490000000000803F57
:10D1900008F50508041F06080C1F060846000000D5
:10D1A000CDCCCC3D08F50508201F06081C1F06083D
:10D1B000460000000000803F08F50508281F06080B
:10D1C000301F060846000000CDCCCC3D08F5050810
:10D1D0003C1F0608441F060846000000CDCCCC3D8D
:10D1E00008F50508581F0608541F060846000000E9
:10D1F0000000803F08F50508601F0608681F060844
:10D2000046000000CDCCCC3D08F505087C1F060883
:10D21000781F0608460000000000803F08F505085A
:10D22000841F06088C1F0608490000000000803F8C
:10D2300008F50508981F0608A01F06084900000009
:10D240000000803F08F50508B01F0608B81F060853
:10D25000490000000000803F08F50508C81F0608C7
:10D2600044ED050846000000CDCCCC3D08F505088E
:10D27000D41F0608D01F0608460000000000803FAB
:10D2800008F50508DC1F0608E41F06084600000034
:10D29000CDCCCC3D08F50508F01F0608F81F0608A0
:10D2A00046000000CDCCCC3D08F50508042006085A
:10D2B00000200608460000000000803F08F5050831
:10D2C0000C2006081420060846000000CDCCCC3DFA
:10D2D00008F5050820200608282006084900000057
:10D2E0000000803F08F505083820060840200608A1
:10D2F000490000000000803F08F50508502006089E
:10D3000058200608490000000000803F08F5050885
:10D31000642006086C200608490000000000803FD9
:10D3200008F5050878200608802006084900000056
:10D330000000803F08F505088C20060894200608A8
:10D3400046000000CDCCCC3D08F50508A02006081D
:10D35000A820060846000000CDCCCC3D08F5050805
:10D36000B8200608C020060846000000CDCCCC3D01
:10D3700008F50508D0200608D82006084600000059
:10D38000CDCCCC3D08F50508E8200608F0200608BD
:10D3900046000000CDCCCC3D08F50508002106086C
:10D3A0000821060846000000CDCCCC3D08F5050854
:10D3B000182106082021060846000000CDCCCC3DEF
:10D3C00008F50508342106083C210608460000003F
:10D3D000CDCCCC3D08F505084C21060854210608A3
:10D3E00046000000CDCCCC3D08F5050864210608B8
:10D3F0006C21060846000000CDCCCC3D08F50508A0
:10D400007821060880210608490000000000803FBE
:10D4100008F505088C21060894210608460000003E
:10D42000CDCCCC3D08F50508A0210608A8210608AA
:10D43000490000000000803F08F50508B4210608F7
:10D44000BC210608490000000000803F08F50508DF
:10D45000C8210608D0210608490000000000803FCE
:10D4600008F50508DC210608E4210608490000004B
:10D470000000803F08F50508F0210608F82106089D
:10D48000490000000000803F08F50508002206085A
:10D4900008220608490000000000803F08F5050842
:10D4A000142206081C220608490000000000803FE4
:10D4B00008F505082C220608342206084900000059
:10D4C0000000803F08F505084022060848220608AB
:10D4D000490000000000803F08F5050854220608B6
:10D4E0005C220608490000000000803F08F505089E
:10D4F0006822060870220608490000000000803FEC
:10D5000008F5050880220608882206084900000060
:10D510000000803F08F505089022060898220608BA
:10D52000490000000000803F08F50508A422060815
:10D53000AC220608490000000000803F08F50508FD
:10D54000B4220608BC220608490000000000803F03
:10D5500008F50508C4220608CC2206084900000088
:10D560000000803F08F50508D4220608DC220608E2
:10D57000490000000000803F08F50508E422060885
:10D58000EC220608490000000000803F08F505086D
:10D59000F4220608FC220608490000000000803F33
:10D5A00008F50508042306080C23060849000000B6
:10D5B0000000803F08F50508142306081C23060810
:10D5C000490000000000803F08F5050824230608F4
:10D5D0002C230608490000000000803F08F50508DC
:10D5E0003C23060844230608490000000000803F51
:10D5F00008F50508542306085C23060849000000C6
:10D600000000803F08F505086C230608742306080F
:10D61000490000000000803F08F505088423060843
:10D620008C230608490000000000803F08F505082B
:10D630009C230608A4230608490000000000803F40
:10D6400008F50508B4230608BC23060849000000B5
:10D650000000803F08F50508CC230608D4230608FF
:10D66000490000000000803F08F50508E423060893
:10D67000EC230608490000000000803F08F505087B
:10D68000FC23060804240608490000000000803F2F
:10D6900008F50508142406081C24060849000000A3
:10D6A0000000803F08F505082824060830240608F5
:10D6B000490000000000803F08F5050840240608E6
:10D6C00048240608490000000000803F08F50508CE
:10D6D0005824060860240608490000000000803F26
:10D6E00008F505087024060878240608490000009B
:10D6F0000000803F08F505088824060890240608E5
:10D70000490000000000803F08F50508A024060835
:10D71000A8240608490000000000803F08F505081D
:10D72000B8240608C0240608490000000000803F15
:10D7300008F50508D0240608D8240608490000008A
:10D740000000803F08F50508E8240608F0240608D4
:10D7500046000000CDCCCC3D08F5050800250608A4
:10D760000825060846000000CDCCCC3D08F505088C
:10D77000182506082025060846000000CDCCCC3D23
:10D7800008F505083025060838250608460000007B
:10D79000CDCCCC3D08F505084825060850250608DF
:10D7A000490000000000803F08F505085C250608D8
:10D7B0006425060846000000CDCCCC3D08F50508E0
:10D7C0006C2506087425060846000000CDCCCC3D2B
:10D7D00008F505087C250608842506084900000090
:10D7E0000000803F08F505088C25060894250608EA
:10D7F00046000000CDCCCC3D08F50508A425060860
:10D80000AC25060846000000CDCCCC3D08F5050847
:10D81000BC250608C425060846000000CDCCCC3D3A
:10D8200008F50508D4250608DC2506084600000092
:10D83000CDCCCC3D08F50508EC250608F4250608F6
:10D8400046000000CDCCCC3D08F5050804260608AE
:10D850000C260608490000000000803F08F5050876
:10D86000182606082026060846000000CDCCCC3D30
:10D8700008F5050828260608302606084600000098
:10D88000CDCCCC3D08F5050838260608402606080C
:10D89000490000000000803F08F5050848260608FA
:10D8A0005026060846000000CDCCCC3D08F5050802
:10D8B000602606086826060846000000CDCCCC3D50
:10D8C00008F50508782606088026060846000000A8
:10D8D000CDCCCC3D08F5050890260608982606080C
:10D8E000490000000000803F08F50508A42606084E
:10D8F000AC260608490000000000803F08F5050836
:10D90000BC260608C4260608490000000000803F27
:10D9100008F50508D4260608DC260608490000009C
:10D920000000803F08F50508E8260608F0260608EE
:10D93000490000000000803F08F5050800270608A0
:10D9400008270608490000000000803F08F5050888
:10D95000142706081C270608490000000000803F25
:10D9600008F50508282706083027060849000000A2
:10D970000000803F08F505083C27060844270608F4
:10D98000490000000000803F08F505085027060800
:10D990005827060846000000CDCCCC3D08F5050808
:10D9A000602706086827060846000000CDCCCC3D5D
:10D9B00008F5050870270608C40906084600000097
:10D9C000CDCCCC3D08F50508782706088027060849
:10D9D000490000000000803F08F505088827060878
:10D9E00090270608490000000000803F08F5050860
:10D9F0009C270608A4270608490000000000803F75
:10DA000008F50508AC270608B427060846000000FC
:10DA1000CDCCCC3D08F50508BC270608C427060870
:10DA2000490000000000803F08F50508D4270608DB
:10DA3000DC270608490000000000803F08F50508C3
:10DA4000E4270608EC270608490000000000803F94
:10DA500008F50508FC270608042806084900000008
:10DA60000000803F08F50508142806081C28060851
:10DA700046000000CDCCCC3D08F505082828060856
:10DA800030280608490000000000803F08F505081E
:10DA90004028060848280608490000000000803F8A
:10DAA00008F50508582806086028060849000000FF
:10DAB0000000803F08F50508702806087828060849
:10DAC00046000000CDCCCC3D08F5050884280608AA
:10DAD0008C280608490000000000803FC4F40508B7
:10DAE00054F605089C28060846000000CDCCCC3D25
:10DAF000C4F40508A00D0608A80D0608460000009D
:10DB00000000803FC4F40508B80D0608C00D0608E3
:10DB1000490000000000803FC4F40508D00D06084D
:10DB2000D80D0608490000000000803FC4F4050835
:10DB3000E80D0608F00D0608490000000000803FCF
:10DB4000C4F40508000E0608080E06084900000087
:10DB50000000803FC4F40508180E0608200E0608D1
:10DB6000490000000000803FC4F40508300E06089C
:10DB7000380E0608490000000000803FC4F4050884
:10DB8000480E0608500E0608490000000000803FBD
:10DB9000C4F4050894F90508AC2806084200000002
:10DBA0000000803FC4F4050824FC0508B8280608D6
:10DBB00046000000CDCCCC3DC4F405086CFC050843
:10DBC000C428060846000000CDCCCC3DC4F40508AE
:10DBD000FC020608F8020608460000000000803F2C
:10DBE000C4F40508640E0608600E0608460000002E
:10DBF0000000803FC4F405086C0E0608FCF505081B
:10DC0000490000000000803FC4F40508740E0608B7
:10DC1000F8F50508490000000000803FC4F405083D
:10DC20007C0E0608840E0608490000000000803FB4
:10DC3000C4F4050820FE0508900E060849000000FF
:10DC40000000803FC4F405089C0E0608980E0608E4
:10DC5000490000000000803FC4F40508A40E060837
:10DC6000AC0E0608490000000000803FC4F405081F
:10DC7000B80E0608C00E0608490000000000803FEC
:10DC8000C4F40508D40E0608D00E060846000000AD
:10DC90000000803FC4F4050850FE0508DC0E0608AD
:10DCA000490000000000803FC4F4050860FE05083C
:10DCB000E80E0608490000000000803FC4F4050893
:10DCC00070FE0508F00E060846000000CDCCCC3DE5
:10DCD000C4F40508000F0608FC0E06084600000004
:10DCE0000000803FC4F4050884FE050854ED0508D3
:10DCF00046000000CDCCCC3DC4F40508AC2B060892
:10DD0000080F060846000000CDCCCC3DC4F4050841
:10DD10001C0F0608180F0608490000000000803F8D
:10DD2000C4F40508240F06082C0F0608460000005E
:10DD3000CDCCCC3DC4F40508400F06083C0F0608C6
:10DD4000460000000000803FC4F40508480F0608A4
:10DD500070ED0508490000000000803FC4F405088C
:10DD6000040A0608500F0608490000000000803F22
:10DD7000C4F40508140A0608580F060849000000F4
:10DD80000000803FC4F40508680F0608700F0608FD
:10DD900046000000CDCCCC3DC4F40508800F060839
:10DDA0007C0F0608460000000000803FC4F4050810
:10DDB000880F060860ED050846000000CDCCCC3D7C
:10DDC000C4F40508900F0608980F060846000000E6
:10DDD000CDCCCC3DC4F40508A80F0608A40F060856
:10DDE000460000000000803FC4F40508B00F06089C
:10DDF000B80F060846000000CDCCCC3DC4F40508A1
:10DE0000CC0F0608C80F0608460000000000803F3F
:10DE1000C4F40508D40F0608DC0F0608460000000D
:10DE2000CDCCCC3DC4F40508E80F0608F00F060879
:10DE300046000000CDCCCC3DC4F40508F80F060820
:10DE400000100608490000000000803FC4F40508E7
:10DE50001010060818100608490000000000803F56
:10DE6000C4F4050820100608281006084900000020
:10DE70000000803FC4F4050838100608401006086A
:10DE8000490000000000803FC4F40508BCFE0508FE
:10DE900050100608490000000000803FC4F4050847
:10DEA000541006085C100608490000000000803F7E
:10DEB000C4F4050868100608701006084900000040
:10DEC0000000803FC4F405087C1006088410060892
:10DED00046000000CDCCCC3DC4F4050894100608E3
:10DEE0009C10060846000000CDCCCC3DC4F40508CB
:10DEF000AC100608B410060846000000CDCCCC3D9E
:10DF0000C4F40508C0100608C81006084600000042
:10DF1000CDCCCC3DC4F40508D8100608E0100608A6
:10DF200046000000CDCCCC3DC4F40508D0FE050869
:10DF3000EC10060846000000CDCCCC3DC4F405082A
:10DF4000FC1006080411060846000000CDCCCC3DAC
:10DF5000C4F40508141106081C1106084600000048
:10DF6000CDCCCC3DC4F405082C11060834110608AC
:10DF700046000000CDCCCC3DC4F405084411060891
:10DF80004C11060846000000CDCCCC3DC4F4050879
:10DF90005C11060864110608490000000000803F7B
:10DFA000C4F40508E4FE05087811060846000000E0
:10DFB000CDCCCC3DC4F40508F8FE05088411060854
:10DFC000490000000000803FC4F4050890110608D5
:10DFD0009811060846000000CDCCCC3DC4F40508DD
:10DFE000A8110608B011060846000000CDCCCC3DB3
:10DFF000C4F40508C0110608C8110608490000004D
:10E000000000803FC4F40508D8110608E011060896
:10E01000490000000000803FC4F40508E81106082C
:10E02000F011060846000000CDCCCC3DC4F4050834
:10E03000001206080812060846000000CDCCCC3DB0
:10E04000C4F405081C120608241206084900000042
:10E050000000803FC4F40508301206083812060894
:10E06000490000000000803FC4F405084012060883
:10E0700048120608490000000000803FC4F405086B
:10E08000541206085C120608490000000000803F98
:10E09000C4F405086812060870120608490000005A
:10E0A0000000803FC4F405087C12060884120608AC
:10E0B000490000000000803FC4F4050890120608E3
:10E0C00098120608490000000000803FC4F40508CB
:10E0D000A4120608AC120608490000000000803FA8
:10E0E000C4F40508BC120608C41206084600000065
:10E0F000CDCCCC3DC4F40508D0120608C8120608E1
:10E1000046000000CDCCCC3DC4F40508D81206086A
:10E11000E012060846000000CDCCCC3DC4F4050852
:10E12000F0120608F812060846000000CDCCCC3DDF
:10E13000C4F405080813060810130608460000007A
:10E14000CDCCCC3DC4F405081C13060824130608E6
:10E15000490000000000803FC4F4050830130608A1
:10E1600038130608490000000000803FC4F4050889
:10E17000441306084C130608490000000000803FC5
:10E18000C4F40508541306085C130608490000008F
:10E190000000803FC4F405086813060870130608E1
:10E1A000490000000000803FC4F405087C13060805
:10E1B00084130608490000000000803FC4F40508ED
:10E1C0008C13060894130608490000000000803FE5
:10E1D000C4F40508A4130608AC130608490000009F
:10E1E0000000803FC4F40508BC130608C4130608E9
:10E1F000490000000000803FC4F40508D41306085D
:10E20000DC130608490000000000803FC4F4050844
:10E21000E8130608F0130608490000000000803FDC
:10E22000C4F4050800140608081406084900000094
:10E230000000803FC4F405081C14060824140608D6
:10E24000490000000000803FC4F405082C140608B3
:10E2500034140608490000000000803FC4F405089B
:10E260004014060848140608490000000000803FDA
:10E27000C4F40508541406085C140608490000009C
:10E280000000803FC4F405086C14060874140608E6
:10E29000490000000000803FC4F40508801406080F
:10E2A00038140608490000000000803FC4F4050847
:10E2B000881406084C140608490000000000803F3E
:10E2C000C4F40508901406089814060849000000D4
:10E2D0000000803FC4F40508A8140608B01406081E
:10E2E000490000000000803FC4F40508C01406087F
:10E2F000C814060846000000CDCCCC3DC4F4050887
:10E30000D4140608D0140608490000000000803F1D
:10E31000C4F40508DC140608E414060849000000EB
:10E320000000803FC4F40508F0140608F81406083D
:10E33000490000000000803FC4F4050804150608E9
:10E340000C150608490000000000803FC4F40508D1
:10E350001815060820150608490000000000803F37
:10E36000C4F405082C1506083415060849000000F9
:10E370000000803FC4F4050840150608481506084B
:10E38000490000000000803FC4F405085415060849
:10E390005C150608490000000000803FC4F4050831
:10E3A0006815060870150608490000000000803F47
:10E3B000C4F405087C150608841506084900000009
:10E3C0000000803FC4F405088C1506089415060863
:10E3D000490000000000803FC4F405089C150608B1
:10E3E000A4150608490000000000803FC4F4050899
:10E3F000AC150608B4150608490000000000803F6F
:10E40000C4F40508BC150608C41506084900000038
:10E410000000803FC4F40508CC150608D415060892
:10E42000490000000000803FC4F40508DC15060820
:10E43000E4150608490000000000803FC4F4050808
:10E44000EC150608F4150608490000000000803F9E
:10E45000C4F40508FC150608041606084900000067
:10E460000000803FC4F40508141606081C160608B0
:10E47000490000000000803FC4F405082816060883
:10E4800030160608490000000000803FC4F405086B
:10E490003C16060844160608490000000000803FAC
:10E4A000C4F405085016060858160608490000006E
:10E4B0000000803FC4F40508641606086C160608C0
:10E4C000490000000000803FC4F4050878160608E3
:10E4D00080160608490000000000803FC4F40508CB
:10E4E0008C16060894160608490000000000803FBC
:10E4F000C4F40508240A0608A0160608490000000E
:10E500000000803FC4F40508380A0608AC16060867
:10E51000490000000000803FC4F40508500A0608C6
:10E52000B8160608490000000000803FC4F4050842
:10E53000600A0608C4160608490000000000803F73
:10E54000C4F40508700A0608D01606084900000041
:10E550000000803FC4F40508800A0608DC1606089F
:10E56000490000000000803FC4F40508900A060836
:10E57000E8160608490000000000803FC4F40508C2
:10E58000A00A0608F4160608490000000000803FB3
:10E59000C4F40508B00A0608001706084900000080
:10E5A0000000803FC4F40508C00A06080C170608DE
:10E5B000490000000000803FC4F405081817060851
:10E5C00020170608490000000000803FC4F4050839
:10E5D0002C17060834170608490000000000803F89
:10E5E000C4F40508D00A06084017060849000000D0
:10E5F0000000803FC4F405084C17060854170608AD
:10E60000490000000000803FC4F4050860170608B8
:10E6100068170608490000000000803FC4F40508A0
:10E62000741706087C170608490000000000803FA8
:10E63000C4F405088817060890170608490000006A
:10E640000000803FC4F405089C170608A4170608BC
:10E65000490000000000803FC4F40508B017060818
:10E66000B8170608490000000000803FC4F4050800
:10E67000C0170608C817060846000000CDCCCC3DE0
:10E68000C4F40508D0280608CC2806084600000077
:10E690000000803FC4F40508F00A0608D4170608F5
:10E6A00046000000CDCCCC3DC4F4050804030608A8
:10E6B000E017060846000000CDCCCC3DC4F40508A8
:10E6C000DC280608D8280608460000000000803F25
:10E6D000C4F40508000B0608F01706084600000001
:10E6E000CDCCCC3DC4F40508E8280608E42806088B
:10E6F000460000000000803FC4F40508240306081B
:10E7000000180608490000000000803FC4F4050816
:10E710000C18060814180608490000000000803F85
:10E72000C4F405082C0B06081C1806084900000054
:10E730000000803FC4F40508400B06082C180608AA
:10E7400046000000CDCCCC3DC4F40508F4280608F2
:10E75000F0280608460000000000803FC4F40508C9
:10E76000381806084018060846000000CDCCCC3DFD
:10E77000C4F405085018060858180608460000009A
:10E78000CDCCCC3DC4F40508641806086C18060806
:10E7900046000000CDCCCC3DC4F405087C1806082A
:10E7A0008418060846000000CDCCCC3DC4F4050812
:10E7B000901806089818060846000000CDCCCC3DFD
:10E7C000C4F40508A0180608A818060849000000A7
:10E7D0000000803FC4F40508B8180608C0180608F1
:10E7E000490000000000803FC4F40508680B0608DB
:10E7F000C8180608490000000000803FC4F405085E
:10E800007C0B0608D8180608490000000000803F6D
:10E81000C4F40508940B0608E8180608490000002F
:10E820000000803FC4F40508EC180608F418060838
:10E83000490000000000803FC4F4050800190608E4
:10E8400008190608490000000000803FC4F40508CC
:10E85000141906081C19060846000000CDCCCC3D52
:10E86000C4F405082C1906083419060846000000EF
:10E87000CDCCCC3DC4F40508441906084C19060853
:10E8800046000000CDCCCC3DC4F40508581906085C
:10E890006019060846000000CDCCCC3DC4F4050844
:10E8A000701906087819060846000000CDCCCC3D4A
:10E8B000C4F40508841906088C19060846000000EF
:10E8C000CDCCCC3DC4F405089C190608A419060853
:10E8D00046000000CDCCCC3DC4F40508B4190608B0
:10E8E000BC19060846000000CDCCCC3DC4F4050898
:10E8F000CC190608D419060846000000CDCCCC3D42
:10E90000C4F40508E4190608EC19060846000000DE
:10E91000CDCCCC3DC4F40508FC190608041A060841
:10E92000490000000000803FC4F40508181A0608DA
:10E93000201A060846000000CDCCCC3DC4F40508E2
:10E940002C1A0608341A0608490000000000803F0F
:10E95000C4F40508401A0608481A060846000000D4
:10E96000CDCCCC3DC4F40508581A0608601A060838
:10E9700046000000CDCCCC3DC4F40508701A060852
:10E98000781A0608490000000000803FC4F405081A
:10E99000881A0608901A0608490000000000803F07
:10E9A000C4F40508981A0608A01A060846000000D4
:10E9B000CDCCCC3DC4F40508B01A0608B81A060838
:10E9C00046000000CDCCCC3DC4F40508CC1A0608A6
:10E9D000D41A0608490000000000803FC4F405086E
:10E9E000E01A0608E81A0608490000000000803F07
:10E9F000C4F40508F01A0608F81A060849000000D1
:10EA00000000803FC4F40508041B06080C1B060820
:10EA1000490000000000803FC4F40508181B0608E8
:10EA2000201B0608490000000000803FC4F40508D0
:10EA30002C1B0608341B0608490000000000803F1C
:10EA4000C4F40508401B0608481B060849000000DE
:10EA50000000803FC4F40508541B06085C1B060830
:10EA6000490000000000803FC4F405086C1B060844
:10EA7000741B060846000000CDCCCC3DC4F405084C
:10EA8000801B0608781B060846000000CDCCCC3D54
:10EA9000C4F40508881B0608901B06084600000001
:10EAA000CDCCCC3DC4F40508A01B0608A81B060865
:10EAB00046000000CDCCCC3DC4F40508B81B0608C8
:10EAC000C01B060846000000CDCCCC3DC4F40508B0
:10EAD000CC1B0608D41B0608490000000000803F3C
:10EAE000C4F40508E01B0608E81B060849000000FE
:10EAF0000000803FC4F40508F01B0608F81B060858
:10EB0000490000000000803FC4F40508041C06080A
:10EB10000C1C0608490000000000803FC4F40508F2
:10EB2000181C0608201C0608490000000000803F51
:10EB3000C4F40508281C0608301C0608490000001B
:10EB40000000803FC4F40508401C0608481C060865
:10EB5000490000000000803FC4F40508581C060866
:10EB6000601C0608490000000000803FC4F405084E
:10EB7000701C0608781C0608490000000000803F51
:10EB8000C4F40508881C0608901C0608490000000B
:10EB90000000803FC4F40508A41C0608AC1C06084D
:10EBA000490000000000803FC4F40508B41C0608BA
:10EBB000BC1C0608490000000000803FC4F40508A2
:10EBC000C81C0608D01C0608490000000000803F51
:10EBD000C4F40508DC1C0608E41C06084900000013
:10EBE0000000803FC4F40508F41C0608FC1C06085D
:10EBF000490000000000803FC4F40508081D060815
:10EC0000C01C0608490000000000803FC4F405084D
:10EC1000101D0608D41C0608490000000000803FB3
:10EC2000C4F40508181D0608201D06084900000048
:10EC30000000803FC4F40508301D0608381D060892
:10EC4000490000000000803FC4F40508481D060884
:10EC5000501D060846000000CDCCCC3DC4F405088C
:10EC6000581D0608601D0608490000000000803F8E
:10EC7000C4F405086C1D0608741D06084900000050
:10EC80000000803FC4F40508801D0608881D0608A2
:10EC9000490000000000803FC4F40508941D0608E8
:10ECA0009C1D0608490000000000803FC4F40508D0
:10ECB000A81D0608B01D0608490000000000803F9E
:10ECC000C4F40508B81D0608C01D06084900000068
:10ECD0000000803FC4F40508C81D0608D01D0608C2
:10ECE000490000000000803FC4F40508D81D060854
:10ECF000E01D0608490000000000803FC4F405083C
:10ED0000E81D0608F01D0608490000000000803FCD
:10ED1000C4F40508001E0608081E06084900000085
:10ED20000000803FC4F40508141E06081C1E0608D7
:10ED3000490000000000803FC4F40508281E0608B2
:10ED4000301E0608490000000000803FC4F405089A
:10ED50003C1E0608441E0608490000000000803FD3
:10ED6000C4F40508501E0608581E06084900000095
:10ED70000000803FC4F40508641E06086C1E0608E7
:10ED8000490000000000803FC4F40508781E060812
:10ED9000801E0608490000000000803FC4F40508FA
:10EDA0008C1E0608941E0608490000000000803FE3
:10EDB000C4F40508A01E0608A81E060849000000A5
:10EDC0000000803FC4F40508B41E0608BC1E0608F7
:10EDD000490000000000803FC4F40508C81E060872
:10EDE000D01E0608490000000000803FC4F405085A
:10EDF000DC1E0608E41E0608490000000000803FF3
:10EE0000C4F40508F01E0608F81E060849000000B4
:10EE10000000803FC4F40508041F06080C1F060804
:10EE200046000000CDCCCC3DC4F40508201F0608E8
:10EE30001C1F0608460000000000803FC4F40508BF
:10EE4000281F0608301F060846000000CDCCCC3D28
:10EE5000C4F405083C1F0608441F060846000000CD
:10EE6000CDCCCC3DC4F40508581F0608541F060835
:10EE7000460000000000803FC4F40508601F06083B
:10EE8000681F060846000000CDCCCC3DC4F4050840
:10EE90007C1F0608781F0608460000000000803F1F
:10EEA000C4F40508841F06088C1F060849000000EA
:10EEB0000000803FC4F40508981F0608A01F06083C
:10EEC000490000000000803FC4F40508B01F060898
:10EED000B81F0608490000000000803FC4F4050880
:10EEE000C81F060844ED050846000000CDCCCC3D07
:10EEF000C4F40508D41F0608D01F06084600000009
:10EF00000000803FC4F40508DC1F0608E41F060863
:10EF100046000000CDCCCC3DC4F40508F01F060827
:10EF2000F81F060846000000CDCCCC3DC4F405080F
:10EF30000420060800200608460000000000803F6C
:10EF4000C4F405080C20060814200608460000003A
:10EF5000CDCCCC3DC4F405082020060828200608A6
:10EF6000490000000000803FC4F40508382006086E
:10EF700040200608490000000000803FC4F4050856
:10EF80005020060858200608490000000000803F75
:10EF9000C4F40508642006086C2006084900000037
:10EFA0000000803FC4F40508782006088020060889
:10EFB000490000000000803FC4F405088C200608CA
:10EFC0009420060846000000CDCCCC3DC4F40508D2
:10EFD000A0200608A820060846000000CDCCCC3DA5
:10EFE000C4F40508B8200608C02006084600000042
:10EFF000CDCCCC3DC4F40508D0200608D8200608A6
:10F0000046000000CDCCCC3DC4F40508E82006083D
:10F01000F020060846000000CDCCCC3DC4F4050825
:10F02000002106080821060846000000CDCCCC3D92
:10F03000C4F405081821060820210608460000002F
:10F04000CDCCCC3DC4F40508342106083C2106088B
:10F0500046000000CDCCCC3DC4F405084C21060888
:10F060005421060846000000CDCCCC3DC4F4050870
:10F07000642106086C21060846000000CDCCCC3D7A
:10F08000C4F405087821060880210608490000001C
:10F090000000803FC4F405088C210608942106086E
:10F0A00046000000CDCCCC3DC4F40508A0210608E4
:10F0B000A8210608490000000000803FC4F40508AC
:10F0C000B4210608BC210608490000000000803F6A
:10F0D000C4F40508C8210608D0210608490000002C
:10F0E0000000803FC4F40508DC210608E42106087E
:10F0F000490000000000803FC4F40508F021060824
:10F10000F8210608490000000000803FC4F405080B
:10F110000022060808220608490000000000803F7F
:10F12000C4F40508142206081C2206084900000041
:10F130000000803FC4F405082C220608342206088B
:10F14000490000000000803FC4F405084022060882
:10F1500048220608490000000000803FC4F405086A
:10F16000FC280608640D0608490000000000803FE6
:10F17000C4F40508542206085C2206084900000071
:10F180000000803FC4F405086822060870220608C3
:10F19000490000000000803FC4F4050880220608F2
:10F1A00088220608490000000000803FC4F40508DA
:10F1B0009022060898220608490000000000803FBF
:10F1C000C4F40508A4220608AC2206084900000081
:10F1D0000000803FC4F40508B4220608BC220608DB
:10F1E000490000000000803FC4F40508C42206085E
:10F1F000CC220608490000000000803FC4F4050846
:10F20000D4220608DC220608490000000000803FE6
:10F21000C4F40508E4220608EC22060849000000B0
:10F220000000803FC4F40508F4220608FC2206080A
:10F23000490000000000803FC4F4050804230608CC
:10F240000C230608490000000000803FC4F40508B4
:10F25000142306081C230608490000000000803F14
:10F26000C4F40508242306082C23060849000000DE
:10F270000000803FC4F405083C2306084423060828
:10F28000490000000000803FC4F40508542306082C
:10F290005C230608490000000000803FC4F4050814
:10F2A0006C23060874230608490000000000803F14
:10F2B000C4F40508842306088C23060849000000CE
:10F2C0000000803FC4F405089C230608A423060818
:10F2D000490000000000803FC4F40508B42306087C
:10F2E000BC230608490000000000803FC4F4050864
:10F2F000CC230608D4230608490000000000803F04
:10F30000C4F40508E4230608EC23060849000000BD
:10F310000000803FC4F40508FC2306080424060806
:10F32000490000000000803FC4F4050814240608CA
:10F330001C240608490000000000803FC4F40508B2
:10F340002824060830240608490000000000803FF9
:10F35000C4F40508402406084824060849000000B3
:10F360000000803FC4F405085824060860240608FD
:10F37000490000000000803FC4F40508702406081E
:10F3800078240608490000000000803FC4F4050806
:10F390008824060890240608490000000000803FE9
:10F3A000C4F40508A0240608A824060849000000A3
:10F3B0000000803FC4F40508B8240608C0240608ED
:10F3C000490000000000803FC4F40508D02406086E
:10F3D000D8240608490000000000803FC4F4050856
:10F3E000E8240608F024060846000000CDCCCC3DF9
:10F3F000C4F4050800250608082506084600000094
:10F40000CDCCCC3DC4F405081825060820250608F7
:10F4100046000000CDCCCC3DC4F4050830250608DC
:10F420003825060846000000CDCCCC3DC4F40508C4
:10F430004825060850250608490000000000803FC6
:10F44000C4F405085C25060864250608460000008B
:10F45000CDCCCC3DC4F405086C25060874250608FF
:10F4600046000000CDCCCC3DC4F405087C25060840
:10F4700084250608490000000000803FC4F4050808
:10F480008C2506089425060846000000CDCCCC3D0E
:10F49000C4F40508A4250608AC25060846000000AB
:10F4A000CDCCCC3DC4F40508BC250608C42506080F
:10F4B00046000000CDCCCC3DC4F40508D425060898
:10F4C000DC25060846000000CDCCCC3DC4F4050880
:10F4D000EC250608F425060846000000CDCCCC3DFE
:10F4E000C4F40508042606080C2606084900000096
:10F4F0000000803FC4F405081826060820260608E8
:10F5000046000000CDCCCC3DC4F4050828260608F2
:10F510003026060846000000CDCCCC3DC4F40508DA
:10F520003826060840260608490000000000803FF3
:10F53000C4F40508482606085026060846000000C0
:10F54000CDCCCC3DC4F40508602606086826060824
:10F5500046000000CDCCCC3DC4F405087826060852
:10F560008026060846000000CDCCCC3DC4F405083A
:10F570009026060898260608490000000000803FF3
:10F58000C4F40508A4260608AC26060849000000B5
:10F590000000803FC4F40508BC260608C4260608FF
:10F5A000490000000000803FC4F40508D426060886
:10F5B000DC260608490000000000803FC4F405086E
:10F5C000E8260608F0260608490000000000803FF3
:10F5D000C4F40508002706080827060849000000AB
:10F5E0000000803FC4F40508142706081C270608FD
:10F5F000490000000000803FC4F4050828270608E1
:10F6000030270608490000000000803FC4F40508C8
:10F610003C27060844270608490000000000803FF8
:10F62000C4F40508502706085827060846000000BD
:10F63000CDCCCC3DC4F40508602706086827060831
:10F6400046000000CDCCCC3DC4F405087027060868
:10F65000C409060846000000CDCCCC3DC4F4050822
:10F66000042906080C290608490000000000803F14
:10F67000C4F40508182906082029060849000000D6
:10F680000000803FC4F40508282906083029060830
:10F69000490000000000803FC4F40508382906082E
:10F6A00040290608490000000000803FC4F4050816
:10F6B0004C29060854290608490000000000803F34
:10F6C000C4F405085C2906086429060849000000FE
:10F6D0000000803FC4F405086C2906087429060858
:10F6E000490000000000803FC4F405087C2906089A
:10F6F00084290608490000000000803FC4F4050882
:10F7000098290608A0290608490000000000803F4B
:10F71000C4F40508B0290608B82906084900000005
:10F720000000803FC4F40508C4290608CC29060857
:10F73000490000000000803FC4F40508DC290608E9
:10F7400078140608490000000000803FC4F4050852
:10F75000E4290608EC290608490000000000803F63
:10F76000C4F40508002A0608082A06084900000013
:10F770000000803FC4F40508182A0608202A06085D
:10F78000490000000000803FC4F405082C2A060848
:10F79000342A0608490000000000803FC4F4050830
:10F7A000442A0608001D0608490000000000803FAA
:10F7B000C4F405084C2A0608542A0608490000002B
:10F7C0000000803FC4F40508782706088027060853
:10F7D000490000000000803FC4F40508882706089F
:10F7E00090270608490000000000803FC4F4050887
:10F7F0009C270608A4270608490000000000803F57
:10F80000C4F40508AC270608B42706084600000023
:10F81000CDCCCC3DC4F40508BC270608C427060897
:10F82000490000000000803FC4F40508D427060802
:10F83000DC270608490000000000803FC4F40508EA
:10F84000E4270608EC270608490000000000803F76
:10F85000C4F40508FC27060804280608490000002F
:10F860000000803FC4F40508142806081C28060878
:10F8700046000000CDCCCC3DC4F40508282806087D
:10F8800030280608490000000000803FC4F4050845
:10F890004028060848280608490000000000803F6C
:10F8A000C4F4050858280608602806084900000026
:10F8B0000000803FC4F40508702806087828060870
:10F8C00046000000CDCCCC3DC4F4050884280608D1
:10F8D0008C280608490000000000803FC4F4050899
:10F8E000602A0608682A0608490000000000803FD8
:10F8F000C4F40508742A06087C2A0608490000009A
:10F900000000803FC4F405088C2A0608942A0608E3
:10F91000490000000000803FC4F40508A42A06083E
:10F92000AC2A0608490000000000803FC4F4050826
:10F93000BC2A0608C42A0608490000000000803FCF
:10F94000C4F405083C030608380306084600000016
:10F950000000803FC4F405080CFF0508D02A060803
:10F96000490000000000803FC4F40508E02A0608B2
:10F97000DC2A0608460000000000803F10F305085E
:10F9800068F5050870E9050846000000CDCCCC3DBF
:10F9900010F3050870F5050834ED05084600000071
:10F9A000CDCCCC3D10F3050878F5050880F50508A9
:10F9B00046000000CDCCCC3D10F305088CF50508C1
:10F9C00094F5050846000000CDCCCC3D10F30508A9
:10F9D000A0F50508A8F5050846000000CDCCCC3DF3
:10F9E00010F30508B4F50508BCF50508490000004A
:10F9F0000000803F10F30508C8F50508D0F505089C
:10FA000046000000CDCCCC3D10F30508DCF5050820
:10FA1000E4F5050846000000CDCCCC3D10F3050808
:10FA2000F0F50508F8F50508490000000000803FE2
:10FA300010F3050830F6050838F6050849000000FF
:10FA40000000803F10F3050854F605085CF6050831
:10FA500046000000CDCCCC3D10F3050868F6050843
:10FA600070F60508420000000000803F10F3050812
:10FA7000E82A0608F02A0608420000000000803F3D
:10FA800010F30508FC2A0608042B060846000000AF
:10FA9000CDCCCC3D10F3050878020608800206089C
:10FAA000490000000000803F10F30508102B0608F5
:10FAB000182B060846000000CDCCCC3D10F30508FD
:10FAC000A4F60508ACF60508490000000000803FD8
:10FAD00010F30508B8F60508C0F60508490000004F
:10FAE0000000803F10F30508202B0608282B06088D
:10FAF000420000000000803F10F30508CCF6050826
:10FB0000D4F60508490000000000803F10F3050806
:10FB1000E0F60508E8F6050846000000CDCCCC3D2F
:10FB200010F30508F4F60508FCF605084900000086
:10FB30000000803F10F3050808F7050810F70508D6
:10FB4000490000000000803F10F305081CF705087D
:10FB500024F70508490000000000803F10F3050865
:10FB600030F7050838F70508490000000000803F1D
:10FB700010F3050844F705084CF705084600000097
:10FB8000CDCCCC3D10F305085CF7050864F70508FB
:10FB9000490000000000803F10F3050870F70508D9
:10FBA00078F70508490000000000803F10F30508C1
:10FBB00088F7050890F70508490000000000803F1D
:10FBC00010F305089CF70508A4F705084600000097
:10FBD000CDCCCC3D10F30508ACF70508B4F705080B
:10FBE000420000000000803F10F30508C0F7050840
:10FBF000C8F70508490000000000803F10F3050821
:10FC0000D4F70508DCF70508490000000000803F34
:10FC100010F30508342B06083C2B060846000000AC
:10FC2000CDCCCC3D10F30508E8F70508482B0608B5
:10FC3000490000000000803F10F305081CF805088B
:10FC400024F80508420000000000803F10F305087A
:10FC5000EC030608502B0608490000000000803F16
:10FC600010F305085CF8050864F805084900000071
:10FC70000000803F10F305086CF8050874F80508CB
:10FC8000490000000000803F10F305087CF80508DB
:10FC900084F80508490000000000803F10F30508C3
:10FCA0008CF8050894F80508490000000000803F22
:10FCB00010F305089CF80508A4F8050849000000A1
:10FCC0000000803F10F30508ACF80508B4F80508FB
:10FCD000490000000000803F10F30508BCF805084B
:10FCE000C4F80508490000000000803F10F3050833
:10FCF000CCF80508D4F80508490000000000803F52
:10FD000010F30508DCF80508E4F8050849000000D0
:10FD10000000803F10F30508ECF80508F4F805082A
:10FD2000490000000000803F10F30508FCF80508BA
:10FD300004F90508490000000000803F10F30508A1
:10FD40000CF9050814F90508490000000000803F7F
:10FD500010F305085C2B0608642B06084900000018
:10FD60000000803F10F30508702B0608782B06086A
:10FD7000490000000000803F10F305081CF9050849
:10FD800024F9050846000000CDCCCC3D10F3050851
:10FD90006CF9050874F90508490000000000803F6F
:10FDA00010F3050880F9050888F9050849000000E6
:10FDB0000000803F10F3050894F905089CF9050838
:10FDC000420000000000803F10F30508A8F9050874
:10FDD000B0F90508490000000000803F10F3050855
:10FDE000BCF9050858E90508490000000000803FFB
:10FDF00010F30508C4F90508CCF90508490000000E
:10FE00000000803F10F30508E8F90508F0F905083F
:10FE1000490000000000803F10F3050800FA0508C3
:10FE200008FA0508490000000000803F10F30508AB
:10FE300014FA05081CFA0508490000000000803F7C
:10FE400010F3050824FA05082CFA05084200000002
:10FE50000000803F10F305086CFA050874FA0508E5
:10FE6000420000000000803F10F3050880FA0508FA
:10FE700088FA0508490000000000803F10F30508DB
:10FE800094FA05089CFA0508490000000000803F2C
:10FE900010F30508B0FB0508B8FB05084200000098
:10FEA0000000803F10F30508C4FB0508CCFB0508E3
:10FEB000420000000000803F10F30508D8FB050851
:10FEC000E0FB0508420000000000803F10F3050839
:10FED000FCFB050804FC050846000000CDCCCC3D29
:10FEE00010F3050810FC050818FC05084600000082
:10FEF000CDCCCC3D10F3050824FC05087CE90508B1
:10FF000046000000CDCCCC3D10F305082CFC0508C4
:10FF100034FC0508420000000000803F10F3050893
:10FF20006CFC0508C428060846000000CDCCCC3D7A
:10FF300010F30508A0FC0508A8FC05084200000015
:10FF40000000803F10F30508842B06088C2B060860
:10FF500046000000CDCCCC3D10F3050814FD05088B
:10FF60001CFD0508420000000000803F10F305085A
:10FF700028FD050830FD050846000000CDCCCC3D2D
:10FF800010F305083CFD050844FD05084600000087
:10FF9000CDCCCC3D10F3050850FD050858FD0508F3
:10FFA000420000000000803F10F305081009060819
:10FFB0001809060846000000CDCCCC3D10F305081A
:10FFC000FC020608F8020608460000000000803F18
:10FFD00010F30508942B06089C2B0608420000002D
:10FFE0000000803F10F30508AC2B0608A82B06087C
:10FFF000460000000000803F10F30508BCFE050825
:020000040807EB
:10000000C4FE0508420000000000803F10F3050810
:100010003C03060838030608460000000000803F45
:1000200010F305080CFF050814FF0508490000003F
:100030000000803F10F3050820FF050828FF050891
:10004000490000000000803F10F3050834FF050858
:100050003CFF0508490000000000803F10F3050840
:1000600048FF050850FF050846000000CDCCCC3DF8
:1000700010F305085CFF050864FF05084600000052
:10008000CDCCCC3D10F30508FCFF050804000608A4
:10009000490000000000803F10F30508100006082A
:1000A00018000608490000000000803F10F3050812
:1000B000B42B0608BC2B0608490000000000803F56
:1000C00010F30508240006082C000608490000006B
:1000D0000000803F10F30508C82B0608D02B060847
:1000E00046000000CDCCCC3D10F30508DC2B060803
:1000F000E42B060846000000CDCCCC3D10F30508EB
:100100004C00060854000608420000000000803F32
:1001100010F30508600006086800060842000000A9
:100120000000803F10F30508740006087C000608F4
:10013000420000000000803F10F30508840006081C
:100140005C0C0608420000000000803F10F3050828
:1001500098000608640C0608420000000000803F7A
:1001600010F30508AC000608040106084200000070
:100170000000803F10F30508C000060818010608BB
:10018000420000000000803F10F30508D40006087C
:10019000B00C0608420000000000803F10F3050884
:1001A000E8000608D40C0608420000000000803F6A
:1001B00010F30508FC000608E00C060842000000E9
:1001C0000000803F10F305081001060810F705082D
:1001D000420000000000803F10F3050824010608DB
:1001E00008FA0508420000000000803F10F30508EF
:1001F0003C0106089CFA0508420000000000803F10
:1002000010F3050854010608EC0C06084200000033
:100210000000803F10F305086C01060808FA050885
:10022000420000000000803F10F30508840106082A
:100230009CFA0508420000000000803F10F305080A
:1002400098010608F02B0608420000000000803FDD
:1002500010F30508B0010608EC0C06084200000087
:100260000000803FECED050868F5050870E9050819
:1002700046000000CDCCCC3DECED050870F505083E
:1002800034ED050846000000CDCCCC3DECED050872
:1002900078F5050880F5050846000000CDCCCC3D7A
:1002A000ECED05088CF5050894F5050846000000FE
:1002B000CDCCCC3DECED0508A0F50508A8F505086A
:1002C00046000000CDCCCC3DECED0508B4F50508AA
:1002D000BCF50508490000000000803FECED050872
:1002E000C8F50508D0F5050846000000CDCCCC3D8A
:1002F000ECED0508DCF50508E4F50508460000000E
:10030000CDCCCC3DECED0508F0F50508F8F5050879
:10031000490000000000803FECED050830F60508BC
:1003200038F60508490000000000803FECED0508A4
:1003300054F605085CF6050846000000CDCCCC3D1F
:10034000ECED050868F6050870F6050842000000A7
:100350000000803FECED0508E82A0608F02A0608B0
:10036000420000000000803FECED0508FC2A060872
:10037000042B060846000000CDCCCC3DECED050872
:10038000A4F60508ACF60508490000000000803F0F
:10039000ECED0508B8F60508C0F6050849000000B0
:1003A0000000803FECED0508202B0608282B0608EE
:1003B000420000000000803FECED0508002C06081C
:1003C000082C0608420000000000803FECED050804
:1003D000CCF60508D4F60508490000000000803F6F
:1003E000ECED0508E0F60508E8F605084600000013
:1003F000CDCCCC3DECED0508F4F60508FCF605087F
:10040000490000000000803FECED050808F70508F2
:1004100010F70508490000000000803FECED0508DA
:100420001CF7050824F70508490000000000803F7C
:10043000ECED050830F7050838F70508490000001D
:100440000000803FECED050844F705084CF705086F
:1004500046000000CDCCCC3DECED05085CF705086E
:1004600064F70508490000000000803FECED050836
:1004700070F7050878F70508490000000000803F84
:10048000ECED050888F7050890F70508490000001D
:100490000000803FECED05089CF70508A4F705086F
:1004A00046000000CDCCCC3DECED0508ACF70508CE
:1004B000B4F70508420000000000803FECED05089D
:1004C000C0F70508C8F70508490000000000803F94
:1004D000ECED0508D4F70508DCF705084900000035
:1004E0000000803FECED0508342B06083C2B060885
:1004F00046000000CDCCCC3DECED05081CF805080D
:1005000024F80508420000000000803FECED0508DB
:100510005CF8050864F80508490000000000803F09
:10052000ECED05086CF8050874F8050849000000B2
:100530000000803FECED05087CF8050884F805080C
:10054000490000000000803FECED05088CF805082C
:1005500094F80508490000000000803FECED050814
:100560009CF80508A4F80508490000000000803F39
:10057000ECED0508ACF80508B4F8050849000000E2
:100580000000803FECED0508BCF80508C4F805083C
:10059000490000000000803FECED0508CCF805089C
:1005A000D4F80508490000000000803FECED050884
:1005B000DCF80508E4F80508490000000000803F69
:1005C000ECED0508ECF80508F4F805084900000012
:1005D0000000803FECED0508FCF8050804F905086B
:1005E000490000000000803FECED05080CF905080B
:1005F00014F90508490000000000803FECED0508F3
:100600005C2B0608642B0608490000000000803FB0
:10061000ECED0508702B0608782B06084900000051
:100620000000803FECED05081CF9050824F90508D9
:1006300046000000CDCCCC3DECED05086CF905087A
:1006400074F90508490000000000803FECED050842
:1006500080F9050888F90508490000000000803F7E
:10066000ECED050894F905089CF905084200000026
:100670000000803FECED0508BCF9050858E90508C5
:10068000490000000000803FECED0508E8F905088E
:10069000F0F90508490000000000803FECED050876
:1006A00000FA050808FA0508490000000000803F2C
:1006B000ECED050814FA05081CFA050849000000CD
:1006C0000000803FECED050824FA05082CFA050827
:1006D000420000000000803FECED05086CFA0508C0
:1006E00074FA0508420000000000803FECED0508A8
:1006F00080FA050888FA0508490000000000803FDC
:10070000ECED050894FA05089CFA0508490000007C
:100710000000803FECED0508142C06081C2C060890
:10072000490000000000803FECED0508B0FB050823
:10073000B8FB0508420000000000803FECED050812
:10074000C4FB0508CCFB0508420000000000803F08
:10075000ECED0508D8FB0508E0FB050842000000A9
:100760000000803FECED0508FCFB050804FC0508D3
:1007700046000000CDCCCC3DECED050810FC050892
:1007800018FC050846000000CDCCCC3DECED05087A
:1007900024FC05087CE9050846000000CDCCCC3DD2
:1007A000ECED05082CFC050834FC050842000000AF
:1007B0000000803FECED0508A0FC0508A8FC05083A
:1007C000420000000000803FECED0508842B060885
:1007D0008C2B060846000000CDCCCC3DECED050886
:1007E00014FD05081CFD0508420000000000803FC4
:1007F000ECED050828FD050830FD05084600000061
:10080000CDCCCC3DECED05083CFD050844FD0508CC
:1008100046000000CDCCCC3DECED050850FD0508B0
:1008200058FD0508420000000000803FECED05087F
:100830000CFE0508282C0608490000000000803F37
:10084000ECED05088C020608940206084200000040
:100850000000803FECED0508BCFE0508C4FE05085D
:10086000420000000000803FECED05083C03060854
:1008700038030608460000000000803FECED050844
:100880000CFF050814FF0508490000000000803F28
:10089000ECED050820FF050828FF050849000000C9
:1008A0000000803FECED050834FF05083CFF05081B
:1008B000490000000000803FECED050848FF0508F6
:1008C00050FF050846000000CDCCCC3DECED0508FE
:1008D0005CFF050864FF050846000000CDCCCC3D58
:1008E000ECED0508FCFF05080400060849000000BF
:1008F0000000803FECED050810000608180006080F
:10090000490000000000803FECED050824000608C7
:100910002C000608490000000000803FECED0508AF
:100920004C00060854000608420000000000803F0A
:10093000ECED0508600006086800060842000000AB
:100940000000803FECED0508740006087C000608F6
:10095000420000000000803FECED0508840006081E
:100960005C0C0608420000000000803FECED05082A
:1009700098000608640C0608420000000000803F52
:10098000ECED0508AC000608040106084200000072
:100990000000803FECED0508C000060818010608BD
:1009A000420000000000803FECED0508D40006087E
:1009B000B00C0608420000000000803FECED050886
:1009C000E8000608D40C0608420000000000803F42
:1009D000ECED0508FC000608E00C060842000000EB
:1009E0000000803FECED05081001060810F705082F
:1009F000420000000000803FECED050824010608DD
:100A000008FA0508420000000000803FECED0508F0
:100A10003C0106089CFA0508420000000000803FE7
:100A2000ECED050854010608EC0C06084200000035
:100A30000000803F782D0608A02C0608A82C060888
:100A4000AC2C0608B02C0608B82C0608C02C0608EA
:100A50007C2D0608842D0608882D06088C2D060896
:100A6000942D0608982D0608303132333435363748
:100A7000383961626364656600000000F8E90508C2
:100A8000FCE90508D8E90508ECE90508A4EB050828
:100A9000ACEB05080000000001020304010203049E
:100AA00006070809783806087C38060884380608DE
:100AB0008C38060800061016000610160100020009
:100AC0000400060008000A000C001000200040008E
:100AD0008000000108040204080101010101010372
:100AE0000701000062617369635F737472696E6706
:100AF0003A3A617070656E64007472756500666183
:100B00006C736500EFBBBF0062617369635F7374F0
:100B100072696E673A3A5F535F636F6E7374727592
:100B20006374206E756C6C206E6F742076616C69D6
:100B3000640063616E6E6F7420637265617465201A
:100B40007368696D20666F7220756E6B6E6F776E5D
:100B5000206C6F63616C653A3A6661636574007519
:100B60006E696E697469616C697A6564205F5F6142
:100B70006E795F737472696E670025733A205F5FE8
:100B8000706F732028776869636820697320257AFD
:100B90007529203E20746869732D3E73697A652833
:100BA000292028776869636820697320257A752968
:100BB0000062617369635F737472696E673A3A6366
:100BC0006F70790062617369635F737472696E67D5
:100BD0003A3A5F535F63726561746500626173697D
:100BE000635F737472696E673A3A65726173650028
:100BF00062617369635F737472696E673A3A5F4DDD
:100C00005F7265706C6163655F61757800626173C6
:100C100069635F737472696E673A3A617373696787
:100C20006E0062617369635F737472696E673A3AEA
:100C3000726573697A65007072696E7400636E74B0
:100C4000726C007570706572006C6F776572006110
:100C50006C7068610070756E6374007864696769B0
:100C60007400616C6E756D0067726170680062611E
:100C70007369635F737472696E673A20636F6E7332
:100C80007472756374696F6E2066726F6D206E7515
:100C90006C6C206973206E6F742076616C696400DF
:100CA00062617369635F737472696E673A3A696E01
:100CB00073657274004300252E2A4C6600256D2F43
:100CC00025642F25790025483A254D0025483A25E9
:100CD0004D3A25530062617369635F696F733A3AF5
:100CE000636C6561720062617369635F73747269DA
:100CF0006E673A3A5F4D5F63726561746500626169
:100D00007369635F737472696E673A3A5F4D5F72BD
:100D100065706C61636500254C66006C6F63616C87
:100D2000653A3A66616365743A3A5F535F63726528
:100D30006174655F635F6C6F63616C65206E616D8C
:100D400065206E6F742076616C6964002D2B785875
:100D50003031323334353637383961626364656631
:100D600030313233343536373839414243444546E1
:100D7000002D2B78583031323334353637383961DD
:100D80006263646566414243444546002D3031321A
:100D90003334353637383900474D54004853540002
:100DA000414B535400505354004D5354004353543B
:100DB0000045535400415354004E5354004345548E
:100DC0000049535400454554004A535400414D00D6
:100DD000504D0025493A254D3A25532025700053A2
:100DE000756E646179004D6F6E646179005475654C
:100DF00073646179005765646E657364617900544A
:100E00006875727364617900467269646179005330
:100E1000617475726461790053756E004D6F6E0078
:100E20005475650057656400546875004672690022
:100E3000536174004A616E75617279004665627231
:100E400075617279004D6172636800417072696CFE
:100E5000004D6179004A756E65004A756C790041F4
:100E600075677573740053657074656D62657200A3
:100E70004F63746F626572004E6F76656D62657266
:100E800000446563656D626572004A616E00466587
:100E900062004D617200417072004A756E004A75C1
:100EA0006C0041756700536570004F6374004E6FAE
:100EB000760044656300696F73747265616D0069E3
:100EC0006F73747265616D206572726F7200556E1A
:100ED0006B6E6F776E206572726F720067656E65FC
:100EE000726963002E005245454E54206D616C6C52
:100EF0006F6320737563636565646564002F627555
:100F0000696C642F676E752D746F6F6C732D666FCF
:100F1000722D73746D33325F31332E332E72656CE4
:100F2000312E32303235303532332D303930302FAA
:100F30007372632F6E65776C69622F6E65776C696B
:100F4000622F6C6962632F7374646C69622F6274C0
:100F50006F77632E63002F6275696C642F676E75FF
:100F60002D746F6F6C732D666F722D73746D3332C9
:100F70005F31332E332E72656C312E323032353084
:100F80003532332D303930302F7372632F6E6577E1
:100F90006C69622F6E65776C69622F6C6962632F72
:100FA0007374646C69622F7763746F622E6300627E
:100FB0006C616E6B00494E4600696E66004E414E94
:100FC000006E616E00303132333435363738396176
:100FD00062636465660065256C64002573252E2AAE
:100FE0006400257325302E2A64002B00253264000E
:100FF000252E32642F252E32642F252E32640025B3
:101000006C7500592D256D2D2564002E2A7500253F
:101010002E336400252E316400256C6C6400252E6F
:1010200032643A252E32643A252E32640025652D2D
:1010300025622D2500252B30336C64252E326C64FF
:1010400000545A002531315B2D2B302D39412D5A5A
:10105000612D7A5D256E002531315B412D5A612D60
:101060007A5D256E004D256875256E2E25687525DF
:101070006E2E256875256E002F256875256E3A251C
:101080006875256E3A256875256E00504F5349588E
:101090000025612025622025652025483A254D3A06
:1010A000255320255900256120256220256520250E
:1010B000483A254D3A255320255A202559006D647C
:1010C000002C2066756E6374696F6E3A2000617340
:1010D00073657274696F6E202225732220666169C0
:1010E0006C65643A2066696C6520222573222C2089
:1010F0006C696E65202564257325730A00496E6648
:10110000696E697479004E614E002F6275696C6476
:101110002F676E752D746F6F6C732D666F722D73E4
:10112000746D33325F31332E332E72656C312E3253
:10113000303235303532332D303930302F737263E1
:101140002F6E65776C69622F6E65776C69622F6CA4
:101150006962632F7374646C69622F64746F612EAB
:10116000630042616C6C6F632073756363656564D3
:101170006564002F6275696C642F676E752D746FDE
:101180006F6C732D666F722D73746D33325F3133F4
:101190002E332E72656C312E32303235303532338B
:1011A0002D303930302F7372632F6E65776C696222
:1011B0002F6E65776C69622F6C6962632F7374643C
:1011C0006C69622F6764746F612D676574686578F8
:1011D0002E63002F6275696C642F676E752D746FB6
:1011E0006F6C732D666F722D73746D33325F313394
:1011F0002E332E72656C312E32303235303532332B
:101200002D303930302F7372632F6E65776C6962C1
:101210002F6E65776C69622F6C6962632F737464DB
:101220006C69622F6D707265632E6300232D302B05
:101230002000686C4C0065666745464700412D46B6
:10124000612D66383930313233343536375D002B15
:101250002D00303000785800537563636573730058
:101260004E6F74206F776E6572004E6F20737563DA
:10127000682066696C65206F7220646972656374AA
:101280006F7279004E6F20737563682070726F63A0
:1012900065737300496E746572727570746564204D
:1012A00073797374656D2063616C6C00492F4F20F6
:1012B0006572726F72004E6F20737563682064658B
:1012C00076696365206F7220616464726573730070
:1012D000417267206C69737420746F6F206C6F6E3D
:1012E00067004578656320666F726D617420657272
:1012F000726F7200536F636B657420616C7265610D
:10130000647920636F6E6E65637465640042616426
:101310002066696C65206E756D626572004E6F2087
:101320006368696C6472656E0044657374696E61AC
:1013300074696F6E20616464726573732072657185
:101340007569726564004E6F206D6F7265207072F2
:101350006F636573736573004E6F7420656E6F7590
:101360006768207370616365005065726D6973739F
:10137000696F6E2064656E69656400426164206116
:1013800064647265737300446576696365206F7287
:10139000207265736F75726365206275737900469C
:1013A000696C65206578697374730043726F737339
:1013B0002D646576696365206C696E6B004E6F20E5
:1013C0007375636820646576696365004E6F742089
:1013D00061206469726563746F727900486F737419
:1013E00020697320646F776E00436F6E6E6563745F
:1013F000696F6E20616C726561647920696E20701E
:10140000726F67726573730049732061206469723B
:101410006563746F727900496E76616C69642061EE
:101420007267756D656E74004E6574776F726B20B0
:10143000696E74657266616365206973206E6F748E
:1014400020636F6E6669677572656400436F6E6EC8
:10145000656374696F6E2061626F72746564206287
:1014600079206E6574776F726B00546F6F206D61B9
:101470006E79206F70656E2066696C657320696E89
:101480002073797374656D0046696C6520646573BB
:1014900063726970746F722076616C756520746F09
:1014A0006F206C61726765004E6F74206120636805
:1014B0006172616374657220646576696365005466
:1014C0006578742066696C65206275737900466979
:1014D0006C6520746F6F206C6172676500486F7374
:1014E0007420697320756E726561636861626C65F2
:1014F000004E6F207370616365206C656674206FA9
:101500006E20646576696365004E6F742073757034
:10151000706F7274656400496C6C6567616C2073F0
:1015200065656B00526561642D6F6E6C792066692C
:101530006C652073797374656D00546F6F206D61F5
:101540006E79206C696E6B730042726F6B656E20F2
:1015500070697065004D617468656D61746963736D
:1015600020617267756D656E74206F7574206F668B
:1015700020646F6D61696E206F662066756E63749E
:10158000696F6E00526573756C7420746F6F206C98
:1015900061726765004E6F206D65737361676520CA
:1015A0006F66206465736972656420747970650084
:1015B0004964656E7469666965722072656D6F76DF
:1015C000656400496C6C6567616C206279746520A4
:1015D00073657175656E636500446561646C6F6306
:1015E0006B004E6574776F726B20697320756E7235
:1015F0006561636861626C65004E6F206C6F636B40
:10160000004E6F7420612073747265616D005374B5
:101610007265616D20696F63746C2074696D656FAC
:101620007574004E6F2073747265616D20726573FE
:101630006F7572636573005669727475616C2063AF
:1016400069726375697420697320676F6E650050F5
:10165000726F746F636F6C206572726F7200556E7B
:101660006B6E6F776E2070726F746F636F6C004D6E
:10167000756C7469686F7020617474656D707465E1
:101680006400426164206D6573736167650046752F
:101690006E6374696F6E206E6F7420696D706C6517
:1016A0006D656E746564004469726563746F727908
:1016B000206E6F7420656D7074790046696C6520CA
:1016C0006F722070617468206E616D6520746F6F39
:1016D000206C6F6E6700546F6F206D616E792073A0
:1016E000796D626F6C6963206C696E6B73004E6F0D
:1016F000206275666665722073706163652061762D
:1017000061696C61626C65004E6F20646174610098
:10171000416464726573732066616D696C79206ED3
:101720006F7420737570706F7274656420627920B5
:1017300070726F746F636F6C2066616D696C790095
:1017400050726F746F636F6C2077726F6E67207466
:1017500079706520666F7220736F636B65740053D8
:101760006F636B6574206F7065726174696F6E2052
:101770006F6E206E6F6E2D736F636B6574005072A9
:101780006F746F636F6C206E6F7420617661696C2B
:1017900061626C6500436F6E6E656374696F6E2085
:1017A0007265667573656400436F6E6E6563746918
:1017B0006F6E207265736574206279207065657242
:1017C000004164647265737320616C726561647951
:1017D00020696E20757365004164647265737320BF
:1017E0006E6F7420617661696C61626C6500536F25
:1017F0006674776172652063617573656420636FD9
:101800006E6E656374696F6E2061626F72740053EF
:101810006F636B6574206973206E6F7420636F6EE5
:101820006E656374656400536F636B6574206973E0
:1018300020616C726561647920636F6E6E6563749C
:101840006564004F7065726174696F6E2063616ECC
:1018500063656C6564005374617465206E6F7420F9
:101860007265636F76657261626C65005072657651
:10187000696F7573206F776E6572206469656400A7
:101880004F7065726174696F6E206E6F742073752E
:1018900070706F72746564206F6E20736F636B6518
:1018A000740056616C756520746F6F206C6172678F
:1018B0006520666F7220646566696E656420646188
:1018C00074612074797065004D657373616765207C
:1018D000746F6F206C6F6E6700436F6E6E6563741C
:1018E000696F6E2074696D6564206F7574004E5366
:1018F00074366C6F63616C65356661636574450051
:10190000104A0708EE180708430000004CD30124D2
:10191000B4D2012438D30124A8D2012440D3012415
:10192000B0D201245CD30124C4D2012458D30124B1
:10193000C0D2012454D30124BCD2012450D30124A9
:10194000B8D201243CD30124ACD20124ACD301246D
:10195000F4D2012498D30124E8D20124A0D3012495
:10196000F0D20124BCD3012404D30124B8D3012430
:1019700000D30124B4D30124FCD20124B0D3012428
:10198000F8D201249CD30124ECD2012400000000F1
:1019900000000000740000007200000075000000EC
:1019A000650000000000000066000000610000000B
:1019B0006C000000730000006500000000000000E3
:1019C000470000004D00000054000000000000002F
:1019D0004800000053000000540000000000000018
:1019E000410000004B0000005300000054000000C4
:1019F00000000000500000005300000054000000F0
:101A0000000000004D0000005300000054000000E2
:101A100000000000430000005300000054000000DC
:101A200000000000450000005300000054000000CA
:101A300000000000410000005300000054000000BE
:101A4000000000004E0000005300000054000000A1
:101A500000000000430000004500000054000000AA
:101A60000000000049000000530000005400000086
:101A70000000000045000000450000005400000088
:101A8000000000004A000000530000005400000065
:101A900000000000250000006D0000002F00000085
:101AA00025000000640000002F0000002500000059
:101AB0007900000000000000250000004800000040
:101AC0003A000000250000004D0000003A00000030
:101AD000250000005300000000000000410000004D
:101AE0004D00000000000000500000004D0000000C
:101AF0000000000025000000490000003A0000003E
:101B0000250000004D0000003A0000002500000004
:101B100053000000200000002500000070000000BD
:101B20000000000053000000750000006E0000007F
:101B30006400000061000000790000000000000067
:101B40004D0000006F0000006E0000006400000007
:101B50006100000079000000000000005400000057
:101B600075000000650000007300000064000000C4
:101B70006100000079000000000000005700000034
:101B800065000000640000006E00000065000000B9
:101B90007300000064000000610000007900000094
:101BA0000000000054000000680000007500000004
:101BB000720000007300000064000000610000007B
:101BC00079000000000000004600000072000000E4
:101BD000690000006400000061000000790000005E
:101BE00000000000530000006100000074000000CD
:101BF0007500000072000000640000006100000039
:101C00007900000000000000530000007500000093
:101C10006E000000000000004D0000006F0000009A
:101C20006E0000000000000054000000750000007D
:101C30006500000000000000570000006500000083
:101C40006400000000000000540000006800000074
:101C50007500000000000000460000007200000057
:101C60006900000000000000530000006100000057
:101C700074000000000000004A0000006100000045
:101C80006E0000007500000061000000720000009E
:101C90007900000000000000460000006500000020
:101CA000620000007200000075000000610000008A
:101CB0007200000079000000000000004D000000EC
:101CC0006100000072000000630000006800000076
:101CD00000000000410000007000000072000000E1
:101CE000690000006C000000000000004D000000D2
:101CF0006100000079000000000000004A000000C0
:101D0000750000006E00000065000000000000008B
:101D10004A000000750000006C000000790000001F
:101D20000000000041000000750000006700000096
:101D30007500000073000000740000000000000047
:101D400053000000650000007000000074000000F7
:101D5000650000006D0000006200000065000000EA
:101D600072000000000000004F000000630000004F
:101D7000740000006F0000006200000065000000B9
:101D800072000000000000004E0000006F00000024
:101D900076000000650000006D0000006200000099
:101DA0006500000072000000000000004400000018
:101DB0006500000063000000650000006D00000089
:101DC00062000000650000007200000000000000DA
:101DD0004A000000610000006E00000000000000EA
:101DE00046000000650000006200000000000000E6
:101DF0004D000000610000007200000000000000C3
:101E000041000000700000007200000000000000AF
:101E10004A000000750000006E0000000000000095
:101E20004A000000750000006C0000000000000087
:101E30004100000075000000670000000000000085
:101E4000530000006500000070000000000000006A
:101E50004F0000006300000074000000000000005C
:101E60004E0000006F00000076000000000000003F
:101E70004400000065000000630000000000000056
:101E80002500000073000000250000002E00000067
:101E90002A0000006400000000000000250000008F
:101EA0007300000025000000300000002E0000003C
:101EB0002A0000006400000000000000250000006F
:101EC0003200000064000000000000002500000057
:101ED0002E00000032000000640000002F0000000F
:101EE000250000002E000000320000006400000009
:101EF0002F000000250000002E000000320000002E
:101F00006400000000000000250000006C000000DC
:101F10007500000000000000590000002D000000C6
:101F2000250000006D0000002D00000025000000CD
:101F300064000000000000002E0000002A000000E5
:101F40007500000000000000250000002E000000C9
:101F500033000000640000000000000025000000C5
:101F60002E000000310000006400000000000000AE
:101F7000250000006C0000006C0000006400000000
:101F800000000000250000002E00000032000000CC
:101F9000640000003A000000250000002E00000050
:101FA00032000000640000003A000000250000003C
:101FB0002E0000003200000064000000000000005D
:101FC00025000000650000002D0000002500000035
:101FD000620000002D00000025000000000000004D
:101FE0005900000000000000250000002B00000048
:101FF00030000000330000006C00000064000000AE
:10200000250000002E000000320000006C000000DF
:1020100064000000000000003000000031000000FB
:1020200032000000330000003400000035000000E2
:1020300036000000370000003800000039000000C2
:102040006100000062000000630000006400000006
:102050006500000066000000000000003000000085
:1020600031000000320000003300000034000000A6
:102070003500000036000000370000003800000086
:102080003900000041000000420000004300000051
:102090004400000045000000460000000000000071
:1020A000490000004E000000460000000000000053
:1020B000690000006E0000006600000000000000E3
:1020C0004E000000410000004E0000000000000033
:1020D0006E000000610000006E00000000000000C3
:1020E0003000000000000000000000000C40070865
:1020F000D5B7030811B8030800000000E03F070847
:1021000025B8030861B803080000000080470708ED
:1021100075B80308B1B80308000000005447070869
:10212000C5B8030801B903080000000030400708E3
:10213000B5BD0308E9BD030800000000A447070877
:10214000FDBD030831BE030853743132636F64650B
:102150006376745F6261736500000000104A0708CF
:1021600048210708537432335F5F636F6465637699
:10217000745F61627374726163745F6261736549F5
:1021800044736331305F6D6273746174655F74456D
:1021900000000000E84A070864210708000000006A
:1021A0000200000000190708020000005C21070877
:1021B00002000000537437636F64656376744944AA
:1021C000736331305F6D6273746174655F74450071
:1021D000704A0708B4210708942107085374323362
:1021E0005F5F636F64656376745F6162737472616D
:1021F00063745F626173654944696331305F6D6226
:1022000073746174655F744500000000E84A070854
:10221000DC21070800000000020000000019070888
:10222000020000005C2107080200000053743763BD
:102230006F64656376744944696331305F6D6273BE
:10224000746174655F744500704A07082C220708A2
:102250000C220708537432335F5F636F64656376E3
:10226000745F61627374726163745F626173654904
:102270004473447531305F6D6273746174655F746B
:1022800045000000E84A0708542207080000000043
:102290000200000000190708020000005C21070886
:1022A00002000000537437636F64656376744944B9
:1022B00073447531305F6D6273746174655F74452A
:1022C00000000000704A0708A422070884220708BB
:1022D000537432335F5F636F64656376745F61620A
:1022E0007374726163745F626173654944694475B4
:1022F00031305F6D6273746174655F744500000016
:10230000E84A0708D0220708000000000200000089
:1023100000190708020000005C2107080200000005
:10232000537437636F6465637674494469447531E7
:10233000305F6D6273746174655F74450000000006
:10234000704A070820230708002307080000000040
:1023500094210708000000000000000000000000B9
:10236000000000000000000000000000000000006D
:10237000000000000000000000000000D02107085D
:10238000D9CB0308EDCB0308D5C7030819C303084D
:10239000C9C9030821C3030825C3030849CA0308A0
:1023A00029C30308000000000C22070800000000F9
:1023B000000000000000000000000000000000001D
:1023C000000000000000000000000000000000000D
:1023D000000000004822070801CC030815CC0308C0
:1023E00051C8030819C30308F1C8030821C303082F
:1023F00025C3030851C9030829C3030800000000CE
:102400008422070800000000000000000000000017
:1024100000000000000000000000000000000000BC
:10242000000000000000000000000000C4220708B7
:1024300029CC03083DCC030869CA03082DC303084F
:1024400075CB030821C3030825C303082DCB03085C
:1024500029C3030800000000002307080000000053
:10246000000000000000000000000000000000006C
:10247000000000000000000000000000000000005C
:10248000000000004023070851CC030865CC030876
:10249000D9C603082DC30308DDCA030821C30308F6
:1024A00025C30308A9C6030829C30308EFBBBF005F
:1024B000E84A0708D02407080000000002000000D6
:1024C000BC3C070802000000A0290708020C00001D
:1024D0002A4E537431335F5F66616365745F73685E
:1024E000696D7331325F474C4F42414C5F5F4E5FC5
:1024F0003131336E756D70756E63745F7368696DBD
:102500004963454500000000E84A070828250708F8
:102510000000000002000000A03C070802000000CC
:10252000A0290708020C00002A4E537431335F5F64
:1025300066616365745F7368696D7331325F474CC0
:102540004F42414C5F5F4E5F313132636F6C6C6163
:1025500074655F7368696D4963454500E84A07081B
:102560007C2507080000000002000000B83D0708B5
:1025700002000000A0290708020C00002A4E537434
:1025800031335F5F66616365745F7368696D733172
:10259000325F474C4F42414C5F5F4E5F3131356D8A
:1025A0006F6E657970756E63745F7368696D49638A
:1025B0004C62314545450000E84A0708D825070820
:1025C0000000000002000000F03D070802000000CB
:1025D000A0290708020C00002A4E537431335F5FB4
:1025E00066616365745F7368696D7331325F474C10
:1025F0004F42414C5F5F4E5F3131356D6F6E657993
:1026000070756E63745F7368696D49634C623045C1
:1026100045450000E84A0708342607080000000086
:1026200002000000C83E070802000000A0290708B9
:10263000020800002A4E537431335F5F66616365A0
:10264000745F7368696D7331325F474C4F42414C20
:102650005F5F4E5F3131346D6F6E65795F676574B2
:102660005F7368696D49634545000000E84A0708E3
:102670008C2607080000000002000000103F070839
:1026800002000000A0290708020800002A4E537427
:1026900031335F5F66616365745F7368696D733161
:1026A000325F474C4F42414C5F5F4E5F3131346D7A
:1026B0006F6E65795F7075745F7368696D496345A6
:1026C00045000000E84A0708E4260708000000006B
:1026D00002000000203E070802000000A0290708B1
:1026E000021000002A4E537431335F5F66616365E8
:1026F000745F7368696D7331325F474C4F42414C70
:102700005F5F4E5F3131336D657373616765735F12
:102710007368696D4963454500000000E84A070891
:102720003C270708000000000200000030440708B2
:1027300002000000A0290708020C00002A4E537472
:1027400031335F5F66616365745F7368696D7331B0
:10275000325F474C4F42414C5F5F4E5F3131336EC9
:10276000756D70756E63745F7368696D4977454503
:1027700000000000E84A070894270708000000004E
:1027800002000000D443070802000000A029070847
:10279000020C00002A4E537431335F5F666163653B
:1027A000745F7368696D7331325F474C4F42414CBF
:1027B0005F5F4E5F313132636F6C6C6174655F7364
:1027C00068696D4977454500E84A0708E827070822
:1027D00000000000020000002C4507080200000075
:1027E000A0290708020C00002A4E537431335F5FA2
:1027F00066616365745F7368696D7331325F474CFE
:102800004F42414C5F5F4E5F3131356D6F6E657980
:1028100070756E63745F7368696D49774C6231459A
:1028200045450000E84A0708442807080000000062
:10283000020000006445070802000000A029070804
:10284000020C00002A4E537431335F5F666163658A
:10285000745F7368696D7331325F474C4F42414C0E
:102860005F5F4E5F3131356D6F6E657970756E6388
:10287000745F7368696D49774C6230454545000067
:10288000E84A0708A028070800000000020000002E
:102890003C46070802000000A029070802080000C3
:1028A0002A4E537431335F5F66616365745F73688A
:1028B000696D7331325F474C4F42414C5F5F4E5FF1
:1028C0003131346D6F6E65795F6765745F73686908
:1028D0006D49774545000000E84A0708F8280708D1
:1028E000000000000200000084460708020000000B
:1028F000A0290708020800002A4E537431335F5F95
:1029000066616365745F7368696D7331325F474CEC
:102910004F42414C5F5F4E5F3131346D6F6E657970
:102920005F7075745F7368696D4977454500000095
:10293000E84A0708502907080000000002000000CC
:102940009445070802000000A029070802100000B3
:102950002A4E537431335F5F66616365745F7368D9
:10296000696D7331325F474C4F42414C5F5F4E5F40
:102970003131336D657373616765735F7368696D5A
:1029800049774545004E5374366C6F63616C65350D
:102990006661636574365F5F7368696D450000004A
:1029A000104A070885290708E84A0708C8290708C0
:1029B0000000000002000000A03F07080200000025
:1029C000A0290708020800002A4E537431335F5FC4
:1029D00066616365745F7368696D7331325F474C1C
:1029E0004F42414C5F5F4E5F31313374696D655FBB
:1029F0006765745F7368696D496345450000000051
:102A0000E84A0708202A070800000000020000002A
:102A10001447070802000000A02907080208000068
:102A20002A4E537431335F5F66616365745F736808
:102A3000696D7331325F474C4F42414C5F5F4E5F6F
:102A400031313374696D655F6765745F7368696D93
:102A5000497745450000000000000000B024070849
:102A600039D603085DD60308EB730408F373040832
:102A7000D3760408BF760408AB7604080000000093
:102A800008250708F9D7030825D80308E1CF03086C
:102A900027E7030805740408000000005C25070808
:102AA00071D6030899D60308C5730408CB730408CC
:102AB000237704080F770408FB760408E7760408F8
:102AC000D1730408D7730408E17304080000000000
:102AD000B8250708ADD60308D5D603089F730408A8
:102AE000A5730408737704085F7704084B7704081C
:102AF00037770408AB730408B1730408BB73040888
:102B0000000000001426070839D803085DD8030820
:102B10004FD1030851E70308000000006C260708A6
:102B200071D8030895D80308BFD10308D9D9030881
:102B300000000000C4260708E9D6030805D70308EB
:102B4000EDD40308D7E70308F7D10308000000001D
:102B50001C27070819D703083DD70308CBE0040852
:102B6000D1E00408E9E404084BE3040837E304086F
:102B70000000000074270708A9D80308D5D8030867
:102B800003D203089FE80308E1E004080000000006
:102B9000C827070851D7030879D70308A5E0040818
:102BA000ABE00408FDE4040887E3040873E30408C9
:102BB0005FE30408B1E00408B7E00408C1E00408DA
:102BC00000000000242807088DD70308B5D70308A4
:102BD0007FE0040885E0040811E50408C3E3040865
:102BE000AFE304089BE304088BE0040891E00408C9
:102BF0009BE004080000000080280708E9D80308CB
:102C00000DD9030871D30308C9E8030800000000C8
:102C1000D828070821D9030845D90308E1D30308B8
:102C200031DA03080000000030290708C9D703087B
:102C3000E5D70308CDD403084FE9030817D40308E8
:102C400000000000A829070859D903087DD9030806
:102C500045D1030803D10308C1D003087FD003087E
:102C60003DD00308FBCF030800000000002A07083E
:102C700091D90308B5D9030867D3030825D30308FE
:102C8000E3D20308A1D203085FD203081DD20308D0
:102C90005374313063747970655F626173650000ED
:102CA000104A0708902C07085374356374797065CF
:102CB00049634500E84A0708A82C070800000000FF
:102CC000020000000019070802000000A02C0708FD
:102CD00002000000537435637479706549774500CC
:102CE000704A0708D42C07080044070800000000B9
:102CF000B42C070871F6030899F60308CDF703080A
:102D0000DDF70308FDF703080DF8030869F603086B
:102D1000BFF603086DF60308ABF6030800000000D9
:102D2000E02C0708D5F60308F9F603080DF90308A7
:102D300049F9030893F90308BFF90308CDF803081C
:102D4000D3F80308EDF80308F3F80308EBF90308D8
:102D5000F3F9030811FA030835FA03085374313004
:102D60006D6F6E65795F626173650000104A0708D8
:102D70005C2D0708537431336D6573736167657338
:102D80005F62617365000000104A0708742D070830
:102D900053743974696D655F62617365000000008A
:102DA000104A0708902D07084E5374375F5F637809
:102DB00078313137636F6C6C6174654963454500E8
:102DC000704A0708A82D0708001907084E537437E2
:102DD0005F5F6378783131386E756D70756E6374CE
:102DE0004963454500000000704A0708CC2D0708DC
:102DF000001907084E5374375F5F637878313131BB
:102E0000306D6F6E657970756E637449634C6231B5
:102E100045454500E84A0708F42D07080000000072
:102E20000200000000190708020000006C2D0708CE
:102E3000020000004E5374375F5F637878313131A0
:102E4000306D6F6E657970756E637449634C623076
:102E500045454500E84A0708342E070800000000F1
:102E60000200000000190708020000006C2D07088E
:102E7000020000004E5374375F5F63787831313859
:102E80006D657373616765734963454500000000B4
:102E9000E84A0708742E070800000000020000003E
:102EA0000019070802000000882D07080200000032
:102EB0004E5374375F5F6378783131396D6F6E656B
:102EC000795F6765744963537431396973747265E6
:102ED000616D6275665F6974657261746F72496372
:102EE00053743131636861725F74726169747349DC
:102EF0006345454545000000704A0708B02E0708A5
:102F0000001907084E5374375F5F637878313139A1
:102F10006D6F6E65795F7075744963537431396F85
:102F200073747265616D6275665F697465726174F0
:102F30006F72496353743131636861725F74726197
:102F4000697473496345454545000000704A0708A8
:102F5000042F0708001907084E5374375F5F637822
:102F60007831313874696D655F676574496353748E
:102F700031396973747265616D6275665F69746514
:102F80007261746F72496353743131636861725F47
:102F900074726169747349634545454500000000DA
:102FA000E84A0708582F0708000000000200000048
:102FB0000019070802000000A02D07080200000009
:102FC00000000000C02D07081DFC030839FC0308A1
:102FD0007B000408D5FF030861FB03080000000024
:102FE000E82D0708B1BC0308D1BC030847FB030860
:102FF0004FFB030869FD030859FD030849FD030859
:1030000000000000142E0708E5B5030805B6030804
:1030100021FB030827FB0308A9FD030899FD03080A
:1030200089FD030879FD03082DFB030833FB030822
:103030003DFB030800000000542E070819B60308E2
:1030400039B60308FBFA030801FB0308E9FD03088E
:10305000D9FD0308C9FD0308B9FD030807FB0308F0
:103060000DFB030817FB030800000000902E070863
:10307000EDFB030809FC03085BFB0308815305080B
:103080005FFB030800000000F82E070875FB03082B
:1030900089FB0308812704081128040800000000A8
:1030A0004C2F07089DFB0308B1FB0308B509040872
:1030B000C50A040800000000A02F0708C5FB03088C
:1030C000D9FB030857FB0308051E04088B1E0408E0
:1030D000AD1C04086F1D04089D1B0408111F040883
:1030E000E84A07080031070800000000020000005D
:1030F000E82D070802000000A0290708020C0000C4
:103100002A4E537431335F5F66616365745F736821
:10311000696D7331325F474C4F42414C5F5F4E5F88
:103120003131336E756D70756E63745F7368696D80
:103130004963454500000000E84A07085831070880
:103140000000000002000000C02D0708020000007F
:10315000A0290708020C00002A4E537431335F5F28
:1031600066616365745F7368696D7331325F474C84
:103170004F42414C5F5F4E5F313132636F6C6C6127
:1031800074655F7368696D4963454500E84A0708DF
:10319000AC3107080000000002000000142E0708F0
:1031A00002000000A0290708020C00002A4E5374F8
:1031B00031335F5F66616365745F7368696D733136
:1031C000325F474C4F42414C5F5F4E5F3131356D4E
:1031D0006F6E657970756E63745F7368696D49634E
:1031E0004C62314545450000E84A070808320708A7
:1031F0000000000002000000542E0708020000003A
:10320000A0290708020C00002A4E537431335F5F77
:1032100066616365745F7368696D7331325F474CD3
:103220004F42414C5F5F4E5F3131356D6F6E657956
:1032300070756E63745F7368696D49634C62304585
:1032400045450000E84A070864320708000000000E
:1032500002000000F82E070802000000A02907085D
:10326000020800002A4E537431335F5F6661636564
:10327000745F7368696D7331325F474C4F42414CE4
:103280005F5F4E5F3131346D6F6E65795F67657476
:103290005F7368696D49634545000000E84A0708A7
:1032A000BC32070800000000020000004C2F070895
:1032B00002000000A0290708020800002A4E5374EB
:1032C00031335F5F66616365745F7368696D733125
:1032D000325F474C4F42414C5F5F4E5F3131346D3E
:1032E0006F6E65795F7075745F7368696D4963456A
:1032F00045000000E84A07081433070800000000F2
:1033000002000000902E070802000000A029070814
:10331000021000002A4E537431335F5F66616365AB
:10332000745F7368696D7331325F474C4F42414C33
:103330005F5F4E5F3131336D657373616765735FD6
:103340007368696D4963454500000000E84A070855
:103350006C3307080000000002000000E83807088E
:1033600002000000A0290708020C00002A4E537436
:1033700031335F5F66616365745F7368696D733174
:10338000325F474C4F42414C5F5F4E5F3131336E8D
:10339000756D70756E63745F7368696D49774545C7
:1033A00000000000E84A0708C433070800000000D6
:1033B00002000000C038070802000000A02907082A
:1033C000020C00002A4E537431335F5F66616365FF
:1033D000745F7368696D7331325F474C4F42414C83
:1033E0005F5F4E5F313132636F6C6C6174655F7328
:1033F00068696D4977454500E84A070818340708A9
:10340000000000000200000014390708020000005C
:10341000A0290708020C00002A4E537431335F5F65
:1034200066616365745F7368696D7331325F474CC1
:103430004F42414C5F5F4E5F3131356D6F6E657944
:1034400070756E63745F7368696D49774C6231455E
:1034500045450000E84A07087434070800000000EA
:10346000020000005439070802000000A0290708E4
:10347000020C00002A4E537431335F5F666163654E
:10348000745F7368696D7331325F474C4F42414CD2
:103490005F5F4E5F3131356D6F6E657970756E634C
:1034A000745F7368696D49774C623045454500002B
:1034B000E84A0708D03407080000000002000000B6
:1034C000F839070802000000A029070802080000D8
:1034D0002A4E537431335F5F66616365745F73684E
:1034E000696D7331325F474C4F42414C5F5F4E5FB5
:1034F0003131346D6F6E65795F6765745F736869CC
:103500006D49774545000000E84A07082835070857
:1035100000000000020000004C3A07080200000012
:10352000A0290708020800002A4E537431335F5F58
:1035300066616365745F7368696D7331325F474CB0
:103540004F42414C5F5F4E5F3131346D6F6E657934
:103550005F7075745F7368696D4977454500000059
:10356000E84A070880350708000000000200000054
:103570009039070802000000A02907080210000087
:103580002A4E537431335F5F66616365745F73689D
:10359000696D7331325F474C4F42414C5F5F4E5F04
:1035A0003131336D657373616765735F7368696D1E
:1035B0004977454500000000E84A0708D835070864
:1035C0000000000002000000A02F07080200000019
:1035D000A0290708020800002A4E537431335F5FA8
:1035E00066616365745F7368696D7331325F474C00
:1035F0004F42414C5F5F4E5F31313374696D655F9F
:103600006765745F7368696D496345450000000034
:10361000E84A0708303607080000000002000000F2
:10362000A03A070802000000A029070802080000CD
:103630002A4E537431335F5F66616365745F7368EC
:10364000696D7331325F474C4F42414C5F5F4E5F53
:1036500031313374696D655F6765745F7368696D77
:10366000497745450000000000000000E0300708F1
:10367000412F0408652F040847FB03084FFB03088C
:1036800069FD030859FD030849FD03080000000017
:1036900038310708013104082D3104088D29040848
:1036A0002740040861FB0308000000008C31070874
:1036B000792F0408A12F040821FB030827FB030826
:1036C000A9FD030899FD030889FD030879FD030896
:1036D0002DFB030833FB03083DFB0308000000003B
:1036E000E8310708B52F0408DD2F0408FBFA0308AA
:1036F00001FB0308E9FD0308D9FD0308C9FD030820
:10370000B9FD030807FB03080DFB030817FB0308BB
:103710000000000044320708413104086531040804
:10372000FB2A040851400408000000009C320708EE
:10373000793104089D3104086B2B0408D132040848
:1037400000000000F4320708F12F04080D300408CF
:10375000AF2B040831410408A32B0408000000002B
:103760004C33070821300408453004087B43040823
:10377000814304084D4604088D4504087D4504082E
:1037800000000000A4330708B1310408DD3104084B
:10379000C72B0408EB410408914304080000000013
:1037A000F8330708593004088130040855430408E9
:1037B0005B4304085D460408BD450408AD450408A4
:1037C0009D450408614304086743040871430408E5
:1037D000000000005434070895300408BD30040888
:1037E0002F430408354304086D460408ED450408DA
:1037F000DD450408CD4504083B4304084143040863
:103800004B43040800000000B0340708F1310408FD
:1038100015320408352D0408154204080000000084
:1038200008350708293204084D320408A52D04087C
:10383000293304080000000060350708D13004086F
:10384000ED300408E72D0408F3420408DB2D0408DA
:1038500000000000B835070861320408853204080A
:10386000F12A0408AF2A04086D2A04082B2A040848
:10387000E9290408A7290408111F04080000000012
:103880001036070899320408BD3204082B2D0408AD
:10389000E92C0408A72C0408652C0408232C040830
:1038A000E12B0408D16604084E5374375F5F6378D8
:1038B00078313137636F6C6C6174654977454500C9
:1038C000704A0708A8380708001907084E537437CC
:1038D0005F5F6378783131386E756D70756E6374C3
:1038E0004977454500000000704A0708CC380708B2
:1038F000001907084E5374375F5F637878313131B0
:10390000306D6F6E657970756E637449774C623196
:1039100045454500E84A0708F4380708000000005C
:103920000200000000190708020000006C2D0708C3
:10393000020000004E5374375F5F63787831313195
:10394000306D6F6E657970756E637449774C623057
:1039500045454500E84A07083439070800000000DB
:103960000200000000190708020000006C2D070883
:10397000020000004E5374375F5F6378783131384E
:103980006D65737361676573497745450000000095
:10399000E84A070874390708000000000200000028
:1039A0000019070802000000882D07080200000027
:1039B0004E5374375F5F6378783131396D6F6E6560
:1039C000795F6765744977537431396973747265C7
:1039D000616D6275665F6974657261746F72497753
:1039E00053743131636861725F74726169747349D1
:1039F0007745454545000000704A0708B03907087B
:103A0000001907084E5374375F5F63787831313996
:103A10006D6F6E65795F7075744977537431396F66
:103A200073747265616D6275665F697465726174E5
:103A30006F72497753743131636861725F74726178
:103A4000697473497745454545000000704A070889
:103A5000043A0708001907084E5374375F5F63780C
:103A60007831313874696D655F676574497753746F
:103A700031396973747265616D6275665F69746509
:103A80007261746F72497753743131636861725F28
:103A900074726169747349774545454500000000BB
:103AA000E84A0708583A0708000000000200000032
:103AB0000019070802000000A02D070802000000FE
:103AC00000000000C03807084D4404086944040899
:103AD000E948040825480408914304080000000050
:103AE000E838070881BD0308A1BD03087B4304082B
:103AF000814304084D4604088D4504087D450408AB
:103B000000000000143907086DB703088DB70308DB
:103B1000554304085B4304085D460408BD4504089A
:103B2000AD4504089D450408614304086743040843
:103B3000714304080000000054390708A1B70308C6
:103B4000C1B703082F430408354304086D46040831
:103B5000ED450408DD450408CD4504083B43040851
:103B6000414304084B430408000000009039070853
:103B70001D440408394404088B430408C353050852
:103B80008F43040800000000F8390708A543040823
:103B9000B94304082D6F0408BD6F0408000000003D
:103BA0004C3A0708CD430408E14304085D5104087A
:103BB0005552040800000000A03A0708F543040825
:103BC0000944040887430408C56504084B660408D3
:103BD0006D6404082F6504085D630408D166040859
:103BE00053743962617369635F696F7349635374B6
:103BF0003131636861725F747261697473496345DE
:103C000045000000704A0708E03B07082C3C070805
:103C100000000000043C0708097104081D71040835
:103C2000537438696F735F6261736500104A0708E7
:103C3000203C0708000000002C3C07082D720408F7
:103C40006572040853690000E84A0708443C070805
:103C50000000000001000000043C070803F4FFFF1F
:103C6000743C0708883C07080800000000000000BA
:103C7000483C070879720408AD720408F8FFFFFF9A
:103C8000F8FFFFFF483C07089D720408BF72040854
:103C9000537437636F6C6C61746549634500000051
:103CA000704A0708903C0708001907085374386EDB
:103CB000756D70756E63744963450000704A07083E
:103CC000AC3C0708001907085374376E756D5F67C1
:103CD00065744963537431396973747265616D62D7
:103CE00075665F6974657261746F7249635374318C
:103CF00031636861725F74726169747349634545C9
:103D000045000000704A0708C83C0708001907086A
:103D10005374376E756D5F707574496353743139C0
:103D20006F73747265616D6275665F6974657261E7
:103D3000746F72496353743131636861725F747276
:103D4000616974734963454545000000704A07087E
:103D5000103D070800190708537431375F5F746915
:103D60006D6570756E63745F636163686549634513
:103D700000000000704A0708583D070800190708AE
:103D8000537431315F5F74696D6570756E6374492A
:103D900063450000704A0708803D070800190708BE
:103DA000537431306D6F6E657970756E63744963ED
:103DB0004C62314545000000E84A0708A03D07086D
:103DC00000000000020000000019070802000000C7
:103DD0006C2D070802000000537431306D6F6E6562
:103DE0007970756E637449634C623045450000001C
:103DF000E84A0708D83D070800000000020000005C
:103E000000190708020000006C2D070802000000DE
:103E10005374386D6573736167657349634500005A
:103E2000E84A0708103E07080000000002000000F2
:103E30000019070802000000882D07080200000092
:103E4000537432335F5F636F64656376745F61627E
:103E50007374726163745F62617365496363313067
:103E60005F6D6273746174655F744500E84A0708AA
:103E7000403E07080000000002000000001907088B
:103E8000020000005C210708020000005374396D35
:103E90006F6E65795F67657449635374313969730F
:103EA000747265616D6275665F6974657261746F65
:103EB00072496353743131636861725F747261690E
:103EC0007473496345454500704A07088C3E0708EE
:103ED000001907085374396D6F6E65795F707574DA
:103EE0004963537431396F73747265616D627566BD
:103EF0005F6974657261746F7249635374313163C1
:103F00006861725F74726169747349634545450005
:103F1000704A0708D43E070800190708537438741C
:103F2000696D655F7075744963537431396F73746B
:103F30007265616D6275665F6974657261746F72D6
:103F4000496353743131636861725F74726169747B
:103F50007349634545450000704A07081C3F070840
:103F60000019070853743874696D655F6765744993
:103F700063537431396973747265616D6275665F1C
:103F80006974657261746F72496353743131636827
:103F900061725F74726169747349634545450000DD
:103FA000E84A0708643F070800000000020000001C
:103FB0000019070802000000A02D070802000000F9
:103FC000537431385F5F6D6F6E657970756E6374B1
:103FD0005F636163686549634C623045450000007A
:103FE000704A0708C03F07080019070853743138A2
:103FF0005F5F6D6F6E657970756E63745F6361632B
:10400000686549634C62314545000000704A070805
:10401000EC3F070800190708537431365F5F6E756F
:104020006D70756E63745F636163686549634500B5
:10403000704A070818400708001907080000000028
:10404000A03C07085575040871750408E578040854
:10405000457804080574040800000000BC3C07080B
:10406000E1BE030801BF0308EB730408F3730408FF
:10407000D3760408BF760408AB760408000000007D
:10408000043D070819740408A57404081BB104084A
:10409000E5B0040801B6040865B90408C9BC040801
:1040A00015C10408F1C4040805AC040891AC040867
:1040B0001DAD0408FFBC0408000000004C3D0708CB
:1040C0002D740408B7740408DD870408B587040854
:1040D000EF890408D18B0408278D0408518F040848
:1040E00077910408178A040800000000743D07084F
:1040F00069740408ED74040800000000943D07088A
:1041000085750408C175040800000000B83D070863
:1041100025BA030845BA0308C5730408CB7304081D
:10412000237704080F770408FB760408E776040871
:10413000D1730408D7730408E17304080000000079
:10414000F03D070859BA030879BA03089F730408B9
:10415000A5730408737704085F7704084B77040895
:1041600037770408AB730408B1730408BB73040801
:1041700000000000203E070825750408417504086A
:10418000FF730408095405080374040800000000C4
:104190006C3E070800000000000000000000000066
:1041A000000000000000000000000000000000000F
:1041B000000000000000000000000000C83E0708EA
:1041C00041740408C974040855D00408D9D00408FF
:1041D00000000000103F070855740408DB74040851
:1041E00089960408A197040800000000583F0708BA
:1041F0007D740408FF740408D597040800000000CB
:10420000A03F07089174040811750408FB730408A3
:104210006BC70408F3C7040837C60408D1C60408EE
:1042200027C504084E5374375F5F637878313131A6
:104230003562617369635F737472696E6762756614
:10424000496353743131636861725F747261697478
:10425000734963455361496345454500704A070802
:10426000244207087C4307084E5374375F5F637826
:10427000783131313962617369635F69737472696E
:104280006E6773747265616D49635374313163682D
:1042900061725F7472616974734963455361496304
:1042A00045454500704A070868420708483C07082A
:1042B000000000005C42070845D304086DD30408E1
:1042C00013D8040835D6040809D4040837D50408DF
:1042D00049D8040899D30408FDD80408B5D30408C4
:1042E00057D8040805D30408A7D804084FD60408F3
:1042F0004400000000000000483C070800000000E7
:1043000000000000BCFFFFFFBCFFFFFF483C0708A8
:10431000000000000000000034430708FC420708CA
:10432000104307084843070844000000000000004D
:10433000A4420708D9D70408F1D70408BCFFFFFF3F
:10434000BCFFFFFFA4420708E1D7040803D8040814
:104350005374313562617369635F73747265616D43
:10436000627566496353743131636861725F747258
:10437000616974734963454500000000104A0708ED
:1043800050430708000000007C4307087DD804085C
:1043900095D8040813D8040815D8040817D80408B9
:1043A0002DD8040849D804084DD80408FDD80408BD
:1043B00051D8040857D804086FD80408A7D80408AF
:1043C00075D80408537437636F6C6C6174654977F2
:1043D00045000000704A0708C44307080019070891
:1043E000537432315F5F63747970655F61627374B7
:1043F000726163745F626173654977450000000014
:10440000E84A0708E0430708000000000200000037
:104410000019070802000000A02C07080200000095
:104420005374386E756D70756E637449774500000E
:10443000704A070820440708001907085374376EAC
:10444000756D5F6765744977537431396973747238
:1044500065616D6275665F6974657261746F7249DA
:104460007753743131636861725F74726169747318
:104470004977454545000000704A07083C44070855
:10448000001907085374376E756D5F70757449773E
:10449000537431396F73747265616D6275665F69EB
:1044A00074657261746F72497753743131636861F6
:1044B000725F747261697473497745454500000005
:1044C000704A0708844407080019070853743137F5
:1044D0005F5F74696D6570756E63745F6361636857
:1044E0006549774500000000704A0708CC4407087A
:1044F00000190708537431315F5F74696D65707519
:104500006E63744977450000704A0708F444070851
:1045100000190708537431306D6F6E657970756ED0
:10452000637449774C62314545000000E84A07084A
:1045300014450708000000000200000000190708E9
:10454000020000006C2D0708020000005374313097
:104550006D6F6E657970756E637449774C62304526
:1045600045000000E84A07084C4507080000000025
:104570000200000000190708020000006C2D070867
:10458000020000005374386D657373616765734989
:1045900077450000E84A0708844507080000000046
:1045A000020000000019070802000000882D07081B
:1045B00002000000537432335F5F636F646563769B
:1045C000745F61627374726163745F626173654981
:1045D000776331305F6D6273746174655F74450039
:1045E000E84A0708B4450708000000000200000080
:1045F00000190708020000005C2107080200000003
:104600005374396D6F6E65795F676574497753745C
:1046100031396973747265616D6275665F6974655D
:104620007261746F72497753743131636861725F7C
:10463000747261697473497745454500704A07088B
:1046400000460708001907085374396D6F6E6579C5
:104650005F7075744977537431396F737472656123
:104660006D6275665F6974657261746F72497753C4
:10467000743131636861725F747261697473497710
:1046800045454500704A07084846070800190708CD
:1046900053743874696D655F7075744977537431FC
:1046A000396F73747265616D6275665F6974657286
:1046B00061746F72497753743131636861725F74EA
:1046C000726169747349774545450000704A07086F
:1046D000904607080019070853743874696D655FC0
:1046E0006765744977537431396973747265616DA4
:1046F0006275665F6974657261746F72497753742D
:104700003131636861725F747261697473497745AE
:1047100045450000E84A0708D846070800000000A1
:10472000020000000019070802000000A02D070881
:1047300002000000537431385F5F6D6F6E657970F1
:10474000756E63745F636163686549774C62304579
:1047500045000000704A0708344707080019070899
:10476000537431385F5F6D6F6E657970756E637409
:104770005F636163686549774C62314545000000BD
:10478000704A070860470708001907085374313654
:104790005F5F6E756D70756E63745F63616368658E
:1047A00049774500704A07088C4707080019070831
:1047B00000000000D443070831E204084DE2040879
:1047C00055E6040899E50408E1E00408000000004B
:1047D0000044070800000000000000000000000086
:1047E00000000000000000000000000000000000C9
:1047F00000000000000000000000000000000000B9
:1048000000000000000000000000000000000000A8
:1048100030440708B1BF0308D1BF0308CBE0040848
:10482000D1E00408E9E404084BE3040837E3040892
:104830000000000078440708F5E0040881E104085E
:10484000271E0508F11D0508092305085D26050832
:10485000B1290508F52D0508C931050819190508FC
:10486000A5190508311A0508E72905080000000008
:10487000C044070809E1040893E104085FFB040849
:1048800039FB040861FD040833FF04087D000508B6
:10489000A9020508D104050887FD040800000000EE
:1048A000E844070845E10408C9E1040800000000E5
:1048B0000845070861E204089DE2040800000000C2
:1048C0002C450708ADBB0308CDBB0308A5E00408D1
:1048D000ABE00408FDE4040887E3040873E304087C
:1048E0005FE30408B1E00408B7E00408C1E004088D
:1048F0000000000064450708E1BB030801BC030891
:104900007FE0040885E0040811E50408C3E3040817
:10491000AFE304089BE304088BE0040891E004087B
:104920009BE00408000000009445070801E2040829
:104930001DE20408DBE0040833540508DFE0040846
:1049400000000000E0450708000000000000000033
:104950000000000000000000000000000000000057
:104960000000000000000000000000000000000047
:104970003C4607081DE10408A5E10408253D05089B
:10498000A93D0508000000008446070831E104083D
:10499000B7E10408D9F70408D9F8040800000000BA
:1049A000CC46070859E10408DBE10408F7040508D0
:1049B00000000000144707086DE10408EDE1040859
:1049C000D7E0040843340508CB3405080F33050845
:1049D000A9330508FF3105084E31305F5F637878F1
:1049E000616269763131375F5F636C6173735F74E5
:1049F0007970655F696E666F45000000704A070850
:104A0000D8490708A44A070800000000FC49070825
:104A10002144050835440508B9460508B946050886
:104A20009F440508E14305088744050849440508F3
:104A300013440508004E31305F5F63787861626926
:104A4000763132305F5F73695F636C6173735F747B
:104A50007970655F696E666F45000000704A0708EF
:104A6000354A0708FC490708000000005C4A0708AF
:104A7000B5450508C9450508B9460508B9460508FC
:104A80009F440508E14305088D46050819460508B9
:104A9000DD450508537439747970655F696E666F1A
:104AA00000000000104A0708944A07084E31305FA2
:104AB0005F637878616269763132315F5F766D6904
:104AC0005F636C6173735F747970655F696E666F45
:104AD00045000000704A0708AC4A0708FC4907086F
:104AE00000000000D44A0708E9460508FD4605080D
:104AF000B9460508B94605089F440508E14305087D
:104B0000014A0508AB470508114705085374376388
:104B10006F646563767449636331305F6D6273748B
:104B20006174655F74450000704A07080C4B070804
:104B30006C3E0708537437636F6465637674497716
:104B40006331305F6D6273746174655F744500003A
:104B5000704A0708344B0708E045070800000000CA
:104B6000284B0708594D05087D4D05082B4D0508B4
:104B7000394D05082B4D0508414D0508454D0508E3
:104B8000494D0508414D050800000000504B07083D
:104B9000914D0508B54D0508094E0508394D050824
:104BA000BF4E0508274F0508554D0508394F050824
:104BB000354F050800001F003B005A0078009700A1
:104BC000B500D400F300110130014E016D01000069
:104BD0001F003C005B0079009800B600D500F4008F
:104BE000120131014F016E0102030004704A0708EF
:104BF000F84B0708644C07082A4E31325F474C4F88
:104C000042414C5F5F4E5F313137696F5F65727251
:104C10006F725F63617465676F72794500000000B1
:104C200000000000EC4B07083159050845590508FC
:104C300025590508515B0508595905083B5A0508CF
:104C4000415A05086B5A05084E5374335F5632318A
:104C5000346572726F725F63617465676F727945F4
:104C600000000000104A0708484C0708704A07086F
:104C7000784C0708644C07082A4E31325F474C4F86
:104C800042414C5F5F4E5F31323267656E657269DB
:104C9000635F6572726F725F63617465676F72796B
:104CA00045000000704A0708B04C0708644C07082C
:104CB0002A4E31325F474C4F42414C5F5F4E5F316D
:104CC000323173797374656D5F6572726F725F6391
:104CD000617465676F727945000000000000000094
:104CE0006C4C0708C9590508835A0508AD590508D1
:104CF000515B05089D5A05083B5A0508B55905083A
:104D00006B5A050800000000A44C0708395A050832
:104D10008F5A0508CD590508515B05089D5A0508AD
:104D2000D5590508755B05086B5A05083400000065
:104D3000CEFBFFFFCB0300000100000000000000DD
:104D400035000000CEFBFFFFCB0300000100000098
:104D50000000000000000000BC89D897B2D29C3C43
:104D600033A7A8D523F649393DA7F444FD0FA53252
:104D70009D978CCF08BA5B25436FAC6428066811F9
:104D8000002020202020202020202828282828201B
:104D90002020202020202020202020202020202013
:104DA000208810101010101010101010101010107B
:104DB000100404040404040404040410101010106B
:104DC0001010414141414141010101010101010135
:104DD0000101010101010101010101011010101087
:104DE0001010424242424242020202020202020207
:104DF000020202020202020202020202101010105B
:104E00002000000000000000000000000000000082
:104E10000000000000000000000000000000000092
:104E20000000000000000000000000000000000082
:104E30000000000000000000000000000000000072
:104E40000000000000000000000000000000000062
:104E50000000000000000000000000000000000052
:104E60000000000000000000000000000000000042
:104E70000000000000000000000000000000000032
:104E8000000000008A0E07088E0E0708920E070821
:104E9000960E0708510E07089A0E07089E0E07087F
:104EA000A20E0708A60E0708AA0E0708AE0E0708EE
:104EB000B20E0708340E07083C0E0708450E070817
:104EC0004B0E0708510E0708550E07085A0E070823
:104ED0005F0E0708660E0708700E0708780E0708B1
:104EE000810E0708180E07081C0E0708200E070879
:104EF000240E0708280E07082C0E0708300E070896
:104F0000DF0D0708E60D0708ED0D0708F50D07088A
:104F1000FF0D0708080E07080F0E0708CC0C07083E
:104F2000BD0C070891100708CD0D0708D00D070824
:104F3000A6100708340E07083C0E0708450E0708A0
:104F40004B0E0708510E0708550E07085A0E0708A2
:104F50005F0E0708660E0708700E0708780E070830
:104F6000810E0708BE100708D30D0708FC100708BC
:104F7000FC100708FC100708FC100708FC100708C5
:104F800005000000190000007D0000000000000086
:104F90000080E03779C34143176E05B5B5B8934635
:104FA000F5F93FE9034F384D321D30F94877825A01
:104FB0003CBF737FDD4F1575000000000000F03F1F
:104FC00000000000000024400000000000005940E4
:104FD0000000000000408F40000000000088C34037
:104FE00000000000006AF8400000000080842E41AC
:104FF00000000000D01263410000000084D79741F8
:105000000000000065CDCD41000000205FA00242FD
:10501000000000E876483742000000A2941A6D4272
:10502000000040E59C30A2420000901EC4BCD64265
:1050300000003426F56B0C430080E03779C3414310
:1050400000A0D8855734764300C84E676DC1AB4386
:10505000003D9160E458E143408CB5781DAF1544A4
:1050600050EFE2D6E41A4B4492D54D06CFF080447F
:10507000F64AE1C7022DB544B49DD9794378EA4494
:10508000D8D501241F0000001C0000001F000000F4
:105090001E0000001F0000001E0000001F00000096
:1050A0001F0000001E0000001F0000001E00000086
:1050B0001F0000001F0000001D0000001F00000076
:1050C0001E0000001F0000001E0000001F00000066
:1050D0001F0000001E0000001F0000001E00000056
:1050E0001F00000030000000300000003000000011
:1050F00030000000300000003000000030000000F0
:1051000030000000300000003000000030000000DF
:1051100030000000300000003000000030000000CF
:1051200030000000200000002000000020000000EF
:1051300020000000200000002000000020000000EF
:1051400020000000200000002000000020000000DF
:1051500020000000200000002000000020000000CF
:04516000200000002B
:085164007CB1FA7F010000009C
:10516C00C5020208ED6A020829E40208B51E03080C
:10517C00A5280408517004087DD104084D3E05088B
:08518C0095590508A15B050817
:10519400A1020208C1830208A1E40208CD1E03088B
:1051A40000000000FF00000018F5050828F50508B8
:1051B40038F5050848F5050858F50508000000000D
:1051C40000000000000000000000000000000000DB
:1051D400000000000000000000000000B0360608D7
:1051E400A82800240090D0030090D0030100000000
:1051F4003137393230362067657476657273696F7A
:105204006E20666978000100100000004C0D07084C
:10521400710D07088C0D0708C0190708D019070875
:10522400E0190708F4190708041A0708141A0708EC
:10523400241A0708341A0708441A0708541A0708D6
:10524400641A0708741A0708141A0708841A070846
:10525400980D07089C0D0708A00D0708A50D070861
:10526400A90D0708AD0D0708B10D0708B50D07080E
:10527400B90D0708BD0D0708C10D0708C50D0708BE
:10528400AD0D0708C90D0708284C07080C4D070881
:10529400E44C07080000000003000000DCD30124F4
:1052A400980D0708980D070843000000000000004F
:1052B40000000000000000000000000000000000EA
:1052C4000000000000000000430000000000000097
:1052D40000000000000000000000000000000000CA
:1052E4000000000000000000430000000000000077
:1052F40000000000000000000000000000000000AA
:105304000000000000000000430000000000000056
:105314000000000000000000000000000000000089
:105324000000000000000000430000000000000036
:105334000000000000000000000000000000000069
:105344000000000000000000430000000000000016
:105354000000000000000000000000000000000049
:1053640000000000000000004300000000000000F6
:105374000000000000000000000000000000000029
:1053840000000000000000008DBC05080FB10508F6
:1053940000000000804D0708E40E0708FC10070811
:1053A400FC100708FC100708FC100708FC1007088D
:1053B400FC100708FC100708FC100708FC1007087D
:1053C400FFFFFFFFFFFFFFFFFFFFFFFFFFFF0000E7
:1053D400010041534349490000000000000000005F
:1053E40000000000000000000000000000000000B9
:1053F4000000415343494900000000000000000040
:105404000000000000000000000000000000000098
:10541400000000007802002400000000DCD3012416
:1054240044D40124ACD40124000000000000000096
:105434000000000000000000000000000000000068
:105444000000000000000000000000000000000058
:105454000000000000000000000000000000000048
:105464000000000043D501240100000000000000FA
:105474004A000000000000000000000000000000DE
:105484000000000000000000000000000000000018
:1054940000000000000000004A00000000000000BE
:1054A40000000000000000000000000000000000F8
:1054B40000000000000000000000000000000000E8
:0400000508034B5150
:00000001FF
