:020000040802F0
:1000000000000824A94B0308D5220308E1220308B5
:10001000F5220308012303080D2303080000000054
:100020000000000000000000000000001923030889
:100030001D230308000000002123030825230308D3
:10004000FD4B0308FD4B0308FD4B0308FD4B030864
:10005000FD4B0308FD4B0308FD4B0308FD4B030854
:10006000FD4B0308FD4B0308FD4B03082923030840
:10007000FD4B0308FD4B0308FD4B0308FD4B030834
:10008000FD4B0308FD4B0308FD4B0308FD4B030824
:10009000FD4B0308FD4B0308FD4B03083523030804
:1000A000FD4B0308FD4B0308FD4B0308FD4B030804
:1000B0003D230308FD4B0308FD4B0308FD4B0308DC
:1000C000FD4B0308FD4B0308FD4B0308FD4B0308E4
:1000D000FD4B030849230308552303086123030844
:1000E0006D230308FD4B030800000000FD4B0308CF
:1000F000FD4B0308FD4B0308FD4B0308FD4B0308B4
:10010000FD4B0308FD4B0308FD4B0308FD4B0308A3
:1001100075230308FD4B0308FD4B030881230308E7
:10012000FD4B0308FD4B0308FD4B0308FD4B030883
:10013000FD4B0308FD4B0308FD4B0308FD4B030873
:1001400000000000000000000000000000000000AF
:10015000FD4B0308FD4B0308FD4B0308FD4B030853
:10016000FD4B0308FD4B0308FD4B0308FD4B030843
:10017000FD4B0308FD4B0308FD4B03080000000086
:10018000FD4B0308FD4B0308FD4B0308FD4B030823
:10019000FD4B0308FD4B0308FD4B0308FD4B030813
:1001A000FD4B0308FD4B0308FD4B0308FD4B030803
:1001B000FD4B0308FD4B0308FD4B0308FD4B0308F3
:1001C000FD4B0308FD4B0308FD4B0308FD4B0308E3
:1001D000FD4B0308FD4B0308FD4B0308FD4B0308D3
:1001E000FD4B0308FD4B0308FD4B0308FD4B0308C3
:1001F000FD4B0308FD4B0308FD4B0308FD4B0308B3
:10020000FD4B0308FD4B0308FD4B0308FD4B0308A2
:10021000FD4B0308FD4B0308FD4B0308FD4B030892
:10022000FD4B0308FD4B0308FD4B030800000000D5
:10023000FD4B0308FD4B030800000000FD4B0308C5
:10024000FD4B0308FD4B0308FD4B0308FD4B030862
:10025000FD4B0308FD4B0308FD4B0308FD4B030852
:10026000FD4B0308FD4B0308FD4B0308FD4B030842
:10027000FD4B0308FD4B0308FD4B03080000000085
:10028000FD4B0308FD4B0308FD4B03080000000075
:0802900000000000FD4B030813
:1002A00010B5054C237833B9044B13B10448AFF3B0
:1002B00000800123237010BD2003002400000000F3
:1002C000B8E8050808B5034B1BB103490348AFF371
:1002D000008008BD0000000024030024B8E80508E1
:1002E00010F8012B11F8013B012A28BF9A42F7D0E0
:1002F000D01A70470000000000000000000000005D
:1003000001F0FF01102A2BDB10F0070F08D010F8C6
:10031000013B013A8B422DD010F0070F42B3F6D1CA
:10032000F0B441EA012141EA014122F007047FF0E3
:1003300000070023F0E80256083C85EA010586EA3A
:10034000010685FA47F5A3FA87F586FA47F6A5FA76
:1003500087F68EB9EED1F0BC01F0FF0102F0070282
:1003600032B110F8013B013A83EA010313B1F8D12D
:100370000020704701387047002D06BF354603380E
:10038000073815F0010F07D1013015F4807F02BF47
:10039000013015F4C03F0130F0BC0138704700BF98
:1003A000034613F8012B002AFBD1181A01387047B5
:1003B00081F0004102E000BF83F0004330B54FEA16
:1003C00041044FEA430594EA050F08BF90EA020F83
:1003D0001FBF54EA000C55EA020C7FEA645C7FEA16
:1003E000655C00F0E2804FEA5454D4EB5555B8BF39
:1003F0006D420CDD2C4480EA020281EA030382EAAA
:10040000000083EA010180EA020281EA0303362D3B
:1004100088BF30BD11F0004F4FEA01314FF4801C0E
:100420004CEA113102D0404261EB410113F0004F20
:100430004FEA03334CEA133302D0524263EB4303D7
:1004400094EA050F00F0A780A4F10104D5F1200E75
:100450000DDB02FA0EFC22FA05F2801841F10001D0
:1004600003FA0EF2801843FA05F359410EE0A5F1A4
:1004700020050EF1200E012A03FA0EFC28BF4CF0D5
:10048000020C43FA05F3C01851EBE37101F000458B
:1004900007D54FF0000EDCF1000C7EEB00006EEB98
:1004A0000101B1F5801F1BD3B1F5001F0CD3490822
:1004B0005FEA30004FEA3C0C04F101044FEA445279
:1004C00012F5800F80F09A80BCF1004F08BF5FEA00
:1004D000500C50F1000041EB045141EA050130BDE0
:1004E0005FEA4C0C404141EB0101013C28BFB1F5F2
:1004F000801FE9D291F0000F04BF01460020B1FA3D
:1005000081F308BF2033A3F10B03B3F120020CDA0F
:100510000C3208DD02F1140CC2F10C0201FA0CF0ED
:1005200021FA02F10CE002F11402D8BFC2F1200C52
:1005300001FA02F120FA0CFCDCBF41EA0C01904008
:10054000E41AA2BF01EB0451294330BD6FEA040451
:100550001F3C1CDA0C340EDC04F11404C4F120023C
:1005600020FA04F001FA02F340EA030021FA04F34E
:1005700045EA030130BDC4F10C04C4F1200220FAA5
:1005800002F001FA04F340EA0300294630BD21FAE3
:1005900004F0294630BD94F0000F83F4801306BFA9
:1005A00081F480110134013D4EE77FEA645C18BF9D
:1005B0007FEA655C29D094EA050F08BF90EA020F34
:1005C00005D054EA000C04BF1946104630BD91EA2C
:1005D000030F1EBF0021002030BD5FEA545C05D12F
:1005E0004000494128BF41F0004130BD14F580046E
:1005F0003CBF01F5801130BD01F0004545F0FE41E2
:1006000041F470014FF0000030BD7FEA645C1ABF16
:10061000194610467FEA655C1CBF0B46024650EA4D
:10062000013406BF52EA033591EA030F41F4002179
:1006300030BD00BF90F0000F04BF0021704730B5FF
:100640004FF4806404F132044FF000054FF00001D4
:1006500050E700BF90F0000F04BF0021704730B595
:100660004FF4806404F1320410F0004548BF40426A
:100670004FF000013EE700BF42004FEAE2014FEABF
:1006800031014FEA02701FBF12F07F4393F07F4F9A
:1006900081F06051704732F07F4208BF704793F09D
:1006A0007F4F04BF41F40021704730B54FF46074B0
:1006B00001F0004521F000411CE700BF50EA0102B3
:1006C00008BF704730B54FF000050AE050EA01025C
:1006D00008BF704730B511F0004502D5404261EBCC
:1006E00041014FF4806404F132045FEA915C3FF40D
:1006F000D8AE4FF003025FEADC0C18BF03325FEAAA
:10070000DC0C18BF033202EBDC02C2F1200300FA5A
:1007100003FC20FA02F001FA03FE40EA0E0021FA7F
:1007200002F11444BDE600BF80F0004002E000BFCB
:1007300081F0004142001FBF5FEA410392EA030FCC
:100740007FEA226C7FEA236C6AD04FEA1262D2EB16
:100750001363C1BFD218414048404140B8BF5B421B
:10076000192B88BF704710F0004F40F4000020F0B4
:100770007F4018BF404211F0004F41F4000121F0CA
:100780007F4118BF494292EA030F3FD0A2F1010214
:1007900041FA03FC10EB0C00C3F1200301FA03F152
:1007A00000F0004302D5494260EB4000B0F5000F75
:1007B00013D3B0F1807F06D340084FEA310102F134
:1007C0000102FE2A51D2B1F1004F40EBC25008BFE6
:1007D00020F0010040EA03007047490040EB0000B0
:1007E000013A28BFB0F5000FEDD2B0FA80FCACF1B1
:1007F000080CB2EB0C0200FA0CF0AABF00EBC250DE
:1008000052421843BCBFD0401843704792F0000FCB
:1008100081F4000106BF80F400000132013BB5E71E
:100820004FEA41037FEA226C18BF7FEA236C21D094
:1008300092EA030F04D092F0000F08BF08467047F9
:1008400090EA010F1CBF0020704712F07F4F04D1C7
:10085000400028BF40F00040704712F100723CBFDA
:1008600000F50000704700F0004343F0FE4040F404
:10087000000070477FEA226216BF08467FEA2363C2
:100880000146420206BF5FEA412390EA010F40F4AD
:10089000800070474FF0000304E000BF10F00043F9
:1008A00048BF40425FEA000C08BF704743F09643E0
:1008B00001464FF000001CE050EA010208BF7047FB
:1008C0004FF000030AE000BF50EA010208BF704782
:1008D00011F0004302D5404261EB41015FEA010C97
:1008E00002BF84460146002043F0B64308BFA3F18F
:1008F0008053A3F50003BCFA8CF2083AA3EBC25371
:1009000010DB01FA02FC634400FA02FCC2F120028F
:10091000BCF1004F20FA02F243EB020008BF20F0C6
:100920000100704702F1200201FA02FCC2F120022C
:1009300050EA4C0021FA02F243EB020008BF20EA21
:10094000DC70704753B94AB9002908BF00281CBFA2
:100950004FF0FF314FF0FF3000F0C2B9ADF1080C9D
:100960006DE904CE00F040F8DDF804E0DDE9022393
:1009700004B0704708B502460B4643EC172BB5EEA2
:10098000C07BF1EE10FA03D4BDE8084000F00CB8CB
:10099000B1EE477B51EC170B00F006F8404261EBDB
:1009A000410108BD000000009FED0B6B41EC170BEF
:1009B0009FED0B5B27EE066BBCEEC66BB8EE464BAD
:1009C000A4EE457BFCEEC77B16EE101A17EE900ADC
:1009D000704700BFAFF30080000000000000F03D52
:1009E000000000000000F0412DE9F047089D8E4610
:1009F00004468846002B4AD18A42174662D9B2FA89
:100A000082F64EB1C6F1200301FA06F820FA03F38C
:100A1000B74043EA0808B4404FEA174E1FFA87FC74
:100A2000B8FBFEF1230C0EFB118843EA084301FBDF
:100A30000CF29A4209D9FB1801F1FF3080F0EA80EC
:100A40009A4240F2E78002393B449A1AA3B2B2FBC1
:100A5000FEF00EFB102243EA024300FB0CFC9C4517
:100A600009D9FB1800F1FF3280F0D6809C4540F296
:100A7000D3803B44023840EA0140A3EB0C03002141
:100A80001DB1F3400022C5E90032BDE8F0878B427A
:100A900005D90DB1C5E9000100210846F5E7B3FA13
:100AA00083F1002946D1734502D3824200F20581C9
:100AB000841A6EEB030201209046002DE5D0C5E9B3
:100AC0000048E2E7002A00F09080B2FA82F6002E99
:100AD00040F0A4808A1A030C4FEA174E80B2BCB2D1
:100AE0000121B2FBFEFC0EFB1C2243EA024304FB85
:100AF0000CF29A4207D9FB180CF1FF3802D29A4245
:100B000000F2E080C4469B1AB3FBFEF20EFB1233E8
:100B100040EA034302FB04F49C4207D9FB1802F1AC
:100B2000FF3002D29C4200F2CA8002461B1B42EAFE
:100B30000C40A5E7C1F120068B4022FA06F71F43BF
:100B40000EFA01F420FA06F32EFA06FE4FEA1749D0
:100B5000234300FA01F81FFA87FCBEFBF9F01C0CD6
:100B600009FB10EE44EA0E4400FB0CFEA64502FA17
:100B700001F209D93C1900F1FF3A80F09C80A645AA
:100B800040F2998002383C44A4EB0E041FFA83FE25
:100B9000B4FBF9F309FB13444EEA044403FB0CFCD9
:100BA000A44508D93C1903F1FF3E80F08280A4459A
:100BB0007FD9023B3C4443EA0040A4EB0C04A0FB79
:100BC00002EC64457346E14662D35FD05DB1B8EB99
:100BD000030264EB090404FA06F622FA01F31E4349
:100BE000CC40C5E9006400214FE7B1FBF2FC010CE9
:100BF00041EA0E4180B240EA01423B4638463C465B
:100C0000B846BE462026B1FBF7F1A2EB080241EA46
:100C10000C4166E7014618E710462CE7C6F12002B2
:100C20002EFA02F3B740B14020FA02F24FEA174E13
:100C30000A43B3FBFEF8BCB20EFB1833110C41EAB9
:100C4000034108FB04F9B04089454FEA104380B2E4
:100C50003ED9791808F1FF3C01D289451FD8A1EB94
:100C60000901B1FBFEF909FB04F80EFB191192B260
:100C700042EA0142424529D2BA1809F1FF31C4D2F1
:100C80004245C2D2A9F102013A44BEE7F0459DD2E5
:100C9000BEEB02036CEB070C0138E14696E7A7EBCD
:100CA00009094944A8F1020CB1FBFEF909FB04F85B
:100CB000DBE773467FE7504666E70846FDE63B44C0
:100CC000023A33E7ACF1020C3B441CE749469CE78F
:100CD000A1EB0901C446B1FBFEF909FB04F8C4E726
:100CE000704700BFF0B500F1080783B0076061B33B
:100CF000054608460E46FFF753FB0F2804460190B1
:100D00000ED8012806D133786C602B7200233B5536
:100D100003B0F0BD68B900236C603B5503B0F0BD73
:100D2000002201A928462CF08DFE019B0746286071
:100D3000AB6022463146384638F0B9FF019C2F6837
:100D400000236C603B5503B0F0BD014826F0F7F975
:100D500004E90508002873D02DE9F04F074683B059
:100D6000D7F80C80B8F1000F60D0D8F80C90B9F12A
:100D7000000F52D0D9F80CA0BAF1000F44D0DAF825
:100D80000C40002C37D0D4F80CB0BBF1000F2BD0A6
:100D9000DBF80C60FEB1F568B5B1EB686BB1D868F3
:100DA0000193FFF7D7FF019B302118469B68019301
:100DB00019F064FD019B002BF1D12846AD6830216C
:100DC00019F05CFD002DE8D13046B668302119F0ED
:100DD00055FD002EDFD1DBF808503021584619F0C0
:100DE0004DFD0DB1AB46D3E72046A468302119F084
:100DF00045FD002CC7D1DAF808403021504619F0E3
:100E00003DFD0CB1A246BAE7D9F80840302148466A
:100E100019F034FD0CB1A146ACE7D8F808403021F8
:100E2000404619F02BFD0CB1A0469EE73846BF683E
:100E3000302119F023FD002F92D103B0BDE8F08FCF
:100E4000704700BF2DE9F8438468071D64B30E4660
:100E50009146B84665694A463146A94528BF2A46A3
:100E60001AB1206937F0B0F808B9A5EB09000028DD
:100E7000D4E902321BDBA0461C46002CEAD14745D0
:100E800012D0D8F814404A46A14528BF22462AB1BC
:100E90003046D8F8101037F097F808B9A9EB0400DD
:100EA00017EA200738BF47463846BDE8F88314469E
:100EB000002CCFD1E3E700BF2DE9F04F83B00190C4
:100EC000002800F00E81019BD3F80C80B8F1000FD0
:100ED00000F0EF80D8F80C90B9F1000F00F0CF804F
:100EE000D9F80CA0BAF1000F00F0AF80DAF80C408E
:100EF000002C00F09080E568002D75D0EE68002E83
:100F00005BD0F768002F3DD0FA6802B3D06800923A
:100F1000FFF7D2FF009A106902F11801D2F808B069
:100F200088420DD09169013119F0A8FC009A2C215A
:100F3000104619F0A3FCBBF1000F08D05A46E5E7B4
:100F40002C21104619F09AFCBBF1000FF6D138693C
:100F500007F11802D7F808B090420CD0B9690131F6
:100F600019F08CFC2C21384619F088FCBBF1000FDD
:100F700008D05F46C8E72C21384619F07FFCBBF14A
:100F8000000FF6D1306906F11803D6F808B0984280
:100F90000CD0B169013119F071FC2C21304619F0E7
:100FA0006DFCBBF1000F08D05E46AAE72C2130464D
:100FB00019F064FCBBF1000FF6D1286905F11803A4
:100FC000AE6898420AD0A969013119F057FC2C216A
:100FD000284619F053FC3EB135468FE72C212846B0
:100FE00019F04CFC002EF7D1206904F11803A56814
:100FF00098420AD0A169013119F040FC2C21204609
:1010000019F03CFC3DB12C4675E72C21204619F027
:1010100035FC002DF7D1DAF810000AF11803DAF8E0
:10102000084098420BD0DAF81810013119F026FC6C
:101030002C21504619F022FC3CB1A24656E72C2147
:10104000504619F01BFC002CF7D1D9F8100009F11B
:101050001803D9F8084098420BD0D9F8181001317C
:1010600019F00CFC2C21484619F008FC3CB1A146B3
:1010700036E72C21484619F001FC002CF7D1D8F8AE
:10108000100008F11803D8F8084098420BD0D8F89F
:101090001810013119F0F2FB2C21404619F0EEFB3B
:1010A0003CB1A04616E72C21404619F0E7FB002C86
:1010B000F7D1019D286905F11803AC6898420AD060
:1010C000A969013119F0DAFB2C21284619F0D6FB69
:1010D0003CB10194F7E628462C2119F0CFFB002CF7
:1010E000F7D103B0BDE8F08F2DE9F04F83B0019048
:1010F000002800F00E81019BD3F80C80B8F1000F9E
:1011000000F0EF80D8F80C90B9F1000F00F0CF801C
:10111000D9F80CA0BAF1000F00F0AF80DAF80C405B
:10112000002C00F09080E568002D75D0EE68002E50
:101130005BD0F768002F3DD0FA6802B3D068009208
:10114000FFF7D2FF009A106902F11801D2F808B037
:1011500088420DD09169013119F090FB009A2C2141
:10116000104619F08BFBBBF1000F08D05A46E5E79B
:101170002C21104619F082FBBBF1000FF6D1386923
:1011800007F11802D7F808B090420CD0B9690131C4
:1011900019F074FB2C21384619F070FBBBF1000FDD
:1011A00008D05F46C8E72C21384619F067FBBBF131
:1011B000000FF6D1306906F11803D6F808B098424E
:1011C0000CD0B169013119F059FB2C21304619F0CE
:1011D00055FBBBF1000F08D05E46AAE72C21304634
:1011E00019F04CFBBBF1000FF6D1286905F118038B
:1011F000AE6898420AD0A969013119F03FFB2C2151
:10120000284619F03BFB3EB135468FE72C21284696
:1012100019F034FB002EF7D1206904F11803A568FA
:1012200098420AD0A169013119F028FB2C212046EF
:1012300019F024FB3DB12C4675E72C21204619F00E
:101240001DFB002DF7D1DAF810000AF11803DAF8C7
:10125000084098420BD0DAF81810013119F00EFB53
:101260002C21504619F00AFB3CB1A24656E72C212E
:10127000504619F003FB002CF7D1D9F8100009F102
:101280001803D9F8084098420BD0D9F8181001314A
:1012900019F0F4FA2C21484619F0F0FA3CB1A146B5
:1012A00036E72C21484619F0E9FA002CF7D1D8F896
:1012B000100008F11803D8F8084098420BD0D8F86D
:1012C0001810013119F0DAFA2C21404619F0D6FA3B
:1012D0003CB1A04616E72C21404619F0CFFA002C6D
:1012E000F7D1019D286905F11803AC6898420AD02E
:1012F000A969013119F0C2FA2C21284619F0BEFA69
:101300003CB10194F7E628462C2119F0B7FA002CDD
:10131000F7D103B0BDE8F08F2DE9F04F81468FB0D3
:10132000B7480C464946934605F0A8FB4668002E90
:1013300000F020814946B24805F0A0FB0368002B6D
:1013400000F0168101934FF400712346AD4AAE4878
:10135000CDF80890009636F031FDB0F5007F80F0B2
:10136000EC80A9490BF1040BA84838F098FCDBF895
:1013700008405C4500F0C4810027A54EDFF88C8250
:10138000DFF8C8A2CDF81490D4E90495022D00F03E
:10139000A380092D5AD12A469E49484636F014FEAC
:1013A00000285CD02A469C49484636F00DFE0028AD
:1013B00055D0D4ED0A7A4B4680213046B6EEE77A16
:1013C000F4EE477AB7EEE76AF1EE10FA8DED006BB6
:1013D00014BF924A924A36F0F1FC7F284DD830462D
:1013E000FEF7DEFF0546002F67D18748FEF7D8FFDE
:1013F000AB1C0344FF2B60D8834D2846FEF7D0FF7B
:101400003146284436F0AEFEBAF80030038020465C
:101410001AF06BFE83450446B6D17B487D25FEF766
:10142000BFFF034678480344064603F8015CFEF715
:10143000B7FF7C4B411C1C883452304612F0D6F862
:10144000002F40F0C5800FB0BDE8F08F0A2D4ED1BF
:101450002A467549484636F0B7FD0028A9D194EDD3
:101460000A7A4B46714A8021B7EEC77A30468DED35
:10147000007B36F0A3FC7F28B1D9DDF814908021E1
:10148000634E0AAD4B466A4A304636F097FC30460A
:101490000895FEF785FF0F280446079000F20981A2
:1014A000012840F0018133788DF828302946002248
:1014B00009946FF43C630A5570E04046FEF770FFF4
:1014C0002B18B3F5007F1ED202350544FF2D00F224
:1014D000CE800127454690E799F80020492A7FF4FD
:1014E00068AF99F80120442A7FF463AF8FE7072D96
:1014F0007FF45FAF2A464F49484636F065FD002825
:101500007FF457AFABE7DDF814908021404C0AAD73
:101510004B46474A204636F051FC20460895FEF7D8
:101520003FFF0F280646079026D8012840F0D080BC
:1015300023788DF8283029462CE0354E4B463C4A1E
:10154000802130460AAD36F039FC30460895FEF76A
:1015500027FF0F28044607907AD801284CD133780A
:101560008DF82830294600220994334B0A5515E09E
:10157000324BE7E6314EDDE6002207A908A82CF041
:1015800061FA079B08900A933246214938F08FFB95
:10159000DDE9076100222A4B09968A5508984FF425
:1015A0000071284A0090284836F008FC2648FEF7CB
:1015B000F7FE0146244812F019F80898A8423FF4B3
:1015C00042AF0A99013119F059F90FB0BDE8F08F17
:1015D0000E4E3046FEF7E4FE03463046334403F831
:1015E000015CFEF7DDFE03463046591CF4520FB095
:1015F000BDE8F04F11F0FABF0028B3D028462FE025
:10160000EC0B002438E90508BC050024BC030024C9
:101610003C030024B0E90508BCE90508E8E9050831
:10162000F4E9050854380608C8E90508DCE90508A6
:1016300064E90508D4E9050844F4FFFF7C3906088D
:101640003EF4FFFF84E90508BC0700242CEA0508E6
:10165000002207A908A82CF0F5F9079B08900A9327
:101660002246314938F023FBDDE907417BE7DDF80D
:10167000149080212C4E0AAD4B462C4A304636F051
:101680009DFB30460895FEF78BFE0F280446079019
:101690002DD8012821D133788DF828302946002211
:1016A0000994234B0A5579E700283FF4FFAE2846FA
:1016B00007E0002207A908A82CF0C4F9079B0890AE
:1016C0000A932246184938F0F2FADDE90741EEE6BE
:1016D00000283FF430AF284656E70028DED02846E1
:1016E0002246114938F0E3FADDE90741D7E7002245
:1016F00007A908A82CF0A6F9079B08900A93EFE722
:101700000C48FEF74DFE03460A487D22034404467A
:1017100003F8012CFEF744FE074A034620461288D0
:10172000591CE25263E700BF3C03002400EA0508AD
:1017300043F4FFFFBC050024543806082DE9F04FA0
:10174000B84BB1B0074608220DF13808BC6893E8E1
:101750000300002388E80300CDE90C828DF84030B7
:10176000002C00F0F58104372546BA46D5E9040679
:10177000082E00F26781002E40F0C081ED68002D38
:10178000F4D1574500F0E481DAE90415072D40F261
:10179000C1810822404636F017FC002800F0308155
:1017A0000028C0F2D581DAF828300DF1500908225E
:1017B000BA46079325469C4BCDF84890139293E880
:1017C0000300002389E803008DF85830D5E90406AA
:1017D000082E00F24781002E40F09281ED68002D26
:1017E000F4D1574500F0B481DAE90415072D40F231
:1017F00096810822484636F0E7FB002800F0038176
:101800000028C0F2A581DAF828302546BA460893A8
:10181000864B1B68ADF868301B0C8DF86A301AAB2C
:1018200018930323199300238DF86B30D5E9040630
:10183000032E00F22781002E40F06481ED68002D18
:10184000F4D1574500F08481DAE90415022D40F205
:101850006B8103221AA836F0B7FB002800F0D6806F
:101860000028C0F27581DAF82830BB460DF1800AF5
:10187000254609936E4BCDF878A01B68ADF88030F3
:101880001B0C8DF8823003231F9300238DF88330C7
:10189000D5E90406032E00F20481002E40F03481C5
:1018A000ED68002DF4D15F4500F05281DBE90415AD
:1018B000022D40F243810322504636F085FB00287A
:1018C00000F0A7800028C0F24381DBF828302546CD
:1018D0005849BB460A9326AB24930423CDE925310E
:1018E00000238DF89C30D5E90406042E00F2E88030
:1018F000002E40F00B81ED68002DF4D15F4500F023
:101900002781DBE90415032D40F21381042226A868
:1019100036F05AFB00287FD00028C0F2198104233A
:10192000454ADBF828502CAEBB462A960B95CDE9EC
:101930002B3200238DF8B430D4E90405042D00F2D5
:10194000CE80002D40F0E480E468002CF4D1BB454B
:101950000B9D00F0FD80DBE90414032C40F2F380C2
:101960000422304636F030FB002858D00028C0F260
:10197000EF80DBF828304FF400710A9A049302924A
:10198000089B099A00930192079B2C4A2C480395C7
:1019900036F014FA2A98B04203D02C99013118F08D
:1019A0006DFF249826AB984203D02699013118F098
:1019B00065FF1E98504503D02099013118F05EFF55
:1019C00018981AAB984203D01A99013118F056FFB3
:1019D0001298484503D01499013118F04FFF0C9824
:1019E000404503D00E99013118F048FF1448FEF726
:1019F000D7FC0146124831B0BDE8F04F11F0F6BDFA
:101A0000C5F10800CCE6C5F10800F9E6C5F1030010
:101A100026E7C5F1030055E7C5F104007CE7C4F1F2
:101A20000400A3E730EA050844EA050850EA05087F
:101A300054EA05086261632B6261632D58EA050868
:101A4000BC0900240822414636F0BEFA08B9A6F1C6
:101A500008000028FFF692AEAA46AD68002D7FF47C
:101A600085AE8EE60822494636F0AEFA08B9A6F1F0
:101A700008000028FFF6B2AEAA46AD68002D7FF43C
:101A8000A5AEAEE603221AA936F09EFA00B9F01E02
:101A90000028FFF6D3AEAA46AD68002D7FF4C6AE8F
:101AA000CFE60322514636F08FFA00B9F01E002827
:101AB000FFF6F6AEAB46AD68002D7FF4E9AEF2E678
:101AC000042226A936F080FA00B9301F0028FFF65C
:101AD00012AFAB46AD68002D7FF405AF0EE70422D0
:101AE000314636F071FA00B9281F0028FFF62CAFF6
:101AF000A346A468002C7FF41FAF28E73246A2E774
:101B00003246B0E73246BEE73246CBE73246D8E748
:101B10002A46E5E7002D3FF446AE2A463AE6002D78
:101B20003FF471AE2A4665E6002D3FF49CAE2A468E
:101B300090E6002D3FF4F3AE2A46E8E6002D3FF490
:101B4000C4AE2A46B8E6002C3FF413AF224608E79D
:101B5000014825F0FAFA00BF3CEA050810B509680B
:101B600082B0094C0346094A009120464FF40071A7
:101B700036F024F92046FEF713FC0146204602B059
:101B8000BDE8104011F032BDBC07002484E905080F
:101B90002DE9F04FD1E900A383B081469E100AEBF6
:101BA0000304002E40F3D3804FEA860B55460AEB20
:101BB000860812E0687835F0B1F8002867D0A87878
:101BC00035F0ACF8002868D0E8782F1D35F0A6F87D
:101BD000002864D0474566D03D46287835F09EF809
:101BE0000028E7D115E014F8020C35F097F800282A
:101BF0004FD014F8030C35F091F800284BD014F8AE
:101C0000040C35F08BF800284BD0013EA4F10404FD
:101C100053D014F8010C35F081F80028E3D1AC4220
:101C200015D9641B09F1080000220F2C0194C9E9A1
:101C3000000217DC012C1ED12B78C9F8044089F86A
:101C4000083000230355484603B0BDE8F08F002359
:101C500009F10802484689F80830C9E9002303B0B1
:101C6000BDE8F08F01A948462BF0ECFE019BC9F8B6
:101C70000000C9F808302246294638F018F8019CBF
:101C8000D9F800000023C9F804400355DBE701350B
:101C9000BFE7013CC3E7023CC1E70235B9E70335C2
:101CA000B7E7033CBBE7A4EB0803022B41D0032BAF
:101CB00013D0012B32D02546ABE7A4EB0A03022B4D
:101CC00024D0032B1BD0012B05D114F8010C35F0C7
:101CD00025F80028A3D05446A1E71AF80B0035F0E8
:101CE0001DF820B3787835F019F800285ED0B87860
:101CF00035F014F800284FD02546002E89D114F86D
:101D0000010C35F00BF8002889D0013C14F8010CC7
:101D100035F004F8002882D0013CD6E71AF80B0011
:101D200034F0FCFF00280CBF4546254671E74546C8
:101D30006FE71AF80B0034F0F1FF0028F7D098F89D
:101D4000010034F0EBFF0028B5D1053561E7022B27
:101D500006D0032B19D0012B0ED0254654465EE742
:101D60009AF8000034F0DAFFF0B19AF8010034F08C
:101D7000D5FFB0B12546C9E79AF8000034F0CEFF90
:101D800000280CBF554625469FE79AF8000034F01E
:101D9000C5FF80B15746A5E7BD1C002E7FF439AFC3
:101DA000ADE70AF10105B1E75546AFE77D1C002E0E
:101DB0007FF42FAFA3E75546A1E700BF30B5024639
:101DC00089B00D4602A81146FFF7E2FE039C54B904
:101DD000029804AB984203D00499013118F04EFDEB
:101DE000204609B030BD162300220F4902A82CF06E
:101DF0004AF9013002D002980024EAE700241022B8
:101E000001A90298019434F099FE0346DDE901200E
:101E10009042DED012782AB9B3F5803F02D2012475
:101E20002B80D6E70024D4E7D4EA050870B5082350
:101E30008AB00D460022274906462CF00BF930B136
:101E4000294630460AB0BDE8704004F0B3BD0446F0
:101E50000DF106012846ADF80640FFF7AFFF002858
:101E600036D0BDF806304FF6FF72934222D00133D0
:101E7000194A052102A806AD35F0A0FF02A8049575
:101E8000FEF78EFA012804461DD0B0B904F12803EC
:101E90000022059430466B4404A903F8102C04F08A
:101EA00089FD049B0446AB4204D0069918460131D3
:101EB00018F0E4FC20460AB070BD024602A928468C
:101EC00037F0F5FEE2E79DF808308DF81830DDE7D1
:101ED0000446EFE7ECEA0508F8EA05082DE9F04FBB
:101EE0002DED028BADF5137D0C460546114606A877
:101EF0001E46FFF74DFE079A3AB116230022B94954
:101F000006A82CF0C0F801304DD021680DF148082A
:101F10009F9A0CAC0EAF3368404600914FF40071AD
:101F200005AECDE90152B04A35F048FF4046276082
:101F3000FEF736FA0F280546306000F29680012839
:101F400040F08E8098F800303A4623720023656096
:101F50005355A3F6B93322684FF400710092A34899
:101F6000A34A35F02BFFA148FEF71AFA01469F4815
:101F700011F03CFB2068B84203D0A168013118F091
:101F80007DFC9FED9C8A069808AB984203D0089987
:101F9000013118F073FCB0EE480A0DF5137DBDEC6D
:101FA000028BBDE8F08F1022002306980DEB020192
:101FB000049334F0C3FD049B069A0746934263D012
:101FC00093F80090B9F1000F5ED1B0F5803F80F03A
:101FD000C3809E9B002B00F02C810DF1480814AEAD
:101FE000D3F808B085B2C8F80060BBF1000F00F06C
:101FF0005C8158460CACFEF7D3F90F28824620606E
:1020000067D8012840F004819BF80030324688F8F8
:1020100008300023C8F804A002F80A309E9B1C7BFD
:10202000462C00F0BF80D8E900A9B9F1090F68D0AB
:10203000B9F10A0F40F0F0804A466F49504635F03A
:10204000C3FF00286AD007EE905AB8EE678AB245FF
:1020500099D0D8F808105046013118F00FFC92E7DB
:10206000002840F03E813A4670E700223146204683
:102070002BF0E8FC33682060A3602A46414637F025
:1020800016FE3568226861E721680DF148089F9ABD
:102090000CAC0EAF3368404600914FF4007105AEB2
:1020A000CDE90152504A35F089FE40462760FEF7DF
:1020B00077F90F28054630603FD801281CD000284A
:1020C00040F0F1803B46002265605A554B4B226838
:1020D00042E74A46214640462BF0B4FC2368C8F844
:1020E0000000C8F808305246594637F0E0FDD4F8F1
:1020F00000A0D8F800208CE798F8003023723B4607
:10210000E1E74A463E49504635F05EFF30B14A4667
:102110003C49504635F058FF002894D1422C58D005
:10212000492C4CD13FB29E9B07EE907A93ED048AE6
:10213000F8EEE77A27EE888A89E7002231462046C2
:102140002BF080FC33682060A3602A46414637F0BC
:10215000AEFD35682368B6E701950DF148082168A2
:102160000EAF9F980CAC336805AE274A02904046EC
:1021700000914FF4007135F021FE40462760FEF7D4
:102180000FF90F28054630607ED8012877D0002847
:1021900040F0A3803A46002365605355A3F6BA3356
:1021A0002268D9E63BB2D8F800A008EE103A9E9B10
:1021B000B8EEC88AD3ED047A28EE278A47E707EEFF
:1021C000905A9E9BB8EE678AD3ED047A28EE278A50
:1021D0003DE7F7EE007A9FED0D7A002D07FE278A86
:1021E00035E700BFD4EA050808EB0508BC07002462
:1021F00084E9050820BCBE4CC8E905083CF4FFFF93
:10220000B0E90508BCE9050848EB05080000000036
:1022100000284AD0304666E7B9F1070F7FF413AFC4
:102220004A463149504635F0CFFE00283FF476AF9C
:1022300009E703900DF1480821680EAF9F980CAC98
:10224000336805AE294A00914FF40071CDE9015081
:10225000404635F0B3FD40462760FEF7A1F80F2851
:10226000054630602AD8012823D0002837D13A46C5
:10227000002365605355A3F6BB3322686CE698F8DB
:1022800000303A46237286E74A46314620462BF014
:10229000D9FB33682060A3602A46414637F007FD2A
:1022A0003568226877E738464FE732464FF0000A34
:1022B000AFE698F800303A462372D9E79E9A314645
:1022C00020462BF0BFFB33682060A3602A464146BE
:1022D00037F0EDFC35682268CAE73846DCE7384657
:1022E000F4E73846C9E600BFD4E9050884EB0508E1
:1022F00070B5044608460D46FEF752F866688642F9
:1023000001D0002070BD46B132462946206835F024
:102310005BFEB0FA80F0400970BD012070BD00BFC7
:102320002DE9F04FD0E900740D469946E11B794B39
:102330009346794AC91085B003FB01F1914200F040
:10234000E580EB1BA7428046009300F0B680B1EB1E
:10235000410F4FEA410000F28280002840F0CF8018
:10236000182682460190DBF80030E91BD9F80020DE
:102370000AEB010BA2EB030900220BF10800B9F1F3
:102380000F0FCDF80C904AF80100CBF8042000F2B2
:10239000A180B9F1010F00F09980B9F1000F40F070
:1023A000A5800023BD42CBF8049000F809301CD072
:1023B0000AF1080307F108093E4643F8083CD6E94C
:1023C0000012494567D0B068183609F11809B542BE
:1023D000186043E9021203F11803EED1A5F11806C3
:1023E000F61B26F0070630365644A54228D006F1E3
:1023F000080305F10801A946A346D9F80020D9F839
:1024000004408A4243F8083C33D043F8082C09F1D1
:10241000180959F8102C1831CB4543E9014203F152
:102420001803EAD15C463D4A631B183BDB0802FBFC
:1024300003F323F06043013303EB430306EBC306CE
:102440002FB1D8F808103846C91B18F017FA019BAD
:10245000C8E900A6C8F8083005B0BDE8F08F304ED6
:10246000304618F01CFA8319824600F118060193D1
:1024700079E709F118091846621C009137F017FC3A
:1024800000990346D94501F1180140F8044C03F1C5
:102490001803B2D1C6E7013249461846183637F05C
:1024A00006FC56F8142C0346AE4209F1180940F810
:1024B000042C03F1180380D190E70131CFD291426F
:1024C00028BF114601EB4101CE00C9E71B788BF80C
:1024D000083066E703A9584600932BF0B3FAEB1BCC
:1024E000039A4AF80300009BCBF808204A46194695
:1024F00037F0DDFBDDF80C90DBF8000051E790428F
:1025000028BF104600EB4000C600A9E7054824F0AC
:1025100019FE00BFABAAAAAA55555505ABAAAA0A2F
:10252000F8FFFF7FD0EB050800232DE9F04F0C6882
:1025300087B0064683600F461546C0E900334868F9
:102540002044A04200F0EC80194600F1FF3C631EDD
:1025500013F8012FAA4208BF01319C45F8D101317F
:10256000724B994200F2DE80002940F08D8089464E
:102570004FF000080394A0EB040C039B4FEAAC025D
:102580000493002A62DD04EB82020BE06378AB4225
:1025900074D0A378AB4273D0E378AB4272D00434EA
:1025A000A24251D02378AB42F0D14945039426D0C2
:1025B000DDF810B009F10800C9F80480A4EB0B0A9B
:1025C000C9F80000BAF10F0FCDF814A029D8BAF15C
:1025D000010F22D19BF8003089F80830C9F804A017
:1025E00000F80A80736818337360D7E90003184451
:1025F00084420ED00134D6E901910394BBE703ABCA
:10260000304604AAFFF78CFED7E900031844844241
:10261000F0D1304607B0BDE8F08FBAF1000FDDD041
:1026200009E0002205A948462BF00CFA059BC9F8E1
:102630000000C9F808305246594637F038FBDDF83B
:1026400014A0D9F80000C9E7A0EB040CBCF1020FFC
:102650000BD0BCF1030F04D0BCF1010F09D004462C
:10266000A3E72378AB42A0D001342378AB429CD0BF
:1026700001342378AB4218BF044696E7013494E74F
:10268000023492E7033490E701EB4101CC0020468D
:1026900018F005F98146D6E900BAD34517D000F104
:1026A00008030BF10801D84643F8083CD8E90002BA
:1026B00088421ED008F11808183143E9020258F880
:1026C000102CC24503F1180343F8182CECD1BBF1D0
:1026D000000F05D0B1685846A1EB0B0118F0CEF8F9
:1026E00009EB0401D7E90040C6E900992044B16034
:1026F0003EE701321846019108F1180837F0D7FA81
:1027000058F8142C03460199C24540F8042C01F1F5
:10271000180103F11803C7D1BBF1000FDAD1DFE7CD
:102720001824B4E7024824F00DFD00BF55555505A7
:10273000ECEB05082DE9F04F8C6883B08B468146A1
:102740000192002C4AD0D2E9008A66695546276971
:102750004046B245394628BF35462A4615B135F0C0
:1027600033FC08B9AAEB060000281ADBE2680AB1BC
:102770001446EAE7A3468DB12A464146384635F06D
:1027800023FC58B100284FF000034846B4BFC9E904
:10279000003BC9E9004303B0BDE8F08FA6EB0A0097
:1027A000F0E7A268002AE3D1DBF80C30A3420ED098
:1027B0002046A34619F09BFC019B0446D0E9047611
:1027C000D3E9008AB245554628BF3546D3E70023F2
:1027D0004846C9E9003403B0BDE8F08F0C1DDBF8B2
:1027E0000C30A342E4D1F2E72DE9F04F064685B064
:1027F0002C200F46904618F052F800F118090446B4
:1028000000F1100AC0F810903846FDF7C9FD0F28F6
:102810000546029035D801281FD13B7849460DF175
:10282000080B237600236561524658464B553146C6
:10283000D8F80030A362FFF77DFFDDE9023595B1DE
:1028400083B30120331D2A46214619F052FC7369D7
:102850000133736105B0BDE8F08F00283AD14946D5
:102860000DF1080BDEE72069814503D0A169013134
:1028700018F004F82C21204605B0BDE8F04F17F001
:10288000FDBF0DF1080B0022504659462BF0DAF837
:10289000029B2061A3612A46394637F008FA029D5F
:1028A0002169BFE7331D9D4212D0D4F814806F69AF
:1028B0004246B84528BF3A4632B12969206901939A
:1028C00035F082FB019B08B9A8EB0700C00FBAE7FF
:1028D0000120B8E748460DF1080BDCE72DE9F04F81
:1028E000064685B02C200F46904617F0D8FF00F121
:1028F0001809044600F1100AC0F810903846FDF798
:102900004FFD0F280546029035D801281FD13B788E
:1029100049460DF1080B237600236561524658465F
:102920004B553146D8F80030A362FFF703FFDDE9CD
:10293000023595B183B30120331D2A46214619F093
:10294000D8FB73690133736105B0BDE8F08F0028CF
:102950003AD149460DF1080BDEE72069814503D0E5
:10296000A169013117F08AFF2C21204605B0BDE88E
:10297000F04F17F083BF0DF1080B00225046594667
:102980002BF060F8029B2061A3612A46394637F09C
:102990008EF9029D2169BFE7331D9D4212D0D4F804
:1029A00014806F694246B84528BF3A4632B129695A
:1029B0002069019335F008FB019B08B9A8EB0700DB
:1029C000C00FBAE70120B8E748460DF1080BDCE775
:1029D0002DE9F04F064685B02C200F46904617F0A3
:1029E0005EFF00F11809044600F1100AC0F81090CB
:1029F0003846FDF7D5FC0F280546029035D801284A
:102A00001FD13B7849460DF1080B23760023656101
:102A1000524658464B553146D8F80030A362FFF76E
:102A200089FEDDE9023595B183B30120331D2A46C5
:102A3000214619F05EFB73690133736105B0BDE88F
:102A4000F08F00283AD149460DF1080BDEE72069E6
:102A5000814503D0A169013117F010FF2C212046D8
:102A600005B0BDE8F04F17F009BF0DF1080B0022CB
:102A7000504659462AF0E6FF029B2061A3612A4690
:102A8000394637F014F9029D2169BFE7331D9D4295
:102A900012D0D4F814806F694246B84528BF3A4630
:102AA00032B129692069019335F08EFA019B08B98A
:102AB000A8EB0700C00FBAE70120B8E748460DF1C0
:102AC000080BDCE72DE9F0478AB0D0F8008006AFAC
:102AD0000497002900F0A180064608460D46FDF740
:102AE0005FFC0F280446039050D801284AD12B7868
:102AF0003A468DF818300023059440461355DDE919
:102B000004422146FEF79EF9BC42804604D0069955
:102B10002046013117F0B2FE3368043398452ED0B9
:102B20002C20776817F0BBFE0446284604F11809EC
:102B300004F1100AC4F81090FDF732FC0F28064685
:102B4000049059D8012854D12B7823764B46002184
:102B50006661524604A899553946D8F82830A362D0
:102B6000FFF7E8FDDDE90435FDB163B301203B1D4E
:102B70002A46214619F0BDFA7B6901337B610AB010
:102B8000BDE8F08700284BD13A46B4E7002203A9FC
:102B900004A82AF057FF039B049006932246294677
:102BA00037F085F8DDE90342A5E72069814503D0C8
:102BB000A169013117F062FE2C2120460AB0BDE860
:102BC000F04717F05BBE3B1D9D4224D0D4F8148023
:102BD0006E694246B04528BF324632B12969206944
:102BE000019335F0F1F9019B08B9A8EB0600C00F7D
:102BF000BEE7B8B94B46AAE7002204A950462AF01E
:102C000021FF049B2061A3613246294637F04FF82B
:102C1000049E23699BE70120AAE7034824F08FFA6A
:102C20003846BBE74846EFE704E905082DE9F84FC9
:102C30001F460B1D0E4605469A424CD01446D7E956
:102C400000A8D2E904B9C8451ED8B8F1000F7ED05B
:102C500042465946504635F0B7F908B9A8EB090085
:102C6000002853DBC845424628BF4A468AB1584629
:102C7000514635F0A9F960B100280EDB0023C5E903
:102C800000432846BDE8F88FB9F1000F3BD04A4613
:102C9000DFE7A9EB08000028F0DA3369A3422CD063
:102CA000204619F020FA8146D0E9041BC3455A4654
:102CB00028BF42461AB1504635F086F908B9A8EB4C
:102CC0000B00002851DB28463A463146FFF732FD1B
:102CD0002846BDE8F88F4B69002BF4D00C69D7E982
:102CE0000018D4E90409C1454A4628BF42465AB3F0
:102CF00035F06AF940B30028E5DA00232846C5E933
:102D00000034BDE8F88FB8F1000FC6DAF368A342CB
:102D100015D0204619F0EBF98146D0E9040BC345E4
:102D20005A4628BF42461AB1514635F04DF908B906
:102D3000ABEB08000028C6DAD9F80C30D3B128462E
:102D4000C5E90044BDE8F88FA9EB0800D3E7C9F155
:102D50000003002B9DDACB689A42F0D0204619F090
:102D6000C6F98146D0F814B0E2E7E3682BB1C5E9B3
:102D7000009986E7C5E9003983E7C5E9003480E7B3
:102D80002DE9F04F846885B081460F4600F1040AB2
:102D9000D1E9006B74B3D04665695A463146AB45FC
:102DA00028BF2A461AB1206935F00EF908B9A5EBFB
:102DB0000B00002804DBA368A0462BB11C46EBE700
:102DC000E368002BFAD14446A24514D065695D45FD
:102DD0002A4628BF5A4622B13046216935F0F4F818
:102DE00008B9ABEB0500002805DB04F1280005B0AD
:102DF000BDE8F08F54462C2017F051FD3A4600F103
:102E00001808054652F8086B00F11003C0F810804E
:102E100096423FD000210661D7F804B0B8687960C7
:102E2000397200213A602246A86102A8A962494687
:102E3000C5F814B0FFF7FAFEDDE90247D7B1AAEBF7
:102E40000700B0FA80F04009002C18BF40F00100E4
:102E500000283CD053463A4629462C4619F049F9F9
:102E6000D9F8143004F128000133C9F8143005B042
:102E7000BDE8F08FB04504D0A9693046013117F0A4
:102E8000FDFC28462C2117F0F9FC04F1280005B0C0
:102E9000BDE8F08FD7F804B03146404601930BF1FE
:102EA000010236F004FF002122463E60796002A84C
:102EB00039720021019BA9624946C5F814B0FFF799
:102EC000B5FEDDE90247002FDBD04646B7E77C6957
:102ED0005A46A34528BF224622B13046396935F00B
:102EE00073F808B9ABEB0400C00FB3E72DE9F04F5E
:102EF000846885B081460F4600F1040AD1E9006B71
:102F000074B3D04665695A463146AB4528BF2A4658
:102F10001AB1206935F058F808B9A5EB0B00002864
:102F200004DBA368A0462BB11C46EBE7E368002B4B
:102F3000FAD14446A24514D065695D452A4628BFAA
:102F40005A4622B13046216935F03EF808B9ABEB5C
:102F50000500002805DB04F1280005B0BDE8F08F6E
:102F600054462C20A04617F09AFC00F1180604469F
:102F70000661D7E9003500F110070F2D029507D83B
:102F8000012D51D11B780376B4460DF1080B12E0E8
:102F90000DF1080B00223846019359462AF052FDE4
:102FA000029A019B2061A2612A46194636F07FFEF3
:102FB000029DD4F810C0002165613B4642460CF8E2
:102FC000051000215846A1624946FFF72FFEDDE9B2
:102FD0000275C5B1AAEB0500B0FA80F04009002FD8
:102FE00018BF40F0010028B353462A46214619F085
:102FF00080F8D9F8143004F128000133C9F81430EE
:1030000005B0BDE8F08F2069864203D0A169013187
:1030100017F034FC20463C462C2117F02FFC04F11D
:10302000280005B0BDE8F08F002DADD030460DF181
:10303000080BB9E767696E693A46B74228BF32465E
:1030400022B12969206934F0BFFF00B9B81BC00F55
:10305000CAE700BF2DE9F04F174685B006462C2081
:103060009846894617F01BFC044600F1100AD7E980
:10307000003500F118070F2D029507613DD8012D8D
:1030800026D11B78BC460DF1080B03760021656143
:1030900053464A460CF805105846D8F80010A1626D
:1030A0003146FFF7C3FDDDE90258B8F1000F15D036
:1030B000002D36D00120331D4246214619F019F863
:1030C0002546736928460133736105B0BDE8F08F6A
:1030D000002D3ED1BC460DF1080BD7E72069874291
:1030E00003D0A169013117F0C9FB20462C2117F04C
:1030F000C5FB284605B0BDE8F08F0DF1080B002296
:103100005046019359462AF09DFC029A019B20618A
:10311000A2612A46194636F0CAFD029DD4F810C0B5
:10312000B4E7331D984512D06769D8F814503A4671
:10313000AF4228BF2A463AB1D8F81010206901934F
:1031400034F042FF019B00B9781BC00FB4E70120A7
:10315000B2E738460DF1080BDBE700BF2DE9F04F71
:10316000846883B08046894600F1040B0192D1E95E
:10317000006A64B35F46656952463146AA4528BF76
:103180002A461AB1206934F01FFF08B9A5EB0A00DE
:10319000002804DBA26827462AB11446EBE7E26860
:1031A000002AFAD13C46A34512D065695246AA4589
:1031B00028BF2A4622B13046216934F005FF08B9FC
:1031C000AAEB0500002803DB03B0BDE8F08F5C46E6
:1031D000019B4A4621464046FFF73CFF03B0BDE84D
:1031E000F08F00BF2DE9F04F8C6883B08B4681468D
:1031F0000192002C4AD0D2E9008A666955462769B7
:103200004046B245394628BF35462A4615B134F006
:10321000DBFE08B9AAEB060000281ADBE2680AB157
:103220001446EAE7A3468DB12A464146384634F0B3
:10323000CBFE58B100284FF000034846B4BFC9E99F
:10324000003BC9E9004303B0BDE8F08FA6EB0A00DC
:10325000F0E7A268002AE3D1DBF80C30A3420ED0DD
:103260002046A34618F043FF019B0446D0E90476AC
:10327000D3E9008AB245554628BF3546D3E7002337
:103280004846C9E9003403B0BDE8F08F0C1DDBF8F7
:103290000C30A342E4D1F2E72DE9F04F154687B098
:1032A00007462C200E4617F0FAFA2B6800F1180A90
:1032B00000F110020446C0F810A00192D3E9008585
:1032C0000F2D049500F28F80012D45D198F8003024
:1032D0005246037607F1040B00236561B34553554D
:1032E0003546A36200F08E802269D4F81490736989
:1032F000009299453269029200F29E80B9F1000F66
:1033000000F0BD804A4602990098039334F05CFEB9
:10331000039B08B9A9EB03000028C0F293809945EC
:103320004A4628BF1A46E2B100990298039334F046
:103330004BFE039BA8B1002817DB2069824503D010
:10334000A169013117F09AFA20462C2117F096FA5C
:10335000284607B0BDE8F08F002D40F0CF805246E0
:10336000B8E7A3EB09000028E7DA3A690393B24211
:1033700000F0B480304618F0B6FE4A468046039B03
:10338000D0E90415A94528BF2A46002A00F0A980E3
:103390000098039334F018FE039B08B9A9EB0500CD
:1033A0000028C0F29080019A394604A8FFF71AFF5E
:1033B000DDE90458B8F1000FBFD0281E18BF012066
:1033C000C34508BF40F00100002865D05B46424677
:1033D0002146254618F08DFE7B69284601337B6126
:1033E00007B0BDE8F08F104604A900222AF02AFB9E
:1033F000049B2061A3612A46414636F058FC049D97
:10340000226967E77B69002BCDD0D7F81080D4E91B
:103410000439D8E9040600934E45324628BF4A468F
:10342000002A54D0194634F0CFFD08B9A6EB0900A4
:103430000028B8DA0025BDE70BB11A4663E7B9F1F9
:10344000000F92DAFB68B34216D0304618F04FFEF8
:1034500080464A46D0E90405A94528BF2A461AB144
:10346000009934F0B1FD08B9A5EB090000289ADAFB
:10347000D8F80C000028A3D0B0460120A6E75A4295
:10348000002ABFF66EAFFB68B342F5D0304618F0A5
:103490002EFE80464569E7E72369D4F8149000932F
:1034A000D8E9042302924B451A4628BF4A4632B156
:1034B00002990098019334F087FD019B08B9A9EBAC
:1034C0000300C00F82E7F268A2B1454672E7A6EB9F
:1034D0000906002EBFF667AF104671E7B04600251B
:1034E0006BE7A9EB0503002BBFF65DAFF3681BB1DB
:1034F000012065E7B046D6E7B046D1E750467AE707
:103500002DE9F04F834693B090200826CDF804B003
:1035100017F0C5F9A74B0746A74C0025BA19DFF8E5
:10352000B0C20BF1040AA9463A60039203CBA34B45
:10353000B8605160A24A7E60FE613D7487F82850F1
:1035400087F83B5087F8535003CB07F1200379628B
:10355000BB6107F1380311883B63032392783987F5
:103560007B632188FB6407F16803386287F83A209F
:1035700007F15002DCF80000A7F850103B66042366
:10358000A17807F19004B866BA6487F852107B6698
:10359000FB678C4B8BF80450186807F1800387F8A1
:1035A0006C5087F88450C7F88000BB670497CBE95C
:1035B000025ACBE904A5A346D7E90046002D36D030
:1035C0000297A046374656466C693A464146A7429E
:1035D00028BF22461AB1286934F0F6FC00B9E01B76
:1035E00000287ADBAA682E460AB11546ECE73E466B
:1035F0004446029FAA451BD06B6932469E4228BFB3
:103600001A4632B120462969029334F0DDFC029B50
:1036100000B9F01A00280BDB1837C5F828905F4571
:1036200012D0019B9D68D7E90046002DC8D15546B0
:103630000C97183729460CAA0198FFF72DFE5F4515
:103640000546C5F82890ECD15F485C46049F03F01E
:103650000BFA80465C4803F009FA804500F00C81C3
:1036600008ABD8F8045008F1200802900693CDE981
:10367000047B002D00F08A802846FCF791FE0F287D
:1036800004460C9000F2E380012840F0EF802B7894
:103690008DF8203008AB4FF0000207941A55019BBB
:1036A000069FD3F80890079EB9F1000F57D0D34674
:1036B0004C466569324639462069AE4228BF2A46E3
:1036C00012B134F081FC00B9A81B0028D4E9023201
:1036D0000CDB7BB1A3461C46EBE7EA68002A84D1E9
:1036E0004446B0463E46029F454683E71346002ABD
:1036F000F1D15C46A24532D03246D4E90415AE423F
:1037000028BF2A461AB1384634F05EFC00B9701B57
:10371000002824DB2D4A0EAB07CA03C31A704FF0F2
:1037200000038DF84130D8F80440C4B1C346D4E951
:103730000405092D2DD8002D39D1E468002CF6D1CF
:10374000C3450CD0DBE90414082C43D909220EA888
:1037500034F03AFC08B9C4F1090000283CDA08AB9F
:103760009F4204D008993846013117F087F808F1D4
:103770003C03029A08F11C0842457BD0984608ABEE
:1037800058F81C5C0693002D7FF476AF08AB00243C
:1037900081E709220EA934F017FC08B9A5F1090048
:1037A0000028CADBA346A468002CC0D1C8E72A467B
:1037B000F0E700BF30EA050854EA050844EA0508C6
:1037C00050EA050804EC0508EC0B0024B0E90508F4
:1037D000FCEB0508002C6AD1DBED0A7AFDEEE77AF6
:1037E00017EE903A0B2BBAD15546D9F81440324611
:1037F0003946D9F81000A64228BF224612B134F04B
:10380000E3FB00B9A01B0028D9E9023203DB33B186
:103810004D469946E9E71346002AFAD1A946CA451A
:1038200047D0D9F814403246A64228BF22462AB1D2
:10383000D9F81010384634F0C7FB00B9301B002807
:1038400037DBD9F828300133C9F8283087E7002260
:103850000CA906A82AF0F6F80C9B069008932246BD
:10386000294636F024FA0C9C069B14E700288DD0DC
:1038700008A8F4E7DDE90474039D3E4655F8080CFA
:1038800085420FD0B16818361835013116F0F6FFB1
:10389000B442F3D13846902116F0F0FF019813B0EE
:1038A000BDE8F08F18361835B442E7D1F2E722466A
:1038B0004DE706AB49460CAA01980C93FFF7ECFCC8
:1038C000069F8146BDE700BF2DE9F041044682B066
:1038D00016461D4661B10120231D3246294618F0C7
:1038E00008FC636928460133636102B0BDE8F081DA
:1038F000031D9A4212D05769D5F81480B845424644
:1039000028BF3A4632B131692869019334F05CFB33
:10391000019B08B9A8EB0700C00FDEE70120DCE738
:103920002DE9F04F2DED048BADF5417D002481464E
:103930004FF4D2701DAB8DF874401E9421948DF815
:103940008C4024942794CDE91F3323ABCDE9253354
:1039500005F0A2FA4FF4D37005F09EFAD9E90003FE
:10396000984200F0D5850A232246C7492AF08BFBEE
:10397000013040F0A481D9E900031B1A182B40F252
:10398000D08118300A232246BF492AF07CFB01303F
:1039900040F0EE8140F2A71005F07EFAD9F8003031
:1039A00021460A22186833F0C9F80B904FF4D470FE
:1039B00005F072FAD9F8003021460A22986933F0EE
:1039C000BDF805460A9040F2A91005F065FA0023FB
:1039D0002AAA4FF4D5700E93289229948DF8A84006
:1039E00005F05AFA2946A94803F048F8044605901C
:1039F00040F2AB1005F050FA2346A1681833079344
:103A0000002901F0DD800DF5807B5846FDF76AF94D
:103A1000032300229E4958462AF01CFB42AB0C901F
:103A2000DBF80000984204D0DBF80810013116F0F2
:103A300025FF079B40F2A51010931CAB119305F0D6
:103A40002BFA1E98FDF738FA1DAB2C20CDE91F3359
:103A500000231E93219316F022FF00F11005044667
:103A60008C492846FDF73EF9DDED0A7A2A461CA965
:103A7000F8EEE77A12A8C4ED0A7AFEF75BFEDDE9FC
:103A80001212002A00F0668723461CA8FFF71CFFCD
:103A90008149D9E90032D21AD310302A01FB03F34D
:103AA00040F26A850222DFED7D8A9FED7D9A0492C5
:103AB0000022CDF818900D92049A01329A4281F0BA
:103AC00059824FF4D77005F0E7F9059B9D6842AB2A
:103AD000CBF80030002D00F0338728460DF1E80ABE
:103AE000FCF75EFC0F280446CAF8000000F296823C
:103AF000012840F0F3832B7842AA8BF8083000238A
:103B0000CBF8044058461355049B03EB4306069B31
:103B10001968F50001EBC601FEF788F942AB0446CF
:103B2000DBF80000984204D0DBF80810013116F0F1
:103B3000A5FE002C00F08682A7683846FCF730FC12
:103B40003B46299A0021009028A82AF073F940F2F8
:103B5000AF1005F0A1F9059BD3F8088042ABCBF874
:103B60000030B8F1000F10D040460DF1E80AFCF724
:103B700017FC0F280746CAF8000000F23B82012814
:103B800000F03282002840F0BB8342AB00270022C5
:103B9000CBF8047043495846DA5508232AF05AFAFC
:103BA000002840F0D981002C00F0D681237BDBF87F
:103BB0000000462B42AB00F0B183984204D0DBF802
:103BC0000810013116F05AFE069B1F6805F1180314
:103BD0003D441F44059BD3F8088042ABCBF800302E
:103BE000B8F1000F10D040460DF1E80AFCF7D8FB01
:103BF0000F280646CAF8000000F25C83012800F096
:103C00005383002840F06F8642A800260023CBF89B
:103C100004603A46294683550B9B0A9801935B46FC
:103C20000094FEF75BF9DBF8000042AB8DED0E0A65
:103C3000984204D0DBF80810013116F01FFE022371
:103C400009934FF4D87005F027F90798DDE9287635
:103C500032463946FDF7F6F8059A02F11C03834215
:103C6000089300F07D81156A002D00F0EE819846E2
:103C70006C693246A64228BF2246AAB13946286955
:103C800034F0A2F988B90FE034EC0508EC0B0024FD
:103C9000C8EC0508ACE90508ABAAAAAA20BCBE4C32
:103CA00000000000ECEA0508A01B0028C0F282809A
:103CB000AB68002B00F08380A8461D46D8E7D9F8F2
:103CC00000300DF5807B0DF1E80A3CAE1B684FF427
:103CD0000071B84A584634F071F85846CAF8006086
:103CE00034AFFCF75DFB0F280546386050D801283B
:103CF00040F02A869BF800308AF8083032460023CC
:103D0000AD48CAF8045051465355FDF727FFDAF87D
:103D10000000B04220D0DAF80810013116F0AEFDF4
:103D20001AE0A64D40AC0FCD0FC40FCD0FC495E8DF
:103D3000030044F8040B3AA8218040A9FCF7D2FF05
:103D40003AA99F48FDF70AFF3A983CAB984203D046
:103D50003C99013116F092FD2498FDF7C5F91E98A3
:103D6000FDF7AAF80DF5417DBDEC048BBDE8F08FA1
:103D7000D9F800304FF40071924A40A89B6934F0A2
:103D80001DF840A93AA8FCF7ADFF3AA98E48D9E73B
:103D900022463946504629F055FE3B68CAF80000D5
:103DA000CAF808302A46594635F081FF3D68DAF8EE
:103DB0000020A4E7EB68002B7FF47FAF4546089B0B
:103DC0009D4200F04381D5F814803246464528BF15
:103DD000424622B13846296934F0F6F808B9A6EB14
:103DE00008000028C0F23281D5ED0A7A9DED0E8AD6
:103DF000F4EE487AF1EE10FA00F08680299F092F40
:103E000000F014840A2F00F072860C2F40F0DD873A
:103E10003A466E49289834F0D7F80C9B184340F086
:103E2000E187079C28A92046FFF760F8684980EDE4
:103E3000008A5846FCF756FF2046DBE9006231460F
:103E4000FDF700F842AB05469E4205D0DBF80810AE
:103E50003046013116F012FD089B9D4201F00982A7
:103E6000D5ED0A7A58465B49012538EE278AFCF7DA
:103E700039FF59460798FEF783FF80ED008A5846C0
:103E800029F001FE544910A8FEF71CFE534910A862
:103E9000FEF718FE4E495846FCF724FF0798DBE969
:103EA00000723946FCF7CEFF42AB06469F4205D072
:103EB000DBF808103846013116F0E0FC089BB342ED
:103EC00005D006F1280242491CA8FEF707FD002D87
:103ED00000F09C873F4900F010BC32463C49384610
:103EE00034F072F8002848D10EAA39490798FEF735
:103EF000F5FC0C9B002B00F03C850EAA34491CA855
:103F0000FEF7ECFC01230D930499099B069A1944D2
:103F1000D2E9002304919B1A314ADB1002FB03F320
:103F20009942FFF4C9AD0D9B002B00F025830A9C3C
:103F3000E0B207F035F94FF4E67004F0ADFF294B1D
:103F40001B7823B90B9920461CAAFDF7E5F940F22E
:103F5000CD1004F0A1FF0FE3DBF8000042AB2CE62C
:103F60000A2EBAD0072E40F0EC8032461A49384665
:103F700034F02AF8002800F00A83059B1D6A002D02
:103F800000F00A86089CA0466C693246A64228BF0B
:103F9000224622B13946286934F016F800B9A01B30
:103FA0000028C0F29280AB68002B00F09380A846F6
:103FB0001D46E9E740EC050832F4FFFF70EC050808
:103FC00031F4FFFF98EC050830F4FFFF8CED050895
:103FD000C8E90508BCE90508D4E90508B0E9050801
:103FE000ABAAAAAA0426002498F800308BF808305F
:103FF00042ABCCE500225146584629F023FDDAF8C1
:104000000030CBF80000CBF808303A46414635F096
:104010004EFEDAF80070DBF80030B8E500225146B9
:10402000584629F00FFDDAF80030CBF80000CBF845
:1040300008302246294635F03AFEDAF80040DBF82F
:1040400000205CE50720AF4F7AE51D462C20A946ED
:1040500016F025FC299E00F1180705460F2E00F1E9
:104060001008289CCBF80060076100F2E983012E5C
:1040700000F07883002E40F05686384600216E61AD
:1040800043464A46815514A8079985ED0A9AFEF7DA
:10409000CDFDDDE91486002E00F02581089B981BDC
:1040A000B0FA80F04009B8F1000F18BF40F00100ED
:1040B000002800F0F6863246089B294618F019F8C9
:1040C000059AD36A0133D3628EE6EB68002B7FF446
:1040D0006FAF4546089B9D4200F05F85D5F8148080
:1040E0003246464528BF4246002A00F0D983296956
:1040F000384633F069FF002800F0D2830028C0F270
:104100004C850C2E00F0F9861E9C002C00F08F864A
:104110000DF174083246D4E90405AE4228BF2A46A0
:104120001AB1394633F050FF00B9A81B0028D4E972
:104130000232C0F2B883002B00F0BA83A0461C46BE
:10414000E8E7092E00F04D840F2E40F072863246CB
:104150006D49384633F038FF00287FF40EAF34AD98
:104160006A4B0DF1E00800272E46DDF820A00FCBAA
:1041700085E80F0042AB56F8045BCBF80030002D09
:1041800001F051812846FCF70BF90F2804463A90BC
:1041900000F22382012800F00A82002840F0E7861E
:1041A00042ABCBF804401F550798DBE90092494623
:1041B000FCF748FE42AB0446994505D0DBF80810F1
:1041C0004846013116F05AFBA24500F0728446457C
:1041D000D0D1059B1D6ADDE92878002D00F0E78429
:1041E000089C6E694246B04528BF324622B1394626
:1041F000286933F0E9FE08B9A6EB0800002804DBC3
:10420000AB6833B12C461D46EBE7EB68002BFAD1C7
:104210002546089BAB4200F0CB846C694246A04522
:1042200028BF2246002A00F060833846296933F00F
:10423000CBFE002800F059830028C0F2B9840E9C00
:1042400028A90798FEF752FE2F49046010A8FEF730
:1042500039FC2F4910A8FEF735FC2E4910A8FEF7AF
:1042600031FC2D4910A8FEF72DFC1E9CDDE92867C6
:10427000002C00F0DC850DF174083A46D4E9040501
:10428000AF4228BF2A461AB1314633F09DFE00B92D
:10429000E81B0028D4E90232C0F22A83002B00F088
:1042A0002C83A0461C46E8E798F8003042A88BF81B
:1042B0000830ABE400225146584629F0C3FBDAF837
:1042C0000030CBF80000CBF808303246414635F0DC
:1042D000EEFCDAF80060DBF8000097E4002800F05C
:1042E0002F8342A8A5E62869874203D0A969013136
:1042F00016F0C4FA28462C21454616F0BFFA73E59D
:1043000042A882E600EB05089CED0508D0E8050808
:10431000C8ED0508ACED0508B8ED0508984204D0D5
:10432000DBF80810013116F0A9FA069BB44AD3E96C
:104330000083A3EB080308EB0500DB1002FB03F38B
:10434000049A03329A42C0F08980059B18352EAF3B
:104350000DF1C009D3F808A04544C7F80090BAF1A0
:10436000000F0ED05046FCF71BF80F280346CBF881
:10437000000000F2BA80012800F0B280002840F06E
:10438000B4834A46002329464FF0000A34AD7B60CF
:1043900002F803A02846FDF7FBFB6B6843B1162328
:1043A00052469849284629F06EFE013000F05982A5
:1043B0000B9B0DF1E80A944A4FF4007102935846A2
:1043C0000A9B019358F836303CAE00933B6833F0BB
:1043D000F5FC5846CAF80060FBF7E2FF0F280446D8
:1043E0000F9000F2E880012800F0DC80002840F007
:1043F000898432460023CAF804404FF40071834890
:104400001355DAF80030824A0093824B33F0D6FC21
:104410007E48FBF7C5FF01467C480FF0E7F8DAF865
:104420000000B04204D0DAF80810013116F026FA84
:10443000B0EE688A286836AB984203D0A96801318B
:1044400016F01CFA38688DED0E8A48453FF4F7AB3C
:10445000B968013116F012FAFFF7F1BB00242EA95A
:1044600005F13007ADF8B840ADF8D040FDF7A6FC37
:10447000002800F0BE86069B34A918683844FDF772
:104480009DFC002800F0B586BDF8B830BDF8D020FE
:10449000013306999BB20E689A4240F0AE860DF148
:1044A000E80A05F11800ABF8004030445146AAF87C
:1044B0000040FDF783FC00283FD005F14800594635
:1044C0003044FDF77BFC002837D0BAF80020BBF859
:1044D000003043EA02430E9304230993FFF7B1BB74
:1044E0009AF800203A724A464DE700220890594651
:1044F000384629F0A7FADBF80020089B3860BA603C
:104500001A46514635F0D3FBDBF800303A683AE7FB
:10451000414D40AC0FCD0FC40FCD0FC495E8030043
:1045200044F8040B3AA824F8021B090C217040A996
:10453000FCF7D8FB3AA9394804E4DDE905399B6862
:10454000002B00F040830B9A4FF400715846029202
:104550000A9A0192D9F8002052590092304A33F059
:104560002DFC59465046FCF7BDFB2E485146FDF741
:10457000F5FA504629F087FA28982AAB98423FF47A
:10458000EBAB2A99013116F079F9FFF7E5BB0EAADA
:1045900007982549FEF728F90EAA23491CA8FEF71B
:1045A00023F9AFE49BF800308AF8083021E72B7834
:1045B0008BF80830F4E500220FA9504629F042FAA2
:1045C0000F9BCAF80000CAF808302246594635F059
:1045D0006EFB0F9CDAF800200CE700223AA958463F
:1045E00029F030FA3A9BCBF80000CBF8083022468D
:1045F000294635F05CFB3A9CDBF80030D1E500BF82
:10460000ABAAAAAAD4EA050808EB0508BC0700244F
:1046100084E9050842F4FFFF0CEC050833F4FFFFC2
:104620004CED05080AF4FFFFD4E90508289D3A4639
:10463000BA49284633F0C8FC0646002800F09580A9
:104640003A46B749284633F0BFFC002859D03A46CD
:104650002846B44933F0B8FC002840F0C3832EAD9F
:10466000B14B0DF1E80A3CAEA846089F0FCB85E898
:104670000F0058F8044BCAF80060002C00F0D386F5
:104680002046FBF78DFE0F280546CBF8000000F210
:104690001F84012800F01784002840F0BE833346B1
:1046A0004FF00002CAF8045007985A55DAE9009210
:1046B0004946FCF7C7FBB145054605D0DAF80810B6
:1046C0004846013116F0DAF8AF4200F0EB8432AB25
:1046D0009845CED128A90798FEF708FC934980EDAC
:1046E000008A10A8FEF7EEF98E4910A8FEF7EAF945
:1046F0008F4910A8FEF7E6F98E4910A8FEF7E2F9F7
:1047000084E328A90798FEF7F1FB8B4980ED008A26
:1047100010A8FEF7D7F9814910A8FEF7D3F9874909
:1047200010A8FEF7CFF91E9CDDE92867002C00F0E9
:104730007E830DF174083A46D4E90405AF4228BFE0
:104740002A461AB1314633F03FFC00B9E81B002875
:10475000D4E90232C0F27A83002B00F0CE80A0466A
:104760001C46E8E72378037687E44FF4DB7004F017
:1047700093FB079C28A92046FEF7B8FBD0ED007AF2
:10478000BCEEC87A9DF82800FCEEE77A8DED087A39
:10479000CDED0D7A9DF820209DF8341006F0A0FD97
:1047A00040F2B71004F078FB28A92046FEF79EFBE4
:1047B000614980ED008A10A8FEF784F95F4910A8CE
:1047C000FEF780F9564910A8FEF77CF90EAA534966
:1047D0001CA8FEF7FDF84FF4DC7004F05DFB5846B2
:1047E000FEF78EFE2498FCF77FFC23AB24962796D9
:1047F000CDE92533DBF80830B3B1DBF80C20249386
:104800002592DBF8102026929BF804208DF88C204E
:1048100023AA5A60DBF81430CBF80860279341AB29
:10482000CBF81460CBE903330020FCF75DFC22A831
:10483000FCF784FF40F2B91004F02EFBFFF762BBD7
:1048400000225946404629F0FDF8DBF80020286197
:10485000AA613246214635F02AFADBF80060286961
:104860000CE410220FA92868CDF83CA032F066F9BC
:104870000F9A03462868904200F0EE821278002AD0
:1048800040F0EA82B3F5803F80F0D7841BB2D4EDCC
:10489000047A08EE103AB8EEC88A28EE278ACAE5EC
:1048A000A6EB08002AE412B113461C4632E4444643
:1048B0001DAB9C420DD03246D4E90415AE4228BF50
:1048C0002A4672B1384633F07FFB50B10028BFF65C
:1048D00019AB21460EAB28AA1CA8FEF7BBFBFFF7BD
:1048E00011BB701BF2E742A8EFE4A8EB0400A3E4BD
:1048F00012B113461C46C0E444461DAB9C42E8D0AE
:104900003A46D4E90415AF4228BF2A4622B13046C0
:1049100033F05AFB0028D9D1781BD7E7B0E9050856
:10492000BCE90508C8ED0508D0E805089CED0508B8
:10493000ACED0508B8ED0508D4E90508C8E9050897
:1049400042AA0024FFF7DBB800283FF4D7A930467D
:10495000FFF728BA206904F11803984203D0A1692F
:10496000013115F08BFF20462C2115F087FFFFF752
:104970008FB89E495846FCF7B5F90798DBE9006205
:104980003146FCF75FFA42AB05469E4205D0DBF8A4
:1049900008103046013115F071FF089BAB423FF41F
:1049A000ACAADDED0E7A584695ED0A8A904938EEAC
:1049B000278AFCF797F959460798FEF7E1F942ABC9
:1049C00080ED008ADBF80000984204D0DBF8081084
:1049D000013115F053FF864910A8FEF773F8FFF771
:1049E0008CBA32468349384633F0EEFA002840F05C
:1049F00077810EAA7F490798FDF7EAFF7E4F0EAA3E
:104A00007C491CA8DFF80492FDF7E2FF4FF4E17047
:104A100004F042FA06F0B4FBBC6806469DF8288014
:104A2000C9F80000002C00F0BC8307F1040A5546C9
:104A3000237C4345D4E9021239D325460C46002C89
:104A4000F6D1554500F0AD832B7C434540F2BD8047
:104A50002C2015F024FF0476C4610646846200F120
:104A6000180480F81080C0E908442B7C984580F039
:104A70006083FB68AB420DD02846089317F037FBE4
:104A8000017C0246089B414580F04784C368002BA7
:104A900000F0BC842A4601203546584B294617F0C1
:104AA00028FB7B6901337B61D9F800608FE01446F5
:104AB000C5E72C2015F0F3FE294600F11005044649
:104AC0002846FCF70FF900232A4607991AA8A36283
:104AD000FDF730FEDDE91A12002A00F015812346A9
:104AE0000798FEF7F1FEFFF772BB484608E5444D14
:104AF0003A462898294633F067FA0646002840F0DF
:104B0000718142AB95E80700CBF80030089D03C3E4
:104B10001A80059B8BF812601E6ACBF80470002E79
:104B200000F00381D6E904040A2C27D8002C31D1E7
:104B3000F668002EF6D1089BAB4200F0F6806E6955
:104B4000092E40F2AA823A46296942A833F03CFA7B
:104B500008B9C6F10A000028C0F2E78085ED0A8A8C
:104B60000C9B002B00F0388210A82649FDF7AAFF05
:104B7000204910A8FDF7A6FFFFF7BFB90A2242A9F6
:104B800033F022FA08B9A4F10A000028D0DB354638
:104B9000B668CEE72246F2E7089D29460EAB28AA62
:104BA0000798FEF757FADDE92876FFF7AABA089DBD
:104BB00029460EAB28AA0798FEF74CFAFFF73FBB31
:104BC0001149FEF720BF104BBDE405F118049DED1F
:104BD0000E8AD5F81C90FCEEC87ACDED087A9DF8C7
:104BE0002080B9F1000F14D146E300BF8CED050819
:104BF000BCE90508B0E905081C260024202600248D
:104C0000C8E90508D4E905087C39060818260024F7
:104C1000914699F81010D9E90232884536BF1A46F4
:104C200000230123002AF3D1002B40F05D81884549
:104C300019D94C4540F026830127302015F02FFE6E
:104C400023460146002480F810804A4646613846D3
:104C5000C1E90644C1E90844C1E90A4417F049FA28
:104C6000AB6A0133AB62BDEEC88A18EE103A0B2B6B
:104C70007FF448A940F2C31004F00EF95846FEF73D
:104C80003FFC2498FCF730FA23ABDBF80820CDE991
:104C90002533002324932793B2B1DBF80C10249220
:104CA0002591DBF8101026919BF804108DF88C10DC
:104CB00023A95160DBF81420CBF80830CBF814306E
:104CC00041AB2792CBE903330020FCF70DFA22A871
:104CD000FCF734FD4FF4E27004F0DEF8FFF712B990
:104CE0003246B249384633F06FF900283FF437AA0C
:104CF0003246AF49384633F067F900283FF42FAA0F
:104D0000FFF73BB9304660E4206904F1180398428C
:104D100003D0A169013115F0B1FD20462C2115F019
:104D2000ADFDFFF754BA384693E52C2015F0B7FDDA
:104D3000DBF8007042AA00F11808064600F11003E3
:104D40009742C0F8108000F0C58242A9DBF8044009
:104D50002A460761CBF80010DBF808104461816136
:104D60000021CBF804108BF808100021816216A8EE
:104D70000799FDF75BFFDDE916A5002D00F02D82F8
:104D8000089B581BB0FA80F04009BAF1000F18BF19
:104D900040F00100002800F014832A46089B3146A9
:104DA000B24617F0A6F9059AD36A0133D362DBF84D
:104DB000000042AB8AED0A8A98423FF4D1AEDBF89C
:104DC0000810013115F05AFDCAE6072F00F03681B0
:104DD0000F2F07D13A467749289833F0F5F8002885
:104DE0003FF43DAC724928A8FDF782FA00287FF411
:104DF00036AC714928A8FDF77BFA00287FF42FAC68
:104E000028A90798FEF772F880ED008A0EAA28A953
:104E10001CA8FEF7A3F9FFF775B830462A462146CD
:104E200034F045FFDBF80050DAF8003038E41DAC10
:104E30004FE50E2E7FF4A1A832465F49384633F085
:104E4000C3F800287FF499A8FFF789B9002A3FF436
:104E500053AD13461C466EE40B9B0DF1E80A574A0E
:104E60004FF40071029358460A9B019358F836306C
:104E70003CAE00933B6832F0A1FF59465046FBF729
:104E800031FF4F485146FCF769FE3A98B04203D0D3
:104E90003C99013115F0F2FC9FED4A8A2868FFF732
:104EA000CABAD5F8148077694246B84528BF3A4651
:104EB00022B13169286933F087F808B9A8EB0700F7
:104EC000C00FFFF7F8B823788AF80830FFF7E7BB80
:104ED00000225946504628F0B5FDDBF80030CAF8EC
:104EE0000000CAF8083099E72B6A4B453FF4A1AEA1
:104EF000484617F0FCF8017C99E6324632493846BC
:104F000033F062F80C9B18437FF4FEA82F495846F3
:104F1000FBF7E8FE0798DBE90012FBF793FF054675
:104F2000584628F0B0FD089B9D421CD0DDED0E7A5E
:104F3000584695ED0A8A2835254938EE278AFBF729
:104F4000D1FE59460798FDF71BFF80ED008A5846B1
:104F500028F099FD1D491CA82A46FDF7BFFC1C49F5
:104F600010A8FDF7AFFDDDE92876FFF7CDB842A820
:104F7000FFF73DBB0A9B4FF40071164A584632F0CA
:104F80001DFF59463AA8FBF7ADFE6FF43E603AA903
:104F9000FCF7E4FD3A983CAB98423FF4EDAA3C990B
:104FA000013115F06BFCFFF7E7BA00BFC8ED05084B
:104FB000ACED05089CED0508B8ED050808EB050803
:104FC0003DF4FFFF20BCBE4C8CED0508C8E9050888
:104FD000BCE90508CCEC0508B4495846FBF782FE4D
:104FE0000798DBE900623146FBF72CFF42AB054630
:104FF0009E4205D0DBF808103046013115F03EFC2A
:10500000089B9D423FF4B0ADD5ED0A7A5846A849B9
:1050100038EE278AFBF766FE59460798FDF7B0FE83
:1050200080ED008A584628F02EFD10A8A149FDF712
:1050300049FDA14910A8FDF745FDCCE43A469D493C
:10504000289832F0C1FF00287FF4CCAE9949584629
:10505000FBF748FE59460798FDF792FE42AB80EDFC
:10506000008ADBF80000984204D0DBF80810013118
:1050700015F004FC10A89149FDF724FD10A88C49F7
:10508000FDF720FD10A88C49FDF71CFD0EAA8949EB
:105090001CA8FDF7A9FBFEF735BF002E3FF45EAD5F
:1050A000374650E52C2015F0FAFB0546204605F161
:1050B000180905F11003C5F810900893FBF770F973
:1050C0000F280346CBF8000000F26F81012800F0A2
:1050D000218128BB494600206B61089AC8540023EF
:1050E000079918A8AB62FDF725FBDDE91834002C01
:1050F00000F0CF80003B18BF0123A74214BF184621
:1051000043F00100002800F06E8122463B4629460C
:1051100016F0EFFF059AD36A0133D362FFF7D7BACF
:1051200048461A46214634F0C2FDDBF800302969B2
:10513000D1E72CD93B69AB4200F02081284616F01C
:10514000D2FF037C0246434540F2FE80EB68002B11
:1051500000F01481354601209FE4D7F808A0BAF189
:10516000000F01D115E19A469AF81010DAE90223EE
:10517000884536BF134600220122002BF3D1002AB6
:1051800040F009815246884520D82E4655460020D9
:1051900005F11804FBF7DEFD30462C2115F06EFBFF
:1051A00082E42C2015F07BFB002300F11804054657
:1051B0000376C36183627B6980F81080C0E908448C
:1051C000002BCAD03A69137C4345C6D2DFF800A150
:1051D000524540F0D78001205FE4B84504D0B16962
:1051E0003846013115F04AFB30462C2115F046FBBC
:1051F000DDE5DDF81890D9F80060059B9B68002B71
:1052000000F0EF800B9A4FF40071584603920A9A0F
:105210000292F259019272590092294A32F0CEFD5F
:1052200059463AA8FBF75EFD3AA92648FCF796FCDA
:105230003AA828F028FCFFF79FB90B9B0DF1E80A6C
:10524000214A4FF40071029358460A9B019358F883
:10525000363000933B6832F0B1FD59465046FBF7BB
:1052600041FD51461948FCF779FC504628F00BFCEB
:1052700012E60025FEF706BE2B6AA1469C427FF48B
:1052800037AED9E499F81070474594BF002701273D
:10529000D3E42869814503D0A969013115F0EEFAFC
:1052A00028462C2115F0EAFAFFF711BA8CED050813
:1052B000BCE90508D4E90508B0E90508C8E905080E
:1052C000F8EC05080BF4FFFF48EB050841F4FFFF7D
:1052D00020260024DBF80440114640460D93621C52
:1052E00034F0E5FC42A92A460D9BCBF800100021C2
:1052F00016A87461CBF804108BF808100021B16275
:105300000799FDF793FCDDE916A5002D3FF46CAF7E
:10531000474635E522782A76DCE6BD680DB980E09F
:105320000546297CD5E90220884536BF1046002273
:1053300001220028F4D1C2B92A4688457FF627AF5A
:10534000354606F1180443E7BD680DB967E0154618
:10535000297CD5E90232884536BF1A46002301234D
:10536000002AF4D1002BE7D0FB68AB4252D028468C
:1053700016F0BDFE2A46017C0546DEE72A4606F108
:1053800018043546107C404594BF00200120FFF7EB
:1053900084BBDFF89CA0FB689A4539D0504616F0D4
:1053A000A6FE5246017C8246EDE600220D9059464B
:1053B000089828F047FBDBF800200D9B2861AA61C4
:1053C000AFE6D5F81480A045424628BF224622B158
:1053D0003846296932F0F8FD08B9A4EB0800C00F7F
:1053E000DBE4124B0EE76B69D4F814901A464B4578
:1053F00028BF4A4632B121692869089332F0E4FD9A
:10540000089B08B9A3EB0900C00F7EE63546DFE62E
:105410005246DBE62A4606F118043546D8E6044D26
:10542000A2E7034DA1E7034821F089FE7C39060875
:105430002026002404E905082DE9F04F0446ADF5C7
:10544000137D4FF4C87003F027FD65688DB142F2FB
:105450000146691E23685A5C0D2A0ED826FA02F20C
:10546000D2070AD50122204628F08BFB6568002D63
:10547000EFD10DF5137DBDE8F08FBC4A1278012AFB
:1054800000F0BF801A787B2A00F0BB80012D6CD021
:10549000303A092A69D85A783A2A66D10DF1240897
:1054A00021464046FDF740F8B14AD8E9006AAAEB28
:1054B0000601CB104829039102FB03F304D913F032
:1054C0000102934600F0A980226812AF0CAC0DF1E6
:1054D00038094FF4007100923846A64A32F06EFC4B
:1054E0003846C4F80090FAF75BFF0F28054608908D
:1054F00000F24C81012840F02D813B7823724A460E
:10550000002365604FF400719B48535523689B4A04
:1055100000939B4B32F052FC9748FAF741FF01464B
:1055200095480EF063F82068484503D0A168013122
:1055300015F0A4F9B2450FD006F10804354654F829
:10554000080CA04200F0B880A96818351834013161
:1055500015F094F9AA45F2D1002E8AD0D8F8081097
:105560003046891B15F08AF983E712AF0CAC0DF1B8
:105570003809844A4FF40071384632F01FFC38462F
:10558000C4F800900DF12408FAF70AFF0F28054629
:10559000C8F8000024D801283BD13B7823724A4642
:1055A0000023656074485355A3F609432168734A84
:1055B00000914FF4007132F001FC6F48FAF7F0FEF1
:1055C00001466D480EF012F8206848453FF451AF8F
:1055D000A168013115F052F90DF5137DBDE8F08F8A
:1055E00000224146204628F02DFAD8F800302060ED
:1055F000A3602A46394634F05AFBD8F80050226896
:10560000CEE7294618460DF5137DBDE8F04F0DF0A5
:10561000EDBF0028C3D04846EBE74FF4CD7003F050
:105620003BFC594B039A9A4200F2C780144610463D
:1056300015F035F9B24500EB040312AF0490386061
:105640001390BB6000F0AB8000F11805B1460CACC4
:105650000797CDE90568D8460DE0012E29D13B78A2
:1056600005F8103C09F1180945F8146C183500F8D4
:105670000680CA4526D0A5F11000A5F11802AB4658
:1056800045F8180CD9E900760F2E2660E5D91046AA
:105690002146002228F0D6F9226845F8180C45F872
:1056A000102C3246394634F002FB266855F8180CA7
:1056B000D8E7002ED6D0F4E718351834AA457FF481
:1056C0003EAF49E7079F3846C7F804B0DDE90568F3
:1056D000FEF726F9049B9B450ED01D4603F10804F6
:1056E00054F8080C844230D0A968183518340131B8
:1056F00015F0C4F8AB45F3D106F108043546DDE9F1
:10570000031015F0BBF840F29B1003F0C5FB54F8F2
:10571000080C844214D0A96818351834013115F0EA
:10572000ADF8AA45F3D1002E3FF4A3AED8F8081087
:105730003046891B0DF5137DBDE8F04F15F09EB87E
:1057400018351834AA45E2D1EDE718351834AB45C1
:10575000C6D1D1E700283FF4D2AE48462A463946A2
:1057600034F0A5FA089D2268CAE600BFBC0B0024ED
:10577000ABAAAAAAF4ED0508BC07002484E9050831
:10578000F6F3FFFFD4ED0508F8FFFF7F002208A91C
:10579000204628F057F9089B2060A360DEE7044606
:1057A00078603846FEF7BCF82046039915F066F895
:1057B00040F29B1003F070FBB5E721F0BAFC00BF8C
:1057C0002DE9F84307463020884615F068F807F1C0
:1057D0001005064600F110044FF0000C97F80090F9
:1057E000D7F80CE00FCD0FC495E80F0084E80F0048
:1057F00086F80090C6F80480C6E902CCBEF1000F1E
:1058000004D031467046FFF7DBFFF060BD683DB362
:1058100037464FF00008302015F041F805F1100E22
:10582000044695F80090BEE80F0004F1100CACE8B7
:105830000F009EE80F008CE80F00C4E9028884F88E
:1058400000902146BC606760E86830B1FFF7B8FFA0
:10585000E060AD6825B12746DDE7AD68002DFAD1DF
:105860003046BDE8F88300BF4368032B04D007EE41
:10587000901AB8EEE70A704703681A78432AF6D1FF
:105880005A78462A0DD05A780133462AEFD15B78F0
:105890002D2BECD10029EADD00EE101ABAEEEF0A4A
:1058A00070479A782B2AEED1F4E700BF2DE9F0413A
:1058B0002DED028B88B00546F0EE408A05F004FC21
:1058C000B7EE007ADFED2B6A29462B4804AFC0FE05
:1058D000477AC7FEA67A37EE678A01F0CFF80668E6
:1058E000002E3CD030460297FAF75AFD0F280DF1F2
:1058F00008080446019023D8012836D133783A4667
:105900008DF810300023294603941B48135501F0ED
:10591000B5F8034640465969FFF7A6FFC0EE287A5E
:105920000298B84227EE888A03D00499013114F016
:10593000A5FFB0EE480A08B0BDEC028BBDE8F081CF
:10594000002201A9404628F07DF8019B02900493B3
:105950002246314634F0ABF9DDE90142D2E70DF1E0
:10596000080802973A460024CCE70028FAD03846C7
:10597000EEE700BF00000000EC0B0024002873D00D
:105980002DE9F04F074683B0D7F80C80B8F1000F2F
:1059900060D0D8F80C90B9F1000F52D0D9F80CA013
:1059A000BAF1000F44D0DAF80C40002C37D0D4F80C
:1059B0000CB0BBF1000F2BD0DBF80C60FEB1F5682A
:1059C000B5B1EB686BB1D8680193FFF7D7FF019BC6
:1059D000302118469B68019314F050FF019B002B67
:1059E000F1D12846AD68302114F048FF002DE8D1F0
:1059F0003046B668302114F041FF002EDFD1DBF8CD
:105A000008503021584614F039FF0DB1AB46D3E7AA
:105A10002046A468302114F031FF002CC7D1DAF8F9
:105A200008403021504614F029FF0CB1A246BAE7D5
:105A3000D9F808403021484614F020FF0CB1A146A7
:105A4000ACE7D8F808403021404614F017FF0CB1FD
:105A5000A0469EE73846BF68302114F00FFF002FA4
:105A600092D103B0BDE8F08F704700BF002818BF87
:105A70000629F0B594BF012600262DED028B89B0D2
:105A800051D904AF0F290C460546CDE9011750D86E
:105A900038462246294634F00AF90021DDE9013270
:105AA0000393D1540399A1B1384D029B01390122CE
:105AB00002A85C5CA4F10A0334B1DBB2162B25FA10
:105AC00003F406D8E30704D528F05BF8039900290E
:105AD000EBD1062300222E4902A828F0BBFA30B1F0
:105AE0000623002202A82B4928F0B4FA78B9029CB8
:105AF000002301A906340193204630F061FF01988C
:105B0000B0EE408A844202D003783A2B1AD0029831
:105B1000B84203D00499013114F0B0FE304609B008
:105B2000BDEC028BF0BD0026304609B0BDEC028B07
:105B3000F0BD324601A902A827F084FF019B029024
:105B40000493A6E7441C01A9204630F039FF019BCD
:105B5000F0EE408A9C42DAD01A783A2AD7D15C1CFF
:105B600001A9204630F02CFF019B9C42CFD01B782E
:105B7000002BCCD108490126084A094B81ED008A47
:105B8000C2ED008A83ED000AC1E700BF09004000B2
:105B900020EE050828EE0508C80B0024C40B0024DD
:105BA000C00B00249F4BD3ED007AF5EEC07A2DE9AF
:105BB000F04FF1EE10FA80462DED048B99B040F3D2
:105BC000EE80994BD3F80CA003F1040BDA4500F0FA
:105BD000DD809FED968A13AD0DAF0026DFF8509261
:105BE000CDE900039AF8101014968DF84410DAF8F5
:105BF0001C008DF84C601595CDE91656A0B12946CC
:105C0000FFF7DEFD03461A469B68002BFBD10346D7
:105C100015921A46DB68002BFBD1DAF828309DF884
:105C20004410169214901793484600F027FFD0F8BE
:105C300000800B97B8F1000F00F0A5804046FAF7FE
:105C4000AFFB0F280446059000F28B80012840F03E
:105C5000978098F800308DF834303B460C944846D5
:105C60001E559DF8441000F009FF41690BA8FFF78D
:105C7000FBFD0B9838EE008AB84203D00D99013134
:105C800014F0FCFD149C4CB1E068FFF777FE204651
:105C9000A468302114F0F2FD002CF5D1504616F026
:105CA00022FA584582469DD1B5EEC08ADDE90083CF
:105CB000F1EE10FA6AD9DF685F4567D0DFED5B8AE5
:105CC0000026387C14968DF84400FB698DF84C60F2
:105CD0001595CDE91656A3B118462946FFF770FD74
:105CE00003461A469B68002BFBD1034615921A46C1
:105CF000DB68002BFBD1BB6A14909DF84400169220
:105D00001793B0EE480AFFF7D1FD149C78EE808A15
:105D10004CB1E068FFF732FE2046A468302114F051
:105D2000ADFD002CF5D1384616F0DDF95845074693
:105D3000C7D1F5EEC08AF1EE10FA27D9B0EE480AC5
:105D40004046FFF7B3FD80EE288A364BD3ED007A4C
:105D500028EE278AB0EE480A19B0BDEC048BBDE8E6
:105D6000F08F002205A90BA827F06CFE059A0B9076
:105D70000D922246414633F09AFF059C0B9B6DE73E
:105D800008B13846F5E73B46002467E79FED278AD0
:105D9000B0EE480A19B0BDEC048BBDE8F08F0146A7
:105DA000234800F06BFE066807AC002E00F07F81F0
:105DB00030460594FAF7F4FA0F280546119022D8D8
:105DC000012840F08881337822468DF81C3000236A
:105DD00006955355DDE9050333B1034413F8012C4F
:105DE0002B2A2BD02D2A25D09FED108AA042B1D08E
:105DF0000799013114F042FDB0EE480A19B0BDEC2C
:105E0000048BBDE8F08F05A8002211A927F01AFE27
:105E1000119B059007932A46314633F048FF119DA8
:105E2000059AD4E7C80B00241C26002400000000BB
:105E3000EC0B00242B2A01D02D2AD5D1A84BDE68EB
:105E400003F1040B5E45CFD09FEDA68A13AD0DAFD5
:105E50004FF00009DFF890A2CDE90028CDE9024318
:105E6000317CCDF850908DF84410F0698DF84C904D
:105E70001595CDE9165998B12946FFF7A1FC0346BF
:105E80001A469B68002BFBD1034615921A46DB6825
:105E9000002BFBD1B36A9DF844101692149017930F
:105EA000504600F0EBFDD0F800800B97B8F1000FE2
:105EB00000F00B814046FAF773FA0F28044604906D
:105EC00000F2D180012840F0EC8098F800308DF885
:105ED00034303B460C9403F80490DDE90B03ABB17E
:105EE000034413F8013C2D2B18BF2B2B0ED1009A25
:105EF0009A420BD19DF84410504600F0BFFD416915
:105F00000BA8FFF7B1FC38EE008A0B98B84203D01B
:105F10000D99013114F0B2FC149C4CB1E068FFF70C
:105F20002DFD2046A468302114F0A8FC002CF5D1EA
:105F3000304616F0D8F85845064691D1B5EEC08ADD
:105F4000DDE90028F1EE10FADDE9024340F2BB8002
:105F5000D3F80C90D94500F0B680CDF8008000262B
:105F6000019490463C46DFED5F8A2F4699F8101069
:105F700014968DF84410D9F81C008DF84C601597D4
:105F8000CDE91676A0B13946FFF71AFC03461A464A
:105F90009B68002BFBD1034615921A46DB68002B49
:105FA000FBD1D9F828309DF844101692149017931D
:105FB0004D4800F063FDD0F800A00B94BAF1000F3B
:105FC00000F086805046FAF7EBF90F28054604905A
:105FD00058D8012868D19AF800308DF8343023461B
:105FE0000C955E55DDE90B038BB1034413F8013CBE
:105FF0002D2B18BF2B2B0AD1984508D19DF84400B2
:10600000B0EE480AFFF752FC78EE808A0B98A04267
:1060100003D00D99013114F031FC1498FFF7AEFC58
:10602000484616F060F8584581469FD1F5EEC08A83
:106030004246DDE90084F1EE10FA44D92B2A3AD029
:106040002A4B93ED009AB5EEC09AF1EE10FA3AD9C8
:10605000B0EE480A4046FFF729FC80EE288A0598F2
:1060600028EE098AC2E6002204A90BA827F0EAFC60
:10607000049A0B900D922246414633F018FE049C80
:106080000B9B27E7002204A90BA827F0DBFC049A4E
:106090000B900D922A46514633F009FE049D0B9B4E
:1060A0009EE790B13846E6E790B12046F2E70594C6
:1060B000224600258BE60E4B93ED009AB5EEC09A72
:1060C000F1EE10FAC4D805988EE63B46002401E7AD
:1060D0002346002584E70028EAD020469BE600BF3F
:1060E0001C26002400000000EC0B0024C00B002440
:1060F000C40B002430B4DDE9045415B11144084444
:10610000286024B1DDE902210A441344236030BC35
:10611000704700BF00284CD0002370B582B0044601
:106120000E468DF807300EF0CDFD05460EF0CAFD87
:10613000421B312A1ED901224FF47A73204920468E
:1061400012F0B8FE024690B901228DF807004FF414
:106150007A730DF10701204612F042FF024630B972
:106160009DF80730174D792B2B700DD0012210466A
:1061700002B070BD142301220DF10701204612F078
:106180002FFF0028D2D0D6E78DF807203346012212
:106190000DF10701204612F023FF024660B99DF879
:1061A0000730B3F17A022B7018BF0122104602B0FB
:1061B00070BD0122104670470328D8D0D6E700BF33
:1061C000DA3B060804000024054A0023C2E9003334
:1061D000C2E90233C2E90433C2E90633704700BFA3
:1061E000CC0B0024014B1878704700BF040000243A
:1061F000032998BF0128F0B5059C05468CBF0120F6
:1062000000204ED8002A4BD0002B49D0264E2F011B
:1062100006EB0515F2516B60E4BB551E234805F1F2
:10622000020E15F801CF8CEA0404AEEB020E44F323
:10623000000C73450CEA000C8CEA540C4CF300047F
:1062400004EA000484EA5C0444F3000C0CEA000C49
:106250008CEA540C4CF3000404EA000484EA5C0465
:1062600044F3000C0CEA000C8CEA540C4CF30004D0
:1062700004EA000484EA5C0444F3000C0CEA000C19
:106280008CEA540C4CF3000404EA000484EA5C0435
:10629000C5D8E44301233E441846B4603373717398
:1062A000F0BD0020F0BD00BFCC0B00242083B8ED72
:1062B00001280CD8074900224FEA001C01EB00130B
:1062C000012041F80C20DA60C3E901227047002068
:1062D000704700BFCC0B0024012811D881B10346C0
:1062E000084A012002EB03131A7B10B45C680A70A1
:1062F0009A68C1E901425B7B5DF8044B0B73704700
:1063000000207047CC0B002400283FD0E1B30139B6
:1063100000F1FF3C00221E4B08441CF8011F5140B5
:10632000844541F3000202EA030282EA510242F389
:10633000000101EA030181EA520141F3000202EA8D
:10634000030282EA510242F3000101EA030181EAF9
:10635000520141F3000202EA030282EA510242F3CF
:10636000000101EA030181EA520141F3000202EA5D
:10637000030282EA510242F3000101EA030181EAC9
:106380005202CAD1D04370474FF0FF30704700BF70
:106390002083B8ED0138FF22C0B2F8B50228194BAE
:1063A0001A702BD8184A194B52F8206053F8205015
:1063B00026B3B5FA85F77F0905B330460C4612F0CF
:1063C00069FF4FF400723946284631F027FE40F647
:1063D000AC513046002C18BF2146FFF79BFE3946D2
:1063E00004464FF40072284631F018FE4FF4007254
:1063F0002946304614F01EFA2046F8BD01242046F6
:10640000F8BD00BF04000024CC3B0608C03B0608D2
:106410002DE9F04FFF23994C85B02370431EDBB26A
:10642000022B00F29E80012900F29B80944A02EB2D
:1064300001152D7B002D00F094800E0102EB01115F
:1064400052F80680B8F1000F00F08B80497B88423B
:1064500002D0002940F085808A4951F823708A498A
:1064600051F82390002F7CD0B9FA89F56D09B9F164
:10647000000F76D032443846D2E901A612F00AFF66
:106480004FF400722946484631F0C8FD40F6AC5141
:106490003846FFF73FFE8DF8085083460EF012FC99
:1064A00005460EF00FFC401B31285FD9BBF1000FF1
:1064B00001D0FF232370BAF1000F71D0DEBB0AF1C7
:1064C000FF3508F1FF30714B454410F8011F714052
:1064D000A84241F3000202EA030282EA510242F3B7
:1064E000000101EA030181EA520141F3000202EADC
:1064F000030282EA510242F3000101EA030181EA48
:10650000520141F3000202EA030282EA510242F31D
:10651000000101EA030181EA520141F3000202EAAB
:10652000030282EA510242F3000606EA030686EA03
:106530005206CAD1F6434FF47A73012254493846C1
:1065400012F0B8FC0546D0B14FF400720021484665
:1065500031F064FD4FF400724946384614F06AF990
:1065600000E00125284605B0BDE8F08F1423012284
:1065700002A9384612F034FD002892D096E78DF833
:1065800008004FF47A73012202A9384612F028FD60
:1065900005460028D8D19DF80830792B237001D00A
:1065A0000125D1E702A94FF47A73082238460396F1
:1065B000CDF808A012F07EFC05460028C4D18DF865
:1065C00007004FF47A7301220DF10701384612F0EB
:1065D00007FD05460028B7D19DF80730792B2370B9
:1065E000DED18DF8060041F2883301220DF106015B
:1065F000384612F0F5FC05460028A5D19DF8063076
:10660000522B2370CCD1AAEB05060120B6F5807F72
:1066100028BF4FF480760EF05BFB08EB050141F2DA
:106620008833B2B2384612F045FC06EB050B05463E
:1066300041F2883301220DF107013846002D83D144
:10664000D3458DF807500BD312F0CAFC054600283D
:106650007FF47AAF9DF80730442B2370A0D173E705
:1066600012F0BEFC054600287FF46EAF9DF807309F
:10667000792B237094D15D46C5E700BF0400002448
:10668000CC0B0024CC3B0608C03B06082083B8EDA9
:10669000D93B06080138FF23C0B2F0B50228244ECA
:1066A00083B033702BD8234A234B52F8207053F811
:1066B000205027B3B5FA85F4640905B3384612F0C3
:1066C000E9FD21464FF40072284631F0A7FC4FF453
:1066D0007A7301221949384612F0ECFB044690B156
:1066E0004FF400720021284631F098FC4FF40072FC
:1066F0002946384614F09EF8204603B0F0BD012428
:10670000204603B0F0BD8DF807004FF47A730122E4
:106710000DF10701384612F063FC04460028DFD172
:106720009DF80730B3F17904337018BF0124D7E71F
:1067300004000024CC3B0608C03B0608D83B0608F2
:106740002DE9F04F83B00190002800F00E81019BED
:10675000D3F80C80B8F1000F00F0EF80D8F80C905F
:10676000B9F1000F00F0CF80D9F80CA0BAF1000FFA
:1067700000F0AF80DAF80C40002C00F09080E56863
:10678000002D75D0EE68002E5BD0F768002F3DD04D
:10679000FA6802B3D0680092FFF7D2FF009A10693E
:1067A00002F11801D2F808B088420DD09169013188
:1067B00014F064F8009A2C21104614F05FF8BBF135
:1067C000000F08D05A46E5E72C21104614F056F881
:1067D000BBF1000FF6D1386907F11802D7F808B0FD
:1067E00090420CD0B969013114F048F82C21384698
:1067F00014F044F8BBF1000F08D05F46C8E72C2125
:10680000384614F03BF8BBF1000FF6D1306906F1C1
:106810001803D6F808B098420CD0B169013114F0D1
:106820002DF82C21304614F029F8BBF1000F08D0C8
:106830005E46AAE72C21304614F020F8BBF1000F89
:10684000F6D1286905F11803AE6898420AD0A96903
:10685000013114F013F82C21284614F00FF83EB142
:1068600035468FE72C21284614F008F8002EF7D182
:10687000206904F11803A56898420AD0A169013182
:1068800013F0FCFF2C21204613F0F8FF3DB12C46FD
:1068900075E72C21204613F0F1FF002DF7D1DAF82F
:1068A00010000AF11803DAF8084098420BD0DAF821
:1068B0001810013113F0E2FF2C21504613F0DEFFD7
:1068C0003CB1A24656E72C21504613F0D7FF002CCE
:1068D000F7D1D9F8100009F11803D9F80840984207
:1068E0000BD0D9F81810013113F0C8FF2C214846FD
:1068F00013F0C4FF3CB1A14636E72C21484613F003
:10690000BDFF002CF7D1D8F8100008F11803D8F813
:10691000084098420BD0D8F81810013113F0AEFFA0
:106920002C21404613F0AAFF3CB1A04616E72C21CB
:10693000404613F0A3FF002CF7D1019D286905F113
:106940001803AC6898420AD0A969013113F096FF88
:106950002C21284613F092FF3CB10194F7E628461B
:106960002C2113F08BFF002CF7D103B0BDE8F08F82
:1069700038B50F4B1C6ACCB1E068FFF7E1FE206927
:1069800004F11803A56898420AD0A169013113F0F7
:1069900075FF2C21204613F071FF3DB12C46EBE72B
:1069A0002C21204613F06AFF002DF7D138BD00BF1F
:1069B000080000242DE9F84F45680E464DB3804687
:1069C000274C284F0C2005E0BC4243D054F8140F4C
:1069D000F9F7E6FC8542A146F6D12A462168D8F8A7
:1069E000000031F0F1FA0028EED1D4F804A0D6F876
:1069F00004B05046F9F7D4FC5845E5D1024651465B
:106A000020B1306831F0E0FA0028DDD14846BDE819
:106A1000F88F134C0C20DFF84C8005E0444519D06A
:106A200054F8140FF9F7BCFCA1460028F6D16768AA
:106A300075683846F9F7B4FC8542EFD12A463946E5
:106A4000002DE3D0306831F0BFFA0028E6D1484687
:106A5000BDE8F88F4FF000094846BDE8F88F00BF49
:106A6000DC3B06080CE3060800687047D0E9000329
:106A7000C3EB031300EB8300704700BF38B54368D6
:106A800083B10468C3EB031C0023204603E0634585
:106A900000F13C0006D054F823200F338A42F6D18F
:106AA000043038BD0E4D2C68BFF35B8F14F0010429
:106AB00001D00C4838BD284613F0E2FE0028F8D07B
:106AC000084B094803F11C021C771C62DC62C3E915
:106AD00009222FF0E8F8284613F0DEFEE9E700BFB0
:106AE000F40B00240800002471690208EB4B00221B
:106AF000EB49EC4803F68C4C2DE9F04FEA4E03F1DC
:106B0000200949F27C25DFF8C8B3C3F8846040F25D
:106B1000E646E64F14469E6101269960DE63E44E28
:106B2000E4495D655E640226E34D1F615F6183F8A1
:106B30002020D9605A621F6583F85C201A6698632A
:106B400058671D64C3F87CB0DFF888E3DFF88883FA
:106B5000DFF888A3C3E90A9903F15C09C3E919992D
:106B600003F1D409C3E91217C3E9002B03F58051DF
:106B7000C3E90C22C3E91B229E67D04EC3F888707C
:106B8000C3F88060A1F66876C3F88C70CC4F83F8A8
:106B90009820C3F89C20C3F8B000C3F8C07083F8F5
:106BA000D420C3F8F450C3F8FC7083F81021C3F864
:106BB0001421C3F8B8B0C3E93629C3E93892DFF825
:106BC0002093C3F890904FF00309C3E92866C3F8F7
:106BD000B490B64EDFF80C93C3E93166C3F8BC90AD
:106BE00049F27C264FF00409C3F8CC60C3F8F0905A
:106BF000AE4EDFF8F492C3E93A20C3E92A22C3E992
:106C00004066C3F8F890A1F56F66DFF8E092C3F82C
:106C10003051C3F808914FF00509A44DC3F82C91E9
:106C2000DFF8CC92C3F83871C3F834914DF2B7193C
:106C3000A44FC3F844914FF00609C3F82801C3F8E4
:106C40006891DFF8B09283F84C21C3F85021C3F863
:106C50006401C3F87C5183F88821C3F88C21C3F800
:106C6000A001C3F86CB1C3E94666A1F6B466C3E9F6
:106C70005566A1F67866C3E964668C4EC3E95D7516
:106C8000C3E94822C3E94F55C3E95722C3E9662245
:106C9000C3F870914FF6B1398B4DC3F880914FF026
:106CA0000709C3F8B05183F8C421C3F8C821C3F859
:106CB000DC01C3F8EC5183F80022C3F80422C3F8C6
:106CC0001802C3F82872C3F8E4B1C3F820B2C3E9CC
:106CD0006D6649F27C26C3F8BC61A1F63C66C3E947
:106CE000699BC3E97366DFF81092704EC3F8AC91EC
:106CF0004FF00809C3E97C6649F27C26C3F8E091AD
:106D0000DFF8F891C3F8F861A1F56066C3F8E8917F
:106D10004FF00A09C3E98266644EC3E97522C3E9EC
:106D20008422C3F82C62C3F81C92C3F8306249F283
:106D30007C26DFF8CC91C3F83462A1F6C456C3F8C0
:106D400024924FF00B0983F83C22C3F85892DFF8E5
:106D5000B491C3F84022C3F860924FF00C09C3F815
:106D60005402C3F89492DFF8A091C3F86472C3F898
:106D70009C92DFF8989183F87822C3F87C22C3F8BC
:106D8000900283F8B422C3F8B822C3F85CB2C3F807
:106D900098B2C3E99166454EC3E99A6649F27C26EA
:106DA000C3F87062A1F68856C3E9A0663F4EC3E9F6
:106DB000A966A1F64C56C3E99322C3E9A222C3F8FF
:106DC000BC62C3F8A09244F6E229C3F8C062C3F8DB
:106DD000AC924FF00D09354EC3F8D092DFF83091E8
:106DE000C3F8DC72C3F8D89248F26E29374FC3F863
:106DF000E8924FF00F09C3F8CC02C3F80C93DFF808
:106E0000149183F8F022C3F8F422C3F80803C3F8FE
:106E10001083C3F8207383F82C23C3F83023C3F8FE
:106E20004403C3F8D4B2C3E9B866A1F55166C3E917
:106E3000BE6640F62476C3F82463A1F6D446C3E9BF
:106E4000C65EC3E9B122C3E9C022C3E9CD66C3E986
:106E5000CF22C3F814934FF0100940F62476C3F8FC
:106E60005C7383F86823C3F86063A1F69846C3F89F
:106E70006C23C3F88003C3F8888383F8A423C3F882
:106E8000A823C3F8BC03C3F8C483C3E9D298DFF8CE
:106E90008890C3F850934FF011093FE0F80B00249D
:106EA00030EE050858EE05087CEE050850EE0508A2
:106EB00060EE050840EE050854EA050870EE050886
:106EC00098EE0508D8EE0508F8EE050874EF0508F9
:106ED00050EA05086CEF050844EA050850F005087B
:106EE000C6D901008CEE0508A8EE0508163B010086
:106EF000B8EE0508C8EE0508E8EE050808EF050835
:106F000014EF050824EF05082CEF05083CEF0508F1
:106F10004CEF05085CEF05087CEF0508C3F8849387
:106F2000DFF82094C3F88C93DFF81C94C3F898938F
:106F300040F6CB79C3E9DC66C3F89C93A1F65C46C6
:106F40004FF01209C3E9EB66C3F8C093F64EDFF8C1
:106F5000FC93C3E9D55EC3E9E45EC3E9F36EC3E91C
:106F6000DE22C3E9ED22A1F54266C3F8C893DFF83B
:106F7000E09383F8E023C3F8D4934FF4B269C3F8E5
:106F8000E423C3F8D8934FF01309C3F8F803C3F808
:106F9000FC93DFF8C093C3F80084C3F804944FF067
:106FA0001409C3F80854C3F80CE4C3F8107483F848
:106FB0001C24C3F82024C3F82C24C3F83024C3F8BD
:106FC0003404C3F83C84C3F84454C3F848E4C3F819
:106FD0004C7483F85824C3F85C24C3E9FA6640F67D
:106FE0002476C3F81464A1F6E436C3F82464C3F825
:106FF000286440F62476C3F85064A1F6A836C3E9A5
:10700000FC22C3F86064C3F8646440F62476C3F8D5
:107010003894C3F87884C3F8B4844FF01508C3F8E3
:107020008C6440F2E646C3F87484DFF82C83C3F81E
:10703000C864A1F66C36C3F87C844FF01608C3F818
:107040009C64C3F8A064A1F53366C3F8B084DFF88C
:107050000C83C3F8D864C3F8DC64C3F8B884B34EB7
:10706000DFF8FC82DFF8FC92C3F86824C3F8887468
:10707000A1F6F427C3F86C24C3F87004C3F8805455
:10708000C3F884E483F89424C3F89824C3F8A424B0
:10709000C3F8A824C3F8AC04C3F8BC54C3F8C0E4D4
:1070A00083F8D024C3F8D424C3F8E024C3F8E4243C
:1070B000C3F8E804C3F8F064C3F84094C3F8C48488
:1070C0004FF01908C3F82C65C3F8EC84DFF89882F8
:1070D000C3F86865C3F8F484DFF89082944EC3F86F
:1070E000008540F6AF08C3F83C65C3F804854FF04F
:1070F0001A08C3F8786541F2B306C3F82885DFF8AB
:107100007082C3F84065C3F87C65A1F6B826C3F861
:1071100030854FF01B08C3F8F854C3F8FCE483F83B
:107120000C25C3F81025C3F81475C3F81875C3F8F7
:107130001C25C3F82025C3F82405C3F83455C3F82B
:1071400038E583F84825C3F84C25C3F85065C3F8E3
:107150005465A1F67C26C3F85825C3F85C25C3F80E
:107160006005C3F87055C3F874E5C3F86485DFF8AB
:107170000482C3F88C65C3F86C854FF01E08C3F811
:1071800090653C36C3F8A085DFF8EC81694DC3F803
:10719000A885DFF8E8812F46C3F8C865C3F8AC8539
:1071A000DFF8DC81C3F8CC65C3F8B48540F6385805
:1071B0005D4EC3F8B8854FF01F08C3F8A455C3F857
:1071C000DC85DFF8C081C3F8E865A1F60426C3F8C2
:1071D000E485DFF8B481584DC3F8EC85DFF8AC8165
:1071E00083F88425C3F88825C3F89425C3F8982527
:1071F000C3F89C0583F8C025C3F8C425C3F8D0257F
:10720000C3F8D425C3F8D855C3F8E07583F8FC2536
:10721000C3F80026C3F80466C3F80866A1F6C816CA
:10722000C3F80C26C3F8B0A5C3F8F08540F2076890
:10723000414DC3F8F4854FF48968C3F814563D46B0
:10724000C3F86C864FF02008C3F81C76C3F8188684
:10725000DFF83C81344FC3F82086DFF83881C3F86B
:107260005856C3F82886DFF83081334DC3F82C8692
:1072700040F2B658C3F82476C3F830864FF02108A0
:10728000C3F84066C3F85486DFF81081C3F844663B
:10729000C3F86076A1F68C17284EC3F88C56C3F855
:1072A0005C864FF02208234DC3F8102683F8382659
:1072B000C3F83C26C3F84826C3F84C26C3F850064A
:1072C000C3F864E6C3F8686683F87426C3F87826C2
:1072D000C3F87C76C3F88076C3F88426C3F8882682
:1072E000C3F89456104FC3F89086DFF8B480C3F803
:1072F0009C76C3F898864FF48968114FC3F8A88626
:10730000C3F8A476C3F8E076A1F51567C3F8E48660
:107310004FF02308084DC3F8B876C3F8BC76C3F81D
:10732000C856C3F8CC863DE07CEE050804EC0508A1
:1073300024F00508FCEB05086CF00508C8F005080A
:10734000E0F005088CEF05089CEF0508A4EF0508A0
:10735000B4EF0508BCEF0508DCEF0508ECEF050805
:10736000F8EF0508CCEF050800F0050810F0050857
:1073700018F005082CF0050838F0050840F005085D
:1073800060F0050874F005087CF0050884F0050835
:1073900090F0050898F00508A8F00508B8F0050871
:1073A000D0F00508ED4DEE4FDFF8E483C3F8D0567A
:1073B000C3F8D876A1F61417C3F8D4864FF0240882
:1073C000E84DC3F8F476C3F8F876C3F80457C3F869
:1073D0000887E54DE54FDFF8BC83C3F8A0E683F8E6
:1073E000B026C3F8B426C3F8C026C3F8C426C3F831
:1073F000DCE683F8EC26C3F8F026C3F8FC26C3F8D5
:107400000027C3F81477C3F81857C3F81C5783F83C
:107410002827C3F80CB7C3F8108742F61408C3F83E
:1074200094674FF48966C3F820874FF02508C3F8A6
:107430009867A1F6D806C3F84487C3F83067C3F845
:107440003467A1F69C06DFF85083C3F86C67C3F875
:107450007067C34EC3F84C8744F24018C3F88C677A
:10746000A1F50666C24FC3F85457C3F84877C3F86E
:107470005857C04FC3F8A867C3F8AC67C3F85C8718
:107480004FF02608B54DB64EC3F82C27C3F8382761
:10749000C3F83C27C3F84007C3F8507783F8642744
:1074A000C3F86827C3F87427C3F87827C3F87C07A4
:1074B000C3F88457C3F890E783F8A027C3F8A4273C
:1074C000C3F8B027C3F8B427C3F88087C3F8C867E8
:1074D000A94EC3F8CCE7C3F8D067C3F80C6840F2F4
:1074E000F256C3F808E84FF0270EC3F8D467C3F884
:1074F0001068A1F62406C3F8BCE7C3F8E467C3F834
:10750000E867DFF898E2964EC3F8C4E74FF0280E1C
:10751000C3F80468A1F5FD66924DC3F82068C3F86E
:10752000B857C3F824688D4DC3F8F8E7934EDFF8D9
:1075300070E2C3F8C057C3F8FC57C3F83868894DE8
:10754000C3F800E84FF0290E8D4EDFF8588283F81B
:10755000DC27C3F8E027C3F8EC27C3F8F027C3F80B
:10756000F45783F81828C3F81C28C3F82828C3F850
:107570002C28C3F83058C3F84078C3F88887C3F87C
:1075800034E8C3F84868A1F2AC76DFF81CE2C3F82F
:107590005C68C3F83CE840F6890EC3F86068774E33
:1075A000C3F84CE840F6787EC3F87468754EC3F8AB
:1075B000C4E84FF02A0EC3F88068A1F5EE66C3F860
:1075C00070E8C3F89868C3F89C68DFF8E0E16B4E98
:1075D000C3F878E8C3F8B068DFF8D4E1694EC3F8BF
:1075E00084E840F61B2EC3F8BC68674EC3F86C589D
:1075F000C3F8C068A1F23476644DC3F888E84FF050
:107600002B0E83F85428C3F85828C3F86428C3F80D
:107610006828C3F87C5883F89028C3F89428C3F8E6
:10762000A028C3F8A428C3F8A808C3F8B85883F85A
:10763000CC28C3F8D028C3F844A8C3F8ACE8C3F8F2
:10764000D468C3F8D8684D4EDFF868E1C3F8EC6839
:107650004C4EC3F8B4E840F6787EC3F8F868C3F837
:107660003469494EC3F800E9C3F8FC68C3F83869C7
:10767000A1F5DF66C3F83CE94FF02C0EC3F81069A2
:10768000C3F814693D4EC3F8E8E8C3F82869A1F2CD
:10769000BC66DFF824E1C3F84C69C3F85069C3F84D
:1076A000F0E84FF02D0E364EC3F8DC28C3F8E02882
:1076B000C3F8E408C3F8F45883F80829C3F80C2980
:1076C000C3F81829C3F81C29C3F82009C3F8305996
:1076D00083F84429C3F84829C3F85429C3F8582922
:1076E000C3F85C09C3F824E9C3F8746940F6890655
:1076F000DFF8C8E0C3F87869A1F5D066C3F82CE9D3
:107700004FF02E0EC3F88869C3F88C69144EC3F885
:1077100060E9C3F8A86940F69F36DFF8A4E0C3F833
:10772000B469A1F24466C3F868E94FF02F0EC3F8BC
:107730006C79C3F8C469114FC3F8C869C3F89CE9F0
:10774000084D074EDFF87CE0C3F898593D46C3F872
:107750006479C3F8A079C3F8E46935E0FCEB050867
:107760007CEE05086CF0050850EE050840EE0508B3
:1077700054EA050898EE05083CF1050830EA0508CA
:1077800060F1050884F10508A4F1050874F1050805
:10779000E8F00508F8F0050808F105082CF10508DF
:1077A00044F105081CF1050854F1050868F10508C5
:1077B0008CF1050898F10508B0F10508C0F105083D
:1077C000D0F10508DCF1050841F28D16F14FC3F840
:1077D000A4E94FF0300E83F88029C3F88429C3F858
:1077E0009029C3F89429C3F8B07983F8BC29C3F869
:1077F000C029C3F8CC29C3F8D029C3F8D409C3F8E9
:10780000DC59C3F870A9C3F8ACA9C3F8E8A9C3F858
:10781000D8E9C3F8F069A1F5C166DFF898E3C3F8C9
:10782000006AC3F8046ADC4EC3F8E0E94FF0310E99
:10783000C3F8186AD94EC3F814EAC3F8206A41F2B3
:107840008D16DFF874E3C3F82C6AC3F8686AA1F2F6
:10785000CC56D34DC3F83C6AC3F8406ACE4EC3F849
:107860001CEA4FF0320EC3F8546ACC4EC3F8EC5900
:10787000C3F85C6AA1F5B26683F8F829C3F8FC295D
:10788000C3F8082AC3F80C2AC3F8100AC3F8285A08
:1078900083F8342AC3F8382AC3F8442AC3F8482A9C
:1078A000C3F84C0AC3F8645A83F8702AC3F8742AE0
:1078B000C3F8786AC3F824AAC3F860AAC3F850EAE8
:1078C000DFF8F8E2C3F87C6AA1F25456C3F858EA2C
:1078D0004FF0330EC3F8B46AC3F88CEADFF8E0E285
:1078E000C3F8B86A47F23426C3F894EAAD4DDFF81E
:1078F000D4E2C3F8985AC3F8E06AA1F5A366C3F8C6
:10790000A4EA4FF0340EA84DC3F8F06AC3F8D45A75
:10791000C3F8F46A47F23426A44DC3F8C8EADFF886
:10792000A8E2C3F8802AC3F8842AC3F8880AC3F8F7
:107930009C5AC3F8A05A83F8AC2AC3F8B02AC3F8FB
:10794000BC2AC3F8C02AC3F8C40AC3F8D85AC3F87B
:10795000DC5A83F8E82AC3F8EC2AC3F8F82AC3F8FB
:10796000FC2AC3F8000BC3F890BAC3F8CCBAC3F82A
:10797000D0EA4FF0350EC3F81C6B884EC3F804EB09
:10798000C3F8106BA1F2DC46DFF840E2C3F82C6BC1
:10799000C3F8306B854EC3F80CEB4FF0360EC3F8CE
:1079A000506BC3F8546B49F27C26C3F840EBC3F824
:1079B000586BA1F59466DFF818E2C3F8686BC3F85A
:1079C0006C6B754EC3F8145BC3F8806B734EC3F8D1
:1079D000185BC3F8886B40F69F36754DC3F848EBCB
:1079E0004FF0370E83F8242BC3F8282BC3F8342B21
:1079F000C3F8382BC3F83C0BC3F84C5B83F8602BFF
:107A0000C3F8642BC3F8702BC3F8742BC3F8780B3E
:107A1000C3F8907BC3F808BBC3F844BBC3F88CAB76
:107A2000C3F87CEBC3F8946BA1F26446DFF8A4E1E1
:107A3000C3F8A46BC3F8A86B574EC3F884EB4FF0A0
:107A4000380EC3F8BC6B554EC3F8B8EBC3F8C46B23
:107A500040F69F36DFF880E1C3F8D06BA1F585666C
:107A6000C3F8C0EB4FF0390EC3F8E06BC3F8E46B1A
:107A7000494E83F89C2BC3F8F86B484EC3F8A02BF3
:107A8000C3F8006C40F69F36C3F8AC2BC3F80C6CFF
:107A9000A1F57B76C3F8B02BC3F81C6CC3F8206C3F
:107AA0003D4EC3F8B40BC3F8CC7B83F8D82BC3F896
:107AB000DC2BC3F8E82BC3F8EC2BC3F8F00BC3F8AE
:107AC000087C83F8142CC3F8182CC3F8C8ABC3F88F
:107AD00004ACC3F8F4EBC3F8346C304EC3F894CC68
:107AE000C3F83C6C40F69F36C3F898CC4FF03A0C84
:107AF000C3F8486CA1F56C76C3F8447CC3F8586CA5
:107B0000C3F85C6C41F28D16C3F830CC224FDFF81D
:107B1000CCC0C3F8707CC3F8846CC3F838CC4FF089
:107B20003B0C1E4F1C4EC3F8787CC3F8AC6C49F27A
:107B30007C261B4FC3F86CCCDFF8A4E0DFF8A4C0B0
:107B4000C3F8FCEB9E46C3F8242CC3F8282CC3F8DA
:107B50002C0C83F8502CC3F8542CC3F8602CC3F8B9
:107B6000642CC3F8680CC3F8807C83F88C2CC3F8B1
:107B7000902CC3F89C2CC3F8A02CC3F8A40CC3F819
:107B800040ACC3F87CACC3F874CC4FF03C0CC3F8E9
:107B9000FC6C29E0ECF1050830EA05087CEE0508EC
:107BA00004F2050840EE050874F1050850EE0508DA
:107BB000F8EE0508F4F105080CF205081CF20508BA
:107BC0002CF20508C85201003CF205084CF20508E9
:107BD00058F2050868F2050878F2050898F20508D9
:107BE00088F20508A8F2050841F28D16C3F8A8CC62
:107BF000C3F8C06CA1F54E76C3F8F05CC3F8D06C46
:107C0000C3F8D46CDFF8E4C3E84EE94DC3F8B0CC58
:107C10004FF03D0CC3F8B45C3D46C3F8BC7CC3F8E0
:107C2000F46CC3F8F86CA1F53F76E24FC3F80C6D25
:107C3000C3F8106D40F69F36C3F8247DC3F8E4CC3A
:107C4000DB4FDFF8ACC3C3F82C7DC3F8386DA1F56A
:107C50003076D94FC3F8ECCC4FF03E0C83F8C82CEB
:107C6000C3F8CC2CC3F8D82CC3F8DC2CC3F8E00C38
:107C700083F8042DC3F8082DC3F8142DC3F8182D6C
:107C8000C3F81C0DC3F8347DC3F8E8BCC3F8B8AC26
:107C9000C3F830ADC3F820CDC3F8486DC3F84C6DC0
:107CA000C44EDFF850C3C3F8606DC14EC3F828CD91
:107CB0004FF03F0CC3F8686D40F69F36C3F85CCDBB
:107CC000C3F8746DA1F52176DFF82CC3C3F8846D79
:107CD000C3F8886DB64EC3F8707DC3F8A46D41F249
:107CE0008D16C3F8AC5DC3F8B06DA1F51276AF4D3B
:107CF000C3F864CD4FF0400CAE4F83F8402DC3F86D
:107D0000442DC3F8502DC3F8542DC3F8580D83F8F3
:107D10007C2DC3F8802DC3F88C2DC3F8902DC3F8AB
:107D2000940DC3F89C7D83F8B82DC3F8BC2DC3F81F
:107D3000C06DC3F8C46DA1F50376C3F8C82DC3F8B0
:107D40006CADC3F8A8ADC3F898CDC3F8E45DC3F833
:107D5000E85D9A4DC3F8FC6DC3F81C5E4125C3F87D
:107D6000006EC3F8D45D934E954DC3F8146E40F683
:107D70009F36C3F8DC5D40F2E645C3F8286EA1F5F6
:107D8000E876C3F8EC5D42258A4FC3F8386EC3F835
:107D9000D87DC3F83C6EC3F8105E8A4F854E8A4D7D
:107DA000C3F8E07DC3F8506E41F28D16C3F8185E3B
:107DB0004325DFF848C2804FC3F8A0CD41F28D1CA7
:107DC000C3F8CC2DC3F8D00D83F8F42DC3F8F82DEB
:107DD000C3F8042EC3F8082EC3F80C0EC3F8247E93
:107DE00083F8302EC3F8342EC3F8402EC3F8442E47
:107DF000C3F8480EC3F820AEC3F84C5EC3F8646EF7
:107E0000A1F5CA76714D724FC3F8545EC3F8746E13
:107E1000C3F8786E694D674EC3F8585E3D46C3F8A7
:107E20008C6E41F28D16C3F89C5EC3F8A06EA1F56E
:107E3000AC76C3F8D85E4425C3F8607EC3F8B06E54
:107E4000C3F8B46EC3F8885E5C4F5A4E614DC3F8F8
:107E5000947EC3F8C86E41F28D16C3F8905E452536
:107E6000564F83F86C2EC3F8702EC3F87C2EC3F8DF
:107E7000802EC3F8840E83F8A82EC3F8AC2EC3F866
:107E8000B82EC3F8BC2EC3F8C00EC3F8D07EC3F81A
:107E9000DC6EA1F58E7683F8E42EC3F85CAEC3F8F1
:107EA00098AEC3F8D4AEC3F8C45E4B4DC3F8EC6EC5
:107EB000C3F8CC5E3F4DC3F8F06E40F68906C3F8B8
:107EC000045F464DC3F8186FA1F1E006C3F8385FB0
:107ED000384D3A4FC3F8405F4625C3F8286FC3F8C2
:107EE000005F3F4DC3F82C6F41F28D16C3F8085F59
:107EF0003C4DC3F80C7FC3F8487FC3F8546FA1F121
:107F0000A406334FC3F8145F4725C3F8E82EC3F81F
:107F1000F42EC3F8F82EC3F8FC0E83F8202FC3F814
:107F2000242FC3F8302FC3F8342FC3F8507F83F8C1
:107F30005C2FC3F8602FC3F8646FC3F8686F40F616
:107F40009F36C3F86C2FC3F8702FC3F810AFC3F877
:107F50004CAFC3F83C5F244DC3F8CC6FA1F1680669
:107F6000C3F8445F144DC3F8A06FC3F8C85F114D48
:107F7000C3F8A46FC3F87C5F0D4E104DC3F8C06FFB
:107F8000C3F8845FC3F8FC6FA1F12C06094DC3F858
:107F9000DC6FC3F8B85FC3F8E06F2E46C3F8F45F38
:107FA0004825C3F8740FC3F8785F29E050EE050840
:107FB0007CEE050830EA0508ECF1050814F3050825
:107FC000F8F2050898EE050804F3050824F30508FF
:107FD00004F2050834F3050844F305086CF00508BD
:107FE00054F3050860F1050860F30508B8F20508C8
:107FF000C8F20508D4F20508E0F20508ECF205081D
:10800000DF4DC3F88C7FC3F8805F4925C3F890CF5C
:10801000C3F8B45FDB4D83F8982FC3F8BC5F4A25E3
:10802000C3F89C2FC3F8A82FC3F8AC2FC3F8B00F28
:1080300083F8D42FC3F8D82FC3F8E42FC3F8E82F60
:10804000C3F8EC0FC3F888AFC3F8C4AFC3F8F05F50
:10805000CD4D886201F14C00C3F8F85F01F11003C7
:108060000A744A61C94D0E63C1F808C040F6890C14
:10807000C74EC1F844C041F28D1C8E6381F84C405C
:108080000C654D6781F88840C1F88C40C1F83CA070
:10809000C1F878A0BF4DC1E906334B23CB62BE4B7C
:1080A0004B634C23C1E908228B66BC4ABC4B0A6473
:1080B0000B67BC4ABC4B4A66C1E91500BB48C1E925
:1080C00000A7C1E91744C866CB6740F69F33C1F8E3
:1080D000B85001F1C405C1F8803001F18803C1F83E
:1080E000A80081F8C440C1F8C840C1F8E40081F894
:1080F0000041C1F80441C1F8B4A0C1F8BCC0C1F846
:10810000F0A0C1F8F8C0C1E92433A94B1F46C1F85B
:10811000A0309E4BC1F8DC70C1F8B0309D4BC1F867
:108120001871C1F8F43001F58073C1E942334D2371
:10813000C1F8A4309F4BC1E93355C1F8AC304E2390
:10814000924DC1E92644C1E93544C1F8EC509A4D3D
:10815000C1E94444C1F8E030984BC1F864613E463F
:10816000C1F8E8304F23C1F82001C1F81C31874B1A
:10817000C1F85C01C1F82831864B9148C1F8303113
:10818000864BC1F85471C1F86C3140F689038D4FAC
:10819000C1F8703101F59E7381F83C41C1F840414E
:1081A00081F87841C1F87C41C1F89021C1F898016B
:1081B000C1F8A451C1F834C1C1F82CA1C1F868A11B
:1081C000C1F8A071C1E9513301F5BC73C1E9603355
:1081D0007D4BC1F824315023C1F858317B4BC1F895
:1081E00060315123C1E95344C1E96244C1F894317B
:1081F000774BC1F8CC61C1F89C31764B764EC1F813
:10820000A83101F5DA7381F8B441C1F8B84181F8B9
:10821000F041C1F8F441C1F80822C1F8100281F818
:108220002C42C1F83042C1F8E461C1E96F335223F6
:10823000C1E974304FF4B473C1F8E83101F5F87353
:10824000C1E97E3301F50B73C1F8343240F281632A
:10825000C1F8AC31614BC1F8D8315323C1F80C32AD
:108260005F4BC1F814325F4BC1E97144C1E97775C6
:10827000C1E98044C1E98675C1F820324FF48963B1
:10828000C1F84C02C1F8243201F50B735648C1F80D
:1082900038324FF4B473C1F84422C1F8603201F5AA
:1082A0001A73C1F88022514A81F86842C1F86C42C1
:1082B000C1F89C4281F8A442C1F8A842C1F8BC02AE
:1082C000C1F85C62C1E99C3301F52973C1E9AB33A4
:1082D0005423C1F84832464BC1F850326423C1F8E8
:1082E0008432444BC1E99575C1F88832424D434B05
:1082F000C1F89052C1E98F44C1E99E44C1E9A52269
:10830000C1E9AD44C1F88C326523C1F8CC52522585
:10831000C1F8C0323A4BC1F8D842C1F8C432394B27
:1083200081F8E042C3F800E05D6001F53873C1F800
:10833000E442C1F8F802C1F83403C1F814433248EA
:1083400081F81C43C1F82043C1E9BA3301F54773F2
:10835000C1E9C9336623C1E9B422C1E9BC44C1E91A
:10836000C322C1E9CB44294A294CC1F8FC32294B2C
:10837000C1F8C842C1F80833C1E9C002BDE8F08FB6
:1083800070F3050880F3050890F305087CEE0508F6
:1083900014F30508E0F30508A0F30508ACF305089D
:1083A000B8F305086CF00508C8F3050830EA0508BD
:1083B00058EE0508D0F305086CEF0508E8F305084A
:1083C000FCEB050898EE0508F8F3050808F4050825
:1083D00014F4050820F4050834F4050828F4050809
:1083E0003CF40508E0F005087C39060850EE050865
:1083F00048F4050854F405086CF4050860F4050811
:108400007CF40508EC0B00249CF40508ACF405088A
:1084100088F40508D8EE0508F8B5124E124F746AB4
:10842000CCB1E068FEF78CF9206904F11803A56867
:1084300098420AD0A169013112F020FA2C2120467D
:1084400012F01CFA3DB12C46EBE72C21204612F02D
:1084500015FA002DF7D1B742A6F13C0301D01E4614
:10846000DDE7F8BDF41E0024F80B0024B0F5007F12
:1084700005D0B0F5804F00D0704705F0BBBE014677
:10848000064808B50EF0F6F9A0F10100B0FA80F048
:10849000BDE80840400902F079BE00BF000C025858
:1084A0000D2008B500F00AFDFEE700BF30B59FB013
:1084B0004C2200210AA82FF0B1FD2022002102A8A1
:1084C0002FF0ACFD02200EF02FFA244A0021244B9D
:1084D0000191916941F440419161916901F44041F8
:1084E0000191D96A41F00101D962DB6A03F001030D
:1084F0000193019B93699B04FCD5022300220A206F
:1085000001211793042540240A900AA80D910F9188
:1085100015950E94CDE91332CDE918330C231A9337
:108520003C23CDE91B2216930EF094FA034698B92A
:108530003F220493082329460292032202A80994A9
:108540000392CDE905344FF48063CDE907430EF083
:10855000FDFD08B91FB030BDFFF7A2FF004802586B
:108560000004005800B5ADF5337DA02200210024A1
:1085700012A8CC4D2FF052FDA02200213AA82FF0D6
:108580004DFD4FF4A072002162A82FF047FDC64BAD
:10859000C64AA02112A802262FF010FCC24BC44AE2
:1085A000A0213AA82FF00AFC0CF050FB00F0C6FA0C
:1085B000FFF77CFF109422464FF40051BD48CDE9EF
:1085C0000C44CDE90E44D5F8E03043F00403C5F87F
:1085D000E030D5F8E03003F004030293029BD5F8B5
:1085E000E03043F00103C5F8E030D5F8E03003F0A7
:1085F00001030393039BD5F8E03043F00203C5F871
:10860000E030D5F8E03003F002030493049BD5F882
:10861000E03043F00803C5F8E030D5F8E03003F06F
:1086200008030593059B0EF02BF901230CA9A14823
:108630000F94CDE90D334FF400530C930DF014FF5C
:108640004FF400724FF444130CA99B480E94CDE9EB
:108650000C230DF009FF4FF480424FF488130CA94E
:1086600095480E96CDE90C230DF0FEFE00234FF445
:1086700000420CA990480E964FF08046CDE90C239D
:108680000DF0F2FE2246214617200CF04BFB17207E
:108690000CF084FB2246214628200CF043FB2820C6
:1086A0000CF07CFBD5F8D8302246214643F001037C
:1086B0000B20C5F8D830D5F8D830804D03F0010331
:1086C0000193019B0CF02EFB0B200CF067FBEF23BA
:1086D0002846AC602C610B94C5E90063784BEB60D5
:1086E0008023CDE90C44CDE90E44CDE90944AB61CA
:1086F00010F090F8002840F09D814FF480530CA9B1
:1087000028460C9310F0FCF90346002840F09281B3
:10871000284609A909930B9310F06CFB002840F040
:1087200089816848684B036040F6FF73C0E90233F3
:10873000062343600EF0B6F8002840F07B81634CBE
:108740004FF46126624B0C252061A0626561C4E98B
:108750000200C4E90600C4E908002046C4E9003666
:1087600011F0EEFE0146002840F06481204611F031
:10877000DDFF0146002840F05D81204612F018F828
:10878000002840F05781204611F0B2FF002840F049
:108790005181504C504B2061A0626660656123603E
:1087A000C4E90200C4E90600C4E90800204611F04B
:1087B000C7FE0146002840F03D81204611F0B6FF7B
:1087C000002840F037810021204611F0F1FF0028F9
:1087D00040F03081204611F08BFF002840F02A81C4
:1087E0003E4C3F4B2061A0626561C4E90200C4E9D0
:1087F0000600C4E908002046C4E9003611F0A0FED6
:108800000146002840F01681204611F08FFF0146F6
:10881000002840F00F81204611F0CAFF002840F0E8
:108820000981204611F064FF0346002840F00281D0
:108830002C482D4983600361836145F6BF53C0E92D
:1088400000134FF6FF73C3600FF0E4FF002840F001
:10885000F180264C264B2061A06266606561236032
:10886000C4E90200C4E90600C4E90800204611F08A
:1088700067FE0146002840F0DD80204611F056FFDB
:108880000146002840F0D680204611F091FF0028D4
:1088900040F0D080204611F02BFF002840F0CA8025
:1088A00028E000BF0044025850000024002F0608B2
:1088B000342F060800080258000C02589C2200249D
:1088C0003F0D0300E822002400480058A81F0024A0
:1088D00000480040D82000240010014070210024EE
:1088E000004C0040042200240020004040200024CE
:1088F00000440040504C45F6BF53504A0890A060D9
:10890000A061C4E9002342F20F73CDE906002046BE
:10891000E3600FF07FFF002840F08C80069006A9EE
:108920000890204610F066FA0546002840F0828044
:1089300043480DF0E9FF4FF4A07162A800F094F9EC
:1089400032200BF079FD62A8F7F72AFD014662A8F4
:108950000AF04CFE32200BF06FFD12A8F7F720FD55
:10896000014612A80AF042FE32200BF065FD3AA83B
:10897000F7F716FD01463AA80AF038FE32200BF050
:108980005BFD07F011FC32200BF056FD642000F077
:1089900083FA4FF4C04229462A482FF03FFB4FF498
:1089A0000072294628482FF039FB4FF400722946FF
:1089B00026482FF033FB4FF40072294624482FF04D
:1089C0002DFB4FF4C0421F49224811F033FF4FF4F2
:1089D00000721D49204811F02DFF4FF400721B4911
:1089E0001E4811F027FF4FF4007219491C4811F07E
:1089F00021FF2046124C10F017F801224FF40051CD
:108A000018480DF03DFF6E2000F046FA20460DF0AC
:108A10007BFF0BF0D3FF0BF019FA09F045FF05F0CF
:108A200059FC0AF081FC6F2000F036FA0A200BF0A6
:108A300003FDE8E7FFF734FD502200240014004056
:108A4000E82200247828002478880024788A0024EA
:108A5000788C002470210024A81F002440200024CA
:108A6000D820002400080258BFF34F8F0549064B59
:108A7000CA6802F4E0621343CB60BFF34F8F00BFBC
:108A8000FDE700BF00ED00E00400FA052DE9F04726
:108A90001D4BDFF89CA01D4F8AF80000986A1C4E01
:108AA0003860D86A1B4D3060586B1B4C2860DFF86B
:108AB00084809B6BDFF880902360C8F8002001223F
:108AC000164BC9F800101A700DF026FF144B002247
:108AD00014491A655A659AF800209A65124A126874
:108AE000DA65D9F800201A66D8F800205A663A6884
:108AF0009A663268DA662A681A670C4A20685867EC
:108B000059651A65BDE8F08700ED00E010230024E8
:108B10000C2300240823002404230024F82200242A
:108B200000400058BEB6BBAD182300244149445252
:108B300014230024FC220024002300243C4A2DE9B5
:108B4000F84FD2F8D0403B4B66011C6064D4E5007E
:108B500066D4E00162D4610064D4A20264D46302EA
:108B600064D4C4F3C05234490023344D0A70DFF892
:108B7000E8A0334ADFF8E490DFF8E480314EDFF814
:108B8000E4B0314F2B601360CAF80030C9F80030F0
:108B9000C8F800303360CBF800303B700DF0BCFEFD
:108BA0002A4B2B48DA6D24492A601D6D854216D068
:108BB0000DF0B2FE254B00221D491A655A659A65D3
:108BC000DA651A665A669A66DA661A675A67D1F8DB
:108BD000D03043F48033C1F8D030BDE8F88F5D6DFC
:108BE0001C488542E4D114F0AA4FE1D0986D144A94
:108BF0000870196E11605A6ECBF800209A6ECAF890
:108C00000020DA6EC9F800201A6FC8F8002001228F
:108C10005B6F3A703360CBE70522A4E70422A2E73A
:108C20000622A0E707229EE703229CE702229AE79A
:108C3000004402581C230024142300241823002479
:108C40000023002404230024F822002400400058BC
:108C500041494452BEB6BBAD102300240C2300246E
:108C600008230024FC220024002851D02DE9F041E3
:108C70000D4692B0002948D06D4B04461E6816F48C
:108C8000000340F0C6808DF8283073020AAF7DD40F
:108C9000B0026CD4F10106F0806852D4B8F1000F34
:108CA00040F09380F20006F080483BD4B8F1000F0A
:108CB0007CD19DF82830002B52D05E4B1B78013BB5
:108CC000DBB20C2B2CD85C4A52F823305B4A20468E
:108CD0005B4912780968019202912946CAB1594C40
:108CE00000972468584A0894584C24680794584CB4
:108CF00024680694574C24680594574C24680494BF
:108D0000564C246803942FF059F812B0BDE8F08156
:108D10007047534A00972FF051F812B0BDE8F08128
:108D2000504BD3E73846F7F73BFB1F28C1D04E4BDB
:108D3000002877D0C0F120014C4A38442FF03EF88B
:108D4000B4E73846F7F72CFB1F28ABD0002863D0D8
:108D5000C0F12001464B454A38442FF02FF89DE7DB
:108D6000444B93E803000A908DF82C10A5E7384691
:108D7000F7F716FB1F2837D0002850D0C0F120018C
:108D80003D4B3A4A38442FF019F883E73846F7F755
:108D900007FB1F283FF47CAF002837D0C0F120012B
:108DA000364B324A38442FF009F871E73846F7F766
:108DB000F7FA1F283FF47DAF314B08B3C0F1200113
:108DC0002A4A38442EF0FAFF73E73846F7F7E8FAF4
:108DD0001F283FF467AF2B4B60B1C0F12001234A3D
:108DE00038442EF0EBFF5DE7F3013FF55BAF06F093
:108DF000806853E793E803000A908DF82C1051E740
:108E000093E803000A908DF82C1052E71E4B0A934A
:108E10003EE71E4B0A9338E71D4B0A933EE71D4B76
:108E20000A9337E793E803000A908DF82C103DE78A
:108E30001C2300241423002420E30608F822002425
:108E400018230024042300249C2F06080823002450
:108E50000C23002410230024FC22002400230024DF
:108E600014300608682F0608842F0608702F06089D
:108E7000782F0608942F0608742F06086C2F060812
:108E80008C2F06087C2F060850494E00504F520088
:108E900053465400424F5200064B1A68824207D094
:108EA00010B5044618600DF037FD034BDC6510BDAE
:108EB000704700BF182300240040005808B572B660
:108EC00000221146FFF7E2FDBFF34F8FFFF7CCFD05
:108ED00008B5FFF7F3FF00BF08B548B1D0E9052199
:108EE00072B60820FFF7D2FDBFF34F8FFFF7BCFD2E
:108EF00002460146F4E700BF2DE9F843074630205B
:108F0000884611F0CCFC07F11005064600F110046C
:108F10004FF0000C97F80090D7F80CE00FCD0FC47D
:108F200095E80F0084E80F0086F80090C6F80480EA
:108F3000C6E902CCBEF1000F04D031467046FFF7FF
:108F4000DBFFF060BD683DB337464FF000083020CE
:108F500011F0A5FC05F1100E044695F80090BEE84E
:108F60000F0004F1100CACE80F009EE80F008CE835
:108F70000F00C4E9028884F800902146BC60676055
:108F8000E86830B1FFF7B8FFE060AD6825B127466B
:108F9000DDE7AD68002DFAD13046BDE8F88300BFAB
:108FA0002DE9F8435768164604460D46002F72D047
:108FB0007B685360002B7BD0DA6897424FF0000249
:108FC00078D09A6004F1100207F1100392E80300D0
:108FD00083E8030023787D603B700023C7E90233F8
:108FE000E06820B132463946FFF7DAFFF860A5683D
:108FF000002D39D07468B9464FF0000824B3636877
:109000007360A3B3DA68944233D0C3F8088005F1E3
:10901000100204F1100392E8030083E803002B78A8
:10902000C4E902882370C9F80840C4F80490E868CD
:10903000B8B132462146FFF7B3FFE060AD689DB19D
:10904000A1467468002CDAD1182011F028FC05F133
:10905000100300F11002044693E8030082E80300C5
:10906000DDE7AD68002DEBD13846BDE8F88333600D
:10907000CDE70022DA609A68002AC8D0D36872600F
:1090800023B11A46DB68002BFBD172609368002B7A
:10909000BDD07360BBE7182011F001FC04F1100291
:1090A00000F11003074692E8030083E8030091E70C
:1090B000136087E7DA609A68002A83D0D368726009
:1090C00023B11A46DB68002BFBD172609368002B3A
:1090D0003FF478AF736075E72DE9F0411D4ED6E996
:1090E0000075AF420BD03C46A36A18464BB3216BC8
:1090F0006034C91A11F0C2FBA542F5D17760DFF8E0
:109100006880D8E90076B74210D007F108043D46E0
:1091100054F8080C844218D0A96818351834013165
:1091200011F0ACFBAE42F3D1C8F8047000230A4C36
:109130000A480B490B4A236003700B701370BDE89B
:10914000F0816034A542CFD1D8E718351834AE424B
:10915000DED1E9E7B8250024C42500240D2600242B
:109160000C26002404260024C8250024002873D0DF
:109170002DE9F04F074683B0D7F80C80B8F1000F07
:1091800060D0D8F80C90B9F1000F52D0D9F80CA0EB
:10919000BAF1000F44D0DAF80C40002C37D0D4F8E4
:1091A0000CB0BBF1000F2BD0DBF80C60FEB1F56802
:1091B000B5B1EB686BB1D8680193FFF7D7FF019B9E
:1091C000342118469B68019311F058FB019B002B3A
:1091D000F1D12846AD68342111F050FB002DE8D1C3
:1091E0003046B668342111F049FB002EDFD1DBF8A0
:1091F00008503421584611F041FB0DB1AB46D3E77E
:109200002046A468342111F039FB002CC7D1DAF8CC
:1092100008403421504611F031FB0CB1A246BAE7A8
:10922000D9F808403421484611F028FB0CB1A1467A
:10923000ACE7D8F808403421404611F01FFB0CB1D0
:10924000A0469EE73846BF68342111F017FB002F77
:1092500092D103B0BDE8F08F704700BF2DE9F04711
:109260008468074689460D7800F104080CB93AE095
:109270001C46227CA1689542E36836BF0B46002657
:109280000126002BF4D1EEB9954219D9A04521D180
:109290004FF0010A4D46302011F001FB844600F1E9
:1092A00010060FCD0FC695E80F0086E80F00434665
:1092B00022466146504612F01CFF7B6901337B61F8
:1092C000BDE8F087FB689C42E0D0204612F00FFF1B
:1092D000027CD9E794F810A0AA4594BF4FF0000A89
:1092E0004FF0010AD6E7C36844469845EDD1CFE771
:1092F0002DE9F8438468071D64B30E469146B846CD
:1093000065694A463146A94528BF2A461AB12069EF
:109310002EF05AFE08B9A5EB09000028D4E9023264
:109320001BDBA0461C46002CEAD1474512D0D8F8DA
:1093300014404A46A14528BF22462AB13046D8F8F3
:1093400010102EF041FE08B9A9EB040017EA20071F
:1093500038BF47463846BDE8F8831446002CCFD1C5
:10936000E3E700BF002873D02DE9F04F074683B034
:10937000D7F80C80B8F1000F60D0D8F80C90B9F194
:10938000000F52D0D9F80CA0BAF1000F44D0DAF88F
:109390000C40002C37D0D4F80CB0BBF1000F2BD010
:1093A000DBF80C60FEB1F568B5B1EB686BB1D8685D
:1093B0000193FFF7D7FF019B182118469B68019383
:1093C00011F05CFA019B002BF1D12846AD68182101
:1093D00011F054FA002DE8D13046B668182111F08A
:1093E0004DFA002EDFD1DBF808501821584611F055
:1093F00045FA0DB1AB46D3E72046A468182111F019
:109400003DFA002CC7D1DAF808401821504611F077
:1094100035FA0CB1A246BAE7D9F8084018214846F7
:1094200011F02CFA0CB1A146ACE7D8F8084018218D
:10943000404611F023FA0CB1A0469EE73846BF68BB
:10944000182111F01BFA002F92D103B0BDE8F08F64
:10945000704700BF002873D02DE9F04F074683B056
:10946000D7F80C80B8F1000F60D0D8F80C90B9F1A3
:10947000000F52D0D9F80CA0BAF1000F44D0DAF89E
:109480000C40002C37D0D4F80CB0BBF1000F2BD01F
:10949000DBF80C60FEB1F568B5B1EB686BB1D8686C
:1094A0000193FFF7D7FF019B302118469B6801937A
:1094B00011F0E4F9019B002BF1D12846AD68302171
:1094C00011F0DCF9002DE8D13046B668302111F0FA
:1094D000D5F9002EDFD1DBF808503021584611F0C5
:1094E000CDF90DB1AB46D3E72046A468302111F089
:1094F000C5F9002CC7D1DAF808403021504611F0E8
:10950000BDF90CB1A246BAE7D9F808403021484667
:1095100011F0B4F90CB1A146ACE7D8F808403021FD
:10952000404611F0ABF90CB1A0469EE73846BF6843
:10953000302111F0A3F9002F92D103B0BDE8F08FD4
:10954000704700BF002800F008812DE9F04F044665
:1095500085B0E568002D00F0E980EE68002E00F08F
:10956000D180A046F768002F00F0B780A946FC68BC
:10957000002C00F08680E568A246002D6BD0EC68D8
:10958000002C00F092802346DC68002C46D0019528
:109590009B4635462346E46814B30293E068FFF720
:1095A000D1FF2246A468D6699EB1CDF80C80B8469A
:1095B0002F461546F068FFF74DFF3046B66830215C
:1095C00011F05CF9002EF5D12A463D464746DDF8FC
:1095D0000C802C21104611F051F9002CDED1029B99
:1095E000DE699C688EB1CDF80880A0461C46F06804
:1095F000FFF730FF3046B668302111F03FF9002EFA
:10960000F5D123464446DDF808802C21184611F098
:1096100035F9002CBED12E465B46019DDC69D3F89E
:1096200008B07CB1CDF804809846E068FFF712FFDF
:109630002046A468302111F021F9002CF5D14346D1
:10964000DDF804802C21184611F018F9BBF1000F49
:109650002BD05B4698E7DAF81C50DAF808404DB199
:10966000E868FFF7F7FE2846AD68302111F006F9EB
:10967000002DF5D12C21504611F000F9002C7FF47B
:109680007AAFFC69BD684CB1E068FFF7E3FE2046A5
:10969000A468302111F0F2F8002CF5D12C213846C5
:1096A00011F0ECF8C5B12F4661E7EC69D5F808B0C8
:1096B0004CB1E068FFF7CEFE2046A468302111F0DF
:1096C000DDF8002CF5D12C21284611F0D7F8BBF19C
:1096D000000FC0D05D4652E74D46F769B4684FB100
:1096E000F868FFF7B7FE3846BF68302111F0C6F8BA
:1096F000002FF5D12C21304611F0C0F80CB12646D0
:1097000030E74446EE69AF684EB1F068FFF7A2FE5D
:109710003046B668302111F0B1F8002EF5D12C2179
:10972000284611F0ABF80FB13D4616E7E569A6688B
:109730004DB1E868FFF78EFE2846AD68302111F084
:109740009DF8002DF5D12C21204611F097F80EB18F
:109750003446FEE605B0BDE8F08F70472DE9F047CE
:109760000646144630200F4606F1040911F097F81A
:1097700023680546B94593F800804FF0000380F850
:109780001080C362C0E90533C0E90733C0E909337B
:1097900043D03B7C434523D9D6F80CA0BA452FD003
:1097A000384612F0A4FC037C434564D3B4680CB97A
:1097B00089E00C46227CD4E9021390452ABF194661
:1097C000012300230029F4D1002B77D1A246904534
:1097D00048D82846302111F051F82046BDE8F087DE
:1097E0003C46F6D2D6F810A0BA453BD0384612F027
:1097F0007AFC037C8246434542D9FB68002B60D04B
:1098000001204B46524629462C4612F072FC7369E1
:10981000204601337361BDE8F08773692BB1D6F838
:1098200010A09AF8103043451CD3B4685CB93C468C
:10983000F368A3424CD02046A24612F058FC017CAB
:1098400004460DE01446217CD4E9022088452ABF55
:10985000024601230023002AF4D1002BE8D1A246BE
:109860008845B6D9D145CBD09AF81000404594BF71
:1098700000200120C5E7C36863B3BA460120C0E7F2
:10988000B4682CB9F36899451FD04C460FE01C46CC
:10989000227CD4E9023190452ABF0B4601210021E8
:1098A000002BF4D1002991D0F3689C4210D02046BF
:1098B000A24612F01CFC027C044688E7A245F6D1C1
:1098C000D0E7BA46D0E7D145DFD1CA46012098E7B4
:1098D000A246C7E78246C5E72DE9F0478046144611
:1098E0002C200E4608F1040910F0D9FF002322684D
:1098F000B145054617780376C361836200F118030A
:109900000774C0E9083346D0337CBB4224D9D8F869
:109910000CA0B24530D0304612F0E9FB037CBB42CC
:109920006AD3D8F808400CB991E00C46227CD4E9FF
:10993000021397422ABF1946012300230029F4D1BC
:10994000002B7FD1A24697424DD828462C2110F0FB
:1099500095FF2046BDE8F0873446F6D2D8F810A02F
:10996000B24540D0304612F0BEFB037C8246BB427B
:1099700047D9F368002B68D001204B465246294650
:109980002C4612F0B6FBD8F8143020460133C8F844
:109990001430BDE8F087D8F814302BB1D8F810A0F7
:1099A0009AF81030BB421ED3D8F8084064B9344648
:1099B000D8F80C30A3424FD02046A24612F097FBB5
:1099C000017C04460DE01446217CD4E902208F423C
:1099D0002ABF024601230023002AF4D1002BE7D13D
:1099E000A2468F42B1D9D145C6D09AF81000B842EC
:1099F00094BF00200120C0E7C3687BB3B2460120BA
:109A0000BBE7D8F8084034B9D8F80C30994520D0D5
:109A10004C4610E01C46227CD4E9023197422ABF12
:109A20000B4601210021002BF4D100298AD0D8F85F
:109A30000C309C4210D02046A24612F058FB027C0B
:109A4000044680E7A245F6D1CDE7B246CDE7D14541
:109A5000DED1CA46012090E7A246C4E78246C2E7AB
:109A60002DE9F04F054687B0B9480926294602ACD2
:109A7000FDF704F8B74B07464FF00008009493E851
:109A8000070003C407F11800227002A932460196AC
:109A90000A278DF81180FFF72BFC29460646AC48B3
:109AA000FCF7ECFFAC4A844602AB07CA009303C341
:109AB000228002A93A460CF1180001978DF8128015
:109AC000FFF716FC29460746A148FCF7D7FF1C30D4
:109AD000864277D029469E48FCF7D0FF1C3087424B
:109AE00070D0DFF88082D8F80840002C00F0D480D5
:109AF00008F104094846237CAB42D4E9021206D29D
:109B00004AB11446237CAB42D4E90212F8D319B10E
:109B100020460C46EFE704464C4500F0BD80237C10
:109B2000AB4252D8237DD6ED0A6A002B00F0888024
:109B3000D4ED067A9FED896A94ED077A77EE865A1E
:109B4000F4EEE65AF1EE10FA70D5012384F83030C5
:109B500077EEE67A9FED816AF0EEE77AF4EEC67A68
:109B6000F1EE10FA03DBC4ED066AD6ED0A6A94ED55
:109B7000086AD4ED097AC6FE666AC4ED086AD6EDB5
:109B80000A6ADFED765AC7FEA67AC4ED097AD7EDE8
:109B90000A6AD4ED0B7A37EE667AB0EEC77AB4EE85
:109BA000E57A94ED0A7A87FE667A84ED0A7AF1EE18
:109BB00010FAA8BFC4ED076A97ED0A7AC7FE877A44
:109BC000C4ED0B7A07B0BDE8F08F342010F067FECB
:109BD000202205748246002114302EF01FFA237CC7
:109BE000AB423ED9D8F80CB0A34500F08D8020469A
:109BF00012F07DFA037C0246AB42C0F08280D8F8B6
:109C000008400CB991E01C46217CD4E90223A9420A
:109C10008ABF134600220122002BF4D1002A40F013
:109C200085802246A9425CD2544666E037EE066A39
:109C3000D7ED0A5AF4EEC65AF1EE10FA88DD84E741
:109C4000C4ED066A0122B96A2275E161B26A226234
:109C50006262BA6A84F83030A262E26207B0BDE89C
:109C6000F08F3ED2D8F81030A34268D0204612F0D0
:109C70003AFA037C0246AB4276D9E368002B5ED009
:109C800054460120364B214612F033FAD8F81430EE
:109C90000133C8F8143045E7342010F000FE2022CC
:109CA00005740446002114302EF0B8F9D8F81430A9
:109CB000E3B9D8F80890B9F1000F01D128E099462E
:109CC00099F81010D9E90223A9428ABF134600224D
:109CD0000122002BF3D1EAB94A468D420BD8A246A5
:109CE0004C463421504610F0C9FD1BE7D8F810202F
:109CF000137CAB42DDD2DFF868904A4521D10120C8
:109D0000C0E7C368002B8FD0224601205446B9E734
:109D1000DFF84C90D8F80C30994542D0484612F004
:109D2000E6F94A46017C8146D7E70D4C5C453CD0BC
:109D3000204612F0DCF92246017C044672E72246F6
:109D40005446107CA84294BF002001209AE700BF2F
:109D5000EC0B0024BCE90508C8E9050817B7D138A1
:109D6000A4250024A0250024D8F808400CB922E03E
:109D70001C46217CD4E90223A9428ABF1346002253
:109D80000122002BF4D1002A3FF44BAFD8F80C305D
:109D90009C420DD0204612F0AAF92246017C0446CE
:109DA00040E74A46DFF81490A7E754465A46A4E72E
:109DB00022465446A1E7014CE8E700BFA425002451
:109DC0002DE9F04F2DED028BADF5137DB7EE006B55
:109DD00005469046DDF878921E46A09F99ED007BDF
:109DE000B4EEC67BF1EE10FA00F1CF859FED888BC3
:109DF00005F1080B0B46884A402182A82DF0DEFFB2
:109E000082A8C5F800B0F6F7CBFA0F280446769082
:109E100000F2EC85012840F0E1849DF808322B72B5
:109E20004FF0000A4FF4C07128466C600BF804A094
:109E300023F022FF794B8DF838A00DF1300A93E81A
:109E400003000823CDF828A08AE803000B93B8F19B
:109E5000000F00F080864046F6F7A2FA704B0246EB
:109E6000984200F2C48641460AA824F031F806ABB5
:109E700080460446049358F8083B434500F07B862F
:109E8000049383680693C4F8008063680A98059376
:109E9000002350456360237203D00C99013110F008
:109EA000EDFC0DF1480A01212223DDF81080CDF8E8
:109EB00040A01191ADF84830B8F1000F00F0508685
:109EC00098F80040002C00F04B860396AB460E46F7
:109ED00039E06FF040439B1B032B40F2888604223D
:109EE000504910A823F0F4FF98F800304E4A1B099F
:109EF000D55CDDE91036534506F1010414BF129A12
:109F00000F22944200F296849D550022109B1194DA
:109F10001A5598F80030444A03F00F03D55CDDE988
:109F20001036534506F1010400F07584129A9442EC
:109F300000F275849D550022109B11941A5518F853
:109F4000014F119ED4B1222C00F04C845C2C00F007
:109F500049841F2CBDD9109B751C534514BF129A00
:109F60000F22954200F271849C550022109B11959E
:109F70005A5518F8014F119E002CE4D1109B314620
:109F80005D46039E534501F1010414BF129A0F224E
:109F9000944209D9012310A80391009300231A4683
:109FA00023F032FE109B039922225A540022109B68
:109FB00011941A556FF040436A689B1ADDE910123C
:109FC0009A4200F21486284623F082FF10985045EA
:109FD00003D01299013110F051FC0DF160080121FC
:109FE0002223CDF858801791ADF86030002E00F094
:109FF000BB853478002C00F0B785A0974FF05C0B40
:10A00000DFF824A00F46039548E000BFAFF30080BF
:10A0100000000000000000006830060894300608C8
:10A02000F7FFFF3FB830060854E306086FF04043DF
:10A03000DB1B032B40F2DB850422B54916A823F075
:10A0400047FF33781B091AF80350DDE916374345FB
:10A0500007F1010414BF189A0F22944200F22584DC
:10A06000DD550022169B17941A55337803F00F0321
:10A070001AF80350DDE91637434507F1010400F0F3
:10A080000584189A944200F20584DD550022169B3F
:10A0900017941A5516F8014F179FD4B1222C00F0CF
:10A0A000DF835C2C00F0DC831F2CBFD9169B7D1C4A
:10A0B000434514BF189A0F22954200F20184DC55E3
:10A0C0000022169B17955A5516F8014F179F002C22
:10A0D000E4D1169B3946039D434501F10104A09F3D
:10A0E00014BF189A0F22944200F2EC84222216A880
:10A0F0001CAE0DF1780A5A540022169B1794114693
:10A100001A5509230093834B23F094FE8346C6F827
:10A1100000A004465BF8083B9B4500F0F6843360E2
:10A12000A368B36000236268C4F800B02372636060
:10A130006FF04043696872605B1A31689A4200F2BE
:10A140005685284623F0C4FE3068504503D0B168D8
:10A15000013110F093FB1698404503D01899013156
:10A1600010F08CFB04236C4A302176A80DF1900886
:10A17000D9E902ABCDE900AB2DF020FE76A8CDF8F1
:10A180008880F6F70DF90F280446709000F28A8453
:10A19000012840F026849DF8D8318DF89030434650
:10A1A0000022239422A80DF1A80A1A550F23114664
:10A1B00000935A4B23F03EFE0646CDF8A0A004467D
:10A1C00056F8083BB34200F0E684289383682A934C
:10A1D000002362682660237263606FF04043696801
:10A1E00029925B1A28999A4200F20185284623F0A9
:10A1F0006FFE2898504503D02A99013110F03EFB9C
:10A200002298404503D02499013110F037FB0423F4
:10A21000414A302176A80DF1C008D9E900ABCDE95B
:10A2200000AB2DF0CBFD76A8CDF8B880F6F7B8F8E6
:10A230000F280446709000F22584012840F0CC835A
:10A240009DF8D8318DF8C030434600222F942EA8B7
:10A250000DF1D80A1A550D2311460093304B23F007
:10A26000E9FD0646CDF8D0A0044656F8083BB342B7
:10A2700000F08984349383683693002362682660F3
:10A28000237263606FF04043696835925B1A3499BA
:10A290009A4200F2AC84284623F01AFE34985045C6
:10A2A00003D03699013110F0E9FA2E98404503D0D9
:10A2B0003099013110F0E2FA0423174A302176A8D0
:10A2C0000DF1F008D9E904ABCDE900AB2DF076FD36
:10A2D00076A8CDF8E880F6F763F80F28044670906A
:10A2E00000F2B583012840F072839DF8D8318DF8D3
:10A2F000F030434600223B943AA80DF5847A1A5573
:10A30000122311460093074B23F094FD06460BE001
:10A31000B8300608C0300608CC300608D43006082D
:10A32000E4300608F4300608CDF800A1044656F8DB
:10A33000083BB34200F03E8440938368429300237D
:10A3400062682660237263606FF0404369684192DF
:10A350005B1A40999A4200F24A84284623F0B8FDDD
:10A360004098504503D04299013110F087FA3A984D
:10A37000404503D03C99013110F080FAB3EE046BF4
:10A380000223BE4A302176A80DF5907899ED027B24
:10A3900027EE067B8DED007B2DF010FD76A8CDF825
:10A3A0001881F5F7FDFF0F280446709000F24083F6
:10A3B000012840F007839DF8D8318DF820314346BD
:10A3C0000022479446A80DF59C7A1A550E23114693
:10A3D0000093AB4B23F02EFD0646CDF830A104468A
:10A3E00056F8083BB34200F0DE834C9383684E93EB
:10A3F000002362682660237263606FF040436968DF
:10A400004D925B1A4C999A4200F2F183284623F050
:10A410005FFD4C98504503D04E99013110F02EFA53
:10A420004698404503D04899013110F027FAB3EE21
:10A43000046B0223914A302176A80DF5A87899ED96
:10A44000007B27EE067B8DED007B2DF0B7FC76A818
:10A45000CDF84881F5F7A4FF0F280446709000F26C
:10A46000D882012840F0A9829DF8D8318DF850316A
:10A4700043460022539452A80DF5B47A1A550C2382
:10A48000114600937F4B23F0D5FC0646CDF860A122
:10A49000044656F8083BB34200F0A2835893836801
:10A4A0005A93002362682660237263606FF0404312
:10A4B000696859925B1A58999A4200F29883284623
:10A4C00023F006FD5898504503D05A99013110F0F9
:10A4D000D5F95298404503D05499013110F0CEF986
:10A4E000B3EE046B0223654A302176A80DF5C078DF
:10A4F00099ED047B27EE067B8DED007B2DF05EFC55
:10A5000076A8CDF87881F5F74BFF0F2804467090B8
:10A5100000F20383012840F04B829DF8D8318DF87A
:10A520008031434600225F945EA80DF5CC791A5520
:10A530000F2311460093544B23F07CFC0646CDF8C4
:10A540009091044656F8083BB34200F0428364936E
:10A5500083686693002362682660237263606FF0ED
:10A560004043696865925B1A64999A4200F23F839E
:10A57000284623F0ADFC6498484503D06699013124
:10A5800010F07CF95E98404503D06099013110F0DD
:10A5900075F90223394A302176A80DF5D8788DED6A
:10A5A000008B2DF00BFC76A8CDF8A881F5F7F8FE0E
:10A5B0000F280446709000F2BF82012840F0F3811A
:10A5C0009DF8D8318DF8B031434600226B946AA8CB
:10A5D0000DF5E4791A550A23114600932B4B23F00D
:10A5E00029FC0646CDF8C091044656F8083BB34214
:10A5F00000F0E8827093836872936368719300231C
:10A600002660237263606FF040436A689B1ADDE93D
:10A6100070129A4200F2EB82284623F059FC70989F
:10A62000484503D07299013110F028F96A984045E5
:10A6300003D06C99013110F021F99F9B4021144AFD
:10A6400082A82DF0BBFB82A8F5F7AAFE6FF040436D
:10A65000696802465B1A984200F2C98282A92846BC
:10A6600023F036FC78AE0121222376967791ADF85F
:10A67000E031002F00F07C820CE000BFCC300608F7
:10A68000083106081831060828310608383106084E
:10A69000443106083C78002C00F06A824FF05C0BD5
:10A6A000DFF8D8A3DFF8D893A84635E06FF0404331
:10A6B0005B1A032B40F29B820422514676A823F0BA
:10A6C00007FC3B7877991B094C1C19F80350769BC3
:10A6D000B34214BF789A0F22944200F22C815D5449
:10A6E0000022769B77941A553B78779903F00F03F5
:10A6F0004C1C19F80350769BB34200F00281789A03
:10A70000944200F202815D540022769B77941A55A0
:10A7100017F8014F7799D4B1222C00F0DC805C2C23
:10A7200000F0D9801F2CC1D9769B4D1CB34214BFB9
:10A73000789A0F22954200F2F3805C540022769BB7
:10A7400077955A5517F8014F7799002CE4D1769BED
:10A750004C1C4546B34214BF789A0F22944209D943
:10A76000012376A80391009300231A4623F04CFAA4
:10A77000769B039922225A540022769B77941A558D
:10A780006FF040436A6876999B1A779A9A4200F272
:10A790002E82284623F09CFB7698B04203D078990D
:10A7A000013110F06BF86FF040436A689B1A012B7F
:10A7B00040F21D820222B049284623F089FB04980A
:10A7C00006AB984203D00699013110F057F828469D
:10A7D0000DF5137DBDEC028BBDE8F08F00283FF432
:10A7E0001FAB0CE1109B741C534514BF129A0F222F
:10A7F000944200F2AB804FF05C029A550022109B0D
:10A8000011941A5598F80050DDE91036534506F1B9
:10A8100001047FF48BAB0F2294427FF68BAB0123B4
:10A82000314610A8009300231A4623F0EDF9109B3F
:10A83000FFF780BB0123314610A8009300231A467E
:10A8400023F0E2F9109BFFF75FBB0123314610A80C
:10A85000009300231A4623F0D7F9109BFFF784BB1F
:10A86000169B7C1C434514BF189A0F22944277D83C
:10A8700003F807B00022169B17941A553578DDE9C6
:10A880001637434507F101047FF4FBAB0F229442D6
:10A890007FF6FBAB0123394616A8009300231A4626
:10A8A00023F0B2F9169BFFF7F0BB0123394616A837
:10A8B000009300231A4623F0A7F9169BFFF7D0BB9D
:10A8C0000123394616A8009300231A4623F09CF969
:10A8D000169BFFF7F4BB769B4C1CB34214BF789ACF
:10A8E0000F22944246D803F801B00022769B779459
:10A8F0001A553D78DDE97631B34201F101047FF468
:10A90000FEAE0F2294427FF6FEAE012376A803919D
:10A91000009300231A4623F077F9769B0399F2E619
:10A92000012376A80391009300231A4623F06CF9C3
:10A93000769B039901E7012376A8039100930023F6
:10A940001A4623F061F9769B0399C8E60123314644
:10A9500010A8009300231A4623F056F9109B4AE7EB
:10A960000123394616A8009300231A4623F04CF918
:10A97000169B7DE7012376A80391009300231A46D6
:10A9800023F042F9769B0399ADE799ED024B36EE41
:10A99000476B9FED375B37EE447B27EE057B87EEF9
:10A9A000068BFFF725BA00283FF40EAE4046CBE0F9
:10A9B00000283FF4B6AD4046B7E000283FF458AD5C
:10A9C00040462EE000283FF4FAAC404638E000282C
:10A9D0003FF48FAC404642E000283FF435AC40469F
:10A9E00058E000283FF4DBAB404663E0002276A944
:10A9F000284623F027F8769B83462860AB602246E2
:10AA0000584682A92FF053F9769CD5F800B0FFF78D
:10AA100007BA002270A952A823F014F8709B529034
:10AA20005493224676A92FF042F9709C529B20E560
:10AA3000002270A946A823F005F8709B4690489321
:10AA4000224676A92FF033F9709C469BB8E4002289
:10AA500070A93AA822F0F6FF709B3A903C932246E8
:10AA600076A92FF024F9709C3A9B43E4AFF3008061
:10AA70000000000000005940BC3B0608B830060842
:10AA800054E30608002270A92EA822F0DBFF709B79
:10AA90002E903093224676A92FF009F9709C2E9BB8
:10AAA000FFF7D3BB002270A922A822F0CBFF709B36
:10AAB00022902493224676A92FF0F9F8709C229BCD
:10AAC000FFF76EBB012316A803911CAE0093002371
:10AAD0000DF1780A1A4623F097F8169B0399222263
:10AAE00016A85A540022169B179411461A5509238A
:10AAF0000093404B23F09EF98346C6F800A004461D
:10AB00005BF8083B5B457FF40AAB626859465046E8
:10AB100001322FF0CCF8FFF705BB002270A95EA828
:10AB200022F090FF709B5E906093224676A92FF0F2
:10AB3000BEF8709C5E9BF5E4002270A96AA822F022
:10AB400081FF709B6A906C93224676A92FF0AFF834
:10AB5000709C6A9B39E54246DFF8A080FFF783B915
:10AB600002245346FFF720BA02244346FFF7BEBA39
:10AB700002243346FEE54268414606A801322FF022
:10AB800096F8FFF780B942683146504601322FF0FF
:10AB90008EF8FFF772BB42683146504601322FF003
:10ABA00086F8FFF715BB42683146504601322FF058
:10ABB0007EF81DE442683146504601322FF077F8A6
:10ABC000FFF7BDBB42683146484601322FF06FF8AF
:10ABD00013E542683146484601322FF068F8B9E47F
:10ABE00042683146504601322FF061F859E402487C
:10ABF0001CF0A8FAC0300608A03006087C39060808
:10AC00002DE9F04F554C564E21686368554D5B1A3F
:10AC10003268DB1005FB03F393422DED028B8BB002
:10AC200061D8514B1B78002B00F08D804F4FDFF81F
:10AC30004CA1D7E900639AF800409B1B5B1105FB10
:10AC400003F39C427FD24A4B04EB440493F800B0D8
:10AC50004FEA441806EB4414BBF1000F00F090805B
:10AC6000A06C16F80810D4E9012310340290A06AF1
:10AC70000094019004A8FFF7A3F8049C059E00220D
:10AC80004FF400513B480BF0FBFD3146204608F0E5
:10AC9000E3FC01224FF4005136480BF0F1FD344B38
:10ACA00000219AF8002019700132D7E90003D2B2CE
:10ACB0001B1A8AF800205B1105FB03F39A42C0F0CF
:10ACC000BC81FEF709FA2C480DF000FF049806AB92
:10ACD000984203D0069901310FF0D0FD0BB0BDECC6
:10ACE000028BBDE8F08F02EB420301322148326053
:10ACF00001EBC30251F833704FF40051D2F80480D5
:10AD000000220BF0BDFD3846414608F0A5FC0122AB
:10AD10004FF4005117480BF0B3FD3268D4E900132B
:10AD20005B1ADB1005FB03F3934200F274810F4AB8
:10AD30001248D2E9001302785B1A5B1105FB03F39A
:10AD40009A42C0F06881FEF7C7F90B480BB0BDEC22
:10AD5000028BBDE8F04F0DF0B9BE00BFC82500243E
:10AD6000C4250024ABAAAAAA04260024B8250024DE
:10AD70000C260024000802589C2200240D260024E2
:10AD8000DFF8D89259464FF4007248462DF046F944
:10AD900059468022AC482DF041F916F80820636826
:10ADA0004846AA492DF040F8D4E90A6B5E4520D008
:10ADB000327806F1100573680836A549A2482DF0CF
:10ADC00033F8A14948462DF031F9B34511D0DFF8E9
:10ADD000788255F8043C404615F8082C9D492DF022
:10ADE00023F8414648462DF021F95D4505F1080557
:10ADF000EFD1D4ED0F7AB3EE048A9749B7EEE77A34
:10AE0000914853EC172B2DF00FF88F4993482DF0F4
:10AE10000DF9D4ED0F7A924967EE887A8A48B7EE39
:10AE2000E77A53EC172B2CF0FFFF87498B482DF066
:10AE3000FDF8D4ED107A8B49B7EEE77A824853ECEF
:10AE4000172B2CF0F1FF804984482DF0EFF8D4ED5A
:10AE5000107A854967EE887A7B48B7EEE77A53EC3B
:10AE6000172B2CF0E1FF78497C482DF0DFF8D4ED6A
:10AE7000117A7E49B7EEE77A734853EC172B2CF022
:10AE8000D3FF714975482DF0D1F8D4ED117A784986
:10AE900067EE887A6C48B7EEE77A53EC172B2CF004
:10AEA000C3FF69496D482DF0C1F8A26C714966482D
:10AEB0002CF0BAFF644969482DF0B8F8D4ED137A44
:10AEC0006D49B7EEE77A604853EC172B2CF0ACFFD6
:10AED0005D4962482DF0AAF8D4ED147A6749B7EEBF
:10AEE000E77A594853EC172B2CF09EFF56495B48E4
:10AEF0002DF09CF8D4ED157A6149B7EEE77A524807
:10AF000053EC172B2CF090FF4F4954482DF08EF83E
:10AF1000D4ED167A5B49B7EEE77A4B4853EC172B22
:10AF20002CF082FF48494D482DF080F8A26B56491D
:10AF300045482CF079FF444948482DF077F8626B7A
:10AF4000524941482CF070FF3F4944482DF06EF8BB
:10AF50004F4B50491A683C482CF066FF3A493F482D
:10AF60002DF064F8D4ED177A4B49B7EEE77A3648FE
:10AF700053EC172B2CF058FF3848F5F711FA3249EB
:10AF800048442DF0EFF8454B0546002218884FF451
:10AF900000519B782880AB7041480BF071FCA5EB09
:10AFA00009012E48023108F057FB01224FF40051ED
:10AFB0003B480BF065FCA468ECB13A492046F5F734
:10AFC0008FF998B338492046F5F78AF970B33749B5
:10AFD0002046F5F785F948B335492046F5F780F95D
:10AFE00020B334492046F5F77BF9F8B132492046C1
:10AFF000F5F776F9D0B19AF8002030490132D7E957
:10B000000003D2B21B1A8AF800205B1101FB03F384
:10B010009A42BFF498AE2A48002203685A620BB0E5
:10B02000BDEC028BBDE8F04F0DF0FEBC24480121C1
:10B03000244C002203682170F0E72148036859621C
:10B040000DF0F2FC42E600BF202300246831060820
:10B05000D0320608DC320608AC310608A0230024F2
:10B06000C4310608D8310608EC310608003206085B
:10B0700014320608283206083C3206085032060808
:10B08000643206087832060890320608A4320608B0
:10B0900008260024B4320608C0320608BC3B060865
:10B0A0000008025850EA050854EA050830EA050885
:10B0B00044EA0508FCEB050804EC0508ABAAAAAABB
:10B0C0009C2200240C2600242DE9F0472A4DAB6871
:10B0D0002DED028B002B49D004352E461A7C82427E
:10B0E000D3E9024106D249B10B461A7C8242D3E928
:10B0F0000241F8D31CB11E462346EFE73346AB426C
:10B1000034D01A7C824231D8186A03F11804A04264
:10B110002CD04FF0000847464546C246C369027C22
:10B120005E194AF100090B2A3546CA4604D113EBD1
:10B130000803984647F1000710F0D7FF8442EDD18D
:10B1400056EA090312D039464046F5F7B5FB0346E7
:10B150004946304608EE103AF5F7AEFB07EE900A86
:10B1600088EE270ABDEC028BBDE8F087BDEC028BB0
:10B170009FED020ABDE8F0871C26002400000000B5
:10B18000014B1868704700BF1426002402490122B1
:10B19000024B08701A7070470E2600240F260024F8
:10B1A000FEF75EBC2DE9F047002841D00646234853
:10B1B000FBF75AFC04462148FBF758FC844207463B
:10B1C00036D01F4B4FF0000ADFF87880986803F103
:10B1D000040902E03C34A74223D06368002B08BF77
:10B1E00043469E42F6D194F800C00028F2D00346B0
:10B1F000CE461A7C6245D3E9025115D39E462B46B2
:10B20000002BF6D1CE45E5D09EF810306345E1D84D
:10B210009EF83030002BDDD03C340AF1010AA74201
:10B22000DBD15046BDE8F0870B46002BE1D1E9E7C2
:10B230004FF0000A5046BDE8F08700BFEC0B002439
:10B24000A02500247C39060830B50E4B99B00E4D70
:10B2500060215B6968460D4A2CF0B0FD044600226F
:10B2600028464FF400510BF00BFB2146684608F0CE
:10B27000F3F901224FF4005128460BF001FB19B0FD
:10B2800030BD00BF1C26002400080258E832060822
:10B29000104B02689A4209D010B5044609F0E6F84E
:10B2A00018B92368B3F1804F09D010BD0A4B1A6852
:10B2B000013203D01A6801321A607047704707489C
:10B2C0000DF004FC09F0D2F80028EED1BDE81040E2
:10B2D000FFF796BC00140040142600249C22002492
:10B2E0002DE9F04FD3B291B0CEB2204C204FF61AD8
:10B2F0008DF80520226818BF01260E2B8DF8061048
:10B3000018BF00268DF807003A60002E40F04083F9
:10B31000DFF86080C5B2D8F80840002C00F09283B6
:10B3200008F104062346B4461A7CAA42D3E9021067
:10B3300080F000820346002BF6D1B44503D09CF880
:10B340001030AB4236D900230AAA8DF820508DF870
:10B350000C30049307938DF828300B930E9303ABB6
:10B36000CDE90C22CDE905333CB9DFE314260024F6
:10B37000182600241C2600241C46207CD4E9023117
:10B38000A84296BF0B4601210021002BF4D10029D1
:10B3900040F0CD83A842C0F099830020FEF75AF810
:10B3A0000020FEF757F8D8F80840002C00F04D8335
:10B3B0009DF807502346B5491A7CAA42D3E9020CEE
:10B3C00080F0C4816346002BF6D1B14200F03D838A
:10B3D0000B7CAB4240F203820DF1070508AAAC4892
:10B3E0000895FEF779FAC36900F11801D8F808400A
:10B3F000002B00F0FB819DF806C089461A7C62454F
:10B40000D3E9020580F0AE812B46002BF6D18945A9
:10B4100000F0EC8199F81030634500F2E781002CD0
:10B4200000F0E8819DF807502346DFF860C21A7CDF
:10B43000AA42D3E9020180F08F810B46002BF6D19E
:10B44000B44504D09CF81030AB4240F2C0810DF1FD
:10B45000200A0DF1070561468D4852460895FEF712
:10B460003BFA1830D8F80840814500F05582002C8E
:10B4700000F085829DF80750234684491A7CAA4231
:10B48000D3E9020C80F05C816346002BF6D1B14217
:10B4900000F059830B7CAB4200F26A81CB69183112
:10B4A000002B00F06E839DF805C089461A7C62452A
:10B4B000D3E9020580F0A1812B46002BF6D1494546
:10B4C00000F0678199F81030634500F26281002C2A
:10B4D00000F063819DF807502346DFF8B0C11A7C65
:10B4E000AA42D3E9020180F08E810B46002BF6D1EF
:10B4F000B44500F054819CF81030AB4200F24F810B
:10B500000CF1180CE14500F01B83D7F800905F4860
:10B51000237CAB42D4E9022180F07B810C46002CD5
:10B52000F6D1B04202D0037CAB4209D90DF1200A1A
:10B530000DF107030146524655480893FEF7CCF932
:10B54000C36900F1180E002B00F088829DF806C038
:10B5500071461A7C6245D3E9024580F060812B4632
:10B56000002BF6D1714502D00B7C634507D90DF154
:10B570000603143008AA0893FEF7F0F801464C6958
:10B58000D8F80830A9EB0404002B00F064829DF881
:10B590000700DFF8F8C01A7C8242D3E9021580F078
:10B5A0004A812B46002BF6D1B44503D09CF81030CD
:10B5B000834208D90DF10703614608AA344808936D
:10B5C000FEF78AF98446DCF81C300CF11809002BD0
:10B5D00000F03F829DF806E049461A7C7245D3E9A7
:10B5E000025080F022810346002BF6D1894502D01B
:10B5F0000B7C734508D90DF106030CF1140008AA61
:10B600000893FEF7ABF801468B6923448B61214B0D
:10B610001A78D8F80830002A00F02B81002B00F0AF
:10B6200097829DF80700DFF864C01A7C8242D3E954
:10B63000021580F018812B46002BF6D1B44503D0BB
:10B640009CF81030834208D90DF10703614608AA1F
:10B650000F480893FEF740F98446DCF81C300CF1E3
:10B660001809002B00F077829DF806E049461A7C05
:10B670007245D3E9025080F0F0800346002BF6D1EA
:10B68000894509D00B7C73450FD905E0202600249D
:10B690001C260024102600240DF106030CF11400D2
:10B6A00008AA0893FEF75AF801464B6A3F682344FC
:10B6B0004B62D8F80830002B00F022819DF807502B
:10B6C000B1481A7CAA42D3E9021480F0BA8023461A
:10B6D000002BF6D1B04202D0037CAB4207D90DF16A
:10B6E0000703014608AAA9480893FEF7F5F8C369BD
:10B6F00000F1180C002B00F0B3819DF80560614645
:10B700001A7CB242D3E9024580F0A1802B46002B7F
:10B71000F6D18C4502D00B7CB34207D90DF105035D
:10B7200008AA14300893FEF719F801464F6111B0CA
:10B73000BDE8F08F9C460B46002B7FF4F5ADFCE591
:10B7400019460346002B7FF499AEA0E6194603463E
:10B75000002B7FF431AE38E69C460346002B7FF485
:10B7600066AE6DE699460346002B7FF447AE4EE683
:10B770000DF1200A0DF10705524684480895FEF7A1
:10B78000ABF8C36900F11801D8F80840002B7FF42A
:10B790008AAE8946002C7FF49DAEDFF8ECC10DF136
:10B7A000200A0DF107056146784852460895FEF7D4
:10B7B00093F81830D8F80840814500F05381D7F845
:10B7C0000090002C00F043819DF807509FE60CF19B
:10B7D000180CE1457FF450AE0DF1200AA1E0CB69D1
:10B7E0001831002B7FF407AE89461DE68946002CF0
:10B7F0007FF418AEDFF890C129E699460346002B86
:10B800007FF454AE5BE69C460346002B7FF467AEA4
:10B810006EE620461446002C7FF47AAE81E6194687
:10B820002346002B7FF495AE9CE619462B46002B51
:10B830007FF4D3AEDAE69C460B46002B7FF4ABAE2A
:10B84000B2E618460B46002B7FF43BAF42E71946A1
:10B850002346002B7FF454AF5BE719462B46002BA1
:10B860007FF405AF0CE79C460B46002B7FF4DDAE62
:10B87000E4E6002B00F071819DF80700DFF808C1B5
:10B880001A7C8242D3E9021541D22B46002BF7D114
:10B89000B44503D09CF81030834208D90DF107035A
:10B8A000614608AA39480893FEF716F88446DCF882
:10B8B0001C300CF11809002B00F048819DF806E0BF
:10B8C00049461A7C7245D3E902501BD20346002B2D
:10B8D000F7D1494502D00B7C734508D90DF1060319
:10B8E0000CF1140008AA0893FDF738FF01460B6A13
:10B8F0003F6823440B62D8F80830002B7FF4DEAE9B
:10B900002148ECE619462B46002BDAD1E1E79C46AC
:10B910000B46002BB4D1BBE7002C00F083819DF8CF
:10B9200007501949237CAB42D4E9022029D20446AE
:10B93000002CF7D1B14200F073810B7CAB4207D9E8
:10B940000DF10705524611480895FDF7C5FF014660
:10B95000002301F114005146CDE90A33CDE90C333F
:10B96000CDE90E333B6809939DF806308DF8203001
:10B97000FDF774FCD8F80840002C7FF47BAD024939
:10B98000F8E621461446D3E7202600241C2600248E
:10B99000DFF85083D8F80840002C00F01E8108F131
:10B9A00004099DF807504846237CAB42D4E90212B3
:10B9B00006D24AB11446237CAB42D4E90212F8D332
:10B9C00019B120460C46EFE704464C4500F00581CE
:10B9D000237CAB422CD918200EF061FF9DF8075054
:10B9E0000023824605744361237CAB4200F2B88099
:10B9F00080F0E280D8F81030A34200F05781204652
:10BA000010F071FB037C0246AB4240F23A81E368DE
:10BA1000002B00F04B815446AF4B3046214610F0CE
:10BA200068FBD8F814300133C8F814309DF807507B
:10BA30006369DFF8AC8201336361D8F80840002CF9
:10BA40007FF46EAC08F104067DE4A449C4E4A34885
:10BA50006EE54946CFE5DFF884C2ABE5714686E581
:10BA600061465BE6002C00F0AE809DF807509B49D4
:10BA7000237CAB42D4E9022025D20446002CF7D126
:10BA8000B14200F09E800B7CAB4207D90DF1070557
:10BA9000524693480895FDF71FFF0146002301F128
:10BAA00014005146CDE90A33CDE90C33CDE90E330C
:10BAB0003B6809939DF805308DF82030FDF7CEFBEB
:10BAC000D8F808407BE621461446D7E7B44240F058
:10BAD000A18001252C200EF0E2FE9DF820300146C9
:10BAE00003740B98002870D00C9B01F1180EDDF840
:10BAF00038C00AAA0B620D9BC8614B629DF82830C2
:10BB00000B760023C0F804E0C1F828C00B930E9315
:10BB1000CDE90C222846714B224610F0EAFAD8F8FB
:10BB200014300B980133C8F8143037E46B4CD8F854
:10BB30000C30A342CAD0204610F0D9FA007C29E488
:10BB40000DF1200A93E70DF1200A18E74946C5E6F2
:10BB5000DFF888C178E549469EE5DFF880C19DE6BB
:10BB6000D8F80CB0A34509D0204610F0C0FA037CE9
:10BB70000246AB4258D2C368002B68D022465446D6
:10BB80004AE78946A8E4D8F80890B9F1000F01D136
:10BB90005FE0994699F81010D9E90232A94296BFA0
:10BBA000134632460022002BF3D1002A53D14A46D5
:10BBB0008D4224D8A2464C46182150460EF05EFE17
:10BBC00034E70DF10705454962E701F118030876EE
:10BBD000C8618862C1E908339CE718200EF05FFE57
:10BBE00000239DF8075004464361D8F814300574CB
:10BBF000002BC8D0D8F81020137CAB42C3D2DFF89A
:10BC0000D8904A453FF408AF167CAE4294BF002658
:10BC1000012601E7237CAB4294BF0025012559E7AB
:10BC20000DF107052D498DE6D8F808400CB91DE047
:10BC30001446207CD4E90223A84296BF1A46334614
:10BC40000023002AF4D193B92246A842B4D2544624
:10BC5000D7E7DFF88490D8F80C304B4529D0484618
:10BC600010F045FA4A46017C8146A1E71A4CA345EB
:10BC70002FD0204610F03BFA03462246007C1C469B
:10BC8000E3E7D8F808400CB917E01446217CD4E962
:10BC90000223A94296BF1A4633460023002AF4D154
:10BCA00063B922468D4287D95446AAE722465446B4
:10BCB000AAE74A46DFF82090A3E7074CD8F80C30F3
:10BCC000A34206D0204610F012FA2246017C044618
:10BCD000E8E72246544694E7F02500242026002475
:10BCE0001C260024EC2500242DE9F04F8646C06870
:10BCF0000EF1040E70452DED068B93B000F0A78079
:10BD00004FF0000B5D46D8465E46D9465F46DA46A0
:10BD1000CDF814B0CDF810B0CDE902BBCDE900BB31
:10BD2000F34690F810C0BCF10E0F23D0816AC26AAE
:10BD3000CF19C3694AF1000A961949F100095D1942
:10BD400048F10008BCF10B0F14D1029C0919039CA7
:10BD500044F10004029104990394009C121941F1EA
:10BD60000001049101995B18CDE90023059B43F183
:10BD70000003059310F0B9F98345D2D157EA0A03BD
:10BD8000DDE9004B60D0DDE90201F4F797FC41ECFE
:10BD9000190B38465146F4F791FC41EC170B89EE2C
:10BDA000078B9FED2F6B9FED307B28EE068BB8FE47
:10BDB000488B28EE078B56EA09033DD020460499AC
:10BDC000F4F77CFC41EC1A0B30464946F4F776FC5C
:10BDD00055EA080341EC170B8AEE079B9FED206B99
:10BDE0009FED217B29EE069BB8FE499B29EE079B20
:10BDF00027D058460599F4F761FC02460B462846C1
:10BE0000414643EC1A2BF4F759FC41EC170B8AEE30
:10BE1000072B9FED136B9FED147B22EE062BB8FED4
:10BE2000422B22EE072BB0EE491BB0EE480B13B0AD
:10BE3000BDEC068BBDE8F08F55EA08039FED0C9B27
:10BE4000D7D19FED0B2BEEE79FED098BB3E79FED6D
:10BE5000088BB0EE489BB0EE482BE4E7AFF30080D0
:10BE6000000000000088C3402D431CEBE2361A3F5F
:10BE7000000000000000F87F2DE9F04FD0E900B588
:10BE800085B01C46784B17460091A5EB0B01774A0D
:10BE9000C91003FB01F1914200F0E080009BAB452B
:10BEA0008046A3EB0B0300F0B380B1EB410F4FEAE8
:10BEB000410A00F28180BAF1000F40F0C780D146FC
:10BEC0003E6809EB0307246807F1080049F80300FE
:10BED00016B9002C40F0C5800F2C039400F2A58009
:10BEE000012C00F09F80002C40F0A78000237C6094
:10BEF0000355009B5B4500F0A78009F108030BF197
:10BF000008075C4643F8083CD4E90012B9426DD0FA
:10BF1000A06818341837186043E90212009A1833E1
:10BF2000A242EFD1009B524A183BA3EB0B03DB0864
:10BF300002FB03F323F06043013303EB430309EBFC
:10BF4000C303009C03F11807AC4222D0203304F154
:10BF50000801226866688A4243F8083C35D043F8F5
:10BF6000082C183454F8102C1831A54243E901620A
:10BF700003F11803EDD1009B3D4AEB1A183BDB0897
:10BF800002FB03F323F06043013303EB430307EBAE
:10BF9000C307BBF1000F06D0D8F808105846A1EB34
:10BFA0000B010EF06BFC09EB0A03C8E90097C8F817
:10BFB000083005B0BDE8F08FDFF8C0A0504601930F
:10BFC0000EF06DFC019B81467AE718341846721C0E
:10BFD00001912DF06CFE01990346AC4201F118016C
:10BFE00040F8046C03F11803B3D1C4E701323946B9
:10BFF000184618342DF05BFE54F8142C03461837FD
:10C0000040F8042C009A183394427FF47BAF89E700
:10C010000131D1D2914228BF114601EB41014FEAD3
:10C02000C10ACBE733783B7260E7002203A93846A8
:10C0300021F008FD039B3860BB60224631462DF09D
:10C0400036FE039C386851E74B467AE7524528BFD5
:10C05000524602EB42024FEAC20AAFE705481BF024
:10C0600071F805481BF06BF8ABAAAAAA55555505FF
:10C07000ABAAAA0AD0EB050804E90508F8FFFF7F80
:10C08000F0B585B0CDE9001008B10C4609B905B08E
:10C09000F0BD174FD7E901639E4221D005460F2915
:10C0A00006F10800306003910BD8012911D12B78DB
:10C0B00033720023746003557B6818337B6005B0CE
:10C0C000F0BD002203A9304621F0BCFC039B306088
:10C0D000B360224629462DF0EAFD039C3068E8E76C
:10C0E0006B4601AA31463846FFF7C6FE05B0F0BDE3
:10C0F000C82500242DE9F04FD0E9006805466FF00F
:10C100007047A8EB060083B0B7EBE00F5DD00C469C
:10C1100046454FEAE001A4EB060A48D0B1EB410FD7
:10C120004FEA410035D8002849D181464FF0080B2D
:10C1300007461278B44207F80A201A6807EB0A0388
:10C140005A600FD007F1080C334693E80300083318
:10C15000A3420CE903000CF1080CF6D10AF1080A1D
:10C1600007EB0A0B444507D0A8EB040858462146C4
:10C17000C34442462DF09BFD26B1A9683046891B79
:10C180000EF07CFBC5F80890C5E9007B03B0BDE864
:10C19000F08FDFF840904846CDE900230EF07FFB9A
:10C1A0000746814400F1080BDDE90023C1E70131B6
:10C1B000EFD2B94228BF39464FEAC109EBE78742BF
:10C1C00028BF07464FEAC709E5E701481AF0BAFF5A
:10C1D000D0EB0508F8FFFF7F2DE9F04FD0E900957F
:10C1E00014466C4AA5EB09030E466B4985B0DB107B
:10C1F00002FB03F38B4200F0C980A9458246A6EBFF
:10C20000090200F0AA80B3EB430F4FEA430075D850
:10C21000002840F0B4804FF0180883460290214671
:10C220000BEB0207636851F8080B07F1080C884212
:10C230004BF802C000F09A804BF80200A268BA6086
:10C240007B604E454FF000032160636023721DD078
:10C250000BF1080309F108074C4643F8083CD4E900
:10C260000012B94267D0A06818341837A642186087
:10C2700043E9021203F11803EFD1A6F11808A8EB65
:10C28000090828F0070808F13008D844AE4223D046
:10C2900008F1080306F108013446226867688A42FB
:10C2A00043F8083C36D043F8082C183454F8102CC6
:10C2B0001831A54243E9017203F11803EDD1AB1B1C
:10C2C000364A183BDB0802FB03F323F060430133DB
:10C2D00003EB430308EBC308B9F1000F06D0DAF80B
:10C2E00008104846A1EB09010EF0C8FA029BCAE902
:10C2F00000B8CAF8083005B0BDE8F08F284F3846BE
:10C3000001920EF0CCFAC319834600F11808019A85
:10C31000029384E7183418467A1C01912DF0C7FC6B
:10C3200001990346AC4201F1180140F8047C03F185
:10C330001803B2D1C3E701323946184618342DF03C
:10C34000B6FC54F8142C0346B44207F1180740F821
:10C35000042C03F1180380D18FE70133CED28B4236
:10C3600028BF0B4603EB4303DF00C8E75A1C6046B7
:10C37000039301912DF09BFC0199039B60E7884298
:10C3800028BF084600EB4000C700B8E705481AF090
:10C39000D9FE00BFABAAAAAA55555505ABAAAA0A51
:10C3A000F8FFFF7FD0EB0508002800F01481B1FAF8
:10C3B00081F22DE9F04F52099FB00C46002900F0A0
:10C3C00007810EAF0F2905460B4618910C9700F216
:10C3D0004E81012940F08281027839468DF838205B
:10C3E00000220D93CA540D9989B142F201440139DA
:10C3F0000C9B5B5C0D2B0AD824FA03F3D80706D5F7
:10C4000001220CA821F0BDFB0D990029EFD10523D5
:10C410000022AF490CA821F01DFE40B105230022E7
:10C42000AC490CA821F016FE002840F0CA800D9CF3
:10C43000042C40F2AC82053C0DF150080C9D0F2CF1
:10C44000CDF84880189400F22081012C00F0CC80B7
:10C45000002C40F045814346002513944FF4C070F2
:10C460000DF168091D550EF01AFACDE9080000F526
:10C47000C0700A902A463A2112A821F0DAFD421C27
:10C48000064630D0139C431BA54200F27182641B08
:10C490001299CDF860909C420D4428BF1C460F2C89
:10C4A000079400F2B780012C00F0B080002C40F01F
:10C4B0009380494600221994DDE909530A559D42AB
:10C4C00000F0968005F108002860189B4B4500F0AD
:10C4D000AA802B601A9BAB60199C05F118036C6055
:10C4E0000993751CC6E7139EB54200F24A82761B7B
:10C4F0000DF1680912990F2E07960D44CDF8609042
:10C5000000F2D680012E00F0CF80002E40F0EA80AD
:10C510004A46002319969355DDE90946B44200F0D6
:10C520008E8004F108002060189B4B4500F0DC80F1
:10C5300023601A9BA360199D65601834089D0994B7
:10C54000A6EB050B661B302E40F28E80624BF61078
:10C5500003FB06F6F30740F1878000230A2207A9B0
:10C56000079328682AF0EAFA079B2A68934209D0C1
:10C570001B78FF2898BF002B14BF012300230193D1
:10C5800000F0B880A54211D005F10806A94656F87A
:10C59000080CB0424DD0D9F8081009F11809183626
:10C5A00001310EF06BF9A145F1D11DB15946284674
:10C5B0000EF064F91298404503D0149901310EF041
:10C5C0005DF90C98B84203D00E9901310EF056F97E
:10C5D0001FB0BDE8F08F70474846224629462DF02F
:10C5E00066FB079C189965E76B798DF8503032E748
:10C5F00008A818AA2946FFF7EFFD189848453FF408
:10C6000070AF1A9901310EF039F96AE72B788DF87D
:10C6100068304EE7002207A918A821F013FA079BFB
:10C6200018901A93D9E7199C4946621C2DF03FFBDC
:10C6300053E709F1180918364C45A8D1B5E708A801
:10C64000314618AAFFF7C8FD1898099C484503D041
:10C650001A9901310EF012F90A9E089DA6EB050BFE
:10C66000661B302E3FF672AFA5428DD19DE718A90B
:10C670000CA821F0E7F9189B0C900E93294622464E
:10C680002DF015FB189B0C99AAE6002218A912A8F8
:10C6900021F0D8F9189B129014932246691D2DF0B1
:10C6A00006FB189C129BD7E62B788DF868302FE795
:10C6B000002207A918A821F0C5F9079B18901A9322
:10C6C000324629462DF0F3FA079E189A21E700BF5B
:10C6D0000C33060814330608ABAAAAAA3846CDE7DD
:10C6E0004046DAE74846EBE7199D49466A1C2DF0BB
:10C6F000DEFA21E7A949C2B28B688DF81A20002B17
:10C7000000F0DF80043194468E460291197C614529
:10C71000D3E90220C0F0A6809E461346002BF5D137
:10C720000299CDF800E08E4503D09EF810306345A5
:10C7300008D90DF11A03009918AA98481893FDF723
:10C74000CBF80090009BA9464FF0020AD869FCF78D
:10C7500081FE009B0022CDF814B003F1180EDA61BF
:10C760009A62CDE903547446C3E908EE00230A2215
:10C7700007A90793D9F818002AF0E0F9079AD9F821
:10C78000181083468A4245D01278002A42D1FF28E9
:10C7900094BF00220122002A3CD1079207A90A2255
:10C7A000D9F830002AF0CAF9079AD9F830100546AE
:10C7B0008A422FD012786ABB009B5FFA8BF2214627
:10C7C000DB698DF81B208BB19446A646187C60452A
:10C7D000D3E9021248D39E460B46002BF6D174458E
:10C7E000714603D09EF81030634509D90DF11B0343
:10C7F00018AA1893009B03F11400FCF7AFFF014641
:10C8000000234B61C1E90833C1E90A330123C1E9BF
:10C81000065501930AF1020A09F130095645A5D8D7
:10C82000019BDDF814B0DDE903542BB3A54210D011
:10C8300005F10806A94656F8080CB04216D0D9F8FA
:10C84000081009F11809183601310EF017F8A14542
:10C85000F1D1284659460EF011F8129840457FF460
:10C86000ACAEAEE6034659E71346B6E709F1180940
:10C8700018364C45DFD1ECE7484B9DF81A209868F4
:10C8800000287BD00646DDF808A0337C9A4213D9F5
:10C89000F668002EF9D1414BDB685345C6D1029BA7
:10C8A0009A45C3D1FCF74EFE3C4A029BC2E90333D2
:10C8B000002393605361B9E7B36807D2B2461E46BE
:10C8C000E7E7364B04330293009332E7F1686BB12C
:10C8D0009646894693F810C0F445D3E9021243D333
:10C8E0001E460B46002BF5D17246494659B1944677
:10C8F00086460B7C6345D1E9020237D98A46014658
:10C900000029F6D17046254BDB68B34202D1029B69
:10C910009A45C7D0B24589D0DFF88C90CDE9005454
:10C9200030460FF0E2FB0346494630461E460FF004
:10C9300044FCC56904464DB1E868FCF78BFD284608
:10C94000AD6830210DF09AFF002DF5D120462C2145
:10C950000DF094FF114AB245536903F1FF3353615F
:10C96000DED1DDE9005461E71346BBE71146C7E7B6
:10C9700023462A460A490B481AF0EAFBDDF808A0CC
:10C9800089E733462A46064906481AF0E1FB234662
:10C990000522034903481AF0DBFB00BF1C260024D4
:10C9A0001C33060834330608202600242DE9F04FF6
:10C9B000D0E9006588463949AB1B9246384A83B0B6
:10C9C000DB1001FB03F3934265D0AE420446A8EBB3
:10C9D000060943D0B3EB430F4FEA430123D80029A4
:10C9E00051D18B460F46D44609F1180AA5EB08052C
:10C9F00007EB090EBA44B9F1000F0AEB05030193E6
:10CA0000BCE80F00AEE80F009CE803008EE80300CE
:10CA100017DC002D0FDCDEB9019B2760C4E9013B68
:10CA200003B0BDE8F08FDFF880B058460DF037FF57
:10CA300007468344D7E72A46414650462DF037F94A
:10CA4000E9E74A46314638462BF0CEFA002D0FDC96
:10CA5000A1683046891B0DF011FFDDE70133E2D2FA
:10CA6000934228BF134603EB43034FEAC30BDCE7B3
:10CA700041462A4650462DF01AF9A1683046891BD6
:10CA80000DF0FCFEC8E7914228BF114601EB4101C1
:10CA90004FEAC10BC9E703481AF054FBABAAAAAA94
:10CAA00055555505D0EB0508F8FFFF7F2DE9F041FE
:10CAB000394D4FF000088CB000226F6800232C68BD
:10CAC000CDF810803E1B4645CDE9022360DB43D103
:10CAD000A74256D0354694F800E0B5426068D4F8D5
:10CAE0003CC0616CA26CE36D8DF818E00790CDF846
:10CAF00020C009910A920B9320D00DF1180EAC467C
:10CB000060341835BEE80F00A7420395ACE80F006B
:10CB10009EE803008CE80300DDD1029C1F492D1B19
:10CB20002046ED1005FB01F105F0ECF98CB1311B4D
:10CB300020460CB0BDE8F0410DF0A0BE603429469F
:10CB400006AA02A8FFF732FFBC42DDE90356C2D1B4
:10CB5000E3E70CB0BDE8F0817611F60030460DF049
:10CB60009EFE0644D5E90047CDE90200BC420546D9
:10CB70000496B0D14146019005F0C4F9019B1C46D2
:10CB8000D5E7314630460CB0BDE8F04105F0BAB902
:10CB900003481AF0D7FA00BFB8250024ABAAAAAA06
:10CBA000ECEB05082DE9F04F154687B007462C2021
:10CBB0000E460DF074FE2D6800F1180A0446A846D2
:10CBC000C0F810A058F8083B434500F0CB80036143
:10CBD000AB6883616B6807F1040BC5F80080636183
:10CBE0000023B3456B602B724FF000033546A36200
:10CBF00004F1100302937BD02269D4F81490736976
:10CC000000929945326901922CD8B9F1000F00F0D9
:10CC1000B0804A460393DDE900012BF0D5F9039B70
:10CC200008B9A9EB030000287FDB99454A4628BFD5
:10CC30001A46DAB10393DDE900102BF0C5F9039B26
:10CC4000A0B1002816DB2069824503D0A16901311B
:10CC50000DF014FE20462C210DF010FE284607B0E2
:10CC6000BDE8F08F002B5DD01A46D3E7A3EB090097
:10CC70000028E8DA3A690393B24200F0A98030460E
:10CC80000FF031FA4A468046039BD0E90415A945C6
:10CC900028BF2A46002A00F09E80009803932BF0BC
:10CCA00093F9039B08B9A9EB05000028C0F2858021
:10CCB000029A394604A8F5F73DFDDDE90458B8F1BC
:10CCC000000FC0D0281E18BF0120C34508BF40F088
:10CCD000010000285AD05B464246214625460FF007
:10CCE00008FA7B69284601337B6107B0BDE8F08F05
:10CCF0007B69002BDCD0D7F81080D4E90439D8E95F
:10CD0000040600934E45324628BF4A46002A58D0B2
:10CD100019462BF059F908B9A6EB09000028C7DA23
:10CD20000025CCE7B9F1000FA4DAFB68B34216D0B6
:10CD300030460FF0DCF980464A46D0E90405A945A3
:10CD400028BF2A461AB100992BF03EF908B9A5EB85
:10CD500009000028ACDAD8F80C000028B5D0B0469D
:10CD60000120B8E76A684146504601322CF09FFF27
:10CD700030E75A42002ABFF679AFFB68B342EED0E3
:10CD800030460FF0B4F980464569E0E72369D4F8EE
:10CD900014900093D8E9042301924B451A4628BF0A
:10CDA0004A4632B10293DDE900012BF00DF9029BF6
:10CDB00008B9A9EB0300C00F8DE7F268A2B14546A0
:10CDC0007DE7A6EB0906002EBFF672AF10467CE7A2
:10CDD000B046002576E7A9EB0503002BBFF668AF48
:10CDE000F3681BB1012070E7B046D6E7B046D1E743
:10CDF0002DE9F04F0346AC482DED028BB3B0049300
:10CE000002910BF063FEFCF767F903F0C9F905F036
:10CE1000C1FCA6498B680A691C91CDE91A32002B26
:10CE200001F0818192680021596002B11B929F49F3
:10CE300000229F4C8A604A610A46A0680431C2E918
:10CE40000311A8B11AAAFCF7ABF803461A469B686F
:10CE5000002BFBD1954BDA6003461A46DB68002BAA
:10CE6000FBD1924B1A611A469860636953611A9B11
:10CE70001846FCF777FA029B002B41F0D280DFF8CE
:10CE80003C82D8F80C9008F1040BD94500F045829B
:10CE90004D464FF00003297CE8698DF838300023B7
:10CEA0008DF830100F930EABCDE9103300231293A1
:10CEB00098B10EA9FCF720F803461A469B68002B90
:10CEC000FBD1034610921A46DB68002BFBD1AB6AFC
:10CED0009DF8301011920F90129376480924F9F7BB
:10CEE000CDFD754A1CAB814600F11C0A1A935746CA
:10CEF00007CA03C31A704FF000031B948DF87930F2
:10CF0000D9F82040002C00F06884D4E90406092EEA
:10CF100000F2B882002E40F04884E468002CF4D17E
:10CF2000BA4500F05A847C69082C40F282860922B6
:10CF300039691CA82BF048F808B9C4F10900002889
:10CF4000C0F24B84D7ED0A7AFDEEE77A17EE903AFD
:10CF50008DF82F30D8F80830002B00F05C849DF855
:10CF6000300059461A7C8242D3E9024680F084821E
:10CF70003346002BF6D1594502D00B7C834206D9AB
:10CF80000CAF1AAA4D481A97FCF7A6FC014601F10E
:10CF90001803D1F820909945039300F0A7811AACAB
:10CFA000CDF80090DFF814A1A1460595009B4D46F1
:10CFB000D8F8084003F110060FCE0FC596E80F0011
:10CFC00085E80F00002C00F002849DF83050584690
:10CFD000237CAB42D4E9022180F036820C46002C3F
:10CFE000F6D1584502D0037CAB4206D90CAB0146C2
:10CFF00013AA50461393FCF76FFCC36900F11804A1
:10D00000002B00F0DE839DF8686021461A7CB24256
:10D01000D3E9025780F01E823B46002BF6D18C42AA
:10D0200002D00B7CB34206D9143013AACDF84C9031
:10D03000FCF794FB0146D8F808308C69002B00F00F
:10D04000BC839DF8306058461A7CB242D3E9021581
:10D0500080F0F4812B46002BF6D1584502D0037C9A
:10D06000B34206D90CAB014613AA50461393FCF702
:10D0700033FCC36900F11805002B00F0A6839DF86E
:10D080006870AC461A7CBA42D3E9026180F0EE8146
:10D090000B46002BF6D1AC45614611D09CF8103000
:10D0A000BB4214D90CE000BF9C220024D4250024EC
:10D0B000EC250024EC0B0024B0E905081C26002414
:10D0C000143013AACDF84C90FCF748FB0146D8F871
:10D0D00008300E6A002B00F076839DF830705846B9
:10D0E0001A7CBA42D3E9021580F0BA812B46002B94
:10D0F000F6D1584502D0037CBB4206D90CAB0146A1
:10D1000013AA50461393FCF7E7FBC36900F1180517
:10D11000002B00F054839DF868C0AE461A7C62452F
:10D12000D3E9027180F060810B46002BF6D1754582
:10D13000714603D09EF81030634508D9143013AA05
:10D14000CDF84C90FCF70AFB9DF868C001469DF8AD
:10D150002F304D6A634500F0D182D8F80830002B9B
:10D1600000F017839DF830C058461A7C6245D3E919
:10D17000021780F04B813B46002BF6D1584502D078
:10D18000037C634506D90CAB014613AA50461393A2
:10D19000FCF7A2FBC36900F11807002B00F007831E
:10D1A0009DF868C0BE4601941A7C6245D3E90241ED
:10D1B00080F032810B46002BF6D177457146019CF9
:10D1C00003D09EF81030634506D9143013AACDF869
:10D1D0004C90FCF7C3FA0146D8F80830CC61002B1C
:10D1E00000F0F9829DF8307058461A7CBA42D3E9B3
:10D1F000021480F005812346002BF6D1584502D059
:10D20000037CBB4206D90CAB014613AA50461393CC
:10D21000FCF762FBC36900F11804002B00F0D9820F
:10D220009DF868C0A6461A7C6245D3E9027180F079
:10D23000E1800B46002BF6D17445714603D09EF871
:10D240001030634506D9143013AACDF84C90FCF782
:10D2500085FA0146D8F808308E62002B00F0AB82C8
:10D260009DF8306058461A7CB242D3E9021480F02F
:10D27000DF802346002BF6D1584502D0037CB34211
:10D2800006D90CAB014613AA50461393FCF724FBB6
:10D29000C36900F11804002B00F08B829DF86870C0
:10D2A000A4461A7CBA42D3E9026180F0BB800B46E7
:10D2B000002BF6D16445614603D09CF81030BB4288
:10D2C00006D9143013AACDF84C90FCF747FA014662
:10D2D000029BCD62002B40F0F38000980EF003FF1C
:10D2E000039B009083427FF461AE059D029B002B5F
:10D2F00040F08C850F9C4CB1E068FCF7ABF8204601
:10D30000A46830210DF0BAFA002CF5D128460EF0B1
:10D31000EAFE584505467FF4BCADD8F81420614BB1
:10D320009A4200F24B87604B60481F689B68DB1B8A
:10D330005B1100FB03F39A4200F27E86D8F80C30B2
:10D340005B45009300F0FD831AABDFED598A06932D
:10D35000602200210698009D2AF060FE00235548B7
:10D36000554E05F114042693CDE92433297C8DF81C
:10D370006810F9F783FB43684E48002B08BF33461B
:10D380001B93297CF9F77AFB034620461B68002B88
:10D3900008BF33461C93FEF7A7FC8DED1E0B8DEDE9
:10D3A000201B8DED222B2E7C3046FDF78DFED8F80C
:10D3B00008408DED290A002C00F0908225463F4858
:10D3C0002B7CB342D5E9021208D2002A00F0288251
:10D3D00015462B7CB342D5E90212F6D3002900F0A2
:10D3E000208228460D46EBE79E463B46002B7FF405
:10D3F00095AE9CE69E463B46002B7FF414AF1BE7A0
:10D4000018460B46002B7FF4F0AEF7E618460B46A5
:10D41000002B7FF4AAAEB1E69E462346002B7FF494
:10D42000C3AECAE69C463346002B7FF43AAF41E7D1
:10D4300018460B46002B7FF416AF1DE718460B4627
:10D44000002B7FF401AE08E620461446002C7FF442
:10D45000BFADC6E519462B46002B7FF4D7ADDEE500
:10D4600018460B46002B7FF43BAE42E69C46334603
:10D47000002B7FF407AE0EE619462346002B7FF4FF
:10D4800071AD78E509221CA92AF09EFD08B9A6F124
:10D4900009000028FFF641AD2746A468002C7FF460
:10D4A00034AD3DE555555501B8250024ABAAAAAACF
:10D4B00000000000EC0B00247C3906082026002424
:10D4C000D8F80830002B00F0A6839DF8305058465D
:10D4D0001A7CAA42D3E9021480F00A812346002B69
:10D4E000F6D1584502D0037CAB4206D90CAB0146BD
:10D4F00013AA50461393FCF7EFF9C36900F118041F
:10D50000002B00F086839DF8686021461A7CB242A9
:10D51000D3E9025780F0E6803B46002BF6D18C42DF
:10D5200002D00B7CB34206D9143013AACDF84C902C
:10D53000FCF714F9014600238B61D8F80830002B62
:10D5400000F06D839DF8305058461A7CAA42D3E90A
:10D55000021480F0C1802346002BF6D1584502D03A
:10D56000037CAB4206D90CAB014613AA5046139379
:10D57000FCF7B2F9C36900F11804002B00F04D83E9
:10D580009DF8686021461A7CB242D3E9025780F0C8
:10D590009D803B46002BF6D18C4202D00B7CB342DF
:10D5A00006D9143013AACDF84C90FCF7D7F80146F1
:10D5B00000230B62D8F80830002B00F038839DF868
:10D5C000305058461A7CAA42D3E9021478D2234636
:10D5D000002BF7D1584502D0037CAB4206D90CABE7
:10D5E000014613AA50461393FCF776F9C36900F17C
:10D5F0001804002B00F019839DF8686021461A7CFE
:10D60000B242D3E9025756D23B46002BF7D18C42A7
:10D6100002D00B7CB34206D9143013AACDF84C903B
:10D62000FCF79CF8014600234B62D8F80830002B29
:10D6300000F0F9829DF8305058461A7CAA42D3E98E
:10D64000021433D22346002BF7D1584502D0037C75
:10D65000AB4206D90CAB014613AA50461393FCF714
:10D660003BF9C36900F11804002B00F0DA829DF841
:10D67000686021461A7CB242D3E9025711D23B4678
:10D68000002BF7D18C4202D00B7CB34206D9143068
:10D6900013AACDF84C90FCF761F8014600234B61CA
:10D6A0001BE619462B46002BE4D1EBE718460B4648
:10D6B000002BC2D1C9E719462B46002B9FD1A6E704
:10D6C00018460B46002B7FF47DAF83E719462B46A7
:10D6D000002B7FF458AF5FE718460B46002B7FF412
:10D6E00034AF3BE719462B46002B7FF40FAF16E70C
:10D6F00018460B46002B7FF4EBAEF2E6D8F8083064
:10D70000002B00F081839DF830C058461A7C62459A
:10D71000D3E9021744D23B46002BF7D1584502D03B
:10D72000037C634506D90CAB014613AA50461393FC
:10D73000FCF7D2F8C36900F11807002B00F06283F0
:10D740009DF868C0BE4601941A7C6245D3E9024147
:10D7500021D20B46002BF7D17745019C714603D0AF
:10D760009EF81030634506D9143013AACDF84C90BA
:10D77000FBF7F4FF0146049A4B69D31A9E4A1278CC
:10D780001C44002A4AD01D44D8F80830002B7FF4EE
:10D79000E9AC5846F7E49E462346002BD4D1DBE79C
:10D7A00018460B46002BB1D1B8E732466BE6394636
:10D7B0000BE5214685E5584663E5584652E429467F
:10D7C000BCE4214630E4584698E4294678E45846BB
:10D7D0000CE4214637E5584615E51AAC394609F1FF
:10D7E000180013AA1394FFF7DDF9D0ED0A7A1A98FE
:10D7F000FDEEE77A17EE903A8DF82F301CAB984289
:10D800003FF4A8AB1C9901310DF038F8D8F8083076
:10D81000002B7FF4A4AB5946FFF7B2BB1E449CE437
:10D8200005465D4500F0EA812B7CB34200F2E681BB
:10D83000286A05F11803984200F0C9834FF0000CE4
:10D84000059499460396674665466446CDF804C03C
:10D85000836A90F810E0FE1844F1000ABEF10B0F45
:10D860003746544606D115EB030C019B654643F140
:10D87000000301930EF037FC8145E9D1D146B24651
:10D88000059C5AEA0902039E00F0B88101992846D6
:10D89000F3F712F8494608EE100A5046F3F70CF871
:10D8A00007EE100AC8EE077A5448CDED2A7A237C99
:10D8B000B342D4E9021206D24AB11446237CB342E1
:10D8C000D4E90212F8D319B120460C46EFE704461A
:10D8D0005C4503D0237CB34240F25A81F0EE687A73
:10D8E000474B484C9B68CDED2B7A002B00F0B18163
:10D8F0001A7CB242D3E9021077D20346002BF7D14B
:10D90000404B9C4200F0A581237CB34240F27981D8
:10D910003C4C3D4B31463D482C93F9F7AFF815ABE5
:10D920003B4A064615AD139309234FF000090A2719
:10D9300007CA03C506F118002A7015A91A461493E0
:10D940008DF85D90FBF7D4FC009B06462F48197CB0
:10D95000F9F794F815AA8446139213462D4A07CA7C
:10D9600003C32A800CF118003A4615A914978DF8C4
:10D970005E90FBF7BDFC009B05462448197CF9F737
:10D980007DF800F11C039E4202D0B36A2D932E93C2
:10D99000009B1E48197CF9F771F800F11C039D42A9
:10D9A00002D0AB6A2F933093164B9C4207D0236A68
:10D9B0002D93636A2E93A36A2F93E36A3093164BD9
:10D9C000009A9B68107CA3B3144D1A7C8242D3E961
:10D9D000024106D221B30B461A7C8242D3E90241AE
:10D9E000F8D3F4B11D462346EFE71C460B46002B47
:10D9F0007FF47EAF84E700BF102600242026002499
:10DA0000A0250024A425002470330608EC0B002474
:10DA1000BCE90508C8E90508D4250024D825002458
:10DA20002B468D4A934204D01A7C824201D85B690E
:10DA30002893F8F7B7F8009B8DED310A9B6AB3F194
:10DA4000805F80F0BB83002B40F0F9801946009A7C
:10DA50000024156A02F11806AE4212D124E0EB69E7
:10DA60000831284641F8043C1C442B7C01F8083C52
:10DA7000259127940EF039FB8642054614D0DDE946
:10DA800025139942EBD105F11C0305F1100224A8DE
:10DA9000FEF730FBEB69279C28461C4427940EF0C8
:10DAA00024FB86420546EAD16C4BD3E901A5AA4581
:10DAB00000F0E4809DF868301EAE0AF110050AF10E
:10DAC00060078AF800309DED2A7ADDED2B7ADDF8CB
:10DAD0009090DDED296ADDE91B32DDE925ECCAE92C
:10DAE0000132289A01920FCE0FC5019A5B4B96E83E
:10DAF000030085E80300CAE90A9ECAE90CC4CAF813
:10DB00003820CAED0F6A5F602C9B8AED107ACAF844
:10DB100048302D9BCAED117ACAF84C302E9BCAF8BA
:10DB200050302F9BCAF85430309BCAF85830319B84
:10DB3000CAF85C3000980EF0D6FA584500907FF491
:10DB400007AC04F045FE0026FEF7B0FF434A444907
:10DB5000D2E900239B1A434A5B1102FB03F3424ABA
:10DB6000DBB21670D1E90021B34208BF8A423F4AB6
:10DB7000049914BF0123002311603D4A1370029BD6
:10DB8000002B40F0308233B0BDEC028BBDE8F08F4B
:10DB9000206A1834A0423FF4A1AE00212746039624
:10DBA0000D460C468A460191C16A90F810C04E1984
:10DBB0004AF10009BCF10B0F3546CA4605D1611880
:10DBC000019B0C4643F1000301930EF08CFA87424F
:10DBD000EAD1B246039E5AEA09033FF47FAE0199A7
:10DBE0002046F2F769FE494608EE100A5046F2F761
:10DBF00063FE07EE100AC8EE077A71E6F0EE687A67
:10DC000052E694F830101B4B1B4A002918BF1346EC
:10DC100080E6214688E4584668E42146C1E4584637
:10DC2000A1E4214633E5584614E52146F4E458467C
:10DC3000D5E4002C3FF486A92246FFF779B9DC0031
:10DC400020460CF02CFE031901462693CDE9240052
:10DC5000FDE6084B5EE600BFD8250024B825002469
:10DC6000C8250024ABAAAAAA0D2600240826002451
:10DC700004260024703306086C330608B04BB14804
:10DC80001E68B14BAAEB0602511103FB01F1814260
:10DC900000F09182B24500F08481B1EB410F4FEA70
:10DCA000410300F2BC81002B40F08B826021994639
:10DCB000059301919DF8683009EB02070DF1780E8C
:10DCC000DDED297A09F8023007F1100C1C9BB245F2
:10DCD000BB601B9B7B60BEE80F00ACE80F009EE8BA
:10DCE0000300249B8CE80300BB62259BC7ED0F7AE1
:10DCF000FB62269BC7E90C34289BBB634FF00003F3
:10DD0000CDE9253324932A9B3B642B9B7B642C9B7E
:10DD1000BB642D9BFB642E9B3B652F9B7B65309BDF
:10DD2000BB65319BFB6560D03446CC46CDF80CA07A
:10DD30000996CDE90759237804F110060CF1100576
:10DD4000D4ED107A8CF800300CF1600CA368D4F894
:10DD500028A04CF8583C6368676B4CF85C3CA36B9C
:10DD600094ED0F7A01930FCED4E90B9E60340FC56A
:10DD700096E80300019B85E803004CF8283C4CE939
:10DD80000EA94CE90CE70CED097A54F81C3C4CED5B
:10DD9000087A4CF81C3C54F8183C4CF8183C54F8E1
:10DDA000143C4CF8143C54F8103C4CF8103C54F81B
:10DDB0000C3C4CF80C3C54F8083C4CF8083C54F82B
:10DDC000043C4CF8043C039BA342B4D1099E603B45
:10DDD0005E4A9B1B5B0902FB03F3DDE9075903EB7A
:10DDE000430309EB4313C03301931EB1A91B304613
:10DDF0000CF044FD524B019AC3F800905A60059A0A
:10DE00009A6097E63946AFE458468CE4D8F8083073
:10DE1000002B00F0B6809DF830701A465946107CF1
:10DE2000B842D2E902467AD23246002AF7D15945A1
:10DE300000F0A8800A7CBA4200F2A480CA6901F10D
:10DE40001800002A00F0AD819DF82F7006469C4610
:10DE5000117CB942D2E902435CD21A46002AF7D1BA
:10DE60008642634600F09B80327CBA4200F2978083
:10DE7000002B6FD09DF830701A46DC46117CB942F9
:10DE8000D2E9020441D22246002AF7D1DC4563D010
:10DE90009CF81020BA425FD80CF1180C664500F0CF
:10DEA0007A812B481A7CBA42D3E9021442D2234623
:10DEB000002BF7D1584500F07081037CBB4200F283
:10DEC0008980C36900F11804002B00F06F819DF870
:10DED0002F70A4461A7CBA42D3E9026125D20B46C0
:10DEE000002BF7D16445614603D09CF81030BB424B
:10DEF00007D90DF12F0314301AAA1A93FBF72EFC41
:10DF0000014600234B61FFF7F5B994460246002A0B
:10DF1000B4D1BBE716462246002A99D1A0E71146A4
:10DF20002246002A7FF47BAF81E79C463346002BD4
:10DF3000D0D1D7E718460B46002BB3D1BAE700BFC4
:10DF4000B825002455555501ABAAAAAAABAAAA0226
:10DF500020260024DFF87CC21AAC0CAF61469C4836
:10DF600022461A97FBF7B8FC00F11802D8F80830DF
:10DF7000964200F0DB80002B00F011819DF830709C
:10DF80008FE794490CAF1AAA91481A97FBF7A4FCA3
:10DF9000C2691830D8F80830002A7FF455AF064619
:10DFA00066E74D1C3BD2854228BF054605EB45057B
:10DFB0006D01284603920CF072FC43198146039AC6
:10DFC0000593854B9D6800F16003019372E6DFEDD8
:10DFD000837A69E41AAC0CAF014622467C481A9752
:10DFE000FBF77AFC6DE77E4DA868FBF7BFF8D8F821
:10DFF0000C402B1D5C45C5E90263C5E904363FF4BE
:10E00000C2AD207CFBF72CFD20460EF06CF8584585
:10E010000446F6D133B0BDEC028BBDE8F08F714DF4
:10E02000C7E7A068FBF79EF90023A36063616E4B0E
:10E03000C4E90333FEF723BF02EB4202664C5601EC
:10E0400063683046DF1B0CF02AFC8146D4E900C22D
:10E05000944555D0644605460397CDF814C0019207
:10E06000CDE90606237804F1100705F11006D4ED7A
:10E07000107A2B706035A368D4F828A045F8583C76
:10E080006368D4F834C045F85C3CA36B94ED0F7A18
:10E0900000930FCFD4E90B9E60340FC697E80300BE
:10E0A000009B86E8030045F8283C45E90EA945E9B0
:10E0B0000CEC05ED097A54F81C3C45ED087A45F85E
:10E0C0001C3C54F8183C45F8183C54F8143C45F8EE
:10E0D000143C54F8103C45F8103C54F80C3C45F8FE
:10E0E0000C3C54F8083C45F8083C54F8043C45F80E
:10E0F000043C019BA342B5D1039F079EDDE905C9FE
:10E10000BCF1000F06D0344B60469968A1EB0C01BE
:10E110000CF0B4FB304B4F444E445F60C3F80090AA
:10E120009E60FFF70BB91B93FEF781BE002B40D01A
:10E130009DF83070274E1A7CBA42D3E9021032D2D1
:10E140000346002BF7D15E4532D0337CBB4207D962
:10E150000CAF314622461E481A97FBF7BDFB064618
:10E16000002313AF0DF16C0C1993CDE91333CDE9F6
:10E170001533CDE917339DF82F308DF868300FCF68
:10E18000ACE80F008CE80700214606F11400FBF70D
:10E1900065F8FFF7AFB81AACCCE71AAC0CAF0D4876
:10E1A0001AE7064668E61E460B46CAE72146A0E681
:10E1B0000CAF084ECDE70D4818F0C4FF0C4818F01E
:10E1C000C1FF834228BF034603EB43035D01F0E632
:10E1D0001C26002420260024B8250024000000006E
:10E1E000A0250024E0FFFF7FF0250024D0EB0508E8
:10E1F000ECEB050810B517480AF068FCFAF76CFF5D
:10E20000154B5C6984B1154C01212068FEF7F0FDC7
:10E21000134B00221B782260B3B106F027F9C0B976
:10E22000BDE81040FCF7ECBC01F0BAFFFEF73EFC85
:10E230000C4B0B4A19685B6808489942046014BF8C
:10E24000012300231370E8D10248BDE810400AF012
:10E250003DBC10BD9C2200241C2600241426002452
:10E2600004260024C825002408B515480AF02EFC11
:10E27000FAF732FF134B144A5B69106863B100214F
:10E28000FEF7B6FD114B1B78A3B106F0EFF8B0B95D
:10E29000BDE80840FCF7B4BC01F082FFFEF706FCC5
:10E2A0000B4B0A4AD3E90013994214BF0123002300
:10E2B0001370EAD10248BDE808400AF007BC08BD67
:10E2C0009C2200241C26002414260024042600245A
:10E2D000C8250024624B1A78002A00F0C080614AE9
:10E2E0002DE9F04F4FF0000912782DED028B8DB023
:10E2F00083F800905C4BD4B21B7893427AD05B4B8E
:10E300005B4AD3F80CA0043317689A4502936FD088
:10E31000039408AE3C469AF810105648F8F7AEFB46
:10E32000092200F11C073346079200F1180B524AEC
:10E33000B846056A069607CA03C31A708DF8299075
:10E34000002D6DD001946C69092C58D8002C65D132
:10E35000ED68002DF7D14745019C61D0D8F81450E5
:10E36000082D74D90922D8F81010304629F02CFE57
:10E3700008B9C5F10900002852DBD8ED0A7AFCEE95
:10E38000E77ACDED017A9DF80450DAF81C300AF1F5
:10E3900018012BB38C461A7CAA42D3E9027006D22C
:10E3A00048B103461A7CAA42D3E90270F8D31FB1E0
:10E3B0009C463B46EFE76346994211D01A7CAA423D
:10E3C0000ED85A69A2420AD89969A21A11449961D1
:10E3D0002549097800293ED0596A114459625C6187
:10E3E00050460DF080FE029B8246984293D1039CDA
:10E3F0001D4B1C700DB0BDEC028BBDE8F08F0922E7
:10E400003146286929F0E0FD08B9A4F10900002887
:10E410009EDBA846AD68002D95D19CE72246EFE72C
:10E4200006AB4146584605AA0593FEF7BBFB90EDA7
:10E430000A8A0698B04203D0089901310CF01EFAFE
:10E44000FCEEC87ACDED017A9DF804509DE7002DD1
:10E4500093D02A4687E7196A11441962BFE77047CB
:10E460000F2600240E260024102600241C2600243B
:10E4700014260024EC0B0024B0E90508000000007D
:10E48000174800231749184A10B4041D0B71137163
:10E49000046153614B6103714361C0E902340C1D97
:10E4A0001248C1E902340C61141D114914618B60DA
:10E4B00083609FED097BC2E902340E4A5DF8044B8C
:10E4C00013719360536181ED007B111D80ED007B22
:10E4D000C2E90311704700BF000000000000000007
:10E4E0001C260024EC250024D4250024C825002463
:10E4F000B8250024A0250024F8B5254B254E9868A2
:10E50000FAF734FED6E90045AC420AD0A36A1846B1
:10E51000002B33D0216B6034C91A0CF0AFF9A5423F
:10E52000F4D1306818B1B168091A0CF0A7F91A4F84
:10E53000D7E90046B4420DD004F1080555F8080C9F
:10E54000A8421FD0A1681834183501310CF096F993
:10E55000A642F3D1386818B1B968091A0CF08EF9DF
:10E560000E4B9868FAF7FEFE0D4B9868FAF7FAFE24
:10E570000C4B9868BDE8F840FAF7E4BF6034A54258
:10E58000C4D1CEE718341835A642D7D1E2E700BF90
:10E59000A0250024B8250024C8250024D425002463
:10E5A000EC2500241C2600242DE9F843D0F8008037
:10E5B000551A836804460F46A3EB08039D4218D9F9
:10E5C0002B4B9D423FD828460CF069F9042D064696
:10E5D0004BDD39462A462BF06AFB206818B1A1684A
:10E5E000091A0CF04BF93544C4E90065A560BDE893
:10E5F000F8834368A3EB08094D4517D9B9F1040F17
:10E60000164601EB090521DD40464A4629F0ECFC9F
:10E610006368761B042E1EDD18463246294629F013
:10E62000E3FC034633446360BDE8F883042D17DD43
:10E630002A46404629F0D8FC636845449D42D6D01E
:10E640006560BDE8F8830B4818F07CFDE1D10A68ED
:10E65000C8F80020DDE7E5D157F809201A60E1E7A6
:10E66000EBD10A68C8F80020E7E73B680360B4E72D
:10E67000FCFFFF7F743306082DE9F04F94460546F2
:10E68000501E8A4602F00101994654BF0246624676
:10E690002DED028BBAEB620F89B0149E80F2A1803F
:10E6A000D04653100790CDE9031AB246CDE905C90B
:10E6B00008F101014F0055F8316005EBC1027C1EE5
:10E6C00006EB0A0155F8249005EB840B91ED007AD6
:10E6D00009EB0A01D1ED007AB4EE677AF1EE10FA97
:10E6E00014D0B4EEE77AF1EE10FACCBF012000208E
:10E6F00028B19C4245F828901ADAA046D8E79F42F4
:10E7000045F8286063DA3C46A046D1E77068D9F83E
:10E71000041040B151B1CDE90132F1F7E1FDC00F74
:10E72000DDE90132E4E73A480029F4D13849F2E75B
:10E7300056460399DDF810A00798DDE905C931B9FF
:10E74000BCF1020C48BF8446B4EB6C0F55D0671E79
:10E7500048BF27467F1054452EDD09EB0603B0461F
:10E7600093ED008A0FE0F4EEC87AF1EE10FA21DDA5
:10E770007B1E45F824603C4648BF3B46BA454FEAFD
:10E7800063031F4618DA55F8276005EB870B06EB85
:10E790000803D3ED007AF4EE487AF1EE10FAE2D1F4
:10E7A0007068D9F8041070B101B91949F1F798FDF2
:10E7B0000028DDDB05EB840BCBF8009009B0BDEC45
:10E7C000028BBDE8F08F0029F4D01148EEE75646E1
:10E7D0000399DDF810A0934607983C46DDE905C98A
:10E7E000ADE705EB8A0B0029E6D1BCF1020C48BF6E
:10E7F0008446BAEB6C0FDFD15446630027460133E1
:10E8000055F823201C46CBF8002005EB830BA2E72C
:10E810007C39060888426DD02DE9F84F071D8146E6
:10E820008A46B9422DED028B29D01646DFF8C88002
:10E83000D7F800B0D9F800400BEB0602A31992ED0F
:10E84000008AD3ED007AB4EE678AF1EE10FA40D078
:10E85000B4EEE78AF1EE10FACCBF0120002090B1AF
:10E86000A7EB0902042A42DDC2F1040049463844FC
:10E8700029F0BAFBC9F800B00437BA45D8D1BDECCD
:10E88000028BBDE8F88F3D4655F8044CA319D3ED33
:10E89000007AB4EE678AF1EE10FAB4EEE78A08D097
:10E8A000F1EE10FACCBF0120002078B145F8044900
:10E8B000EAE7DBF804006168002808BF4046002949
:10E8C00008BF4146F1F70CFDC00FEEE7C5F800B0F8
:10E8D000D2E7DBF80400616820B131B1F1F700FD47
:10E8E000C00FBCE704480029F8D10349F6E708BF88
:10E8F0003C60BFE7704700BF7C390608054A1346F5
:10E9000053F8080B984203D0916801310BF0B6BF61
:10E91000704700BF382800242DE9F04F83B00190E4
:10E92000002800F05481019BD3F80C80B8F1000F4F
:10E9300000F02E81D8F80C90B9F1000F00F0E980BA
:10E94000D9F80CA0BAF1000F00F0C180DAF80C4041
:10E95000002C00F09A80E568002D79D0EE68002E3A
:10E960005ED0F768002F41D0D7F80CB0BBF1000F94
:10E9700022D0DBF80C00FFF7CFFFDBF82800DBF834
:10E980003010DBF80830091A009308B10BF076FF5D
:10E99000DBF810000BF11801884204D0DBF81810E6
:10E9A00001310BF06BFF342158460BF067FF009BE1
:10E9B00013B1DDF800B0DCE7B86AD7F808B018B1D9
:10E9C000396B091A0BF05AFF386907F118029042A7
:10E9D00000F0C580B96901310BF050FF3421384691
:10E9E0000BF04CFFBBF1000F40F0C180B06AD6F8CD
:10E9F00008B018B1316B091A0BF040FF306906F10D
:10EA00001803984200F0A180B16901310BF036FF84
:10EA1000342130460BF032FFBBF1000F40F09D80F7
:10EA2000A86AAE6818B1296B091A0BF027FF28698C
:10EA300005F11803984200F09C80A96901310BF0A0
:10EA40001DFF342128460BF019FF002E40F098805E
:10EA5000A06AA56818B1216B091A0BF00FFF206995
:10EA600004F1180398420AD0A16901310BF006FFA6
:10EA7000342120460BF002FF3DB12C466BE73421D8
:10EA800020460BF0FBFE002DF7D1DAF82800DAF86B
:10EA9000084020B1DAF83010091A0BF0EFFEDAF86E
:10EAA00010000AF1180398420BD0DAF8181001315F
:10EAB0000BF0E4FE342150460BF0E0FE3CB1A246E0
:10EAC00044E7342150460BF0D9FE002CF7D1D9F899
:10EAD0002800D9F8084020B1D9F83010091A0BF0F5
:10EAE000CDFED9F8100009F1180398420BD0D9F8DF
:10EAF000181001310BF0C2FE342148460BF0BEFE67
:10EB00003CB1A1461CE7342148460BF0B7FE002C6F
:10EB1000F7D1D8F82800D8F8084020B1D8F830103C
:10EB2000091A0BF0ABFED8F8100008F11803984250
:10EB300028D0D8F8181001310BF0A0FE342140463F
:10EB40000BF09CFE24B3A046F4E6342130460BF0D3
:10EB500095FEBBF1000F3FF463AF5E4601E7342141
:10EB600038460BF08BFEBBF1000F3FF43FAF5F4622
:10EB7000FAE6342128460BF081FE002E3FF468AF00
:10EB80003546EBE6342140460BF078FE002CDAD116
:10EB9000019B986A9C6818B1196B091A0BF06EFEFC
:10EBA000019D286905F1180398420AD0A96901312D
:10EBB0000BF064FE342128460BF060FE3CB101945A
:10EBC000B1E6284634210BF059FE002CF7D103B0F2
:10EBD000BDE8F08F2DE9F04FA1EB0009B9F1400F2E
:10EBE0002DED048B87B040F3F580074616461D4691
:10EBF000002A00F0CC803B1D8A46DFF8CC820593CA
:10EC00004FEAE909D7F804B0013E57F829200BEB89
:10EC10000501531991ED008A93ED009AB4EE498AEB
:10EC2000F1EE10FA00F0A680B4EEC98AF1EE10FA07
:10EC3000CCBF012000205AF8044C6319D3ED008AA0
:10EC4000002800F08580B4EE689AF1EE10FA00F02A
:10EC5000C680B4EEE89AF1EE10FA40F3CD803B683E
:10EC60003A6047F82930D7F800B00BEB050393ED75
:10EC7000008A0496D1465E46059CAB46CDE9027AF1
:10EC8000A24654465AF8045B05EB0B03D3ED007A19
:10EC9000B4EE678AF1EE10FAB4EEE78A38D0F1EEFE
:10ECA00010FA4CBF012000200028EAD1A9F1040A83
:10ECB000D1465AF8047907EB0B03D3ED007AB4EE92
:10ECC000678AF1EE10FAB4EEE78A13D0F1EE10FA8B
:10ECD000CCBF012000200028EAD14C4526D2029B5F
:10ECE00044F8047BC9F800501E6806EB0B0393ED53
:10ECF000008AC5E770687968002808BF4046002987
:10ED000008BF4146F1F7ECFAC00F0028D0D1E4E784
:10ED100068687168002808BF4046002908BF41465E
:10ED2000F1F7DEFAC00F0028ABD1BFE7DDE9027AC8
:10ED3000049E5B46A4EB0709514632462046FFF786
:10ED400049FFB9F1400F5D4644DD0EB3A24657E7D7
:10ED5000B4EE688AF1EE10FA76D0B4EEE88AF1EEFD
:10ED600010FACCBF012000203B6800285DD0C7E925
:10ED700000B37EE7DBF80400516800286FD000295B
:10ED800070D00292F1F7ACFA029AC00F53E70C462A
:10ED90004FEAA909A9F10206761006F1010807EB6E
:10EDA000880800E0013E58F8043D4A46314638469E
:10EDB0000095FFF761FC002EF4D154F8043D0021CA
:10EDC0003A683846E61B2260B2100095FFF754FC03
:10EDD000042EF2DC07B0BDEC048BBDE8F08F506868
:10EDE000616800285ED0002968D00292F1F778FAB5
:10EDF0000028029AFFF633AFB4EE688AF1EE10FAFB
:10EE000032D0B4EEE88AF1EE10FACCBF0120002037
:10EE10003B680028ABD03C604AF8043CD7F800B00F
:10EE20000BEB050393ED008A23E7B4EE689AF1EE4D
:10EE300010FA22D0B4EEE89AF1EE10FACCBF01201D
:10EE400000200028E7D10BE7DBF80400616868B315
:10EE500009B30292F1F744FA029AC00F84E71A4804
:10EE600000298ED118498CE7DBF80400616808B3EB
:10EE700031B3F1F735FAC00FCAE750686168D8B10D
:10EE800001B3CDE90223F1F72BFAC00FDDE902232C
:10EE90000028C0D1E4E60C490292F1F721FA029A67
:10EEA000C00F61E70029A7D007489EE70648002960
:10EEB000CFD1F0E70448DBE70348E1E7024994E7F4
:10EEC0000149D6E70049DCE77C3906082DE9F04F17
:10EED0009A4604460F46D2E900352DED028BED1A15
:10EEE0008FB00495002D00F01781954B9D4200F2E4
:10EEF0002081904628460BF0D2FC0646D8E9001542
:10EF00006D1A042D40F317812A4629F06DF806EB9F
:10EF10000509B1454FD0AA10534649463046B2FACA
:10EF200082F2C2F11F025200FFF754FE402D40F35F
:10EF3000FA8006F14008524630464146FFF76AFC27
:10EF4000C14538D05346A9F10409BA4606F13C0838
:10EF50002746DFF80CB22C461D46059658F8043FAC
:10EF600003932B44464693ED008A5346BA46274600
:10EF700056F8044C6219D2ED007AB4EE678AF1EECD
:10EF800010FA00F0A280B4EEE78AF1EE10FACCBFDE
:10EF90000120002010B146F80449E9E73C46C84585
:10EFA00057469A46039B3360D8D12B46059E25468B
:10EFB0003C4657469A4663686FF04048434500F028
:10EFC000818001225F4920461EF082FF3846F1F71A
:10EFD000E7F963680246A8EB0303984272D8394602
:10EFE00020461EF075FF6368A8EB0308B8F1020F16
:10EFF00068D90322544920464FEAA5091EF068FF4C
:10F00000002D75D06FF040456368371F4FF0000842
:10F01000EB1ADFF854B10296082B53D9092259464E
:10F0200020461EF055FF7B685E68002E5CD030469F
:10F03000F1F7B6F963680246ED1AA84242D83146A4
:10F0400020461EF045FF6FF040456368EB1A092B20
:10F0500038D90A223D4920461EF03AFF57F8043FAE
:10F060003B4A2021534406A893ED007AB7EEC77AB5
:10F070008DED007B28F0A2FE06A8F1F791F96368F8
:10F080000246EB1A98421DD806A920461EF020FF22
:10F090006368AB4216D008F1010801222D492046D1
:10F0A0001EF016FFC84522D26368AB420AD0012287
:10F0B000294920466FF040451EF00AFF6368EB1AAD
:10F0C000082BABD8254818F03DF80293039B6168E4
:10F0D0005868002808BF5846002908BF5946F1F76C
:10F0E000FFF8029BC00F55E732461D4EA7E7029E70
:10F0F00062686FF040439A42E4D0012219492046E9
:10F100001EF0E6FE56B1049930460FB0BDEC028BFE
:10F11000BDE8F04F0BF0B2BB2E464CE70FB0BDEC94
:10F12000028BBDE8F08F494652463046FFF772FB2E
:10F1300041E717F0FEFF7FF4EAAE0B680360E6E6F6
:10F14000FCFFFF7F94EC0508A8330608B8330608D7
:10F15000C4330608CC3306082CEA0508A03006089C
:10F160007C390608D0330608AC3306082DE9F04F89
:10F1700083B00190002800F00E81019BD3F80C8031
:10F18000B8F1000F00F0EF80D8F80C90B9F1000F43
:10F1900000F0CF80D9F80CA0BAF1000F00F0AF80DA
:10F1A000DAF80C40002C00F09080E568002D75D056
:10F1B000EE68002E5BD0F768002F3DD0FA6802B3EE
:10F1C000D0680092FFF7D2FF009A106902F118018F
:10F1D000D2F808B088420DD0916901310BF04EFB96
:10F1E000009A2C2110460BF049FBBBF1000F08D010
:10F1F0005A46E5E72C2110460BF040FBBBF1000F0F
:10F20000F6D1386907F11802D7F808B090420CD04F
:10F21000B96901310BF032FB2C2138460BF02EFB83
:10F22000BBF1000F08D05F46C8E72C2138460BF031
:10F2300025FBBBF1000FF6D1306906F11803D6F8B3
:10F2400008B098420CD0B16901310BF017FB2C21AA
:10F2500030460BF013FBBBF1000F08D05E46AAE767
:10F260002C2130460BF00AFBBBF1000FF6D12869C8
:10F2700005F11803AE6898420AD0A96901310BF074
:10F28000FDFA2C2128460BF0F9FA3EB135468FE7FE
:10F290002C2128460BF0F2FA002EF7D1206904F158
:10F2A0001803A56898420AD0A16901310BF0E6FA6B
:10F2B0002C2120460BF0E2FA3DB12C4675E72C21BB
:10F2C00020460BF0DBFA002DF7D1DAF810000AF136
:10F2D0001803DAF8084098420BD0DAF81810013118
:10F2E0000BF0CCFA2C2150460BF0C8FA3CB1A246E8
:10F2F00056E72C2150460BF0C1FA002CF7D1D9F873
:10F30000100009F11803D9F8084098420BD0D9F839
:10F31000181001310BF0B2FA2C2148460BF0AEFA6E
:10F320003CB1A14636E72C2148460BF0A7FA002C49
:10F33000F7D1D8F8100008F11803D8F8084098421F
:10F340000BD0D8F8181001310BF098FA2C21404658
:10F350000BF094FA3CB1A04616E72C2140460BF086
:10F360008DFA002CF7D1019D286905F11803AC68CE
:10F3700098420AD0A96901310BF080FA2C21284665
:10F380000BF07CFA3CB10194F7E628462C210BF0F7
:10F3900075FA002CF7D103B0BDE8F08F2DE9F04FDE
:10F3A00083B00190002800F00E81019BD3F80C80FF
:10F3B000B8F1000F00F0EF80D8F80C90B9F1000F11
:10F3C00000F0CF80D9F80CA0BAF1000F00F0AF80A8
:10F3D000DAF80C40002C00F09080E568002D75D024
:10F3E000EE68002E5BD0F768002F3DD0FA6802B3BC
:10F3F000D0680092FFF7D2FF009A106902F118015D
:10F40000D2F808B088420DD0916901310BF036FA7C
:10F41000009A2C2110460BF031FABBF1000F08D0F6
:10F420005A46E5E72C2110460BF028FABBF1000FF5
:10F43000F6D1386907F11802D7F808B090420CD01D
:10F44000B96901310BF01AFA2C2138460BF016FA83
:10F45000BBF1000F08D05F46C8E72C2138460BF0FF
:10F460000DFABBF1000FF6D1306906F11803D6F89A
:10F4700008B098420CD0B16901310BF0FFF92C2192
:10F4800030460BF0FBF9BBF1000F08D05E46AAE74F
:10F490002C2130460BF0F2F9BBF1000FF6D12869B0
:10F4A00005F11803AE6898420AD0A96901310BF042
:10F4B000E5F92C2128460BF0E1F93EB135468FE7FE
:10F4C0002C2128460BF0DAF9002EF7D1206904F13F
:10F4D0001803A56898420AD0A16901310BF0CEF952
:10F4E0002C2120460BF0CAF93DB12C4675E72C21A2
:10F4F00020460BF0C3F9002DF7D1DAF810000AF11D
:10F500001803DAF8084098420BD0DAF818100131E5
:10F510000BF0B4F92C2150460BF0B0F93CB1A246E7
:10F5200056E72C2150460BF0A9F9002CF7D1D9F859
:10F53000100009F11803D9F8084098420BD0D9F807
:10F54000181001310BF09AF92C2148460BF096F96E
:10F550003CB1A14636E72C2148460BF08FF9002C30
:10F56000F7D1D8F8100008F11803D8F808409842ED
:10F570000BD0D8F8181001310BF080F92C2140463F
:10F580000BF07CF93CB1A04616E72C2140460BF06D
:10F5900075F9002CF7D1019D286905F11803AC68B5
:10F5A00098420AD0A96901310BF068F92C2128464C
:10F5B0000BF064F93CB10194F7E628462C210BF0DE
:10F5C0005DF9002CF7D103B0BDE8F08F2DE9F04FC5
:10F5D000D0E90075894693466FF06041EA1B83B01D
:10F5E000B1EBA20F5DD0AF4204464FEAA203A9EBF4
:10F5F000070A3FD0B3EB430F4FEA430619D8002E5A
:10F600004AD1B046DBF800300AF1040BBAF1000F22
:10F61000C34448F80A30A5EB09030BEB030515DCDE
:10F62000002B0DDCDFB9A660C4E9008503B0BDE89E
:10F63000F08F1D4E30460BF032F980460644E1E76C
:10F640001A46494658462AF032FBEBE752463946FD
:10F650004046019328F0C8FC019B002B11DCA168F7
:10F660003846C91B0BF00AF9A660C4E9008503B04F
:10F67000BDE8F08F0133DCD28B4228BF0B469E00E1
:10F68000D8E749461A4658462AF011FBA168384681
:10F69000C91B0BF0F3F8E7E7B14228BF31468E00F3
:10F6A000C8E7024817F04EFDFCFFFF7FD0EB0508CE
:10F6B0002DE9F04F154687B007462C200E460BF07B
:10F6C000EEF82D6800F1180A0446A846C0F810A00C
:10F6D00058F8083B434500F0C9800361AB6883617B
:10F6E0006B6807F1040BC5F8008063610023B34524
:10F6F0006B602B723546A36204F1100302937BD03A
:10F700002269D4F814907369009299453269019284
:10F710002CD8B9F1000F00F0B0804A460393DDE920
:10F72000000128F051FC039B08B9A9EB0300002855
:10F730007FDB99454A4628BF1A46DAB10393DDE9D3
:10F74000001028F041FC039BA0B1002816DB2069C3
:10F75000824503D0A16901310BF090F820462C219D
:10F760000BF08CF8284607B0BDE8F08F002B5DD079
:10F770001A46D3E7A3EB09000028E8DA3A690393B5
:10F78000B24200F0A98030460CF0ADFC4A468046FB
:10F79000039BD0E90415A94528BF2A46002A00F09A
:10F7A0009E800098039328F00FFC039B08B9A9EBF7
:10F7B00005000028C0F28580029A394604A8F3F7B4
:10F7C00011FDDDE90458B8F1000FC0D0281E18BFA4
:10F7D0000120C34508BF40F0010000285AD05B4615
:10F7E0004246214625460CF084FC7B6928460133BD
:10F7F0007B6107B0BDE8F08F7B69002BDCD0D7F8C8
:10F800001080D4E90439D8E9040600934E45324605
:10F8100028BF4A46002A58D0194628F0D5FB08B917
:10F82000A6EB09000028C7DA0025CCE7B9F1000FE4
:10F83000A4DAFB68B34216D030460CF058FC804680
:10F840004A46D0E90405A94528BF2A461AB10099BD
:10F8500028F0BAFB08B9A5EB09000028ACDAD8F803
:10F860000C000028B5D0B0460120B8E76A684146D0
:10F87000504601322AF01BFA32E75A42002ABFF6FC
:10F8800079AFFB68B342EED030460CF030FC8046D6
:10F890004569E0E72369D4F814900093D8E904237C
:10F8A00001924B451A4628BF4A4632B10293DDE920
:10F8B000000128F089FB029B08B9A9EB0300C00FE7
:10F8C0008DE7F268A2B145467DE7A6EB0906002E5A
:10F8D000BFF672AF10467CE7B046002576E7A9EB8D
:10F8E0000503002BBFF668AFF3681BB1012070E77A
:10F8F000B046D6E7B046D1E72DE9F04FA84DC1B0EC
:10F9000034AC23903CAFA2460FCD0FC495E8030062
:10F9100084E803005AF8045B3A97002D00F038841D
:10F920002846F0F73DFD0F2804462E9000F235835F
:10F93000012840F02D832B788DF8F0303A460023D3
:10F940003B941355974B9C68DDE93A65002C00F019
:10F95000688303F10408A946C34665694A46A94578
:10F9600028BF2A4622B13146206928F02DFB08B96C
:10F97000A5EB0900002806DBA368002B00F09682A7
:10F98000A3461C46E9E7E368002BFAD15C46864BA8
:10F990004D469C4200F08F82D4F814902A464D4583
:10F9A00028BF4A4622B12169304628F00DFB08B92C
:10F9B000A5EB09000028C0F27E820023BE42A362AC
:10F9C00000F087823C99304601310AF057FF3AAB8C
:10F9D00053459FD100247548CDE92544FBF7E2FB50
:10F9E0001B907348FBF7DEFB1C907248FBF7DAFBB9
:10F9F0001D907148FBF7D6FB1E907048FBF7D2FBB9
:10FA00001F906F48FBF7CEFB20906E48F7F72CF85D
:10FA100082466C48F7F72AF8824500F0A2831694D4
:10FA200011940F941090CDE91944CDE91744CDE914
:10FA30001444CDE91244DAF804503A97002D00F04E
:10FA400054832846F0F7ACFC0F280446349000F2AB
:10FA50008282012840F0E1822B788DF8F0303B461D
:10FA60004FF000023B941A55DDF8ECB0BBF1000FEB
:10FA700000F089824B4B3A9E9C68B4B3C146D4E9EE
:10FA80000405AB450DD3D5B9A5EB0B000028D4E98F
:10FA9000023210DBB3B1A1461C46D4E90405AB45E4
:10FAA000F1D25A46314628F08FFA0028ECD00028CF
:10FAB000D4E90232EEDA22B113461C46EDE72A46BB
:10FAC000F0E74C46444510D0D4E90415AB4500F2AC
:10FAD0007B825A46304628F077FA08B9ABEB05002E
:10FAE000002802DBA26A0132A2620F9BBBF1080F61
:10FAF000DAF8184023440F9300F06B82BBF1040F37
:10FB000040F0DC823378622B00F0C282BE4204D027
:10FB100030463C9901310AF0B1FE0AF13C0A109BD3
:10FB2000534588D1244B2AAA93E80300082328923E
:10FB300029930023C2E900018DF8B030194B9D686C
:10FB4000002D43D02C46C246D4E90406082E00F20C
:10FB5000F281002E40F03082E468002CF4D1C245DE
:10FB600035D0DAF81440072C40F2C7820822DAF8C0
:10FB700010102AA828F028FA08B9C4F108000028B3
:10FB800025DBDAF828302C460F4A229330AB10934D
:10FB90002E930423CDE92F3200238DF8C4302FE0BB
:10FBA000E0E80508502800245428002450EA0508FD
:10FBB00054EA050830EA050844EA0508FCEB0508A4
:10FBC00004EC0508EC0B00246261632DC24628ABEF
:10FBD00051463AAA9F483A93FFF76AFD836A9E49C5
:10FBE000229330AB10932E930423CDE92F310023C1
:10FBF0008DF8C430974B9D68002D00F00C812C4689
:10FC0000C246A146109ED5E90404042C00F2758179
:10FC1000002C40F0D581ED68002DF4D1C2454C4652
:10FC200000F0FA80DAF81450032D40F270820422BA
:10FC3000DAF81010109828F0C7F908B9C5F10400D7
:10FC40000028C0F2E980DAF8283025460DF1D80AFC
:10FC50002193824BCDF8D0A01B68ADF8D8301B0C97
:10FC60008DF8DA300323359300238DF8DB30C3465B
:10FC7000D4E90406032E00F23181002E40F09E816B
:10FC8000E468002CF4D1C34500F0F380DBF81440A5
:10FC9000022C40F237820322DBF81010504628F085
:10FCA00093F908B9C4F103000028C0F2E2806C4B5C
:10FCB000DBF828901B683A97ADF8F0301B0C8DF8F4
:10FCC000F23003233B9300238DF8F3304646D5E909
:10FCD0000404032C00F22081002C40F07381ED68B5
:10FCE000002DF4D146450DD07469022C40F20082FB
:10FCF00003223169384628F067F908B9C4F10300D6
:10FD0000002807DA3AAB314627AA52482793FFF773
:10FD1000CFFC0646209B4FF40071219A0C931F9B49
:10FD200050480B931E9B0A931D9B09931C9B0893A1
:10FD30001B9B0793B36A04920693149B159A029334
:10FD4000229B03920193139B474A0093CDF8149092
:10FD5000129B28F033F83A98B84203D03C9901310D
:10FD60000AF08CFD3498504503D0369901310AF0E1
:10FD700085FD2E98109B984203D0309901310AF0EE
:10FD80007DFD28982AAB984203D02A9901310AF0C8
:10FD900075FD3448F0F704FB239B01463148002BE6
:10FDA00040F0438103F022FC322004F045FB26ABF7
:10FDB0001A9C189DDDF85890DDF86480179F119EFD
:10FDC0004246039325AB39463046019402934B4695
:10FDD0000095F6F78FF926990794259C0F9B234AE7
:10FDE000CDF8188005950497CDF80C9000941D4827
:10FDF000CDE901164FF4007127F0E0FF1948F0F744
:10FE0000CFFA0146174803F0F1FB322004F014FB4F
:10FE100041B0BDE8F08FC2462EAB51463AAA0D481C
:10FE20003A93FFF745FC836A0DF1D80A21930B4BF7
:10FE3000CDF8D0A01B68ADF8D8301B0C8DF8DA30A7
:10FE40000323359300238DF8DB30024B9C687CB193
:10FE500025460CE7502800246261632D50EA05080E
:10FE600054EA050834260024D4330608F83406087A
:10FE7000C34634AB59463AAAA7483A93FFF718FC51
:10FE8000A54BD0F828909D68A44B3A971B68ADF815
:10FE9000F0301B0C8DF8F23003233B9300238DF8D8
:10FEA000F330002D7FF412AF46462BE79C4B4D46B6
:10FEB0009C427FF471AD3AAB21462EAA96482E9310
:10FEC000FFF7F6FB3A9E04460023BE42A3627FF48E
:10FED00079AD3AAB53457FF41DAD7BE50322514626
:10FEE00028F072F800B9F01E0028FFF6C9AEA3464C
:10FEF000A468002C7FF4BCAEC5E60422314628F08D
:10FF000063F800B9201F0028FFF685AEAA46AD6849
:10FF1000002D7FF478AE81E60322394628F054F8AC
:10FF200000B9E01E0028FFF6DAAE2E46AD68002DBF
:10FF30007FF4CDAED6E608222AA928F045F808B904
:10FF4000A6F108000028FFF607AEA246A468002C20
:10FF50007FF4FAAD03E6002234A93AA81DF072FD41
:10FF6000349B3A903C932246294629F0A0FE349CCB
:10FF70003A9B4FF000023B941A55DDF8ECB0BBF110
:10FF8000000F7FF477AD3A98B8427FF4C2ADC4E574
:10FF900000283FF4D3AC384607E000222EA93AA847
:10FFA0001DF050FD2E9B3A903C932246294629F0A5
:10FFB0007EFE2E9C3A9AC2E43246BDE732468EE778
:10FFC00022469BE72246A8E7002D3FF487AD2A464C
:10FFD00080E55A465349304627F0F6FF58B15A4655
:10FFE0005149304627F0F0FF00287FF48FAD169B73
:10FFF000234416938AE5119BDAF8380023441193C1
:020000040803EF
:1000000038B14A49F0F76CF918B9139B01331393CF
:100010007CE5129B0133129378E5002865D03846C1
:10002000A1E7DFF8FC80444645E7FCF729F826AB5A
:100030001A9C189DDDF85890DDF86480179F119E7A
:100040004246039325AB39463046019402934B4612
:100050000095F6F74FF826990794259C0F9B344A94
:10006000CDF8188005950497CDF80C900094314890
:10007000CDE901164FF4007127F0A0FE2D48F0F7EE
:100080008FF901462B48FBF7FBFF41B0BDE8F08F2D
:100090007378721C612B4FD07278731C612A7FF4C5
:1000A00035AD13F8012F632A7FF430AD5B782D2B2B
:1000B0007FF42CAD189B2344189327E5BBF1030F65
:1000C0007FF424AD3378432B7FF420AD7278462A39
:1000D00057D07278462A7FF419ADB3782D2B7FF470
:1000E00015AD1A9B23441A9310E53B460024B7E450
:1000F000002C3FF40FAE2246FBE5002C3FF441AD4F
:10010000224634E5002C3FF4D2AD2246C4E5002D52
:100110003FF499AD2A468BE55028002454EA05089F
:100120005428002430EA050844EA050858EE05087A
:10013000F83406083426002412F8013F632BABD1B3
:1001400053782B2BA8D1179BDAF838002344179348
:1001500098B11149F0F7C4F878B9159B013315939C
:10016000D4E4CDE91944CDE91744169411940F94C1
:10017000CDE91444CDE91244D4E4149B0133149323
:10018000C4E4B3782B2BA4D1199B23441993BDE469
:10019000024816F0D4FF00BF58EE050804E9050830
:1001A0000120FFF7A9BB00BF0020FFF7A5BB00BFE0
:1001B0002DE9F04F8C6883B08B4681460192002C6C
:1001C0004AD0D2E9008A6669554627694046B24559
:1001D000394628BF35462A4615B127F0F5FE08B93D
:1001E000AAEB060000281ADBE2680AB11446EAE727
:1001F000A3468DB12A464146384627F0E5FE58B160
:1002000000284FF000034846B4BFC9E9003BC9E9E4
:10021000004303B0BDE8F08FA6EB0A00F0E7A26848
:10022000002AE3D1DBF80C30A3420ED02046A346CF
:100230000BF05DFF019B0446D0E90476D3E9008A08
:10024000B245554628BF3546D3E700234846C9E99D
:10025000003403B0BDE8F08F0C1DDBF80C30A34276
:10026000E4D1F2E72DE9F84F1F460B1D0E46054677
:100270009A424CD01446D7E900A8D2E904B9C8453F
:100280001ED8B8F1000F7ED042465946504627F09E
:100290009BFE08B9A8EB0900002853DBC84542467D
:1002A00028BF4A468AB15846514627F08DFE60B1B4
:1002B00000280EDB0023C5E900432846BDE8F88F7F
:1002C000B9F1000F3BD04A46DFE7A9EB0800002850
:1002D000F0DA3369A3422CD020460BF004FF8146AC
:1002E000D0E9041BC3455A4628BF42461AB15046BE
:1002F00027F06AFE08B9A8EB0B00002851DB28465E
:100300003A463146FFF754FF2846BDE8F88F4B695F
:10031000002BF4D00C69D7E90018D4E90409C145D1
:100320004A4628BF42465AB327F04EFE40B3002843
:10033000E5DA00232846C5E90034BDE8F88FB8F1B6
:10034000000FC6DAF368A34215D020460BF0CFFEAB
:100350008146D0E9040BC3455A4628BF42461AB12C
:10036000514627F031FE08B9ABEB08000028C6DA89
:10037000D9F80C30D3B12846C5E90044BDE8F88F60
:10038000A9EB0800D3E7C9F10003002B9DDACB6885
:100390009A42F0D020460BF0AAFE8146D0F814B065
:1003A000E2E7E3682BB1C5E9009986E7C5E90039C2
:1003B00083E7C5E9003480E72DE9F043154685B0B1
:1003C0000646342088460AF06AFA2D6800F11809BA
:1003D00004462F46C0F8109057F8083BBB4233D074
:1003E0000361AB6883616B6842462F60314663618D
:1003F000002302A86B602B722363C4E90A3304F163
:100400001003FFF72FFFDDE9025777B11DB301207D
:10041000331D3A4621460BF06CFE2546736928468B
:100420000133736105B0BDE8F0832069814503D0D5
:10043000A16901310AF022FA204634210AF01EFA9D
:10044000284605B0BDE8F0836A683946484601325F
:1004500029F02DFCC7E7331D9F4212D0D4F8148039
:100460007D694246A84528BF2A4632B139692069CC
:10047000019327F0A9FD019B08B9A8EB0500C00F67
:10048000C7E70120C5E700BF2DE9F04F154687B04B
:1004900007462C200E460AF002FA2D6800F1180AD1
:1004A0000446A846C0F810A058F8083B434500F0A1
:1004B000CB800361AB6883616B6807F1040BC5F8FF
:1004C000008063610023B3456B602B724FF0000323
:1004D0003546A36204F1100302937BD02269D4F85D
:1004E0001490736900929945326901922CD8B9F140
:1004F000000F00F0B0804A460393DDE9000127F0C9
:1005000063FD039B08B9A9EB030000287FDB994535
:100510004A4628BF1A46DAB10393DDE9001027F0F6
:1005200053FD039BA0B1002816DB2069824503D050
:10053000A16901310AF0A2F920462C210AF09EF9A6
:10054000284607B0BDE8F08F002B5DD01A46D3E7F0
:10055000A3EB09000028E8DA3A690393B24200F0FD
:10056000A98030460BF0BFFD4A468046039BD0E988
:100570000415A94528BF2A46002A00F09E8000984D
:10058000039327F021FD039B08B9A9EB0500002880
:10059000C0F28580029A394604A8F2F7CBF8DDE96B
:1005A0000458B8F1000FC0D0281E18BF0120C34561
:1005B00008BF40F0010000285AD05B464246214661
:1005C00025460BF096FD7B69284601337B6107B019
:1005D000BDE8F08F7B69002BDCD0D7F81080D4E920
:1005E0000439D8E9040600934E45324628BF4A46EE
:1005F000002A58D0194627F0E7FC08B9A6EB0900F5
:100600000028C7DA0025CCE7B9F1000FA4DAFB68AF
:10061000B34216D030460BF06AFD80464A46D0E918
:100620000405A94528BF2A461AB1009927F0CCFC39
:1006300008B9A5EB09000028ACDAD8F80C000028AE
:10064000B5D0B0460120B8E76A684146504601324D
:1006500029F02DFB30E75A42002ABFF679AFFB683C
:10066000B342EED030460BF042FD80464569E0E7EC
:100670002369D4F814900093D8E9042301924B45E0
:100680001A4628BF4A4632B10293DDE9000127F03D
:100690009BFC029B08B9A9EB0300C00F8DE7F26831
:1006A000A2B145467DE7A6EB0906002EBFF672AF64
:1006B00010467CE7B046002576E7A9EB0503002B42
:1006C000BFF668AFF3681BB1012070E7B046D6E70C
:1006D000B046D1E72DE9F04F00232DED0C8BADF5A1
:1006E0005B7D9FED868A8DF874303AAC1E935CAECC
:1006F00021938DF88C30249327938DF8A4302A937E
:100700002D931DAB1690CDE91F3323ABCDE9141209
:10071000CDE925337A4A29AB13921292CDE92B33D6
:100720003CAB2360129B53F804AB1293BAF1000F59
:1007300000F0A8835046EFF733FE0F2805465A9085
:1007400000F20583012840F0F4829AF80030237209
:100750003CAA0023656053551E9DD4E900B8002DC6
:1007600000F003820DF174096F694246B84528BF55
:100770003A4622B15946286927F026FC08B9A7EB6A
:100780000800002804DBAB6833B1A9461D46EBE73F
:10079000EB68002BFAD14D461DAB9D4200F0E6817F
:1007A0006F694246B84528BF3A4622B15846296982
:1007B00027F00AFC08B9A8EB07000028C0F2D68190
:1007C000002205F128001146FDF7EEFE20683CAB43
:1007D000984203D0A16801310AF050F850465A9669
:1007E000EFF7DEFD0F280546529000F2A7820128A0
:1007F00000F09A82F8B9324600235B955355249D48
:10080000DDE95AB9002D00F0A6810DF18C086F6961
:100810004A46B94528BF3A4622B15946286927F0C9
:10082000D3FB08B9A7EB090000280CDBAB6873B158
:10083000A8461D46EBE730462A46514629F037FACE
:10084000529D5A9AD8E7EB68002BF2D1454623AB6C
:100850009D4200F081816F694A46B94528BF3A46FA
:1008600022B15846296927F0AFFB08B9A9EB070068
:100870000028C0F27181002205F128001146FDF721
:1008800093FE5A98B04203D05C99013109F0F6FF0B
:1008900050465A96EFF784FD0F280546529000F215
:1008A0006582012800F03B82F8B9324600235B954F
:1008B00053552A9DDDE95ABA002D00F05F810DF1F4
:1008C000A4096F695246BA4528BF3A4622B1594633
:1008D000286927F079FB08B9A7EB0A00002811DB8B
:1008E000AB689BB1A9461D46EBE730462A46514608
:1008F00029F0DDF9529D5A9AD8E700BF00000000A8
:1009000068E30608EB68002BEDD14D4629AB9D420C
:1009100000F035816F695246BA4528BF3A4622B188
:100920002969584627F050FB08B9AAEB07000028B0
:10093000C0F22581B34585ED0A8A00F02F815C99CC
:100940005846013109F09AFF974B129A93427FF46F
:10095000E7AE149B169F002B00F083804FF0000C35
:100960009FED928ACDF848C039789148F6F786F81D
:10097000D0F800805A96B8F1000F00F05D8540462F
:10098000EFF70EFD0F280546529000F2F88101287E
:1009900040F01E8298F800308DF8703133464FF0E9
:1009A00000025B955A551E9DDDE95A89002D4AD0FB
:1009B0000DF1740BBA464A46D5E90407B94528BF7C
:1009C0003A461AB1414627F0FFFA08B9A7EB0900E9
:1009D0000028D5E9023205DB002B00F0F380AB469E
:1009E0001D46E8E7002A00F0978113461D46E2E71E
:1009F000EB68002B40F01E815D4629AB57469D42B7
:100A000000F04481D5F814A04A46D14528BF52468B
:100A100022B12969404627F0D7FA08B9A9EB0A00A4
:100A20000028C0F23381D5ED0A7A97ED057A38694E
:100A300077EE877AC5ED0A7A28B15E49EFF750FC68
:100A4000002800F0F980B04504D05C99404601319F
:100A500009F014FF129B1837149A01339A4212932B
:100A600082D12B9829ABDFED51DA9842B0EE6DDAE6
:100A70000BD11CE02D2B03D1D0ED0A7A7DEEA7DA45
:100A80000BF031FB29AB984211D04269002AF7D014
:100A90000369134413F8013C2B2BEBD1D0ED0A7AF8
:100AA0003DEE27DA0BF01FFB29AB9842EDD130ABBE
:100AB000432500225AA92EA82E935A951CF0C2FF56
:100AC0005A9B2A463C490DF5847830932E9029F0A4
:100AD000EEF85A9B4FF0000C2E9A2F93E14602F845
:100AE00003C0DFF8DCA0354BCDF800811493CDF8BE
:100AF00048A01298EFF754FC0F2805465A9000F2D0
:100B0000D381012800F0CB81002840F07A8443464D
:100B10004FF0000241955A551E9DDDE9407B002DA6
:100B200000F0B3810DF1740A6E695A46B34528BFCF
:100B3000324622B13946286927F046FA08B9A6EBB1
:100B40000B000028C0F25E81AB68002B00F05F81D3
:100B5000AA461D46E8E723AD5AAB294652AA22A869
:100B60005293FFF729FC054685E61DAD29465AAA92
:100B70001CA85A94FFF720FC054621E629AD5AAB84
:100B8000294652AA28A85293FFF77EFCDDF868B1E7
:100B90000546B34585ED0A8A7FF4D1AE024B129A21
:100BA00093427FF4BDADD4E680E306080000000068
:100BB000EC0B00246C3306089C35060868E3060835
:100BC00050EA050857461DAB9D423FF43CAF4A46EC
:100BD000D5E9041AD14528BF52461AB1404627F03C
:100BE000F3F908B9A9EB0A000028FFF62CAF5297D9
:100BF000D5E90B13994200F0DE8041F8047BE962ED
:100C00002A9D002D00F0E2800DF1A40BBA466F6919
:100C10004A46B94528BF3A4622B14146286927F0DD
:100C2000D3F908B9A7EB09000028FFF6E1AEAB68DD
:100C30003BB3AB461D46EAE7249DDDF86CA1002DD1
:100C400000F0BE830DF18C0BB9466F695246BA4570
:100C500028BF3A4622B14146286927F0B5F908B9BC
:100C6000A7EB0A00002806DBAB68002B00F08783A7
:100C7000AB461D46E9E7EB68002BFAD14F465D46CF
:100C80007EE329AB57469D427FF4BCAE2C20AB4699
:100C900009F005FEDDF86C8100F118090546B8F190
:100CA0000F0F00F1100A5A9BCDF84881C0F8109040
:100CB00000F29680B8F1010F00F08F80B8F1000FBC
:100CC00040F0E2874B464FF00002C5F8148028A997
:100CD00018A803F8082053465A4685ED0A8AF1F70A
:100CE000A5FFDDE91883002B58D0B8F1000029AA30
:100CF00018BF0120934208BF40F00100002800F017
:100D000098871A46294629AB0BF0F3F92D9B01333E
:100D10002D93DDF8688186E657465D4653E79AF8DD
:100D200000308DF87031C0E59AF800308DF87031E0
:100D300061E500283FF40CAD3CA810E0002252A968
:100D40005AA81CF07FFE529B5A905C9374E50022D7
:100D50005AA920461CF076FE5A9B2060A3602A46C2
:100D6000514628F0A4FF5A9D2268F2E4002252A9BD
:100D70005AA81CF067FE529B5A905C93B6E500227D
:100D800052A95AA81CF05EFE529B5A905C932A46C8
:100D9000414628F08CFF529D5A9B00E62869814508
:100DA00003D0A969013109F069FD28462C21454687
:100DB00009F064FDADE705F1280052AAFEF706FC34
:100DC0002A9DDDE95A89002D7FF41EAF29AD5DE72C
:100DD000002800F031833046D9E71B78037671E7AD
:100DE000002252A9504616931CF02CFE529A169BD4
:100DF0002861AA614246194628F059FFDDF848816A
:100E00002B6960E7EB68002B7FF4A3AE55461DAB62
:100E10009D423BD06E695A46B34528BF324622B147
:100E20003846296927F0D0F808B9ABEB060000284E
:100E30002CDB2EA805F1280212990823FEF746F8AC
:100E40004098404503D04299013109F017FD149BA9
:100E500009F101090433B9F1060F149338D02F9A20
:100E60006FF040439A4201F04480012216492EA8B7
:100E70001DF02EF8149BCDF800811B681293002BF7
:100E80007FF437AE114816F05AF91DAD40AB294634
:100E90005AAA1CA85A93FFF78FFA0546C9E7129B76
:100EA0001B788DF8083132E600225AA940A81CF0C0
:100EB000C9FD5A9B409042932A46129928F0F7FEAA
:100EC0005A9D409B24E600BF2CEA050804E905086A
:100ED0006FF040432F9A9B1A022B41F20A800322A3
:100EE000C0492EA81CF0F4FF159B002B00F08B824C
:100EF0002F99002940F0CB86BB4B0DF1D80B2A9DD2
:100F00001B68CDF8D0B0ABF800301B0C8DF8DA3090
:100F10000323359300238DF8DB30002D00F0578735
:100F20002E460DF1A409D6E90407032F00F2088527
:100F3000002F40F09B85F668002EF4D129AB99452F
:100F400000F02B83D9F81460022E40F2118703229F
:100F5000D9F81010584627F037F8002800F0188309
:100F60000028C0F21A833CAB99ED0A8A2F46236011
:100F7000B7EEC88A9D4B1B68ADF8F0301B0C8DF89E
:100F8000F230032363600023E3720DF1A409D5E975
:100F90000406032E00F2F584002E40F06585ED680E
:100FA000002DF4D129AB994500F0C182D9F8145035
:100FB000022D40F2D7860322D9F810103CA827F062
:100FC00003F8002800F0AE820028C0F2B08299ED4C
:100FD0000A9A0822864B3E46B7EEC99ACDF80081A0
:100FE000419293E80300002388E803008DF8103154
:100FF0000DF1A409D7E90405082D00F2F284002DB3
:1010000040F02E85FF68002FF4D129AB994500F000
:101010006A82D9F81450072D40F29E860822D9F82A
:101020001010404626F0D0FF002800F0578200281C
:10103000C0F259826F4B48AA99ED0AAA46AD3746CD
:101040002A60B7EECAAA9246179293E803000823D3
:1010500082E803006B6000232B740DF1A409129544
:10106000D6E90405082D00F27B84002D40F0FA84B7
:10107000F668002EF4D129AB129D994500F0148238
:10108000D9F81460072E40F27F860822D9F8101094
:10109000179826F099FF002800F001820028C0F27E
:1010A00003824CAE4EAA544B99ED0ABAB94632604F
:1010B0004E930423B7EECBBA1692736000233373BA
:1010C00014950DF1A40A169D1296D7E90406042E74
:1010D00000F27784002E40F0C184FF68002FF4D125
:1010E00029AB129E149D9A4500F0BD81DAF8147068
:1010F000032F40F243860422DAF81010169826F0E7
:1011000063FF002800F0AA810028C0F2AC8154AF30
:101110003A4B9AED0ACA52973B600423B7EECCCA09
:10112000539300238DF854312B460DF1A40A4D46FC
:1011300012969946D5E90406042E00F23284002E58
:1011400040F08A84ED68002DF4D129AB129E4D4603
:101150009A4500F07A81DAF81490B9F1030F40F261
:1011600019860422DAF81010384626F02DFF0028E0
:1011700000F066810028C0F268813DEE8D7A204A39
:10118000B7EEED5A4FF40071B7EECDDA5AA8B7EECC
:10119000C77A8DED0E5B8DED107B8DED0CDB9AED3E
:1011A0000A7AB7EEC77A8DED08CB8DED06BB8DEDD3
:1011B00004AB8DED029B8DED008B8DED0A7B26F04F
:1011C000FDFD5298B84203D05499013109F056FB05
:1011D0003068169B984215D0B168013109F04EFB7A
:1011E00010E000BFE035060850EA050854EA05089B
:1011F00030EA050844EA05086261632B6261632DE9
:10120000E43506082868179B984203D0A968013185
:1012100009F034FB4098404503D04299013109F070
:101220002DFB20683CAB984203D0A168013109F046
:1012300025FB3498584503D03699013109F01EFB3F
:10124000159B002B00F0A8845AA8EFF7A9F80146D7
:101250005AA8FAF715FF179B0022DFF8308352A92E
:101260002B602E23284652931CF0ECFB529B8646A3
:1012700008F1200C2860AB6044460EF1100E08F116
:1012800010080FCC64454EF8100C4EF80C1C4EF8AC
:10129000082C4EF8043CEFD1B34A0023B146129219
:1012A000B8E80700CEF80820B8F80020A846CEF825
:1012B0000000CEF80410AEF80C20529A29686A603B
:1012C00014978B546FF04044D8F80430129AE31A04
:1012D00052F8047B072B129240F20B860822A34996
:1012E00040461CF0F5FD3846EFF75AF8D8F80430C0
:1012F0000246E31A984200F2FC85394640461CF04B
:10130000E7FDD8F80430E41A012C40F2F2850222FD
:10131000974940461CF0DCFD149B38465293EFF78A
:101320003FF80F280446C9F8000000F27583012831
:1013300040F068833B788DF85031149A0023539421
:101340001355249CDDE952A6002C00F0E2820DF139
:101350008C0B65693246AE4228BF2A4622B15146FF
:10136000206926F031FE00B9A81B0028C0F23381A5
:10137000A368002B00F03481A3461C46E9E74F46E2
:1013800023AB9D421DD0D5F814905246CA4528BFC4
:101390004A4622B14046296926F016FE08B9AAEB52
:1013A000090000280DDB5297D5E90B13994200F094
:1013B000B08441F8047BE962DDF86881FFF743BB44
:1013C00023AD3420AA4609F06AFADDF86C8100F1F9
:1013D00018090546B8F10F0F00F11003DDF868B1E8
:1013E000CDF84881C0F8109000F25684B8F1010F92
:1013F00000F0D784B8F1000F40F07785484600F040
:101400005EBC404658E52F9B002B3FF475AD594D0F
:101410002B68BFF35B8FD90740F11E85DFF8589129
:101420002EA955481CF0CBFBD9E9000102F0DEF8EB
:10143000322003F001F85FE533460025FFF7AFBA2D
:10144000C9F104000028BFF698AE52AB51465AAA23
:1014500028A85A93FFF718F882468EE6C7F10400D1
:101460000028BFF654AE51465AAA28A854AF5A963F
:10147000FFF70AF8414B90ED0ACA52973B600423EC
:10148000DDF8A890B7EECCCA539300238DF8543101
:10149000B9F1000F7FF448AE0DF1A40AD5E7C6F10B
:1014A00008000028BFF6FDAD5AAA494628A84CAE50
:1014B0005A95FEF7E9FF4EAA314B90ED0ABA326019
:1014C0004E9304232A9FB7EECBBA73600023169283
:1014D0003373002F00F08384B946F1E5C5F10800AD
:1014E0000028BFF6A7AD40AB49465AAA28A85A9390
:1014F000FEF7CAFF234B46AD90ED0AAA48AA2A9EE2
:101500002A60B7EECAAA179293E80300082382E87C
:1015100003006B6000232B74002E00F05C843746C0
:1015200092469AE5C5F103000028BFF650AD494642
:101530005AAA28A85A94FEF7A7FF134B90ED0A9ACF
:1015400008222A9FCDF80081B7EEC99A419293E80C
:101550000300002388E803008DF81031002F00F00D
:1015600046843E4644E500BF68E30608F4360608B4
:101570000431060834280024382800246261632DD1
:101580006261632B44EA050830EA0508C4360608A0
:10159000C6F103000028BFF6E6AC34AB49465AAAB0
:1015A00028A85A93FEF770FF3CAB90ED0A8A2A9D5B
:1015B0002360B7EEC88A7D4B1B68ADF8F0301B0C7A
:1015C0008DF8F230032363600023E372002D00F0F6
:1015D0000A842F46D9E4E368002B7FF4CEAE5C4644
:1015E00023AB9C4200F0968165693246AE4228BF2B
:1015F0002A4622B12169504626F0E6FC00B9701B4C
:101600000028C0F28781149B04F128059A4504D074
:1016100054995046013109F031F9D4E90A239A422C
:1016200000F04082D5E90001884200F02182DFED20
:10163000607A034653F8042B92ED037A994277EED1
:10164000877AF7D1091A5B4A52A8891007EE101A57
:101650002021B8EE477AC7EE876AB7EEE67A8DEDBD
:10166000007B26F0ABFB52A8EEF79AFE6FF04043EA
:10167000D8F8041002465B1A984200F23A8452A944
:1016800040461CF025FC129B4B4A93427FF41AAE55
:101690006FF04043D8F804204E46149F9B1A4546ED
:1016A000012B40F226840222444940461CF010FCE3
:1016B000159B002B00F05682D8F80410002940F04A
:1016C0003383169B0022DFF8FC8052A933603A2353
:1016D000304652931CF0B6F9529B864608F1300C06
:1016E0003060B36044460EF1100E08F110080FCCC4
:1016F00064454EF8100C4EF80C1C4EF8082C4EF8B1
:10170000043CEFD10022BA46B8E80300B8F8003034
:10171000CEF80000CEF80410AEF80830529B3168C5
:1017200073601295CA54139A736852F8045B13924B
:101730006FF04042934200F0DC83012220493046A2
:101740001CF0C6FBCDF848A1002D3FF49BAB28460A
:10175000EEF726FE0F280446409000F26E81012825
:1017600040F055812B788DF8503152460023539428
:101770001355249CDDE9528B002C00F0D7800DF12D
:101780008C0967695A46BB4528BF3A4622B1414693
:10179000206926F019FC08B9A7EB0B00002813DB21
:1017A000A368ABB1A1461C46EBE700BF54EA0508AD
:1017B00000000000C433060880E30608BC3B0608AE
:1017C0002CEA050808370608E368002BEBD14C46E5
:1017D00023AB9C4200F0AB8067695A46BB4528BFEB
:1017E0003A4622B14046216926F0EEFB08B9ABEB40
:1017F00007000028C0F29B80304604F128022946E9
:101800000C23FDF763FB5298504500F03F8154993B
:10181000013109F033F8A04B139A934283D16FF052
:1018200040437268129D9B1A012B40F26283022290
:101830009A4930461CF04CFB159B002B00F0E081D0
:101840007168002940F06C823068169B984203D082
:10185000B168013109F012F82868179B984203D04B
:10186000A968013109F00AF82E9830AB984203D0EC
:101870003099013109F002F82A98FDF78FFD249C78
:10188000FCB1E068FDF748F8A06AA56818B1216BC3
:10189000091A08F0F3FF206904F1180398420AD0EE
:1018A000A169013108F0EAFF3421204608F0E6FF83
:1018B0003DB12C46E5E73421204608F0DFFF002D3E
:1018C000F7D11E9CFCB1E068FDF726F8A06AA56878
:1018D00018B1216B091A08F0D1FF206904F118032F
:1018E00098420AD0A169013108F0C8FF342120468E
:1018F00008F0C4FF3DB12C46E5E73421204608F04E
:10190000BDFF002DF7D10DF55B7DBDEC0C8BBDE867
:10191000F08F23AC52AB21464A4622A8C9F80030CA
:10192000FEF74AFDDDF848A104466CE623AC52AB55
:10193000214640AA22A84093FEF73EFD04465BE7FD
:101940000322594626F040FB00B9F81E0028FFF696
:10195000F2AAB146B668002E7FF4E5AAFFF7EEBA08
:101960000822514626F030FB08B9A5F108000028EE
:10197000FFF67EABB146B668002E7FF471ABFFF781
:101980007ABB03223CA926F01FFB00B9F01E0028F9
:10199000FFF605ABA946AD68002D7FF4F8AAFFF766
:1019A00001BB0422394626F00FFB00B9301F002886
:1019B000FFF6C8ABAA46AD68002D7FF4BBABFFF7BE
:1019C000C4BB0422294626F0FFFA00B9301F0028C4
:1019D000FFF683ABBA46BF68002F7FF476ABFFF704
:1019E0007FBB0822414626F0EFFA08B9A5F10800AE
:1019F0000028FFF607ABB946BF68002F7FF4FAAAAC
:101A0000FFF703BB00283FF498AC14980DE00028C2
:101A10003FF4ABAE504618E00022494652A81CF0F5
:101A200011F8D9F80030529054932246394628F0E4
:101A30003EF9D9F80040529A80E4002240A952A809
:101A40001CF000F8409B529054932246294628F0FF
:101A50002EF9409C529A89E63246A3E73246B1E716
:101A60002A46BFE72A467CE732468BE73A4668E7D4
:101A70006FF04043D8F804209B1A042B40F23982BF
:101A80000522074940461CF023FAFCE5024B139A55
:101A900093427FF448AEC2E680E30608BC3B0608EA
:101AA00000370608149B38465293EEF779FC0F284E
:101AB0000446C9F8000000F2D680012840F0CE802C
:101AC0003B788DF85031149A0023539413551E9C83
:101AD000DDE95276002C00F078811DA90D46D4F87E
:101AE00014A03246564528BF524622B139462069D5
:101AF00026F06AFA08B9AAEB0600002804DBA368FE
:101B000033B125461C46EAE7E368002BFAD12C46A0
:101B10001DAB9C421BD065693246AE4228BF2A46A7
:101B200092B12169384626F04FFA68B100280EDBE1
:101B3000149B04F128059F423FF474AD5499384634
:101B4000013108F09BFE6DE5701B0028F0DA52AB06
:101B500021464A461CA8C9F80030FEF72DFC529FCA
:101B60000446E5E7D8F80430002B3FF4AAADB74CA3
:101B70002368BFF35B8FDA0740F19F81DFF8D092D3
:101B80002946B3481CF01BF8D9E9000101F02EFDED
:101B9000322002F051FC94E55AA85297EEF700FC6F
:101BA0000F280446306000F20181012800F0C18056
:101BB000002840F09C813A46002353941355539BD0
:101BC000A3B1A24C2368BFF35B8F13F0010800F0B0
:101BD0002681DFF87C9252A99D481BF0F0FFD9E9DD
:101BE000000101F003FD322002F026FC5298B842B9
:101BF0003FF431AB5499013108F040FEFFF72BBBA5
:101C00007368002B3FF420AE904C2368BFF35B8FCA
:101C1000DB0740F13A81DFF8389231468C481BF0FF
:101C2000CEFFD9E9000101F0E1FC322002F004FC12
:101C30000AE6D5F81490D3F814804A46C14528BF67
:101C4000424632B119692869169326F0BDF9169BF0
:101C500008B9A9EB0800C00FFFF753B800283FF4FC
:101C600032AF149808E00022494652A81BF0EAFE61
:101C7000D9F80030529054932246394628F017F88C
:101C8000D9F80040529A1FE74846FFF7B3B82E989C
:101C9000FAF7F6F9FFF730B90022184652A9169361
:101CA0001BF0D0FE529A169B2861AA614246594603
:101CB000169327F0FCFFDDF848812869169B002168
:101CC000C5F81480524600F808101AA82963C5E91F
:101CD0000A1122A9FEF7C6FADDE91A8373B323AA13
:101CE000981AB0FA80F04009B8F1000F18BF40F020
:101CF000010000287FD01A46294623AB0AF0F9F9E3
:101D0000279B529701332793D5E90B1399427FF410
:101D100050AB05F1280052AAFDF758FCFFF74CBB69
:101D20003068FAF7ADF98FE5D8F80000FAF7A8F9AE
:101D3000C7E49DF868318DF850313CE7286981454A
:101D400003D0A969013108F099FD284634214546A0
:101D500008F094FDFFF727BB002D3FF46BA92A463E
:101D6000FFF75DB9002D3FF432A92A46FFF724B9E9
:101D7000002E3FF4F8A83246FFF7EAB8002F3FF4F0
:101D8000C6A93A46FFF7B8B9002E3FF48AA93246F1
:101D9000FFF77CB9B9F1000F3FF4EFA94A46FFF70E
:101DA000E1B99BF800200276484688E7159A31464B
:101DB00052A81BF047FE33685290549322465AA90A
:101DC00027F075FF3468529AF6E61DACBFE60DF1B8
:101DD000A409FFF7E2BB0DF1A409FFF765BB0DF104
:101DE000A40AFFF740BB0DF1A409FFF7A0BB0DF15A
:101DF000A409FFF778BBD5F81490D3F814804A46AD
:101E0000C14528BF424632B119692869169326F0A8
:101E1000DBF8169B08B9A9EB0800C00F6BE720465A
:101E2000DFF82C9008F02CFD00283FF4D4AE09F127
:101E300008030848C9F8048089F80880C9F8003008
:101E400023F031FF204608F027FDC4E634280024A3
:101E500038280024FDE802082846DFF8A49008F09E
:101E60000FFD00283FF4DCAA159B2348C9F8043075
:101E700089F8083009F10803C9F8003023F013FF8E
:101E8000284608F009FDFFF7CBBA2046DFF870902E
:101E900008F0F6FC00283FF4C0AE159B1648C9F8C0
:101EA000043089F8083009F10803C9F8003023F03C
:101EB000FAFE204608F0F0FCAFE62046DFF840903E
:101EC00008F0DEFC00283FF45BAE159B0A48C9F819
:101ED000043089F8083009F10803C9F8003023F00C
:101EE000E2FE204608F0D8FC4AE64846DEE63846E0
:101EF00064E7024815F026F9FDE80208A03006085C
:101F0000382800240122FEF7E5BB00BF044B002265
:101F1000191D1A719A605A61C3E90311704700BF15
:101F200050280024014B9868FDF720B95028002460
:101F3000074B82B0D3F8F42042F00202C3F8F42039
:101F4000D3F8F43003F002030193019B02B0704711
:101F5000004402580368B3F1804F10B584B016D026
:101F6000234A93422BD0234A934201D004B010BDA0
:101F7000214BD3F8E82042F48072C3F8E820D3F86C
:101F8000E83003F480730393039B04B010BD1A4B35
:101F900000221C20D3F8E840114644F00104C3F8A5
:101FA000E840D3F8E83003F001030193019B02F00D
:101FB000B9FE1C2004B0BDE8104002F0EFBE0E4B8D
:101FC00000223720D3F8E840114644F02004C3F83B
:101FD000E840D3F8E83003F020030293029B02F0BC
:101FE000A1FE372004B0BDE8104002F0D7BE00BF0C
:101FF00000140040002000400044025830B5BFB03B
:1020000000210446C0220EA80C91CDE90811CDE9AB
:102010000A1126F003F8A64A2368934255D0A54A30
:10202000934200F0A680A44A934200F0EA80A34ABB
:10203000934201D03FB030BD022200230EA8CDE96B
:102040000E2305F05DFB002840F02E819C4B4FF4E1
:10205000806002210724D3F8E82042F48022C3F8EC
:10206000E820D3F8E82002F480220692069AD3F8FA
:10207000E02042F00202C3F8E020D3F8E0300C94F4
:1020800003F00203CDE90801002000210793079B1C
:10209000CDE90A0108A98B4804F0E6F94FF4006283
:1020A000022308A987480C94CDE9082303230122C1
:1020B000CDE90A2304F0D8F900222720114602F0C6
:1020C00031FE272002F06AFEB4E7022200230EA8A8
:1020D000CDE90E2305F014FB002840F0DC80784B9E
:1020E000062008A9D3F8E82042F40022C3F8E8202B
:1020F000D3F8E82002F400220092009AD3F8E020FE
:1021000042F00102C3F8E0204FF4C052D3F8E030AF
:102110000C9003F001036C4801930223019D6B4D69
:10212000CDE9082301220323CDE90A2304F09CF919
:1021300067490023402229604FF480612846EB6004
:102140006B612961C5E90122C5E90633C5E9083398
:1021500002F032FF002840F09B800022032134204F
:10216000E567AC6302F0DEFD342002F017FE3FB0FD
:1021700030BD012200230EA8CDE90E2305F0C0FAE0
:10218000002840F08B804E4B402002210724D3F8DA
:10219000F02042F01002C3F8F020D3F8F02002F053
:1021A00010020292029AD3F8E02042F00202C3F831
:1021B000E020D3F8E0300C9403F00203CDE90801ED
:1021C000002000210393039BCDE90A0108A93D48A3
:1021D00004F04AF98022022308A93A480C94CDE978
:1021E000082303230122CDE90A2304F03DF900224C
:1021F0002520114602F096FD252002F0CFFD3FB0CC
:1022000030BD022200230EA8CDE90E2305F078FA96
:10221000002846D12A4B042002210724D3F8E820C5
:1022200042F40032C3F8E820D3F8E82002F4003288
:102230000492049AD3F8E02042F00102C3F8E020AF
:10224000D3F8E0300C9403F00103CDE9080100203D
:1022500000210593059BCDE90A0108A91A4804F05D
:1022600003F90822022308A917480C94CDE9082392
:1022700003230122CDE90A2304F0F6F800222620E8
:10228000114602F04FFD262002F088FD3FB030BD20
:10229000F6F706F961E7F6F703F920E7F6F700F934
:1022A00071E7F6F7FDF8B5E7F6F7FAF8CEE600BF06
:1022B000004C004000100140004400400048004035
:1022C000004402580004025800000258301F002445
:1022D000100002400C2008B5F6F7FAFDFEE700BF3B
:1022E0001EF0040F0CBFEFF30880EFF30980F6F740
:1022F000F3BDF5E708B50920F6F7EAFDFBE700BFF7
:1023000008B50A20F6F7E4FDFBE700BF08B50B208F
:10231000F6F7DEFDFBE700BF704700BF704700BF68
:10232000704700BF02F0C2BC014803F089BE00BF85
:10233000301F00244FF4007004F0A6BA014806F0E4
:10234000AFBC00BF9C220024014807F02BB900BF9E
:10235000D8200024014807F025B900BF4020002400
:10236000014807F01FB900BFA81F00244FF48040A8
:1023700004F08ABA014807F015B900BF70210024A3
:10238000014806F08DBC00BF502200240120704798
:1023900008B527F055FC162203464FF0FF301A60AF
:1023A00008BD00BF08B527F04BFC16230360FEE70D
:1023B00070B5161E07DD0C468D19AFF3008004F8CA
:1023C000010BA542F9D1304670BD00BF70B5161E95
:1023D00007DD0C468D1914F8010BAFF30080A54200
:1023E000F9D1304670BD00BF4FF0FF30704700BFDD
:1023F0004FF4005300204B60704700BF012070472E
:10240000002070470D4903460D4A086810B50D4C71
:10241000121B20B10344934207D80B6010BD0A4C35
:1024200020460C6003449342F7D927F009FC0C22A4
:1024300003464FF0FF301A6010BD00BF6C28002427
:102440000000082400400000A0D601242749284AA3
:10245000D1F8883043F4700310B4C1F888301368A1
:1024600003F00F03062B05D8136823F00F0343F086
:10247000070313601F4B00241F4A19681C4841F0D2
:10248000010119601C6119680A401A6003681B0782
:1024900005D5036823F00F0343F007030360154BD2
:1024A000002216491648174C9A61DA611A629C623A
:1024B000D86219635A639963DA6319645A641968B4
:1024C000114821F4802119601A6603686FF30F0325
:1024D000B3F1005F03D20D4B0122C3F808210C4B6E
:1024E00043F2D2025DF8044B1A60704700ED00E041
:1024F00000200052004402587FEDF6EA80020101FC
:102500000000FF01000202020010005C0080005188
:10251000004000520FB400B5C3B04FF4807144AB1B
:1025200002A853F8042B019325F040FD00280ADD92
:10253000FF2802464FF47A7302A9A8BFFF2204487D
:1025400092B206F0B7FC43B05DF804EB04B07047FC
:1025500070210024A0F10700B0FA80F04009704714
:10256000072857D1012A70B50D468CB0144653D0B8
:10257000002A6BD1784900230DF1110C0DF1180ED2
:1025800004914FF6FF7041F221018DF814208DF86F
:102590001540ADF816308DF818301CF8013F80EA70
:1025A0000320430002049BB248BF4B405A001B0467
:1025B00092B248BF4A40530016049BB248BF4B40FA
:1025C0005A001D0492B248BF4A40530014049BB203
:1025D00048BF4B405A00180492B248BF4A405300CB
:1025E00012049BB248BF4B4058001E0480B248BF43
:1025F0004840E645D1D1040A8DF819004FF47A73AA
:102600000B2204A955488DF81A4006F053FC01200E
:102610000CB070BD002070470A78531E022BA9D859
:10262000002669463046CDE90066CDE90266F3F73B
:1026300053FE68B19DF8003053B1494B2A781978A0
:10264000002948D147490A701C70E0E70A7891E7F1
:1026500029780023444A0DF111048DF814100DF16E
:10266000180C4FF6FF7041F2210104928DF81530DD
:10267000ADF816308DF8183014F8013F80EA0320C9
:10268000430005049BB248BF4B405A00180492B265
:1026900048BF4A40530012049BB248BF4B405A0007
:1026A0001E0492B248BF4A40530015049BB248BF73
:1026B0004B405A00180492B248BF4A4053001204DB
:1026C0009BB248BF4B4058001B0480B248BF4840F3
:1026D000A445D1D18FE7254B0DF1110106AC4FF682
:1026E000FF7041F221058DF8142004938DF81560D8
:1026F000ADF816608DF8186011F8013F80EA0320EC
:10270000430006049BB248BF6B405A00180492B2C3
:1027100048BF6A40530012049BB248BF6B405A0046
:102720001B0492B248BF6A40530016049BB248BFD4
:102730006B405A00180492B248BF6A40530012041A
:102740009BB248BF6B4058001B0480B248BF684032
:102750008C42D1D14FE700BFA55A870170210024D8
:102760007628002475280024A55A8707A55A870AC9
:1027700008B5054806F094FE044806F091FE0448AA
:10278000BDE8084006F08CBED8200024402000247C
:10279000A81F002410B50A4C23681BB1236801331D
:1027A000236010BD074806F07BFE074806F078FE60
:1027B000064806F075FE23680133236010BD00BF94
:1027C00070280024D820002440200024A81F0024C2
:1027D0001A4B1A685AB11A68013A1A601B6833B961
:1027E000174B1B7810B503F0FF040BB110BD7047F9
:1027F00021464FF40072134825F010FC21464FF497
:102800000072114825F00AFC21464FF400720F486F
:1028100025F004FC4FF400720A490D4808F00AF84C
:102820004FF4007208490B4808F004F84FF40072A6
:1028300006490948BDE8104007F0FCBF7028002495
:1028400074280024788C0024788A00247888002456
:10285000D820002440200024A81F002408B50648E2
:1028600006F01EFE054806F01BFE054806F018FEA1
:10287000044B01221A7008BDD820002440200024F7
:10288000A81F002474280024054B1B7803F0FF00C8
:1028900023B9044B1868003818BF0120704700BFE7
:1028A00074280024702800244A48037810B588B0A2
:1028B000002B71D103F0FF01474B1A780AB908B019
:1028C00010BD464A14781970E4B211702046F3F72F
:1028D0009FFD031E18BF0123032801D0002B57D1F1
:1028E000DB00002045F6A52100228DF803300DF114
:1028F000010C8723ADF800108DF805000DF1080ECE
:102900004FF6FF7041F221018DF804408DF802303E
:10291000ADF806208DF808201CF8013F80EA03205E
:10292000430004049BB248BF4B405A00180492B2C3
:1029300048BF4A40530012049BB248BF4B405A0064
:102940001B0492B248BF4A40530014049BB248BFD4
:102950004B405A00180492B248BF4A405300120438
:102960009BB248BF4B4058001B0480B248BF484050
:10297000E645D1D1040A4FF47A730B2269468DF8EB
:10298000090017488DF80A4006F094FA08B010BD07
:10299000F3F728FC0A23A5E7002179246423012208
:1029A000017069460E488DF8004006F083FA0D4B21
:1029B0000D4A1A60BFF34F8FBFF34F8F0B490C4B7B
:1029C000CA6802F4E0621343CB60BFF34F8F00BFCD
:1029D000FDE700BF74280024762800247528002411
:1029E0007021002400000020AD1007B000ED00E0D1
:1029F0000400FA052DE9F04FD0E9007480467348D1
:102A0000E31B0D46724987B0DB1000FB03F38B42DA
:102A100000F0D980A742A5EB070B00F0AC80B3EB28
:102A2000430F4FEA430075D8002840F0C5801826B0
:102A30008146029009EB0B0AD2E900230AF1080053
:102A40000F2B0192059349F80B0000F2A180012B96
:102A500000F09A80002B40F0A7800022BD42CAF807
:102A60000430C2541CD009F1080307F1080A3E469D
:102A700043F8083CD6E90012514569D0B0681836D1
:102A80000AF1180AB542186043E9021203F118036B
:102A9000EED1A5F11806F61B26F0070630364E4497
:102AA000A54228D006F1080305F10801AA46A3466D
:102AB000DAF80020DAF804408A4243F8083C35D0BE
:102AC00043F8082C0AF1180A5AF8102C1831D3458B
:102AD00043E9014203F11803EAD15C463D4A631B16
:102AE000183BDB0802FB03F323F06043013303EBE5
:102AF000430306EBC3062FB1D8F808103846C91BAC
:102B000007F0BCFE029BC8E90096C8F8083007B081
:102B1000BDE8F08F304E3046019207F0C0FE8319B9
:102B2000814600F11806019A029383E70AF1180A18
:102B30001846621C019127F0BAF801990346DA455C
:102B400001F1180140F8044C03F11803B0D1C4E7B7
:102B5000013251461846183627F0A9F856F8142CB9
:102B60000346AE420AF1180A40F8042C03F1180398
:102B70007FF47EAF8DE70133CCD28B4228BF0B466A
:102B800003EB4303DE00C6E712788AF8082064E707
:102B9000002205A9504603931AF054FF059A039B9F
:102BA00049F80B00CAF808201A46019927F07FF867
:102BB000059BDAF8000050E7884228BF084600EB82
:102BC0004000C600A7E7054814F0BCFAABAAAAAAC1
:102BD00055555505ABAAAA0AF8FFFF7FD0EB0508AB
:102BE000002918BF00282DE9F04F08BF0127C9B000
:102BF00018BF002704D10027384649B0BDE8F08F40
:102C000017AC0F2906460D460B460F91159400F29E
:102C1000C781012940F0D381027821468DF85C20DC
:102C200000221693CA54169D9DB142F20146691EB8
:102C3000159A535C0D2B00F2D18026FA03F3DB07C3
:102C400040F1CC80012215A81AF09BFF169D002DA3
:102C5000EDD1DDF854902E4609EB050AA84607E0B1
:102C60001AF8010D08F1FF3B24F058F810B1D846CE
:102C7000B045F5D8B542A8EB0608C0F0F082AD1B10
:102C80004E440DF12C094545CDF8249028BF45460A
:102C90000F2D0F9500F26581012D00F05E81002D52
:102CA00040F0B1814A4600230A9553551598A04239
:102CB00003D01799013107F0E1FD09A8052300228F
:102CC000AF491BF0C7F90646002840F0C08026A88F
:102CD00014F098FAAB4BAC4A3146ADF80C61269231
:102CE0004296D3E901B2CDE944665BF80C3CCDF8DD
:102CF00054B003F5907303926B44CDE9466643F8F4
:102D0000CC2C15AB16965BF80C0C184414F064FA36
:102D10009E4B1EA81593143326939D4BCDE9186640
:102D20001793CDE91A66CDE91C6608F0E5FB994BCF
:102D30001F96179322ABDDE90975209317B9002D73
:102D400040F093820F2D0F9500F24581012D00F088
:102D50003E81002D40F0A58122AB0DF13C084FF0E3
:102D6000000A2195204603F805A008235246209921
:102D70001F9353461AF058FC214626A8574614F0D4
:102D80002BFA11AB002254460F930023CDF840A03C
:102D90008DF844A0CDF820A0CDE90623414615A822
:102DA00007F0A2FD036853F80C3C1844426912F086
:102DB00005026BD1BC4221D0109D04F108000F2DFB
:102DC00020600F9B059551D8012D4CD0002D56D178
:102DD0006560183400F805A00794DFE7914602F11A
:102DE000FF38002603E00136AE423FF435AF18F855
:102DF000010F23F093FF0028F5D12DE7214642462D
:102E000006A8FFF7F7FDDDE90747C7E7052A00F049
:102E100025816148FFF77EFBA04512D008F1080527
:102E2000464655F8080C854200F0CB80B16818364C
:102E30001835013107F022FDB442F2D1B8F1000F8C
:102E400004D0A7EB0801404607F018FD01270998B8
:102E500048453FF4D1AE0B99013107F00FFD3846DC
:102E600049B0BDE8F08F1B782372B1E705A9204671
:102E700002931AF0E7FD059A029B2060A2602A46A1
:102E8000194626F014FF059D2068A1E70F9811ABA5
:102E9000984203D01199013107F0F0FC3B4B209888
:102EA0001593143326933B4B179322AB984203D0D0
:102EB0002299013107F0E2FC354B1EA8179307F069
:102EC00017FE5BF80C3C26A8039A03F59073CDF827
:102ED00054B06B4443F8CC2C2B4B26930023169311
:102EE00014F0D0F9DDF81880A4EB0805182D00F0D7
:102EF0008380D8F81C2089D9042A00F0B780052ADD
:102F000000F08380302D84D9D8F83430002B80D065
:102F1000002215A91592D8F8300023F00FFE159B5A
:102F2000D8F8302082469A423FF473AF1B78002BCA
:102F30007FF46FAF431E022B3FF66BAFD8F81C2017
:102F40005FFA80FB042A00F0B080052A00F0D180EF
:102F500009991248FFF7DEFA5EE733788DF82C30D6
:102F6000A0E600220FA909A81AF06CFD0F9B09909A
:102F70000B932A46314626F09AFE0F9D099A92E657
:102F80004C370608041C070804150708201C07080E
:102F9000781C0708A41B0708B8380608F83A060882
:102FA0003A460FA915A81AF04DFD0F9B15901793DF
:102FB00031462A4626F07BFE0F9B159930E62046C7
:102FC000F6E718361835A6427FF42BAF36E73B7884
:102FD0008DF88830C0E60DF13C08002220A841465B
:102FE0001AF030FD0F9B209022932A46394626F096
:102FF0005EFE0F9D209BB2E69D48FFF78BFAA04531
:103000007FF40CAF1AE74846B3E79A49D8F818009E
:1030100024F0DAFF00287FF475AF0025DFF88CA2DA
:103020000FE0179B31469DF8602050460193169B98
:1030300000939DF85430FFF76DFA012E3FF4ECAE8B
:10304000012615A9F0B2CDE91555CDE91755F3F7CD
:1030500043F90028E5D1012EF2D1DDE68549D8F803
:10306000180024F0B1FF0028D7D0D2E6D8F81830E5
:103070001A78682A7FF446AF5A780133652A7FF4BC
:1030800041AF13F8012F6C2A7FF43CAF5B78702BB3
:103090007FF438AF7648FFF73DFAA0457FF4BEAE27
:1030A000CFE622A80DF13C089FE7D8F818301A782F
:1030B000732A4BD06A2A7FF44BAF5A780133752AB2
:1030C0007FF446AF13F8012F6D2A7FF441AF5B7890
:1030D000702B7FF43DAF5846F3F7DCFA032800F27B
:1030E0008A80654A52F8202051466448FFF712FA58
:1030F00092E66349D8F8180024F066FF00287FF4B0
:1031000027AF482D08D9D8F84C30002B75D151463F
:103110005C48FFF7FFF97FE6024605460294ECB2F1
:1031200015A92046CDE91522CDE91722F3F7D4F8E9
:10313000002238B19DF8541021B19DF86010594516
:1031400000F08A80002D39D10125E8E75A78013353
:10315000792A7FF4FDAE13F8012F6E2A7FF4F8AEC2
:103160005B78632B7FF4F4AE482D4FF0000210D94A
:10317000D8F84C30DBB1159215A9D8F8480023F0E7
:10318000DDFC159BD8F8482006469A420FD01B78E4
:103190006BB931465846F3F7FDF803280CD8364B87
:1031A00053F8202051463848FFF7B4F934E6514629
:1031B0003648FFF7AFF92FE6354AF3E700222C46F1
:1031C000F5B215A92846CDE91522CDE91722F3F766
:1031D00083F8002230B19DF8541019B19DF86010A9
:1031E000002937D00EB92646EAE751462948029C05
:1031F000FFF790F910E6264A76E7002215A9159206
:10320000D8F8480023F09AFC159BD8F848209A4239
:103210003FF47DAF1B78002B7FF479AF01283FF698
:1032200076AFC5B258462946F3F7F2F850B10328F5
:103230000ED8114B53F820302A4651461648FFF756
:1032400069F9E9E52A4651461448FFF763F9E3E5D1
:103250000F4BF1E7029CE5E72546029CE2E72B468F
:1032600032460F490F4813F073FF0F4813F067FF02
:103270005C3706085838060890E30608BC3A06088A
:10328000803906088839060844390608FC380608DB
:1032900044370608CC390608143A0608703A06087E
:1032A0001C3306083433060804E9050860380608AC
:1032B0002DE9F041044608460E46EDF771F8074641
:1032C0003CB3184D42F20148254403E0DB0707D523
:1032D000013C1ED015F8010D0D2828FA00F3F5D990
:1032E00023F01CFD0028F3D1BC4215D10D4F34440E
:1032F00001E0B44212D017F8010B23F017FD054688
:1033000016F8010B23F012FD8542F2D00020BDE833
:10331000F081B7FA87F04009BDE8F0810120BDE8EF
:10332000F08100BF782800242DE9F04FDFF8B4A227
:10333000ADF5237DDFF8B0B201F098F8044600281F
:1033400040F0E28072B69AF80030002B00F03D8128
:103350009BF8003022A8A14D03EBC31305EB8302B9
:1033600015F823601146558804312A4626F09FFC43
:103370009BF80030013303F007038BF800309AF814
:103380000030013BDBB28AF8003062B606F1300251
:103390000DF1300801210AA8D2B2CDF828801AF028
:1033A000CCFB3A2301210DF14809ADF848300A9BC6
:1033B0000B9A4345CDE9109111440AD00C988142F3
:1033C00002D90F2940F2CD806FF040439A4200F0BD
:1033D0000181494601220AA816AC1AF079FD064679
:1033E00018AF3146276051F8083B8B4200F0C98086
:1033F0002360B368A36073680F2D63604FF0000310
:103400003160736033721EAE04951C9600F2918099
:10341000012D00F08580002D7AD1324600231D95C4
:103420005355236860681D9ABB4200EB020C00F004
:10343000C180A5681C99AC4506D9B14200F0C38093
:103440001E9DAC4540F2A5806FF040431B1A9A4286
:1034500000F2C08020461AF03BFD014606AD03464F
:10346000049551F8082B8A4200F09A8004928268F1
:1034700006925A680592002219601A721C985A60C6
:10348000B04203D01E99013107F0F8F92068B84224
:1034900003D0A168013107F0F1F91098484503D035
:1034A0001299013107F0EAF90A98404503D00C99C6
:1034B000013107F0E3F9059FDDF810800F2F1C960E
:1034C00027603FD8012F30D198F800308DF8783040
:1034D000324600231CA81D97D355F1F7ADFF1C9869
:1034E000B04203D01E99013107F0C8F90498A842F0
:1034F0003FF422AF0699013107F0C0F900F0B6FFA2
:10350000044600283FF41EAF0DF5237DBDE8F08F83
:1035100030462A4622A926F0CAFB049D1C9A7DE764
:103520009DF888308DF8783077E7002FD0D030467E
:1035300010E0002204A91CA81AF084FA049B1C9035
:103540001E93E6E7002221461CA81AF07BFA2368A6
:103550001C901E933A46414626F0A9FB27681C9A08
:10356000B7E72146009210A822461AF063FC0646EF
:1035700016AC18AF3146276051F8083B8B427FF4F8
:1035800037AF726838460291013226F090FB0299FB
:1035900031E7002200901CA811461AF04BFC5CE7B2
:1035A0004268039028460132029126F080FBDDE953
:1035B00002135EE7BCF10F0F1C997FF645AFB142D5
:1035C0007FF43EAF46E70F253BE762B60DF5237D5E
:1035D000BDE8F08F024813F0B5FD00BF788E0024DF
:1035E000A03006089C9E00249D9E0024F8B5044649
:1035F000C8200E46F5F750FCDCB1002E19DD00F0B6
:1036000035FFB0B9104B1B789BB1104D104F04E043
:10361000F5F742FC384603F077F94FF400412846AD
:1036200003F028F90346C920002BF1D000F01EFF5B
:1036300000B1F8BDCA20F5F72FFC2146B2B205480B
:10364000BDE8F84005F0E0BD4C000024000C025835
:10365000E8220024702100242DE9F0410446D22004
:103660000E46F5F719FCDCB1002E19DD00F0FEFE68
:10367000B0B9124B1B789BB1114D124F04E0F5F716
:103680000BFC384603F040F94FF40041284603F0A4
:10369000F1F80346D320002BF1D000F0E7FE08B18B
:1036A000BDE8F081D420F5F7F7FB2146B2B24FF424
:1036B0007A730548BDE8F04105F0FCBB4C000024DE
:1036C000000C0258E822002470210024F8B50446BA
:1036D0000E46B14D00F0CAFE38B1B04B9C4218BF47
:1036E000AC421ED0AE4A94421BD0AE4FBC4205D075
:1036F00000224FF40051AC4803F0C2F8AC4234D081
:10370000A64B9C4200F0E980A54B9C421ED0BC42D7
:103710007CD001224FF40051A348BDE8F84003F0EB
:10372000AFB8AC421ED09C42A04BA14D12BF0320AB
:1037300002201D46B6F5007F40F229812946204629
:103740004FF40072BDE8F84007F074B8FFF79CF83A
:10375000002800F03F81974B1A68D36843F00103BB
:10376000D360F8BD0120944DE4E7FFF78DF8002801
:10377000F1D140F22D10F5F78FFB002E00F08C8177
:103780008D4B9A1912F8012C0A2A06D0B6F5007F43
:1037900003D20A21721C995596B2864C4FF6FE70E0
:1037A000197822687B29D36803EA0003D36000F00C
:1037B000CF8140F23710F5F76FFB00F057FE731E14
:1037C000B3F5007F80F07A81002840F077817B4D4F
:1037D0002B78072B00F27281794F0121794A3B78CF
:1037E00003EBC3139B00181DD154134472491044BA
:1037F00032465E8026F05BFA3B78013303F0070324
:103800003B702B780133DBB22B705BE100F02EFEB6
:1038100000285AD14FF49870F5F73EFB00F0FCFAFF
:10382000002800F0748100F0F7FA002840F053817E
:1038300000F01CFE0446002847D163493046FFF7DC
:1038400037FD002840F0D98160493046FFF730FD50
:10385000002840F0D581042E40F2A0815C4C2078F5
:1038600023F064FA0546732023F060FAA84240F082
:103870009581607823F05AFA0546692023F056FABC
:10388000854240F08B81A07823F050FA05466D20E8
:1038900023F04CFA854240F08181E07823F046FA2B
:1038A0000546752023F042FA854240F07781207961
:1038B00023F03CFA0446202023F038FA844240F0FA
:1038C0006D8131464248F8F76FFD4FF4C0424049E0
:1038D0003448BDE8F84006F0ADBFFEF7D5FF00283C
:1038E0007FF439AF4FF49770F5F7D6FA002E00F059
:1038F000F7802E4B9A1912F8012C0A2A06D0B6F539
:10390000007F03D20A21721C995596B2294C4FF6BA
:10391000FE70197822687B29D36803EA0003D3601C
:1039200000F0228140F24110F5F7B6FA00F09EFD5A
:10393000731EB3F5007F80F0E580002840F0E28040
:103940001E4D2B78072B00F2DD801D4F02211D4AF2
:103950003B7803EBC3139B00181DD1541344134948
:10396000104432465E8026F0A2F93B78013303F022
:1039700007033B702B780133DBB22B704FF4A1703F
:10398000F5F78AFA4FF400720849044876E03246A7
:10399000294600F0A9FDD1E6D820002440200024CB
:1039A000A81F00247021002400080258788A0024EF
:1039B000788800249C220024788C00249C9E00247B
:1039C0009E9E0024788E0024603B0608683B060813
:1039D0007828002440F22F10F5F75EFA002E00F050
:1039E000A080964B9A1912F8012C0A2A06D0B6F537
:1039F000007F03D20A21721C995596B2904C4FF663
:103A0000FE70197822687B29D36803EA0003D3602B
:103A100000F0B78040F24B10F5F73EFA00F026FDBB
:103A2000731EB3F5007F80F08E80002840F08B80FD
:103A3000844D2B78072B00F28680834F0321834A25
:103A40003B7803EBC3139B00181DD15413447B49EF
:103A5000104432465E8026F02AF93B78013303F0A9
:103A600007033B702B780133DBB22B704FF4A67049
:103A7000F5F712FA4FF400727049754806F0DAFE55
:103A8000246801224FF40051E36872481343E36055
:103A9000BDE8F84002F0F4BE694C4FF6FE706E4B84
:103AA00022681978D3687B2903EA0003D3604FD0DA
:103AB00040F23710F5F7F0F900F0D8FC674A1368C8
:103AC000013313604FF49C70F5F7E6F94FF4007280
:103AD00061496348D2E73146624800F08FFAF4E664
:103AE000574C4FF6FE70604B22681978D3687B29DB
:103AF00003EA0003D36037D040F24110F5F7CCF968
:103B000000F0B4FC554A13680133136036E73146C0
:103B1000544800F047FA00283FF485AEFEF728FE2F
:103B200081E6474C4FF6FE70444B22681978D36803
:103B30007B2903EA0003D36023D040F24B10F5F752
:103B4000ABF900F093FC454A1368013313608DE72D
:103B500032464149012000F0C7FC0028B6D1314669
:103B60003D48FFF743FDB1E732463F49022000F0F0
:103B7000BBFC00287FF406AF31463B48FFF736FD1B
:103B800000E732462D49032000F0AEFC00287FF408
:103B900071AF31462948FFF729FD6BE733493046BD
:103BA000FFF786FB80BB2F4D31462846F1F75EFFBD
:103BB00000287FF48AAE2E493046FFF779FB044691
:103BC00088BB012E0BD92B7803F0DF034D2B06D1D8
:103BD000687823F0ABF8642828D06C282AD02549CF
:103BE0003046FFF765FB00283FF475AF4FF4FA60ED
:103BF00000F022FCFAF738FB67E61F4B1C7064E606
:103C00001D4B01221A7060E6FEF73EFE04460028B6
:103C10007FF45BAE00F030FC0A49184A0A4B0C7086
:103C200014701C7051E6F7F70FFB4EE6144B01229F
:103C30001A704AE6124B1C7047E600BF78880024D1
:103C40009C2200249C9E00249E9E0024788E0024AA
:103C5000A81F002400080258788C0024989E002495
:103C6000D820002478280024788A0024703B060895
:103C7000100E0608F42206084C0000249D9E002425
:103C8000BC0B0024294B984210B5044617D0284B92
:103C900098422FD0274B98423AD0274B984200D0D9
:103CA00010BD4FF4C0420021244824F0B7F920464B
:103CB0004FF4C0422149BDE8104006F0BBBDFEF7FD
:103CC000E3FD014688B94FF400721D4824F0A6F9BF
:103CD0004FF400721A49204606F0ACFD194B1A68E1
:103CE000D36843F00103D36010BD2046BDE8104007
:103CF00005F0D6BBFEF7C8FD01460028F5D14FF40C
:103D00000072114824F08AF94FF400720E49E2E77C
:103D1000FEF7BAFD01460028E7D14FF400720B48C8
:103D200024F07CF94FF400720849D4E7D82000242D
:103D300040200024A81F002470210024782800249B
:103D4000788C00249C220024788A0024788800241F
:103D5000002345F6A5224FF0820C60F30703080A02
:103D600000B561F30F2389B060F31743ADF800206D
:103D70000A0C8DF802C0090E0DF1010062F31F63F9
:103D80000DF1070E8DF807104FF6FF7C41F221016F
:103D9000CDF8033010F8013F8CEA032C4FEA4C03B6
:103DA0001CF4004F9BB218BF4B405A001B0492B248
:103DB00048BF4A40530012049BB248BF4B405A00D0
:103DC0001B0492B248BF4A40530012049BB248BF42
:103DD0004B405A001B0492B248BF4A4053001204A1
:103DE0009BB248BF4B404FEA430C1B041FFA8CFCAC
:103DF00048BF8CEA010C8645CCD14FF47A730A2275
:103E000069460448ADF808C005F054F809B05DF8FB
:103E100004FB00BF70210024084B187810B9084B30
:103E2000187800B17047074B18780028FAD1064B74
:103E30001868003818BF0120704700BF34BF012444
:103E400030BF012428BF0124249F0024F0B54F4E29
:103E50008BB0337833B94E4C2378002B40F09080F0
:103E60000BB0F0BD4B4C4C486168F2F74DFAA368BB
:103E70000546984279D006276078F2F719FA0023B0
:103E800001224FF4005145483370C4E90033C4E9BE
:103E9000023302F0F5FC3E4C48F201438422A77045
:103EA0006560238045F6A5230DF1090E0DF10F0085
:103EB0004FF6FF7CADF80830002341F2210162F398
:103EC00007032A0A67F30F2365F3174362F31F639F
:103ED0002A0C2D0ECDF80A308DF80E208DF80F50DB
:103EE0001EF8013F8CEA032C4FEA4C031CF4004FF0
:103EF0009BB218BF4B405A001D0492B248BF4A40C3
:103F0000530012049BB248BF4B405A001F0492B2A8
:103F100048BF4A40530016049BB248BF4B405A006A
:103F20001D0492B248BF4A40530012049BB248BFDE
:103F30004B404FEA430C1B041FFA8CFC48BF8CEA31
:103F4000010C8645CCD14FF47A730A2202A9144899
:103F5000ADF810C004F0AEFF002881D1C4E9000024
:103F60000BB0BDE8F040FEF733BC63680A4A00902E
:103F7000A1786078F2F73CF9656828B100277EE700
:103F80006278A77865688DE7042775E730BF01245C
:103F900028BF012434BF0124285F012400080258EF
:103FA00070210024002918BF002830B504460CBF3A
:103FB000012000201ED004EB010C0F4D1CF8012D38
:103FC00001F1FF3EA2F10A0332B1DBB2162B25FA52
:103FD00003F206D8D30704D51FFA8EF10029EDD1DC
:103FE00030BD0129FCD12078A0F14200B0FA80F068
:103FF000400930BD002030BD09004000002900F01C
:104000000A822DE9F04F074683B0002800F0F881BE
:104010008846B04CDFF8DC922378002B40F0988083
:10402000AD4E3068002800F0E48000EB0805B5F5DF
:10403000404F40F24A81B8F5404F336000F2F780BC
:104040004546A64842463946019325F030FE012DEB
:10405000356040F2D581DFF8849209F102030093C4
:10406000019B1F469D4A012103E0AB4200F0708195
:10407000194612F8010B4B1CA528F6D110785A28C6
:10408000F3D1013940F08281022D00F06B8199F863
:1040900002A0BAF1020F00F056815046FEF75AFA1C
:1040A0000246002800F06381014600F105083568EA
:1040B000A84500F257818A4B41F2210C33F801B038
:1040C000981E009B03EB020E4FF6FF7310F8017F62
:1040D00083EA07235F001B04BFB248BF87EA0C07CF
:1040E0007B003F049BB248BF83EA0C035F001B04C4
:1040F000BFB248BF87EA0C077B003F049BB248BFB2
:1041000083EA0C035F001B04BFB248BF87EA0C07B9
:104110007B003F049BB248BF83EA0C035F001B0493
:10412000BFB248BF87EA0C077B003F049BB248BF81
:1041300083EA0C038645C9D19B4500F0E380013D2D
:1041400068492A46481E23F04FFF3560012789E75A
:104150006668D4F80CA0B6F5C04F1DD8002511E054
:10416000ADB21A4692B209EB0A000AEB020BB34554
:1041700018D825F09CFDB345DA46C4F80CB05BD0E6
:10418000454554D2A8EB0502A6EB0A0379199342E0
:104190001D44E5D94546E5E7A6EB0A06464594BF2A
:1041A000B5B245466078F2F783F84FF4C04200217B
:1041B000484623F033FF4C4E002301224FF40051B8
:1041C0004A483370C4E90033C4E9023302F058FBB3
:1041D000474B012140F28442C3F804A01970A3F8B0
:1041E0000120454523D2A8EB05082F441FFA88F883
:1041F00012E707EB08054146DFF8FCE015F8010D72
:1042000001F1FF3CA0F10A0230B1D2B2162A2EFA17
:1042100002F015D8C20713D51FFA8CF10029EDD191
:104220003A78A52A14D1B8F5404F7FF609AF01239B
:10423000184603B0BDE8F08F01232B4A1370D0E776
:1042400001293A78EDD1422AEBD1FEF707FBEEE7E0
:104250007E1E00970125DFF8A490DFF8A4A04FF0A0
:10426000000B1F4609E00AF801200131C9F80010CF
:104270006A1C4545154600F0C58016F8012F0A2A2C
:1042800008D00D2AF4D0D9F800107F29EBD9C9F84D
:1042900000B0EDE7B9F800105046FEF7A1FC227817
:1042A000002818BF0746C9F800B0002AE0D04545ED
:1042B000DED20197A8EB0501009F89B27819FFF7BC
:1042C0009DFE019B0343DBB2B2E7DFF81090484448
:1042D000B8E600BF34BF0124249F0024289F002497
:1042E0002B9F0024299F002430BF0124000802587E
:1042F00028BF0124285F012409004000A09E00245B
:10430000A49E0024BAF1020F3BD1082A47D1D9F864
:104310000370D9F807A07B1EB3F5C04F43D33946CD
:104320000420FFF715FD356845451DD9A5EB0805A7
:1043300009EB080148462A4623F056FE012D356058
:104340007FF404AF73E708214FF00D080A46AFE68B
:104350006D1A484649442A4623F046FE012D356031
:104360007FF492AE3B4663E7002333605FE7356836
:10437000012DF9D9013D29492A46481E23F034FE72
:10438000DCE750462649FEF7EBF8CCE7A942DFD33D
:104390003B4600221846326003B0BDE8F08F012092
:1043A000FFF7D6FCBFE70025F1F70EFF1D4B0122FA
:1043B0004FF400511C481D70C4E90055C4E9025572
:1043C00002F05EFA194B29464FF4C04218481D60AE
:1043D000356023F023FEFEF7DDF901232A464FF472
:1043E00000511148C4F808A0A4F801506760E560C6
:1043F000237002F045FA39462846FFF7A9FC92E7F8
:10440000002315E7002F7FF412AF084B1B68003B19
:1044100018BF01230CE7002318467047299F00248A
:104420002B9F002430BF012400080258A09E0024C6
:10443000285F0124704700BF38B50B4D04460022A9
:104440002B6804EB840428465A6204F089FA600061
:1044500004D02B685B6A00BF9842FAD80248BDE8D6
:10446000384004F0CBBA00BF04220024014B187876
:10447000704700BFBCC2012413490A781ABB02F07E
:10448000FF030122DFF858C0F0B50A701A460F4C3E
:104490000F4F104EDFF84CE00F4D0EF80320603444
:1044A0000CF80320013347F8042B032B06F8012BEB
:1044B00095E8030044F8600C04F85C1CEDD1074B50
:1044C00001221A70F0BD7047BCC2012494C10124BE
:1044D00048BF012444BF0124942F0608BBC2012415
:1044E000B4C20124B8C20124AA4B1B782DE9F04FB5
:1044F00003F0FF04A3B08BB300F1FF385FFA88F339
:10450000022B2FD871B34AB38F18A34B08EB480284
:104510000E46DFF89CA203EB8213DFF888B2029408
:1045200001930AE05AF82830BF2B20D80199CA54C9
:1045300001334AF82830BE420FD016F8012B0A2A60
:10454000F0D1964B13F80830ABB95C460023BE425D
:1045500004F808304AF82830EFD1029C204623B0F6
:10456000BDE8F08F0024204623B0BDE8F08F012382
:104570000BF80830DFE78A4B8A4C13F80830002B21
:10458000E4D114F80830002BE0D108EB480282494E
:104590004FEA480001EB82115AF828200590039158
:1045A0000492002AD2D001397F48944604E0ED07F6
:1045B0000AD501339C45C9D011F8012F093AD2B26E
:1045C000172A20FA02F5F2D904999942BED9039A22
:1045D000D25C7B2ABAD103F1010C6145B6D9039AAA
:1045E0000D46134406E010F0010F0CF1010CADD0A4
:1045F0006545ABD913F8011F6B48A1F10902D2B28E
:10460000172A20FA02F0EED9049B63459ED922298D
:104610009CD10CF101029946234664461546069248
:10462000039A2846451E154409E015F8011F222962
:104630000BD01F2907D95C2900F0FF806046814517
:1046400000F1010CF1D81C4680E7E146A446069A29
:104650000546A0EB0C0C1C46BCF1080F7FF476AFAE
:10466000039B52499818072223F0AEFC00287FF4E0
:104670006DAF049A4A457FF669AF039B02F1FF399B
:104680001D44994405E0C0077FF560AFA9453FF49C
:104690005DAF2B4615F8011F4348A1F10902D2B2C4
:1046A000172A20FA02F0EED93A297FF44FAF0233ED
:1046B000039A04999B1A99427FF648AF013B134431
:1046C00005E0E9077FF542AF99453FF43FAF184653
:1046D00013F8011F344DA1F10902D2B2172A25FAAD
:1046E00002F5EED9039BC3F10102049B02449342FD
:1046F0007FF62CAF22297FF429AF02F1010C1D4671
:104700000792234642466046B846039C37466646B3
:10471000CDF8189000F1FF3CA44409E01CF8011FFB
:1047200022290ED01F2907D95C2900F09D807046F0
:10473000854200F1010EF1D83E461C4647469046A0
:1047400004E7B4463E4647469046079A0546DDF8DC
:1047500018901C46821A911E013A5E293FF6F6AE69
:10476000039B0AA8069203EB0C01CDF81CE025F090
:104770009EFA069A002102F188030DEB0302079BC3
:1047800002F8601C049A9A427FF6E0AE039B1D4437
:1047900016E000BFBCC2012454BF0124B4C20124EE
:1047A000B8C2012444BF012413008000803B0608E6
:1047B00048BF0124C2077FF5C9AEA9453FF4C6AE84
:1047C000294615F8012F7948A2F10903DBB2172B0E
:1047D00020FA03F0EED97D2A7FF4B8AE039B0231B4
:1047E000A1EB030C049B634514D90CF1FF32039B2E
:1047F0006E491344049D1A4612F8013F093BDBB28F
:10480000172B21FA03F005D8C30703D50CF1010CCF
:104810006545F1D8049B63457FF498AE059B0AA9D2
:104820006348434400EB431025F039FABFF35F8F30
:104830000123604A02F8083088E6E1457FF603AFBD
:1048400012F80C10851C00293FF4FDAE75296DD0BF
:104850005948CDE9072323F0F8FBDDE907230028B9
:104860003FF4F1AE2846DDE675457FF665AF14F8F6
:104870000E1000F1020900293FF45EAF75290BD03C
:104880004D48CDE9082323F0E0FBDDE908230028AB
:104890003FF452AF48463DE74D457FF64DAF14F823
:1048A000091000F1030C21F0200EAEF1410EBEF113
:1048B000050F03D9303909293FF63EAF65457FF62C
:1048C0003BAF14F80C1000F1040C21F0200EAEF1F7
:1048D000410EBEF1050F03D9303909293FF62CAF3F
:1048E00065457FF629AF14F80C1000F1050C21F096
:1048F000200EAEF1410EBEF1050F03D93039092962
:104900003FF61AAF65457FF617AF14F80C1021F08B
:10491000200CACF1410CBCF1050F03D93039092949
:104920003FF60AAF00F106094846F3E6A9457FF6CF
:104930008AAE515DC51C21F0200CACF1410CBCF1DC
:10494000050F03D9303909293FF67DAEA9457FF619
:104950007AAE515D051D21F0200CACF1410CBCF18B
:10496000050F03D9303909293FF66DAEA9457FF609
:104970006AAE515D451D21F0200CACF1410CBCF13B
:10498000050F03D9303909293FF65DAEA9457FF6F9
:104990005AAE515D21F02005413D052D03D9303936
:1049A00009293FF650AE851D28463BE613008000DE
:1049B00094C10124B8C20124743B06086D4B1A78D7
:1049C000002A00F0D680002201212DE9F0476A4C30
:1049D00090466A4EADF5067D694FDFF8C0A1DFF85D
:1049E000C0911A70217056238DF8183000F06AF9C2
:1049F000054608E0022B1DD101F086FF00F062F9A8
:104A0000401B312816D80523012206A9304604F0A0
:104A100051FA03463846002BECD108F10108B8F1F1
:104A2000030F0FD0012398450CBF56464E4604F89D
:104A30000830D8E7002304F8083008F10108B8F17D
:104A4000030FEFD100F03EF940F2DB574D4D064623
:104A5000DFF82C810AE02B7883B9637803B16B7897
:104A6000A37803B1AB78404601F04EFF00F02AF97D
:104A7000801BB8420AD82378002BECD1637813B19D
:104A80006B78002BECD0A378002B43D1EFF310828E
:104A900072B6002323706370A37082F310883A4BC0
:104AA0004FF400713948A3F16004394ACDE901306F
:104AB0000094C03B06A823F081F9431E0746B3F5D6
:104AC000FF7F2BD900272D4D2D4EDFF8D090DFF83A
:104AD000D08052238DF8173000F0F4F8044606E039
:104AE00001F012FF00F0EEF8001B31280AD8052370
:104AF00001220DF11701284604F0DCF90346304687
:104B0000022BEDD00137032F2CD0012F0CBF4D46C7
:104B10004546DEE7AB78002BA5D0B7E700F0D2F82A
:104B20001C4DDFF880800446154E09E000F0CAF8FD
:104B3000034630461B1BB3F5967FC3D201F0E4FE5B
:104B4000D5F88830202BF1D14FF40041404601F0D8
:104B500091FE0028EAD06423BAB206A90D4804F0F9
:104B6000A9F9AFE70C4B00221A700DF5067DBDE8E0
:104B7000F0877047BBC20124B4C20124D8200024AE
:104B8000E8220024B8C2012454C2012450000024A9
:104B9000883B060870210024BCC201244020002468
:104BA000A81F0024000C0258DFF838D0FFF742FCA1
:104BB000FDF74CFC0C480D490D4A002302E0D45887
:104BC000C4500433C4188C42F9D30A4A0A4C002357
:104BD00001E013600432A242FBD325F037F8F3F76B
:104BE000C1FC7047000008240000002420030024BA
:104BF0008C2A070820030024A0D60124FEE7000029
:104C00000F4B1B780BB90120704710B504464FF4C9
:104C10007A700C4AB0FBF3F31068B0FBF3F000F0CD
:104C2000CBF80F2C00D808B1012010BD002221467E
:104C30004FF0FF3000F076F8034B00201C6010BDF1
:104C400064000024480000246800002410B50320FC
:104C5000124C00F055F802F0EBF9114B11499A692A
:104C60009B69C2F3032203F00F038A5CCB5C02F062
:104C70001F020D4903F01F03D04020FA03F3086020
:104C80000F202360FFF7BCFF10B10124204610BDA8
:104C90000446FDF74DF9204610BD00BF4400002436
:104CA0000044025880E3060848000024034A044BED
:104CB00011681B780B441360704700BFC0C2012409
:104CC00064000024014B1868704700BFC0C2012473
:104CD00038B50446FFF7F6FF0546631C02D0044BC7
:104CE0001B781C44FFF7EEFF401BA042FAD338BDEF
:104CF00064000024014B1868000C70470010005C31
:104D000006494FF6FF0C0002054BCA6800F4E0604C
:104D100002EA0C0210430343CB60704700ED00E051
:104D20000000FA051A4BDB68C3F3022300B5C3F198
:104D3000070E03F1040CBEF1040F28BF4FF0040E60
:104D4000BCF1060F1AD9A3F1030C4FF0FF3303FA9D
:104D50000CF322EA03024FF0FF33002803FA0EF3AC
:104D600021EA030303FA0CF343EA02034FEA0313B5
:104D7000DBB206DB074A13545DF804FB00229446BD
:104D8000E9E700F00F00044A13545DF804FB00BF8C
:104D900000ED00E000E400E014ED00E0002807DB97
:104DA000012300F01F01034A40098B4042F82030E4
:104DB000704700BF00E100E0431EB3F1807F01D3E4
:104DC000012070474FF0E022002005494FF0F00C21
:104DD0005361072381F823C090611361704700BFBE
:104DE00000ED00E03649024603688B4233D01831AB
:104DF000591AB1FA81F1490969BB324883423ED060
:104E0000183083423ED01830834234D01830834269
:104E10003BD0183083423ED0183083422AD000F570
:104E20005670834235D028498B4231D018318B429D
:104E300034D018318B4234D018318B4234D01831F1
:104E40008B4234D018318B4234D018318B4234D05D
:104E500023F0FF0011E0DBB21C491D48103BA1FB11
:104E6000031310B41B091B4CE15C5DF8044BC2E951
:104E70001601704716211848D165906570471021BA
:104E80001348F9E716211248F6E706211248F3E71E
:104E900006211248F0E710210F48EDE710210F48D6
:104EA000EAE716210D48E7E700210D48E4E706216F
:104EB0000B48E1E710210A48DEE716210848DBE746
:104EC000100002404000024028040240ABAAAAAAF7
:104ED00000000240A0E30608040002400004024073
:104EE000040402400268284B284930B4284D294C5C
:104EF000AA4218BF9A420CBF012300238A4208BF6E
:104F000043F001032831A24208BF43F001032834D3
:104F10008A4208BF43F001032831A24208BF43F090
:104F200001038A4208BF43F00103D1B213B91A4BFF
:104F30009A4211D1A1F10803184C194A0121A4FB8E
:104F40000343184C1D0902EB1313A9409B00816613
:104F5000C0E9183430BC7047A1F110031249134C5A
:104F60001144A4FB0343A8294FEA131308D903F003
:104F70001F040F4A01211A44A1400E4C9300E6E79A
:104F800008331C46F5E700BF085402583054025855
:104F90001C5402584454025894540258CDCCCCCCE2
:104FA0000096001680580258F0FBFDBFABAAAAAAD3
:104FB00000820010800802402DE9F04F054683B0C2
:104FC000FFF780FE002D00F0A1812C680646AC4B57
:104FD000AC4A944218BF9C4202F118020CBF012354
:104FE0000023944208BF43F001031832944208BFE3
:104FF00043F001031832944208BF43F00103183212
:10500000944208BF43F001031832944208BF43F0B2
:1050100001031832944208BF43F0010302F55672AF
:10502000944208BF43F001031832944208BF43F092
:1050300001031832944208BF43F00103183294422E
:1050400008BF43F001031832944208BF43F0010344
:105050001832944208BF43F001031832944208BF4B
:1050600043F001031BB9884B9C4240F0968100231A
:10507000022285F8343085F83520236823F00103B7
:10508000236006E0FFF71EFE801B052800F2428128
:105090002C682368DF07F5D4D5E90230296903437A
:1050A000AA6920680B4369690B43E96913430B4301
:1050B00076490140286A034375480B43696A04290D
:1050C00000F03D8100686FF30F00B0F1005F80F0E9
:1050D000F1802360636923F007030B436361284673
:1050E000FFF780FEEA6D3F236A4902F01F026A4F14
:1050F000611A6A4E93406A4AB1FA81F1E71B8360F4
:10510000A4EB020A674B49095E4ABAFA8AFAA4EB91
:1051100003095B4B4FEA5A1AB7FA87F7944218BF54
:105120009C4202F11802B9FA89F9A4EB06060CBFF9
:10513000012300234FEA5919B6FA86F6944208BFB4
:1051400043F0010318327F09944208BF43F0010382
:1051500018327609944208BF43F001031832944292
:1051600008BF43F001031832944208BF43F0010323
:105170001832944208BF43F0010302F5567294427C
:1051800008BF43F001031832944208BF43F0010303
:105190001832944208BF43F001031832944208BF0A
:1051A00043F001031832944208BF43F00103183260
:1051B000944208BF43F001031832944208BF43F001
:1051C00001031832944208BF43F00103364A4AEA09
:1051D0000303A4EB02083C320B43B8FA88F8A4EBB3
:1051E000020B143249EA03034FEA5818BBFA8BFB4F
:1051F000A21A48EA03034FEA5B1BB2FA82F23B436E
:105200005209334301925BEA030300D182B328467B
:105210000091FFF767FEAB680099802B00F0838058
:105220006A682B6ED0B2013AD5E9194C072A18608A
:10523000C4F804C07ED84AEA010A441E49EA0A09B1
:1052400048EA090847EA08073E435BEA060603D135
:10525000019B002B00F01D81144A15490244920065
:1052600001230020A340C5E91B216B6710604B6040
:1052700000200123686585F8353003B0BDE8F08F64
:105280001000024028000240B80402403F8010FE97
:105290000010005C1C540258585402586C540258B8
:1052A0000854025830540258445402583F9600168D
:1052B0004059025868682E2832D93F38132806D83A
:1052C0007A4E26FA00F0C00701D543F4801323601C
:1052D0000429636923F0070343EA01037FF4FEAE68
:1052E000E86AA96A0B4300283FF4F8AE002A38D1D7
:1052F00001294DD031F002027FF4F0AEC2017FF5FA
:10530000EDAE402201236A6585F83530012003B0F7
:10531000BDE8F08F202203236A6585F83530F5E774
:105320002828D4D9D1E70023A96ED5E918026B60EB
:10533000036051600023C5E91B336B6798E706687B
:10534000D5E90B076FF30F060743B6F1005F43EA99
:105350000703AFD22360636923F0070343F004031C
:10536000BFE7B2F5005F04D00229CAD90329C5D02E
:10537000B4E603293FF6B2AE01A252F821F000BF15
:1053800003530308FD520308035303089153030812
:10539000B0F1C07F7FF4A2AEB3E7454A4549464B22
:1053A000A4EB020A611A454FA4EB0309BAFA8AFA80
:1053B0001433B1FA81F14FEA5A1AB9FA89F9A4EB18
:1053C000030849094FEA5919E71BB8FA88F84AEA6D
:1053D00001033B4E78324FEA581849EA0303B7FA03
:1053E00087F7A61BA4EB020B48EA03037F09B6FA72
:1053F00086F61432BBFA8BFB3B437609A21A4FEABE
:105400005B1B3343B2FA82F25BEA03034FEA5212A8
:10541000019201D1002A43D00223DFF8B8E085F8D9
:105420003530002385F83430AB682268402B02EA1F
:105430000E0E33D0A3F18003B3FA83F35B09980314
:105440000091D5E9033243EA020C6A69AB694CEA80
:10545000020C1C4A4CEA030CEB6922444CEA030C94
:105460002B6A4EEA131343EADC031843164BA3FBE3
:105470000223206028461B099B00EB65FFF7B2FC66
:10548000EB6D0246009903F01F0001238340536037
:10549000BDE60E4A0E4902449200E1E61020CFE735
:1054A000402203236A6585F835302FE70F030F008C
:1054B000085402581C540258305402585854025888
:1054C0006C540258F8ABFDA7CDCCCCCC3F82001079
:1054D000400902400F00FEFF002800F021822DE964
:1054E000F04790F83440012C00F01782012480F836
:1054F000344090F83540012C08D04FF4006200236E
:10550000426580F834300120BDE8F0870224694EFE
:10551000DFF8A8E180F835400024674D4465046851
:10552000DFF8AC81744518BFB442DFF8A8C1D0F8E9
:1055300058A00CBF01260026444514BFB14646F0D2
:105540000109AC4218BF64450CBF0125002540F09D
:10555000C380D4F800C02CF0010CC4F800C0D0F80F
:105560006CC0D0E919767E60BCF1000F07D0D0E99D
:105570001C6777601DB9B9F1000F00F03081C76D6D
:105580004FF03F0E07F01F080EFA08FECAF808E0B9
:10559000276827F48027276063608368402B00F02A
:1055A000C181A160E260026C002D40F0A181434BFB
:1055B0009C4200F0DE8118339C4200F0F681B9F184
:1055C000000F40F0C7813E4B9C4200F001823D4BF2
:1055D0009C4200F0098218339C4200F0238203F5BC
:1055E00056739C4200F0338218339C4200F0428292
:1055F00018339C4200F0498218339C4200F05082DC
:1056000018339C4200F0578218339C4200F06782A6
:1056100018339C4200F0658218339C4200F075827A
:10562000236823F00E0343F00A0323601AB12368B2
:1056300043F004032360244B244A944218BF9C4245
:1056400002F114020CBF01230023944208BF43F06F
:1056500001031432944208BF43F001031432944210
:1056600008BF43F001031432944208BF43F0010322
:105670001432944208BF43F001031432944208BF2D
:1056800043F001037BB1036ED0F86CC01A68D203FB
:1056900000F13E81BCF1000F05D0DCF8003043F48E
:1056A0008073CCF800302368002043F001032360AE
:1056B000BDE8F08770000240280002404000024030
:1056C00088000240A0000240085402581C540258AE
:1056D0005800024010000240744500F054814445D7
:1056E00000F05A81B9F1000F40F01F81DFF834C497
:1056F000644500F064810CF1180C644500F0808171
:105700000CF1180C644500F084810CF5567C64455E
:1057100000F094810CF1180C644500F0A2810CF1AA
:10572000180C644500F0B3810CF1180C644500F0CE
:10573000B9810CF1180C644500F0BF810CF1180C14
:10574000644500F0C3810CF1180C644500F0CB8176
:105750000CF1180C644500F0CF81DFF8CCC3DFF802
:10576000CCE3744518BF64450EF1280E0CBF4FF012
:10577000010C4FF0000C744508BF4CF0010C0EF109
:10578000140E744508BF4CF0010C0EF1140E744554
:1057900008BF4CF0010C0EF1140E744508BF4CF01C
:1057A000010CD4F800E02EF0010EC4F800E0DFF8A0
:1057B00080E3744508BF4CF0010CBCF1000F03D12D
:1057C000DFF870C364454FD1D0F86CC0D0E91967D9
:1057D0007760BCF1000F02D0D0E91C677760DFF87A
:1057E00044E3DFF85483444518BF744508F11808B2
:1057F0000CBF4FF0010E4FF0000E444508BF4EF0B5
:10580000010E08F55678444508BF4EF0010E08F128
:105810001808444508BF4EF0010E08F11808444529
:1058200008BF4EF0010E08F11808444508BF4EF0BD
:10583000010E08F11808444508BF4EF0010E08F1AA
:105840001808444508BF4EF0010E08F118084445F9
:1058500008BF4EF0010EBEF1000F7FF490AEDFF8EE
:10586000DCE274453FF48BAEDFF8C0C2DFF8B8E28B
:10587000744518BF64450EF1140E0CBF4FF0010CB7
:105880004FF0000C744508BF4CF0010C0EF1140EE3
:10589000744508BF4CF0010C0EF1140E744508BF9E
:1058A0004CF0010C0EF1140E744508BF4CF0010CC5
:1058B0000EF1140E744508BF4CF0010CBCF1000F42
:1058C00004D1DFF870C2644540F02581C66D4FF009
:1058D000010C06F01F0E0CFA0EFCCAF804C063603F
:1058E0008368402B00F01381A160E260026C5EE6E9
:1058F000236823F01E0343F0160323601AB12368C4
:1059000043F008032360036E1A68D2037FF5C2AE2A
:105910001A6842F480721A60BCE60220BDE8F08783
:1059200001207047A260E1603DE6DFF8F0E1DEF8BB
:1059300070C02CF0010CCEF870C0D0F86CC0D0E96B
:1059400019677760BCF1000F3FF419AED0E91C670E
:10595000776014E671490B6F23F01E0343F01603C2
:105960000B67002A3FF48FAE236843F008032360DF
:1059700089E66A490B6C23F01E0343F016030B649F
:10598000002AF1D17FE6DFF894E1DEF840C02CF088
:10599000010CCEF840C0E2E5DFF880E1DEF858C047
:1059A0002CF0010CCEF858C0C7E75C498B6D23F092
:1059B0001E0343F016038B65002AD5D163E6DFF89A
:1059C0005CE1DEF888C02CF0010CCEF888C0FBE664
:1059D0005249D1F8883023F01E0343F01603C1F872
:1059E0008830002AC0D14EE64C49D1F8A03023F0CF
:1059F0001E0343F01603C1F8A030002AB4D142E6DA
:105A0000DFF818E1DEF8A0C02CF0010CCEF8A0C041
:105A1000DAE6DFF808E1DEF8B8C02CF0010CCEF8C9
:105A2000B8C0D1E63D49D1F8B83023F01E0343F0A9
:105A30001603C1F8B830002A96D124E6DFF8E0E07A
:105A4000DEF810C02CF0010CCEF810C0BCE63449D2
:105A50000B6923F01E0343F016030B61002A83D168
:105A600011E6DFF8BCE0DEF828C02CF0010CCEF81F
:105A700028C0A9E62A498B6A23F01E0343F01603C7
:105A80008B62002A7FF470AFFDE5254972E7DFF8ED
:105A900090E0DEF840C02CF0010CCEF840C093E658
:105AA0001F4983E7DFF878E0DEF858C02CF0010CDE
:105AB000CEF858C088E61A494DE7DFF864E0DEF812
:105AC00070C02CF0010CCEF870C07DE6DFF850E01D
:105AD000DEF888C02CF0010CCEF888C074E61049BE
:105AE00077E70F4981E7DFF838E0DEF8A0C02CF057
:105AF000010CCEF8A0C067E6DFF824E0DEF8B8C0FD
:105B00002CF0010CCEF8B8C05EE605498BE7A26028
:105B1000026CE1604BE5026C55E500BF00000240FD
:105B200000040240880002401C54025808540258E5
:105B30008054025894540258A0000240B804024015
:105B400070B50446FFF7BEF8002C6DD094F83530E0
:105B5000022B64D125680646AD4B9D4266D01833B2
:105B60009D4263D018339D4200F0F38018339D426C
:105B700000F01A8118339D4200F0258118339D42B0
:105B800000F0FF8018339D4200F02E8118339D42B3
:105B900000F04A8103F556739D4200F05881183396
:105BA0009D4200F0638118339D4200F06E811833EE
:105BB0009D4200F06C8118339D4200F06A811833D9
:105BC0009D4200F0688118339D4200F068811833CF
:105BD0009D4200F062812B688E4A23F00E039542AD
:105BE0002B6000F0BF808C4B9D4200F0BB801433D3
:105BF0009D4200F0B78014339D4200F0B38014330F
:105C00009D4200F0AF8014339D4200F0AB8014330E
:105C10009D4200F0A78014339D4214D1A2E080225F
:105C20000023626584F83430012070BD2B68226E39
:105C300023F01E032B606B6923F080036B611368F4
:105C400023F4807313602B6823F001032B6005E0BD
:105C5000FFF738F8831B052B00F28A802B68DB07DF
:105C6000F6D423686A49E26D8B42A06D02F01F02F0
:105C70005ED018318B425BD018318B4258D018312E
:105C80008B4255D018318B4252D018318B424FD0B5
:105C900018318B424CD018318B4249D001F55671E6
:105CA0008B4245D018318B4242D018318B423FD0C5
:105CB00018318B423CD018318B4239D018318B428D
:105CC00036D018318B4233D018318B4230D001217D
:105CD0009140514A41604F485049834218BF934216
:105CE00000F13C000CBF012200228B4208BF42F0B1
:105CF00001022831834208BF42F0010228308B4262
:105D000008BF42F001022831834208BF42F001027D
:105D10008B4208BF42F001026AB9414A93420AD05D
:105D200000230122184684F8352084F8343070BDF1
:105D30003F2393408360E36ED4E919215160002B27
:105D4000EED01A68D4E91C1022F480721A60486000
:105D5000E6E7344B1A6C22F01E021A645A6D22F0E8
:105D600080025A65226E136823F4807313606AE719
:105D7000202103220023616584F8343084F8352023
:105D800052E7284BD3F8882022F01E02C3F888205F
:105D9000D3F89C2022F08002C3F89C20226E136866
:105DA00023F4807313604EE71E4B9A6D22F01E029F
:105DB0009A65DA6E22F08002DA66226E136823F4A6
:105DC000807313603FE7174B1A6F22F01E021A67A9
:105DD000D3F8842022F08002C3F88420226E136856
:105DE00023F4807313602EE70E4BD3F8A02022F02B
:105DF0001E02C3F8A020D3F8B42022F08002C3F81A
:105E0000B420226E136823F4807313601BE700BF75
:105E100010000240085402581C54025830540258D2
:105E200094540258000002401E4BD3F8B82022F0D0
:105E30001E02C3F8B820D3F8CC2022F08002C3F8A9
:105E4000CC20226E136823F480731360FBE6164B9C
:105E50001A6922F01E021A615A6A22F080025A62FE
:105E6000226E136823F480731360ECE60E4B9A6A7B
:105E700022F01E029A62DA6B22F08002DA63226E4E
:105E8000136823F480731360DDE6074B62E7064B6B
:105E90008BE7054B98E7044B74E7034BC5E7024BD0
:105EA000A3E700BF0000024000040240002862D0C7
:105EB00038B590F83530022B59D10268574B584C01
:105EC0005849A24218BF9A4204F130040CBF012382
:105ED00000238A4208BF43F001033031A24208BFC9
:105EE00043F0010330348A4208BF43F001033031EC
:105EF000A24208BF43F0010330348A4208BF43F096
:105F0000010301F55C71A24208BF43F0010304F5EF
:105F10005C748A4208BF43F001033031A24208BFDB
:105F200043F0010330348A4208BF43F001033031AB
:105F3000A24208BF43F0010330348A4208BF43F055
:105F400001033031A24208BF43F001038A4208BF77
:105F500043F0010313B9344B9A420ED1042380F865
:105F60003530136823F001031360002038BD80230F
:105F70004365012038BD012070472C4B2C4D116822
:105F8000AA4218BF9A422B4C21F00E0105F13C05A4
:105F90000CBF012300231160A24208BF43F001039C
:105FA00011682834AA4208BF43F0010321F001011F
:105FB000A24208BF43F0010314341160A24208BF9B
:105FC00043F001031C498A4208BF43F0010313B99F
:105FD0001A4B9A4217D10123856DD0E91714226814
:105FE00001F01F0122F480728B4022606B60C36E4F
:105FF000D0E91921516033B11A68D0E91C1422F498
:1060000080721A604C6001210022036D80F8351007
:1060100080F83420002BA8D09847A6E71000024053
:106020002800024040000240B80402401C540258BC
:10603000085402583054025880540258945402585C
:10604000F0B50022944B83B0856D07461E6801921F
:10605000924B026892482C68824218BF9A4200F123
:10606000180029680CBF01230023824208BF43F0B7
:1060700001031830824208BF43F001031830824206
:1060800008BF43F001031830824208BF43F0010308
:106090001830824208BF43F001031830824208BF23
:1060A00043F0010300F55670824208BF43F001033C
:1060B0001830824208BF43F001031830824208BF03
:1060C00043F001031830824208BF43F00103183047
:1060D000824208BF43F001031830824208BF43F0F8
:1060E00001031830824208BF43F001031BB96D4B16
:1060F0009A4240F02F81FB6D082103F01F03994065
:1061000021420BD01068400708D5106820F0040029
:106110001060A960796D41F00101796524FA03F1FD
:10612000C80709D55169090606D501219940A9601A
:10613000796D41F00201796504219940214207D02F
:106140001068800704D5A960796D41F00401796574
:1061500010219940214200F0B0801068000740F102
:10616000AC80A960116811F4802F116840F09E8006
:10617000C90503D4116821F008011160396C0029A8
:1061800000F09B8038468847FB6D202103F01F03F9
:106190009940214253D03A684048414CA24218BF2E
:1061A000824204F118040CBF01200020A24208BF63
:1061B00040F001001834A24208BF40F0010018343A
:1061C000A24208BF40F001001834A24208BF40F0CC
:1061D00001001834A24208BF40F001001834A24266
:1061E00008BF40F0010004F55674A24208BF40F019
:1061F00001001834A24208BF40F001001834A24246
:1062000008BF40F001001834A24208BF40F001006E
:106210001834A24208BF40F001001834A24208BF5F
:1062200040F001001834A24208BF40F001000028ED
:1062300047D11C48824244D01068800744D47B6D0B
:10624000002B70D07B6DDC071ED53A68042187F8DF
:10625000351015491368A1FB066123F00103890A73
:10626000136002E01368D80704D5019B01338B4209
:106270000193F7D91368DB074CBF0323012387F889
:106280003530002387F83430FB6C002B4BD0384678
:1062900003B0BDE8F0401847480000241000024059
:1062A00028000240B8040240B5814E1B08037FF568
:1062B00065AFB96C00297FF465AF202199400C428D
:1062C000BDD01068C406BAD5A96097F83510042966
:1062D0000ED0136813F4802F136826D01D0331D518
:1062E000FB6B002BABD0384698477B6DDBB1A9E741
:1062F000116821F016011160516921F0800151618E
:10630000396C19B3116821F0080111603F22012195
:1063100002FA03F30022AB603B6D87F8351087F873
:106320003420002BB3D103B0F0BD13F48073D7D168
:10633000116821F010011160012287F8343087F8CC
:106340003520CDE77B6C002BCDD178E7B96C0029E7
:10635000D8D1DBE7404B4148824218BF9A4200F156
:1063600014000CBF01230023824208BF43F0010345
:106370001430824208BF43F001031430824208BF48
:1063800043F001031430824208BF43F0010314308C
:10639000824208BF43F0010313B9314B9A42C2D184
:1063A000F86D0424136800F01F0084400C420BD0E9
:1063B0005E0709D519046C6032D5DA0336D4BB6C9C
:1063C000002B7FF464AFAEE7022484400C420BD074
:1063D0009E0709D519046C602DD5DA0337D47B6C80
:1063E000002B7FF454AF9EE7082484400C429AD0DF
:1063F0001B0798D51368002123F00E0313600123B7
:10640000FA6C03FA00F068607B6587F8341087F84F
:106410003530002A87D0384603B0BDE8F040104739
:106420009B0603D4136823F0040313603B6C002B1A
:106430007FF42DAF77E713F0200308D11168012016
:1064400021F00A01116087F8350087F83430FB6BC2
:10645000002B7FF41CAF66E7085402581C54025806
:1064600094540258406D70470B68002B00F0DC819B
:10647000B44A90424FF000022DE9F04F4FF0010B6B
:1064800085B000F005814FF0B04E00930BFA02FC8E
:10649000009B1CEA030A00F04B814D685400032363
:1064A00005F0030703FA04F607F1FF38F643B8F1E5
:1064B000010F40F25D81032F40F0CF8107FA04F411
:1064C000076815F4403F06EA070644EA060404603C
:1064D00000F02E819C4E02F003070F23D6F8F44003
:1064E000BF0044F0020403FA07FC984BC6F8F440DE
:1064F000D6F8F44022F00306984206F1B04604F0C4
:10650000020406F580660394039CB46824EA0C0434
:1065100000F078818E4B984200F0DE80DFF834C2C4
:10652000604500F07B81DFF830C2604500F07D817E
:10653000DFF828C2604500F06B81DFF824C26045B7
:1065400000F07981DFF81CC2604500F07A81DFF845
:1065500018C2604500F07B81DFF810C260450CBFB7
:106560004FF0090C4FF00A0C0CFA07F73C43B8E067
:10657000D0F80890022CCE680AEA090906FA07F852
:1065800048EA0908C0F80880C5F30018D0F804905C
:1065900008FA02F829EA0E0E48EA0E0EC0F804E0E6
:1065A000D0F80C808E680AEA080806FA07FE4EEA60
:1065B000080EC0F80CE017D102F0070E0E694FEA82
:1065C000D2084FEA8E0E00EB880806FA0EF6D8F8CD
:1065D000209000960F2606FA0EFE009E29EA0E096C
:1065E00046EA090EC8F820E0BC40076815F4403FB1
:1065F00007EA0A0744EA0704046045D0524F0F2611
:10660000D7F8F44044F00204C7F8F440D7F8F44057
:1066100022F0030704F0020407F1B047039407F5E2
:106620008067039C02F00304D7F808E0A40006FA90
:1066300004F4EE022EEA0404BC604FF0B0446FEAAA
:106640000C07246800F1D2803C404FF0B046346023
:106650007468AE0200F1D3803C404FF0B0467460E5
:10666000D6F88440AE0300F1C7803C404FF0B046FE
:10667000ED03C6F88440D6F8804000F1BA803C4073
:106680004FF0B045C5F88040013233FA02F455D0DE
:106690000BFA02FE13EA0E0CF6D04D6857000326E3
:1066A00005F0030406FA07F86FEA080A04F1FF3858
:1066B000B8F1010F7FF65CAF032C95D0DFF8848032
:1066C0008E68D8F80C9006FA07FE0AEA09094EEA25
:1066D000090EC8F80CE087E74FF0020C0CFA07F738
:1066E0003C43B460EF02DEF800406FEA0A064CBF9C
:1066F0004AEA04043440AB02CEF80040DEF804401D
:1067000054BF34404AEA0404AF03CEF80440DEF834
:10671000844054BF34404AEA0404EB03CEF884407A
:10672000DEF8804054BF34404AEA0404CEF880408A
:106730000132009B33FA02F47FF4A8AE05B0BDE845
:10674000F08F00BF000002580044025800040258B5
:1067500000080258000C0258001002580014025899
:1067600000180258001C0258002002580024025849
:10677000D0F80890022FCB6809EA060903FA04F85A
:106780008B6848EA0908C0F80880C5F30018D0F8FB
:10679000049008FA02F829EA0C0C48EA0C0CC0F83C
:1067A00004C003FA04FCD0F80C8008EA06084CEA9E
:1067B000080CC0F80CC07FF481AE02F0070C0B6926
:1067C0004FEAD2084FEA8C0C00EB880803FA0CF36E
:1067D000D8F8209001930F2303FA0CFC019B29EABF
:1067E0000C0943EA090CC8F820C067E644EA0C0427
:1067F0002BE744EA0C0443E74CEA040436E744EA96
:106800000C042AE74FF0010C0CFA07F73C4368E749
:106810004FF0050C0CFA07F73C4362E74FF0030C0E
:106820000CFA07F73C435CE770474FF0040C0CFA96
:1068300007F73C4355E74FF0060C0CFA07F73C43CB
:106840004FE74FF0070C0CFA07F73C4349E74FF0CE
:10685000080C0CFA07F73C4343E7D0F80C808B6830
:1068600008EA060803FA04FC4CEA080CC0F80CC05D
:1068700024E600BF0369194214BF012000207047BD
:1068800002B90904816170474FF0B042D2F8881014
:10689000014200D1704708B5C2F88800F1F7E6FD63
:1068A00008BD00BF40B345F25552D0E9003170B584
:1068B00004464CF6CC4018601A60A26859609A6091
:1068C000FEF700FA23680546DA6850070DD041F656
:1068D0000106FEF7F7F9401B2368B04202D9DA68D7
:1068E00051070BD1DA685207F3D11969E268914276
:1068F00006D01A61002070BD01207047032070BDD2
:106900004AF6AA221A60F5E703464AF6AA220020B0
:106910001B681A60704700BF024A136843F4807313
:10692000136070470048025838B5104CE36813F004
:10693000040FE36805D103F00703181A18BF0120FC
:1069400038BD23F007030343E360FEF7BBF90546B8
:1069500005E0FEF7B7F9401BB0F57A7F04D863680D
:106960009B04F6D5002038BD012038BD00480258F0
:10697000334B30B4996A9C6ADD6A14F47C7F5A6B9D
:10698000C4F3051036D0C2F3CC0205F0010501F0C6
:10699000030107EE900A05FB02F20129B8EEE77A3F
:1069A00006EE902AFAEEE96A02D0022942D019B323
:1069B000DFED247A87EE876A1B6BC3F3080307EECB
:1069C000903AF7EE005AF8EEE77A77EEA57A77EE8E
:1069D000A67A67EE867A1A4B1B6BC3F34623013304
:1069E00007EE103AF8EEC76A87EEA67AFCEEC77A91
:1069F00017EE900A30BC70471A6892061DD51968C8
:106A0000F7EE007A104A1B6BC1F3C101C3F3080310
:106A1000CA4006EE103A05EE902AB8EEC66AF8EEC5
:106A2000E55A36EE276AC5EE877A36EE267A67EEA5
:106A3000877AD0E7DFED057ABCE7DFED057AB9E7C5
:106A4000004402580024744A0090D00320BCBE4B7E
:106A50000024744C002800F0E782F8B5036804466F
:106A6000D9072ED597490A69896A02F03802102A97
:106A700000F0EE80182A00F0E6806368B3F5803FEE
:106A800000F01181002B00F06781B3F5A02F8D4B32
:106A90001A6800F0888222F480321A601A6822F4A0
:106AA00080221A60FEF70EF9864E054605E0FEF7D5
:106AB00009F9401B642800F24D8133689B03F6D529
:106AC00023689D0770D4D90633D57E4A1369926A2C
:106AD00003F03803082B00F0CB80182B00F0C380A4
:106AE000E369784D002B00F06F812B6843F0800341
:106AF0002B60FEF7E7F8064605E0FEF7E3F8801B9B
:106B0000022800F227812B68DB05F6D5FEF7F2F8A4
:106B100041F20303984200F26782226A6B68202ADE
:106B200023F0F8430CBF43F0804343EA82636B6079
:106B300023681D0716D56369624D002B00F0228182
:106B40006B6F43F001036B67FEF7BCF8064605E088
:106B5000FEF7B8F8801B022800F2FC806B6F9807E4
:106B6000F6D523689A0616D5A369564D002B00F07A
:106B70001A812B6843F480532B60FEF7A3F8064676
:106B800005E0FEF79FF8801B022800F2E3802B68E7
:106B90009F04F6D52368590700F18B80636A002BA8
:106BA00040F0BF800020F8BD464A1369926A13F096
:106BB00038032DD1434BE2681B68590701D5002AE1
:106BC0004FD0404D2B6823F0190313432B60FEF781
:106BD00079F8064605E0FEF775F8801B022800F2FA
:106BE000B9802B685B07F6D5FEF784F841F2030302
:106BF000984200F2108122696B68402A23F47C33AA
:106C00000CBF43F4003343EA02336B6023685AE756
:106C1000182B00F0FC802B4DE2682B68002A00F056
:106C2000E58023F0190313432B60FEF74BF806466B
:106C300005E0FEF747F8801B022800F28B802B68E6
:106C40005F07F6D5D0E701F0030102297FF415AF05
:106C50001C4A126892037FF534AF6268002A7FF401
:106C600030AF0120F8BD02F00302012A7FF438AFF3
:106C7000144B1B68DA0502D5E369802BF1D1FEF7CE
:106C800039F841F20303984200F2CE80226A202AAA
:106C900000F0B9810B494B6823F0F84343EA826363
:106CA0004B60236845E7074A136843F48033136059
:106CB000F8E6054D2B6843F480732B60FEF702F86D
:106CC000064608E00044025800480258FDF7FAFF63
:106CD000801B64283ED82B68DA05F7D5A368012B02
:106CE00000F08B81002B00F06681052B854B1A6F1D
:106CF00000F0928122F001021A671A6F22F004025A
:106D00001A67FDF7DFFF7F4E41F28837054604E042
:106D1000FDF7D8FF401BB8421CD8336F9B07F7D54F
:106D20003CE7784D2A6902F03802182A00F0EE801C
:106D3000022B2B6823F080732B607FD0FDF7C2FFFE
:106D400004462B689B017FF52DAFFDF7BBFF001BB1
:106D50000228F6D90320F8BD6A4D2B6823F480334E
:106D60002B602B6823F480232B60FDF7ABFF0646D6
:106D700004E0FDF7A7FF801B6428EBD82B689F0376
:106D8000F7D49DE66B6F23F001036B67FDF79AFF65
:106D9000064604E0FDF796FF801B0228DAD86B6FE9
:106DA0009907F7D4DDE62B6823F480532B60FDF7B9
:106DB00089FF064604E0FDF785FF801B0228C9D83D
:106DC0002B689804F7D4E5E62B6823F080032B604A
:106DD000FDF778FF064604E0FDF774FF801B0228EC
:106DE000B8D82B68DF05F7D42368A2E623F00103A7
:106DF0002B60FDF767FF064604E0FDF763FF801B8D
:106E00000228A7D82B685807F7D423685BE69007B9
:106E10007FF401AFCEE66B68226923F0FE4343EABC
:106E200002636B6023684EE6364A216AD36823F01A
:106E30007C5343EA0163D36023687AE6FDF742FF9F
:106E4000064604E0FDF73EFF801B022882D82B682F
:106E50009901F7D4A96A2C4BA26A0B401343E26A4A
:106E600043EA0213AB62216BD4E90D320139013BD5
:106E7000013AC1F308015B0212049BB202F4FE0264
:106E80001343E26B013A0B43120602F0FE42134336
:106E90002B63EB6A23F00103EB626B6BA26C6FF365
:106EA000CF0343EAC2036B63EB6A226C23F00C034B
:106EB0001343EB62EB6A626C23F002031343EB6251
:106EC000EB6A43F48033EB62EB6A43F40033EB622A
:106ED000EB6A43F48023EB62EB6A43F00103EB625D
:106EE0002B6843F080732B60FDF7ECFE054D0446E4
:106EF0002B689A013FF556AEFDF7E4FE001B022811
:106F0000F6D927E7004402580CFCFFFF012BAA6AC0
:106F1000286B3FF4A6AE02F00303A16A8B427FF414
:106F2000A0AEC2F30512E36A9A427FF49AAE236BD5
:106F3000C0F30802013B9A427FF493AE636BC0F347
:106F40004622013B9A427FF48CAEA36BC0F306420B
:106F5000013B9A427FF485AEE36BC0F30660013BD0
:106F600098427FF47EAE6B6BA26CC3F3CC039A4263
:106F70003FF418AE2D4AD36A23F00103D362FDF724
:106F8000A1FE0546FDF79EFEA842FBD0274AA16C54
:106F9000536B6FF3CF0343EAC1035363D36A43F0E8
:106FA0000103D362FEE542F480221A601A6842F4BB
:106FB00080321A6076E51D4D41F288372B6F23F041
:106FC00001032B672B6F23F004032B67FDF77AFE79
:106FD000064605E0FDF776FE801BB8423FF6BAAEE6
:106FE0002B6F9807F6D4D9E5EB68226A23F07C531F
:106FF00043EA0263EB6023689BE50C4A136F43F09E
:10700000010313677DE6094A536823F0F84343F010
:107010008043536023688CE542F004021A671A6FBC
:1070200042F001021A676CE60120704700440258E2
:107030003F4A136903F03803102B4FD0182B0AD0A6
:10704000002B4DD1136899064CD513683948C3F30A
:10705000C103D8407047916A30B4946AD56A14F479
:107060007C7F536BC4F3051036D0C3F3CC0305F01B
:10707000010501F0030107EE900A05FB03F3012966
:10708000F8EEE77A06EE903AFAEEE96A02D00229C3
:1070900048D049B39FED287A87EE276A136BC3F374
:1070A000080307EE103AF7EE005AB8EEC77A37EE4B
:1070B000257A37EE267A27EE067A1D4B1B6BC3F333
:1070C0004623013307EE903AF8EEE76AC7EE267AD8
:1070D000FCEEE77A17EE900A30BC7047174870470D
:1070E000174870471348704713689B061DD51068F2
:1070F000B7EE007A136B0F49C0F3C102C3F3080364
:10710000D14006EE103A05EE901AB8EEC66AF8EED7
:10711000E55A36EE076A85EEA77A76EE267A27EEEE
:10712000277ACAE79FED077AB6E79FED077AB3E7BC
:10713000004402580090D0030024744A40787D0136
:1071400000093D0020BCBE4B0024744C002800F018
:107150000E818D4A136803F00F038B422DE9F04135
:1071600004460D460CD2136823F00F030B43136043
:10717000136803F00F038B4202D00120BDE8F081B9
:10718000236858070BD5814920698A6902F070028B
:10719000904204D98A6922F0700202438A61190779
:1071A0000BD57A496069CA6902F07002904204D92D
:1071B000CA6922F070020243CA61DA060BD573492C
:1071C000A069CA6902F4E062904204D9CA6922F453
:1071D000E0620243CA619F060BD56C49E0690A6A06
:1071E00002F07002904204D90A6A22F0700202434F
:1071F0000A629E0703F0010240F1AB80634EE06833
:10720000B16901F00F01884204D9B16921F00F0181
:107210000143B161002A30D05C4AA168936923F42C
:1072200070630B43936161681368022900F0A180C9
:10723000032900F09880012900F0A1805F079CD508
:10724000524E41F28838336923F007030B43336110
:10725000FDF738FD074605E0FDF734FDC01B40454E
:1072600000F28B803369626803F03803B3EBC20F1E
:10727000F2D123689E0706D5E06844498A6902F086
:107280000F02904269D340490A6802F00F02AA42F5
:107290000AD90A6822F00F022A430A600A6802F03B
:1072A0000F02AA427FF469AF58070BD5374920690E
:1072B0008A6902F07002904204D28A6922F0700258
:1072C00002438A6119070BD530496069CA6902F027
:1072D0007002904204D2CA6922F070020243CA616D
:1072E000DA060BD52949A069CA6902F4E062904226
:1072F00004D2CA6922F4E0620243CA619B060BD53C
:10730000224AE169136A03F07003994204D2136AB6
:1073100023F070030B431362FFF78AFE1B4A0346F8
:107320001B4891699269C1F303211A4D02F00F02C3
:10733000194C415C825C01F01F01184802F01F02E9
:10734000CB4000682B60D3402360BDE8F041FDF7DF
:1073500057BC002A7FF460AF95E78A6922F00F02DC
:1073600002438A618FE79A013FF56AAF05E7012082
:10737000704798033FF564AFFFE60320FEE6DB05A8
:107380003FF55EAFF9E600BF00200052004402580E
:1073900080E306084800002444000024680000241C
:1073A000184A38B5136903F03803102B24D0182B72
:1073B00009D01BBB13689B0622D51268124BC2F37F
:1073C000C102D34002E0FFF7D3FA03460D490F484C
:1073D0008A698969C2F303220D4C01F00F010D4D3A
:1073E000825C405C02F01F0200F01F00D34023FAD1
:1073F00000F02B60206038BD074BE7E7074BE5E75F
:10740000014BE3E7004402580090D00380E30608F4
:10741000440000244800002440787D0100093D001C
:107420001C4A38B5136903F03803102B2BD0182BE6
:1074300009D053BB13689B0629D51268164BC2F3BB
:10744000C102D34002E0FFF793FA0346114A134901
:107450009069134DC0F30320124C085C00F01F002C
:10746000C340906900F00F002B60085C00F01F0023
:10747000C3402360D269C2F30212885C00F01F008F
:1074800023FA00F038BD084BE0E7084BDEE7024B7B
:10749000DCE700BF004402580090D00380E30608F8
:1074A000480000244400002440787D0100093D008C
:1074B0001C4A38B5136903F03803102B2BD0182B56
:1074C00009D053BB13689B0629D51268164BC2F32B
:1074D000C102D34002E0FFF74BFA0346114A1349B9
:1074E0009069134DC0F30320124C085C00F01F009C
:1074F000C340906900F00F002B60085C00F01F0093
:10750000C3402360D269C2F30222885C00F01F00EE
:1075100023FA00F038BD084BE0E7084BDEE7024BEA
:10752000DCE700BF004402580090D00380E3060867
:10753000480000244400002440787D0100093D00FB
:10754000F8B5364C06460F46236823F08063236067
:10755000FDF7B8FB054604E0FDF7B4FB401B02282D
:1075600056D823681A01F7D4A36A326823F47C330F
:1075700043EA0233A362D6E90232013B013A5B02DD
:1075800012049BB202F4FE0213437268013AC2F382
:10759000080213433269013A120602F0FE42134315
:1075A000A363E36A726923F0C0031343E362E36AEF
:1075B000B26923F020031343E362E36A23F010036C
:1075C000E362E36BF2696FF3CF0343EAC203E36361
:1075D000E36A43F01003E362E36ADFB1012F0CBFFB
:1075E00043F4801343F40013E3620C4C236843F02C
:1075F00080632360FDF766FB054604E0FDF762FB50
:10760000401B022804D823681B01F7D50020F8BDD1
:107610000320F8BD43F40023E362E6E70044025888
:10762000F8B5364C06460F46236823F08053236096
:10763000FDF748FB054604E0FDF744FB401B02282C
:1076400056D823689A00F7D4A36A326823F07C7373
:1076500043EA0253A362D6E90232013B013A5B02DC
:1076600012049BB202F4FE0213437268013AC2F3A1
:10767000080213433269013A120602F0FE42134334
:107680002364E36A726923F440631343E362E36AA9
:10769000B26923F400731343E362E36A23F4807353
:1076A000E362636CF2696FF3CF0343EAC20363647E
:1076B000E36A43F48073E362E36ADFB1012F0CBF36
:1076C00043F4000343F08073E3620C4C236843F0FF
:1076D00080532360FDF7F6FA054604E0FDF7F2FA61
:1076E000401B022804D823689B00F7D50020F8BD72
:1076F0000320F8BD43F48003E362E6E70044025848
:107700002DE9F843D0E9003204461D0103F000667C
:1077100024D5816EB1F5001F00F0DF8500F2A88648
:10772000002900F0F685B1F5801F40F0A586A94933
:10773000896A01F00301032900F09E8602210830C6
:10774000FFF7FEFE0646D4E900323EB9A16EA14D18
:107750000026286D20F4401001432965D8050AD57C
:10776000A16D042906D8DFE811F0FF036D0582053D
:107770000404040401263546990524D5E16D8029C9
:1077800000F04B8500F28786002900F0BB85402978
:1077900040F088868F49896A01F00301032900F0CF
:1077A0008186002104F10800FFF7CAFE0546D4E9EE
:1077B0000032002D40F04385864FE06D396D21F495
:1077C000E071014339655F0528D5D4F8A810B1F5FB
:1077D000800F00F05C8500F25286002900F08B8556
:1077E000B1F5001F40F053867A49896A01F0030120
:1077F000032900F04C86002104F10800FFF7A0FEE9
:107800000546D4E90032002D40F05385714FD4F87D
:10781000A800B96D21F460010143B965180528D5A8
:10782000D4F8AC10B1F1007F00F0468500F2148668
:10783000002900F0D684B1F1807F40F015866549BB
:10784000896A01F00301032900F00E86002104F18A
:107850000800FFF775FE0546D4E90032002D40F020
:10786000C8845C4FD4F8AC00B96D21F0E0610143ED
:10787000B965990118D5E16C202900F0348400F233
:10788000158639B1102940F014865248C16A41F476
:107890000031C162002D40F0BF834E4FE06CF96CA7
:1078A00021F030010143F964DF0426D5216EB1F5E2
:1078B000005F00F0A18400F2C385002900F08684F7
:1078C000B1F5805F40F0C4854249896A01F0030147
:1078D000032900F0BD85002104F10800FFF730FE08
:1078E0000546D4E90032002D40F07884394F206EEF
:1078F000396D21F4E04101433965980424D5616E66
:10790000B1F5003F00F0158400F2568591B1B1F554
:10791000803F40F05B852F49896A01F0030103290C
:1079200000F05485012104F10800FFF709FE054627
:10793000D4E90032002D40F08F83264F606E396D00
:1079400021F4E02101433965590426D5D4F8B0105B
:10795000B1F1005F00F0268400F24A8591B1B1F1E7
:10796000805F40F04F851B49896A01F003010329BC
:1079700000F04885012104F10800FFF7E1FD05460C
:10798000D4E90032002D40F05B83124FD4F8B000F0
:10799000B96D21F0E0410143B9651F040DD5216F98
:1079A000B1F1805F00F06082B1F1005F00F091857D
:1079B000002900F05E8201263546D80115D5A16C5C
:1079C000032900F2B485DFE811F00C000700A103E1
:1079D0000C0000BF004402583648C16A41F400312F
:1079E000C162002D00F01A832E46590200F17A82FE
:1079F000DF072FD5E16F28292AD8DFE811F05702D9
:107A0000290029002900290029002900290048020D
:107A10002900290029002900290029002900B9048A
:107A200029002900290029002900290029005702DE
:107A300029002900290029002900290029005702CE
:107A400029002900290029002900290029005702BE
:107A50000126354698071ED5A16F052900F25085ED
:107A6000DFE811F01500060071041500150015007F
:107A70001049896A01F00301032900F041850121C1
:107A800004F10800FFF75CFD0546D4E90032002D43
:107A900000F0CC822E46590721D5D4F89410052940
:107AA00000F22A85DFE811F0170008003C041700F7
:107AB0001700170000440258AE49896A01F003011B
:107AC000032900F01985012104F10800FFF738FDB2
:107AD0000546D4E90032002D00F0C2822E469F06F2
:107AE00026D5D4F89010B1F1005F00F0C68200F204
:107AF000558491B1B1F1805F40F05A849D49896A03
:107B000001F00301032900F05384002104F108006F
:107B1000FFF716FD0546D4E90032002D40F08E82B5
:107B2000944FD4F89000796D21F0E04101437965DC
:107B3000580626D5D4F89C10B1F5006F00F0AF823E
:107B400000F2648491B1B1F5806F40F06984894995
:107B5000896A01F00301032900F06284002104F125
:107B60000800FFF7EDFC0546D4E90032002D40F097
:107B70006982804FD4F89C00B96D21F4E051014333
:107B8000B965190626D5D4F8A010B1F5804F00F0DC
:107B9000988200F21F8491B1B1F5005F40F0248417
:107BA0007449896A01F00301032900F01D84002152
:107BB00004F10800FFF7C4FC0546D4E90032002DAB
:107BC00040F044826B4FD4F8A000B96D21F46041BD
:107BD0000143B9651F070BD5D4F88400B0F5805F69
:107BE00000F0D481634F796D21F4405101437965F0
:107BF000D8060BD5D4F89800B0F5807F00F0DB8173
:107C00005C4FB96D21F440710143B965190324D566
:107C1000D4F8A410B1F5803F00F0B182B1F5003F77
:107C200010D0002940F030815248806A00F00300F3
:107C3000032800F0298104F10800FFF781FC0546C4
:107C4000D4E90032002D40F0FF814A4FD4F8A4005F
:107C5000B96D21F440310143B9655F030FD5D4F804
:107C60008810B1F5001F00F07782B1F5401F00F0D9
:107C70002D81B1F5801F00F0248101263546D803FF
:107C800020D5216D002900F0AA81B1F5803F40F098
:107C9000E8803849896A01F00301032900F0E18096
:107CA000022104F10800FFF74BFC0546D4E900323D
:107CB000002D40F09C812F4F206DF96C21F4803114
:107CC0000143F96499000ED52A49896A01F003013C
:107CD000032907D0022104F12800FFF7A1FCD4E911
:107CE000003200B101269F0300F1AB803546D80277
:107CF00006D52048666F016D21F0004131430165D2
:107D0000D90007D51B48D4F8B860016921F4804137
:107D1000314301619F0206D51648E66E016D21F0E0
:107D20008071314301655E0009D51249086920F46C
:107D3000004008610869D4F8BC6030430861002B3A
:107D400006DA0C48666DC16C21F040513143C164C4
:107D5000180207D50749D4F88C004B6D23F4400373
:107D600003434B65D10711D5024B9B6A03F0030314
:107D7000032B01E00044025800F05C83002104F171
:107D80000800FFF7DDFB626800B1054693070ED5DA
:107D9000AF4B9B6A03F00303032B00F04D830121DB
:107DA00004F10800FFF7CCFB626800B105465707F5
:107DB0000ED5A74B9B6A03F00303032B00F03E8311
:107DC000022104F10800FFF7BBFB626800B1054621
:107DD00016070ED59E4B9B6A03F00303032B00F09E
:107DE0002383002104F12800FFF71AFC626800B128
:107DF0000546D0060FD5964B9B6A03F00303032B71
:107E000000F01483012104F12800FFF709FC002889
:107E100040F05983626893060ED58D4B9B6A03F040
:107E20000303032B00F0B782022104F12800FFF7BF
:107E3000F7FB002840F0AF82281E18BF0120BDE8E4
:107E4000F883D4F88010B1F5807F00F0D28040F242
:107E5000108121F48070B0F5007F00F0CF80012503
:107E600045E7012635462DE77948C16A41F40031DE
:107E7000C162002D40F0CE80754F206F396D21F02A
:107E800040510143396598E501263546E5E67049DC
:107E9000896A01F0030103293FF4DAAD012104F1FD
:107EA0000800FFF74DFB0546D4E90032002D40F0F5
:107EB000D580674FE06F796D21F038010143796516
:107EC000C8E56348C16A41F40031C162002D40F049
:107ED0009F805F4FD4F88800796D21F440110143F1
:107EE0007965CCE65B4F3B6843F480733B60FCF7FD
:107EF000E9FE804606E0FCF7E5FEA0EB08006428FA
:107F000000F2DB823B68DA05F5D5002D40F0D68221
:107F10004F4AD4F8B430116F594011F4407F0BD060
:107F2000116F106F21F4407140F480301067106FB2
:107F300020F4803010671167B3F5807F00F0FB827A
:107F400003F44072B2F5407F00F0098340490A69AA
:107F500022F47C520A613E48C3F30B01076F394398
:107F6000D4E90032016743E53948C16A41F4003180
:107F7000C1623546002D40F07781354FA06D396DD7
:107F800021F0070101433965FFF7F6BB3049896AE3
:107F900001F00301032900F0BA82022104F1280054
:107FA000FFF73EFB002800F0B582D4F884000126DC
:107FB000D4E9003216E62649896A01F00301032953
:107FC00000F0A282022104F12800FFF729FB00281B
:107FD00040F0A682D4F89800D4E9003210E61C489C
:107FE000C16A41F40031C162002D3FF464AE2E46F7
:107FF00068E6174FF86A40F40030F862002D7FF40D
:1080000076AE134D686D20F44070014369656DE6EE
:108010002E4634E62E46D0E42E4645E40C4FA06CA6
:10802000F96C21F003010143F964DEE4084FA06F0D
:10803000796D21F00701014379652CE52E4677E53E
:108040002E46AAE42E469CE52E4606E62E46C1E5BF
:1080500000440258004802582E4675E42E46F9E4C2
:10806000C24FD4F89400B96D21F007010143B965FE
:1080700035E500297FF4F3AEC0E7BC49896A01F019
:108080000301032900F09481022104F12800FFF785
:10809000C7FA0546D4E90032002DCFD140E5B349F7
:1080A000896A01F00301032900F0BA81022104F179
:1080B0002800FFF7B5FA0546D4E90032002DC1D1FA
:1080C00057E5AA49896A01F00301032900F08C8170
:1080D000022104F12800FFF7A3FA0546D4E9003293
:1080E000002DB3D16EE5A149896A01F0030103298E
:1080F00000F0DF81022104F10800FFF721FA0546B4
:10810000D4E90032002D87D1FFF7C7BB9749896AB0
:1081100001F00301032900F00A82022104F10800A2
:10812000FFF70EFA0546D4E90032002D7FF45CAC6F
:1081300074E78E49896A01F00301032900F0468142
:10814000012104F12800FFF76BFA0546D4E900325B
:10815000002D81D1FFF7F1BB8449896A01F0030149
:1081600003293FF48AAD012104F12800FFF758FAF2
:108170000546D4E90032002D7FF44AAFA9E67B49D9
:10818000896A01F0030103293FF47EAE022104F164
:108190002800FFF745FA0546D4E90032002D7FF4A8
:1081A00053AF52E57149896A01F00301032900F0D8
:1081B0002981012104F12800FFF732FA0546D4E9AC
:1081C0000032002D7FF43CAFFFF7DFBB6748C16A88
:1081D00041F40031C162002D3FF488AB2E46FFF719
:1081E0008CBB6248C16A41F40031C162002D3FF48A
:1081F00038AB2E46FFF73DBB5C49896A01F00301AD
:10820000032900F02581002104F12800FFF708FA76
:108210000546D4E90032FFF766BB5449896A01F08C
:108220000301032900F03E81002104F12800FFF73B
:10823000F7F90546D4E90032002D3FF4BDAA2E46D9
:10824000FFF7C1BA4949896A01F0030103293FF4E4
:1082500091AA002104F10800FFF772F90546D4E95C
:108260000032002D3FF489AE2E46FFF785BA3F4914
:10827000896A01F0030103293FF47CAA002104F17B
:108280002800FFF7CDF90546D4E9003272E63749F8
:10829000896A01F00301032900F0F980002104F14B
:1082A0002800FFF7BDF90546D4E90032002D3FF460
:1082B000ADAA2E46FFF7B2BA2C49896A01F0030134
:1082C000032900F0D180002104F12800FFF7A8F96C
:1082D0000546D4E90032FFF7C1BA2449896A01F0A2
:1082E0000301032900F0C88002212830FFF798F924
:1082F0000646FFF728BA1D48C16A41F40031C16241
:10830000FFF781BA1948C16A41F40031C162FFF731
:1083100050BA164DE86A40F40030E862FFF717BA29
:108320001249896A01F00301032900F0E580012167
:1083300004F12800FFF774F90546D4E90032002D56
:108340007FF4CCAB8CE60949896A01F0030103296B
:1083500000F0D680012104F12800FFF761F90546FD
:10836000D4E90032002D7FF495AB5FE6004402585B
:108370008349896A01F0030103293FF469AB0121B4
:1083800004F12800FFF74CF90546D4E90032002D2E
:108390007FF464AE8DE50120BDE8F88321F08050C4
:1083A000B0F1804F3FF4B9ABB1F1405F3FF4B5ABF2
:1083B00001263546FFF7BCBB21F48030B0F5802F95
:1083C0003FF4B8AAB1F5403F3FF4B4AA01263546C0
:1083D000FFF7BABA21F40050B0F5004F3FF4EFAB0D
:1083E000B1F5C04F3FF4EBAB01263546FFF7F2BBCA
:1083F00021F08050B0F1804F3FF4C4AAB1F1405F4A
:108400003FF4C0AA01263546FFF7C7BA21F48060C1
:10841000B0F5805F3FF4AAABB1F5406F3FF4A6AB77
:1084200001263546FFF7ADBB0125E2E49106B2D542
:108430000125F2E40125A9E40125B8E40125C7E4FA
:10844000B1F5405F3FF44FAAB1F5804F3FF44BAA1E
:1084500001263546FFF751BAB1F1407F3FF4FEA93E
:10846000B1F1806F3FF4FAA901263546FFF701BA52
:10847000B1F5401F3FF46BA90126FFF76FB9B1F5C5
:10848000C00F3FF4C0A9B1F5000F3FF4BCA901260D
:108490003546FFF7C3B9C0293FF48BA9B1F5807FFA
:1084A0003FF487A901263546FFF78DB930293FF4FF
:1084B000F1A901263546FFF7F7B903252E46D4E981
:1084C0000032FFF795BA63689A067FF564AF0546F8
:1084D000A3E42B49896A01F0030103293FF46BAA45
:1084E000012104F10800FFF72BF80546D4E900321A
:1084F000002D7FF48FADBFE401263546FFF7EFBABC
:1085000001263546FFF7C7BA0126FFF779BB0126DA
:10851000FFF768BBD4F88400D4E90032FFF762BBF0
:10852000D4F898000126D4E90032FFF769BB012690
:108530003546FFF75ABAFCF7C5FBDFF8448007461B
:1085400041F2883904E0FCF7BDFBC01B484510D858
:10855000D8F870309B07F6D5D4F8B430F0E408486A
:10856000084A016902EA131221F47C510A430261AC
:10857000F1E40326D4E900323546FFF739BA00BFEB
:1085800000440258CFFFFF0008B5FEF709FF054B76
:10859000054A1B6AC3F30213D35C03F01F03D840E0
:1085A00008BD00BF0044025880E30608474A70B483
:1085B000946A956AD66A15F47C3FC5F30533D16B8E
:1085C0005BD0C1F3CC01C6F3001604F0030407EE40
:1085D000903A06FB01F1012CB8EEE77A06EE901A0C
:1085E000FAEEE96A03D0022C6AD0002C4AD0DFED03
:1085F000387A87EE876A936BC3F3080307EE903AE5
:10860000F7EE005AF8EEE77A77EEA57A77EEA67ADB
:1086100067EE867A2D4AB7EE006A936BC3F3462362
:1086200007EE103AB8EEC77A70BC37EE067AC7EE9E
:10863000876AFCEEE66AC0ED006A936BC3F30643FB
:1086400007EE103AB8EEC77A37EE067AC7EE876AB9
:10865000FCEEE66AC0ED016A936BC3F3066306EEB7
:10866000903AF8EEE66A76EE866A87EEA67AFCEE37
:10867000C77A17EE903A8360704770BCC0E9003348
:108680008360704713689B061DD51468F7EE007A67
:10869000936B1049C4F3C102C3F30803D14006EE43
:1086A000103A05EE901AB8EEC66AF8EEE55A36EEC4
:1086B000276AC5EE877A36EE267A67EE877AA9E7CB
:1086C000DFED057A95E7DFED057A92E70044025881
:1086D0000024744A0090D00320BCBE4B0024744C8C
:1086E000474A70B4946A956AD66A15F07C7FC5F3E0
:1086F0000553516C5BD0C1F3CC01C6F3002604F0E6
:10870000030407EE903A06FB01F1012CB8EEE77A7C
:1087100006EE901AFAEEE96A03D0022C6AD0002C19
:108720004AD0DFED387A87EE876A136CC3F308030B
:1087300007EE903AF7EE005AF8EEE77A77EEA57A70
:1087400077EEA67A67EE867A2D4AB7EE006A136C4A
:10875000C3F3462307EE103AB8EEC77A70BC37EE83
:10876000067AC7EE876AFCEEE66AC0ED006A136C13
:10877000C3F3064307EE103AB8EEC77A37EE067A2F
:10878000C7EE876AFCEEE66AC0ED016A136CC3F3BC
:10879000066306EE903AF8EEE66A76EE866A87EEB3
:1087A000A67AFCEEC77A17EE903A8360704770BCE9
:1087B000C0E900338360704713689B061DD51468B9
:1087C000F7EE007A136C1049C4F3C102C3F3080337
:1087D000D14006EE103A05EE901AB8EEC66AF8EEF1
:1087E000E55A36EE276AC5EE877A36EE267A67EEC8
:1087F000877AA9E7DFED057A95E7DFED057A92E75D
:10880000004402580024744A0090D00320BCBE4BA0
:108810000024744C002800F09580F8B590F83D30A5
:10882000044603F0FF02002B00F087802368022239
:108830004549464DB3F1804FA3EB010184F83D203B
:10884000A3EB050E1A68B1FA81F1A069BEFA8EFE9B
:10885000E7684FEA511166684FEA5E1E1FD0F1B912
:10886000DFF8F8C0634550D00CF5806C63454CD000
:108870000CF5806C634512D0BEF1000F0FD1344D62
:1088800034498B4218BFAB4243D001F580618B4223
:108890003FD022F08002DF629E62104314E0A568A0
:1088A00022F07002D4F810C02A43DF629E6222F4E4
:1088B000407242EA0C0222F08002104311B9BEF16C
:1088C000000F2FD062691A631968012241F0040178
:1088D00019605A611860002084F8482084F83E200E
:1088E00084F83F2084F8402084F8412084F8422016
:1088F00084F8432084F8442084F8452084F84620F6
:1089000084F8472084F83D20F8BD22F07002A16869
:108910000A43216922F44072DF620A439E6222F018
:10892000800210430C490A4A934218BF8B42C9D0B7
:1089300002F580629342C5D0C6E780F83C20F9F783
:1089400009FB73E70120704700000140000401406B
:108950000040014000440140004801400004004044
:1089600090F83D30012B39D102681D4B1D49B2F101
:10897000804F18BF9A4230B40CBF012300231A4D18
:108980000224AA4208BF43F0010380F83D40174C7F
:108990008A4208BF43F00103154801F58051A24205
:1089A00008BF43F00103824208BF43F001038A423B
:1089B00008BF43F0010313B90E4B9A4207D19168E7
:1089C0000D4B0B40062B06D0B3F5803F03D0136848
:1089D00043F001031360002030BC70470120704752
:1089E000000001400008004000040040000C00406E
:1089F000000401400040014007000100026841F20C
:108A000011110346106A084208D1106A40F244412D
:108A1000084203D1116821F00101116001220020F8
:108A200083F83D20704700BF90F83D30012B3DD1C9
:108A3000026802211E4BB2F1804F18BF9A4230B437
:108A40000CBF012300231B4D1B4CAA4208BF43F05F
:108A5000010380F83D10D168A24208BF43F0010332
:108A600004F5806441F001011448A24208BF43F0BC
:108A70000103D160824208BF43F0010310498A42DA
:108A800008BF43F0010313B90E4B9A4207D1916816
:108A90000D4B0B40062B06D0B3F5803F03D0136877
:108AA00043F001031360002030BC70470120704781
:108AB00000000140000400400008004000040140A4
:108AC000001800400040014007000100026841F228
:108AD000111C0346D16821F00101D160116A11EA2D
:108AE0000C0F08D1106A40F24441084203D11168CA
:108AF00021F0010111600122002083F83D20704720
:108B000090F83C20012A6DD002680346012030B461
:108B1000022483F83C0083F83D40594C95682C4072
:108B200094600C68702C00F0878025D8502C5BD0A6
:108B30002BD8402C40F090804C68CD68116A106AA8
:108B400021F00A0120F001000C434E4910629069A7
:108B500020F0F00040EA0510906114629068014036
:108B600041F04701916000200121002283F83D106F
:108B700083F83C2030BC7047B4F5005F4CD01FD860
:108B8000B4F5805018BF0120EEE7602CECD1106ADC
:108B90004C6820F0A000CD683A4940EA0410146AFD
:108BA00024F010041462946924F4704444EA0534F7
:108BB000946110629068014041F067019160D2E7D2
:108BC00031498C4206D04FD930498C4202D0103105
:108BD0008C42C9D190682B490140214341F00701E3
:108BE0009160C0E7022070474C68CD68116A106A36
:108BF00021F00A0120F001000C4322491062906923
:108C000020F0F00040EA0510906114629068014085
:108C100041F057019160A6E7D1E9015094682843DB
:108C2000CD6824F47F4140EA0520084390609168B4
:108C300041F48041916096E7D1E90150946828435E
:108C4000CD6824F47F4140EA052008439060916894
:108C500041F07701916086E786D8202CBAD00AD8F7
:108C600034F0100180D1B5E724F01001B1F5801F78
:108C70007FF47AAFAEE7302CACD0012074E700BFB0
:108C80008800CEFF8FFFCFFF2000100030001000C3
:108C9000704700BF704700BF704700BF704700BFFC
:108CA000036870B5DE6804461D69AA0701D5B107DF
:108CB00052D46B0701D570073BD4290701D5320781
:108CC00025D4E80601D5F10611D4EA0701D5F3074A
:108CD00064D415F4025F4CD0300667D4680601D521
:108CE00071066DD4AA0601D5B3064ED470BD2368B3
:108CF0006FF0100220461A6108222277DB6913F414
:108D0000407F71D0FFF7C6FF00232377DDE723689C
:108D10006FF0080220461A6104222277DB699B0764
:108D20005FD1FFF7B5FF2046FFF7B6FF002323779B
:108D3000C7E723686FF0040220461A6102222277F7
:108D40009B6913F4407F49D1FFF7A2FF2046FFF74C
:108D5000A3FF00232377B0E76FF002021A6101221C
:108D600002779B699A0733D0FFF794FF002323779C
:108D70009FE7EA05B2D53306B0D523686FF4807259
:108D800020461A6100F094F8A8E723686FF02002EB
:108D900020461A61BDE8704000F086B823686FF085
:108DA000010220461A61F2F773FA92E723686FF422
:108DB000025220461A6100F079F8E9058ED5DCE709
:108DC00023686FF0400220461A61FFF767FF89E7CA
:108DD000FFF75EFF2046FFF75FFFC7E7FFF75AFF89
:108DE000B7E7FFF757FFA1E7FFF752FF2046FFF76E
:108DF00053FF89E790F83C30012B4BD003680246C3
:108E0000022030B4244D82F83D00AB4258689C6883
:108E100029D005F58065AB4225D0204D20F07000AB
:108E2000AB4218BFB3F1804F05F580650CBF4FF022
:108E3000010C4FF0000CAB4208BF4CF0010C05F5E3
:108E40008065AB4208BF4CF0010C0D682843144DFF
:108E50005860AB4214BF60464CF0010060B9114845
:108E6000834209D00DE04D6820F4700028430D685E
:108E700020F0700028435860896824F080040C4377
:108E80009C6000230121184682F83D1082F83C3096
:108E900030BC7047022070470000014000040040D1
:108EA0000018004000400140704700BF704700BFFD
:108EB000704700BF2DE9F8431646D0F88820202AD5
:108EC0006AD10D4600293BD0B6FA86F77F09002EFD
:108ED00036D0984621230446C0F89070C0F88830F8
:108EE000FBF7F0FEA3688146A4F85460B3F5805FF9
:108EF000A4F8566053D0B4F8563022689BB2002BC9
:108F000053D0B8F1FF3F2DD1D3691E06FCD5002DFB
:108F10003DD015F8013B9362B4F85630013B9BB24B
:108F2000A4F85630B4F856309BB2002BECD1D3697C
:108F30005906FCD520230020C4F88830BDE8F8830A
:108F40000120BDE8F883002D44D015F8013B936261
:108F5000B4F85630013B9BB2A4F85630B4F8563002
:108F60009BB22BB3D3691806EDD4FBF7ABFEA0EB95
:108F70000903984505D3B8F1000F02D022681368A1
:108F8000F0E720230320C4F88830BDE8F88337F8E1
:108F9000023BC3F30803BEE70220BDE8F883236960
:108FA000002BA8D12F461D46A5E7B8F1FF3FBED044
:108FB000D3695B06BED4FBF785FEA0EB0903984599
:108FC000DFD3B8F1000FDCD022681368D3695B06E9
:108FD000F1D5AFE737F8023BC3F30803B7E700BFAB
:108FE0002DE9F8431746D0F88C20202A46D10D46AB
:108FF000002940D0B7FA87F67609002F3BD0984673
:1090000022230446C0F89060C0F88C30C666FBF797
:1090100059FEA4F85C70A4F85E708146A768B7F5A5
:10902000805F00F09E8067BB2369002B0CBFFF268A
:109030007F26B4F85E30A4F860609BB2002B00F08D
:109040008A80B8F1FF3F226837D1D3699906FCD5F1
:10905000536A3340002D70D005F8013BB4F85E3000
:10906000013B9BB2A4F85E30B4F85E309BB2002B9B
:1090700071D02268E9E70120BDE8F8830220BDE84D
:10908000F883B7F1805F3746D3D12369002B14BF33
:109090003F267F26CDE7002D76D0536A334005F872
:1090A000013BB4F85E30013B9BB2A4F85E30B4F8EB
:1090B0005E309BB2002B4ED02268D3699B06EAD467
:1090C000FBF700FEA0EB0903984530D3B8F1000F81
:1090D0002DD0226813685B07EFD5D369180763D4D6
:1090E000D3691905E9D54FF40063136252E8003FD4
:1090F00023F4907342E800310029F7D1414802F18E
:10910000080353E8003F034002F1080545E8003139
:109110000029F4D1E36E012B2DD0002320226367B8
:10912000C4F88C2084F88430E366C4F890202023AF
:109130000320C4F88C30BDE8F88327F8023BB4F86C
:109140005E30013B9BB2A4F85E30B4F85E309BB257
:10915000002B7FF47AAF20230020C4F88C30BDE8C8
:10916000F883236913B13746FF2662E72F4640F2A2
:10917000FF161D465DE752E8003F23F0100342E86A
:1091800000310029F7D1C8E7536A334027F8023B82
:10919000B4F85E30013B9BB2A4F85E30B4F85E30A8
:1091A0009BB2002B89D1D6E70823136252E8003F17
:1091B00023F4907342E800310029F7D1114802F1FD
:1091C000080353E8003F034002F1080545E8003179
:1091D0000029F4D1E36E012B0BD0002320210822BB
:1091E000C4F88C106367E36684F88430C4F8902078
:1091F0009DE752E8003F23F0100342E800310029C8
:10920000F7D1EAE7FEFFFFEF70B5D0F888600446BB
:10921000202E25D111B31346B2FA82F25209EBB1D6
:10922000A0F856300165A0F85430C0F890202120F5
:109230002568C4F88800E06FA8B1026505F128022E
:10924000114DC563114D0564114DC564FCF744F91A
:1092500040B11023C4F89030C4F88860012070BD7C
:10926000022070BD256840232B6205F1080353E8F6
:10927000003F43F0800305F1080141E80032002A75
:10928000F3D1002070BD00BF61930308A9930308C8
:10929000B993030838B50446036853E8002F22F455
:1092A000907243E800210029F7D12B4803F108020E
:1092B00052E8002F024003F1080545E8002100298B
:1092C000F4D1E26E012A28D099681A4649060ED4D4
:1092D00000230F212025A4F85E3018461162916901
:1092E00041F008019161C4F88C50E36638BD03F188
:1092F000080252E8002F22F0400203F1080040E883
:1093000000210029F3D1D4F88000B8B1002303650F
:10931000FCF716FCA0B92268DAE753E8002F22F028
:10932000100243E800210029CED053E8002F22F09C
:10933000100243E800210029EFD1C5E71A46C7E72C
:10934000D4F88000FDF78EF82028E4D11023032004
:10935000C4F8903038BD00BFFEFFFFEF704700BF7C
:1093600008B5C369806BB3F5807F18D0002302680D
:10937000A0F8563002F1080353E8003F23F08003C1
:1093800002F1080040E800310029F3D152E8003F23
:1093900043F0400342E800310029F7D108BDFFF750
:1093A000DDFF08BD704700BF806B08B5FFF7FAFF0F
:1093B00008BD00BF704700BF806B0368D0F88810FD
:1093C00010B5D0F88C409A68120601D521290DD02D
:1093D0009A68520601D5222C23D0D0F8903043F061
:1093E0001003C0F89030FAF74DFC10BD0022A0F831
:1093F000562053E8002F22F0C00243E80021002944
:10940000F7D103F1080252E8002F22F4000203F121
:10941000080C4CE800210029F3D12022C0F8882054
:10942000D6E70022A0F85E2053E8002F22F49072C5
:1094300043E800210029F7D1134C03F1080252E858
:10944000002F224003F1080C4CE800210029F4D140
:10945000C26E012A06D0002320224367C0F88C2068
:10946000C366BAE753E8002F22F0100243E8002158
:109470000029F0D053E8002F22F0100243E8002129
:109480000029EFD1E7E700BFFEFFFFEF08B5806BD3
:109490000023A0F85E30FAF7F5FB08BD704700BF67
:1094A00038B50446036853E8002F22F4907243E86D
:1094B00000210029F7D12F4803F1080252E8002FBC
:1094C000024003F1080545E800210029F4D1E26ECD
:1094D000012A1ED09A6812F040023DD003F1080222
:1094E00052E8002F22F0400203F1080040E800217A
:1094F0000029F3D1D4F88020E2B11F4B1046136548
:10950000FCF7D4FC18B1D4F88000036D9847002014
:1095100038BD53E8002F22F0100243E80021002953
:10952000D8D053E8002F22F0100243E80021002990
:10953000EFD1CFE70F21A4F85E20A26520251962A4
:109540002046996941F008019961C4F88C50E2669F
:10955000FFF7A4FF002038BD20210F20A4F85E20D3
:10956000A26518622046C4F88C10E266FFF796FFE9
:10957000002038BDFEFFFFEF7D950308806B0021C2
:109580000F22036810B5A0F85E1020241A629A69B1
:1095900042F008029A61C0F88C40C166FFF77EFF76
:1095A00010BD00BF036840F60F0CDA6912EA0C0F19
:1095B00070B51D680446996845D1960607D505F033
:1095C000200C01F080565CEA060C40F02A81E06E27
:1095D000012800F0CD80D0021DD4100606D501F47C
:1095E000000105F08000084340F0228151061CD59F
:1095F0006E061AD553E8002F22F0400243E80021FE
:109600000029F7D1202200232046C4F88820A36730
:10961000FFF7A4FE70BD4E02DFD54FF48012204646
:109620001A62BDE8704001F05DB8100202D5690011
:1096300000F13D81D301EDD5002DEBDA2046BDE8E8
:10964000704001F051B8B948084040F02581B84E4B
:109650003542BCD0D6071AD5EE0540F1038101266C
:109660001E62D4F8906046F00106C4F89060960738
:1096700040F1FB80CE070AD502261E62D4F8906026
:1096800046F00406C4F89060560700F1F48016070F
:109690000BD505F02006064307D008201862D4F841
:1096A000900040F00800C4F8900010050AD56E0143
:1096B00008D54FF400601862D4F8900040F0200004
:1096C000C4F89000D4F890000028A3D0900606D5E6
:1096D00005F0200501F080510D4340F0D580D4F80D
:1096E00090109A6801F0280102F0400252EA010548
:1096F00000F0E28053E8002F22F4907243E800214A
:109700000029F7D18B4803F1080252E8002F0240EC
:1097100003F1080545E800210029F4D1E26E012A91
:1097200000F08E8000222021C4F88C10E266996837
:1097300062674A0640F1B78003F1080252E8002F41
:1097400022F0400203F1080040E800210029F3D193
:10975000D4F88000002800F0A680774B0365FCF762
:10976000A5FB00283FF456AFD4F88000036D5CE001
:10977000D6067FF530AFE8067FF52DAF1022B4F89E
:109780005C501A629A68560640F19C80D4F88000BA
:109790000168496889B2002900F0D080A94280F0B0
:1097A000CD80C269A4F85E10B2F5807F2FD053E857
:1097B000002F22F4807243E800210029F7D103F141
:1097C000080252E8002F22F0010203F1080545E8E3
:1097D00000210029F3D103F1080252E8002F22F002
:1097E000400203F1080545E800210029F3D12022B9
:1097F000C4F88C20E16653E8002F22F0100243E801
:1098000000210029F7D1FCF79BF9B4F85C50022342
:1098100020462367B4F85E10691A89B2F9F756FF3B
:1098200070BD436F002B3FF4F5AEBDE870401847A4
:10983000A36F002B3FF4EEAE2046BDE87040184702
:1098400053E8002F22F0100243E8002100293FF4E2
:1098500069AF53E8002F22F0100243E800210029ED
:10986000EED15FE796073FF512AF56077FF50FAFD2
:10987000CE077FF50CAF04261E62D4F8906046F048
:109880000206C4F8906002E7626F002A3FF427AF37
:1098900020469047236822E7D6077FF5E8AEEE051D
:1098A0007FF5E5AEDBE62046FAF7ECF970BD204621
:1098B000BDE8704000F01ABF2046FAF7E3F9C4F89B
:1098C000905070BDB4F85E10B4F85E206D1A92B27C
:1098D000A9B200293FF49EAE002A3FF49BAE53E8A4
:1098E000002F22F4907243E800200028F7D1114D98
:1098F00003F1080252E8002F2A4003F1080646E867
:1099000000200028F4D120226067C4F88C20E06693
:1099100053E8002F22F0100243E800200028F7D17E
:10992000022320462367F9F7D1FE70BD0100001025
:1099300020010004FEFFFFEF8D940308A9427FF48D
:1099400069AEC369B3F5807FEAD070BD036810B516
:1099500053E8002F22F4907243E800210029F7D148
:1099600003F1080252E8002F22F0010203F108047B
:1099700044E800210029F3D11A4A20244167934288
:10998000C0F88C40016702D05A68110216D4C26E2A
:10999000012A24D10022C26653E8002F22F01002CF
:1099A00043E800210029F7D1DA69D20601D5102257
:1099B0001A62B0F85C10F9F789FE10BD53E8002F69
:1099C00022F0806243E800210029E0D053E8002F14
:1099D00022F0806243E800210029EFD1D7E7FFF7AA
:1099E000E9FC10BD000C005810B4D0F88C40B0F861
:1099F0006010222C026806D0936943F0080393613B
:109A00005DF8044B7047526A846D114024F8021BC4
:109A1000B0F85E208465013A92B2A0F85E20B0F8FA
:109A20005E309BB2002BEBD15DF8044BFFF78EBF8D
:109A3000D0F88C10B0F860C02229026804D0936975
:109A400043F0080393617047526A816D02EA0C0289
:109A50000A70B0F85E20816D013A013192B28165E1
:109A6000A0F85E20B0F85E309BB2002BEBD1FFF780
:109A70006DBF00BF03682DE9F047DD6919689F6875
:109A8000D0F88C20B0F86090222A05D09A6942F074
:109A900008029A61BDE8F087B0F86830044601F426
:109AA000807A07F00107002B00F0D880002F00F02B
:109AB000A380002604274FF0020804E0B4F85E30CB
:109AC0009BB2002B3ED0AB0673D52368A26D5B6AB8
:109AD00003EA09031370B4F85E202368013AA16D0C
:109AE00092B20131A4F85E20DD69A1656807E5D076
:109AF000E9070AD5BAF1000F07D001221A62D4F89B
:109B0000902042F00102C4F89020AA0707D5C3F8BC
:109B10002080D4F8902042F00402C4F89020680716
:109B200006D51F62D4F8903043F00203C4F8903099
:109B3000D4F89030002BC1D02046FAF7A3F8C4F82F
:109B40009060BBE7236853E8002F22F4807243E85B
:109B500000210029F7D14E4803F1080252E8002FF6
:109B6000024003F1080545E800210029F4D1494AE3
:109B7000202061679342C4F88C00216702D05A68A4
:109B800011026FD4E26E012A7DD10022E26653E811
:109B9000002F22F0100243E800210029F7D1DA69F2
:109BA000D20601D510221A62B4F85C102046F9F7EB
:109BB0008DFDB4F85E309BB2002B3FF46BAFB4F870
:109BC00068209A427FF666AF236803F1080252E8E4
:109BD000002F22F0805203F1080040E80021002904
:109BE000F3D12D4A626753E8002F42F0200243E888
:109BF00000210029F7D14DE7012604E0B4F85E30DA
:109C00009BB2002B9ED0A806D3D52368A26D5B6AB9
:109C100003EA09031370B4F85E30A26D013B013210
:109C20009BB2A265A4F85E302368DD696907E5D0C0
:109C3000EA0709D5BAF1000F06D01E62D4F89030B9
:109C400043F00103C4F89030D4F89030002BD5D005
:109C50002046FAF717F8C4F89070CFE7B0F85E30F6
:109C6000BDE8F08753E8002F22F0806243E800212E
:109C7000002987D053E8002F22F0806243E80021BA
:109C80000029EFD17EE72046FFF794FB91E700BF64
:109C9000FEFFFFEF000C0058319A030803682DE91E
:109CA000F047DD6919689F68D0F88C20B0F86090A3
:109CB000222A05D09A6942F008029A61BDE8F0872D
:109CC000B0F86830044601F4807A07F00107002BF1
:109CD00000F0D480002F00F0A180002604274FF070
:109CE000020804E0B4F85E309BB2002B3CD0AB0617
:109CF00071D52368A16D5A6A09EA020221F8022B84
:109D0000B4F85E20A165013A92B2A4F85E20DD6944
:109D10006807E7D0E9070AD5BAF1000F07D001229A
:109D20001A62D4F8902042F00102C4F89020AA07E9
:109D300007D5C3F82080D4F8902042F00402C4F87C
:109D40009020680706D51F62D4F8903043F00203D4
:109D5000C4F89030D4F89030002BC3D02046F9F7E7
:109D600091FFC4F89060BDE7236853E8002F22F408
:109D7000807243E800210029F7D14D4803F1080221
:109D800052E8002F024003F1080545E800210029B0
:109D9000F4D1484A202061679342C4F88C002167BF
:109DA00002D05A6811026DD4E26E012A7BD10022E2
:109DB000E26653E8002F22F0100243E80021002958
:109DC000F7D1DA69D20601D510221A62B4F85C1014
:109DD0002046F9F77BFCB4F85E309BB2002B3FF4D1
:109DE0006DAFB4F868209A427FF668AF236803F13C
:109DF000080252E8002F22F0805203F1080040E8E8
:109E000000210029F3D12C4A626753E8002F42F069
:109E1000200243E800210029F7D14FE7012604E0A2
:109E2000B4F85E309BB2002B9ED0A806D3D5236831
:109E3000A26D596A09EA010122F8021BA265B4F871
:109E40005E20013A92B2A4F85E20DD696907E7D08E
:109E5000EA0709D5BAF1000F06D01E62D4F8903097
:109E600043F00103C4F89030D4F89030002BD7D0E1
:109E70002046F9F707FFC4F89070D1E7B0F85E30DC
:109E8000BDE8F08753E8002F22F0806243E800210C
:109E9000002989D053E8002F22F0806243E8002196
:109EA0000029EFD180E72046FFF784FA93E700BF4F
:109EB000FEFFFFEF000C0058E99903080169826872
:109EC00003680A4370B504461D68C06986B06169BD
:109ED0000A43A04902432940656A0A43E1681A60BF
:109EE0005A6822F440520A43A1695A609A4A93423E
:109EF00000F01981226A9E681143984A324011434A
:109F00009960DA6A22F00F022A43DA62944A934295
:109F100028D0944A93421AD0934A934217D0934A36
:109F2000934214D0924A934211D0924A934219D04C
:109F3000914A93420BD0914A934208D001200023CA
:109F40004FF001126367A266A36706B070BD8C4B29
:109F50005B6D03F00703052BF0D8DFE803F09E7E6E
:109F600089915F78864B5B6D03F03803282BE5D829
:109F700001A252F823F000BFF5A003083D9F03089B
:109F80003D9F03083D9F03083D9F03083D9F030835
:109F90003D9F03083D9F03085BA003083D9F030806
:109FA0003D9F03083D9F03083D9F03083D9F030815
:109FB0003D9F03083D9F030871A003083D9F0308D0
:109FC0003D9F03083D9F03083D9F03083D9F0308F5
:109FD0003D9F03083D9F030881A003083D9F0308A0
:109FE0003D9F03083D9F03083D9F03083D9F0308D5
:109FF0003D9F03083D9F03081DA003083D9F0308E4
:10A000003D9F03083D9F03083D9F03083D9F0308B4
:10A010003D9F03083D9F03084FA00308B0F5004F84
:10A02000584847D0584A636832F815104FF6EF7217
:10A03000B0FBF1F000EB5300B0FBF3F0A0F1100324
:10A0400093423FF67BAF2368D860002077E7B0F5F6
:10A05000004F2FD04FF40040E4E7B0F5004F22D07E
:10A060006846FEF7A3FA01980028EED0656AD9E7A2
:10A07000B0F5004F4FD003A8FEF732FB0498F3E78A
:10A08000B0F5004F3CD03E4B1A6891062DD51B68A9
:10A090003E48C3F3C103D840C4E7B0F5004F26D013
:10A0A000FDF7BEF9E0E76846FEF780FA0198002860
:10A0B000CBD0656A344B626833F815105308B0FB97
:10A0C000F1F003EB40034FF6EF71B3FBF2F3A3F1B2
:10A0D00010028A423FF632AF23F00F02C3F342036D
:10A0E000216892B21343CB60AFE728489AE7FDF7A7
:10A0F00097F9DCE7B0F5004F12D0FDF7D9F9B3E7D7
:10A100001F4B1A68900640F18B801B681F48C3F3F1
:10A11000C103D840CEE703A8FEF7E2FA0498C6E7E9
:10A12000FDF7C6F9C3E798680C4A02400A43144990
:10A130009A60DA6A22F00F022A43DA628B6D03F02A
:10A140000703052B3FF6FAAEDFE803F05C574E221B
:10A15000625F00BFF369FFCF000C0058FFF4FF11EE
:10A16000001001400044004000480040004C004006
:10A17000005000400014014000780040007C004086
:10A180000044025800093D00A8E306080090D003EF
:10A19000244B1A6892063DD42348244B666833F852
:10A1A000152006EB4601B0FBF2F399423FF6C6AE2E
:10A1B000B3EB063F3FF6C2AE00231946E6F7C2FBFB
:10A1C00032460902030241EA1061700818184FF084
:10A1D000000341F10001E6F7B5FB154BA0F5407215
:10A1E0009A423FF6ABAE2EE703A8FEF779FA049841
:10A1F00000283FF42AAF656ACFE76846FEF7D6F934
:10A200000198F5E7FEF7C0F9F2E74FF40040C4E724
:10A210000848C2E71B680448C3F3C103D840BCE741
:10A22000014847E7004402580090D003A8E306081D
:10A23000FFFC0F0000093D00836A1A0710B406D521
:10A240000168846B4A6822F4004222434A60DC07BA
:10A2500006D50168C46A4A6822F4003222434A6083
:10A26000990706D50168046B4A6822F480322243BC
:10A270004A605A0706D50168446B4A6822F4802276
:10A2800022434A60DC0606D50168C46B8A6822F462
:10A29000805222438A60990606D50168046C8A6858
:10A2A00022F4005222438A605A060AD50168446C9F
:10A2B0004A68B4F5801F22F4801242EA04024A6020
:10A2C0000BD01B0606D50268C16C536823F400232B
:10A2D0000B4353605DF8044B70474A68846C22F46A
:10A2E000C00222434A60ECE738B500230446C0F8B8
:10A2F0009030FAF7E7FC2268054613681B070FD475
:10A300001368590731D4002320221846C4F8882046
:10A31000C4F88C20E3662367002384F8843038BDBA
:10A32000D3699802ECD40CE019681A46490705D5A0
:10A33000D96908074AD4D969090575D4DB69980237
:10A34000DED4FAF7BFFC431BB3F1007F2368EBD3E5
:10A3500053E8002F22F0800243E800210029F7D1C2
:10A360002023C4F888300320D6E7D3695B02CAD41F
:10A370000DE01A68500707D5DA69110700F18280ED
:10A38000DA69120500F1AC80DB695B02BBD4FAF735
:10A3900099FC431BB3F1007F2368EAD353E8002FF5
:10A3A00022F4907243E800210029F7D103F108025A
:10A3B00052E8002F22F0010203F1080040E80021DA
:10A3C0000029F3D12023C4F88C30CCE708221A628C
:10A3D00053E8002F22F4907243E800210029F7D1BE
:10A3E000564803F1080252E8002F024003F1080525
:10A3F00045E800210029F4D1E26E012A0BD00022A9
:10A4000020200821C4F88C006267E26684F884206A
:10A41000C4F890109CE753E8002F22F0100243E8A4
:10A4200000210029F7D1EAE74FF400621A6253E8ED
:10A43000002F22F4907243E800210029F7D13F4811
:10A4400003F1080252E8002F024003F1080545E835
:10A4500000210029F4D1E26E012A0AD00022202135
:10A460006267C4F88C1084F88420E266C4F8901007
:10A470006EE753E8002F22F0100243E80021002984
:10A48000F7D1EBE708221A6253E8002F22F490720A
:10A4900043E800210029F7D1284803F1080252E8D7
:10A4A000002F024003F1080545E800210029F4D1FE
:10A4B000E26E012A0BD0002220200821C4F88C0073
:10A4C0006267E26684F88420C4F8901066E753E877
:10A4D000002F22F0100243E800210029F7D1EAE71B
:10A4E0004FF400621A6253E8002F22F4907243E89E
:10A4F00000210029F7D1114803F1080252E8002F8A
:10A50000024003F1080545E800210029F4D1E26E7C
:10A51000012A0AD0002220216267C4F88C1084F836
:10A520008420E266C4F8901038E753E8002F22F048
:10A53000100243E800210029F7D1EBE7FEFFFFEF0F
:10A5400080B3D0F8883010B5044633B32268242392
:10A55000A16AC4F88830136823F001031360C1B9FD
:10A560002046FFF7ABFC012811D0236820465A682B
:10A5700022F490425A609A6822F02A029A601A687D
:10A5800042F00102BDE810401A60FFF7ADBE0120A5
:10A5900010BD2046FFF750FEE2E780F88430F7F761
:10A5A0002DFDD3E70120704730B484680023816516
:10A5B000B4F5805FA0F85C20A0F85E2043674FD020
:10A5C00084BB0369002B0CBFFF237F2300212224BF
:10A5D000A0F86030C0F890100168C0F88C4001F11C
:10A5E000080353E8003F43F0010301F1080545E883
:10A5F0000034002CF3D1436E8568B3F1005F046929
:10A6000035D0B5F5805F16D0324B4367BCB151E809
:10A61000003F43F4907341E80032002AF7D1002054
:10A6200030BC7047B4F1805FD0D10369002B0CBF00
:10A630007F233F23CAE7002C46D1274B436751E8CD
:10A64000003F43F0200341E80032002AE7D051E800
:10A65000003F43F0200341E80032002AEFD1DEE75B
:10A66000016940F2FF13002918BFFF23AEE7B0F8DD
:10A6700068309342C5D8B5F5805F11D0174B43675A
:10A680008CB901F1080353E8003F43F0805301F116
:10A69000080040E80032002AF3D1002030BC7047A7
:10A6A000ACB10E4B436751E8003F43F4807341E87F
:10A6B0000032002AE5D051E8003F43F4807341E8BE
:10A6C0000032002AEFD1DCE7024B43679FE7044BDF
:10A6D0004367D6E7319A0308E9990308759A030896
:10A6E0009D9C0308704700BF704700BF704700BFC4
:10A6F00090F88420012A17D0026803462420002104
:10A7000030B4C3F8880020251068146820F0005089
:10A7100024F001041460596610600846C3F888509C
:10A7200083F8841030BC70470220704790F8842072
:10A73000012A37D002680346242030B5C3F88800C8
:10A740001468106820F001001060906820F06040EC
:10A750000143586E916010B391689068C1F3426CE8
:10A7600011494FEA507E114D11F80E0011F80C10EE
:10A7700015F80EE0000115F80C500901B0FBFEF0D1
:10A78000B1FBF5F1A3F8681020250021A3F86A00B9
:10A7900014600846C3F8885083F8841030BD012146
:10A7A0000846EFE702207047C8E30608C0E3060842
:10A7B00090F88420012A37D002680346242030B55F
:10A7C000C3F888001468106820F0010010609068D9
:10A7D00020F060600143586E916010B391689068FA
:10A7E000C1F3426C11494FEA507E114D11F80E0031
:10A7F00011F80C1015F80EE0000115F80C500901C5
:10A80000B0FBFEF0B1FBF5F1A3F8681020250021A4
:10A81000A3F86A0014600846C3F8885083F88410CF
:10A8200030BD01210846EFE702207047C8E3060863
:10A83000C0E3060870B5D0F88C60202E0FD161B14E
:10A84000B2FA82F56D0942B101230446C366056779
:10A85000FFF7AAFEE36E012B03D0012070BD02209A
:10A8600070BD22681023136252E8003F43F01003CA
:10A8700042E800310029F7D1002070BD19F050BE28
:10A880000268D207034605D4427802B1FFDE0120F8
:10A8900058707047002070470123036070470128FB
:10A8A00038BF012010B5044620461BF003FA00B162
:10A8B00010BD19F09FFE08B91BF0EEF98047F3E7D1
:10A8C00008B54368C3F17F5303F57F1303F57F5346
:10A8D0003F339A4202D903480CF034FCBDE80840EB
:10A8E00013F0F6BAD0E306082DE9F3470022054637
:10A8F0000F46014668460CF039FD9DF80010002413
:10A90000002968D03B687C601C702B6853F80C1CD5
:10A9100029446C3151F8649C01A8A145D8BF6FF05F
:10A92000404900F073F801A80DF0EEFA804601A846
:10A9300000F0DEF82B6853F80C3C2B449E6F304639
:10A9400013F042F8421C3BD0D8F818205FFA80FC84
:10A9500012F80C301B0731D4D6E90213A9EB04001E
:10A960005B1A8342A8BF0346012B08DC38466146C8
:10A9700013F09DF93046013413F02FF81AE00B4420
:10A98000481C8342824608D99AF800C012F80CC0CD
:10A990001CF0080F00F10100F3D0AAEB010A3846C1
:10A9A0005246FFF78DFFB3685344B36030465444BA
:10A9B00013F00AF8A145C5D8002105E0A145FBD94F
:10A9C000431C5942594149002B6853F80C3C2B4415
:10A9D00000229A605CB941F004012B6853F80C0C1A
:10A9E00028440CF0E1FB284602B0BDE8F0870029BE
:10A9F000F9D00221F1E770474268511E012A4160F7
:10AA000002D103685B68184770470000044A0B686E
:10AA10001268036093421EBF1A6801321A607047C1
:10AA2000D0C20124016070470249034800221AF095
:10AA300093B900BFF4F10608C8C2012410B5034C55
:10AA400023680BB9FFF7F0FF206810BDC8C20124CE
:10AA500000487047F4F1060838B543680446B3B9B6
:10AA60006068B0B9E36813BBE06810BB23691BBB27
:10AA7000206958BB204638BD52F8250008B1FFF7C1
:10AA8000BBFF0135D4E90123AB42F5D8E8E7002547
:10AA9000F8E719F047FDE5E752F8250008B1FFF7A0
:10AAA000ABFF0135D4E90232AB42F5D8DCE7002533
:10AAB000F8E719F037FDD9E700252369585908B19F
:10AAC00019F030FD0435182DF7D1D1E719F02AFD22
:10AAD000D0E703685A1E012B10B50446026006D168
:10AAE000FFF7BAFF2046BDE8104019F019BD10BDB0
:10AAF000054B10B51B6804460068984201D0FFF76B
:10AB0000E8FF204610BD00BFD0C201240A4A38B574
:10AB10000B680D4611688B4218BF1A68044600681E
:10AB20001CBF01321A60814201D0FFF7D2FF2B68AF
:10AB30002360204638BD00BFD0C20124036823B97A
:10AB4000034A1368013313600360006801387047DB
:10AB5000C4C201242DE9F84F044617460846002ACE
:10AB600047D0FFF7EBFFA368013B9842064631D977
:10AB700000F1040A6FF060439A4534BF4FEA8A0B34
:10AB80004FF0FF3B5846D4F8049019F03BFDA36802
:10AB90000546002199422ED100229A4532D85846C6
:10ABA000D4F80C8019F02EFDA268002191422DD11D
:10ABB0000023924531D8C4E9015AE060B9F1000F91
:10ABC00002D0484619F0AEFCB8F1000F02D0404662
:10ABD00019F0A8FC7B68656801337B6055F8263066
:10ABE000002B54D145F8267000252E46A3689D42BF
:10ABF00050D3BDE8F88F626852F8212045F8212033
:10AC00000131C7E745F823200133C6E7E36853F86D
:10AC1000213040F821300131C8E740F822300132BC
:10AC2000C7E7D8F80400FFF789FF86420AD1084633
:10AC3000FFF784FF55F8203080461BB3384603F0F9
:10AC400017FB15E008F10808D8F80010D1B1084644
:10AC5000FFF774FF8642E4D1D8F804100846FFF7E6
:10AC60006DFF55F82030804663B1384608F082FF0A
:10AC7000436801338146436055F82800FFF7BCFE66
:10AC800045F8289055F82600FFF7B6FEAAE7DFF84A
:10AC90001C80D9E7E36853F8250020B1FFF7ACFE2C
:10ACA000E36843F825600135A0E700BFF8F1060826
:10ACB0002DE9F041214F3B68BFF35B8FDB07064670
:10ACC0000C46154606D43846FFF7DAFD10B1384673
:10ACD000FFF7E2FD1A490F6817B94FF0FF3308E09C
:10ACE0003846FFF72BFFA84248680DD1FFF726FF33
:10ACF0000346F16851F8252092B1ECB12368204653
:10AD00005B68BDE8F0411847FFF718FFA84205D17E
:10AD10003846FFF713FF2B460546EAE70831DAE726
:10AD20006268501C6060581C18BF023241F8254010
:10AD30001CBF626041F82340BDE8F081D4C2012409
:10AD4000F8F1060810B5084C2368BFF35B8FDB07EA
:10AD500008D42046FFF794FD20B12046BDE81040FE
:10AD6000FFF79ABD10BD00BF5CD101242DE9F04F63
:10AD7000302387B08360CC4B0160C0240746224655
:10AD8000002118461DF04AF9C84B78602246002180
:10AD900018461DF043F9C64BF860002118461422EE
:10ADA0001DF03CF9021FC34C3A6140F8044CFFF718
:10ADB0004FFE03882380C04CC04DDFF804B4C04E62
:10ADC000DFF800A4DFF8009400220123114620469A
:10ADD00004F000FD2246BB4CBB493846FFF7BAFEE3
:10ADE000012120461AF01CF822463846B749FFF7E1
:10ADF000B1FEB74AB74B136000244FF00108B64BC1
:10AE00002B6021462846C2E90244C2E90544C2E952
:10AE10000744C2F804801474948482F86440C5F82E
:10AE20000480AA6000F022FF2A463846AB49AC4DA8
:10AE3000FFF790FEAB4AAC4BAC49C2F804803846F1
:10AE40001360FFF787FEAA4AAA4BAB49C2F80480F9
:10AE500038461360FFF77EFEA84B2B60C5F80480D0
:10AE6000FFF7ECFD2A46A860A549A64D3846FFF736
:10AE700071FEA54BA54A1A60A54A2A6021462246C2
:10AE80002846C3E90244C3E90544C3E90744C3E9CA
:10AE90000944C3E90B44C3F804801C829C745C63BE
:10AEA00083F84340AB60C5F8048000F083FB2A467A
:10AEB00038469849984DFFF74DFE984ACBF8002048
:10AEC000974A2A60214622462846CBE90244CBE92C
:10AED0000544CBE90744CBE90944CBE90B44ABF883
:10AEE00010408BF81240CBF834408BF84340C5F843
:10AEF0000480C5F808B0CBF8048000F017FB2A46A0
:10AF000038468849884DFFF725FE884A88491160F0
:10AF100038468849C2F80480FFF71CFE864A8749F4
:10AF2000116038468649C2F80480FFF713FE854A4F
:10AF30003260314642462846C6E90244C6E9044426
:10AF4000C6E90644C6E90844C6E90A44C6E90C4411
:10AF5000C6E90E44C6E91044C6E91244C6E91444E1
:10AF6000C6E91644C6E91844C6E91A44C6E91C44B1
:10AF7000C6E91E44C6F80480C6E92044C6E9224456
:10AF8000C6E92444C6E92644C6E92844C6E92A4459
:10AF9000C6E92C44C6E92E44C6F8C04086F8C44031
:10AFA0000CF056FE2A4638466749684DFFF7D2FD39
:10AFB000674A6849116038466749C2F80480FFF75C
:10AFC000C9FD664A6649116038466649C2F8048080
:10AFD000FFF7C0FD4146284605F092FA2A46624D29
:10AFE00062493846FFF7B6FD4146284604F0DEFBCD
:10AFF0002A465F4D5F493846FFF7ACFD414628467B
:10B0000019F01EFF2A4638465B495C4DFFF7A2FD4A
:10B010005B4B5C4A1A6021465B4AC3F804802846B1
:10B02000C3E90244C3E90544C3E90744C3E9094449
:10B030001C7483F82441AB60C5F804802A6000F0DA
:10B040007DFE2A4638465149514DFFF783FD514A4E
:10B050005149116038465149C2F80480FFF77AFD22
:10B060004F4A5049116038464F49C2F80480FFF7F3
:10B0700071FD4E4AC5F804802A60FFF7DFFC2A46BE
:10B08000A8604B494B4D3846FFF764FD4A4ACAF861
:10B0900000204A4A2A60214622462846CAE902443C
:10B0A000CAE9054492E000BF60D00124A0CF01248A
:10B0B00030D1012420D1012480CD012468CD012488
:10B0C000A8C501244CCD012444D2012490D30124ED
:10B0D000F8C601241CFA0608D008070874D2012417
:10B0E00074CD012460CD01247019070824D30124F4
:10B0F00058CD0124AC19070820D30124B40807084F
:10B1000068D2012434CD012470C60124ECF906086C
:10B11000280907087CD2012440CD0124DCF9060867
:10B12000F408070878D2012410CD01242CCD012485
:10B130007809070884D2012424CD01249009070846
:10B1400080D20124DC19070808D30124F0CC0124A3
:10B1500008CD0124A809070870D2012400CD0124DC
:10B16000DC1A070804D3012410C801246CD201247E
:10B17000DCC7012440D201248CD30124F8C7012468
:10B1800080C401242CFA0608D0130708B4D2012485
:10B1900004C80124F0C701242421070884D3012412
:10B1A000E8C701246021070880D30124B4130708ED
:10B1B000A8D20124C4C701240CFA060828140708E1
:10B1C000B4C60124A0C3012410C40124CAE9074461
:10B1D000CAE90944CAE90B44CAE90D448AF8104097
:10B1E000CAF83C408AF86C40C5F80480C5F808A04D
:10B1F000CAF8048000F09EFA2A4638468149824DFA
:10B20000FFF7A8FC814AC9F80020814A2A6021463C
:10B2100022462846C9E90244C9E90544C9E9074468
:10B22000C9E90944C9E90B44C9E90D4489F810404A
:10B23000C9F83C4089F86C40C5F80480C5F808900E
:10B24000C9F8048000F02EFA2A4638467149724D3A
:10B25000FFF780FC714A7249116038467149C2F8A3
:10B260000480FFF777FC704A7049116038467049D6
:10B27000C2F80480FFF76EFC6E4A2A60C5E90244FA
:10B28000C5E90444C5E90644C5E90844C5E90A44DA
:10B29000C5E90C44C5E90E44C5E91044C5E91244AA
:10B2A000C5E91444C5E91644C5E91844C5E91A447A
:10B2B000C5E91C44C5E91E44C5F80480C5E920441D
:10B2C000C5E92244C5E92444C5E92644C5E9284422
:10B2D000C5E92A44C5E92C44C5E92E44C5F8C04057
:10B2E00085F8C440544C42462946204613F052FB90
:10B2F000224638465149524CFFF72CFC514A5249DC
:10B30000116038465149C2F80480FFF723FC504AC7
:10B310005049116038465049C2F80480FFF71AFCC2
:10B320004146204609F0C4FC224638464B49FFF707
:10B3300011FC4B4A4B49116038464B49C2F8048016
:10B34000FFF708FC494A4A49116038464949C2F8A2
:10B350000480FFF7FFFB484A4849116038464849D6
:10B36000C2F80480FFF7F6FB464A474911603846A9
:10B370004649C2F80480FFF7EDFB454B454A009271
:10B38000CDE9013B444BCDF8149069463846CDE9F0
:10B39000033A01F09DFC4148FC68FFF7CFFB3D4AB2
:10B3A00044F820203E48FC68FFF7C8FB384B44F8BF
:10B3B00020303C48FC68FFF7C1FB44F820B03A4815
:10B3C000FC68FFF7BBFB44F820603848FC68FFF7D7
:10B3D000B5FB314B44F820300A48FC68FFF7AEFB60
:10B3E00044F820A00B48FC68FFF7A8FB44F8209025
:10B3F0001248FC68FFF7A2FB44F82050384607B01B
:10B40000BDE8F08FBCD20124D0C70124FCF90608A6
:10B41000F4130708B8D20124D8C20124BCC7012400
:10B4200078140708C4D20124B4C701249014070873
:10B43000C0D2012490210708A0C7012468D30124A9
:10B4400080C7012498C70124A8140708B0D201249A
:10B4500090C701249022070864D30124ACD20124B0
:10B4600078C701246CFC06086CD1012470C7012444
:10B47000C4FC060868D1012468C701241CFD060825
:10B4800064D1012460C7012474FD060860D1012441
:10B4900070C60124F8C6012480C4012474D201249A
:10B4A0007CD2012478D2012408D30124B4D201240F
:10B4B00038B5094D2B686BB9084C02212046FFF7BF
:10B4C00055FC074B2C601C6021460648BDE83840FF
:10B4D000FFF7A8BA38BD00BFD0C2012448D101246B
:10B4E000CCC2012444D10124024B1B680BB9FFF7E5
:10B4F000DFBF7047D0C2012438B500230360044683
:10B50000084DFFF7F1FF084A2B6812682360934249
:10B5100006D0FFF717FC2B6823601A6801321A6007
:10B52000204638BDCCC20124D0C2012438B584687D
:10B530000546ACB94420FFF7B2F91A4B0482C0E9C2
:10B540000034C0E90244C0E90544C0E90744C0E949
:10B550000944C0E90B448474446380F84340A86004
:10B56000AB6811492E225A74AB682C229A74AA68CF
:10B570000023C2E90513C2E90713C2E90913916068
:10B580000A49D36008681063D362AA685063084A06
:10B590001068AA68C15C1A4401330B2B82F838107A
:10B5A000F7D138BDDCF90608E8E90608D424070815
:10B5B0007400002438B584680546ACB94420FFF710
:10B5C0006EF91A4B0482C0E90034C0E90244C0E9B4
:10B5D0000544C0E90744C0E90944C0E90B44847448
:10B5E000446380F84340A860AB6811492E225A7426
:10B5F000AB682C229A74AA680023C2E90513C2E939
:10B600000713C2E9091391600A49D36008681063FF
:10B61000D362AA685063084A1068AA68C15C1A44D9
:10B6200001330B2B82F83810F7D138BDECF906083E
:10B63000E8E90608D424070874000024064B10B576
:10B6400004460360806810B103685B689847204631
:10B65000FFF7D1F9204610BDF408070810B50446DD
:10B66000FFF7ECFF204618F05BFF204610BD0000FE
:10B67000064B10B504460360806810B103685B6830
:10B6800098472046FFF7B7F9204610BD280907085C
:10B6900010B50446FFF7ECFF204618F041FF2046A6
:10B6A00010BD000038B584680546B4B97020FFF7B6
:10B6B000F6F8C0E90244C0E90544C0E90744C0E91E
:10B6C0000944C0E90B44C0E90D44154B44600360D4
:10B6D0000474C46380F86C40A860AB682E212C22EF
:10B6E000C3E905120F49104A9A600022C3E9071204
:10B6F000C3E90912C3E90B12DA605A630B4A1068F6
:10B700009863AB68D8630A4BAA681B683C32591E21
:10B710000A3311F8010F42F8040F9942F9D138BDEC
:10B72000FCF90608C8F80608E8E90608D424070862
:10B730007400002438B584680546B4B97020FFF75A
:10B74000AEF8C0E90244C0E90544C0E90744C0E9D5
:10B750000944C0E90B44C0E90D44154B4460036043
:10B760000474C46380F86C40A860AB682E212C225E
:10B77000C3E905120F49104A9A600022C3E9071273
:10B78000C3E90912C3E90B12DA605A630B4A106865
:10B790009863AB68D8630A4BAA681B683C32591E91
:10B7A0000A3311F8010F42F8040F9942F9D138BD5C
:10B7B0000CFA0608C8F80608E8E90608D4240708C1
:10B7C00074000024064B10B504460360806810B175
:10B7D00003685B6898472046FFF70DF9204610BDC7
:10B7E000F413070810B50446FFF7ECFF204618F0E5
:10B7F00097FE204610BD0000064B10B504460360BE
:10B80000806810B103685B6898472046FFF7F3F83B
:10B81000204610BD2814070810B50446FFF7ECFFBA
:10B82000204618F07DFE204610BD00000D4B10B5DF
:10B83000036090F8433004467BB1806808B118F08B
:10B8400071FE606908B118F06DFEE06908B118F08A
:10B8500069FE606A08B118F065FE2046FFF7CBF874
:10B86000204610BDDCF9060810B50446FFF7DEFFE0
:10B87000204618F055FE204610BD00000D4B10B5B7
:10B88000036090F8433004467BB1806808B118F03B
:10B8900049FE606908B118F045FEE06908B118F08A
:10B8A00041FE606A08B118F03DFE2046FFF7A3F89C
:10B8B000204610BDECF9060810B50446FFF7DEFF80
:10B8C000204618F02DFE204610BD00000D4B10B58F
:10B8D000036090F86C3004467BB1806808B118F0C2
:10B8E00021FEE06908B118F01DFE606A08B118F089
:10B8F00019FEE06A08B118F015FE2046FFF77BF844
:10B90000204610BDFCF9060810B50446FFF7DEFF1F
:10B91000204618F005FE204610BD00000D4B10B566
:10B92000036090F86C3004467BB1806808B118F071
:10B93000F9FDE06908B118F0F5FD606A08B118F08A
:10B94000F1FDE06A08B118F0EDFD2046FFF753F86D
:10B95000204610BD0CFA060810B50446FFF7DEFFBE
:10B96000204618F0DDFD204610BD000038B5846883
:10B970000546ACB94420FEF792FF1A4B0482C0E999
:10B980000034C0E90244C0E90544C0E90744C0E905
:10B990000944C0E90B448474446380F84340A860C0
:10B9A000AB6811492E225A74AB682C229A74AA688B
:10B9B0000023C2E90513C2E90713C2E90913916024
:10B9C0000A49D36008681063D362AA685063084AC2
:10B9D0001068AA68C15C1A4401330B2B82F8381036
:10B9E000F7D138BDDCF90608E8E90608D4240708D1
:10B9F0007400002438B584680546ACB94420FEF7CD
:10BA00004EFF1A4B0482C0E90034C0E90244C0E989
:10BA10000544C0E90744C0E90944C0E90B44847403
:10BA2000446380F84340A860AB6811492E225A74E1
:10BA3000AB682C229A74AA680023C2E90513C2E9F4
:10BA40000713C2E9091391600A49D36008681063BB
:10BA5000D362AA685063084A1068AA68C15C1A4495
:10BA600001330B2B82F83810F7D138BDECF90608FA
:10BA7000E8E90608D424070874000024064B10B532
:10BA800004460360806810B103685B6898472046ED
:10BA9000FEF7B1FF204610BDFC19070810B504469B
:10BAA000FFF7ECFF204618F03BFD204610BD0000DC
:10BAB000064B10B504460360806810B103685B68EC
:10BAC00098472046FEF797FF204610BD301A07081A
:10BAD00010B50446FFF7ECFF204618F021FD204684
:10BAE00010BD000038B584680546B4B97020FEF773
:10BAF000D6FEC0E90244C0E90544C0E90744C0E9F4
:10BB00000944C0E90B44C0E90D44154B446003608F
:10BB10000474C46380F86C40A860AB682E212C22AA
:10BB2000C3E905120F49104A9A600022C3E90712BF
:10BB3000C3E90912C3E90B12DA605A630B4A1068B1
:10BB40009863AB68D8630A4BAA681B683C32591EDD
:10BB50000A3311F8010F42F8040F9942F9D138BDA8
:10BB6000FCF90608C8F80608E8E90608D42407081E
:10BB70007400002438B584680546B4B97020FEF717
:10BB80008EFEC0E90244C0E90544C0E90744C0E9AB
:10BB90000944C0E90B44C0E90D44154B44600360FF
:10BBA0000474C46380F86C40A860AB682E212C221A
:10BBB000C3E905120F49104A9A600022C3E907122F
:10BBC000C3E90912C3E90B12DA605A630B4A106821
:10BBD0009863AB68D8630A4BAA681B683C32591E4D
:10BBE0000A3311F8010F42F8040F9942F9D138BD18
:10BBF0000CFA0608C8F80608E8E90608D42407087D
:10BC000074000024064B10B504460360806810B130
:10BC100003685B6898472046FEF7EDFE204610BD9E
:10BC2000B021070810B50446FFF7ECFF204618F0D6
:10BC300077FC204610BD0000064B10B5044603609B
:10BC4000806810B103685B6898472046FEF7D3FE12
:10BC5000204610BDE421070810B50446FFF7ECFFAD
:10BC6000204618F05DFC204610BD000038B5846801
:10BC7000054684B96820FEF712FEC0E90244C0E917
:10BC80000544C0E907441A4B44600360047484848B
:10BC900080F86440A860AA68164B93602E210023A8
:10BCA00082F82410D3601374AA682C2182F825101E
:10BCB000114A1068AA68C15C1A440133242B82F827
:10BCC0002610F7D10D4B18680023AA68C15C1A44EE
:10BCD00001331A2B82F84A10F7D1AB68084A5A612F
:10BCE00004229A61074ADA6105221A6238BD00BF50
:10BCF0001CFA0608E8E906086C000024700000241D
:10BD0000E5E30608EAE30608064B10B504460360BF
:10BD1000806810B103685B6898472046FEF76BFEA9
:10BD2000204610BDD008070810B50446FFF7ECFF09
:10BD3000204618F0F5FB204610BD000038B5846899
:10BD4000054694B94FF49470FEF7A9FDC0E902448A
:10BD5000C0E90544C0E90744C0E90944184B446000
:10BD60000360047480F82441A860AB68154A9A60A7
:10BD70000022DA601A7419462E225A622C2241F8E7
:10BD8000282F114A1268501E233210F8014F41F833
:10BD9000044F9042F9D10D4A126803F1B800511EC8
:10BDA000193211F8014F40F8044F9142F9D1084A75
:10BDB0005A6104229A61074ADA6105221A6238BD83
:10BDC0002CFA0608E8E906086C000024700000243C
:10BDD00080F2060894F20608064B10B5044603608C
:10BDE000806810B103685B6898472046FEF703FE41
:10BDF000204610BDD013070810B50446FFF7ECFF2E
:10BE0000204618F08DFB204610BD00000B4B10B5EE
:10BE1000036090F8643004465BB1806808B118F0A4
:10BE200081FB606908B118F07DFBE06908B118F08A
:10BE300079FB2046FEF7DFFD204610BD1CFA060800
:10BE400010B50446FFF7E2FF204618F069FB2046D4
:10BE500010BD00000B4B10B5036090F82431044670
:10BE60005BB1806808B118F05DFB606908B118F03B
:10BE700059FBE06908B118F055FB2046FEF7BBFD01
:10BE8000204610BD2CFA060810B50446FFF7E2FF65
:10BE9000204618F045FB204610BD000038B58468E8
:10BEA000054684B96820FEF7FAFCC0E90244C0E9FF
:10BEB0000544C0E907441A4B446003600474848459
:10BEC00080F86440A860AA68164B93602E21002376
:10BED00082F82410D3601374AA682C2182F82510EC
:10BEE000114A1068AA68C15C1A440133242B82F8F5
:10BEF0002610F7D10D4B18680023AA68C15C1A44BC
:10BF000001331A2B82F84A10F7D1AB68084A5A61FC
:10BF100004229A61074ADA6105221A6238BD00BF1D
:10BF20001CFA0608E8E906086C00002470000024EA
:10BF3000E5E30608EAE30608064B10B5044603608D
:10BF4000806810B103685B6898472046FEF753FD90
:10BF5000204610BD4C19070810B50446FFF7ECFF4A
:10BF6000204618F0DDFA204610BD000038B5846880
:10BF7000054694B94FF49470FEF791FCC0E9024471
:10BF8000C0E90544C0E90744C0E90944184B4460CE
:10BF90000360047480F82441A860AB68154A9A6075
:10BFA0000022DA601A7419462E225A622C2241F8B5
:10BFB000282F114A1268501E233210F8014F41F801
:10BFC000044F9042F9D10D4A126803F1B800511E96
:10BFD000193211F8014F40F8044F9142F9D1084A43
:10BFE0005A6104229A61074ADA6105221A6238BD51
:10BFF0002CFA0608E8E906086C000024700000240A
:10C0000080F2060894F20608064B10B50446036059
:10C01000806810B103685B6898472046FEF7EBFC28
:10C02000204610BD0021070810B50446FFF7ECFFBD
:10C03000204618F075FA204610BDC3689A6810B5FE
:10C04000C26002B1506042685A600C68844203D1F9
:10C050000B609860436010BD916881420CBF936093
:10C06000D360F6E78368DA6810B5826002B1506089
:10C0700042685A600C68844203D10B60D860436008
:10C0800010BDD16881420CBFD3609360F6E7C268EF
:10C09000034622B110469268002AFBD170474068DF
:10C0A000C2689A4204D0DA68904208BF18467047C6
:10C0B00003464068F4E7027803462AB942685268AA
:10C0C000824201D1D06870479A6822B11046D26886
:10C0D000002AFBD17047586882689A4200D07047A6
:10C0E00003464068F8E7FFF7D2BFFFF7D0BFFFF77E
:10C0F000E2BF2DE9F8431D461F1D0023C1E90233AD
:10C100000C464A600B70A0B19542916002D1696003
:10C11000EC6003E0AB68934208BFA9604FF00009F0
:10C120004FF001086B68A34232D101221A70BDE8BA
:10C13000F883D160EB689342F0D1E9E7C368A3428A
:10C1400003D13946FFF779FF04466368394683F81F
:10C150000080304686F80090FFF784FFE2E733B1B5
:10C160001A7822B980F8008083F8008021E0836883
:10C17000A34203D13946FFF775FF04466368394689
:10C1800083F80080304686F80090FFF756FFC9E735
:10C1900060680278002AC8D14668B3688342DED15D
:10C1A000F268002ACAD011780029C7D1012119707C
:10C1B000117086F800903446B4E72DE9F047D0E9D5
:10C1C000022405460F46002A3FD0002C39D02146D4
:10C1D0000B4689680029FBD1AB42DE6836D0A3420A
:10C1E00053609A6008D05A6806B1726059688E60D0
:10C1F000DC60E96814464B607A68AA421AD17B6019
:10C200006A6829785A601A7819702A702B78002B7E
:10C210007ED007F104084FF000094FF0010A7B6857
:10C22000B34273D0002E3CD03378012B39D0012398
:10C2300033706DE06A689168A9420CBF9360D36067
:10C24000DEE744681646746003E026466C68002EFC
:10C25000F9D17B68AB420FD17E60BB68AB4203D1A2
:10C26000EB6883B96B68BB60FB68AB42CED1AB684F
:10C2700083B96B68FB60C9E76B689A68AA420CBF18
:10C280009E60DE60E9E733461A469B68002BFBD1CF
:10C29000BA60E9E733461A46DB68002BFBD1FA6047
:10C2A000B4E7A068B04236D1E06803783BB980F8C3
:10C2B00000A0414620462370FFF7BFFEE068D0E9AA
:10C2C000022312B11178012909D113B1197801297A
:10C2D00005D1636880F8009026461C469FE713B19D
:10C2E0001B78012B07D101231370002303704146F3
:10C2F000FFF7B8FEE06823780370C368012222705C
:10C3000003B11A7041462046FFF797FE002E8ED1EA
:10C310002846BDE8F08703783BB980F800A0414685
:10C3200020462370FFF79EFEA068D0E9023212B1CA
:10C330001178012904D1002BCBD019780129C8D05C
:10C3400013B11B78012B07D1012313700023037055
:10C350004146FFF772FEA0682378037083680122CC
:10C36000227003B11A7041462046FFF77BFECDE7ED
:10C37000009B03201A607047002070470020704720
:10C3800004207047009B03201A6070477F2908D85B
:10C39000D0E900329A4242D05A1C02601970012042
:10C3A0007047B1F5006F10D2D0E90032D21A012ADD
:10C3B00035D95A1C02608A09403A1A70036801F0A4
:10C3C0003F015A1C02608039E8E7B1F5803F11D285
:10C3D000D0E90032D21A022A21D95A1C02600A0B73
:10C3E000203A1A700268531C0360C1F38513803B26
:10C3F0001370E3E7B1F5881F11D2D0E90032D21AE9
:10C40000032A0CD95A1C02608A0C103A1A7002686E
:10C41000531C0360C1F30533803B1370E2E7002037
:10C420007047D0E90032D21AF0B504466FD01878C0
:10C430007F2802D801332360F0BDC1281DD9DF2831
:10C440000ED8012A63D05A7802F0C005802D14D18D
:10C45000A2F5425202EB80108142EDD30233EAE7AB
:10C46000EF2823D8012A52D05D7805F0C006802E2F
:10C4700003D1E02804D19F2D06D84FF0FF30DBE731
:10C48000ED2801D19F2DF8D8022A40D09A7802F0E9
:10C49000C006802EF1D1A2F56222803A02EB003272
:10C4A00002EB85108142C7D30333C4E7F428E4D8F4
:10C4B000B1F5803FE1D3012A29D05D7805F0C006AF
:10C4C000802EDAD1F0281DD18F2DD6D9022A1ED088
:10C4D0009E7806F0C007802FCFD1032A17D0DA78D4
:10C4E00002F0C007802FC8D1A2F17272A2F50252E9
:10C4F00002EB804202EB053202EB861081429BD3B5
:10C50000043398E7F428E1D18F2DDFD9B5E76FF038
:10C51000010091E77F2910B508D8D0E900329A428E
:10C5200047D05A1C02601970012010BDB1F5006F90
:10C530000FD2D0E90032D21A012A3AD98C091A4610
:10C54000403C02F8024B01F03F0180390260597013
:10C55000EAE7B1F5803F12D2D0E90032D21A022ABE
:10C5600027D90A0B203A1A70C1F38512803A01F0DC
:10C570003F015A708039DA1C02609970D4E7B1F536
:10C58000881F16D2D0E90032D21A032A11D98A0C98
:10C59000103A1A70C1F30532803A5A70C1F385120D
:10C5A000803A01F03F019A7080391A1D0260D970FB
:10C5B000BAE70020B9E7D0E90032D21AF0B5044654
:10C5C0006FD018787F2802D801332360F0BDC128CE
:10C5D0001DD9DF280ED8012A63D05A7802F0C00591
:10C5E000802D14D1A2F5425202EB80108142EDD38E
:10C5F0000233EAE7EF2823D8012A52D05D7805F00C
:10C60000C006802E03D1E02804D19F2D06D84FF01C
:10C61000FF30DBE7ED2801D19F2DF8D8022A40D06A
:10C620009A7802F0C006802EF1D1A2F56222803AFB
:10C6300002EB003202EB85108142C7D30333C4E71B
:10C64000F428E4D8B1F5803FE1D3012A29D05D7800
:10C6500005F0C006802EDAD1F0281DD18F2DD6D955
:10C66000022A1ED09E7806F0C007802FCFD1032A61
:10C6700017D0DA7802F0C007802FC8D1A2F1727209
:10C68000A2F5025202EB804202EB053202EB861069
:10C6900081429BD3043398E7F428E1D18F2DDFD971
:10C6A000B5E76FF0010091E7B1F5803F10B5D0E933
:10C6B00000430BD29C4221D0D30789B201D449BA9E
:10C6C00089B2A31C03602180012010BD1B1B022B1B
:10C6D00014D98B0AC1F30901A3F52153A1F5105117
:10C6E000D2079BB289B203D45BBA49BA9BB289B272
:10C6F000224622F8043B02606180E5E70020E4E77F
:10C7000037B5CDE90023069D08491446002045B100
:10C71000B0F5881F05F1FF3503D26846FFF74BFFE0
:10C72000F5E70098001B03B030BD00BFFFFF10000D
:10C7300073B51E46079B0093089B01931446A642BF
:10C74000254607D10020069B009A1D60099B1A60B0
:10C7500002B070BD2168A1F55843B3F5006F05F133
:10C76000040409D3B1F5881F06D26846FFF7D2FE4C
:10C770000028E4D10120E6E70220E4E78B070CD58E
:10C78000D0E90032D21A022A09D9064A11889278D1
:10C7900019809A70036803330360012070470020FA
:10C7A000704700BFF0E306082DE9F0410E4604464D
:10C7B00019463046069D1746FFF7E0FF30BB0120C3
:10C7C000BDE8F0811988A1F55840B0F5806F23D2FB
:10C7D000012D29D0D21A022AF1D95B88A3F55C4237
:10C7E000B2F5806F20D2A3F15773A3F5773303EB33
:10C7F00081214FF00208B94216D83046FFF7C6FD36
:10C800000028DCD0236803EB48032360D4E900321E
:10C810009A42D7D10020D3E7A1F55C43B3F5806FEE
:10C8200002D34FF00108E6E70220C9E77FB5CDE962
:10C830000223099B04930A9B059300230093074A54
:10C8400004A902A8FFF7B0FF089B029A1A600B9B8D
:10C85000049A1A6007B05DF804FB00BFFFFF1000E8
:10C8600070B50D460446194628461646FFF786FF62
:10C8700088B9012070BD1968A1F55843B3F5006F60
:10C880000FD38E420DD32846FFF780FD0028F0D04D
:10C89000236804332360D4E900329A42EBD10020AC
:10C8A000E8E70220E6E700001FB5CDE90023079B7B
:10C8B0000293089B0393074A002302A96846FFF7E7
:10C8C000CFFF069B009A1A60099B029A1A6005B076
:10C8D0005DF804FBFFFF100038B54B0704460CD58C
:10C8E000D0E900535B1B022B07D9044903222846D9
:10C8F0001BF06AFB08B90335256038BD98FD0608B2
:10C90000F8B50D46194604461646FFF7E5FFD4E98B
:10C910000030984211D0D5E90072BA420DD03146AC
:10C920002046FFF77EFD831C01D1012008E08642EE
:10C9300007D33B1D2B603860E9E7C01A18BF012000
:10C94000F8BD0220FCE700001FB5CDE90023079BDE
:10C950000293089B0393074A002302A96846FFF746
:10C96000CFFF069B009A1A60099B029A1A6005B0D5
:10C970005DF804FBFFFF100037B5CDE90001684604
:10C980009DF8181014461D46FFF7A6FF002044B17D
:10C99000A84204F1FF3404D829466846FFF741FD58
:10C9A000F5E7009803B030BD13B5144619460023CF
:10C9B0000093049A034B2046FFF7DEFF001B02B0F2
:10C9C00010BD00BFFFFF10002DE9F8430E461946C9
:10C9D000054617469846FFF77FFFD5E900494C45C5
:10C9E00017D0D6E900329A4213D039462846FFF7CD
:10C9F00018FD831C014609D08F420FD342463046B2
:10CA0000FFF752FE0028E8D1C5E900490120BDE842
:10CA1000F883B4EB090018BF0120F8E70220F6E71D
:10CA20001FB5CDE90023079B0293089B0393074A98
:10CA3000012302A96846FFF7C7FF069B009A1A6008
:10CA4000099B029A1A6005B05DF804FBFFFF100015
:10CA5000F7B5CDE900019DF82010684616461C4642
:10CA6000FFF73AFF00277D1CB54209D30ED14FF6E0
:10CA7000FF71A14228BF21466846FFF7D2FC05E0BE
:10CA800021466846FFF7CDFC844202D2009803B0ED
:10CA9000F0BDB0F5803F38BF3D466F1CE3E70000B6
:10CAA00013B51446194600230093049A034B2046FD
:10CAB000FFF7CEFF001B02B010BD00BFFFFF10004C
:10CAC00073B51D46079B0093089B01931446A5422E
:10CAD00001D1002009E02188A1F55843B3F5806F0A
:10CAE0001FD22B1B022B07D80120069B009A1C602B
:10CAF000099B1A6002B070BD6288A2F55C43B3F571
:10CB0000806F15D2A2F15772A2F5773202EB812124
:10CB100002266846FFF7FEFC0028E5D004EB460439
:10CB2000D5E7A1F55C43B3F5806F01D30126F0E7AB
:10CB30000220DAE773B5DDE90765CDE90023104986
:10CB40001C46009884420ED0B5420CD06846FFF7D0
:10CB500032FD831C01D1012008E0B0F5881F0CD202
:10CB600046F8040BEDE7201A18BF0120069B009A37
:10CB70001A60099B1E6002B070BD0220F6E700BF7C
:10CB8000FFFF1000F7B5CDE90023089E0E491446BB
:10CB900000277D1CAE4206D80BD14FF6FF716846C8
:10CBA000FFF709FD05E06846FFF705FDB0F5881FB2
:10CBB00003D30098001B03B0F0BDB0F5803F38BF31
:10CBC0003D466F1CE5E700BFFFFF1000F0B585B0E4
:10CBD000CDE900230C9E154F1C460B9BCDE9023678
:10CBE000009D029BAC421BD09E4219D0394668463C
:10CBF000FFF7E1FC831C014609D0B1F5881F13D271
:10CC0000012202A8FFF750FD0028E9D1009501207C
:10CC10000A9B009A1A600D9B029A1A6005B0F0BD3B
:10CC2000601B18BF0120F3E70220F1E7FFFF1000AF
:10CC300010B5034B03600446FDF7DDFE204610BD32
:10CC400040FC060810B50446FFF7F2FF204617F037
:10CC500067FC204610BD000010B5034B036004467E
:10CC6000FDF7C9FE204610BD98FC060810B5044625
:10CC7000FFF7F2FF204617F053FC204610BD0000DE
:10CC800010B5034B03600446FDF7B5FE204610BD0A
:10CC9000F0FC060810B50446FFF7F2FF204617F037
:10CCA0003FFC204610BD000010B5034B0360044656
:10CCB000FDF7A1FE204610BD48FD060810B504464C
:10CCC000FFF7F2FF204617F02BFC204610BD0000B6
:10CCD0002DE9F04F89B00B6801934B68A84F029380
:10CCE0008B680393A74B3B6004460125019B7D6045
:10CCF0000E4638460021BB60FFF7D0F87B68A2489B
:10CD0000D4F80480DFF810B3DFF810A32B447B6065
:10CD1000FDF714FF48F820709C4F9D4A7D603A60F3
:10CD2000FDF78CFE7A68B8602A449A48D4F80480EB
:10CD30007A60FDF703FF48F82070974F974A3A60F2
:10CD40000022029BBB60114638467D60FEF752FE12
:10CD50007A68D4F804802A4458467A60FDF7EEFEDB
:10CD600048F820708E4F8F4A3A600022039BBB60C8
:10CD7000114638467D60FEF7F9FD7A68D4F80480E4
:10CD80002A4450467A60FDF7D9FE48F82070DFF853
:10CD90009082854A8548D4F80490C8F8002002277C
:10CDA000C8F80470FDF7CAFE49F82080DFF87482E5
:10CDB0007F4A8048D4F80490C8F80020C8F804706E
:10CDC000FDF7BCFE49F82080DFF85C827A4A7B4898
:10CDD000D4F80490C8F80020C8F80470FDF7AEFE3F
:10CDE00049F82080DFF84482294640460BF050F88D
:10CDF000D8F804207248D4F804902A44C8F80420D3
:10CE0000FDF79CFE49F82080D6E90332049272694E
:10CE10006C4E059200216C4AB36030460793DFF8F0
:10CE2000109275603260FFF7A1F87268D4F8048040
:10CE30002A4448467260FDF781FE48F82060634E40
:10CE4000634A75603260FDF7F9FD7268B0602A448C
:10CE50006048D4F804807260FDF770FE48F82060E6
:10CE60005D4E5E4A32600022049BB360114630463C
:10CE7000DFF8C0817560FEF77DFE7268616806911B
:10CE80002A4440467260FDF759FE0699544A41F81B
:10CE90002060544E059B3260002211463046B3603C
:10CEA0007560FEF71FFE7268616806912A44726021
:10CEB0004D4A1046FDF742FE069941F820604B4E60
:10CEC0004B4931604B48616806917760FDF736FE4B
:10CED000069941F82060484E4849316048486168E9
:10CEE00006917760FDF72AFE069941F82060454ECD
:10CEF000454931604548616806917760FDF71EFE3F
:10CF0000069941F82060424E2946304611F062FEF3
:10CF100071684048656801317160FDF70FFE45F8A2
:10CF200020601948E568FDF709FE019B45F82030AF
:10CF30005846E568FDF702FE029B45F82030504652
:10CF4000E568FDF7FBFD039B45F820304846E568A2
:10CF5000FDF7F4FD079B45F820304046E568FDF7F6
:10CF6000EDFD214A049B45F820301046E468FDF7AA
:10CF7000E5FD059B44F8203009B0BDE8F08F00BF07
:10CF800008D201244C1907080CD3012414D201241F
:10CF900030190708F8D20124F0D10124301A07080B
:10CFA000FCD10124FC190708AC1A07081CD3012482
:10CFB000C41A070818D30124F01A070800D3012463
:10CFC000FCD20124B0D1012400210708BCD10124E6
:10CFD000A420070858D3012498D10124E42107088C
:10CFE000B0210708A4D1012470D3012490D10124D9
:10CFF000602207087CD3012488D101247822070805
:10D0000078D3012480D10124A422070860D301240D
:10D0100070D101245CD3012414D3012410D3012442
:10D02000E8D10124E0D10124D8D10124C8D10124C0
:10D030006CD3012474D3012413B5049CCDE90034CE
:10D0400013460A46C1684FF0000006F03FFA02B0EE
:10D0500010BD30B58BB00D460AA901E90C0079234B
:10D060000693129B0593119B0493109B03930EAAA6
:10D07000044692E8030001AB83E80300099B009398
:10D080002046089BAA684FF0000106F025FC2046C8
:10D090000BB030BD30B58BB00D460AA901E90C00CC
:10D0A0006D230693129B0593119B0493109B03938E
:10D0B0000EAA044692E8030001AB83E80300099B33
:10D0C00000932046089BAA684FF0000106F004FC7C
:10D0D00020460BB030BD30B58BB00D460AA901E932
:10D0E0000C0077230693129B0593119B0493109BCE
:10D0F00003930EAA044692E8030001AB83E8030001
:10D10000099B00932046089BAA684FF0000106F097
:10D11000E3FB20460BB030BD30B58BB00D460AA9FD
:10D1200001E90C0064230693129B0593119B049361
:10D13000109B03930EAA044692E8030001AB83E818
:10D140000300099B00932046089BAA684FF000014A
:10D1500006F0C2FB20460BB030BD30B58BB00D469B
:10D160000AA901E90C0074230693129B0593119BF5
:10D170000493109B03930EAA044692E8030001ABAC
:10D1800083E80300099B00932046089BAA684FF0A0
:10D19000000106F0A1FB20460BB030BD81684FF0C6
:10D1A000000006F093BBF0B591B00AAC84E80C0027
:10D1B000002307930D930EAB06930DAB0593199BBC
:10D1C00004939DF86030039316AA0F46054692E833
:10D1D000030001AB83E803000B9B009308AE0A9B9E
:10D1E000BA684FF00001304606F02AFC96E80300CA
:10D1F0000D9B84E803005BB9DDE90E011B9BC3E9CD
:10D20000000194E8030085E80300284611B0F0BD52
:10D210001A9A1360F5E710B588B00DF1200C0CE9EF
:10D220000C00002304939DF8303003930B9B029372
:10D230009DF828300193079B009313468A684FF0AE
:10D240000001044606F0EAFE204608B010BD0A467A
:10D2500001694FF0000006F031BB13B5049CCDE925
:10D26000003413460A46C1684FF0000006F039F951
:10D2700002B010BD30B58BB00D460AA901E90C0013
:10D2800079230693129B0593119B0493109B0393A0
:10D290000EAA044692E8030001AB83E80300099B51
:10D2A00000932046089BAA684FF0000106F06EFB31
:10D2B00020460BB030BD30B58BB00D460AA901E950
:10D2C0000C006D230693129B0593119B0493109BF6
:10D2D00003930EAA044692E8030001AB83E803001F
:10D2E000099B00932046089BAA684FF0000106F0B6
:10D2F0004DFB20460BB030BD30B58BB00D460AA9B2
:10D3000001E90C0077230693129B0593119B04936C
:10D31000109B03930EAA044692E8030001AB83E836
:10D320000300099B00932046089BAA684FF0000168
:10D3300006F02CFB20460BB030BD30B58BB00D464F
:10D340000AA901E90C0064230693129B0593119B23
:10D350000493109B03930EAA044692E8030001ABCA
:10D3600083E80300099B00932046089BAA684FF0BE
:10D37000000106F00BFB20460BB030BD30B58BB082
:10D380000D460AA901E90C0074230693129B05932C
:10D39000119B0493109B03930EAA044692E803008A
:10D3A00001AB83E80300099B00932046089BAA6811
:10D3B0004FF0000106F0EAFA20460BB030BD81685C
:10D3C0004FF0000006F085BAF0B591B00AAC84E8E1
:10D3D0000C00002307930D930EAB06930DAB059342
:10D3E000199B04939DF86030039316AA0F460546D7
:10D3F00092E8030001AB83E803000B9B009308AEA7
:10D400000A9BBA684FF00001304606F066FB96E8CA
:10D4100003000D9B84E803005BB9DDE90E011B9B53
:10D42000C3E9000194E8030085E80300284611B031
:10D43000F0BD1A9A1360F5E710B588B00DF1200C15
:10D440000CE90C00002304930C9B03930B9B0293A9
:10D450009DF828300193079B009313468A684FF08C
:10D460000001044606F0BEFE204608B010BD0A4684
:10D4700001694FF0000006F025BA000088422DE94E
:10D48000F04104460D4618D0A0B10F1ABF1000217C
:10D49000384601F0A7FE00F10C080646214640463A
:10D4A0002A4601F01BFE3946304601F08FFE404609
:10D4B000BDE8F081024809F042FEDFF80880F6E797
:10D4C000F4E306083CD2012407B5006801A90C3832
:10D4D00001F0D2FE03B05DF804FBFFF7F5BF50F892
:10D4E0000C0C7047836937B504460D4603B1984765
:10D4F0002B68A3F10C0053F8043C002B0ADB01F06D
:10D50000A5FC20602868064BFFF7E9FFA361606077
:10D5100003B030BD002201A901F0A2FCF1E700BF79
:10D52000A3D503080B4613B514461A6801691046C3
:10D53000FFF7D5FF009403464FF0000006F06AF9AC
:10D5400002B010BD0B4613B514461A6801691046A7
:10D55000FFF7C5FF009403464FF0000006F046F9C0
:10D5600002B010BDF8B507460868FFF7B8FF0446DB
:10D5700001300E4617F046F80023054601462246C4
:10D58000304601F09FFA00232B553D602046F8BD40
:10D5900007B5006801A90C3801F032FB03B05DF853
:10D5A00004FBFFF7F5BF00002DE9F843154601EB3A
:10D5B0000509494507460C461A4617D099B100217E
:10D5C000284601F0D1FA00F10C08064621464046F3
:10D5D0004A4601F035FA2946304601F0B9FAC7F853
:10D5E0000080BDE8F883034809F0A9FDDFF8088052
:10D5F000F5E700BFF4E306082CD20124836937B5B0
:10D6000004460D4603B198472B68A3F10C0053F86C
:10D61000043C002B0ADB01F02DFF20602B6853F83F
:10D620000C3C6360044BA36103B030BD002201A930
:10D6300001F02AFFF1E700BFDBD40308F8B50B685F
:10D6400053F80C5C6FF060426B1C9342074634BF8A
:10D6500098004FF0FF300E4616F0D4FF002304462A
:10D6600001462A46304601F07DFD002344F825306E
:10D670003C602846F8BD10B50446006843685A1E51
:10D68000012B426002D103685B689847204610BDB9
:10D6900010B5074B0360036900220446DA600C30C2
:10D6A000FFF7E9FF2046FEF747FC204610BD00BF0C
:10D6B0004C03070810B50446FFF7EAFF204616F0B2
:10D6C0002FFF204610BD000010B5084B0360036912
:10D6D00000220446DA609A611A629A620C30FFF7FF
:10D6E000CAFF2046FEF7CAF9204610BD8C03070882
:10D6F00010B50446FFF7E8FF204616F011FF20465C
:10D7000010BD000010B5084B0360036900220446F9
:10D71000DA609A611A629A620C30FFF7ACFF204619
:10D72000FEF7C6F9204610BDC003070810B5044631
:10D73000FFF7E8FF204616F0F3FE204610BD00007C
:10D7400010B5054B044640F8103BFFF794FF204608
:10D7500009F014FF204610BD2404070810B5044644
:10D76000FFF7EEFF204616F0DBFE204610BD00005E
:10D7700010B5074B0360036900220446DA600C30E1
:10D78000FFF779FF2046FEF73FFC204610BD00BFA3
:10D790004004070810B50446FFF7EAFF204616F0DC
:10D7A000BFFE204610BD000010B5084B03600369A2
:10D7B00000220446DA601A629A621A630C30FFF79C
:10D7C0005AFF2046FEF71EFA204610BD80040708C7
:10D7D00010B50446FFF7E8FF204616F0A1FE2046EC
:10D7E00010BD000010B5084B036003690022044619
:10D7F000DA601A629A621A630C30FFF73CFF204627
:10D80000FEF71AFA204610BDB404070810B5044606
:10D81000FFF7E8FF204616F083FE204610BD00000B
:10D8200010B5054B044640F8103BFFF724FF204697
:10D8300010F012FD204610BD1805070810B504466B
:10D84000FFF7EEFF204616F06BFE204610BD0000ED
:10D85000084B10B5044640F80C3BFFF70CFF204680
:10D86000054B40F8083B17F089FA2046FDF7C3F84E
:10D87000204610BD700307083019070810B504468C
:10D88000FFF7E6FF204616F04BFE204610BD0000D5
:10D8900010B5064B044640F8083BFFF7ECFE044B7E
:10D8A00023602046FDF7A7F8204610BDF4030708C3
:10D8B000AC1A070810B50446FFF7EAFF204616F039
:10D8C0002FFE204610BD000010B5064B044640F860
:10D8D000083BFFF7D0FE044B23602046FDF78BF892
:10D8E000204610BD0C040708C41A070810B50446EA
:10D8F000FFF7EAFF204616F013FE204610BD000099
:10D90000084B10B5044640F80C3BFFF7B4FE204628
:10D91000054B40F8083B17F031FA2046FDF76BF84D
:10D92000204610BD64040708A420070810B504466B
:10D93000FFF7E6FF204616F0F3FD204610BD00007D
:10D9400010B5064B044640F8083BFFF794FE044B25
:10D9500023602046FDF74FF8204610BDE804070875
:10D960006022070810B50446FFF7EAFF204616F0CC
:10D97000D7FD204610BD000010B5064B044640F808
:10D98000083BFFF778FE044B23602046FDF733F891
:10D99000204610BD000507087822070810B5044688
:10D9A000FFF7EAFF204616F0BBFD204610BD000041
:10D9B00010B5064B044640F8083BFFF75CFE044BED
:10D9C00023602046FDF717F8204610BD34050708F0
:10D9D000F01A070810B50446FFF7EAFF204616F0D4
:10D9E0009FFD204610BD000010B5064B044640F8D0
:10D9F000083BFFF740FE044B23602046FCF7FBFF8B
:10DA0000204610BD5C050708A422070810B504468F
:10DA1000FFF7EAFF204616F083FD204610BD83691C
:10DA200010B5044603B19847204610BD0000000021
:10DA300070B590B009AD0E4606A981E80C00044609
:10DA40001799002328460F93FFF74CFD9DF8583097
:10DA50000393159B02939DF850300193079B00930D
:10DA600004959FED070B069BB2684FF0000120461E
:10DA700006F0D4FA2846FFF7D2FF204610B070BD5A
:10DA8000000000000000000070B590B009AD0E4627
:10DA900006A981E80C0004461799002328460F9335
:10DAA000FFF7ACFD169B0393159B02939DF8503036
:10DAB0000193079B009304959FED070B069BB268AB
:10DAC0004FF00001204606F08DFB2846FFF7A7FF28
:10DAD000204610B070BD00BF000000000000000034
:10DAE00037B5084614460D460AF096F884F8240027
:10DAF00028460AF094F80023A3606361E3610123E0
:10DB000084F8643084F82500294601A80AF08AF8D0
:10DB100001A904F10800FFF725FDE06001A8FFF767
:10DB200037FD294601A80AF084F801A904F1140080
:10DB3000FFF718FDA06101A8FFF72AFD294601A8FB
:10DB40000AF07EF801A904F11C00FFF70BFD20622A
:10DB500001A8FFF71DFD03B030BD37B508461446D8
:10DB60000D4610F0FBFE6062284610F0FAFE00231E
:10DB7000A3606361E361012384F82431A062294634
:10DB800001A810F0F1FE01A904F10800FFF7EAFC7A
:10DB9000E06001A8FFF7FCFC294601A810F0EBFEAD
:10DBA00001A904F11400FFF749FDA06101A8FFF7E6
:10DBB0008BFC294601A810F0E5FE01A904F11C0028
:10DBC000FFF73CFD206201A8FFF77EFC03B030BDEB
:10DBD00010B4084611461A46DDE9013401945DF897
:10DBE000044B0AF077B910B4084611461A46DDE92D
:10DBF000013401945DF8044B11F00EB813B51446CE
:10DC000001A81A46049B0AF06CF901A92046FFF707
:10DC100069FC01A8FFF7BCFC02B010BD13B51446A7
:10DC200001A81A46049B10F0FEFF01A92046FFF749
:10DC3000E5FC01A8FFF748FC02B010BD37B5084667
:10DC400014460D4609F0A5FF6074284609F0A4FFAC
:10DC5000A074284609F0BFFF0023A3606361E3615D
:10DC60006362012384F84330E062294601A809F089
:10DC700096FF01A904F10800FFF774FCE06001A819
:10DC8000FFF786FC294601A809F090FF01A904F1DD
:10DC90001400FFF767FCA06101A8FFF779FC294693
:10DCA00001A809F08AFF01A904F11C00FFF75AFC42
:10DCB000206201A8FFF76CFC294601A809F084FF47
:10DCC00001A904F12400FFF74DFCA06201A8FFF7B1
:10DCD0005FFC284609F082FF2063284609F083FF95
:10DCE000606303B030BD37B5084614460D4609F0F1
:10DCF00021FF6074284609F020FFA074284609F02F
:10DD00003BFF0023A3606361E3616362012384F846
:10DD10004330E062294601A809F012FF01A904F18D
:10DD20000800FFF71FFCE06001A8FFF731FC29465F
:10DD300001A809F00CFF01A904F11400FFF712FC7F
:10DD4000A06101A8FFF724FC294601A809F006FFFD
:10DD500001A904F11C00FFF705FC206201A8FFF7F0
:10DD600017FC294601A809F000FF01A904F12400CD
:10DD7000FFF7F8FBA06201A8FFF70AFC284609F0AC
:10DD8000FEFE2063284609F0FFFE606303B030BD4D
:10DD900037B5084614460D4610F09BFD60612846D5
:10DDA00010F09AFDA061284610F0B5FD0023A36095
:10DDB000E3616362E362012384F86C3060632946A7
:10DDC00001A810F08CFD01A904F10800FFF7CAFBBF
:10DDD000E06001A8FFF7DCFB294601A810F086FDF2
:10DDE00001A904F11C00FFF729FC206201A8FFF73C
:10DDF0006BFB294601A810F080FD01A904F1240065
:10DE0000FFF71CFCA06201A8FFF75EFB294601A8F2
:10DE100010F07AFD01A904F12C00FFF70FFC20633C
:10DE200001A8FFF751FB284610F078FDA0632846B3
:10DE300010F079FDE06303B030BD37B508461446F5
:10DE40000D4610F017FD6061284610F016FDA06128
:10DE5000284610F031FD0023A360E3616362E362B2
:10DE6000012384F86C306063294601A810F008FD96
:10DE700001A904F10800FFF775FBE06001A8FFF7B6
:10DE800087FB294601A810F002FD01A904F11C003E
:10DE9000FFF7D4FB206201A8FFF716FB294601A873
:10DEA00010F0FCFC01A904F12400FFF7C7FBA062FD
:10DEB00001A8FFF709FB294601A810F0F6FC01A90B
:10DEC00004F12C00FFF7BAFB206301A8FFF7FCFA6E
:10DED000284610F0F4FCA063284610F0F5FCE0633F
:10DEE00003B030BD13B50C4601A811461A466B4667
:10DEF000FFF75AFB049A01A9204609F0D9FF04460E
:10DF000001A8FFF745FB204602B010BD13B50C4633
:10DF100001A811461A466B46FFF746FB049A01A971
:10DF2000204610F067FE044601A8FFF731FB2046AB
:10DF300002B010BDF0B587B004AC0E4615461F46C2
:10DF4000DDE90E1203AB2046FFF72EFB0D9B00937D
:10DF50003A460C9B0194314605A809F0ACFF05A98F
:10DF60002846FFF7BFFA05A8FFF712FB2046FFF788
:10DF70000FFB07B0F0BDF0B587B00D460E980F99B6
:10DF8000144600EB810103AA1E46FFF777FA04AF9F
:10DF90000D9B04903246009329460C9B019705A8DF
:10DFA00010F02BFE05A92046FFF728FB05A8FFF778
:10DFB0008BFA3846FFF788FA07B0F0BD08461146DD
:10DFC00009F085BF0846114610F023BE084609F047
:10DFD000D0BE084610F06FBD82B0F0B587B00546E0
:10DFE0009DF850700D93742F16461398DDE911219A
:10DFF0000FAC0DAB1ED00ED8642F2DD0CDE9031081
:10E00000029294E803008DE8030031460CCB2846C9
:10E0100009F006FF1AE0772F2BD0CDE9031002920A
:10E0200094E803008DE8030031460CCB284609F044
:10E0300013FF0BE0CDE90310029294E803008DE892
:10E04000030031460CCB284609F096FE284607B05F
:10E05000BDE8F04002B07047CDE90310029294E8A9
:10E0600003008DE8030031460CCB284609F0A0FEE2
:10E07000ECE7CDE90310029294E803008DE8030079
:10E0800031460CCB284609F0AFFEDFE782B0F0B591
:10E0900087B005469DF850700D93742F164613985F
:10E0A000DDE911210FAC0DAB1ED00ED8642F2DD0A1
:10E0B000CDE90310029294E803008DE80300314695
:10E0C0000CCB284610F04EFD1AE0772F2BD0CDE96F
:10E0D0000310029294E803008DE8030031460CCB54
:10E0E000284610F05BFD0BE0CDE90310029294E8A6
:10E0F00003008DE8030031460CCB284610F0DEFC0F
:10E10000284607B0BDE8F04002B07047CDE90310E3
:10E11000029294E803008DE8030031460CCB2846B8
:10E1200010F0E8FCECE7CDE90310029294E803005C
:10E130008DE8030031460CCB284610F0F7FCDFE7F2
:10E1400082B02DE9F0438BB005461A98139316461A
:10E15000DDE918189DF85C2015AB13AC98B1CDE93A
:10E160000480CDE9022193E803008DE803003146E5
:10E1700094E80C00284609F03DFC28460BB0BDE8A9
:10E18000F04302B0704709AFCDE90487CDE9022121
:10E190001048099093E803008DE803000DF1180979
:10E1A00094E80C003146484609F043FC99E8030026
:10E1B000D8F8003084E803001BB91B983946FFF7F4
:10E1C00091F994E8030085E803003846FFF7E0F989
:10E1D000D3E700BF2CD2012482B02DE9F0438BB0ED
:10E1E00005461A9813931646DDE918189DF85C2029
:10E1F00015AB13AC98B1CDE90480CDE9022193E8C9
:10E2000003008DE80300314694E80C00284610F026
:10E2100093FA28460BB0BDE8F04302B0704709AF4F
:10E22000CDE90487CDE902211048099093E8030065
:10E230008DE803000DF1180994E80C0031464846BA
:10E2400010F099FA99E80300D8F8003084E8030048
:10E250001BB91B983946FFF7D1F994E8030085E80C
:10E2600003003846FFF730F9D3E700BF3CD2012462
:10E27000F8B5B14A0C466FF00103B049054616F0F7
:10E2800053F9064610B104682046F8BDAC4B9C42D9
:10E290002AD11420FCF703FB04466820FCF7FFFAA0
:10E2A000A84B0360A84B46600746C0E90266C0E978
:10E2B0000566C0E907660674868480F8646023609A
:10E2C000A060314620466660FDF7E8FD6B68E560BA
:10E2D00001336B609D4B236027613A4629464FF01E
:10E2E000000005F079F8CFE7994B9C4210D110203F
:10E2F000FCF7D5FA974B036046600446FCF79EFB9B
:10E300006B68C4E9020501336B60934B2360BBE784
:10E31000924B9C420AD10C20FCF7C1FA6B68013386
:10E320006B60C0E901658E4B0446EFE78D4B9C4264
:10E330000AD10C20FCF7B3FA6B6801336B60C0E9BB
:10E340000165894B0446E1E7884B9C420AD10C20C9
:10E35000FCF7A5FA6B6801336B60C0E90165844B7B
:10E360000446D3E7834B9C4230D11420FCF797FA44
:10E3700004464420FCF793FA7F4B0682C0E900363E
:10E380007E4B86740746C0E90266C0E90566C0E9AF
:10E390000766C0E90966C0E90B66466380F843601A
:10E3A0002360A0603246314620466660FDF7DEFA03
:10E3B0006B68E56001336B60714B236027613A46FF
:10E3C00029464FF0000005F0B9F85DE76D4B9C421F
:10E3D00030D11420FCF763FA04464420FCF75FFABE
:10E3E000694B0682C0E90036684B86740746C0E96F
:10E3F0000266C0E90566C0E90766C0E90966C0E9CA
:10E400000B66466380F843602360A0603246314665
:10E4100020466660FDF7EEFA6B68E56001336B60DD
:10E420005B4B236027613A4629464FF0000005F018
:10E43000DBF829E7574B9C420CD11420FCF72FFA4C
:10E440003146044609F024FD6B68256101336B6099
:10E45000514B5BE7514B9C422CD11420FCF71FFA27
:10E4600004464FF49470FCF71AFA4D4B03600021F8
:10E470004C4B41600646C0E90211C0E90511C0E9F4
:10E480000711C0E90911017480F82411616023604B
:10E49000A0602046FDF76AFD6B68E56001336B60A4
:10E4A000414B23602661324629464FF0000004F0BC
:10E4B000D1FFE9E63D4B9C4210D11020FCF7EFF96B
:10E4C000002343603A4B03600446FCF7B7FA6B68DD
:10E4D00001336B60C4E90205364B17E7364B9C42AB
:10E4E0000BD10C20FCF7DBF90023C0E901356B6888
:10E4F00001336B600446314B08E7314B9C420BD132
:10E500000C20FCF7CCF90023C0E901356B6801331E
:10E510006B6004462B4BF9E62B4B9C4258D10C20E8
:10E52000FCF7BDF90023C0E901356B6801336B606E
:10E530000446264BEAE600BF8C020708ECF1060809
:10E540000CD301241CFA06084C1907084C030708D1
:10E55000F8D20124301907087003070800D30124FA
:10E56000340507081CD30124F403070818D3012439
:10E570000C04070810D30124DCF90608FC1907086D
:10E580008C03070814D30124ECF90608301A070895
:10E59000C0030708FCD20124240407086CD301241B
:10E5A0002CFA0608002107084004070858D3012464
:10E5B000A42007086404070860D301245C05070849
:10E5C0007CD30124E804070878D301240005070858
:10E5D0003E4B9C4231D11420FCF761F90446702077
:10E5E000FCF75DF93A4B036000223A4B4260064665
:10E5F000C0E90222C0E90522C0E90722C0E90922D8
:10E60000C0E90B22C0E90D220274C26380F86C20BD
:10E6100062602360A06011462046FDF763FA6B68D4
:10E62000E56001336B602C4B23602661324629463E
:10E630004FF0000005F02EF826E6284B9C4231D121
:10E640001420FCF72CF904467020FCF728F9244B21
:10E6500003600022234B42600646C0E90222C0E963
:10E660000522C0E90722C0E90922C0E90B22C0E95E
:10E670000D220274C26380F86C2062602360A06087
:10E6800011462046FDF776FA6B68E56001336B6052
:10E69000154B23602661324629464FF0000005F0F5
:10E6A0004FF8F1E5114B9C420CD11420FCF7F7F820
:10E6B0000021044610F08EFA6B68256101336B600F
:10E6C0000B4B23E60B4808F03AFD00BF70D3012442
:10E6D000FCF90608B02107088004070874D3012458
:10E6E0000CFA0608E4210708B40407085CD30124E7
:10E6F000180507081EE406088B6913B5044613B90C
:10E70000054808F01CFDD1E9001201ABFEF74CFFF3
:10E71000204602B010BD00BF4BE4060882B02DE9D0
:10E72000F04786B0044614999DF84480DDF848907F
:10E730009DF84CA00F9315460FAEB1B105AF38460A
:10E74000FFF7DAFFCDE902A7CDE90089204696E878
:10E750000C00294609F0A2F93846FEF719FF2046B9
:10E7600006B0BDE8F04702B07047CDE9019ACDF898
:10E77000008096E80C00294609F07AF9EFE710B519
:10E780008AB00446009300201346C968099003AA82
:10E7900004F0B2FE03A92046FFF7AEFF03A8FFF77F
:10E7A0003EF920460AB010BDF0B597B00AAC84E837
:10E7B0000C000FAE0023CDE9063615930D930DAB7B
:10E7C00005931F9B04939DF8783003931CAA8C46F5
:10E7D000054692E8030001AB83E803000B9B00931E
:10E7E00008AF0A9BDCF808204FF00001384605F01E
:10E7F00027F997E803000D9B84E80300A3B931468D
:10E800000EA8FFF779FF21980EA900F079F90EA85C
:10E81000FEF7BEFE94E8030085E803003046FFF7EC
:10E82000FEF8284617B0F0BD209A1360F2E730B525
:10E830008DB0044600200B901198096905682846A0
:10E84000FEF74DFECDE902501098CDE90030134699
:10E850004FF0000005AA04F0F1FF05A92046FFF7DC
:10E860004BFF05A8FFF7DBF820460DB030BD0000D8
:10E870008B6913B5044613B9064808F060FCD1E96A
:10E88000000101AA00EB8101FEF7F8FD206020469F
:10E8900002B010BD4BE4060882B02DE9F04786B007
:10E8A000DDE9129A14999DF844800F9304461546A9
:10E8B0000FAEB1B105AF3846FFF7DAFFCDE902A7D9
:10E8C000CDE90089204696E80C0029460FF087FF25
:10E8D0003846FEF7F9FD204606B0BDE8F04702B025
:10E8E0007047CDE9019ACDF8008096E80C002946E2
:10E8F0000FF060FFEFE710B58AB0044600930020E8
:10E900001346C968099003AA04F007FE03A920462C
:10E91000FFF7AEFF03A8FFF782F820460AB010BD4C
:10E92000F0B597B00AAC84E80C000FAE0023CDE937
:10E93000063615930D930DAB05931F9B04939DF81D
:10E94000783003931CAA8C46054692E8030001AB7D
:10E9500083E803000B9B009308AF0A9BDCF80820B8
:10E960004FF00001384605F0B8F897E803000D9B1A
:10E9700084E80300A3B931460EA8FFF779FF219878
:10E980000EA900F00DFC0EA8FEF79EFD94E8030012
:10E9900085E803003046FFF742F8284617B0F0BD7F
:10E9A000209A1360F2E730B58DB0044600200B903A
:10E9B0001198006850F80C5CCDE902051098CDE97B
:10E9C00000301346096905AA4FF0000004F056FF15
:10E9D00005A92046FFF74CFF05A8FFF720F82046C1
:10E9E0000DB030BD0AB119F0EFBA10467047012AD8
:10E9F00030B403D10B78037030BC7047002AFBD0D1
:10EA000030BC1BF054B9012A30B403D10B78037029
:10EA100030BC7047002AFBD030BC19F0E5BA0B4679
:10EA2000012B10B41146044603D122705DF8044B4B
:10EA30007047002BFAD05DF8044B1A4619F0EEBA75
:10EA400008B5521AFFF7D3FF08BD036853F80C0C42
:10EA50007047000038B50C461546FFF7F6FFA04298
:10EA6000034604D203482246294608F071FB20469B
:10EA700038BD00BF66E4060870B50C4616461D4654
:10EA8000FFF7E3FF04F180410439091AB14202D2D1
:10EA9000284608F057FB70BD38B505688D420C4616
:10EAA00007D8FFF7D2FF0544AC4294BF00200120F5
:10EAB00038BD0120FCE708B5FFF7C7FFB0FA80F0CA
:10EAC000400908BD2DE9F041904606460B4A0F4625
:10EAD00019461D46FFF7BEFF3046FFF7B6FF441B41
:10EAE000444528BF44462CB1316822462944384663
:10EAF000FFF77DFF2046BDE8F08100BF9DE40608DA
:10EB0000036853F8042C002AB8BF002210B5B8BF20
:10EB100043F8042C0A6852F8044C002CBCBF0024B3
:10EB200042F8044C02600B6010BD70B514460546F7
:10EB30000E46FFF78AFF03462046834202D84FF075
:10EB4000FF3070BD2A68125CB242FAD10130F4E79E
:10EB5000044B984204D0002383600160084403738F
:10EB6000704700BF20D20124154B984210B50446CF
:10EB700002D9144808F0E6FA884203D94B009842BB
:10EB800038BF1C4604F11D03B3F5805F04F10D008E
:10EB900012D98C4210D9C3F30B0304F58054E41A44
:10EBA000074B9C4228BF1C4604F10D00FBF777FE83
:10EBB00000224460826010BD0028F7DA08F0B6FA3F
:10EBC000FCFFFF3FB0E40608F8B50F46044680B1ED
:10EBD0000021FFF7C9FF00F10C060546214630462B
:10EBE0003A46FFF71CFF21462846FFF7B1FF3046A3
:10EBF000F8BD014EFBE700BF2CD2012415F090BCFC
:10EC0000054A904210B506D08268541E002A8460DE
:10EC100001DCFFF7F3FF10BD20D20124036813B518
:10EC20000446A3F10C0053F8043C002B06DD01A9B7
:10EC3000FFF7E6FF034B236002B010BD0021FFF792
:10EC400087FFF9E72CD201242DE9F74F0C469146B6
:10EC500006461F46FFF7F9FEA7EB090809EB040A71
:10EC60008044A0EB0A05306850F8081C884503D89A
:10EC700050F8043C002B1EDD01AA4046FFF774FF4C
:10EC8000814600F10C0B24B1316822465846FFF74B
:10EC9000AEFE45B1316804F10C0038442A465144B7
:10ECA0004844FFF7A4FE306801A90C38FFF7A8FF1D
:10ECB000C6F800B000E03DB9306841460C38FFF7B7
:10ECC00047FF03B0BDE8F08F4F45F5D0274400EB78
:10ECD0000A012A463844FFF796FEEDE710B50446D0
:10ECE000FFF7E9FE034670B9226852F8042C002AA7
:10ECF00004DD024601462046FFF7A6FF23684FF0D9
:10ED0000FF3243F8042C10BD08B5036853F8043CE7
:10ED1000002B01DBFFF7E2FF08BD10B50446FFF74B
:10ED2000F3FF206810BD0000F8B516460A4A0446F5
:10ED30000F46FFF78FFE05462046FFF786FEC21BF3
:10ED4000B24220464FF0000328BF32462946FFF763
:10ED50007BFF2046F8BD00BFC8E40608F8B51C4696
:10ED600017460B4B05460E4622463946FFF784FEF2
:10ED700023463A4631462846FFF766FF34B12868F5
:10ED80009DF8182021463044FFF749FE2846F8BD7B
:10ED9000DCE4060837B503680092CC1A0546012367
:10EDA00000222146FFF7DAFF28684FF0FF3340F8D2
:10EDB000043C204403B030BDF8B5069F1E463B46D8
:10EDC00004460D46FFF740FF2FB120683A46314612
:10EDD0002844FFF70CFE2046F8BD0000F7B50446B6
:10EDE0000E461546FFF731FE174B014607462A46E9
:10EDF0002046FFF741FE31462046FFF74DFE20B981
:10EE0000206850F8043C002B0ADD2046009533466C
:10EE10003A460021FFF7D0FF0446204603B0F0BD7C
:10EE2000331A9D4209D82A463146FFF7E0FD206893
:10EE300029460C38FFF78CFEEFE7002BF7D02A4667
:10EE40003146FFF7E0FDF2E7F9E40608034B98428C
:10EE50001EBF8368013383600C30704720D20124C9
:10EE600070B50446104623680A4618446168FFF7E7
:10EE70007BFE2268054600F10C0622B104F10C016C
:10EE80003046FFF7B4FD28462168FFF761FE3046A3
:10EE900070BD73B5066856F8083C994204460D46A5
:10EEA00004D856F8042C002A10DD1D462046FFF732
:10EEB000CCFD01A92A1AA6F10C00FFF7D1FF0546E7
:10EEC000206801A90C38FFF79BFE256002B070BDD9
:10EED0002DE9F041044608460F46FFF7B6FD064609
:10EEE000F8B12046FFF7B1FD236853F8082C8519C7
:10EEF000954203D853F8043C002B03DD29462046F5
:10EF0000FFF7C7FF2046FFF7A0FDD4F8008039685F
:10EF100040443246FFF76BFD206829460C38FFF766
:10EF200017FE2046BDE8F0812DE9F04104460D466C
:10EF300017464AB31A4B0021FFF79EFD2046FFF704
:10EF400084FDD4F8008058F8083CC6199E4203D8C6
:10EF500058F8043C002B08DD29462046FFF79CFDAD
:10EF6000A8B131462046FFF794FF2046FFF76DFD1C
:10EF7000D4F80080294640443A46FFF738FD20681F
:10EF800031460C38FFF7E4FD2046BDE8F0813146FC
:10EF90002046A5EB0808FFF77CFF25684544E4E719
:10EFA000D0E306082DE9F041044617460D4621B38B
:10EFB0000A46134B0021FFF75FFD2046FFF745FD92
:10EFC000236853F8082C4619964203D853F8043C9A
:10EFD000002B03DD31462046FFF75BFF2046FFF79D
:10EFE00034FDD4F80080294640443A46FFF717FD27
:10EFF000206831460C38FFF7ABFD2046BDE8F081B4
:10F00000D0E30608F8B50C4605461746FFF71DFD88
:10F010000B4B0646014622462846FFF72DFDA64229
:10F0200005D23A46A11B2846FFF7BCFFF8BDFDD923
:10F030004FF0FF3221462846FFF776FEF6E700BF85
:10F040000EE5060808B50022FFF7DCFF08BDF8B59D
:10F0500004460E46FFF7F9FC236853F8082C451CBC
:10F06000954203D853F8043C002B03DD2946204683
:10F07000FFF70FFF2046FFF7E8FC27683E542068A3
:10F0800029460C38FFF764FDF8BD012A30B403D1DE
:10F090000B68036030BC7047002AFBD030BC19F00D
:10F0A00028B8012A30B403D10B68036030BC704724
:10F0B000002AFBD030BC19F01FB80B46012B10B44E
:10F0C0001146044603D122605DF8044B7047002BC3
:10F0D000FAD05DF8044B1A4619F011B808B5521A67
:10F0E0009210FFF7D2FF08BD036853F80C0C70476D
:10F0F00038B50C461546FFF7F7FFA042034604D289
:10F1000003482246294608F023F8204638BD00BFB0
:10F1100066E4060870B50C4616461D46FFF7E4FF88
:10F1200004F180510239091AB14202D2284608F08E
:10F1300009F870BD38B505688D420C4608D8FFF750
:10F14000D3FF05EB8005AC4294BF0020012038BD01
:10F150000120FCE708B5FFF7C7FFB0FA80F04009CF
:10F1600008BD00002DE9F041904606460B4A0F46C7
:10F1700019461D46FFF7BCFF3046FFF7B5FF441B9D
:10F18000444528BF444634B13168224601EB85012D
:10F190003846FFF77AFF2046BDE8F0819DE4060877
:10F1A000036853F8042C002AB8BF002210B5B8BF7A
:10F1B00043F8042C0A6852F8044C002CBCBF00240D
:10F1C00042F8044C02600B6010BD0000044B9842F2
:10F1D00005D000238360016000EB8100C3607047AD
:10F1E00030D201246FF07043984210B5044602D328
:10F1F000114807F0A7FF884203D94B00984238BF57
:10F200001C46201D800000F11003B3F5805F0DD96E
:10F210008C420BD9C3F30B03C3F5805304EB930467
:10F22000064B9C4228BF1C46201D8000FBF737FB85
:10F2300000224460826010BDB0E40608FEFFFF0FAC
:10F24000F8B50F46044680B10021FFF7CBFF00F16F
:10F250000C060546214630463A46FFF72EFF21466A
:10F260002846FFF7B3FF3046F8BD014EFBE700BF6D
:10F270003CD2012415F054B9054A904210B506D08D
:10F280008268541E002A846001DCFFF7F3FF10BD82
:10F2900030D201242DE9F74F0F46904606461C4612
:10F2A000FFF722FFA4EB080908EB070A8144A0EB53
:10F2B0000A05306850F8081C894503D850F8043C0A
:10F2C000002B1FDD01AA4846FFF78CFF804600F1A6
:10F2D0000C0B27B131683A465846FFF7D6FE4DB1C0
:10F2E00031683C4408EB84002A4601EB8A010C306B
:10F2F000FFF7CBFE306801A90C38FFF7BDFFC6F859
:10F3000000B000E03DB9306849460C38FFF75EFFB9
:10F3100003B0BDE8F08F4445F5D03C4400EB8A01D2
:10F320002A4600EB8400FFF7BCFEECE710B504466C
:10F33000FFF710FF034670B9226852F8042C002A28
:10F3400004DD024601462046FFF7A4FF23684FF084
:10F35000FF3243F8042C10BD08B5036853F8043C91
:10F36000002B01DBFFF7E2FF08BD0000F8B51646F1
:10F370000A4A04460F46FFF7BBFE05462046FFF744
:10F38000B3FEC21BB24220464FF0000328BF3246F4
:10F390002946FFF77FFF2046F8BD00BFC8E40608F6
:10F3A000F8B51C4617460B4B05460E462246394615
:10F3B000FFF7B0FE23463A4631462846FFF76AFF7C
:10F3C00034B12868069A214600EB8600FFF775FEE7
:10F3D0002846F8BDDCE40608F8B5069F1E463B4605
:10F3E00004460D46FFF756FF37B120683A463146CE
:10F3F00000EB8500FFF749FE2046F8BDF7B504464F
:10F400000E461546FFF770FE194B014607462A4681
:10F410002046FFF77FFE31462046FFF78BFE20B9DE
:10F42000206850F8043C002B0ADD20460095334646
:10F430003A460021FFF7D0FF0446204603B0F0BD56
:10F44000331AB5EBA30F4FEAA30209D82A46314677
:10F45000FFF71BFE206829460C38FFF7B7FEECE7E4
:10F46000002AF7D02A463146FFF71BFEF2E700BF1D
:10F47000F9E40608034B98421EBF8368013383609A
:10F480000C30704730D2012470B504461046236812
:10F490000A4618446168FFF7A5FE2268054600F198
:10F4A0000C0622B104F10C013046FFF7EEFD2846B0
:10F4B0002168FFF78BFE304670BD73B5066856F8BD
:10F4C000083C994204460D4604D856F8042C002AFC
:10F4D00010DD1D462046FFF707FE01A92A1AA6F1F6
:10F4E0000C00FFF7D1FF0546206801A90C38FFF793
:10F4F000C3FE256002B070BD2DE9F0410446084608
:10F500000F46FFF7F1FD064600B32046FFF7ECFD7E
:10F51000236853F8082C8519954203D853F8043C06
:10F52000002B03DD29462046FFF7C7FF2046FFF7E3
:10F53000DBFDD4F80080396808EB80003246FFF725
:10F54000A4FD206829460C38FFF740FE2046BDE8A0
:10F55000F08100002DE9F04104460D46174652B3F4
:10F560001B4B0021FFF7D6FD2046FFF7BDFDD4F869
:10F57000008058F8083CC6199E4203D858F8043C4D
:10F58000002B08DD29462046FFF7D4FDB0B13146F7
:10F590002046FFF792FF2046FFF7A6FDD4F8008033
:10F5A000294608EB80003A46FFF76FFD2068314698
:10F5B0000C38FFF70BFE2046BDE8F08131462046AF
:10F5C000A5EB0808FFF779FF25684544E3E700BF8E
:10F5D000D0E306082DE9F041044617460D4629B34D
:10F5E0000A46144B0021FFF795FD2046FFF77CFDEE
:10F5F000236853F8082C4619964203D853F8043C64
:10F60000002B03DD31462046FFF757FF2046FFF76A
:10F610006BFDD4F80080294608EB80003A46FFF7DE
:10F620004CFD206831460C38FFF7D0FD2046BDE880
:10F63000F08100BFD0E30608F8B50C460546174632
:10F64000FFF752FD0B4B0646014622462846FFF7C0
:10F6500061FDA64205D23A46A11B2846FFF7BAFF34
:10F66000F8BDFDD94FF0FF3221462846FFF77EFE58
:10F67000F6E700BF0EE5060808B50022FFF7DCFF3D
:10F6800008BDF8B504460E46FFF72EFD236853F873
:10F69000082C451C954203D853F8043C002B03DD8D
:10F6A00029462046FFF709FF2046FFF71DFD276882
:10F6B000294647F82060A7F10C00FFF787FDF8BD49
:10F6C000084670470846704710B5084B044640F896
:10F6D000083B15F053FB237B1BB1A06908B114F064
:10F6E00021FF2046FBF787F9204610BDE0050708FB
:10F6F00010B50446FFF7E8FF204614F011FF20463E
:10F7000010BD8A4210B5144603D00298521A1AF05E
:10F71000CEFA204610BD8A4238B51846144602D0AB
:10F72000521A1AF0C4FA204638BD000010B5064B34
:10F73000044640F8083B15F021FB044B23602046AB
:10F74000FBF759F9204610BD10060708C02007082E
:10F7500010B50446FFF7EAFF204614F0E1FE20460C
:10F7600010BD2DE9F041C0B06B46044600251F4690
:10F7700003F8015B0135B5F5807FF9D1264640AA33
:10F7800056F81D3B3946D3F81C8020463346C04707
:10F790002A463146384618F017FC00280CBF0123D2
:10F7A0000223237740B0BDE8F0810000003918BF84
:10F7B0000121074B10B5416003600446FBF73EF999
:10F7C0000023A0602373204600F08CF9204610BD72
:10F7D0001006070838B5003B18BF012343600F4BE4
:10F7E00003600F4B00250029044604BF2A46194632
:10F7F000C0E90455027381614FF4807229461D30BF
:10F8000018F00CFC25774FF48072294604F21D1085
:10F8100018F004FC84F81D52204638BDE0050708A6
:10F820006926070883695B5C9B0744BF2039C9B21E
:10F830000846704770B506460C461546AC4201D3E3
:10F84000284670BD336821789B683046984704F895
:10F85000010BF3E783695B5CDB0744BF2031C9B26E
:10F860000846704770B506460C461546AC4201D3B3
:10F87000284670BD336821781B693046984704F8E4
:10F88000010BF3E7172912D8002933D04B1E162B92
:10F8900013D8DFE803F01C1E2022121226171212C2
:10F8A00012121212122412121212121228004429D9
:10F8B00006D097291CD0202907D011F0440F14D06E
:10F8C0000D4800E00D4817F073BB0D48FBE70D48ED
:10F8D000F9E70D48F7E70D48F5E70D48F3E70D4860
:10F8E000F1E70D48EFE70D48EDE711F0970F01D074
:10F8F0000B48E8E70020704747E506084FEC06088C
:10F9000029E506082FE5060835E506083BE5060863
:10F9100048E5060841E506084EE5060854E50608F0
:10F9200023E50608084617F0AFBA38B50C46154669
:10F93000AC4201D3284638BD206817F0A5FA44F838
:10F94000040BF5E7084617F093BA38B50C46154690
:10F95000AC4201D3284638BD206817F089FA44F834
:10F96000040BF5E72DE9F0418846154600F28F4774
:10F9700000F5946600F2974417F8013F18EA030F68
:10F9800006D1A74206F10406F6D10020BDE8F081B9
:10F990003168284617F0D4F90028F2D00120F5E7A5
:10F9A0002DE9F84F05460C4616461F4600F2BC4BA3
:10F9B000B44202D33046BDE8F88F05F29C4905F504
:10F9C000926A4FF0000859F8041F206817F0B8F940
:10F9D00018B19AF8003048EA0308D9450AF1010A3B
:10F9E000F1D107F8018B0434E2E72DE9F041054637
:10F9F0000E461F461446BC42A04609D22B68D8F8D2
:10FA000000209B6831462846043498470028F2D0ED
:10FA10004046BDE8F0812DE9F04105460E461F46FF
:10FA20001446BC42A04609D22B68D8F800209B6837
:10FA300031462846043498470028F2D14046BDE8B4
:10FA4000F081243150F82100704710B5044610466B
:10FA500088420A4600D810BD12782432013154F889
:10FA6000222043F8042BF3E77F2910B50346144600
:10FA7000084605D81A7B1AB10B445C7B204610BDA2
:10FA800017F006F9431C18BFC4B2F7E72DE9F0419F
:10FA90001E46037B069F80460C461546F3B1A542E1
:10FAA00002D82846BDE8F08154F8040B7F2804D81A
:10FAB0004044417B07F8011BF1E717F0E9F8421CCD
:10FAC00014BFC1B23146F5E7186817F0E1F8431CDE
:10FAD00014BFC0B2304607F8010B0434A5422346D8
:10FAE000F2D8DEE72DE9F041044600F10C060025CE
:10FAF000284617F0CDF8421C04D00135802D06F8B9
:10FB0000010FF5D1A5F180035D425D41257304F13C
:10FB10008C060025284617F029F80135B5F5807FB9
:10FB200046F8040FF6D104F28F4704F29C460025F4
:10FB30004FF0010808FA05F1C9B207F8011F204685
:10FB4000FFF7A0FE0135082D46F8040FF2D1BDE8FD
:10FB5000F0818368587C70478368987C704783681D
:10FB6000D86A70478368186B82B002B070478368A8
:10FB7000586B82B002B070478368587C70478368C6
:10FB8000987C70478368D86A70478368186B82B026
:10FB900002B070478368586B82B002B070478368C8
:10FBA00093F824007047836893F82500704700207D
:10FBB00070470020704770470020914200D3704783
:10FBC00011F8013B03EB7060F7E7000010B5034B41
:10FBD00003600446FAF70FFF204610BD78090708B6
:10FBE00010B50446FFF7F2FF204614F099FC2046BA
:10FBF00010BD000010B5034B03600446FAF7FBFE8E
:10FC0000204610BD9009070810B50446FFF7F2FF23
:10FC1000204614F085FC204610BD000010B5034BB3
:10FC200003600446FAF7E7FE204610BDA80907085E
:10FC300010B50446FFF7F2FF204614F071FC204691
:10FC400010BD000010B5054B044640F8083B15F008
:10FC500095F82046FAF7CFFE204610BD5C0907084C
:10FC600010B50446FFF7EEFF204614F059FC20467D
:10FC700010BD000010B5054B044640F8083B15F0D8
:10FC80007DF82046FAF7B7FE204610BDB4080708F5
:10FC900010B50446FFF7EEFF204614F041FC204665
:10FCA00010BD73B5531A0F2B04460D46164601932B
:10FCB00006D9002201A90DF0C5FE019B2060A360BA
:10FCC0003246294620680DF057FF019B2268636089
:10FCD0000021D15402B070BDD0E902218A4202D283
:10FCE00001328260704703689B6A1847436E0B605D
:10FCF000836E4B60C36E8B60036FCB60436F0B6191
:10FD0000836F4B61C36F8B61D0F88030CB61D0F8CB
:10FD100084300B62D0F888304B62D0F88C308B6224
:10FD2000D0F89030CB627047D0F894300B60D0F8A8
:10FD300098304B60D0F89C308B60D0F8A030CB600E
:10FD4000D0F8A4300B61D0F8A8304B61D0F8AC30BB
:10FD50008B61D0F8B030CB61D0F8B4300B62D0F802
:10FD6000B8304B62D0F8BC308B62D0F8C030CB6278
:10FD70007047000038B500F10803054603600C46E3
:10FD800011B9064807F0DBF90846E0F709FB214600
:10FD900022182846BDE83840FFF783BF5AE5060819
:10FDA00010B58B680446D969FFF7E4FF204610BD03
:10FDB00010B58B6804465969FFF7DCFF204610BD7B
:10FDC00010B58B6804469968FFF7D4FF204610BD34
:10FDD00010B58B680446596AFFF7CCFF204610BD6A
:10FDE00010B58B680446D969FFF7C4FF204610BDE3
:10FDF00010B58B6804465969FFF7BCFF204610BD5B
:10FE000010B58B6804469968FFF7B4FF204610BD13
:10FE100010B58B680446596AFFF7ACFF204610BD49
:10FE200010B58B680446D969FFF7A4FF204610BDC2
:10FE300010B58B6804465969FFF79CFF204610BD3A
:10FE400010B58B6804469968FFF794FF204610BDF3
:10FE500007B500920B46002241680DF041FF03B048
:10FE60005DF804FB08B54368C3F17F5303F57F13C6
:10FE700003F57F533F339A4202D9034807F062F9F2
:10FE8000BDE808400EF024B8D0E306082DE9F041A3
:10FE900007461648FAF752FE3B68D3F80C8058F82C
:10FEA00020500646EDB94420FAF7F9FC104B0582C4
:10FEB0000446C0E90035C0E90255C0E90555C0E96E
:10FEC0000755C0E90955C0E90B558574456380F8AD
:10FED0004350394608F0A0FA386832462146FAF70E
:10FEE000E7FE58F82600BDE8F08100BF7CD201246F
:10FEF000ECF906084368994270B50646154604D9E0
:10FF00000A460A480A4907F023F96A1C04D1036823
:10FF1000716000225A5470BD002DFCD05A1AAA42BA
:10FF200028BF2A46BDE870400DF02BBE66E40608E7
:10FF3000C8E406082DE9F04107461648FAF7FEFD29
:10FF40003B68D3F80C8058F820500646EDB94420A1
:10FF5000FAF7A5FC104B05820446C0E90035C0E95C
:10FF60000255C0E90555C0E90755C0E90955C0E982
:10FF70000B558574456380F84350394608F0FEFA06
:10FF8000386832462146FAF793FE58F82600BDE855
:10FF9000F08100BF78D20124DCF9060810B50446D0
:10FFA0000068FFF799FE4FF0FF33636010BD2DE945
:10FFB000F0411F46037F012B04460D46164607D12C
:10FFC000914213D03846521ABDE8F04119F06FBE85
:10FFD0000BB9FFF7C6FB2368D3F81CE032463B465B
:10FFE00029462046F446BDE8F0416047BDE8F0816F
:10FFF0000B4611461A460BB1E0F782B91846704716
:020000040804EE
:1000000037B51D464368994204D90A460548064952
:1000100007F09EF81346009500220DF061FE03B034
:1000200030BD00BF66E406088CE506082DE9F04304
:100030001C4687B000F108031546036002AA00239E
:10004000CDE900234360037222460646884668468F
:100050002946FFF726FE641BDDE900736400204695
:1000600007EB030914F0CEFA05463A462346294623
:10007000404614F0C3FF844202460FD8441C15B119
:10008000284614F04FFA204614F0BCFA3A460146CE
:1000900005462346404614F0B1FF02462946304645
:1000A000FFF7E0FE3846E0F77BF93844814505D09C
:1000B000471C002130460DF0FAFDD6E715B1284661
:1000C00014F030FA68460DF0DEFC304607B0BDE8AB
:1000D000F0832DE9F0438DB000251C46804602AB2D
:1000E000684600930195FFF7DCFD08AB149A2146A2
:1000F00006A8CDE90635FFF7D4FDDDE90097DDE977
:1001000006564F442E442A464946404614F06BFF9B
:10011000044670B94846E0F743F981442846E0F7C1
:100120003FF94F4505EB00040DD1341B18BF4FF0CC
:10013000FF3406A80DF0A7FC68460DF0A4FC20468D
:100140000DB0BDE8F083A64203D009F10109651C9A
:10015000D9E70124EDE7000008B42DE9F7410F4687
:1001600004200021904619F0F5FC16490546E0F7F9
:10017000B7F8044678B12846E0F712F9461C304635
:1001800014F040FA29463246044619F090FD0D4914
:10019000042019F0DFFC0AAB099A01934146384666
:1001A00017F004FF054634B12146042019F0D2FCB3
:1001B000204614F0B7F9284603B0BDE8F04101B07D
:1001C000704700BFA1E5060803689B6818470368ED
:1001D0001B69184770B5037F04460D4643B9FFF706
:1001E000C0FA2368294620469B69BDE8704018473D
:1001F0000C44607F70BD70B54418164694F81D31EC
:100200003BB903681B6A98478642034618BF84F8C7
:100210001D01184670BDF0B589B006AE86E80C0029
:10022000139A0B680592129A0492119A03929DF800
:10023000402002920EAA04460D4692E803008DE883
:10024000030020469F68294696E80C00B8472046E0
:1002500009B0F0BDF0B589B006AE86E80C00139A7F
:100260000B680592129A0492119A03929DF840200D
:1002700002920EAA04460D4692E803008DE80300A0
:100280002046DF68294696E80C00B847204609B0AA
:10029000F0BD70B586B004AC84E80C009DF8302049
:1002A00002920B9A01920B689DF8282000929E689A
:1002B00094E80C000546B047284606B070BD70B5FE
:1002C00086B004AC84E80C000D9A03929DF83020AF
:1002D00002920B9A01920B689DF828200092DE682A
:1002E00094E80C000546B047284606B070BD036888
:1002F0009B6818470368DB68184710B50B6804460D
:100300001B699847204610BD10B50B6804465B6911
:100310009847204610BD10B50B6804469B69984766
:10032000204610BD10B50B680446DB69984720468F
:1003300010BD03681B6A184703685B6A82B002B08D
:10034000184703689B6A82B002B0184703689B682D
:1003500018470368DB68184710B50B6804461B692B
:100360009847204610BD10B50B6804465B69984756
:10037000204610BD10B50B6804469B69984720467F
:1003800010BD10B50B680446DB699847204610BDC8
:1003900003681B6A184703685B6A82B002B018479B
:1003A00003689B6A82B002B0184703689B681847CD
:1003B0000368DB68184710B50B6804461B6998474B
:1003C000204610BD10B50B6804465B69984720466F
:1003D00010BD10B50B6804469B699847204610BDB8
:1003E00003689B681847F0B589B006AE86E80C0034
:1003F000129A0B680492119A0392109A02920EAA12
:1004000004460D4692E803008DE803002046DF68AD
:10041000294696E80C00B847204609B0F0BDF0B573
:1004200089B006AE86E80C00129A0B680492119A05
:100430000392109A02920EAA04460D4692E8030017
:100440008DE8030020461F69294696E80C00B8474E
:10045000204609B0F0BDF0B589B006AE86E80C00C4
:10046000129A0B680492119A0392109A02920EAAA1
:1004700004460D4692E803008DE8030020465F69BC
:10048000294696E80C00B847204609B0F0BDF0B503
:1004900089B006AE86E80C00129A0B680492119A95
:1004A0000392109A02920EAA04460D4692E80300A7
:1004B0008DE8030020469F69294696E80C00B8475E
:1004C000204609B0F0BDF0B589B006AE86E80C0054
:1004D000129A0B680492119A0392109A02920EAA31
:1004E00004460D4692E803008DE803002046DF69CC
:1004F000294696E80C00B847204609B0F0BD000038
:10050000003910B5054B036018BF01214160044656
:10051000FAF794FAA060204610BD00BF5C090708F6
:1005200003689B68184773B5079E01960D68069E81
:100530000096ED680446A847204602B070BD0368E7
:100540001B69184710B40468A468A4465DF8044BFE
:10055000604738B50D680446ED68A847204638BDA9
:10056000F7B56D4685E806009DF80460089F0446CF
:10057000194636B900983A460DF039FA874218BF45
:1005800001268DF8046095E8030084E80300204606
:1005900003B0F0BD2DE9F04F99B006A9229F059058
:1005A00007F16C04204681E80C00DDF890909DF87E
:1005B0008C8007F0A9FC05462046FFF7BBFCD9F864
:1005C000006090F8383032789A420446D9F8042016
:1005D00000F08180036B0993D0F82090C3690393E6
:1005E000A869324433469A421D4605D92978415CB0
:1005F000490703F10103F6D4AD1B0495002D00F06B
:10060000BC804FF0000A0EAB69000CA80C93CDF82B
:1006100034A08DF838A00DF02FFBE26AA5EB020B99
:10062000D3451EDDE1685245A8BF5D460D9A0029FD
:100630005CD06B005146CDF800A00CA80DF050FB2B
:100640007319A17C0C98CDE90063D4E9022307F06B
:1006500062FD0C994FF0FF32411A0CA8FFF74AFCDB
:10066000AB46E26A002A0CDD617C0CA80DF01FFB92
:10067000BBF1000F40DBE26A06EB0B010CA8FFF7B1
:10068000F1FBFD6805F0B003049315F400750D9BB4
:1006900018BFA5694B441D44002614AB690012A87D
:1006A000129313968DF850600DF0E6FA049BD7F87C
:1006B00008A0102B03D155452CBF002601264FF072
:1006C000000B09AB13F80B30042B27D8DFE803F03D
:1006D000766C1E606900436B0993436AD0F82890DA
:1006E0000393002A3FF47CAF013679E70095334647
:1006F0000CA80DF09FFBB3E794F83920CBF1000173
:100700000CA8FFF7A5FB049A3146B7E7FB689B05E9
:1007100004D5D4E9051212A8FFF7A4FB0BF1010BD5
:10072000BBF1040FCDD1B9F1010F06D9039909F13D
:10073000FF32013112A8FFF795FB13998A4509D9B9
:10074000049B202BAAEB01013BD1424612A8FFF7E4
:100750007FFB51460AAC129B00912046DDE9061250
:10076000FFF7FEFE94E80300069012A88DF81C1017
:100770000DF089F90CA80DF086F9DDE906010023DA
:10078000BB60059B83E80300184619B0BDE8F08FF5
:10079000B9F1000FC2D0039B197812A80DF087FAA7
:1007A000BCE7DDE90C12B6E736B14246AAEB05011B
:1007B00012A8FFF74DFBB1E74146EEE7002EADD0A2
:1007C000F3E70A464346002112A8FFF719FCC0E7E9
:1007D0002DE9F04F99B006A9229F059007F16C040E
:1007E000204681E80C00DDF890909DF88C8007F0A1
:1007F0008BFB05462046FFF749FBD9F8006090F8CF
:10080000383032789A420446D9F8042000F08180CA
:10081000036B0993D0F82090C3690393A86932440D
:1008200033469A421D4605D92978415C490703F1B0
:100830000103F6D4AD1B0495002D00F0BC804FF0F1
:10084000000A0EAB69000CA80C93CDF834A08DF80B
:1008500038A00DF011FAE26AA5EB020BD3451EDDBC
:10086000E1685245A8BF5D460D9A00295CD06B0037
:100870005146CDF800A00CA80DF032FA7319A17CF6
:100880000C98CDE90063D4E9022307F044FC0C99ED
:100890004FF0FF32411A0CA8FFF72CFBAB46E26A7F
:1008A000002A0CDD617C0CA80DF001FABBF1000FF1
:1008B00040DBE26A06EB0B010CA8FFF7D3FAFD68F8
:1008C00005F0B003049315F400750D9B18BFA569DE
:1008D0004B441D44002614AB690012A812931396D2
:1008E0008DF850600DF0C8F9049BD7F808A0102BC4
:1008F00003D155452CBF002601264FF0000B09AB54
:1009000013F80B30042B27D8DFE803F0766C1E6059
:100910006900436B0993436AD0F828900393002A37
:100920003FF47CAF013679E7009533460CA80DF013
:1009300081FAB3E794F83920CBF100010CA8FFF756
:1009400087FA049A3146B7E7FB689B0504D5D4E9DA
:10095000051212A8FFF786FA0BF1010BBBF1040F89
:10096000CDD1B9F1010F06D9039909F1FF32013157
:1009700012A8FFF777FA13998A4509D9049B202B0F
:10098000AAEB01013BD1424612A8FFF761FA51469A
:100990000AAC129B00912046DDE90612FFF7E0FD4C
:1009A00094E80300069012A88DF81C100DF06BF867
:1009B0000CA80DF068F8DDE906010023BB60059B7B
:1009C00083E80300184619B0BDE8F08FB9F1000FB5
:1009D000C2D0039B197812A80DF069F9BCE7DDE9D4
:1009E0000C12B6E736B14246AAEB050112A8FFF792
:1009F0002FFAB1E74146EEE7002EADD0F3E70A4605
:100A00004346002112A8FFF7FBFAC0E72DE9F04F9B
:100A10002DED028BB0EE408B91B004AF07F10804CE
:100A200084E80C0097F860307B607B6E97F868A0D4
:100A30000546884607F1140003F16C01F9F7E6FF5B
:100A400007F1140007F060FA90B08146F9F7F6FF5D
:100A500004AE4FF0000BB86131468DED028B2E4B8A
:100A6000CDF800B0402207F11800FFF775FB3F28D2
:100A7000014616DD083121F00701ADEB010D421CE6
:100A80003A60F9F7DBFF04AEB8618DED028BCDF86B
:100A900000B03146204B3A6807F11800FFF75CFBC5
:100AA000014607F12003002207F11800BB613960FD
:100AB0000DF043F83968BB69721848463146FFF7B4
:100AC00076FA7B68D3B107F11803CDE901A37B6EF9
:100AD000009394E80C0041462846FFF75BFD07F1C0
:100AE00018000CF0D0FF07F11400FAF701F82846BF
:100AF0003437BD46BDEC028BBDE8F08F07F118031B
:100B0000CDE901A37B6E009394E80C004146284692
:100B1000FFF75EFEE3E700BFA3E50608F0B587B088
:100B200004AC84E80C000F9E9DF838200D9B9DF8C6
:100B300030700093CDE90126054694E80C0027B1FA
:100B4000FFF728FD284607B0F0BDFFF741FEF9E7A3
:100B500010B50446D0E9003043B1421C06D1184616
:100B60000CF032FF431C04BF0023236010BD38B5D6
:100B70000D46FFF7EDFF04462846FFF7E9FF431C4B
:100B8000584204F10102584154425441011B484269
:100B9000484138BD08B5FFF7EAFF80F00100C0B258
:100BA00008BD2DE9F74F0546DDE912076C466C30AC
:100BB00084E80C00DDF840A007F0A6F94FF000092A
:100BC00080464E464FF00A0B0CA92046FFF7E2FF85
:100BD00070B1119B9E420BD02046FFF7B9FF2A222D
:100BE000C1B24046FFF707FB3038C2B2092A10D91C
:100BF000C6B10F9A914515DBD14513DC0E9AC2F8A8
:100C0000009094E8030085E80300284603B0BDE89F
:100C1000F08F0BFB0909D145EADC2046FFF7BEF94E
:100C20000136D1E73B6843F004033B60E9E72DE977
:100C3000F04F8DB000AF07F12006F861F86E6C3010
:100C400086E80C0007F060F9BB6E6A46A2EBC303AE
:100C50009D46DB08BB61BB6E9B007B61BB6E05469E
:100C6000E84607F15801304608EB8309FFF792FF89
:100C7000044628B90026012C39D840F0718157E18B
:100C80003046FFF765FFC4B221462846FFF79FFABA
:100C9000214606462846FFF797FA4FF0000B82469A
:100CA0005C46BB6E9B45E5D07B6E53F82B302846E7
:100CB0001978FFF78CFAB0420FD1A3003B617B6E2D
:100CC00053F82B00DFF76CFB3B6949F8240048F828
:100CD00003B001340BF1010BE3E77B6E53F82B30CB
:100CE00028461978FFF770FA5045F3D1E5E7CB466F
:100CF00009EB84005BF8043BFB625B461A46F96A29
:100D0000D2F800C08C4507F12C0128BF0A460433F5
:100D1000D2F800A0C7F82CA09842EFD1013607F115
:100D20002000FFF73BF9B2452BD107F1580107F13D
:100D30002000FFF72FFF824600285AD14FF0000A0B
:100D4000002359F82320911B4A424A41524509BFCA
:100D500004F1FF34013358F8242048F8232004BF5D
:100D600059F8242049F823209C42EAD8BAF1000F10
:100D70007DD0D9F80030012107F12C0C8C42FB62A8
:100D80006BD8FB6AB34240F2CE8007F1580107F1FD
:100D90002000FFF7FFFE002800F0C58007F12000CB
:100DA000FFF7D6FEC1B22846FFF711FA386107F106
:100DB0002000FFF7CDFEC1B22846FFF705FA4FF03D
:100DC000000AF86054457FF656AF7B6E58F82A202B
:100DD00053F82220BA60915D2846FFF7F8F93B6985
:100DE000BA6898424FEA8A0B40F08B800AF1010AF8
:100DF000E8E707F12000FFF7ABFEC1B22846FFF796
:100E0000E6F9386107F12000FFF7A2FEC1B22846DB
:100E1000FFF7DAF90023F860796E58F8232051F8CB
:100E2000222059F82310B14203D801339C42F3D158
:100E300084E7915D7B602846BA60FFF7C8F93B699B
:100E400098423FF47DAFBA682846915DFFF7BCF940
:100E5000FB6898427B68E8D172E75A460131106816
:100E6000834298BF62460BF1040B136886E7022C9D
:100E700064D1BB6EDB0773D4D8F80030B86EBA6E9D
:100E8000B3EB500F4FEA5201D8F804202DD20B4497
:100E9000934265D1D7E90532D8F8004053F8328043
:100EA0007B6E53F8243003EB060946455FD207F109
:100EB000580107F12000FFF76DFE002850D019F807
:100EC000011B2846FFF783F9824607F12000FFF750
:100ED0003FFEC1B22846FFF77AF9824530D107F1CB
:100EE0002000FFF75BF80136DFE75B1A934237D14A
:100EF000D7E90521C8F80030D9F8043042F831307C
:100F0000C8E7915D2846FFF75FF9FB6898423FF418
:100F10006DAF013C58F8242048F80B2059F82420E4
:100F200049F80B204EE70023012C19D1002BB1D139
:100F300007F12000FFF732F80136ABE70123F3E7B2
:100F400019F8011C2846FFF73FF9824607F12000F7
:100F5000FFF7FEFDC1B22846FFF736F98245BED045
:100F60003B6F3A6F1B6843F00403136002E0F7D154
:100F70003B6E1C60D7E90801FB69343783E8030046
:100F80001846BD46BDE8F08F2DE9F04F87B000AFA1
:100F90008146786DD7E913AB07F110066C3086E80F
:100FA0000C0006F0B1FF6B46A3EBCB03F8609D4647
:100FB00007F140013046E846FFF7ECFD002800F05D
:100FC00088803046FFF7C4FD0025C3B24FEA4B02CC
:100FD0002C46AA423CD8002C7BD03046FEF7DEFFE0
:100FE000A200D31D23F00703ADEB030D6E4645466B
:100FF000331F424455F8041B5AF82100C7E9022365
:10100000DFF7CEF9BA68FB68954243F8040FF1D1D7
:10101000012507F1400107F11000FFF7BBFD58BBA8
:10102000012C5AD13368AB425ED1D8F80030BA6C8B
:101030005B45A8BFA3EB0B03136007F1180313E98B
:1010400003001C3789E803004846BD46BDE8F08F21
:101050005AF825100978994204D148F824500134EF
:101060000135B6E7F868C7E90132FFF7ADF87B68EC
:10107000BA689842F4D1F0E707F11000FFF768FD75
:101080000023C0B219469C4207D88C42C8D007F151
:101090001000FEF783FF0135BBE756F82320AA4274
:1010A0004FEA830E06EB830C02D801310133EAE7E5
:1010B00058F823205AF82220525D8242F6D0013C93
:1010C00058F8242048F80E2056F82420CCF80020A8
:1010D000D9E70024254626469BE7022C04D1336835
:1010E000AB42A2D073689EE7BB6DBA6D1B6843F03C
:1010F0000403A1E72DE9F04FABB08946369D0B9074
:1011000005F16C060EA9304681E80C00DDF8E0A080
:101110003A9C06F0F9FF0890304606F0F5FE83464B
:101120003998DFF73DF900260A90109634A90EA8E9
:10113000FFF730FDDDF84080002800F074840A9B42
:101140009E4280F07084B8F1000F00F08184379BDC
:10115000379A1B6843F00403136000F06CBC089BD3
:101160009B68DA6A12921A6B13925A6B14929A6BFA
:101170001592DA6B16921A6C17925A6C18929A6C36
:101180001992DA6C1A921A6D1B925A6D1C929A6D12
:101190001D92DA6D1E921B6E1F9310ABCDE90553A5
:1011A0000E23049312AB039311AB029334AB93E879
:1011B00003008DE803000CAF0EAE96E80C00494624
:1011C0003846FFF734FD97E80300109B86E80300DC
:1011D000002B3CD1119A072392FBF3F3C3EBC3031B
:1011E000D21ACAF81820237843F00203DDE0089BE6
:1011F00012AA98681146FEF779FD1EA9FEF794FD24
:1012000010ABCDE905531823CDE9032311AB0293AD
:1012100034AB93E803008DE803000CAF0EAE96E804
:101220000C0049463846FFF702FD97E80300109B83
:1012300086E803005BB9119B0C2293FBF2F102FBE1
:101240001133CAF81030238843F481632380099E48
:1012500001366BE7089B06949B689B6905930CAF6E
:1012600010ABCDE90253CDF810A034AB93E80300E6
:101270008DE803000EAE96E80C0049463846FFF7AD
:1012800039FF97E80300109B86E80300002BDED1AE
:10129000637843F0040376E110ABCDE906530226F0
:1012A0006323CDE904360023039311AB029334ABDF
:1012B00093E803008DE803000CAF0EAE96E80C0037
:1012C00049463846FFF76DFC97E80300109B86E817
:1012D0000300002BBBD1119B6360238843F4906310
:1012E000B4E73046FFF734FCDBF81830C0B21B5CC3
:1012F000180702D53046FEF751FE10ABCDE9065374
:1013000002211F23CDE904310123039311AB029382
:1013100034AB93E803008DE803000CAF0EAE96E803
:101320000C0049463846FFF73CFC97E80300109B49
:1013300086E80300002B8AD1119BCAF80C30238861
:1013400043F4826382E7B94A12AE3346A2F109013F
:101350005846FEF72CFE0CAFCDE9056480E710ABD4
:10136000CDE9065302221723CDE90432002303936B
:1013700011AB029334AB93E803008DE803000CAF8C
:101380000EAE96E80C0049463846FFF70AFC97E88F
:101390000300109A86E80300002A7FF458AF119BDF
:1013A000CAF80830237862F3000323704FE710ABCC
:1013B000CDE906530C270223CDE9047301230393DF
:1013C00011AB029334AB93E803008DE803000DF1F9
:1013D00030080EAE96E80C0049464046FFF7E1FBA8
:1013E00098E80300109B86E80300002B7FF42FAFE2
:1013F000119B93FBF7F207FB1233CAF808302378EE
:1014000043F00103D1E710ABCDE906534FF00308D9
:101410004FF4B773CDE904380123039311AB029362
:1014200034AB93E803008DE803000CAF0EAE96E8F2
:101430000C0049463846FFF7B4FB97E80300109BC1
:1014400086E80300002B7FF402AF119B013BCAF832
:101450001C30237843F00403A7E710ABCDE9065313
:101460004FF0020E0C23CDE9043E0123039311AB90
:10147000029334AB93E803008DE803000CAF0EAE8B
:1014800096E80C0049463846FFF78BFB97E80300C7
:10149000109B86E80300002B7FF4D9AE119B013B23
:1014A000CAF81030237843F008037EE710ABCDE98B
:1014B00006534FF0020C3B23CDE9043C0023039379
:1014C00011AB029334AB93E803008DE803000CAF3B
:1014D0000EAE96E80C0049463846FFF762FB97E8E7
:1014E0000300109B86E80300002B7FF4B0AE119B35
:1014F000CAF80430ABE634A90EA8FFF74BFB00286E
:101500003FF4A5AE0EA8FFF723FBDBF81830C0B2FE
:101510001B5C1E077FF59BAE0EA8FEF73FFDEAE7BA
:10152000089B9B681A6A12925B6A13931278002ACE
:101530003FF48DAE1B78002B3FF489AE10ABCDE9A4
:1015400005530223049312AB039311AB029334AB04
:1015500093E803008DE803000CAF0EAE96E80C0094
:1015600049463846FFF763FB97E80300109B86E87F
:101570000300002B7FF46BAE119B002B3FF467AE92
:10158000637843F00103637061E6089B06949B68EF
:101590009B6A0CAF059309E0254A12AE3346911FB2
:1015A0005846FEF704FDCDE905640CAF10ABCDE95C
:1015B0000253CDF810A034AB93E803008DE803008C
:1015C0000EAE4946384696E80C00FFF793FD97E8C3
:1015D000030086E803003AE610ABCDE9065302208B
:1015E0003C23CDE904300023039311AB029334ABC9
:1015F00093E803008DE803000CAF0EAE96E80C00F4
:1016000049463846FFF7CDFA97E80300109B86E875
:101610000300002B7FF41BAE119BCAF8003016E6C6
:10162000044A12AE3346A2F10901B9E7B2E5060851
:10163000B8E50608C1E5060810ABCDE9065302215E
:101640003523CDE904310023039311AB029334AB6E
:1016500093E803008DE803000CAF0EAE96E80C0093
:1016600049463846FFF79DFA97E80300109B86E845
:101670000300002B7FF4EBAD119B22681B0403F4E5
:101680007C1322F47C1243F0200322F02002134347
:101690002360DCE510ABCDE9065301220623CDE93A
:1016A00004320023039311AB029334AB93E803009D
:1016B0008DE803000CAF0EAE96E80C0049463846A4
:1016C000FFF76FFA97E80300109B86E80300002BF2
:1016D0007FF4BDAD119BCAF8183084E510ABCDE99D
:1016E00006534FF002083523CDE904380023039355
:1016F00011AB029334AB93E803008DE803000CAF09
:101700000EAE96E80C0049463846FFF74AFA97E8CD
:101710000300109B86E80300002B7FF498AD119B1B
:1017200022681B0403F47C1322F47C1243F0400370
:1017300022F04002ABE7089B06949B680CAF9B68C5
:1017400028E7089B06949B680CAF1B6922E710AB47
:10175000CDE906534FF0020E6323CDE9043E00238A
:10176000039311AB029334AB93E803008DE80300BD
:101770000CAF0EAE96E80C0049463846FFF711FA5A
:1017800097E80300109B86E80300002B7FF45FAD11
:10179000637823F0060343F00603637034A93046F0
:1017A000FFF7F8F900283BD03046FFF7D1F92A229D
:1017B000C1B25846FEF71FFDA0F130085FFA88F36A
:1017C000092B2DD83046FEF7E9FB119B0A2707FBB2
:1017D000038334A930461193FFF7DCF9A0B13046FA
:1017E000FFF7B6F92A22C1B25846FEF704FDA0F170
:1017F00030085FFA88F3092B06D83046FEF7CEFB97
:10180000119B07FB03831193119BA3F26C7311933C
:10181000637823F002036370119BCAF8143016E555
:10182000119B442BDCBF64331193F5E710ABCDE97A
:1018300006534FF0040C42F20F73CDE9043C002331
:10184000039311AB029334AB93E803008DE80300DC
:101850000CAF0EAE96E80C0049463846FFF7A1F9EA
:1018600097E80300109B86E80300002B7FF4EFACA1
:10187000119BA3F26C73CAF81430637823F006034B
:1018800007E53046FFF764F9DBF81830C0B21B5C9F
:10189000DF0740F1838010ABCDE905530E2304939D
:1018A0006A4B039312AB029334AB93E803008DE8C9
:1018B00003000CAF4946384696E80C00FFF7B7F92D
:1018C00097E8030086E8030034A93046FFF762F981
:1018D00000283FF4BCAC109B129A13437FF4B7ACC2
:1018E0003046FFF735F92D2107465846FEF772FCC2
:1018F000FFB2B84236D110AF17230221CDE904312F
:10190000CDE906570023039312AB029334AB93E85F
:1019100003008DE803000CAE0DF1380898E80C00C8
:1019200049463046FFF73DF996E803003B2388E837
:1019300003000220CDE90430CDE9065700230393CC
:1019400012AB029334AB93E803008DE803004946E1
:10195000304698E80C00FFF724F996E8030088E881
:10196000030074E43046FFF7F3F82B21064658468F
:10197000FEF730FCF6B2B0427FF469ACBBE730460C
:10198000FFF7E6F8252107465846FEF723FCFFB28D
:10199000B84203D13046FEF701FB58E4109B43F0F8
:1019A0000403109353E4399B995DDBF818305B5CBA
:1019B0001A0714D534A90EA8FFF7ECF800283FF455
:1019C00047AC0EA8FFF7C4F8DBF81830C0B21B5CB8
:1019D0001B077FF53DAC0EA8FEF7E0FAEAE7584694
:1019E000FEF7F5FB80460EA8FFF7B2F8C1B25846E5
:1019F000FEF7EDFB804512D039785846FEF7E4FB40
:101A000007460EA8FFF7A4F8C1B25846FEF7DCFB64
:101A1000874204D0109B43F00403109318E40EA8EF
:101A2000FEF7BCFA14E4B8F1000F7FF490AB0A9B08
:101A30009E427FF48CAB0EAB93E803000B9B83E8D4
:101A4000030018462BB0BDE8F08F00BFB0000024A3
:101A5000399B4246995D58469F19FEF7CCFB2528D5
:101A6000A1D1731C0993711C399B4246595C58469D
:101A7000FEF7C1FB4528CDF8448001D04F2808D19E
:101A8000B31C09930999399B0022595C5846FEF70B
:101A9000B2FB25380EAE542880D801A353F820F0AD
:101AA0007F1904089D1904089D1904089D1904084C
:101AB0009D1904089D1904089D1904089D1904081E
:101AC0009D1904089D1904089D1904089D1904080E
:101AD0009D1904089D1904089D1904089D190408FE
:101AE0009D1904089D1904089D1904089D190408EE
:101AF0009D1904089D1904089D1904089D190408DE
:101B00009D1904089D1904089D1904089D190408CD
:101B10005F110408EF110408991204084713040820
:101B20009D1904089D1904089D1904085F130408F1
:101B3000AF1304089D1904089D1904089D19040891
:101B4000AD1404089D1904089D1904089D19040882
:101B50009D19040899150408D915040821160408CC
:101B6000391604089D190408DD16040843170408F3
:101B70002D180408831804089D1904089D190408E9
:101B80009D1904089D1904089D1904089D1904084D
:101B90005F110408EF11040855120408E312040849
:101BA000E31204089D1904089D190408EF110408A4
:101BB0009D190408071404089D1904089D190408B8
:101BC0005B140408F71404089D190408211504087F
:101BD0009D1904088B1504089D190408F7140408BE
:101BE0009D1904089D190408951604083717040860
:101BF0004F1704082DE9F04F8FB0DDE91AB70AAC92
:101C00004FF0000A06460BF16C0084E80C00884691
:101C1000CDF834A006F078F90DABCDE906B3022279
:101C20006323CDE904320CAB0293CDF80CA018ABC2
:101C3000814693E803008DE8030008AD94E80C00AA
:101C400041462846FEF7ADFF95E803000D9B84E86A
:101C50000300002B51D118A92046FEF79BFF002856
:101C600046D02046FEF774FF2A22C1B24846FEF74E
:101C7000C2FAA0F13005EBB2092B39D82046FEF7A5
:101C80008DF90C9B4FF00A0808FB035518A9204654
:101C90000C95FEF77FFF98B12046FEF759FF2A22E8
:101CA000C1B24846FEF7A7FAA0F13005EBB2092B06
:101CB00006D82046FEF772F90C9B08FB03550C95DD
:101CC0000C9BA3F26C730C931C9B0C9A5A6118A981
:101CD0002046FEF74CFF18B13B6843F002033B601F
:101CE00094E8030086E8030030460FB0BDE8F08FAB
:101CF0000C9B442BE8DC6433E5E73B6843F00403CA
:101D00003B60E4E72DE9F0439DB0DDE926960AAC9F
:101D1000054609F16C0084E80C00884606F0F4F9E9
:101D200083689A6C0E92DA6C0F921A6D10925A6D4B
:101D300011929A6D1292DA6D13921A6E1492DA6AF7
:101D400015921A6B16925A6B17929A6B1892DA6B5D
:101D500019921A6C5B6C1B9300230D930DABCDE9AC
:101D6000059307231A9204930EAB03930CAB0293D3
:101D700024AB93E803008DE8030008AF94E80C005F
:101D800041463846FFF700F997E803000D9B84E8C9
:101D900003009BB9289B0C9A9A6124A92046FEF760
:101DA000E6FE18B1336843F00203336094E80300A1
:101DB00085E8030028461DB0BDE8F083336843F092
:101DC00004033360E9E72DE9F043A7B0DDE930967D
:101DD0000AAC054609F16C0084E80C00884606F060
:101DE00093F90EAA80681146FDF79EFF1AA9FDF728
:101DF0007DFF00230D930DABCDE905930C23CDE9B9
:101E000003230CAB02932EAB93E803008DE8030091
:101E100008AF94E80C0041463846FFF7B5F897E85C
:101E200003000D9B84E803009BB9329B0C9A1A6156
:101E30002EA92046FEF79BFE18B1336843F002033B
:101E4000336094E8030085E80300284627B0BDE826
:101E5000F083336843F004033360E9E72DE9F04F82
:101E600091B0DDE91CB70AAC05460BF16C0084E8C3
:101E70000C00DDF878A0894606F046F983681A69F7
:101E8000CDF808B00DAECDE90526CDE9037A0023E3
:101E9000CDE90D330F931AAB93E803008DE80300EF
:101EA0000DF1200894E80C0049464046FFF722F95E
:101EB00098E8030084E803005146304613F0B2F975
:101EC0001AA92046FEF753FE18B13B6843F00203FF
:101ED0003B6094E8030085E80300284611B0BDE8A4
:101EE000F08F2DE9F04F91B0DDE91CB70AAC054643
:101EF0000BF16C0084E80C00DDF878A0894606F050
:101F000003F983689A68CDF808B00DAECDE90526CF
:101F1000CDE9037A0023CDE90D330F931AAB93E893
:101F200003008DE803000DF1200894E80C004946F9
:101F30004046FFF7DFF898E8030084E803005146C5
:101F4000304613F06FF91AA92046FEF710FE18B1BB
:101F50003B6843F002033B6094E8030085E803001C
:101F6000284611B0BDE8F08F2DE9F04F91B0DDE9C2
:101F70001CB605460AAC0BF16C004FF0000884E873
:101F80000C0089469DF87CA09DF8807005F0BCFF90
:101F9000C6F800802521FEF71DF98DF83000002FCE
:101FA00036D18DF831A08DF832700023CDE90D3394
:101FB0000F930CAB05931E9BCDF808B0CDE90363DE
:101FC0000DAF06971AAB93E803008DE803000DF1FF
:101FD000200894E80C0049464046FFF78BF898E843
:101FE000030084E803001E99384613F01BF91AA970
:101FF0002046FEF7BCFD18B1336843F0020333609E
:1020000094E8030085E80300284611B0BDE8F08F8E
:102010008DF831708DF832A08DF83380C5E700005F
:102020002DE9F04F9BB00AA981E80C00DDE92639C3
:1020300003F16C040690204605F066FF04902046EC
:10204000FDF778FF00F138030793036A05461BB1DB
:10205000836A003B18BF0123029310AB0E93002349
:102060000F938DF840302B7C1BB120210EA80BF074
:1020700003FE002616AB202114A8149315968DF8A4
:1020800058600BF0F9FD05F1390308936B6B0D9364
:10209000B04637460396B24601960DAB9B5D042BC6
:1020A00061D8DFE813F07C0155012F00F400050032
:1020B000DFF844B324A90AA8FEF76CFD03460446E2
:1020C000002800F030810AA80993FEF741FD0A219B
:1020D000C2B208980592FDF78BFF059A099B00286C
:1020E00000F01081079BC01ADBF80030195C14A8BF
:1020F0000BF0DDFD7C1C039F0AA8FDF74FFF039743
:102100002746D7E7269BDB6898051FD4BAF1010F55
:102110001CD8DEB1012E0BD1029BBBB99DF8343027
:10212000032B13D09DF83630012B0FD00226B4E7D5
:10213000022E40F048819DF83730042B06D0029AD9
:10214000002A00F03B81032B40F03A81AB690593F4
:102150004FF0000B24A90AA8FEF71CFD059B0446BE
:1021600018B99B4512D101241AE09B4518D00AA842
:10217000FEF7EEFC6A6912F80B20C0B2824205D16C
:102180000AA8FDF70BFF0BF1010BE3E7BBF1000F12
:1021900040F01281269BDC6884F40074C4F3402470
:1021A0000136042E40F0FE80BAF1010F40F21E818C
:1021B000002C00F0FA80019B002B00F006816C6A75
:1021C000012624A90AA8FEF7E5FC002840F0FF80BC
:1021D000564540F0EA80159B012B11D90022302191
:1021E00014A80BF069FF024650B1431C08BF159AB2
:1021F0004FF0000108BF02F1FF3214A8FDF77AFE8C
:10220000019B3BB114990B78302B03D02D2214A8DD
:102210000BF0C2FD0F9BA3B1B8F1000F00F0E980F5
:102220009DF80C100EA80BF042FDD5E902010EAA94
:1022300013F040F928B9D9F8003043F00403C9F885
:102240000030B8F1000F03D0EB6ABB4240F0AD8024
:10225000289814A90BF07CFE0AAC24A92046FEF7AE
:1022600086FC28B1D9F8003043F00203C9F80030E9
:1022700094E80300069B83E8030014A80BF003FC1A
:102280000EA80BF000FC06981BB0BDE8F08F2B6A7F
:10229000B3B9AB6A4BB324A90AA8FEF77BFC04468A
:1022A00018B30AA8FEF754FC6B6A1B78C0B28342CD
:1022B0001BD10AA8D5F828A0FDF770FE01946FE79E
:1022C00024A90AA8FEF766FC04460028E1D00AA863
:1022D000FEF73EFCEB691B78C0B28342D9D10AA855
:1022E000D5F820A0FDF75AFE5AE72B6A1BB9029BCE
:1022F00083F0010454E7AB6A002BF8D1012301936A
:102300001C464DE7697C914208D1B8F1000F05D118
:10231000EA6A002A08DD98460446EDE62B7C1BB1EC
:10232000AB7C934205D00124159B002B08BF0024F1
:1023300036E7B8F1000F07D147B1F9B20EA80BF09C
:10234000B6FC4446039FD7E64446EDE73C46EBE740
:1023500024A90AA8FEF71EFCA8B90024032E3FF406
:1023600023AF24A90AA8FEF715FCD0B10AA8FEF7EE
:10237000EFFB049BC0B29B691B5C1A0711D50AA82E
:10238000FDF70CFEEDE70AA8FEF7E2FB049BC0B2E6
:102390009B691B5C1907E0D50AA8FDF7FFFD012426
:1023A000DCE70136002C7FF478AED9F8003043F03A
:1023B0000403C9F800304FE70024F1E603266CE679
:1023C000029C0326EEE70124EEE6EC69F8E65645AA
:1023D0003FF401AF0AA8FEF7BBFBA35DC0B2834286
:1023E000E3D10AA8FDF7DAFD0136EAE6002CDCD0DD
:1023F000F1E6F9B216E700BF740000242DE9F04FB2
:102400009BB00AA981E80C00DDE9263903F16C04D0
:102410000690204605F078FD04902046FDF736FD35
:1024200000F138030793036A05461BB1836A003B3A
:1024300018BF0123029310AB0E9300230F938DF866
:1024400040302B7C1BB120210EA80BF015FC002680
:1024500016AB202114A8149315968DF858600BF034
:102460000BFC05F1390308936B6B0D93B0463746AF
:102470000396B24601960DAB9B5D042B61D8DFE855
:1024800013F07C0155012F00F4000500DFF844B380
:1024900024A90AA8FEF77EFB03460446002800F0A4
:1024A00030810AA80993FEF753FB0A21C2B20898AB
:1024B0000592FDF79DFD059A099B002800F010810B
:1024C000079BC01ADBF80030195C14A80BF0EFFB77
:1024D0007C1C039F0AA8FDF761FD03972746D7E7F9
:1024E000269BDB6898051FD4BAF1010F1CD8DEB11A
:1024F000012E0BD1029BBBB99DF83430032B13D0B6
:102500009DF83630012B0FD00226B4E7022E40F0A2
:1025100048819DF83730042B06D0029A002A00F03B
:102520003B81032B40F03A81AB6905934FF0000BE0
:1025300024A90AA8FEF72EFB059B044618B99B4563
:1025400012D101241AE09B4518D00AA8FEF700FB1F
:102550006A6912F80B20C0B2824205D10AA8FDF7C1
:102560001DFD0BF1010BE3E7BBF1000F40F0128101
:10257000269BDC6884F40074C4F340240136042EE6
:1025800040F0FE80BAF1010F40F21E81002C00F0F5
:10259000FA80019B002B00F006816C6A012624A9B9
:1025A0000AA8FEF7F7FA002840F0FF80564540F0F1
:1025B000EA80159B012B11D90022302114A80BF0C1
:1025C0007BFD024650B1431C08BF159A4FF0000135
:1025D00008BF02F1FF3214A8FDF78CFC019B3BB150
:1025E00014990B78302B03D02D2214A80BF0D4FBB8
:1025F0000F9BA3B1B8F1000F00F0E9809DF80C101B
:102600000EA80BF054FBD5E902010EAA12F052FFFE
:1026100028B9D9F8003043F00403C9F80030B8F104
:10262000000F03D0EB6ABB4240F0AD80289814A99C
:102630000BF08EFC0AAC24A92046FEF798FA28B1CC
:10264000D9F8003043F00203C9F8003094E80300E1
:10265000069B83E8030014A80BF015FA0EA80BF0F4
:1026600012FA06981BB0BDE8F08F2B6AB3B9AB6ABB
:102670004BB324A90AA8FEF78DFA044618B30AA89A
:10268000FEF766FA6B6A1B78C0B283421BD10AA8B8
:10269000D5F828A0FDF782FC01946FE724A90AA8C9
:1026A000FEF778FA04460028E1D00AA8FEF750FAAF
:1026B000EB691B78C0B28342D9D10AA8D5F820A013
:1026C000FDF76CFC5AE72B6A1BB9029B83F00104EF
:1026D00054E7AB6A002BF8D1012301931C464DE768
:1026E000697C914208D1B8F1000F05D1EA6A002A4D
:1026F00008DD98460446EDE62B7C1BB1AB7C93428B
:1027000005D00124159B002B08BF002436E7B8F143
:10271000000F07D147B1F9B20EA80BF0C8FA444632
:10272000039FD7E64446EDE73C46EBE724A90AA819
:10273000FEF730FAA8B90024032E3FF423AF24A9F2
:102740000AA8FEF727FAD0B10AA8FEF701FA049BFF
:10275000C0B29B691B5C1A0711D50AA8FDF71EFCC5
:10276000EDE70AA8FEF7F4F9049BC0B29B691B5C75
:102770001907E0D50AA8FDF711FC0124DCE70136B2
:10278000002C7FF478AED9F8003043F00403C9F888
:1027900000304FE70024F1E603266CE6029C032696
:1027A000EEE70124EEE6EC69F8E656453FF401AFAA
:1027B0000AA8FEF7CDF9A35DC0B28342E3D10AA80F
:1027C000FDF7ECFB0136EAE6002CDCD0F1E6F9B2CD
:1027D00016E700BF740000242DE9F04391B006AC69
:1027E00084E80C00DDE91B380CAA8C469DF86810C3
:1027F0000A920AAF00220293CDE9038705460B92A5
:102800008DF8302008AE18AB19B393E803008DE8BB
:102810000300614694E80C003046FFF701FC96E89F
:102820000300DDF8289084E80300F8F707F91D9904
:10283000089033464246484612F046FA94E80300B0
:1028400085E8030038460BF01EF9284611B0BDE8B4
:10285000F08393E803008DE80300614694E80C00E0
:102860003046FFF7CBFDDAE72DE9F04F91B006AC2B
:10287000DDF874B09DF870A005460BF16C0084E89B
:102880000C00884605F040FB1E9BCDE902B30AAF61
:1028900004971AAB814693E803008DE803000CAA65
:1028A0000A9208AE00220B928DF83020414694E83F
:1028B0000C003046BAF1000F1DD0FFF7B1FB96E8CF
:1028C00003000B9E84E8030056B11F9831460BF0BD
:1028D0005EFA0A991F9B8A191B684846FDF767FB39
:1028E00094E8030085E8030038460BF0CCF828464E
:1028F00011B0BDE8F08FFFF781FDE0E7184B1A68D3
:10290000D1075CBF01221A60164B1A68D2075CBF60
:1029100001221A60144B1A68D0075CBF01221A60AA
:10292000124B1A68D1075CBF01221A60104B1A685B
:10293000D2075CBF01221A600E4B1A68D0075CBF39
:1029400001221A600C4B1A68D1075CBF01221A6081
:102950000A4B1A68D2075CBF01221A60704700BF99
:1029600064D2012460D201245CD2012458D2012413
:1029700054D2012450D201244CD2012448D2012443
:102980000BF081B811F031BBF8B54D680746681CF3
:102990000E4611F037FE0023044601462A46304613
:1029A0000BF0BAFA002363553C602846F8BDF8B531
:1029B0004D686FF060426B1C9342074634BF98002D
:1029C0004FF0FF300E4611F01DFE00230446014675
:1029D0002A46304611F014FD002344F825303C60AF
:1029E0002846F8BD13B5049CCDE9003413460A46C9
:1029F000C1684FF00000FBF7EBF802B010BD30B536
:102A00008BB00D460AA901E90C0079230693129BAD
:102A10000593119B0493109B03930EAA044692E81E
:102A2000030001AB83E80300099B00932046089B49
:102A3000AA684FF00001FBF7CFFA20460BB030BD7B
:102A400030B58BB00D460AA901E90C006D23069341
:102A5000129B0593119B0493109B03930EAA0446AB
:102A600092E8030001AB83E80300099B0093204632
:102A7000089BAA684FF00001FBF7AEFA20460BB0A6
:102A800030BD30B58BB00D460AA901E90C007723A3
:102A90000693129B0593119B0493109B03930EAA1C
:102AA000044692E8030001AB83E80300099B00930E
:102AB0002046089BAA684FF00001FBF78DFA2046DC
:102AC0000BB030BD30B58BB00D460AA901E90C0042
:102AD00064230693129B0593119B0493109B03930D
:102AE0000EAA044692E8030001AB83E80300099BA9
:102AF00000932046089BAA684FF00001FBF76CFA90
:102B000020460BB030BD30B58BB00D460AA901E9A7
:102B10000C0074230693129B0593119B0493109B46
:102B200003930EAA044692E8030001AB83E8030076
:102B3000099B00932046089BAA684FF00001FBF711
:102B40004BFA20460BB030BD81684FF00000FBF718
:102B50003DBAF0B591B00AAC84E80C0000230793AD
:102B60000D930EAB06930DAB0593199B04939DF843
:102B70006030039316AA0F46054692E8030001ABA6
:102B800083E803000B9B009308AE0A9BBA684FF0E2
:102B900000013046FBF7D4FA96E803000D9B84E869
:102BA00003005BB9DDE90E011B9BC3E9000194E85A
:102BB000030085E80300284611B0F0BD1A9A13609F
:102BC000F5E710B588B00DF1200C0CE90C000023DE
:102BD00004939DF8303003930B9B02939DF82830AB
:102BE0000193079B009313468A684FF00001044647
:102BF000FBF794FD204608B010BD0A4601694FF06E
:102C00000000FBF7DBB907B50092D1E900230169A9
:102C10004FF00000FBF766F903B05DF804FB13B555
:102C2000049CCDE9003413460A46C1684FF0000009
:102C3000FAF7D9FF02B010BD30B58BB00D460AA926
:102C400001E90C0079230693129B0593119B0493D1
:102C5000109B03930EAA044692E8030001AB83E89D
:102C60000300099B00932046089BAA684FF00001CF
:102C7000FBF70CFA20460BB030BD30B58BB00D46DB
:102C80000AA901E90C006D230693129B0593119B81
:102C90000493109B03930EAA044692E8030001AB31
:102CA00083E80300099B00932046089BAA684FF025
:102CB0000001FBF7EBF920460BB030BD30B58BB00F
:102CC0000D460AA901E90C0077230693129B059390
:102CD000119B0493109B03930EAA044692E80300F1
:102CE00001AB83E80300099B00932046089BAA6878
:102CF0004FF00001FBF7CAF920460BB030BD30B5EC
:102D00008BB00D460AA901E90C0064230693129BBF
:102D10000593119B0493109B03930EAA044692E81B
:102D2000030001AB83E80300099B00932046089B46
:102D3000AA684FF00001FBF7A9F920460BB030BD9F
:102D400030B58BB00D460AA901E90C007423069337
:102D5000129B0593119B0493109B03930EAA0446A8
:102D600092E8030001AB83E80300099B009320462F
:102D7000089BAA684FF00001FBF788F920460BB0CA
:102D800030BD81684FF00000FBF723B9F0B591B07A
:102D90000AAC84E80C00002307930D930EAB069356
:102DA0000DAB0593199B04939DF86030039316AA0D
:102DB0000F46054692E8030001AB83E803000B9B36
:102DC000009308AE0A9BBA684FF000013046FBF74B
:102DD00003FA96E803000D9B84E803005BB9DDE984
:102DE0000E011B9BC3E9000194E8030085E8030082
:102DF000284611B0F0BD1A9A1360F5E710B588B0F7
:102E00000DF1200C0CE90C00002304930C9B0393A0
:102E10000B9B02939DF828300193079B0093134668
:102E20008A684FF000010446FBF736FD204608B0E3
:102E300010BD0A4601694FF00000FBF7C3B807B5A3
:102E40000092D1E9002301694FF00000FBF75EF822
:102E500003B05DF804FB000000F1080373B50446FD
:102E600003600D4619B912B10E4804F068F99300D9
:102E700005EB82060C2B42F31D02019207D90022BA
:102E800001A9204611F090F8019B2060A360206802
:102E90003246294611F023F90199204611F078F8BD
:102EA00002B070BD5AE5060800F1080373B5044688
:102EB00003600D4619B912B10D4804F040F90F2A0C
:102EC00005EB0206019207D9002201A920460AF06B
:102ED000B9FD019B2060A3603246294620680AF0B4
:102EE0004BFE019B226863600021D15402B070BD8B
:102EF0005AE50608836973B504460D4603B1984741
:102F000004F108032360D5E900639A0006EB83050A
:102F10000C2A43F31D03019307D9002201A920467F
:102F200011F042F8019B2060A36020682A463146D8
:102F300011F0CFF80199204611F02AF8014BA36156
:102F400002B070BD85290408836973B504460D4637
:102F500003B1984704F108032360D5E900630F2B00
:102F600006EB0305019307D9002201A920460AF0C8
:102F700069FD019B2060A3602A46314620680AF063
:102F8000F6FD019B226863600021D154014BA361CF
:102F900002B070BD8129040810B5074B03600369B6
:102FA00000220446DA600C30FAF765FB2046F8F799
:102FB000ABFE204610BD00BF5C0F070810B50446ED
:102FC000FFF7EAFF204611F0ABFA204610BD0000E3
:102FD00010B5084B0360036900220446DA609A6169
:102FE0001A629A620C30FAF746FB2046F8F726FB85
:102FF000204610BD9C0F070810B50446FFF7E8FFF8
:10300000204611F08DFA204610BD000010B5084B87
:103010000360036900220446DA609A611A629A62C8
:103020000C30FAF728FB2046F8F722FB204610BDAB
:10303000D00F070810B50446FFF7E8FF204611F04F
:103040006FFA204610BD000010B5054B044640F84D
:10305000103BFAF710FB2046FCF7F4FD204610BDAC
:103060003410070810B50446FFF7EEFF204611F0B4
:1030700057FA204610BD000010B5074B03600369E6
:1030800000220446DA600C30FAF7F5FA2046F8F729
:10309000A3FE204610BD00BF5010070810B504461F
:1030A000FFF7EAFF204611F03BFA204610BD000072
:1030B00010B5084B0360036900220446DA601A6207
:1030C0009A621A630C30FAF7D6FA2046F8F77AFBC0
:1030D000204610BD9010070810B50446FFF7E8FF22
:1030E000204611F01DFA204610BD000010B5084B17
:1030F0000360036900220446DA601A629A621A6366
:103100000C30FAF7B8FA2046F8F776FB204610BDE7
:10311000C410070810B50446FFF7E8FF204611F079
:10312000FFF9204610BD000010B5054B044640F8DD
:10313000103BFAF7A0FA204601F09CF9204610BD9A
:103140002811070810B50446FFF7EEFF204611F0DE
:10315000E7F9204610BD0000084B10B5044640F8C2
:103160000C3BFAF788FA2046054B40F8083B11F073
:1031700005FE2046F7F73FFC204610BD800F0708EC
:10318000B408070810B50446FFF7E6FF204611F023
:10319000C7F9204610BD000010B5064B044640F8A4
:1031A000083BFAF768FA044B23602046F7F723FC44
:1031B000204610BD041007087809070810B504461A
:1031C000FFF7EAFF204611F0ABF9204610BD0000E2
:1031D00010B5064B044640F8083BFAF74CFA044B8E
:1031E00023602046F7F707FC204610BD1C10070897
:1031F0009009070810B50446FFF7EAFF204611F0D2
:103200008FF9204610BD0000084B10B5044640F869
:103210000C3BFAF730FA2046054B40F8083B11F01A
:10322000ADFD2046F7F7E7FB204610BD74100708F8
:10323000B413070810B50446FFF7E6FF204611F067
:103240006FF9204610BD000010B5064B044640F84B
:10325000083BFAF710FA044B23602046F7F7CBFB44
:10326000204610BDF81007087814070810B504466A
:10327000FFF7EAFF204611F053F9204610BD000089
:1032800010B5064B044640F8083BFAF7F4F9044B36
:1032900023602046F7F7AFFB204610BD101107084A
:1032A0009014070810B50446FFF7EAFF204611F016
:1032B00037F9204610BD000010B5064B044640F813
:1032C000083BFAF7D8F9044B23602046F7F793FB45
:1032D000204610BD44110708A809070810B5044688
:1032E000FFF7EAFF204611F01BF9204610BD000051
:1032F00010B5064B044640F8083BFAF7BCF9044BFE
:1033000023602046F7F777FB204610BD70110708B1
:10331000A814070810B50446FFF7EAFF204611F08D
:10332000FFF8204610BD000070B590B009AD0E4604
:1033300006A981E80C0004461799002328460F933C
:10334000FFF702FE9DF858300393159B02939DF8FA
:1033500050300193079B009304959FED070B069B4C
:10336000B2684FF000012046FBF7D8F92846FAF77B
:1033700056FB204610B070BD0000000000000000A9
:1033800070B590B009AD0E4606A981E80C00044660
:103390001799002328460F93FFF7ACFD169B039364
:1033A000159B02939DF850300193079B0093049561
:1033B0009FED070B069BB2684FF000012046FBF71C
:1033C0006BFA2846FAF72BFB204610B070BD00BF01
:1033D000000000000000000030B5084687B0144629
:1033E0000D46FCF7E2FF84F824002846FCF7E0FFD6
:1033F0000023A3606361E361012384F8643084F8EF
:10340000250029466846FCF7D6FF694604F1080006
:10341000FFF7BAFAE06068460AF035FB29466846CD
:10342000FCF7D0FF694604F11400FFF7ADFAA06184
:1034300068460AF028FB29466846FCF7CAFF694639
:1034400004F11C00FFF7A0FA206268460AF01BFB9B
:1034500007B030BD30B5084687B014460D4601F0C0
:103460007CFB6062284601F07BFB0023A360636164
:10347000E361012384F82431A0622946684601F003
:1034800072FB694604F10800FFF77EFAE0606846C7
:103490000AF0F9FA2946684601F06CFB694604F126
:1034A0001400FFF784FAA061684610F09EFD2946DB
:1034B000684601F066FB694604F11C00FFF777FAE5
:1034C0002062684610F091FD07B030BD10B4084688
:1034D00011461A46DDE9013401945DF8044BFDF70D
:1034E00031B810B4084611461A46DDE9013401949A
:1034F0005DF8044B01F0FEBB10B586B0144668467B
:103500001A46089BFDF725F869462046FFF71CFD83
:1035100068460AF0B8FA06B010BD10B586B0144679
:1035200068461A46089B01F0ECFB69462046FFF707
:10353000E1FC684610F059FD06B010BD30B50846F4
:1035400087B014460D46FCF701FF60742846FCF76F
:1035500000FFA0742846FCF71BFF0023A3606361F3
:10356000E3616362012384F84330E06229466846E0
:10357000FCF7F2FE694604F10800FFF705FAE06087
:1035800068460AF080FA29466846FCF7ECFE694670
:1035900004F11400FFF7F8F9A06168460AF073FA25
:1035A00029466846FCF7E6FE694604F11C00FFF771
:1035B000EBF9206268460AF066FA29466846FCF78D
:1035C000E0FE694604F12400FFF7DEF9A0626846D8
:1035D0000AF059FA2846FCF7DEFE20632846FCF77D
:1035E000DFFE606307B030BD30B5084687B01446D3
:1035F0000D46FCF77CFE60742846FCF77BFEA07449
:103600002846FCF796FE0023A3606361E3616362D2
:10361000012384F84330E06229466846FCF76DFEDA
:10362000694604F10800FFF7AFF9E06068460AF068
:103630002AFA29466846FCF767FE694604F1140039
:10364000FFF7A2F9A06168460AF01DFA294668460C
:10365000FCF761FE694604F11C00FFF795F9206252
:1036600068460AF010FA29466846FCF75BFE694690
:1036700004F12400FFF788F9A06268460AF003FA13
:103680002846FCF759FE20632846FCF75AFE606383
:1036900007B030BD30B5084687B014460D4601F07E
:1036A0002DFA6061284601F02CFAA061284601F04D
:1036B00047FA0023A360E3616362E362012384F8B5
:1036C0006C3060632946684601F01EFA694604F1D1
:1036D0000800FFF759F9E06068460AF0D4F9294676
:1036E000684601F018FA694604F11C00FFF75FF91B
:1036F0002062684610F079FC2946684601F012FA0B
:10370000694604F12400FFF752F9A062684610F000
:103710006CFC2946684601F00CFA694604F12C005D
:10372000FFF745F92063684610F05FFC284601F07A
:103730000AFAA063284601F00BFAE06307B030BD37
:1037400030B5084687B014460D4601F0A8F960610F
:10375000284601F0A7F9A061284601F0C2F900232C
:10376000A360E3616362E362012384F86C30606309
:103770002946684601F099F9694604F10800FFF707
:1037800003F9E06068460AF07EF92946684601F0D0
:1037900093F9694604F11C00FFF709F920626846B5
:1037A00010F023FC2946684601F08DF9694604F1C2
:1037B0002400FFF7FCF8A062684610F016FC2946CA
:1037C000684601F087F9694604F12C00FFF7EFF82D
:1037D0002063684610F009FC284601F085F9A063D3
:1037E000284601F086F9E06307B030BD10B586B019
:1037F0000C46684611461A46FFF756FB089A69467A
:103800002046FCF78DFE044668460AF03CF9204647
:1038100006B010BD10B586B00C46684611461A4673
:10382000FFF742FB089A6946204601F051FA044628
:1038300068460AF028F9204606B010BDF0B58FB0F2
:1038400002AC0E4615462046DDE916121F46FFF76C
:103850002BFB159B00933A46149B0194314608A814
:10386000FCF761FE08A92846FFF76EFB08A80AF0DE
:103870000AF920460AF007F90FB0F0BDF0B58FB095
:1038800002AC0E4615462046DDE916121F46FFF72C
:10389000E3FA159B00933A46149B0194314608A81D
:1038A00001F019FA08A92846FFF724FB08A810F030
:1038B0009CFB204610F099FB0FB0F0BD0846114666
:1038C000FCF73DBE0846114601F011BA0846FCF768
:1038D00087BD084601F05CB982B0F0B587B00546F7
:1038E0009DF850700D93742F16461398DDE9112141
:1038F0000FAC0DAB1ED00ED8642F2DD0CDE9031028
:10390000029294E803008DE8030031460CCB284670
:10391000FCF7BDFD1AE0772F2BD0CDE90310029202
:1039200094E803008DE8030031460CCB2846FCF7F1
:10393000CAFD0BE0CDE90310029294E803008DE884
:10394000030031460CCB2846FCF74DFD284607B056
:10395000BDE8F04002B07047CDE90310029294E850
:1039600003008DE8030031460CCB2846FCF757FDD9
:10397000ECE7CDE90310029294E803008DE8030020
:1039800031460CCB2846FCF766FDDFE782B0F0B588
:1039900087B005469DF850700D93742F1646139806
:1039A000DDE911210FAC0DAB1ED00ED8642F2DD048
:1039B000CDE90310029294E803008DE8030031463C
:1039C0000CCB284601F03BF91AE0772F2BD0CDE93C
:1039D0000310029294E803008DE8030031460CCBFB
:1039E000284601F048F90BE0CDE90310029294E873
:1039F00003008DE8030031460CCB284601F0CBF8DC
:103A0000284607B0BDE8F04002B07047CDE903108A
:103A1000029294E803008DE8030031460CCB28465F
:103A200001F0D5F8ECE7CDE90310029294E8030029
:103A30008DE8030031460CCB284601F0E4F8DFE7BF
:103A400082B02DE9F0438FB016461E9A17930546B3
:103A50009DF86C10DDE91C0819AB17AC9AB1CDE9E3
:103A60000482CDE9021093E803008DE8030031469B
:103A700094E80C002846FCF7CEFB28460FB0BDE8C2
:103A8000F04302B0704708AFCDE90487CDE90210DA
:103A900093E803008DE803000DF1280C0DF11809DF
:103AA000CDE908C28DF82820314694E80C0048463C
:103AB000FCF7D0FB99E80300D8F8003084E8030055
:103AC0001BB91F983946FFF73FFA94E8030085E8D1
:103AD0000300384609F0D7FFCFE782B02DE9F04365
:103AE0008FB016461E9A179305469DF86C10DDE9B7
:103AF0001C0819AB17AC9AB1CDE90482CDE90210CC
:103B000093E803008DE80300314694E80C00284652
:103B100000F05BFF28460FB0BDE8F04302B07047ED
:103B200008AFCDE90487CDE9021093E803008DE8E2
:103B300003000DF1280C0DF11809CDE908C20A9215
:103B4000314694E80C00484600F05EFF99E8030017
:103B5000D8F8003084E803001BB91F983946FFF7F6
:103B6000C9F994E8030085E80300384610F03DFAEF
:103B7000D0E70000F8B5B14A0C466FF00103B04938
:103B8000054610F0D1FC064610B104682046F8BD89
:103B9000AC4B9C422AD11420F6F781FE04466820E3
:103BA000F6F77DFEA84B0360A84B46600746C0E9C8
:103BB0000266C0E90566C0E907660674868480F877
:103BC00064602360A060314620466660F8F74EF8D6
:103BD0006B68E56001336B609D4B236027613A465B
:103BE00029464FF00000F9F77BFFCFE7994B9C4245
:103BF00010D11020F6F753FE974B03604660044641
:103C0000F6F71CFF6B68C4E9020501336B60934B48
:103C10002360BBE7924B9C420AD10C20F6F73FFE93
:103C20006B6801336B60C0E901658E4B0446EFE7BA
:103C30008D4B9C420AD10C20F6F731FE6B680133A4
:103C40006B60C0E90165894B0446E1E7884B9C4203
:103C50000AD10C20F6F723FE6B6801336B60C0E9D4
:103C60000165844B0446D3E7834B9C4230D114203A
:103C7000F6F715FE04464420F6F711FE7F4B068248
:103C8000C0E900367E4B86740746C0E90266C0E98B
:103C90000566C0E90766C0E90966C0E90B664663C8
:103CA00080F843602360A06032463146204666605B
:103CB000F7F73CFC6B68E56001336B60714B236088
:103CC00027613A4629464FF00000F9F7B7FF5DE754
:103CD0006D4B9C4230D11420F6F7E1FD04464420A0
:103CE000F6F7DDFD694B0682C0E90036684B867445
:103CF0000746C0E90266C0E90566C0E90766C0E993
:103D00000966C0E90B66466380F843602360A060E3
:103D10003246314620466660F7F74CFC6B68E5603A
:103D200001336B605B4B236027613A4629464FF0B5
:103D30000000F9F7D8FF29E7574B9C420CD114201B
:103D4000F6F7ADFD31460446FCF7DAFB6B682561FA
:103D500001336B60514B5BE7514B9C422CD11420DB
:103D6000F6F79DFD04464FF49470F6F798FD4D4B21
:103D7000036000214C4B41600646C0E90211C0E9D6
:103D80000511C0E90711C0E90911017480F8241177
:103D900061602360A0602046F7F7D0FF6B68E560A4
:103DA00001336B60414B23602661324629464FF058
:103DB0000000F9F7D2FEE9E63D4B9C4210D11020FD
:103DC000F6F76DFD002343603A4B03600446F6F7B7
:103DD00035FE6B6801336B60C4E90205364B17E7AB
:103DE000364B9C420BD10C20F6F759FD0023C0E95D
:103DF00001356B6801336B600446314B08E7314B8A
:103E00009C420BD10C20F6F74AFD0023C0E9013596
:103E10006B6801336B6004462B4BF9E62B4B9C42DD
:103E200058D10C20F6F73BFD0023C0E901356B6843
:103E300001336B600446264BEAE600BF8C0207089C
:103E4000ECF1060874D201241CFA0608D008070811
:103E50005C0F070868D20124B4080708800F070820
:103E600070D201244411070884D2012404100708E9
:103E700080D201241C10070878D20124DCF906083E
:103E8000F40807089C0F07087CD20124ECF9060807
:103E900028090708D00F07086CD20124341007083E
:103EA000B4D201242CFA0608D013070850100708D2
:103EB000A8D20124B413070874100708B0D2012453
:103EC00070110708C4D20124F8100708C0D20124D9
:103ED000101107083E4B9C4231D11420F6F7DFFC4D
:103EE00004467020F6F7DBFC3A4B036000223A4BA5
:103EF00042600646C0E90222C0E90522C0E9072265
:103F0000C0E90922C0E90B22C0E90D220274C26394
:103F100080F86C2062602360A06011462046F7F7AD
:103F2000C1FB6B68E56001336B602C4B236026613D
:103F3000324629464FF00000F9F72AFF26E6284BC3
:103F40009C4231D11420F6F7AAFC04467020F6F703
:103F5000A6FC244B03600022234B42600646C0E9C6
:103F60000222C0E90522C0E90722C0E90922C0E90E
:103F70000B22C0E90D220274C26380F86C206260DB
:103F80002360A06011462046F7F7D4FB6B68E5601C
:103F900001336B60154B23602661324629464FF092
:103FA0000000F9F74AFFF1E5114B9C420CD11420B7
:103FB000F6F775FC0021044600F07AFE6B68256177
:103FC00001336B600B4B23E60B4803F0B8F800BFDE
:103FD000B8D20124FCF90608F4130708901007086A
:103FE000BCD201240CFA060828140708C4100708DC
:103FF000ACD20124281107081EE406088B6910B50D
:10400000044613B9044803F09AF8D1E90012FEF708
:104010004BFF204610BD00BF4BE4060882B02DE9DF
:10402000F0478AB0044618999DF85480DDF85890FE
:104030009DF85CA01393154613AEB1B104AF38469A
:10404000FFF7DCFFCDE902A7CDE90089204696E81D
:104050000C002946FCF733F9384609F014FD2046D8
:104060000AB0BDE8F04702B07047CDE9019ACDF83B
:10407000008096E80C002946FCF70BF9EFE710B535
:104080008AB00446009300201346C968099003AA29
:10409000F9F7B4FD03A92046FFF7B0FF03A8F9F72D
:1040A000BEFC20460AB010BD2DE9F0479AB00AAE1A
:1040B00086E80C000DF14C080023CDE90638199371
:1040C0000C930CAB0593259B04939DF890300393C0
:1040D00022AA8C46074692E8030001AB279C83E89E
:1040E00003000B9B009308AD0A9BDCF808204FF0FF
:1040F00000012846FAF724F895E803000C9B86E8AF
:104100000300002B3DD141460DA8FFF777FF0DA816
:1041100009F091FCDDF838A00546F0B1BAF1000FC6
:1041200004D00D992068524609F0DEFC0E9B2268EF
:1041300063600021D1540D9A00230E930DA81370D3
:1041400009F0A1FC96E8030087E803004046F9F770
:1041500066FC38461AB0BDE8F087204609F06BFCD3
:1041600010B92568D4F808900D9AC4E9002A0F9A6E
:10417000A2601DB10D95CDF83C90DCE70FAB0D931F
:10418000D9E7269A1360DDE730B58DB00446119863
:1041900000250B9545680395006802901098CDE9BD
:1041A00000301346096905AA4FF00000F9F7C2FE76
:1041B00005A92046FFF722FF05A8F9F730FC2046A5
:1041C0000DB030BD8B6910B5044613B9044802F038
:1041D000B6FFD1E90012FEF73FFE204610BD00BF3A
:1041E0004BE4060882B02DE9F0478AB0DDE9169A63
:1041F00018999DF8548013930446154613AEB1B137
:1042000004AF3846FFF7DEFFCDE902A7CDE900890C
:10421000204696E80C00294600F02AFC38460FF0AC
:10422000E4FE20460AB0BDE8F04702B07047CDE991
:10423000019ACDF8008096E80C00294600F003FCB6
:10424000EFE710B58AB00446009300201346C96812
:10425000099003AAF9F7E2FC03A92046FFF7B2FF91
:1042600003A8F9F7DCFB20460AB010BD2DE9F047A2
:104270009AB00AAE86E80C000DF14C080023CDE997
:10428000063819930C930CAB0593259B04939DF86A
:104290009030039322AA8C46074692E8030001ABB4
:1042A000279D83E803000B9B009308AC0A9BDCF876
:1042B00008204FF000012046F9F78EFF94E8030034
:1042C0000C9B86E80300002B3CD141460DA8FFF76C
:1042D00079FF0DA80FF062FEDDF838A00446E8B1C2
:1042E000BAF1000F04D00D99286852460FF0AFFEC6
:1042F0000E9928460FF04CFE0D9A00230E930DA840
:1043000013600FF072FE96E8030087E80300404652
:10431000F9F785FB38461AB0BDE8F08728460FF05C
:104320003DFE10B92C68D5F808900D9AC5E9002A11
:104330000F9AAA601CB10D94CDF83C90DCE70FAB4E
:104340000D93D9E7269A1360DDE730B58DB00446AA
:10435000119800250B954568039500680290109808
:10436000CDE900301346096905AA4FF00000F9F7BE
:1043700002FE05A92046FFF725FF05A8F9F74FFB28
:1043800020460DB030BD83685869704783689869CE
:1043900070478368586B70478368986B82B002B02F
:1043A00070478368D86B82B002B0704783685869E1
:1043B00070478368986970478368586B7047836853
:1043C000986B82B002B070478368D86B82B002B03D
:1043D00070478368586A70478368986A70470020FE
:1043E00070470020704770470020914200D370470B
:1043F00051F8043B03EB7060F7E7000010B5034B86
:1044000003600446F6F7F7FA204610BD7814070853
:1044100010B50446FFF7F2FF204610F081F8204661
:1044200010BD000010B5034B03600446F6F7E3FA35
:10443000204610BD9014070810B50446FFF7F2FFA0
:10444000204610F06DF8204610BD000010B5034B5B
:1044500003600446F6F7CFFA204610BDA8140708FB
:1044600010B50446FFF7F2FF204610F059F8204639
:1044700010BD000010B5054B044640F8083B10F095
:104480007DFC2046F6F7B7FA204610BD5C140708FD
:1044900010B50446FFF7EEFF204610F041F8204625
:1044A00010BD000010B5054B044640F8083B10F065
:1044B00065FC2046F6F79FFA204610BDB4130708A6
:1044C00010B50446FFF7EEFF204610F029F820460D
:1044D00010BD73B5531A16460C2B4FEAA3020446BF
:1044E0000D46019206D9002201A90FF05DFD019B46
:1044F0002060A3602068324629460FF0F0FD019944
:1045000020460FF045FD02B070BDD0E902218A427D
:1045100002D204328260704703689B6A1847436E78
:104520000B60836E4B60C36E8B60036FCB60436F19
:104530000B61836F4B61C36F8B61D0F88030CB61AF
:10454000D0F884300B62D0F888304B62D0F88C30D1
:104550008B62D0F89030CB627047D0F894300B600B
:10456000D0F898304B60D0F89C308B60D0F8A030F9
:10457000CB60D0F8A4300B61D0F8A8304B61D0F8F4
:10458000AC308B61D0F8B030CB61D0F8B4300B6276
:10459000D0F8B8304B62D0F8BC308B62D0F8C03065
:1045A000CB62704738B500F10803054603600C463E
:1045B00011B9074802F0C3FD084613F080FD2146FB
:1045C00004EB80022846BDE83840FFF782BF00BFF9
:1045D0005AE5060810B58B680446D969FFF7E2FF73
:1045E000204610BD10B58B6804465969FFF7DAFF05
:1045F000204610BD10B58B680446D96AFFF7D2FF7C
:10460000204610BD10B58B680446596AFFF7CAFFF3
:10461000204610BD10B58B680446D969FFF7C2FF6C
:10462000204610BD10B58B680446D96AFFF7BAFF63
:10463000204610BD10B58B680446596AFFF7B2FFDB
:10464000204610BD10B58B680446D969FFF7AAFF54
:10465000204610BD00F1080373B5044603600D4603
:1046600011B90F4802F06BFD0846DBF799FE0F28E1
:1046700005EB0006019007D9002201A9204609F0A8
:10468000E1F9019B2060A36032462946206809F0C9
:1046900073FA019B226863600021D15402B070BD9F
:1046A0005AE5060810B58B6804469968FFF7D2FFF3
:1046B000204610BD10B58B6804469968FFF7CAFF05
:1046C000204610BD10B58B6804469968FFF7C2FFFD
:1046D000204610BD07B500920B46002241680FF03E
:1046E0007BFD03B05DF804FB08B54368C3F17F634D
:1046F00003F57F2303F6FF739A4202D9034802F0C1
:1047000021FDBDE808400FF057BE00BFD0E306080A
:104710002DE9F04107461648F6F710FA3B68D3F842
:104720000C8058F820500646F5B97020F6F7B7F817
:10473000104B45600446C0E90255C0E90555C0E983
:104740000755C0E90955C0E90B55C0E90D5503608F
:104750000574C56380F86C5039460AF0ABFC3868C4
:1047600032462146F6F7A4FA58F82600BDE8F08153
:10477000BCD201240CFA06084368994270B506467B
:10478000154604D90A460A480A4902F0E1FC6A1CA7
:1047900004D10368716000225A5470BD002DFCD012
:1047A0005A1AAA4228BF2A46BDE8704009F0E9B962
:1047B00066E40608C8E406082DE9F04107461648F5
:1047C000F6F7BCF93B68D3F80C8058F82050064641
:1047D000F5B97020F6F763F8104B45600446C0E960
:1047E0000255C0E90555C0E90755C0E90955C0E9BA
:1047F0000B55C0E90D5503600574C56380F86C5016
:1048000039460AF011FD386832462146F6F750FA6B
:1048100058F82600BDE8F081B8D20124FCF906085A
:1048200010B40468E46AA4465DF8044B604710B510
:1048300004460068FFF769FE4FF0FF33636010BD68
:104840000B4611461A460BB113F044BC184670478C
:1048500037B51D464368994204D90A4605480649BA
:1048600002F076FC1346009500220FF0B5FC03B071
:1048700030BD00BF66E406088CE506082DE9F04768
:104880001C4686B000F108031646036002AA002306
:10489000C0E90133CDE90023054622466846884633
:1048A0003146FFF716FEDDE9007307EB8309234B62
:1048B000A41B9C424FEA640694BFB0004FF0FF3047
:1048C0000FF0A0FE6FF0604A04463A463346214698
:1048D000404610F0A3FB8642024613D8461C14B192
:1048E00020460FF01FFE564534BFB0004FF0FF309A
:1048F0000FF088FE3A46014604463346404610F023
:104900008DFB024621462846FFF7EEFE384613F09F
:10491000D6FB07EB8000814505D0071D0021284606
:104920000FF040FCD1E714B120460FF0FBFD6846C4
:104930000FF05BFB284606B0BDE8F087FCFFFF3FA9
:104940002DE9F0438DB000251C46804602AB684639
:1049500000930195FFF7BDFD08AB149A214606A808
:10496000CDE90635FFF7B5FDDDE90097DDE906562F
:1049700009EB870705EB86062A464946404610F0B4
:1049800042FB044678B9484613F099FB09EB8009CD
:10499000284613F094FB4F4505EB80040DD1341BE2
:1049A00018BF4FF0FF3406A80FF01FFB68460FF04A
:1049B0001CFB20460DB0BDE8F083A64203D009F1F0
:1049C0000409251DD8E70124EDE7F0B589B006AE4E
:1049D00086E80C00139A0B680592129A0492119AB9
:1049E00003929DF8402002920EAA04460D4692E8DA
:1049F00003008DE8030020469F68294696E80C00D6
:104A0000B847204609B0F0BDF0B589B006AE86E8DB
:104A10000C00139A0B680592129A0492119A039251
:104A20009DF8402002920EAA04460D4692E803002B
:104A30008DE803002046DF68294696E80C00B84759
:104A4000204609B0F0BD70B586B004AC84E80C0017
:104A50000C9A02920B9A01920B689DF82820009202
:104A60009E6894E80C000546B047284606B070BD25
:104A700070B586B004AC84E80C000D9A03920C9AD1
:104A800002920B9A01920B689DF828200092DE6832
:104A900094E80C000546B047284606B070BD036890
:104AA0009B6818470368DB68184710B50B68044615
:104AB0001B699847204610BD10B50B6804465B691A
:104AC0009847204610BD10B50B6804469B6998476F
:104AD000204610BD10B50B680446DB699847204698
:104AE00010BD03681B6A184703685B6A82B002B096
:104AF000184703689B6A82B002B0184703689B6836
:104B000018470368DB68184710B50B6804461B6933
:104B10009847204610BD10B50B6804465B6998475E
:104B2000204610BD10B50B6804469B699847204687
:104B300010BD10B50B680446DB699847204610BDD0
:104B400003681B6A184703685B6A82B002B01847A3
:104B500003689B6A82B002B0184703689B681847D5
:104B60000368DB68184710B50B6804461B69984753
:104B7000204610BD10B50B6804465B699847204677
:104B800010BD10B50B6804469B699847204610BDC0
:104B900003689B681847F0B589B006AE86E80C003C
:104BA000129A0B680492119A0392109A02920EAA1A
:104BB00004460D4692E803008DE803002046DF68B6
:104BC000294696E80C00B847204609B0F0BDF0B57C
:104BD00089B006AE86E80C00129A0B680492119A0E
:104BE0000392109A02920EAA04460D4692E8030020
:104BF0008DE8030020461F69294696E80C00B84757
:104C0000204609B0F0BDF0B589B006AE86E80C00CC
:104C1000129A0B680492119A0392109A02920EAAA9
:104C200004460D4692E803008DE8030020465F69C4
:104C3000294696E80C00B847204609B0F0BDF0B50B
:104C400089B006AE86E80C00129A0B680492119A9D
:104C50000392109A02920EAA04460D4692E80300AF
:104C60008DE8030020469F69294696E80C00B84766
:104C7000204609B0F0BDF0B589B006AE86E80C005C
:104C8000129A0B680492119A0392109A02920EAA39
:104C900004460D4692E803008DE803002046DF69D4
:104CA000294696E80C00B847204609B0F0BD000040
:104CB000003910B5054B036018BF0121416004465F
:104CC000F5F7BCFEA060204610BD00BF5C140708CD
:104CD00003689B68184773B5079E01960D68069E8A
:104CE0000096ED680446A847204602B070BD0368F0
:104CF0001B69184710B40468A468A4465DF8044B07
:104D0000604738B50D680446ED68A847204638BDB1
:104D100003689B681847F7B56D4685E806009DF85F
:104D20000460089F0446194636B900983A4608F0D0
:104D30006AFE874218BF01268DF8046095E80300DB
:104D400084E80300204603B0F0BD00002DE9F04FD9
:104D500097B004A9DDF88080039008F16C04204628
:104D600081E80C00229F09F071FF05462046FFF7FD
:104D700023FD3E68036C32689A4204467B6842D049
:104D8000D0E909B9826B07922A682846576906EB71
:104D9000830332460421B847851BAD100295002DD0
:104DA00000F0BF800CAB002769000AA8CDE90B77A3
:104DB0000A930FF0DCF9626BA5EB020ABA452FDD0E
:104DC000E168BA42A8BF55460B9A002962D039461D
:104DD00000976B000AA80FF0FFF906EB8503CDE9F9
:104DE00000630A9FA169D4E9022338460AF043F818
:104DF0000B9BC01BB3EBA00F4FEAA0020BD25E4986
:104E00005E4802F0A5F9C26B0792D0E90BB9002BFE
:104E1000BAD00436B8E711460AA80FF0B9F8AA4686
:104E2000626B002A0CDD61690AA80FF0BBF9BAF1C8
:104E3000000F35DB626B06EB8A010AA8FFF754FC12
:104E4000D8F80C5005F0B003029315F400750B9BD5
:104E500018BF256A4B441D44002612AB690010A8F8
:104E60001093CDE911660FF082F9029BD8F8087013
:104E7000102B03D1BD422CBF002601264FF0000AA3
:104E800007AB13F80A30042B1CD8DFE803F06B6281
:104E900012565F00009533460AA80FF041FABEE7AC
:104EA000626CCAF100010AA8FFF714FC029A3146AD
:104EB000C3E7D8F80C309B0504D5D4E9071210A835
:104EC000FFF712FC0AF1010ABAF1040FD8D1B9F1C7
:104ED000010F06D909F1FF320BF1040110A8FFF709
:104EE00003FC11998F4209D9029B202BA7EB0101EA
:104EF0003BD1219A10A8FFF7EDFB394608AC109B77
:104F000000912046DDE90412FFF705FF94E8030055
:104F1000049010A88DF814100FF067F80AA80FF08D
:104F200064F8DDE904010023C8F80830039B83E836
:104F30000300184617B0BDE8F08FB9F1000FC1D0DB
:104F4000DBF8001010A80FF02DF9BBE7DDE90A121D
:104F5000B5E72EB1219A791B10A8FFF7BBFBB1E78B
:104F60002199EFE7002EADD0F4E70A46219B0021FE
:104F700010A8FFF76DFCC0E7C8E4060866E4060861
:104F80002DE9F04F97B004A9DDF88080039008F177
:104F90006C04204681E80C00229F09F057FE05466C
:104FA0002046FFF7B5FB3E68036C32689A42044620
:104FB0007B6842D0D0E909B9826B07922A682846FB
:104FC000576906EB830332460421B847851BAD10B1
:104FD0000295002D00F0BF800CAB002769000AA8E5
:104FE000CDE90B770A930FF0C2F8626BA5EB020ACA
:104FF000BA452FDDE168BA42A8BF55460B9A002991
:1050000062D0394600976B000AA80FF0E5F806EB6E
:105010008503CDE900630A9FA169D4E902233846DC
:1050200009F029FF0B9BC01BB3EBA00F4FEAA002B6
:105030000BD25E495E4802F08BF8C26B0792D0E952
:105040000BB9002BBAD00436B8E711460AA80EF007
:105050009FFFAA46626B002A0CDD61690AA80FF067
:10506000A1F8BAF1000F35DB626B06EB8A010AA8E2
:10507000FFF73AFBD8F80C5005F0B003029315F493
:1050800000750B9B18BF256A4B441D44002612ABCC
:10509000690010A81093CDE911660FF068F8029B23
:1050A000D8F80870102B03D1BD422CBF0026012672
:1050B0004FF0000A07AB13F80A30042B1CD8DFE8C6
:1050C00003F06B6212565F00009533460AA80FF09A
:1050D00027F9BEE7626CCAF100010AA8FFF7FAFAE5
:1050E000029A3146C3E7D8F80C309B0504D5D4E9C1
:1050F000071210A8FFF7F8FA0AF1010ABAF1040F33
:10510000D8D1B9F1010F06D909F1FF320BF1040131
:1051100010A8FFF7E9FA11998F4209D9029B202BB9
:10512000A7EB01013BD1219A10A8FFF7D3FA39462A
:1051300008AC109B00912046DDE90412FFF7EBFD5F
:1051400094E80300049010A88DF814100EF04DFFA1
:105150000AA80EF04AFFDDE904010023C8F8083070
:10516000039B83E80300184617B0BDE8F08FB9F140
:10517000000FC1D0DBF8001010A80FF013F8BBE748
:10518000DDE90A12B5E72EB1219A791B10A8FFF7C5
:10519000A1FAB1E72199EFE7002EADD0F4E70A4676
:1051A000219B002110A8FFF753FBC0E7C8E40608C5
:1051B00066E406082DE9F04F2DED028BB0EE408B32
:1051C00091B004AF07F1080484E80C007B6E97F8F7
:1051D00060B00546884607F1140003F16C01F5F74D
:1051E00015FC07F1140009F031FD90B08146F5F788
:1051F00025FC04AE4FF0000AB86131468DED028BFC
:10520000294BCDF800A0402207F11800FAF7A4FFBF
:105210003F28014616DD083121F00701ADEB010DF5
:10522000421C7A60F5F70AFC04AEB8618DED028B82
:10523000CDF800A031461C4B7A6807F11800FAF748
:105240008BFF014607F12003002207F11800BB6124
:1052500079600EF025FF7968BB69721848463146BF
:10526000FFF7DEFA07F118030293BB6E01937B6E22
:10527000009394E80C0041462846BBF1000F10D083
:10528000FFF764FD07F118000EF0AFFE07F1140000
:10529000F5F72EFC28463437BD46BDEC028BBDE841
:1052A000F08FFFF76DFEEDE7A3E50608F0B587B0D8
:1052B00004AC84E80C00DDE90D320F9E9DF83070DF
:1052C0000093CDE90126054694E80C0027B1FFF7CD
:1052D0003DFD284607B0F0BDFFF752FEF9E7036831
:1052E0001B6B184703681B6A184703689B691847BC
:1052F00003689B6A184710B50446D0E9003043B1F3
:10530000421C06D1184608F075FB431C04BF00235D
:10531000236010BD38B50D46FFF7EDFF0446284663
:10532000FFF7E9FF431C584204F10102584154427F
:105330005441011B4842484138BD08B5FFF7EAFF18
:1053400080F00100C0B208BD2DE9F74F0546DDE948
:1053500012076C466C3084E80C00DDF840A009F0C0
:1053600075FC4FF0000980464E464FF00A0B0CA921
:105370002046FFF7E2FF70B1119B9E420BD0204602
:10538000FFF7B9FF2A2201464046FFF7A8FF303851
:10539000C2B2092A10D9C6B10F9A914515DBD14581
:1053A00013DC0E9AC2F8009094E8030085E803002D
:1053B000284603B0BDE8F08F0BFB0909D145EADCB4
:1053C0002046FFF734FA0136D1E73B6843F0040387
:1053D0003B60E9E72DE9F04F8DB000AF07F1200603
:1053E000B861F86E6C3086E80C0009F02FFCBB6EDB
:1053F0006A46A2EBC3039D46DB087B61BB6E9B0044
:105400003B61BB6E0546E84607F15801304608EBA4
:105410008309FFF792FF044628B90026012C39D8EA
:1054200040F07A8160E13046FFF765FF04460146AF
:105430002846FFF757FF214606462846FFF755FF47
:105440004FF0000B82465C46BB6E9B45E5D07B6E01
:1054500053F82B3028461968FFF744FFB0420FD1AC
:10546000A300FB617B6E53F82B0012F028FEFB6952
:1054700049F8240048F803B001340BF1010BE3E7CD
:105480007B6E53F82B3028461968FFF72EFF5045E6
:10549000F3D1E5E7CB4609EB84005BF8043BFB6204
:1054A0005B461A46F96AD2F800C08C4507F12C0118
:1054B00028BF0A460433D2F800A0C7F82CA09842AF
:1054C000EFD1013607F12000FFF7B1F9B2452CD139
:1054D00007F1580107F12000FFF72FFF824600284F
:1054E0005ED14FF0000A002359F82320911B4A4255
:1054F0004A41524509BF04F1FF34013358F82420D2
:1055000048F8232004BF59F8242049F82320A34257
:10551000EAD3BAF1000F00F08580D9F800300121FC
:1055200007F12C0CA142FB6272D3FB6AB34240F23A
:10553000D68007F1580107F12000FFF7FEFE002892
:1055400000F0CD8007F12000FFF7D5FE0146284688
:10555000FFF7C8FEF86007F12000FFF7CCFE014618
:105560002846FFF7C2FEB300B860FB614FF0000AA7
:1055700054457FF653AF7B6E58F82A2053F822200B
:10558000FB697A60D1582846FFF7ACFEFB687A6861
:1055900098424FEA8A0B40F08F800AF1010AE7E750
:1055A00007F12000FFF7A7FE01462846FFF79AFE05
:1055B000F86007F12000FFF79EFE01462846FFF73E
:1055C00094FEB300FB61B8600023796E58F8232085
:1055D00051F8222059F82310B14203D801339C42DC
:1055E000F3D17EE73B60FB697A60D1582846FFF72C
:1055F00079FEFB6898423FF476AFFB697A682846EB
:10560000D158FFF772FEBB6898423B68E6D16AE763
:105610005A4601311068834298BF62460BF1040B71
:1056200013687FE7022C65D1BB6EDB0774D4D8F812
:105630000030B86EBA6EB3EB500F4FEA5201D8F893
:1056400004202DD20B44934266D1D7E90432D8F816
:10565000004053F832807B6E53F8243003EB860908
:10566000464560D207F1580107F12000FFF765FEBB
:10567000002851D059F8041B2846FFF733FE824614
:1056800007F12000FFF737FE01462846FFF72AFE04
:10569000824531D107F12000FFF7C9F80136DFE775
:1056A0005B1A934238D1D7E90421C8F80030D9F801
:1056B000043042F83130C8E7FB692846D158FFF77B
:1056C00014FEBB6898423FF468AF013C58F82420B0
:1056D00048F80B2059F8242049F80B2048E700230C
:1056E000012C19D1002BB0D107F12000FFF79FF852
:1056F0000136AAE70123F3E759F8041C2846FFF70F
:10570000F4FD824607F12000FFF7F5FD014628462B
:10571000FFF7EBFD8245BDD03B6F3A6F1B6843F04E
:105720000403136002E0F7D13B6E1C60D7E9080167
:10573000BB69343783E803001846BD46BDE8F08FE7
:105740002DE9F04F85B000AF8046F86CD7F844A043
:1057500007F108096C3089E80C0009F077FABB6C96
:1057600078606A46A2EBC3039D4607F138014846BC
:105770006C46FFF7E2FD002800F084804846FFF702
:10578000BAFDBA6C002603464FEA420B3546B345D4
:1057900037D8002D76D04846FFF749F8AB000733DD
:1057A00023F00703ADEB030DE946002654F826303D
:1057B0005AF8230012F083FC49F826000136B5425E
:1057C000F4D1012507F1380107F10800FFF7B5FD15
:1057D00048BB012E5AD1D9F80030AB425FD1BA6C28
:1057E00023689342A8BF9B1A3A6C136007F1100319
:1057F00013E90300143788E803004046BD46BDE8BE
:10580000F08F5AF826100968994204D144F82560AF
:1058100001350136BBE778683B60FFF766FD3B6802
:105820009842F6D1F2E707F10800FFF764FD002384
:1058300086464FEA850B19469E4207D88E42C8D04D
:1058400007F10800FEF7F3FF0135BBE759F8232005
:10585000AA424FEA830C09EB830002D801310133DD
:10586000EAE754F823205AF8222052F80B20724518
:10587000F5D0013E54F8262044F80C2059F8262093
:105880000260D9E700263546B1469BE7022E06D1D5
:10589000D9F80030AB42A2D0D9F804309DE73B6D77
:1058A0003A6D1B6843F004039FE700002DE9F04FB9
:1058B000ABB08B46369D0B9005F16C060EA93046B9
:1058C00081E80C00DDF8E0A03A9C09F0CDFA0990DF
:1058D000304609F0BBF98146399812F0F0FB0023FD
:1058E0000A90109334A90EA80893FFF726FDDDF85F
:1058F0004080002800F07A84089B0A9A934280F046
:105900007584B8F1000F00F08484379B379A1B68C8
:1059100043F00403136000F072BC0233B1680893D3
:1059200000224846FFF7DBFC00F092BC099B9B6815
:10593000DA6A12921A6B13925A6B14929A6B15923E
:10594000DA6B16921A6C17925A6C18929A6C19921A
:10595000DA6C1A921A6D1B925A6D1C929A6D1D92F6
:10596000DA6D1E921B6E1F9310ABCDE905530E230B
:10597000049312AB039311AB029334AB93E803008F
:105980008DE803000CAF0EAE96E80C005946384681
:10599000FFF720FD97E80300109B86E80300002B2B
:1059A0003CD1119A072392FBF3F3C3EBC303D21A42
:1059B000CAF81820237843F00203E0E0099B12AAFA
:1059C00098681146FEF7ABFD1EA9FEF7C6FD10ABA9
:1059D000CDE905531823CDE9032311AB029334AB72
:1059E00093E803008DE803000CAF0EAE96E80C00C0
:1059F00059463846FFF7EEFC97E80300109B86E80F
:105A000003005BB9119B0C2293FBF2F102FB1133F3
:105A1000CAF81030238843F481632380089B013344
:105A200060E7099B06949B689B6905930CAF10ABDC
:105A3000CDE90253CDF810A034AB93E803008DE814
:105A400003000EAE96E80C0059463846FFF72EFFCD
:105A500097E80300109B86E80300002BDED16378F3
:105A600043F0040377E110ABCDE906534FF0020891
:105A70006323CDE904380023039311AB029334ABC5
:105A800093E803008DE803000CAF0EAE96E80C001F
:105A900059463846FFF758FC97E80300109B86E804
:105AA0000300002BBAD1119B6360238843F49063F9
:105AB000B3E70EA8FFF71FFC082102464846FFF790
:105AC00027F910B10EA8FEF7B2FE10ABCDE90653D0
:105AD0004FF0020E1F23CDE9043E0123039311ABC7
:105AE000029334AB93E803008DE803000CAF0EAED5
:105AF00096E80C0059463846FFF726FC97E8030065
:105B0000109B86E80300002B88D1119BCAF80C304B
:105B1000238843F4826380E7B84A12AE3346A2F189
:105B200009014846FEF77CFE0CAFCDE905647EE72F
:105B300010ABCDE906534FF0020C1723CDE9043C1E
:105B40000023039311AB029334AB93E803008DE879
:105B500003000CAF0EAE96E80C0059463846FFF72E
:105B6000F3FB97E80300109A86E80300002A7FF40D
:105B700055AF119BCAF80830237862F300032370F5
:105B80004CE710ABCDE906530C270223CDE9047393
:105B90000123039311AB029334AB93E803008DE828
:105BA00003000DF130080EAE96E80C005946404651
:105BB000FFF7CAFB98E80300109B86E80300002B60
:105BC0007FF42CAF119B93FBF7F207FB1233CAF85B
:105BD0000830237843F00103D1E710ABCDE9065339
:105BE00003264FF4B773CDE904360123039311ABB9
:105BF000029334AB93E803008DE803000CAF0EAEC4
:105C000096E80C0059463846FFF79EFB97E80300DC
:105C1000109B86E80300002B7FF400AF119B013B33
:105C2000CAF81C30237843F00403A8E710ABCDE991
:105C3000065302200C23CDE904300123039311AB5A
:105C4000029334AB93E803008DE803000CAF0EAE73
:105C500096E80C0059463846FFF776FB97E80300B4
:105C6000109B86E80300002B7FF4D8AE119B013B0C
:105C7000CAF81030237843F0080380E710ABCDE971
:105C8000065302213B23CDE904310023039311ABDA
:105C9000029334AB93E803008DE803000CAF0EAE23
:105CA00096E80C0059463846FFF74EFB97E803008C
:105CB000109B86E80300002B7FF4B0AE119BCAF85E
:105CC0000430ABE634A90EA8FFF737FB00283FF4F9
:105CD000A5AE0EA8FFF70FFB082102464846FFF7C6
:105CE00017F800283FF49AAE0EA8FEF7A0FDE9E7EA
:105CF000099B9B681A6A129212685B6A1393002AC6
:105D00003FF48CAE1B68002B3FF488AE10ABCDE99E
:105D100005530223049312AB039311AB029334ABEC
:105D200093E803008DE803000CAF0EAE96E80C007C
:105D300059463846FFF74EFB97E80300109B86E86C
:105D40000300002B7FF46AAE119B002B3FF466AE7C
:105D5000637843F00103637060E6099B06949B68D7
:105D60009B6A0CAF059309E0254A12AE3346911F9A
:105D70004846FEF755FDCDE905640CAF10ABCDE903
:105D80000253CDF810A034AB93E803008DE8030074
:105D90000EAE5946384696E80C00FFF787FD97E8A7
:105DA000030086E8030039E610ABCDE90653022272
:105DB0003C23CDE904320023039311AB029334ABAF
:105DC00093E803008DE803000CAF0EAE96E80C00DC
:105DD00059463846FFF7B8FA97E80300109B86E863
:105DE0000300002B7FF41AAE119BCAF8003015E6B1
:105DF000044A12AE3346A2F10901B9E7B2E506083A
:105E0000B8E50608C1E5060810ABCDE906534FF02A
:105E100002083523CDE904380023039311AB029324
:105E200034AB93E803008DE803000CAF0EAE96E8A8
:105E30000C0059463846FFF787FA97E80300109B95
:105E400086E80300002B7FF4E9AD119B22681B0458
:105E500003F47C1322F47C1243F0200322F020028E
:105E600013432360DAE510ABCDE906534FF0010E82
:105E70000623CDE9043E0023039311AB029334AB18
:105E800093E803008DE803000CAF0EAE96E80C001B
:105E900059463846FFF758FA97E80300109B86E802
:105EA0000300002B7FF4BAAD119BCAF8183081E5CE
:105EB00010ABCDE906534FF0020C3523CDE9043C7D
:105EC0000023039311AB029334AB93E803008DE8F6
:105ED00003000CAF0EAE96E80C0059463846FFF7AB
:105EE00033FA97E80300109B86E80300002B7FF449
:105EF00095AD119B22681B0403F47C1322F47C12E1
:105F000043F0400322F04002AAE7099B06949B68F5
:105F10000CAF9B6826E7099B06949B680CAF1B6936
:105F200020E710ABCDE9065302266323CDE9043602
:105F30000023039311AB029334AB93E803008DE885
:105F400003000CAF0EAE96E80C0059463846FFF73A
:105F5000FBF997E80300109B86E80300002B7FF411
:105F60005DAD637823F0060343F00603637034A944
:105F70003046FFF7E2F900283BD03046FFF7BBF987
:105F80002A2201464846FFF7AAF9A0F130085FFA35
:105F900088F3092B2DD83046FEF749FC119B0A27C0
:105FA00007FB038334A930461193FFF7C6F9A0B16C
:105FB0003046FFF7A0F92A2201464846FFF78FF93D
:105FC000A0F130085FFA88F3092B06D83046FEF7B7
:105FD0002EFC119B07FB03831193119BA3F26C739F
:105FE0001193637823F002036370119BCAF8143095
:105FF00014E5119B442BDCBF64331193F5E710AB20
:10600000CDE90653042042F20F73CDE9043000239A
:10601000039311AB029334AB93E803008DE80300C4
:106020000CAF0EAE96E80C0059463846FFF78CF9D7
:1060300097E80300109B86E80300002B7FF4EEAC8A
:10604000119BA3F26C73CAF81430637823F0060333
:1060500006E50EA8FFF74FF9012102464846FEF774
:1060600057FE00287CD010ABCDE905530E230493D6
:10607000CF4B039312AB029334AB93E803008DE84C
:1060800003000CAE0EAB0CCB59463046FFF7A2F91D
:1060900096E803000EAB83E8030034A91846FFF727
:1060A0004CF900283FF4BAAC109B129A13437FF4CA
:1060B000B5AC0EA8FFF71FF92D2106464846FFF79D
:1060C00017F9B04236D110AF17230222CDE90432BE
:1060D000CDE906570023039312AB029334AB93E848
:1060E00003008DE803000CAE0DF1380898E80C00B1
:1060F00059463046FFF728F996E803003B2388E825
:1061000003000221CDE90431CDE9065700230393B2
:1061100012AB029334AB93E803008DE803005946B9
:10612000304698E80C00FFF70FF996E8030088E87E
:10613000030073E40EA8FFF7DEF82B21064648465D
:10614000FFF7D6F8B0427FF469ACBCE70EA8FFF7C2
:10615000D2F8252106464846FFF7CAF8B04241D09A
:10616000109B43F00403109358E4399B089A0821CC
:1061700053F822204846FEF7CBFDA8B134A90EA85B
:10618000FFF7DBF800283FF449AC0EA8FFF7B3F89F
:10619000082102464846FEF7BBFD00283FF43EAC0E
:1061A0000EA8FEF744FBE9E7399B4846D959FFF7AB
:1061B00099F806460EA8FFF79EF801464846FFF7F5
:1061C00091F886420ED0399B4846D959FFF78DF891
:1061D00006460EA8FFF78FF801464846FFF785F8F8
:1061E0008642BCE70EA8FEF722FB17E4B8F1000FC9
:1061F0007FF48BAB089B0A9A93427FF486AB0EAB7D
:1062000093E803000B9B83E8030018462BB0BDE81E
:10621000F08F089B089A08999F00399B484603EB2A
:10622000820653F821104246FFF759F825289CD1E1
:10623000716842464846FFF752F84528089BCDF85A
:1062400044803FF46AAB4F283FF467AB01330893B7
:106250002538542884D801A353F820F04D61040850
:1062600061610408616104086161040861610408F6
:1062700061610408616104086161040861610408E6
:1062800061610408616104086161040861610408D6
:1062900061610408616104086161040861610408C6
:1062A00061610408616104086161040861610408B6
:1062B00061610408616104086161040861610408A6
:1062C0006161040861610408616104082D590408D2
:1062D000BD590408675A0408195B04086161040881
:1062E0006161040861610408315B0408835B040890
:1062F0006161040861610408616104087D5C04084F
:106300006161040861610408616104086161040855
:10631000695D0408A95D0408F15D0408095E0408CC
:1063200061610408B15E0408175F0408FF5F040898
:106330005360040861610408616104086161040834
:106340006161040861610408616104082D59040851
:10635000BD590408235A0408B35A0408B35A040860
:106360006161040861610408BD59040861610408A1
:10637000DB5B040861610408616104082D5C0408AA
:10638000C55C040861610408F15C040861610408EB
:106390005B5D040861610408C55C04086161040870
:1063A00061610408675E04080B5F0408235F04084A
:1063B000780000242DE9F04F8FB0DDE91AB70AAC60
:1063C0004FF0000A06460BF16C0084E80C0088468A
:1063D000CDF834A008F03AFC0DABCDE906B30222AB
:1063E0006323CDE904320CAB0293CDF80CA018ABBB
:1063F000814693E803008DE8030008AD94E80C00A3
:1064000041462846FEF7A0FF95E803000D9B84E86F
:106410000300002B51D118A92046FEF78EFF00285B
:1064200046D02046FEF767FF2A2201464846FEF77F
:1064300056FFA0F13005EBB2092B39D82046FEF704
:10644000F6F90C9B4FF00A0808FB035518A92046E3
:106450000C95FEF772FF98B12046FEF74CFF2A22FA
:1064600001464846FEF73BFFA0F13005EBB2092B91
:1064700006D82046FEF7DBF90C9B08FB03550C956C
:106480000C9BA3F26C730C931C9B0C9A5A6118A979
:106490002046FEF73FFF18B13B6843F002033B6024
:1064A00094E8030086E8030030460FB0BDE8F08FA3
:1064B0000C9B442BE8DC6433E5E73B6843F00403C2
:1064C0003B60E4E72DE9F0439DB0DDE926960AAC98
:1064D000054609F16C0084E80C00884608F0C4FC0D
:1064E00083689A6C0E92DA6C0F921A6D10925A6D44
:1064F00011929A6D1292DA6D13921A6E1492DA6AF0
:1065000015921A6B16925A6B17929A6B1892DA6B55
:1065100019921A6C5B6C1B9300230D930DABCDE9A4
:10652000059307231A9204930EAB03930CAB0293CB
:1065300024AB93E803008DE8030008AF94E80C0057
:1065400041463846FFF7FCF897E803000D9B84E8C6
:1065500003009BB9289B0C9A9A6124A92046FEF758
:10656000D9FE18B1336843F00203336094E80300A6
:1065700085E8030028461DB0BDE8F083336843F08A
:1065800004033360E9E72DE9F043A7B0DDE9309675
:106590000AAC054609F16C0084E80C00884608F056
:1065A00063FC0EAA80681146FDF7D7FF1AA9FDF714
:1065B000B6FF00230D930DABCDE905930C23CDE978
:1065C00003230CAB02932EAB93E803008DE803008A
:1065D00008AF94E80C0041463846FFF7B1F897E859
:1065E00003000D9B84E803009BB9329B0C9A1A614F
:1065F0002EA92046FEF78EFE18B1336843F0020341
:10660000336094E8030085E80300284627B0BDE81E
:10661000F083336843F004033360E9E72DE9F04F7A
:1066200091B0DDE91CB70AAC05460BF16C0084E8BB
:106630000C00DDF878A0894608F016FC83681A691A
:10664000CDF808B00DAECDE90526CDE9037A0023DB
:10665000CDE90D330F931AAB93E803008DE80300E7
:106660000DF1200894E80C0049464046FFF71EF95A
:1066700098E8030084E80300514630460EF0D2FD4E
:106680001AA92046FEF746FE18B13B6843F0020304
:106690003B6094E8030085E80300284611B0BDE89C
:1066A000F08F2DE9F04F91B0DDE91CB70AAC05463B
:1066B0000BF16C0084E80C00DDF878A0894608F046
:1066C000D3FB83689A68CDF808B00DAECDE90526F6
:1066D000CDE9037A0023CDE90D330F931AAB93E88C
:1066E00003008DE803000DF1200894E80C004946F2
:1066F0004046FFF7DBF898E8030084E803005146C2
:1067000030460EF08FFD1AA92046FEF703FE18B1A1
:106710003B6843F002033B6094E8030085E8030014
:10672000284611B0BDE8F08F2DE9F04F95B0DDE9B6
:1067300020B605460AAC0BF16C004FF0000884E867
:106740000C0089469DF88CA09DF8907008F07EFAA8
:10675000C6F800802521FEF7CBFD1090002F34D124
:10676000CDE911A70023CDE90D330F9310AB0593AD
:10677000229BCDF808B0CDE903630DAF06971EABA1
:1067800093E803008DE803000DF1200894E80C0065
:1067900049464046FFF78AF898E8030084E803007A
:1067A000229938460EF03EFD1EA92046FEF7B2FDA6
:1067B00018B1336843F00203336094E8030085E8BE
:1067C0000300284615B0BDE8F08FCDE9117ACDF869
:1067D0004C80C7E72DE9F04F9BB00AA981E80C0077
:1067E000DDE9263903F16C040690204608F02EFA04
:1067F00004902046FDF7E0FF00F140030793836A11
:1068000005461BB1036B003B18BF0123029310AB7D
:106810000E9300230F938DF840302B7C1BB1202169
:106820000EA807F029FA002616AB202114A814930D
:1068300015968DF8586007F01FFA05F14403089388
:10684000EB6B0D93B04637460396B24601960DABFF
:106850009B5D042B62D8DFE813F07B01530130000D
:10686000F4000500DFF840B324A90AA8FEF765FD8F
:1068700003460446002800F02E810AA80993FEF77B
:106880003AFD0A21024605900898FDF7D9FF059ABE
:10689000099B002800F00E81079BC41AA410DBF8A6
:1068A000003014A8195D07F002FA7C1C039F0AA8A7
:1068B000FDF7BDFF03972746D6E7269BDB689A05C1
:1068C0001FD4BAF1010F1CD8DEB1012E0BD1029BEF
:1068D000BBB99DF83430032B13D09DF83630012B13
:1068E0000FD00226B3E7022E40F046819DF83730E4
:1068F000042B06D0029A002A00F03981032B40F0C5
:1069000038812B6A05934FF0000B24A90AA8FEF7E3
:1069100014FD059B044618B99B4511D1012419E0CB
:106920009B4517D00AA8FEF7E6FCEA6952F82B202F
:10693000824205D10AA8FDF77AFF0BF1010BE4E7CB
:10694000BBF1000F40F01181269BDC6884F40074D9
:10695000C4F340240136042E40F0FD80BAF1010F4B
:1069600040F21D81002C00F0F980019B002B00F00B
:106970000581EC6A012624A90AA8FEF7DEFC00289E
:1069800040F0FE80B24540F0E980159B012B11D903
:106990000022302114A807F08FFB024650B1431C9F
:1069A00008BF159A4FF0000108BF02F1FF3214A88A
:1069B000FDF7E2FE019B3BB114990B78302B03D01D
:1069C0002D2214A807F0E8F90F9BA3B1B8F1000F2E
:1069D00000F0E8809DF80C100EA807F068F9D5E9E2
:1069E00002010EAA0EF066FD28B9D9F8003043F076
:1069F0000403C9F80030B8F1000F03D06B6B9F425D
:106A000040F0AC80289814A907F0A2FA0AAC24A997
:106A10002046FEF77FFC28B1D9F8003043F002038E
:106A2000C9F8003094E80300069B83E8030014A82B
:106A300007F029F80EA807F026F806981BB0BDE865
:106A4000F08FAB6AABB92B6B3BB324A90AA8FEF756
:106A500074FC044608B30AA8FEF74DFCEB6A1B68F9
:106A600083421AD10AA8D5F830A0FDF7E0FE0194C0
:106A700070E724A90AA8FEF760FC04460028E2D0CB
:106A80000AA8FEF738FC6B6A1B688342DBD10AA8B0
:106A9000D5F828A0FDF7CBFE5CE7AB6A1BB9029BDB
:106AA00083F0010456E72B6B002BF8D101230193EF
:106AB0001C464FE76969914208D1B8F1000F05D132
:106AC0006A6B002A08DD98460446F0E62B7C1BB171
:106AD000AB69934205D00124159B002B08BF00240D
:106AE00038E7B8F1000F07D147B1F9B20EA807F0A7
:106AF000DEF84446039FDAE64446EDE73C46EBE722
:106B000024A90AA8FEF719FCA8B90024032E3FF413
:106B100025AF24A90AA8FEF710FCD8B10AA8FEF7F1
:106B2000EAFB082102460498FEF7F2F890B10AA8A1
:106B3000FDF77DFEEDE70AA8FEF7DDFB0821024622
:106B40000498FEF7E5F80028DFD00AA8FDF76FFEED
:106B50000124DBE70136002C7FF479AED9F8003050
:106B600043F00403C9F8003050E70024F2E603269E
:106B70006DE6029C0326EEE70124EFE66C6AF9E677
:106B8000B2453FF402AF0AA8FEF7B5FB54F8263031
:106B90008342E3D10AA8FDF74AFE0136EBE6002C5A
:106BA000DCD0F2E6F9B217E7740000242DE9F04FCB
:106BB0009BB00AA981E80C00DDE9263903F16C04D9
:106BC0000690204608F042F804902046FDF7A0FD0C
:106BD00000F140030793836A05461BB1036B003B3A
:106BE00018BF0123029310AB0E9300230F938DF86F
:106BF00040302B7C1BB120210EA807F03DF8002669
:106C000016AB202114A8149315968DF8586007F040
:106C100033F805F144030893EB6B0D93B046374608
:106C20000396B24601960DAB9B5D042B62D8DFE85C
:106C300013F07B0153013000F4000500DFF840B38E
:106C400024A90AA8FEF779FB03460446002800F0B1
:106C50002E810AA80993FEF74EFB0A2102460590F1
:106C60000898FDF7EDFD059A099B002800F00E81BC
:106C7000079BC41AA410DBF8003014A8195D07F0B4
:106C800016F87C1C039F0AA8FDF7D1FD0397274641
:106C9000D6E7269BDB689A051FD4BAF1010F1CD8F2
:106CA000DEB1012E0BD1029BBBB99DF83430032B12
:106CB00013D09DF83630012B0FD00226B3E7022EF9
:106CC00040F046819DF83730042B06D0029A002A06
:106CD00000F03981032B40F038812B6A05934FF087
:106CE000000B24A90AA8FEF728FB059B044618B947
:106CF0009B4511D1012419E09B4517D00AA8FEF746
:106D0000FAFAEA6952F82B20824205D10AA8FDF767
:106D10008EFD0BF1010BE4E7BBF1000F40F0118198
:106D2000269BDC6884F40074C4F340240136042EEE
:106D300040F0FD80BAF1010F40F21D81002C00F0FF
:106D4000F980019B002B00F00581EC6A012624A943
:106D50000AA8FEF7F2FA002840F0FE80B24540F0A3
:106D6000E980159B012B11D90022302114A807F0CE
:106D7000A3F9024650B1431C08BF159A4FF0000119
:106D800008BF02F1FF3214A8FDF7F6FC019B3BB1EE
:106D900014990B78302B03D02D2214A806F0FCFF99
:106DA0000F9BA3B1B8F1000F00F0E8809DF80C1024
:106DB0000EA806F07CFFD5E902010EAA0EF07AFBC0
:106DC00028B9D9F8003043F00403C9F80030B8F10D
:106DD000000F03D06B6B9F4240F0AC80289814A941
:106DE00007F0B6F80AAC24A92046FEF793FA28B1BA
:106DF000D9F8003043F00203C9F8003094E80300EA
:106E0000069B83E8030014A806F03DFE0EA806F0DA
:106E10003AFE06981BB0BDE8F08FAB6AABB92B6B9E
:106E20003BB324A90AA8FEF788FA044608B30AA8C7
:106E3000FEF761FAEB6A1B6883421AD10AA8D5F8FB
:106E400030A0FDF7F4FC019470E724A90AA8FEF72E
:106E500074FA04460028E2D00AA8FEF74CFA6B6ADE
:106E60001B688342DBD10AA8D5F828A0FDF7DFFC18
:106E70005CE7AB6A1BB9029B83F0010456E72B6BFE
:106E8000002BF8D1012301931C464FE76969914219
:106E900008D1B8F1000F05D16A6B002A08DD9846C9
:106EA0000446F0E62B7C1BB1AB69934205D001246C
:106EB000159B002B08BF002438E7B8F1000F07D15D
:106EC00047B1F9B20EA806F0F2FE4446039FDAE697
:106ED0004446EDE73C46EBE724A90AA8FEF72DFA65
:106EE000A8B90024032E3FF425AF24A90AA8FEF771
:106EF00024FAD8B10AA8FEF7FEF908210246049840
:106F0000FDF706FF90B10AA8FDF791FCEDE70AA88E
:106F1000FEF7F1F9082102460498FDF7F9FE002872
:106F2000DFD00AA8FDF783FC0124DBE70136002C43
:106F30007FF479AED9F8003043F00403C9F800308B
:106F400050E70024F2E603266DE6029C0326EEE7F6
:106F50000124EFE66C6AF9E6B2453FF402AF0AA8F5
:106F6000FEF7C9F954F826308342E3D10AA8FDF7A9
:106F70005EFC0136EBE6002CDCD0F2E6F9B217E756
:106F8000740000242DE9F04391B006AC84E80C00B5
:106F9000DDE91B380CAA8C469DF868100A920AAFEE
:106FA00000220293CDE9038705460B928DF830202D
:106FB00008AE18AB19B393E803008DE803006146EF
:106FC00094E80C003046FFF705FC96E80300DDF876
:106FD000289084E80300F3F731FD1D9908903346AB
:106FE000424648460DF070FE94E8030085E8030031
:106FF000384606F048FD284611B0BDE8F08393E816
:1070000003008DE80300614694E80C003046FFF76A
:10701000CDFDDAE72DE9F04F91B006ACDDF874B0A4
:107020009DF870A005460BF16C0084E80C008846C2
:1070300007F00CFE1E9BCDE902B30AAF04971AAB12
:10704000814693E803008DE803000CAA0A9208AE7B
:1070500000220B928DF83020414694E80C00304617
:10706000BAF1000F1DD0FFF7B5FB96E803000B9EA9
:1070700084E8030056B11F9831460DF001F90A99D2
:107080001F9B8A191B684846FDF7CAFB94E803005A
:1070900085E80300384606F0F6FC284611B0BDE846
:1070A000F08FFFF783FDE0E7184B1A68D1075CBF4C
:1070B00001221A60164B1A68D2075CBF01221A60BF
:1070C000144B1A68D0075CBF01221A60124B1A6871
:1070D000D1075CBF01221A60104B1A68D2075CBF4F
:1070E00001221A600E4B1A68D0075CBF01221A6099
:1070F0000C4B1A68D1075CBF01221A600A4B1A6850
:10710000D2075CBF01221A60704700BFA4D20124DD
:10711000A0D201249CD2012498D2012494D201242B
:1071200090D201248CD2012488D2012408B50EF01B
:10713000B3FD08B50EF0B0FD08B50EF0ADFD08B515
:107140000EF0AAFD08B50EF0A7FD08B50EF0A4FDDF
:107150000FB408B50EF0A0FD08B50EF09DFD0000BF
:1071600010B5034B0360044600F08CF8204610BDB8
:107170000415070810B50446FFF7F2FF20460DF08E
:10718000CFF9204610BD000008B5836F0BB941F060
:10719000010103694161194202D002480EF0EAFB85
:1071A00008BD00BFC1E5060808B543691943FFF7EC
:1071B000EBFF08BD38B5044608460D4600F098FEC2
:1071C000E067284600F00AFCC4F88000284600F07A
:1071D000F9FBC4F8840038BD38B504460D460DF0FF
:1071E00042FF04F16C012046FFF7E4FF0023A5678E
:1071F000B5FA85F56D09A4F87430236723616561DC
:1072000038BD00000F4B10B500F1240103600023CE
:10721000C0E90133C0E90333C0E90533C0E90733EE
:1072200004460A466430C2E9003308328242FAD189
:107230000823C4E9193104F16C00F4F75DF9204624
:1072400010BD00BF2815070870B5846905460E46B5
:1072500004B970BDD4E90132294630469847246804
:10726000F6E738B50446806910B90023A36138BD3C
:10727000C3685A1EC260002BF7D105680DF050F9A3
:107280002846F1E70C4B10B5002104460360FFF7D8
:10729000DBFF2046FFF7E5FFA06E04F124039842D0
:1072A00004D008B10DF03EF90023A36604F16C0090
:1072B000F3F71EFC204610BD2815070810B504463C
:1072C000FFF7E0FF20460DF02BF9204610BD00002F
:1072D00010B5064B036000234360054B044640F89D
:1072E000083FFFF7CFFF204610BD00BF601507081D
:1072F00004150708D0F800C0ACF10C0CDCF800C095
:107300006044E5E710B50446FFF7E2FF20460DF0C4
:1073100007F9204610BDD0F800C0ACF10C0CDCF829
:1073200000C06044EEE7000010B5044681B10B4B8D
:10733000036008221433A350002363608B0705D534
:107340002046074B40F8083FFFF79CFF204610BD42
:1073500010682060536850F80C2CECE760150708A3
:10736000041507080A460021FFF7DEBFF8B5002321
:1073700003700B6853F80C3C0B4416465A690546DB
:107380000C46002A32D1186F08B105F0A2FF23681D
:1073900053F80C3C56BB2344DA68D10426D59E6FC3
:1073A000304606F011FB236853F80C3C2344DF6F92
:1073B00027B9FFF7C1FE304606F00FFB421C04D090
:1073C000BA69C3B2D35C1907F5D4421C5342534186
:1073D0005B00226852F80C0C204442691A4307D023
:1073E00043F00401FFF7E0FE2846F8BD0023F0E774
:1073F00001232B70F8E78368587C70478368987C7A
:1074000070478368D86A70478368186B82B002B08F
:1074100070478368586B82B002B070478368587CAD
:1074200070478368987C70478368D86A7047836820
:10743000186B82B002B070478368586B82B002B09C
:107440007047836893F824007047836893F8250099
:10745000704700207047002070477047002091421D
:1074600000D3704711F8013B03EB7060F7E70000B1
:1074700010B5034B03600446F3F7BDFA204610BD78
:107480007019070810B5034B03600446F3F7B3FA0D
:10749000204610BDAC19070810B5034B0360044625
:1074A000F3F7A9FA204610BDAC1A070810B5034B34
:1074B00003600446F3F79FFA204610BDC41A07087C
:1074C00010B5034B03600446F3F795FA204610BD50
:1074D000DC19070810B5034B03600446F3F78BFA79
:1074E000204610BDDC1A070810B5034B03600446A4
:1074F000F3F781FA204610BDF01A070810B50446CC
:10750000FFF7B6FF20460DF00BF8204610BD10B572
:107510000446FFF7B7FF20460DF002F8204610BDE5
:1075200010B50446FFF7B8FF20460CF0F9FF2046DF
:1075300010BD10B50446FFF7B9FF20460CF0F0FF70
:10754000204610BD10B50446FFF7BAFF20460CF0E8
:10755000E7FF204610BD10B50446FFF7BBFF2046ED
:107560000CF0DEFF204610BD10B50446FFF7BCFF4F
:1075700020460CF0D5FF204610BD000010B5054B8D
:10758000044640F8083B0DF0F9FB2046F3F733FAC8
:10759000204610BD641A070810B50446FFF7EEFF39
:1075A00020460CF0BDFF204610BD000010B5054B75
:1075B000044640F8083B0DF0E1FB2046F3F71BFAC8
:1075C000204610BD3019070810B50446FFF7EEFF3E
:1075D00020460CF0A5FF204610BD000038B50D4B2D
:1075E000036005690446F3F733FA854203D015B109
:1075F00028460CF097FFA06810B103685B689847B5
:1076000004F10C000DF0BAFB2046F3F7F4F9204624
:1076100038BD00BFEC19070810B50446FFF7DEFFC0
:1076200020460CF07DFF204610BD000088422DE969
:10763000F04104460D4618D0A0B1A1EB0008404629
:107640000021F7F791FA00F10C070646214638466B
:107650002A46F7F7F5F941463046F7F779FA384602
:10766000BDE8F0810248FFF76AFD024FF7E700BF6F
:10767000F4E306082CD20124D0E902218A4202D286
:1076800001328260704703689B6A18470A2808D84D
:107690002F2918D93030C0B2814214D2A1F1300064
:1076A0007047A1F13003092BF8D9A1F16103052B33
:1076B00002D8A1F157007047A1F14103052B02D870
:1076C000A1F1370070474FF0FF30704710B5044606
:1076D0000068FFF7D1FF4FF0FF33636010BD70B556
:1076E000054616460C4649B10846D8F759FE2118FA
:1076F00032462046FFF79AFF286070BD4FF0FF31F9
:10770000F6E713B58B6801AAD9690446FFF7E7FFCE
:10771000204602B010BD13B58B6801AA5969044612
:10772000FFF7DDFF204602B010BD13B58B6801AA3C
:1077300099680446FFF7D3FF204602B010BD13B589
:107740008B6801AA596A0446FFF7C9FF204602B0B8
:1077500010BD13B58B6801AAD9690446FFF7BFFFB6
:10776000204602B010BD13B58B6801AA59690446C2
:10777000FFF7B5FF204602B010BD13B58B6801AA14
:1077800099680446FFF7ABFF204602B010BD13B561
:107790008B6801AA596A0446FFF7A1FF204602B090
:1077A00010BD13B58B6801AAD9690446FFF797FF8E
:1077B000204602B010BD13B58B6801AA5969044672
:1077C000FFF78DFF204602B010BD13B58B6801AAEC
:1077D00099680446FFF783FF204602B010BD50F8B9
:1077E0000C0C704710B5FFF7FAFF0C46A04211468B
:1077F000034603D202482246FFF7AAFC204610BDEA
:1078000066E406082DE9F041076815460446094A72
:1078100038460E46FFF7E6FF01463846FFF7DFFF22
:10782000821BAA4228BF2A4620460023BDE8F04119
:10783000F7F70ABAC8E4060807B5006801A90C38CA
:10784000F7F7DEF903B05DF804FB2DE9F0411F46C0
:10785000037F012B04460D46164607D1914213D0F3
:107860003846521ABDE8F04112F021BA0BB9F7F7C9
:1078700078FF2368D3F81CE032463B462946204671
:10788000F446BDE8F0416047BDE8F0810B46114683
:107890001A460BB1D8F734BD184670472DE9F743A7
:1078A00015461C46244B03606A4607468846284610
:1078B0002146FFF7BBFE06460190FFF790FF641BD1
:1078C000640006EB000920460CF09CFE054632469B
:1078D0002346294640460DF0B1FB844202460FD8AC
:1078E000441C15B128460CF01DFE20460CF08AFE03
:1078F000324601460546234640460DF09FFB0246B0
:1079000029463846F7F710FB3046D8F749FD304492
:10791000814505D0461C00213846F7F798FBD6E78D
:1079200015B128460CF0FEFD01A8FFF785FF38468B
:1079300003B0BDE8F08300BF2CD201242DE9F04351
:1079400085B080460846114603AA1C46FFF76EFE26
:107950000C990290814601AA2046FFF767FE054672
:1079600003904846FFF73BFF09EB00072846FFF767
:1079700036FF2E182A46494640460DF054FB044671
:1079800070B94846D8F70CFD81442846D8F708FD61
:107990004F4505EB00040DD1341B18BF4FF0FF34E9
:1079A00003A8FFF749FF02A8FFF746FF204605B0EE
:1079B000BDE8F083A64203D009F10109651CD9E7AF
:1079C0000124EDE710B504460348F3F7B7F8236840
:1079D0005B6853F8200010BD24D3012410B5044681
:1079E0000348F3F7ABF823685B6853F8200010BD39
:1079F00020D30124F0B589B006AE86E80C00139AB6
:107A00000B680592129A0492119A03929DF84020F5
:107A100002920EAA04460D4692E803008DE8030088
:107A200020469F68294696E80C00B847204609B0D2
:107A3000F0BDF0B589B006AE86E80C00139A0B686D
:107A40000592129A0492119A03929DF84020029294
:107A50000EAA04460D4692E803008DE80300204676
:107A6000DF68294696E80C00B847204609B0F0BD0B
:107A700070B586B004AC84E80C009DF8302002920A
:107A80000B9A01920B689DF8282000929E6894E85A
:107A90000C000546B047284606B070BD70B586B0EC
:107AA00004AC84E80C000D9A03929DF830200292F9
:107AB0000B9A01920B689DF828200092DE6894E8EA
:107AC0000C000546B047284606B070BD00390B4A89
:107AD000026018BF01210022C0E90222C0E905228C
:107AE000C0E90722C0E90922C0E90B2241600282F5
:107AF0008274426380F84320704700BFECF90608A7
:107B000000390B4A026018BF01210022C0E902229D
:107B1000C0E90522C0E90722C0E90922C0E90B2219
:107B2000416002828274426380F84320704700BF44
:107B3000DCF9060803689B6818470368DB68184788
:107B400010B50B6804461B699847204610BD10B558
:107B50000B6804465B699847204610BD10B50B685A
:107B600004469B699847204610BD10B50B68044633
:107B7000DB699847204610BD03681B6A18470368F5
:107B80005B6A82B002B0184703689B6A82B002B099
:107B9000184703689B6818470368DB68184710B5E7
:107BA0000B6804461B699847204610BD10B50B684A
:107BB00004465B699847204610BD10B50B68044623
:107BC0009B699847204610BD10B50B680446DB69D9
:107BD0009847204610BD03681B6A184703685B6A14
:107BE00082B002B0184703689B6A82B002B018479F
:107BF0000039084A026018BF01210022C0E90222B0
:107C0000C0E90522C0E9072241600274828480F83D
:107C1000642070471CFA060803689B6818470368CD
:107C2000DB68184710B50B6804461B699847204667
:107C300010BD10B50B6804465B699847204610BD1F
:107C400010B50B6804469B699847204610BD00009C
:107C5000003A084B18BF012210B5426003608160F2
:107C60000446F2F7F5FE0021206120460DF054FC99
:107C7000204610BDEC19070883689A680A60DB6823
:107C80004B60704783681A690A605B694B60704794
:107C900083689A690A60DB694B60704783681A6A77
:107CA0000A605B6A4B6070478368DA6A0A601A6B25
:107CB0004A605A6B8A609A6BCA60DA6B0A611A6C06
:107CC0004A615B6C8B61704783689A6C0A60DA6CFE
:107CD0004A601A6D8A605A6DCA609A6D0A61DA6DDF
:107CE0004A611B6E8B61704783685A6E0A609A6E98
:107CF0004A60DA6E8A601A6FCA605A6F0A619A6FB8
:107D00004A61DA6F8A61D3F88020CA61D3F884208F
:107D10000A62D3F888204A62D3F88C208A62D3F8AA
:107D20009030CB6270478368D3F894200A60D3F810
:107D300098204A60D3F89C208A60D3F8A020CA60BB
:107D4000D3F8A4200A61D3F8A8204A61D3F8AC2064
:107D50008A61D3F8B020CA61D3F8B4200A62D3F89C
:107D6000B8204A62D3F8BC208A62D3F8C030CB6214
:107D7000704703689B681847F0B589B006AE86E87F
:107D80000C00129A0B680492119A0392109A0292B4
:107D90000EAA04460D4692E803008DE80300204633
:107DA000DF68294696E80C00B847204609B0F0BDC8
:107DB000F0B589B006AE86E80C00129A0B68049202
:107DC000119A0392109A02920EAA04460D4692E866
:107DD00003008DE8030020461F69294696E80C0041
:107DE000B847204609B0F0BDF0B589B006AE86E8C8
:107DF0000C00129A0B680492119A0392109A029244
:107E00000EAA04460D4692E803008DE803002046C2
:107E10005F69294696E80C00B847204609B0F0BDD6
:107E2000F0B589B006AE86E80C00129A0B68049291
:107E3000119A0392109A02920EAA04460D4692E8F5
:107E400003008DE8030020469F69294696E80C0050
:107E5000B847204609B0F0BDF0B589B006AE86E857
:107E60000C00129A0B680492119A0392109A0292D3
:107E70000EAA04460D4692E803008DE80300204652
:107E8000DF69294696E80C00B847204609B0F0BDE6
:107E9000003910B5054B036018BF0121416004464D
:107EA000F2F7CCFDA060204610BD00BF641A0708A1
:107EB00003689B68184773B5079E01960D68069E78
:107EC0000096ED680446A847204602B070BD0368DE
:107ED0001B69184710B40468A468A4465DF8044BF5
:107EE000604738B50D680446ED68A847204638BDA0
:107EF00010B504460348F2F721FE23685B6853F887
:107F0000200010BD44D2012408B5FFF7F1FF08B9E5
:107F1000FFF712F908BD000010B504460348F2F758
:107F20000DFE23685B6853F8200010BD0CD30124BC
:107F300008B5FFF7F1FF08B9FFF7FEF808BD00002C
:107F40002DE9F043044685B008468846FFF7F0FF68
:107F50000146054601A8FFF765FE0198FFF73FFCC3
:107F6000E0600CF04FFB00230146E268064601A8E2
:107F7000F6F7A8FDE3682BB196F90030002BD4BFCB
:107F8000002301232374294602A8FFF752FE02981A
:107F9000FFF725FCA0610CF035FBA26900238146A8
:107FA000014602A8F6F78EFD294603A8FFF748FE12
:107FB0000398FFF714FC20620CF024FB226A0146B0
:107FC0000023074603A8F6F77DFD2846FFF724FEA9
:107FD00084F824002846FFF722FE84F82500404656
:107FE000FFF792FF124B196804F1260301F12402F6
:107FF0000546FFF72AFC0F4B1968284601F11A02C3
:1080000004F14A03FFF721FC012384F8643003A83C
:10801000A660C4F81490E761FFF70EFC02A8FFF712
:108020000BFC01A8FFF708FC05B0BDE8F08300BF1A
:108030006C000024700000242DE9F04105460F4833
:10804000F2F77CFD2B68DF6857F820800446B8F112
:10805000000F0FD16820F2F722FC41460646FFF7D9
:10806000C7FD29463046FFF76BFF28682246314698
:10807000F2F71EFE57F82400BDE8F0810CD301246E
:1080800010B504460348F2F759FD23685B6853F8BE
:10809000200010BD14D3012408B5FFF7F1FF08B983
:1080A000FFF74AF808BD000010B504460348F2F790
:1080B00045FD23685B6853F8200010BD10D30124F0
:1080C00008B5FFF7F1FF08B9FFF736F808BD000063
:1080D00010B504460948F2F731FD2368D3E90123BE
:1080E000984209D252F8200030B1BDE81040044A4D
:1080F000044900230CF018BA002010BD08D3012455
:1081000080160708ECF1060808B5FFF7E1FF08B98B
:10811000FFF712F808BD2DE9F043DDE907640025FB
:108120002F4603F1FF3E12F807C0A4EB0608E04516
:1081300002EB070309DC471EA64212D14044013D71
:1081400014D2934221D1BDE8F0834FFA8CF9B9F1F2
:10815000000FF0DDBE45A4EB0C048CBF01370135E8
:10816000E1E716F801CB07F801CFE5E701701E78CB
:10817000074604EB060C644502D101363044DEE7C5
:1081800014F801EB07F801EFF5E7017013F8015D52
:1081900006466719BC4202D101352844D1E714F8DC
:1081A00001CB06F801CFF5E7F7B5DDE9087408461D
:1081B0001946DDE90A36BFB1FD1A03EB050CCDE91E
:1081C000003C134602462046FFF7A5FF041B47B1BB
:1081D0003268521B02D0394611F069FD33685B1BCF
:1081E0001C44346003B0F0BD3568E6E773B5099C04
:1081F000DDE907500E46194623680344CDE9000324
:10820000134628463246FFF786FF401B206002B027
:1082100070BD2DE9F8431D46C368DDE9087603F01B
:10822000B003202B89461446A7EB06070ED126B1D2
:1082300032462946204611F03AFD002F51D03A46E9
:108240004946A019BDE8F8430FF0E8BE102B11D045
:108250004FF0000827B13A46494620460FF0DEFEAF
:10826000B6EB08023DD005EB0801E019BDE8F84384
:1082700011F01DBD6C30FFF747FE2D218046F7F74A
:10828000A9FF2B78834205D12B7804F8013B4FF0EE
:108290000108DFE72B214046F7F79CFF2B7883424C
:1082A000F2D030214046F7F795FF2B788342CFD1AB
:1082B000012ECDDD78214046F7F78CFF6B788342A5
:1082C00007D12B7823706B7863704FF0020802346B
:1082D000C0E758214046F7F77DFF6B788342B7D15E
:1082E000EFE7BDE8F88337B5089D18462B681446BC
:1082F000CDE90023DDE90623FFF78BFF2C6003B0F7
:1083000030BD70B59DF810407CB103460A26B1FB24
:10831000F6F506FB15141444247903F8014D0C46B8
:10832000092C2946F3D8C01A70BD03F04A04402C2A
:1083300009D1034601F007041444C908247903F85D
:10834000014DF7D1EFE713F4804F0CBF0424142440
:108350000346224401F00F040909145D03F8014D9E
:10836000F8D1E0E72DE9F04114469DF820201D46A4
:108370000746DDE90683AAB10646204629460A22B9
:108380000023D8F7DFFA4244137906F8013D22466C
:108390002B460A2A73F1000304460D46EDD2B81BA2
:1083A000BDE8F08103F04A02402A0ED1064604F0EF
:1083B00007034344E4081B7906F8013D44EA457489
:1083C000ED0854EA0503F2D1E9E713F4804F0CBF3E
:1083D000042314230646984404F00F03240918F8D4
:1083E000033006F8013D44EA05742D0954EA0503FB
:1083F000F2D1D4E738B504460868FFF7F0F92060F9
:108400000D460CF0FFF82268606001460023284604
:10841000F6F758FB204638BD2DE9F041044688B0F8
:1084200008468846FFF738FE0546014606A8FFF7CE
:108430008EFB06A902A8FFF7DDFF06A8FFF7FCF9EF
:10844000294606A8FFF78AFB06A904A8FFF7D2FF72
:1084500006A8FFF7F1F9294601A8FFF786FB01A955
:1084600006A8FFF7C7FF01A8FFF7E6F9294601A80C
:10847000FFF766FB0198FFF7B2F906460CF0C2F869
:10848000002307460146324601A8F6F71BFBC4E964
:1084900002762EB197F90060002ED4BF0026012687
:1084A00026742846FFF746FB60742846FFF745FB15
:1084B000039B6361029BA361059BE361049B2362B1
:1084C000079B6362069BA362A0742846FFF754FBD8
:1084D000E0622846FFF753FB20632846FFF754FB72
:1084E00060634046FFF710FD084B196804F138033C
:1084F00001F10B02FFF7A9F9012384F8433001A829
:10850000FFF79AF908B0BDE8F08100BF74000024BD
:108510002DE9F04105460F48F2F710FB2B68DF68A4
:1085200057F820800446B8F1000F0FD14420F2F72D
:10853000B6F941460646FFF7C9FA29463046FFF725
:108540006BFF286822463146F2F7B2FB57F8240049
:10855000BDE8F08114D3012438B504460868FFF75C
:108560003EF920600D460CF04DF82268606001462F
:1085700000232846F6F7A6FA204638BD2DE9F0413B
:10858000044688B008468846FFF79AFD054601462E
:1085900006A8FFF70BFB06A902A8FFF7DDFF06A858
:1085A000FFF74AF9294606A8FFF707FB06A904A822
:1085B000FFF7D2FF06A8FFF73FF9294601A8FFF70A
:1085C00003FB01A906A8FFF7C7FF01A8FFF734F9CD
:1085D000294601A8FFF7E3FA0198FFF700F90646DC
:1085E0000CF010F8002307460146324601A8F6F7C2
:1085F00069FAC4E902762EB197F90060002ED4BF63
:108600000026012626742846FFF7C3FA6074284620
:10861000FFF7C2FA039B6361029BA361059BE361C1
:10862000049B2362079B6362069BA362A074284697
:10863000FFF7D1FAE0622846FFF7D0FA2063284618
:10864000FFF7D1FA60634046FFF75EFC084B1968FC
:1086500004F1380301F10B02FFF7F7F8012384F866
:10866000433001A8FFF7E8F808B0BDE8F08100BF8B
:10867000740000242DE9F04105460F48F2F75EFA38
:108680002B68DF6857F820800446B8F1000F0FD13F
:108690004420F2F704F941460646FFF731FA29462D
:1086A0003046FFF76BFF286822463146F2F700FBA1
:1086B00057F82400BDE8F08110D301242DE9F04FD4
:1086C0008DB004AFC7E90110BE6CD7F8508007F138
:1086D000100106F16C0081E80C00FFF7ADFCF568B5
:1086E00005F04A0A00F1260386B0BAF1400F0446AD
:1086F000FB600DF1100B414668D0B8F1000F5DDD55
:10870000BAF1080918BF4FF00109CDF80090FA68D6
:108710002B460BF11400FFF7F4FD227CF861C0F149
:1087200014035B44B2B14000093020F00700ADEB08
:10873000000D0DF1120B07F11C0194F82520CDE975
:108740000231CDE9006B13467868D4E90212FFF7D5
:108750004DFD5B46FA69B9F1000F3DD0B8F1000F4D
:1087600037DB280506D594F8271003F8011C0132E1
:10877000FA61013BB268F969914211DAD11D21F029
:108780000701ADEB010D07F11C01CDE9013104AC8E
:108790000094334697F84C107868FFF7A4FD234601
:1087A0000022B260FA690092D7E90412B868F7F7BC
:1087B000D7FEB8682437BD46BDE8F08FBAF1080F80
:1087C00004D0C8F100014FF001099EE74FF0000905
:1087D0009BE794F82610C8E7A905CBD5B8F1000FA0
:1087E000C8D0BAF1400F02D194F82A10BDE7F96859
:1087F000C5F3803529440232897803F8011C94F8C6
:108800002A1003F8021CFA61023BB3E730B587B0C7
:1088100004AC84E80C000C9B02939DF82C3001936F
:108820000A9B009394E80C000546FFF747FF284693
:1088300007B030BD2DE9F04F8DB004AF07F1100542
:10884000D7F8489097F85060B86085E80C00D9F8E0
:108850000C2097F84C30FA6012F0010F07F1180461
:1088600016D1CDE90136CDF8009095E80C002046F0
:10887000FFF724FF94E803003861397595E8030099
:10888000BB68243783E803001846BD46BDE8F08F77
:1088900009F16C007B60FFF7CFFB7B687EB3D0E90A
:1088A00005A8D9F80860B0453BDAA6EB0806F21D2A
:1088B00022F00702ADEB020D0DF1100B1946324606
:1088C00058460FF0ABFB0023C9F80830FB6803F0F3
:1088D000B003202B16D1CDF8008095E80600534652
:1088E0002046F7F73DFE94E803005B463861397592
:1088F000009695E806002046F7F732FEBAE7D0E981
:1089000007A8CEE7009695E8060020465B46F7F7F5
:1089100027FE94E8030038613975CDF8008053468E
:10892000E7E70023C9F80830F7E72DE9F04F8BB0EF
:1089300004AFC7E900103D6C07F1080105F16C00B8
:1089400081E80C00FFF778FBEE6806F04A0986B074
:10895000B9F1400F044600F126080DF1100B60D06C
:10896000B9F1080A18BF4FF0010ACDF800A033464C
:108970004246B96C0BF11400FFF7C3FC227C78610E
:10898000C0F114035B44B2B14000093020F007008D
:10899000ADEB000D0DF1120B07F1140194F8252039
:1089A000CDE90231CDE9005B13463868D4E9021203
:1089B000FFF71CFC5B46BAF1000F0ED1B2050CD5D7
:1089C000BA6C52B1B9F1400F7A692DD194F82A10DE
:1089D00003F8011C01327A61013BAA68796991426E
:1089E00011DAD11D21F00701ADEB010D07F11401E2
:1089F000CDE9013104AC00942B4697F84410386857
:108A0000FFF771FC23460022AA607A690092D7E939
:108A100002127868F7F7A4FD78681C37BD46BDE8F8
:108A2000F08F4FF0000AA0E7C6F3803608EB06018E
:108A30000232897803F8011C94F82A1003F8021C0A
:108A40007A61023BC9E730B587B004AC84E80C001A
:108A50000C9B02939DF82C3001930A9B009394E8A1
:108A60000C000546FFF761FF284607B030BD2DE931
:108A7000F04188B004AC0E9ED6F80C8084E80C005F
:108A800028F4804323F04A0343F40273F360109BFD
:108A900002939DF83C30CDE9006306AF054694E8AB
:108AA0000C003846FFF741FF97E8030004908DF86B
:108AB000141094E8030085E803002846C6F80C80EB
:108AC00008B0BDE8F0812DE9F04F8DB004AFC7E9E3
:108AD000011007F1100181E80C00BB6C03F16C0080
:108AE000D7E91486FFF7A8FA00F12603FB60BB6CF8
:108AF000DD6805F04A0A8AB0BAF1400F04460DF16C
:108B0000100B424633466FD0B8F1010F76F10001E9
:108B100060DBBAF1080918BF4FF00109CDE901592E
:108B2000F96800910BF12800FFF71CFC227CF8612A
:108B3000C0F128035B44C2B14000093020F00700B7
:108B4000ADEB000D07F11C0194F82520CDE90231B1
:108B50000DF1120BCDF804B0BB6C0093786813468E
:108B6000D4E90212FFF742FB5B46FA69B9F1000F44
:108B700040D0002E3BDB280506D594F8271003F8DB
:108B8000011C0132FA61013BBA6CF96992689142A9
:108B900011DAD11D21F00701ADEB010D07F11C0128
:108BA000CDE9013104AC0094BB6C97F84C107868A7
:108BB000FFF799FB2346B96C00228A60FA6900929C
:108BC000D7E90412B868F7F7CBFCB8682437BD467C
:108BD000BDE8F08FBAF1080F06D0D8F1000266EBBD
:108BE00046034FF0010999E74FF0000996E794F822
:108BF0002610C4E7A905C7D558EA0606C4D0BAF1BD
:108C0000400F02D194F82A10B9E7F968C5F380350E
:108C100029440232897803F8011C94F82A1003F8D9
:108C2000021CFA61023BAFE730B587B004AC84E8C0
:108C30000C00DDE90C23CDE902239DF82C300193D3
:108C40000A9B009394E80C000546FFF73CFF28467A
:108C500007B030BD2DE9F04F8DB004AFC7E9021069
:108C6000BD6C07F1100181E80C003B6D7B6005F1E4
:108C70006C007B6D3B60FFF7DFF9EE6806F04A0998
:108C80008AB0B9F1400F044600F126080DF1100B2F
:108C900063D0B9F1080A18BF4FF0010ACDE9016AA3
:108CA000CDF80080D7E900320BF12800FFF75AFB1E
:108CB000227CF861C0F128035B44B2B14000093066
:108CC00020F00700ADEB000D0DF1120B07F11C01B8
:108CD00094F82520CDE90231CDE9005B1346B86850
:108CE000D4E90212FFF782FA5B46BAF1000F10D105
:108CF000B2050ED5D7E900120A430AD0B9F1400FE8
:108D0000FA692DD194F82A1003F8011C0132FA6196
:108D1000013BAA68F969914211DAD11D21F00701DE
:108D2000ADEB010D07F11C01CDE9013104AC00945C
:108D30002B4697F84C10B868FFF7D5FA2346002267
:108D4000AA60FA690092D7E90412F868F7F708FCFC
:108D5000F8682437BD46BDE8F08F4FF0000A9DE764
:108D6000C6F3803608EB06010232897803F8011C4D
:108D700094F82A1003F8021CFA61023BC9E730B5E7
:108D800087B004AC84E80C00DDE90C23CDE90223B4
:108D90009DF82C3001930A9B009394E80C00054643
:108DA000FFF758FF284607B030BD2DE9F04F2DEDF5
:108DB000028BB0EE408B91B004AF07F110093D6E0D
:108DC00089E80C0005F16C03C7E901101846FB6047
:108DD000FFF732F9D5F8048097F86820B8F1000F52
:108DE000064607F120012846B8BF4FF006080CF0F0
:108DF000A1F9EB6803F4827A8CB0BAF5827F04ACF7
:108E000000F0B480F1F71AFE07F12003F8612D227B
:108E10008DED028BCDF80080214607F11C00F7F79D
:108E20009BF9B861BB692C2B1BDD03F1010B0833E7
:108E300023F00703ADEB030DBAF5827F04AC00F01D
:108E4000A380F1F7FBFD07F12003F8615A468DED91
:108E5000028BCDF80080214607F11C00F7F77CF962
:108E6000B861F868FFF750F8BA69D31D23F007031B
:108E7000ADEB030D0DF1170A4FEADA082AF0070AE5
:108E8000224421465346FEF7E0FCD7F818B02E22C4
:108E900059462046FEF7FAFC30B1031B96F8242011
:108EA00003F838200AEB0300337C002B37D058B985
:108EB000BBF1020F08DD6278392A30D8A378303B45
:108EC000092B2CD82F2A2AD94FEA4B03073323F03A
:108ED0000703ADEB030D23782D2B0DF1100801D006
:108EE0002B2B5FD19AF8003088F800300BF1FF335C
:108EF000BB61012407F1180296F8253003920AEBB2
:108F00000402029208EB0402CDE90002D6E9021243
:108F10007868FFF749F9BB692344BB61C246AA6878
:108F2000BB69934211DAD31D23F00703ADEB030DA8
:108F300007F11803CDE901A304AC009497F864107D
:108F400078682B46FFF7CFF9A2460023AB60BB69D8
:108F50000093B86899E806005346F7F701FBB86834
:108F60003437BD46BDEC028BBDE8F08FF1F766FDEE
:108F700007F12003F8612D228DED008B214607F1CA
:108F80001C00F7F7E9F84CE7F1F758FD07F120036B
:108F9000F8615A468DED008B214607F11C00F7F76A
:108FA000DBF85DE70024A5E730B587B004AC84E8C2
:108FB0000C00002302939DF82C3001930A9B009330
:108FC00094E80C000546FFF7F0FE284607B030BDD8
:108FD0002DE9F04F2DED028BB0EE408B91B004AF38
:108FE00007F110093D6E89E80C0005F16C03C7E933
:108FF00001101846FB60FFF71FF8D5F8048097F8BA
:109000006820B8F1000F064607F120012846B8BFD6
:109010004FF006080CF08EF8EB6803F4827A8CB0FF
:10902000BAF5827F04AC00F0B480F1F707FD07F1D8
:109030002003F8612D228DED028BCDF800802146B2
:1090400007F11C00F7F788F8B861BB692C2B1BDD12
:1090500003F1010B083323F00703ADEB030DBAF561
:10906000827F04AC00F0A380F1F7E8FC07F1200355
:10907000F8615A468DED028BCDF80080214607F14C
:109080001C00F7F769F8B861F868FEF73DFFBA69A8
:10909000D31D23F00703ADEB030D0DF1170A4FEAC3
:1090A000DA082AF0070A224421465346FEF7CDFB90
:1090B000D7F818B02E2259462046FEF7E7FB30B10C
:1090C000031B96F8242003F838200AEB0300337CB6
:1090D000002B37D058B9BBF1020F08DD6278392A6E
:1090E00030D8A378303B092B2CD82F2A2AD94FEA25
:1090F0004B03073323F00703ADEB030D23782D2B30
:109100000DF1100801D02B2B5FD19AF8003088F8B0
:1091100000300BF1FF33BB61012407F1180296F810
:10912000253003920AEB0402029208EB0402CDE917
:109130000002D6E902127868FFF736F8BB692344CB
:10914000BB61C246AA68BB69934211DAD31D23F002
:109150000703ADEB030D07F11803CDE901A304AC40
:10916000009497F8641078682B46FFF7BCF8A24685
:109170000023AB60BB690093B86899E806005346CA
:10918000F7F7EEF9B8683437BD46BDEC028BBDE8A1
:10919000F08FF1F753FC07F12003F8612D228DEDDC
:1091A000008B214607F11C00F6F7D6FF4CE7F1F7DC
:1091B00045FC07F12003F8615A468DED008B2146EE
:1091C00007F11C00F6F7C8FF5DE70024A5E730B5FE
:1091D00087B004AC84E80C004C2302939DF82C303B
:1091E00001930A9B009394E80C000546FFF7F0FEFC
:1091F000284607B030BD00002DE9F04F8FB006A91A
:10920000189F059007F16C04204681E80C009DF83A
:109210006480FEF779FE05462046FFF72BFA1A9B7D
:1092200090F838201B6819789142044607D0026BE9
:109230000992D0F82090C26903921E460BE0426B5F
:10924000D0F828900992426A03921846FEF7C7FAAE
:109250000028F2D05E1C1846FEF7C1FAA969304416
:10926000334698421D4605D92A788A5C520703F195
:109270000103F6D4AD1BAA46002D00F0BD80794B4A
:109280000A9369000AA8F5F704FEE36AA5EB030B4D
:10929000BBF1000F29DD15EA230538BF5D46E36801
:1092A000002B5BD00A98FEF79AFA00210246009143
:1092B0006B000AA8F5F752FD0AA8F5F725FD73190A
:1092C000A17C0A98CDE90063D4E90223FEF723FFCD
:1092D00083460AA8F5F718FD0A994FF0FF32ABEB69
:1092E00001010AA8FEF78EFAAB46E36A002B0CDDFB
:1092F000617C0AA8F5F7ABFEBBF1000F34DBE26A34
:1093000006EB0B010AA8F5F70FFEFD680A9805F0B9
:10931000B0030493FEF763FA15F4007518BFA5694E
:10932000504B0B934844054469000BA8F5F7B1FD79
:10933000049BBE68102B21D1B5422CBF4FF0000B0F
:109340004FF0010B4FF0000A09AB13F80A30042B61
:109350001FD8DFE803F0756A165C65002A463146BF
:109360000AA8F5F73BFDBFE794F83920CBF10001DF
:109370000AA8F5F717FE52463146C3E74FF0000B37
:10938000E0E7FB689B0504D5D4E905120BA8F5F7C7
:10939000CBFD0AF1010ABAF1040FD5D1B9F1010FE1
:1093A00006D9039909F1FF3201310BA8F5F7BCFD8D
:1093B0000B9D2846FEF713FA86420AD9049B202B00
:1093C000A6EB000440D1424621460BA8F5F7EAFD82
:1093D00030460CACDDE906120B9B00902046F7F7F7
:1093E000BFF894E8030006900BA88DF81C10FEF758
:1093F00023FA0AA8FEF720FADDE906010023BB6084
:10940000059B83E8030018460FB0BDE8F08FB9F163
:10941000000FBED0039B19780BA8F5F718FEB8E72C
:109420000AA90BA8F5F754FDB3E7BBF1000F05D06F
:109430004246711B0BA8F5F7B5FDAAE74146EBE7DD
:10944000BBF1000FA5D0F3E7074A00212846FEF73D
:10945000C9F9CDF800800146234600220BA8F5F794
:109460007DFCB5E72CD201248CE506082DE9F04FF0
:109470008FB006A9189F059007F16C04204681E87B
:109480000C009DF86480FEF73FFD05462046FFF77F
:109490003FF81A9B90F838201B68197891420446CF
:1094A00007D0026B0992D0F82090C26903921E4641
:1094B0000BE0426BD0F828900992426A039218465A
:1094C000FEF78DF90028F2D05E1C1846FEF787F9EA
:1094D000A9693044334698421D4605D92A788A5CEA
:1094E000520703F10103F6D4AD1BAA46002D00F08C
:1094F000BD80794B0A9369000AA8F5F7CAFCE36AB4
:10950000A5EB030BBBF1000F29DD15EA230538BFDE
:109510005D46E368002B5BD00A98FEF760F90021F6
:10952000024600916B000AA8F5F718FC0AA8F5F7A7
:10953000EBFB7319A17C0A98CDE90063D4E90223FF
:10954000FEF7E9FD83460AA8F5F7DEFB0A994FF01E
:10955000FF32ABEB01010AA8FEF754F9AB46E36A10
:10956000002B0CDD617C0AA8F5F771FDBBF1000F43
:1095700034DBE26A06EB0B010AA8F5F7D5FCFD68BF
:109580000A9805F0B0030493FEF729F915F4007565
:1095900018BFA569504B0B934844054469000BA8BC
:1095A000F5F777FC049BBE68102B21D1B5422CBF88
:1095B0004FF0000B4FF0010B4FF0000A09AB13F80E
:1095C0000A30042B1FD8DFE803F0756A165C6500CB
:1095D0002A4631460AA8F5F701FCBFE794F839207E
:1095E000CBF100010AA8F5F7DDFC52463146C3E78E
:1095F0004FF0000BE0E7FB689B0504D5D4E90512AA
:109600000BA8F5F791FC0AF1010ABAF1040FD5D1C4
:10961000B9F1010F06D9039909F1FF3201310BA805
:10962000F5F782FC0B9D2846FEF7D9F886420AD949
:10963000049B202BA6EB000440D1424621460BA8F8
:10964000F5F7B0FC30460CACDDE906120B9B009040
:109650002046F6F785FF94E8030006900BA88DF8E6
:109660001C10FEF7E9F80AA8FEF7E6F8DDE90601A6
:109670000023BB60059B83E8030018460FB0BDE8DC
:10968000F08FB9F1000FBED0039B19780BA8F5F746
:10969000DEFCB8E70AA90BA8F5F71AFCB3E7BBF1A3
:1096A000000F05D04246711B0BA8F5F77BFCAAE71B
:1096B0004146EBE7BBF1000FA5D0F3E7074A0021D5
:1096C0002846FEF78FF8CDF8008001462346002299
:1096D0000BA8F5F743FBB5E72CD201248CE506086F
:1096E0002DE9F04F2DED028BB0EE408B8FB004AF23
:1096F00007F1100484E80C0097F85830BB60FB6D4C
:1097000097F860A00546884607F1200003F16C0138
:10971000F1F77CF907F12000FEF7F6FB90B0F86056
:10972000F1F78CF904AE4FF0000B7862314BCDF8B5
:1097300000B08DED028B4022314607F12400F6F790
:109740000BFD3F28814617DD00F1080323F00703D6
:10975000ADEB030D421C7A60F1F770F904AE78624C
:109760008DED028BCDF800B0224B7A68314607F1BF
:109770002400F6F7F1FC814607F11C02002148465F
:10978000F5F722FA06EB090B786207F12400F5F7EA
:10979000BBFA7B6AF8685A463146FEF756F8BB6852
:1097A000D3B107F12403CDE901A3FB6D009394E845
:1097B0000C0041462846FFF71FFD07F12400FEF785
:1097C0003BF807F12000F1F793F928462C37BD4606
:1097D000BDEC028BBDE8F08F07F12403CDE901A3B6
:1097E000FB6D009394E80C0041462846FFF73EFECF
:1097F000E3E700BFA3E50608F0B587B004AC84E852
:109800000C000F9E9DF838200D9B9DF83070009342
:10981000CDE90126054694E80C0027B1FFF7ECFCE2
:10982000284607B0F0BDFFF721FEF9E72DE9F04328
:10983000A7B004462E9E9DF8C4909DF8C8706C3663
:10984000304602AD85E80C00FEF75EFB80463046F0
:10985000FEF75AFC252106464046F6F7BBFC8DF87C
:109860001400CFB98DF815908DF81670309B0093C9
:1098700006A905AB802230460BF020FE06A8D6F7DD
:109880008FFD009095E80600204606ABF6F768FECF
:10989000204627B0BDE8F08300238DF815708DF8C1
:1098A00016908DF81730E1E72DE9F74F0546DDE911
:1098B00012076C466C3084E80C00DDF840A0FEF71F
:1098C00023FB4FF0000980464E464FF00A0B0CA9CF
:1098D0002046F7F75FF970B1119B9E420BD02046EE
:1098E000F7F736F92A22C1B24046F6F784FC303841
:1098F000C2B2092A10D9C6B10F9A914515DBD145DC
:1099000013DC0E9AC2F8009094E8030085E8030087
:10991000284603B0BDE8F08F0BFB0909D145EADC0E
:109920002046FDF7D3FE0136D1E73B6843F0040340
:109930003B60E9E72DE9F04F8DB000AF07F120065D
:10994000F861F86E6C3086E80C00FEF7DDFABB6E4D
:109950006A46A2EBC3039D46DB08BB61BB6E9B005E
:109960007B61BB6E0546E84607F15801304608EBBF
:109970008309F7F70FF9044628B90026012C39D8D6
:1099800040F0718157E13046F7F7E2F8C4B2214662
:109990002846F6F71CFC214606462846F6F714FC36
:1099A0004FF0000B82465C46BB6E9B45E5D07B6E5C
:1099B00053F82B3028461978F6F709FCB0420FD13E
:1099C000A3003B617B6E53F82B00D6F7E9FC3B69A3
:1099D00049F8240048F803B001340BF1010BE3E728
:1099E0007B6E53F82B3028461978F6F7EDFB50457F
:1099F000F3D1E5E7CB4609EB84005BF8043BFB625F
:109A00005B461A46F96AD2F800C08C4507F12C0172
:109A100028BF0A460433D2F800A0C7F82CA0984209
:109A2000EFD1013607F12000FDF750FEB2452BD1F2
:109A300007F1580107F12000F7F7ACF8824600283B
:109A40005AD14FF0000A002359F82320911B4A42B3
:109A50004A41524509BF04F1FF34013358F824202C
:109A600048F8232004BF59F8242049F823209C42B9
:109A7000EAD8BAF1000F7DD0D9F80030012107F102
:109A80002C0C8C42FB626BD8FB6AB34240F2CE8056
:109A900007F1580107F12000F7F77CF8002800F0E3
:109AA000C58007F12000F7F753F8C1B22846F6F752
:109AB0008EFB386107F12000F7F74AF8C1B228465B
:109AC000F6F782FB4FF0000AF86054457FF656AF78
:109AD0007B6E58F82A2053F82220BA60915D284600
:109AE000F6F775FB3B69BA6898424FEA8A0B40F07B
:109AF0008B800AF1010AE8E707F12000F7F728F860
:109B0000C1B22846F6F763FB386107F12000F7F78A
:109B10001FF8C1B22846F6F757FB0023F860796EAC
:109B200058F8232051F8222059F82310B14203D8C5
:109B300001339C42F3D184E7915D7B602846BA6093
:109B4000F6F745FB3B6998423FF47DAFBA6828467B
:109B5000915DF6F739FBFB6898427B68E8D172E7C4
:109B60005A4601311068834298BF62460BF1040BDC
:109B7000136886E7022C64D1BB6EDB0773D4D8F878
:109B80000030B86EBA6EB3EB500F4FEA5201D8F8FE
:109B900004202DD20B44934265D1D7E90532D8F881
:109BA000004053F832807B6E53F8243003EB0609F3
:109BB00046455FD207F1580107F12000F6F7EAFFAA
:109BC000002850D019F8011B2846F6F700FB824602
:109BD00007F12000F6F7BCFFC1B22846F6F7F7FA06
:109BE000824530D107F12000FDF770FD0136DFE737
:109BF0005B1A934237D1D7E90521C8F80030D9F86C
:109C0000043042F83130C8E7915D2846F6F7DCFAB7
:109C1000FB6898423FF46DAF013C58F8242048F8A7
:109C20000B2059F8242049F80B204EE70023012C83
:109C300019D1002BB1D107F12000FDF747FD013606
:109C4000ABE70123F3E719F8011C2846F6F7BCFA45
:109C5000824607F12000F6F77BFFC1B22846F6F7EF
:109C6000B3FA8245BED03B6F3A6F1B6843F00403E2
:109C7000136002E0F7D13B6E1C60D7E90801FB6975
:109C8000343783E803001846BD46BDE8F08F2DE960
:109C9000F04F87B000AF8146786DD7E913AB07F17D
:109CA00010066C3086E80C00FEF72EF96B46A3EB2D
:109CB000CB03F8609D4607F140013046E846F6F7D1
:109CC00069FF002800F088803046F6F741FF002544
:109CD000C3B24FEA4B022C46AA423CD8002C7BD0A0
:109CE0003046FDF7F3FCA200D31D23F00703ADEBD4
:109CF000030D6E464546331F424455F8041B5AF87F
:109D00002100C7E90223D6F74BFBBA68FB689542EE
:109D100043F8040FF1D1012507F1400107F11000CC
:109D2000F6F738FF58BB012C5AD13368AB425ED1ED
:109D3000D8F80030BA6C5B45A8BFA3EB0B031360E7
:109D400007F1180313E903001C3789E803004846AC
:109D5000BD46BDE8F08F5AF825100978994204D124
:109D600048F8245001340135B6E7F868C7E90132F4
:109D7000F6F72AFA7B68BA689842F4D1F0E707F15F
:109D80001000F6F7E5FE0023C0B219469C4207D842
:109D90008C42C8D007F11000FDF798FC0135BBE7F5
:109DA00056F82320AA424FEA830E06EB830C02D812
:109DB00001310133EAE758F823205AF82220525D96
:109DC0008242F6D0013C58F8242048F80E2056F87C
:109DD0002420CCF80020D9E70024254626469BE71E
:109DE000022C04D13368AB42A2D073689EE7BB6DEE
:109DF000BA6D1B6843F00403A1E700002DE9F04FA2
:109E0000ADB08946389D0B9005F16C060EA9304621
:109E100081E80C00DDF8E8A03C9CFEF775F908909D
:109E20003046FEF771F883463B98D6F7B9FA00261C
:109E30000A90109636A90EA8F6F7ACFEDDF8408021
:109E4000002800F061840A9B9E4280F05D84B8F196
:109E5000000F00F06D84399B399A1B6843F00403AE
:109E6000136000F059BC14AE31460898FDF71CFF92
:109E700008981BA9FDF728FF10ABCDE905530E2369
:109E8000CDE9036311AB029336AB93E803008DE891
:109E900003000CAF0EAE96E80C0049463846FFF7BB
:109EA00049FD97E80300109B86E80300002B3CD196
:109EB000119A072392FBF3F3C3EBC303D21ACAF838
:109EC0001820237843F00203DFE014AE31460898EF
:109ED000FDF70AFF089820A9FDF725FF10ABCDE993
:109EE00005531823CDE9036311AB029336AB93E816
:109EF00003008DE803000CAF0EAE96E80C00494657
:109F00003846FFF717FD97E80300109B86E803002B
:109F10005BB9119B0C2293FBF2F102FB1133CAF8DF
:109F20001030238843F481632380099E013681E742
:109F3000089812A9FDF7ACFE129B06940CAF05938E
:109F400010ABCDE90253CDF810A036AB93E8030077
:109F50008DE803000EAE96E80C0049463846FFF740
:109F60004DFF97E80300109B86E80300002BDCD12F
:109F7000637843F0040376E110ABCDE90653022683
:109F80006323CDE904360023039311AB029336AB70
:109F900093E803008DE803000CAF0EAE96E80C00CA
:109FA00049463846FFF780FC97E80300109B86E897
:109FB0000300002BB9D1119B6360238843F49063A5
:109FC000B2E73046F6F7C4FDDBF81830C0B21B5CD0
:109FD000180702D53046FDF779FB10ABCDE90653E3
:109FE00002211F23CDE904310123039311AB029316
:109FF00036AB93E803008DE803000CAF0EAE96E895
:10A000000C0049463846FFF74FFC97E80300109BC9
:10A0100086E80300002B88D1119BCAF80C302388F6
:10A0200043F4826380E7B94A14AE3346A2F10901D2
:10A030005846FDF70AFC0CAFCDE9056480E710AB8C
:10A04000CDE9065302221723CDE9043200230393FE
:10A0500011AB029336AB93E803008DE803000CAF1D
:10A060000EAE96E80C0049463846FFF71DFC97E80F
:10A070000300109A86E80300002A7FF456AF119B74
:10A08000CAF80830237862F3000323704DE710AB61
:10A09000CDE906530C270223CDE904730123039372
:10A0A00011AB029336AB93E803008DE803000DF18A
:10A0B00030080EAE96E80C0049464046FFF7F4FB28
:10A0C00098E80300109B86E80300002B7FF42DAF77
:10A0D000119B93FBF7F207FB1233CAF80830237881
:10A0E00043F00103D1E710ABCDE906534FF003086D
:10A0F0004FF4B773CDE904380123039311AB0293F6
:10A1000036AB93E803008DE803000CAF0EAE96E883
:10A110000C0049463846FFF7C7FB97E80300109B41
:10A1200086E80300002B7FF400AF119B013BCAF8C7
:10A130001C30237843F00403A7E710ABCDE90653A6
:10A140004FF0020E0C23CDE9043E0123039311AB23
:10A15000029336AB93E803008DE803000CAF0EAE1C
:10A1600096E80C0049463846FFF79EFB97E8030047
:10A17000109B86E80300002B7FF4D7AE119B013BB8
:10A18000CAF81030237843F008037EE710ABCDE91E
:10A1900006534FF0020C3B23CDE9043C002303930C
:10A1A00011AB029336AB93E803008DE803000CAFCC
:10A1B0000EAE96E80C0049463846FFF775FB97E867
:10A1C0000300109B86E80300002B7FF4AEAE119BCA
:10A1D000CAF80430A9E636A90EA8F6F7DBFC002879
:10A1E0003FF4A3AE0EA8F6F7B3FCDBF81830C0B20C
:10A1F0001B5C1E077FF599AE0EA8FDF767FAEAE72C
:10A2000014AE08983146FDF749FD149B1B78002BCE
:10A210003FF48BAE159B1B78002B3FF486AE10AB42
:10A22000CDE905530223CDE9036311AB029336ABAD
:10A2300093E803008DE803000CAF0EAE96E80C0027
:10A2400049463846FFF776FB97E80300109B86E8FF
:10A250000300002B7FF469AE119B002B3FF465AE29
:10A26000637843F0010363705FE6089B06949B6884
:10A270009B6A0CAF059309E0254A14AE3346911F43
:10A280005846FDF7E2FACDE905640CAF10ABCDE915
:10A290000253CDF810A036AB93E803008DE803001D
:10A2A0000EAE4946384696E80C00FFF7A7FD97E842
:10A2B000030086E8030038E610ABCDE90653022020
:10A2C0003C23CDE904300023039311AB029336AB5A
:10A2D00093E803008DE803000CAF0EAE96E80C0087
:10A2E00049463846FFF7E0FA97E80300109B86E8F6
:10A2F0000300002B7FF419AE119BCAF8003014E65E
:10A30000044A14AE3346A2F10901B9E7B2E50608E2
:10A31000B8E50608C1E5060810ABCDE906530221F1
:10A320003523CDE904310023039311AB029336ABFF
:10A3300093E803008DE803000CAF0EAE96E80C0026
:10A3400049463846FFF7B0FA97E80300109B86E8C5
:10A350000300002B7FF4E9AD119B22681B0403F47A
:10A360007C1322F47C1243F0200322F020021343DA
:10A370002360DAE510ABCDE9065301220623CDE9CF
:10A3800004320023039311AB029336AB93E803002E
:10A390008DE803000CAF0EAE96E80C004946384637
:10A3A000FFF782FA97E80300109B86E80300002B72
:10A3B0007FF4BBAD119BCAF8183082E510ABCDE934
:10A3C00006534FF002083523CDE9043800230393E8
:10A3D00011AB029336AB93E803008DE803000CAF9A
:10A3E0000EAE96E80C0049463846FFF75DFA97E84E
:10A3F0000300109B86E80300002B7FF496AD119BB1
:10A4000022681B0403F47C1322F47C1243F0400303
:10A4100022F04002ABE7089814A9FDF72DFC149B2D
:10A4200006940CAF26E7089814A9FDF72BFCF6E775
:10A4300010ABCDE906534FF0020E6323CDE9043E85
:10A440000023039311AB029336AB93E803008DE82E
:10A4500003000CAF0EAE96E80C0049463846FFF7F5
:10A4600023FA97E80300109B86E80300002B7FF493
:10A470005CAD637823F0060343F00603637036A9EE
:10A480003046F6F787FB00283BD03046F6F760FBF6
:10A490002A22C1B25846F5F7AEFEA0F130085FFAA5
:10A4A00088F3092B2DD83046FDF710F9119B0A27A8
:10A4B00007FB038336A930461193F6F76BFBA0B177
:10A4C0003046F6F745FB2A22C1B25846F5F793FE0F
:10A4D000A0F130085FFA88F3092B06D83046FDF763
:10A4E000F5F8119B07FB03831193119BA3F26C7387
:10A4F0001193637823F002036370119BCAF8143040
:10A5000013E5119B442BDCBF64331193F5E710ABCB
:10A51000CDE906534FF0040C42F20F73CDE9043C31
:10A520000023039311AB029336AB93E803008DE84D
:10A5300003000CAF0EAE96E80C0049463846FFF714
:10A54000B3F997E80300109B86E80300002B7FF423
:10A55000ECAC119BA3F26C73CAF81430637823F04F
:10A56000060306E53046F6F7F3FADBF81830C0B21A
:10A570001B5CDF0740F1838010ABCDE905530E2350
:10A5800004936A4B039314AB029336AB93E8030036
:10A590008DE803000CAF4946384696E80C00FFF7FB
:10A5A000C9F997E8030086E8030036A93046F6F7B4
:10A5B000F1FA00283FF4B9AC109B149A13437FF4CE
:10A5C000B4AC3046F6F7C4FA2D2107465846F5F7E5
:10A5D00001FEFFB2B84236D110AF17230221CDE9F8
:10A5E0000431CDE906570023039314AB029336AB35
:10A5F00093E803008DE803000CAE0DF1380898E8ED
:10A600000C0049463046FFF74FF996E803003B231C
:10A6100088E803000220CDE90430CDE90657002385
:10A62000039314AB029336AB93E803008DE8030069
:10A630004946304698E80C00FFF736F996E80300E3
:10A6400088E8030071E43046F6F782FA2B210646CB
:10A650005846F5F7BFFDF6B2B0427FF466ACBBE7F3
:10A660003046F6F775FA252107465846F5F7B2FD4C
:10A67000FFB2B84203D13046FDF728F855E4109BED
:10A6800043F00403109350E43B9B995DDBF81830D2
:10A690005B5C1A0714D536A90EA8F6F77BFA0028DA
:10A6A0003FF444AC0EA8F6F753FADBF81830C0B20A
:10A6B0001B5C1B077FF53AAC0EA8FDF707F8EAE72D
:10A6C0005846F5F784FD80460EA8F6F741FAC1B268
:10A6D0005846F5F77CFD804512D039785846F5F795
:10A6E00073FD07460EA8F6F733FAC1B25846F5F7E0
:10A6F0006BFD874204D0109B43F00403109315E4D4
:10A700000EA8FCF7E3FF11E4B8F1000F7FF4A3AB50
:10A710000A9B9E427FF49FAB0EAB93E803000B9B1A
:10A7200083E8030018462DB0BDE8F08FB000002488
:10A730003B9B4246995D58469F19F5F75CFD2528DD
:10A74000A2D1731C0993711C3B9B4246595C58462D
:10A75000F5F751FD4528CDF8448001D04F2808D1A8
:10A76000B31C099309993B9B0022595C5846F5F7A5
:10A7700042FD25380EAE542881D801A353F820F0AD
:10A7800061A604087FA604087FA604087FA6040823
:10A790007FA604087FA604087FA604087FA60408F5
:10A7A0007FA604087FA604087FA604087FA60408E5
:10A7B0007FA604087FA604087FA604087FA60408D5
:10A7C0007FA604087FA604087FA604087FA60408C5
:10A7D0007FA604087FA604087FA604087FA60408B5
:10A7E0007FA604087FA604087FA604087FA60408A5
:10A7F000679E0408CB9E0408799F040827A00408DC
:10A800007FA604087FA604087FA604083FA00408CA
:10A810008FA004087FA604087FA604087FA604086A
:10A820008DA104087FA604087FA604087FA604085B
:10A830007FA6040879A20408B9A2040801A30408A9
:10A8400019A304087FA60408BDA3040827A40408CC
:10A850000FA5040865A504087FA604087FA60408C0
:10A860007FA604087FA604087FA604087FA6040824
:10A87000679E0408CB9E0408319F0408C39F040808
:10A88000C39F04087FA604087FA60408CB9E040883
:10A890007FA60408E7A004087FA604087FA6040892
:10A8A0003BA10408D7A104087FA6040801A204085C
:10A8B0007FA604086BA204087FA60408D7A1040899
:10A8C0007FA604087FA6040875A3040817A404083B
:10A8D00031A404082DE9F04F89B004AF0290149818
:10A8E0006C3087E80C00FDF7A7FB12A90546384637
:10A8F000F6F73DF90446002840F0A6813846F6F701
:10A9000027F995F84B105FFA80F9494503D095F87F
:10A910004A304B4522D12B7C1BB195F825304B4555
:10A920001CD095F824304B4518D0494514BF2D2133
:10A930002B211698F4F78BFB0498FCF79DFE4FF043
:10A94000FF3312A938460593F6F724F9002800F0E2
:10A950007D813846F6F7FCF85FFA80F90026B046AC
:10A960004FF0FF3A2B7C1BB195F825304B4521D099
:10A9700095F824304B451DD095F84E304B4519D1F4
:10A980001EB916983021F4F762FB0498FCF774FEA8
:10A9900012A93846CDF814A0F6F7FCF808F1010822
:10A9A000064628B13846F6F7D3F85FFA80F9D9E7BA
:10A9B00001242646A84B07932B7C1BB1202107A816
:10A9C000F4F767FA95F864B0BBF1000F78D005F1A1
:10A9D0004E030193002C40F03281A2462B7C002BC9
:10A9E00000F0B38095F825304B4540F0AE80BAF1C9
:10A9F000000F40F08880002C40F08580B8F1000FF7
:10AA00007ED05FFA88F107A8F4F721FBA0460498EE
:10AA1000FCF732FE4FF0FF3312A938460593F6F7E4
:10AA2000B9F800286FD03846F6F792F833465FFA47
:10AA300080F91E46D2E795F824304B450BD1BAF188
:10AA4000000F08D13CB916982E21F4F700FBB3464D
:10AA50004FF0010A42E095F85C304B4503D095F881
:10AA600062304B454FD1002C4DD1002E4BD065218B
:10AA70001698F4F7ECFA0498FCF7FEFD4FF0FF335C
:10AA800012A938460593F6F785F88346002800F0AA
:10AA9000D9803846F6F75CF895F84B305FFA80F9C4
:10AAA0004B4509D095F84A304B4507D12D211698D2
:10AAB000F4F7CDFA5C4611E02B21F8E75C461DE087
:10AAC000002C40F0BC80A246A9F13003092BB2D87B
:10AAD00016984946F4F7BBFA4FF0010B0498FCF7BF
:10AAE000CBFD4FF0FF3312A938460593F6F752F825
:10AAF00048B13846F6F72CF85FFA80F95E46E3E78E
:10AB00001698F4F78BF80798FCF769FE88B1BAF14C
:10AB1000000F05D124B95FFA88F107A8F4F797FA76
:10AB2000D5E9020107AA0AF077FB10B9159B0422A8
:10AB30001A6097E80300029B83E8030007A8FCF76C
:10AB40007BFE029809B0BDE8F08F95F824304B45A4
:10AB500013D10798FCF743FEBAF1000FD3D1002CB4
:10AB6000D1D120B15FFA88F107A8F4F770FA1698EE
:10AB70002E21F4F76CFADA4649E701984A460A2191
:10AB8000FCF784FE58B1019BC01A00F13001C9B234
:10AB90001698F4F75CFA08F101085E4637E795F875
:10ABA0005C304B4503D095F862304B45ABD10798EC
:10ABB000FCF715FE002CA6D1002EA4D038B1BAF1B6
:10ABC000000F04D15FFA88F107A8F4F740FA652175
:10ABD0001698F4F73CFA0498FCF74EFD4FF0FF335B
:10ABE00012A938460593F5F7D5FF039050B33846C0
:10ABF000F5F7AEFF95F84B10039B5FFA80F94945D6
:10AC000003D095F84A00484517D12C7C1CB195F823
:10AC1000250048450FD095F8240048450DD01698DA
:10AC20000393494514BF2D212B21F4F710FA039B00
:10AC30001C461E46EBE62346FBE61C46F9E60024CE
:10AC4000A24660E734465EE74FF000094FF0000887
:10AC500046460124AEE600BF2CD201242DE9F04384
:10AC60008DB008AC179E0AAF84E80C0089461D4BD6
:10AC70000A93202105463846F4F70BF9CDE903671E
:10AC8000169B029314AB93E803008DE803000DF1CB
:10AC9000180894E80C0040464946FFF71BFE98E868
:10ACA0000300DDF8288084E80300EFF7C7FE189959
:10ACB0000B900BAB4046324609F080FF14A92046AA
:10ACC000F5F755FF18B1336843F00203336094E899
:10ACD000030085E803003846FCF7AEFD28460DB0BA
:10ACE000BDE8F0832CD201242DE9F0438DB008ACEF
:10ACF000179E0AAF84E80C0089461D4B0A93202159
:10AD000005463846F4F7C5F8CDE90367169B02936C
:10AD100014AB93E803008DE803000DF1180894E8E4
:10AD20000C0040464946FFF7D5FD98E80300DDF8E2
:10AD3000288084E80300EFF781FE18990B900BAB95
:10AD40004046324609F078FF14A92046F5F70FFF78
:10AD500018B1336843F00203336094E8030085E8D8
:10AD600003003846FCF768FD28460DB0BDE8F083C7
:10AD70002CD201242DE9F0438DB008AC179E0AAF08
:10AD800084E80C0089461D4B0A932021054638466D
:10AD9000F4F77FF8CDE90367169B029314AB93E8B1
:10ADA00003008DE803000DF1180894E80C004046FC
:10ADB0004946FFF78FFD98E80300DDF8288084E816
:10ADC0000300EFF73BFE18990B900BAB4046324661
:10ADD00009F07AFF14A92046F5F7C9FE18B13368C7
:10ADE00043F00203336094E8030085E8030038462B
:10ADF000FCF722FD28460DB0BDE8F0832CD20124DB
:10AE00002DE9F04F8BB006AE169C059004F16C0056
:10AE100086E80C00FDF710F9E46804F04A04402CC1
:10AE2000054654D0082C14BF4FF00A094FF0100902
:10AE300014A93046F5F79BFE0746002840F07581BF
:10AE40003046F5F785FE95F84A30C2B2934203D0FA
:10AE500095F84B1091423DD1991A4B424B410093CA
:10AE60002B7C1BB195F82530934216D095F82430F1
:10AE7000934212D006980192FCF7FEFB4FF0FF338D
:10AE800014A930460793F5F785FE019A002800F0D3
:10AE90004E813046F5F75CFEC2B24FF000084646E0
:10AEA0002B7C1BB195F82530934246D095F8243081
:10AEB000934242D095F84E30934216D1B8F1000F2C
:10AEC0000AD0B9F10A0F13D15CB926467EE04FF0E3
:10AED0000809ADE70097E0E7002C74D0B9F1080F3E
:10AEE00077D001364FF0010811E0B8F1000F23D000
:10AEF00095F84C30934203D095F84D3093426FD182
:10AF0000002C68D0B9F1100F6FD10026B04606981A
:10AF10000192FCF7B1FB4FF0FF3314A906A8079389
:10AF2000F5F738FE019A00285DD006A8F5F710FE67
:10AF3000C2B2B8F1000FB3D14746B9F1100F14BF38
:10AF40004B46162302937C4B09932B7C2BB120217B
:10AF500009A80192F3F79DFF019A009B95F864B050
:10AF600003F10043013B0193B3FBF9F30393BBF1FE
:10AF7000000F42D005F14E030493002F40F084806F
:10AF8000BA463C462B7C002B60D095F825109142A8
:10AF90005CD1002E7DD0F1B209A8F4F758F8002654
:10AFA0000698FCF769FB4FF0FF3314A906A8079336
:10AFB000F5F7F0FD0346002800F0948006A8F5F7A9
:10AFC000C7FDC2B2DEE726464FF001084FF0080980
:10AFD0009DE7464686E72646A0464FF0100996E7CD
:10AFE0004FF00108A9E70127A7E7CDF808904FF037
:10AFF0000108A8E74FF0010A18E0002F6ED1BA4609
:10B000003C464FF0FF3B02981146FCF73FFB431CC8
:10B010003CD0039BA342EDD3019B04FB09F41B1A14
:10B02000A34238BF4AF0010A013604440698FCF7EF
:10B0300023FB14A906A8CDF81CB0F5F7ABFD034619
:10B0400030B306A8F5F784FDC2B2DCE795F82430EA
:10B0500093421BD002990498FCF718FCB0B1049BF2
:10B06000C01A039B0F28C8BF0638A3420AD3019B0E
:10B0700004FB09F41B1AA34238BF4AF0010A013647
:10B0800004448DE7DA468BE70024A246002300E063
:10B0900001270998FCF7A3FB70B1F1B209A801934D
:10B0A000F3F7D5FFD5E9020109AA0AF0B5F8019B2B
:10B0B00010B9179904220A6036B9B8F1000F03D10C
:10B0C0000998FCF78CFB78B173B9BAF1000F24D161
:10B0D000009B03B16442189B1C600BE0DA465B46A0
:10B0E0005C46D6E75F46D4E70023189A1360179AA8
:10B0F000042313602FB1179B179A1B6843F00203B8
:10B100001360DDE90601059B83E8030009A8FCF74D
:10B1100093FB05980BB0BDE8F08F009B002B0CBF94
:10B120006FF000434FF00043DFE70022009200265B
:10B130000127B04601E700BF2CD2012470B588B0CA
:10B1400006AD85E80C00109B04930F9B03930E9BA8
:10B1500002930CAB04460E4693E803008DE803000F
:10B16000204695E80C003146FFF74AFE204608B01D
:10B1700070BD2DE9F04F91B00CAD0790DDE91C09D1
:10B1800085E80C00C368DDF878A0DB070E4639D4EB
:10B190004FF0FF330F930FABCDE9039302901AAB3F
:10B1A00093E803008DE803000AAC95E80C003146F3
:10B1B0002046FFF725FE94E803000F9B012B85E84E
:10B1C00003000CD803F001038AF8003095E803006F
:10B1D000079B83E80300184611B0BDE8F08F0123F8
:10B1E0008AF800300423C9F800301AA92846F5F778
:10B1F000BEFC0028EAD0D9F8003043F00203C9F8B9
:10B200000030E3E76C30FCF717FF066A8469B6FA92
:10B2100086F6B4FA84F44FF0010B8046760964098F
:10B2200000275A469EB194B100213AB3D8F82020A5
:10B23000BA4223D117B300228AF80020BBF1000FD5
:10B240005CD0D8F81830BB4258D10423D7E71AA9EC
:10B2500028460892F5F78BFC089A01460028E4D1AD
:10B2600009902846F5F774FCDDE90821C0B29EB9C3
:10B27000D8F81C20D25D824210D08CB1BBF1000FF7
:10B2800040D0D8F81830BB423CD1002F3AD001232F
:10B290008AF80030994032E0002AEED044B9012407
:10B2A000D8F81430DB5D834205D14FF0010B05E087
:10B2B000BBF1000F19D166BB6CB3B346284601370A
:10B2C000FCF704FA9CB1D8F82060BE428CBF00267F
:10B2D0000126BBF1000F0CD0D8F81810B9428CBF72
:10B2E0000021012122460C469CE75C46E6E7012648
:10B2F000EFE70121F6E74FF0000B97E74900C9F8A7
:10B30000001063E700238AF8003000299DD006234F
:10B3100075E7002CEFD18AF8004096E72DE9F04F51
:10B320008BB006AE169C059004F16C0086E80C000C
:10B33000FCF782FEE46804F04A04402C054654D031
:10B34000082C14BF4FF00A094FF0100914A9304619
:10B35000F5F70DFC0746002840F075813046F5F7FB
:10B36000F7FB95F84A30C2B2934203D095F84B10E0
:10B3700091423DD1991A4B424B4102932B7C1BB118
:10B3800095F82530934216D095F82430934212D088
:10B3900006980192FCF770F94FF0FF3314A930467C
:10B3A0000793F5F7F7FB019A002800F04E8130462D
:10B3B000F5F7CEFBC2B24FF0000846462B7C1BB11E
:10B3C00095F82530934246D095F82430934242D0E8
:10B3D00095F84E30934216D1B8F1000F0AD0B9F16A
:10B3E0000A0F13D15CB926467CE04FF00809ADE79F
:10B3F0000297E0E7002C72D0B9F1080F75D0013642
:10B400004FF0010811E0B8F1000F23D095F84C304F
:10B41000934203D095F84D3093426DD1002C66D005
:10B42000B9F1100F6DD10026B04606980192FCF7D5
:10B4300023F94FF0FF3314A906A80793F5F7AAFBE9
:10B44000019A00285BD006A8F5F782FBC2B2B8F1DA
:10B45000000FB3D14746B9F1100F14BF4B46162366
:10B4600001937C4B09932B7C2BB1202109A80392DB
:10B47000F3F70FFD039A95F864B04FF6FF7393FB53
:10B48000F9F30393BBF1000F43D005F14E0304938E
:10B49000002F40F08B80BA463C462B7C002B64D0BA
:10B4A00095F82510914260D1002E00F08480F1B211
:10B4B00009A8F3F7CCFD00260698FCF7DDF84FF05D
:10B4C000FF3314A906A80793F5F764FB0346002889
:10B4D00000F09B8006A8F5F73BFBC2B2DDE72646ED
:10B4E0004FF001084FF008099FE7464688E72646D7
:10B4F000A0464FF0100998E74FF00108ABE701278D
:10B50000A9E7CDF804904FF00108AAE74FF0010A2F
:10B510001BE0002F75D1BA463C464FF0FF3B019827
:10B520001146FCF7B3F8431C42D0039BA342EDD372
:10B5300019FB04F4C0F57F43A4B2FF339C42C8BF9B
:10B540004AF0010A0444A4B201360698FCF794F8C4
:10B5500014A906A8CDF81CB0F5F71CFB034648B3A8
:10B5600006A8F5F7F5FAC2B2D9E795F82430934268
:10B570001ED001990498FCF789F9C8B1049BC01A40
:10B58000039B0F28C8BF0638A3420DD319FB04F450
:10B59000C0F57F43A4B2FF339C42C8BF4AF0010A02
:10B5A0000444A4B2013687E7DA4685E70024A246C0
:10B5B000002300E001270998FCF711F970B1F1B2FE
:10B5C00009A80193F3F743FDD5E9020109AA09F09F
:10B5D00023FE019B10B9179904220A6036B9B8F10D
:10B5E000000F03D10998FCF7FAF880B17BB9BAF1E2
:10B5F000000F25D1029B0BB16442A4B2189B1C80A2
:10B600000BE0DA465B465C46D5E75F46D3E70023AE
:10B61000189A1380179A042313602FB1179B179A57
:10B620001B6843F002031360DDE90601059B83E814
:10B63000030009A8FCF700F905980BB0BDE8F08FEE
:10B640004FF6FF73E4E70022029200260127B0467E
:10B6500001E700BF2CD2012470B588B006AD85E8A3
:10B660000C00109B04930F9B03930E9B02930CAB57
:10B6700004460E4693E803008DE80300204695E853
:10B680000C003146FFF74AFE204608B070BD0000AE
:10B690002DE9F04F8BB006AE169D059005F16C00BC
:10B6A00086E80C00FCF7C8FCED6805F04A05402D63
:10B6B000044655D0082D14BF4FF00A094FF0100969
:10B6C00014A93046F5F753FA0746002840F06B817D
:10B6D0003046F5F73DFA94F84A305FFA80FB5B4557
:10B6E00003D094F84B1059453DD1A3EB0B025342C4
:10B6F00053410293237C1BB194F825305B4515D050
:10B7000094F824305B4511D00698FBF7B5FF4FF055
:10B71000FF3314A930460793F5F73CFA002800F0F0
:10B7200046813046F5F714FA5FFA80FB4FF00008C7
:10B730004646237C1BB194F825305B4545D094F8F0
:10B7400024305B4541D094F84E305B4516D1B8F1BA
:10B75000000F0AD0B9F10A0F13D15DB92E4679E076
:10B760004FF00809ACE70297E0E7002D6FD0B9F180
:10B77000080F72D001364FF0010811E0B8F1000F48
:10B7800022D094F84C305B4503D094F84D305B45A3
:10B790006AD1002D63D0B9F1100F6AD10026B046EE
:10B7A0000698FBF769FF4FF0FF3314A906A807932B
:10B7B000F5F7F0F900285AD006A8F5F7C9F95FFAAD
:10B7C00080FBB8F1000FB4D14746B9F1100F14BF98
:10B7D0004B4616230193784B0993237C1BB1202100
:10B7E00009A8F3F756FB4FF0FF33B3FBF9F30393CC
:10B7F00094F864300093002B43D004F14E0304937B
:10B80000002F40F08380BA463D46237C002B5FD05A
:10B8100094F8251059455BD1002E7CD0F1B209A8CF
:10B82000F3F715FC00260698FBF726FF4FF0FF33D1
:10B8300014A906A80793F5F7ADF90346002800F010
:10B84000948006A8F5F784F95FFA80FBDDE72E46C1
:10B850004FF001084FF00809A2E746468BE72E4655
:10B86000A8464FF010099BE74FF00108ADE701270C
:10B87000ABE7CDF804904FF00108ACE74FF0010AB8
:10B8800014E0002F6CD1BA463D4601985946FBF7AB
:10B89000FDFE431C3CD0039BAB42EFD305FB09F5F7
:10B8A000401928BF4AF0010A054601360698FBF701
:10B8B000E3FE4FF0FF3314A906A80793F5F76AF9E2
:10B8C000034638B306A8F5F743F95FFA80FBDCE7D7
:10B8D00094F824305B451BD0019904985A46FBF735
:10B8E000D5FFA8B1049BC01A039B0F28C8BF063818
:10B8F000AB4208D305FB09F5401928BF4AF0010AFD
:10B90000054601368FE7DDF800A08CE70025AA4642
:10B91000002300E001270998FBF761FF70B1F1B245
:10B9200009A80093F3F793FBD4E9020109AA09F0EF
:10B9300073FC009B10B9179904220A6036B9B8F15C
:10B94000000F03D10998FBF74AFF80B17BB9BAF128
:10B95000000F25D1029B03B16D42189B1D600CE0C6
:10B96000DDF800A053465546D5E7009FD3E70023F6
:10B97000189A1360179A042313602FB1179B179A14
:10B980001B6843F002031360DDE90601059B83E8B1
:10B99000030009A8FBF750FF05980BB0BDE8F08F36
:10B9A0004FF0FF33E4E74FF0000BCDF808B000266E
:10B9B0000127B04609E700BF2CD2012470B588B03A
:10B9C00006AD85E80C00109B04930F9B03930E9B20
:10B9D00002930CAB04460E4693E803008DE8030087
:10B9E000204695E80C003146FFF752FE204608B08D
:10B9F00070BD00002DE9F04F8BB006AE169D05908E
:10BA000005F16C0086E80C00FCF716FBED6805F00C
:10BA10004A05402D044655D0082D14BF4FF00A09A1
:10BA20004FF0100914A93046F5F7A1F80746002891
:10BA300040F06B813046F5F78BF894F84A305FFAA6
:10BA400080FB5B4503D094F84B1059453DD1A3EBE7
:10BA50000B02534253410293237C1BB194F82530CF
:10BA60005B4515D094F824305B4511D00698FBF760
:10BA700003FE4FF0FF3314A930460793F5F78AF819
:10BA8000002800F046813046F5F762F85FFA80FB47
:10BA90004FF000084646237C1BB194F825305B45E7
:10BAA00045D094F824305B4541D094F84E305B4546
:10BAB00016D1B8F1000F0AD0B9F10A0F13D15DB950
:10BAC0002E4679E04FF00809ACE70297E0E7002D39
:10BAD0006FD0B9F1080F72D001364FF0010811E0B4
:10BAE000B8F1000F22D094F84C305B4503D094F8A5
:10BAF0004D305B456AD1002D63D0B9F1100F6AD18A
:10BB00000026B0460698FBF7B7FD4FF0FF3314A9A7
:10BB100006A80793F5F73EF800285AD006A8F5F7CF
:10BB200017F85FFA80FBB8F1000FB4D14746B9F1BE
:10BB3000100F14BF4B4616230193784B0993237CB7
:10BB40001BB1202109A8F3F7A4F94FF0FF33B3FB91
:10BB5000F9F3039394F864300093002B43D004F17D
:10BB60004E030493002F40F08380BA463D46237C69
:10BB7000002B5FD094F8251059455BD1002E7CD066
:10BB8000F1B209A8F3F763FA00260698FBF774FDF3
:10BB90004FF0FF3314A906A80793F4F7FBFF034601
:10BBA000002800F0948006A8F4F7D2FF5FFA80FB2B
:10BBB000DDE72E464FF001084FF00809A2E74646A0
:10BBC0008BE72E46A8464FF010099BE74FF001087F
:10BBD000ADE70127ABE7CDF804904FF00108ACE7E3
:10BBE0004FF0010A14E0002F6CD1BA463D4601988F
:10BBF0005946FBF74BFD431C3CD0039BAB42EFD3B4
:10BC000005FB09F5401928BF4AF0010A054601362F
:10BC10000698FBF731FD4FF0FF3314A906A80793F0
:10BC2000F4F7B8FF034638B306A8F4F791FF5FFABC
:10BC300080FBDCE794F824305B451BD00199049825
:10BC40005A46FBF723FEA8B1049BC01A039B0F289A
:10BC5000C8BF0638AB4208D305FB09F5401928BF19
:10BC60004AF0010A054601368FE7DDF800A08CE7AF
:10BC70000025AA46002300E001270998FBF7AFFD45
:10BC800070B1F1B209A80093F3F7E1F9D4E9020128
:10BC900009AA09F0C1FA009B10B9179904220A6099
:10BCA00036B9B8F1000F03D10998FBF798FD80B1C0
:10BCB0007BB9BAF1000F25D1029B03B16D42189BED
:10BCC0001D600CE0DDF800A053465546D5E7009F07
:10BCD000D3E70023189A1360179A042313602FB137
:10BCE000179B179A1B6843F002031360DDE90601F6
:10BCF000059B83E8030009A8FBF79EFD05980BB0A0
:10BD0000BDE8F08F4FF0FF33E4E74FF0000BCDF8C4
:10BD100008B000260127B04609E700BF2CD2012455
:10BD200070B588B006AD85E80C00109B04930F9B9E
:10BD300003930E9B02930CAB04460E4693E803005C
:10BD40008DE80300204695E80C003146FFF752FECF
:10BD5000204608B070BD2DE9F0418CB008AC149EAF
:10BD6000D6F80C8084E80C0028F04A0343F008035E
:10BD7000F3600BAB0493159BCDE9026312AB054650
:10BD80008C4693E803008DE8030006AF94E80C00AE
:10BD900061463846FFF72EFE97E80300169B0B9A84
:10BDA000C6F80C8084E8030085E8030028461A6082
:10BDB0000CB0BDE8F08100002DE9F04F8FB00AAF64
:10BDC0001A9C079004F16C0087E80C00FCF734F92A
:10BDD000E56805F04A05402D064652D0082D14BFEF
:10BDE0004FF00A094FF0100918A93846F4F7BFFEC2
:10BDF0008046002840F0B0813846F4F7A9FE96F856
:10BE00004A30C4B2A34203D096F84B20A2423BD1A1
:10BE10001A1B534253410193337C1BB196F82530D2
:10BE2000A34214D096F82430A34210D00A98FBF70E
:10BE300023FC4FF0FF3318A938460B93F4F7AAFE02
:10BE4000002800F08B813846F4F782FEC4B24FF030
:10BE5000000A5746337C1BB196F82530A34246D0E2
:10BE600096F82430A34242D096F84E30A34218D11F
:10BE7000BAF1000F0BD0B9F10A0F15D16DB92F46E9
:10BE800089E04FF00809AFE7CDF80480DFE7002D27
:10BE90007ED0B9F1080F00F0818001374FF0010A20
:10BEA00011E0BAF1000F21D096F84C30A34203D034
:10BEB00096F84D30A34278D1002D71D0B9F1100F12
:10BEC00079D10027BA460A98FBF7D6FB4FF0FF332B
:10BED00018A90AA80B93F4F75DFE002868D00AA8F9
:10BEE000F4F736FEC4B2BAF1000FB3D1D046B9F1BF
:10BEF000100F14BF4B46162304939B4B0D93337CBA
:10BF00001BB120210DA8F2F7C4FF019B013B059353
:10BF1000019B059803F10043013B029302994FEA0C
:10BF2000E9734A46D4F70EFD96F864300393CDE9E1
:10BF30000801002B47D006F14E030693B8F1000F1D
:10BF400040F0A680C3464546CDF80080337C002BE8
:10BF500072D096F82520A2426ED1002F00F09F806B
:10BF6000F9B20DA8F3F773F800270A98FBF784FBE2
:10BF70004FF0FF3318A90AA80B93F4F70BFE034602
:10BF8000002800F0BE800AA8F4F7E2FDC4B2DDE7A5
:10BF90002F464FF0010A4FF0080994E757467DE716
:10BFA0002F46AA464FF010098DE74FF0010A9EE791
:10BFB0004FF001089BE7CDF810904FF0010A9CE785
:10BFC0004FF0010B26E0B8F1000F40F09380C3461C
:10BFD0004546CDF8008004982146FBF757FB431CEB
:10BFE00059D0089B009AAB42099B9341E8D3A9FB27
:10BFF000055309FB0233059A111A029A62EBE072AB
:10C00000A9429A4138BF4BF0010B451943EBE0734D
:10C01000009301370A98FBF72FFB4FF0FF3318A965
:10C020000AA80B93F4F7B6FD0346002835D00AA8FA
:10C03000F4F78EFDC4B2CEE796F82430A3422AD09E
:10C04000049906982246FBF721FC20B3069B009A30
:10C05000C01A089B0F28C8BF0638AB42099B934102
:10C0600013D3A9FB055309FB0233059A111A029A4F
:10C0700062EBE072A9429A4138BF4BF0010B4519BF
:10C0800043EBE073009301376FE7DDF80CB06CE72A
:10C0900000250095AB46002301E04FF001080D9804
:10C0A000FBF79DFB70B1F9B20DA80293F2F7CFFF39
:10C0B000D6E902010DAA09F0AFF8029B10B91B994D
:10C0C00004220A6037B9BAF1000F03D10D98FBF7CB
:10C0D00086FBC8B1C3B9BBF1000F32D1019B23B1BC
:10C0E000009B6D4263EB430300931C9B009A1D6011
:10C0F0005A6011E0DDF80CB0CDF800B05B465D464B
:10C10000CDE7DDF80C80CAE7002200231C99C1E9C5
:10C1100000231B9A04231360B8F1000F05D01B9B6A
:10C120001B9A1B6843F002031360DDE90A01079BB9
:10C1300083E803000DA8FBF77FFB07980FB0BDE86D
:10C14000F08F019B1BB100224FF00043DEE74FF060
:10C15000FF326FF00043D9E70024019400274FF02D
:10C160000108BA46C3E600BF2CD2012470B588B0DE
:10C1700006AD85E80C00109B04930F9B03930E9B68
:10C1800002930CAB04460E4693E803008DE80300CF
:10C19000204695E80C003146FFF70EFE204608B019
:10C1A00070BD00002DE9F04F8DB008AF189C0590D0
:10C1B00004F16C0087E80C00FBF73EFFE56805F032
:10C1C0004A05402D064652D0082D14BF4FF00A0AEA
:10C1D0004FF0100A16A93846F4F7C9FC814600282A
:10C1E00040F0A7813846F4F7B3FC96F84A30C4B261
:10C1F000A34203D096F84B20A2423BD11A1B5342D4
:10C2000053410393337C1BB196F82530A34214D0DD
:10C2100096F82430A34210D00898FBF72DFA4FF07F
:10C22000FF3316A938460993F4F7B4FC002800F050
:10C2300082813846F4F78CFCC4B24FF0000BD8462C
:10C24000337C1BB196F82530A34247D096F82430B2
:10C25000A34243D096F84E30A34218D1BBF1000F51
:10C260000BD0BAF10A0F15D165B9A84687E04FF097
:10C27000080AAFE7CDF80C90DFE7002D7CD0BAF1CB
:10C28000080F7FD008F101084FF0010B12E0BBF15D
:10C29000000F22D096F84C30A34203D096F84D30D0
:10C2A000A34276D1002D6FD0BAF1100F77D14FF0A5
:10C2B0000008C3460898FBF7DFF94FF0FF3316A9D3
:10C2C00008A80993F4F766FC002865D008A8F4F7DD
:10C2D0003FFCC4B2BBF1000FB2D1D946BAF1100F86
:10C2E00014BF534616230293964B0B93337C1BB11A
:10C2F00020210BA8F2F7CDFD4FEAEA7352464FF02A
:10C30000FF304FF0FF31D4F71DFB96F864300193F6
:10C31000CDE90601002B4AD006F14E030493B9F192
:10C32000000F40F0AB80CDF800904D464F46337C77
:10C33000002B76D096F82520A24272D1B8F1000FDA
:10C3400000F0A3805FFA88F10BA8F2F780FE4FF0AF
:10C3500000080898FBF790F94FF0FF3316A908A8DA
:10C360000993F4F717FC0346002800F0BD8008A8E5
:10C37000F4F7EEFBC4B2DAE7A8464FF0010B4FF03A
:10C38000080A97E7D8467FE7A846AB464FF0100A61
:10C3900090E74FF0010BA1E74FF001099EE7CDF8C0
:10C3A00008A04FF0010B9FE70123009327E0B9F1AC
:10C3B000000F40F09480CDF800904D464F46029813
:10C3C0002146FBF763F9431C5BD0069BAB42079BFE
:10C3D000BB41E9D3AAFB05530AFB073341194FEAD6
:10C3E000E07757EB030100994FF0000228BF0122CC
:10C3F00011434519009147EB030708F1010808981C
:10C40000FBF73AF94FF0FF3316A908A80993F4F7A0
:10C41000C1FB0346002836D008A8F4F799FBC4B244
:10C42000CDE796F82430A3422BD0029904982246F7
:10C43000FBF72CFA28B3049BC01A069B0F28C8BF31
:10C440000638AB42079BBB4115D3AAFB05530AFB39
:10C45000073341194FEAE07757EB030100994FF09A
:10C46000000228BF012211434519009147EB030741
:10C4700008F101086DE7019B00936AE700252F464C
:10C480000095002301E04FF001090B98FBF7A7F995
:10C4900078B15FFA88F10BA80193F2F7D8FDD6E9DD
:10C4A00002010BAA08F0B8FE019B10B919990422E9
:10C4B0000A60B8F1000F06D1BBF1000F03D10B9851
:10C4C000FBF78DF998B193B9009B6BBB039B13B13C
:10C4D0006D4267EB47071A9BC3E900570FE0019BCA
:10C4E00000931D461F46D0E7DDF80490CDE70022FB
:10C4F00000231A99C1E90023199A04231360B9F1A2
:10C50000000F05D0199B199A1B6843F002031360B2
:10C51000DDE90801059B83E803000BA8FBF78CF914
:10C5200005980DB0BDE8F08F4FF0FF324FF0FF33AC
:10C53000DFE7002403944FF000084FF00109C346E1
:10C54000CCE600BF2CD2012470B588B006AD85E8DA
:10C550000C00109B04930F9B03930E9B02930CAB58
:10C5600004460E4693E803008DE80300204695E854
:10C570000C003146FFF716FE204608B070BD2DE9CD
:10C58000F04F8FB0DDE91AB70AAC4FF0000A06464B
:10C590000BF16C0084E80C008846CDF834A0FBF762
:10C5A000B3FC0DABCDE906B302226323CDE904321F
:10C5B0000CAB0293CDF80CA018AB814693E80300B6
:10C5C0008DE8030008AD94E80C0041462846FDF7CD
:10C5D0006BF995E803000D9B84E80300002B51D113
:10C5E00018A92046F4F7D6FA002846D02046F4F7DA
:10C5F000AFFA2A22C1B24846F3F7FDFDA0F130059B
:10C60000EBB2092B39D82046FBF760F80C9B4FF0B2
:10C610000A0808FB035518A920460C95F4F7BAFA46
:10C6200098B12046F4F794FA2A22C1B24846F3F7AB
:10C63000E2FDA0F13005EBB2092B06D82046FBF74E
:10C6400045F80C9B08FB03550C950C9BA3F26C73EF
:10C650000C931C9B0C9A5A6118A92046F4F787FA90
:10C6600018B13B6843F002033B6094E8030086E89E
:10C67000030030460FB0BDE8F08F0C9B442BE8DC84
:10C680006433E5E73B6843F004033B60E4E72DE9EE
:10C69000F0479CB0DDE926960AAC054609F16C002E
:10C6A00084E80C008846FBF72FFD0DF1380A074699
:10C6B0005146FBF709FB384615A9FBF7F5FA0023AD
:10C6C0000D930DABCDE905930723CDE903A30CAB87
:10C6D000029324AB93E803008DE8030008AF94E8CD
:10C6E0000C0041463846FDF7D2FA97E803000D9B4F
:10C6F00084E803009BB9289B0C9A9A6124A92046E0
:10C70000F4F735FA18B1336843F00203336094E864
:10C71000030085E8030028461CB0BDE8F0873368B5
:10C7200043F004033360E9E72DE9F047A6B0DDE903
:10C7300030960AAC054609F16C0084E80C00884686
:10C74000FBF7E2FC0DF1380A07465146FBF7EBFA1E
:10C7500038461AA9FBF7C8FA00230D930DABCDE9B3
:10C7600005930C23CDE903A30CAB02932EAB93E806
:10C7700003008DE8030008AF94E80C0041463846FA
:10C78000FDF785FA97E803000D9B84E803009BB949
:10C79000329B0C9A1A612EA92046F4F7E8F918B1D9
:10C7A000336843F00203336094E8030085E8030034
:10C7B000284626B0BDE8F087336843F004033360B1
:10C7C000E9E72DE9F04F93B0DDE91EB70AAC054665
:10C7D0000BF16C0084E80C00DDF880A08946FBF7C3
:10C7E00093FC0DA9FBF74EFA0023CDE90F3311930B
:10C7F0000D9BCDE902B7CDE904A30FAE06961CABA5
:10C8000093E803008DE803000DF1200894E80C0084
:10C8100049464046FDF7F2FA98E8030084E8030031
:10C820005146304608F0FEFC1CA92046F4F79FF95B
:10C8300018B13B6843F002033B6094E8030085E8CD
:10C840000300284613B0BDE8F08F2DE9F04F93B0F8
:10C85000DDE91EB70AAC05460BF16C0084E80C005C
:10C86000DDF880A08946FBF74FFC0DA9FBF704FA21
:10C870000023CDE90F3311930D9BCDE902B7CDE92C
:10C8800004A30FAE06961CAB93E803008DE80300EB
:10C890000DF1200894E80C0049464046FDF7AEFA39
:10C8A00098E8030084E803005146304608F0BAFCDB
:10C8B0001CA92046F4F75BF918B13B6843F002036A
:10C8C0003B6094E8030085E80300284613B0BDE808
:10C8D000F08F00002DE9F04F91B00AA981E80C001B
:10C8E000DDE91C3903F16C0406902046FBF70CFBD4
:10C8F00004902046FBF7BEFE00F138030793036A5D
:10C9000005461BB1836A003B18BF012302932B7CB1
:10C910009A4C0D941BB120210DA8F2F7BAFA2021F0
:10C920000EA80E94F2F7B5FA05F139030026089324
:10C930006B6B0F93B04637460396B24601960FAB2A
:10C940009B5D042B61D8DFE813F08E0167012F0097
:10C95000FE000500DFF828B21AA90AA8F4F71AF9B0
:10C9600003460446002800F040810AA80993F4F722
:10C97000EFF80A21C2B208980592FAF787FF059AE4
:10C98000099B002800F02081079BC01ADBF80030CB
:10C99000195C0EA8F2F75BFB7C1C039F0AA8FAF750
:10C9A00095FE03972746D7E71C9BDB6898051FD4A5
:10C9B000BAF1010F1CD8DEB1012E0BD1029BBBB91D
:10C9C0009DF83C30032B13D09DF83E30012B0FD047
:10C9D0000226B4E7022E40F05A819DF83F30042B26
:10C9E00006D0029A002A00F04D81032B40F04C81C2
:10C9F000AB6905934FF0000B1AA90AA8F4F7CAF81F
:10CA0000059B044618B99B4512D101241AE09B45A9
:10CA100018D00AA8F4F79CF86A6912F80B20C0B283
:10CA2000824205D10AA8FAF751FE0BF1010BE3E7A8
:10CA3000BBF1000F40F024811C9BDC6884F400747F
:10CA4000C4F340240136042E40F01081BAF1010FE6
:10CA500040F23081002C00F00C81019B002B00F093
:10CA600018816C6A01261AA90AA8F4F793F800281D
:10CA700040F01181564540F0FC800E98FAF7AFFE69
:10CA8000012810D9002230210EA8F2F74EF80246F4
:10CA900048B1431C03D10E98FAF7A1FE421E0021B3
:10CAA0000EA8FAF7AFFE019B73B10EA8F2F72CF9AE
:10CAB0000E9B1B78302B07D00EA8F2F72EF92D22F3
:10CAC00001460EA8F2F766F90D98FAF788FEA0B1B4
:10CAD000B8F1000F00F0F1809DF80C100DA8F2F7EE
:10CAE000B6FAD5E902010DAA08F096FB28B9D9F8E3
:10CAF000003043F00403C9F80030B8F1000F03D050
:10CB0000EB6ABB4240F0B5801E980EA9F1F7F8FF22
:10CB10000AAC1AA92046F4F72AF828B1D9F800304F
:10CB200043F00203C9F8003094E80300069B83E851
:10CB300003000EA8FAF780FE0DA8FAF77DFE06980E
:10CB400011B0BDE8F08F2B6AE3B9AB6A002B2ED091
:10CB50001AA90AA8F4F71EF8044640B30AA8F3F786
:10CB6000F7FF6B6A1B78C0B2834220D10AA8D5F8C0
:10CB700028A0FAF7ABFD019464E700BF2CD2012492
:10CB8000740000241AA90AA8F4F704F8044600283F
:10CB9000DBD00AA8F3F7DCFFEB691B78C0B2834255
:10CBA000D3D10AA8D5F820A0FAF790FD4AE72B6A5E
:10CBB0001BB9029B83F0010444E7AB6A002BF8D158
:10CBC000012301931C463DE7697C914208D1B8F1ED
:10CBD000000F05D1EA6A002A08DD98460446DDE622
:10CBE0002B7C1BB1AB7C934207D001240E98FAF743
:10CBF000F6FD002808BF002424E7B8F1000F07D194
:10CC000047B1F9B20DA8F2F722FA4446039FC5E6F0
:10CC10004446EBE73C46E9E71AA90AA8F3F7BAFF4E
:10CC2000A8B90024032E3FF411AF1AA90AA8F3F7FC
:10CC3000B1FFD0B10AA8F3F78BFF049BC0B29B6988
:10CC40001B5C1A0711D50AA8FAF740FDEDE70AA800
:10CC5000F3F77EFF049BC0B29B691B5C1907E0D50C
:10CC60000AA8FAF733FD0124DCE70136002C7FF433
:10CC700066AED9F8003043F00403C9F8003047E746
:10CC80000024DFE603265AE6029C0326EEE7012491
:10CC9000DCE6EC69E6E656453FF4EFAE0AA8F3F7AA
:10CCA00057FFA35DC0B28342E3D10AA8FAF70EFD95
:10CCB0000136D8E6002CDCD0DFE6F9B20EE700BF83
:10CCC0002DE9F04F91B00AA981E80C00DDE91C398B
:10CCD00003F16C0406902046FBF716F904902046F9
:10CCE000FBF716FC00F138030793036A05461BB1F6
:10CCF000836A003B18BF012302932B7C9A4C0D944E
:10CD00001BB120210DA8F2F7C4F820210EA80E9423
:10CD1000F2F7BFF805F13903002608936B6B0F9308
:10CD2000B04637460396B24601960FAB9B5D042B87
:10CD300061D8DFE813F08E0167012F00FE000500C7
:10CD4000DFF828B21AA90AA8F3F724FF034604461D
:10CD5000002800F040810AA80993F3F7F9FE0A21A0
:10CD6000C2B208980592FAF791FD059A099B00282E
:10CD700000F02081079BC01ADBF80030195C0EA878
:10CD8000F2F765F97C1C039F0AA8FAF79FFC03974A
:10CD90002746D7E71C9BDB6898051FD4BAF1010F23
:10CDA0001CD8DEB1012E0BD1029BBBB99DF83C30E3
:10CDB000032B13D09DF83E30012B0FD00226B4E791
:10CDC000022E40F05A819DF83F30042B06D0029A83
:10CDD000002A00F04D81032B40F04C81AB69059394
:10CDE0004FF0000B1AA90AA8F3F7D4FE059B0446DE
:10CDF00018B99B4512D101241AE09B4518D00AA806
:10CE0000F3F7A6FE6A6912F80B20C0B2824205D180
:10CE10000AA8FAF75BFC0BF1010BE3E7BBF1000F8B
:10CE200040F024811C9BDC6884F40074C4F340242B
:10CE30000136042E40F01081BAF1010F40F230812A
:10CE4000002C00F00C81019B002B00F018816C6A13
:10CE500001261AA90AA8F3F79DFE002840F01181C7
:10CE6000564540F0FC800E98FAF7B9FC012810D91D
:10CE7000002230210EA8F1F758FE024648B1431CAB
:10CE800003D10E98FAF7ABFC421E00210EA8FAF768
:10CE9000B9FC019B73B10EA8F1F736FF0E9B1B780E
:10CEA000302B07D00EA8F1F738FF2D2201460EA82F
:10CEB000F1F770FF0D98FAF792FCA0B1B8F1000FEE
:10CEC00000F0F1809DF80C100DA8F2F7C0F8D5E93C
:10CED00002010DAA08F0A0F928B9D9F8003043F0F2
:10CEE0000403C9F80030B8F1000F03D0EB6ABB426D
:10CEF00040F0B5801E980EA9F1F702FE0AAC1AA9FF
:10CF00002046F3F734FE28B1D9F8003043F002038D
:10CF1000C9F8003094E80300069B83E803000EA8DC
:10CF2000FAF78AFC0DA8FAF787FC069811B0BDE85D
:10CF3000F08F2B6AE3B9AB6A002B2ED01AA90AA88E
:10CF4000F3F728FE044640B30AA8F3F701FE6B6A24
:10CF50001B78C0B2834220D10AA8D5F828A0FAF7DE
:10CF6000B5FB019464E700BF2CD2012474000024B7
:10CF70001AA90AA8F3F70EFE04460028DBD00AA877
:10CF8000F3F7E6FDEB691B78C0B28342D3D10AA860
:10CF9000D5F820A0FAF79AFB4AE72B6A1BB9029B47
:10CFA00083F0010444E7AB6A002BF8D1012301931D
:10CFB0001C463DE7697C914208D1B8F1000F05D1CC
:10CFC000EA6A002A08DD98460446DDE62B7C1BB1A0
:10CFD000AB7C934207D001240E98FAF700FC00289E
:10CFE00008BF002424E7B8F1000F07D147B1F9B218
:10CFF0000DA8F2F72CF84446039FC5E64446EBE73C
:10D000003C46E9E71AA90AA8F3F7C4FDA8B9002429
:10D01000032E3FF411AF1AA90AA8F3F7BBFDD0B154
:10D020000AA8F3F795FD049BC0B29B691B5C1A0725
:10D0300011D50AA8FAF74AFBEDE70AA8F3F788FD2D
:10D04000049BC0B29B691B5C1907E0D50AA8FAF7DC
:10D050003DFB0124DCE70136002C7FF466AED9F8F5
:10D06000003043F00403C9F8003047E70024DFE64E
:10D0700003265AE6029C0326EEE70124DCE6EC696F
:10D08000E6E656453FF4EFAE0AA8F3F761FDA35D6F
:10D09000C0B28342E3D10AA8FAF718FB0136D8E6FA
:10D0A000002CDCD0DFE6F9B20EE700BF2DE9F0433B
:10D0B0008DB006AC84E80C00DDE9173809AFCDE986
:10D0C000038702938C4614AB18490991054693E8EF
:10D0D00003009DF858208DE803000AAEFAB194E8E9
:10D0E0000C0061463046FFF7F5FB96E80300DDF8DB
:10D0F000249084E80300EDF7A1FC19990A903346C7
:10D100004246484607F0E0FD94E8030085E8030046
:10D110003846FAF791FB28460DB0BDE8F08394E855
:10D120000C0061463046FFF7CBFDDEE72CD2012430
:10D130002DE9F04F8DB006ACDDF864B09DF860903D
:10D1400007460BF16C0084E80C008A46FAF7DCFE17
:10D150001A9B1F490991CDE902B309AE049616AB9B
:10D16000804693E803008DE803000AAD94E80C00C4
:10D1700051462846B9F1000F26D0FFF7ABFB95E8E2
:10D18000030084E803000998FAF729FB054680B1FB
:10D1900001461B98F1F756FFDDF824A01B98F1F724
:10D1A000B3FD1B9B55441B682A4651464046FAF77F
:10D1B0004CFB94E8030087E803003046FAF73CFB99
:10D1C00038460DB0BDE8F08FFFF77AFDD7E700BF16
:10D1D0002CD20124244B1A68D0075CBF01221A60AC
:10D1E000224B1A68D1075CBF01221A60204B1A68D3
:10D1F000D2075CBF01221A601E4B1A68D0075CBFC1
:10D2000001221A601C4B1A68D1075CBF01221A6008
:10D210001A4B1A68D2075CBF01221A60184B1A68B1
:10D22000D0075CBF01221A60164B1A68D1075CBF99
:10D2300001221A60144B1A68D2075CBF01221A60DF
:10D24000124B1A68D0075CBF01221A60104B1A6893
:10D25000D1075CBF01221A600E4B1A68D2075CBF6F
:10D2600001221A60704700BFF4D20124F0D20124D9
:10D27000ECD20124E8D20124E4D20124E0D201243A
:10D28000DCD20124D8D20124D4D20124D0D201246A
:10D29000CCD20124C8D2012438B545682B6853F894
:10D2A0000C3C1D440446EB689B0410D507F09FF925
:10D2B00068B9A86F58B100F078FB013007D16368F6
:10D2C0001A6852F80C0C01211844F9F76DFF20463A
:10D2D00038BD036853F80C3C034413B59B6F0446F8
:10D2E000CBB10146684600F019F89DF800307BB1DB
:10D2F000236853F80C3C2344986F00F056FB013030
:10D3000006D1236853F80C0C01212044F9F74CFF97
:10D310006846FFF7C1FF204602B010BD38B50023B4
:10D3200003700B68416053F80C3C0B440546186FC2
:10D330000C4618B15B690BB9FFF7CBFF236853F8B4
:10D340000C0C204443691BB901232B70284638BDBF
:10D35000DB07FBD50421F9F727FFF7E7034608466B
:10D36000D3E901128A4230B514D9411C0ED012F80B
:10D37000014C1D6AC1B28C4201D0ED060AD5551E82
:10D380008C429D6001D002F8011C30BD013A9A60C8
:10D390000020FAE74FF0FF30F7E7000010B5074B29
:10D3A000044640F8243B00F06EFB2046044B40F856
:10D3B0001C3BEDF79DFB204610BD00BFA41B0708DA
:10D3C000781C070810B50446FFF7E8FF204607F071
:10D3D000A7F8204610BD43694BB1C2680AB19A4212
:10D3E00005D2026AC360120758BFC0E90133704713
:10D3F000036A1B0710B5044605D5FFF7ECFFD4E917
:10D400000230C01A10BD4FF0FF30FBE7036A1B0764
:10D4100010B5044602D44FF0FF3010BDFFF7DBFF1C
:10D42000D4E902329342F6D21878F6E770B5DDE916
:10D430000434C0E90411094982616FF00045B3F179
:10D44000004F74F10006426902DA1A44426170BD6D
:10D450002A445B18426164F10004F0E70100008097
:10D460002DE9F04F0D4685B0814614461E46DDE994
:10D470000E720023C9E902332B6A4FF0FF3002EA33
:10D4800003084FF0FF31C9E9000108F00800C8F3B4
:10D49000C00308F01001C8F30018A0B1A9B1B7F19A
:10D4A000010B18BF4FF0010B82F0100113EA1111AC
:10D4B00082F0080208EAD20809D06A6882B954EA00
:10D4C00006033AD10CE08346EEE78B46ECE72A6987
:10D4D000002A58D0B8F1000F02D1BBF1000F2CD0B8
:10D4E0002846CDE90212FFF776FF012FDDE902128F
:10D4F00027D1AB686F699B1A1819A7EB020746EB97
:10D50000E37317EB040A46EBE77704461E4611B9AE
:10D51000BBF1000F33D0002E0ADBEB689B1AD91742
:10D52000A342B141A1BF6B68C9E900461B19AB60BA
:10D53000B8F1000F0FD0002F11DA484605B0BDE852
:10D54000F08F022F04D1EB689B1A1C1946EBE3768F
:10D55000A2463746DBE7BBF1000FECD1EDE7EB6805
:10D560009B1ADA175345BA41E7DBCDE900A72846F5
:10D57000AA692969FFF75AFFC9E900A7DDE7B8F1F1
:10D58000000FD8D1D9E754EA0603A3D0D5E782B07B
:10D590002DE9F3470C460AA981E80C001646984687
:10D5A0004FF0FF324FF0FF33C0E900230023C0E902
:10D5B00002330E9F236A1F4017F0080A14BFD4F8E5
:10D5C0000490D4F810900546B9F1000F02D156EA44
:10D5D000080323D117F0180F20D02046FFF7FBFED9
:10D5E000B8F1000F1ADBE368A3EB0903DA17B342C3
:10D5F00072EB080212DBBAF1000F02D06368334409
:10D60000A360FB0606D5CDE900682046A269216922
:10D61000FFF70CFF0AAB0FCB85E80F00284602B0DE
:10D62000BDE8F04702B070472DE9F347856A04462C
:10D630009A46036A243017460E460D4403F0080844
:10D6400003F0100900F0B2FA626A964217BFED19B2
:10D6500032182A460027B8F1000F03D03744C4E936
:10D6600002756660B9F1000F0DD00023CDF800A05F
:10D67000019331462046FFF7D9FEB8F1000F02D1E1
:10D68000C4E90155E56002B0BDE8F08738B504464D
:10D6900039B1002A05DB456A002383622B70FFF74E
:10D6A000C3FF204638BD2DE9F041036A0D46D90677
:10D6B00088B004466AD56A1C66D000F12407384653
:10D6C00000F074FAD4E90413A269561A864220D2F3
:10D6D0005B1A666ADA17CDE9003231463218204605
:10D6E000FFF7A4FE236A1B070AD5D4E901135B1ACE
:10D6F000F218E3685B1A0133C4E901623344E36062
:10D7000063691D70636901336361284608B0BDE831
:10D71000F0819342F5D36FF04043984236D04100F8
:10D72000994228BF1946B1F5007F04AA4FF00006C0
:10D7300038BF4FF4007102A8029203968DF8106072
:10D7400000F09AFA23695FFA85F83BB1A269D21A10
:10D7500000923146039A02A800F06CFB414602A8F1
:10D7600000F0A5FA02A9384600F0F2FBD4E9043033
:10D77000D4E90121C31A8A1A2046616AFFF754FFCF
:10D7800002A800F080F9BDE70025BEE74FF0FF35A5
:10D79000BBE7000010B5044681B10B4B03600822C3
:10D7A0001433A350002363608B0705D52046074B35
:10D7B00040F8083FF9F766FD204610BD106820606C
:10D7C000536850F80C2CECE760150708041507089F
:10D7D00070B5044615460E46C1B1104B0360442295
:10D7E0001433A35004F10800FFF7D8FDA6B92A1D91
:10D7F00000212046FFF7CEFFB30705D52046084B92
:10D8000040F8443FF9F73EFD204670BD12680260C3
:10D81000EB6852F80C2CE4E7024AE9E7201C070801
:10D8200004150708081C07080A460021FFF7D0BFA7
:10D8300000220221FFF7CCBFD0F800C0ACF10C0CE5
:10D84000DCF800C06044F3E710B50446FFF7F0FFD2
:10D85000204606F065FE204610BDD0F800C0ACF1B1
:10D860000C0CDCF800C06044EEE77047704730B540
:10D8700000224FF0FF344FF0FF35C0E90045C0E90A
:10D88000022230BD82B08DE80C004FF0FF334FF024
:10D89000FF32C0E900230023C0E9023302B0704721
:10D8A00000207047002070474FF0FF30704703683A
:10D8B00010B55B6A04469847431C1EBFA36813F863
:10D8C000010BA36010BD4FF0FF3070474FF0FF30E9
:10D8D0007047000010B5044B044640F81C3BEDF7C0
:10D8E00007F9204610BD00BF781C070810B5044694
:10D8F000FFF7F0FF204606F013FE204610BD2DE98D
:10D90000F84306460F4690460025454502DB28466B
:10D91000BDE8F883D6E90504241A11D0A8EB05095F
:10D920004C45C8BF4C4639462246D8BFA1460CF0EC
:10D93000BEF973694D442344A84527447361E4DD6F
:10D94000336839785B6B304698470130DFD001355A
:10D950000137DAE72DE9F84307460C4690460026E2
:10D96000464502DB3046BDE8F883D7E902156D1A5B
:10D9700011D0A8EB06094D45C8BF4D4620462A46A2
:10D98000D8BFA9460CF093F9BB684E442B44B04570
:10D990002C44BB60E4DD3B6838469B6A9847431CD7
:10D9A000E0D004F8010B0136DAE703689B691847F9
:10D9B000D0E902218A42034602D303689B6A1847D2
:10D9C00012F8010B9A607047D0E902218A4202D313
:10D9D00003685B6A18471078704710B50446FFF774
:10D9E000E7FF431C02D02046FFF7EEFF10BD03689F
:10D9F0001B6B1847D0E902218A4202D303685B6A95
:10DA000018471068704703681B6B18470AB10CF081
:10DA10004EB970470B4611461A460BB1D2F770BC8F
:10DA200018467047081E08B501DAF9F77FFBBDE814
:10DA30000840ECF734BF50F8083B1B1A58425841D5
:10DA4000704700000B68B3F1804F10B502D30B484C
:10DA5000F9F778FB93420BD9B3EB420F4FEA42043C
:10DA600006D2B4F1804F2ABF6FF040430C600B60C8
:10DA700009680131FFF7D6FF10BD00BFD2E50608E7
:10DA8000006806F04DBD10B50446FFF7D4FF18B985
:10DA9000A1682046FFF7F4FF10BD000008B503465B
:10DAA00008465B689842114603D902460148F9F7D7
:10DAB0004FFB08BD66E40608406801F1804101396A
:10DAC000091A914208B502D21846F9F73BFB08BD86
:10DAD00003688B4206D842681344994294BF0020E1
:10DAE0000120704701207047012A10B404D10A7840
:10DAF0005DF8044B027070475DF8044BFFF786BF7A
:10DB0000012A30B403D10B78037030BC7047002A6F
:10DB1000FBD030BC0AF068BA0B46012B10B411469A
:10DB2000044603D122705DF8044B7047002BFAD0F5
:10DB30005DF8044B1A460AF071BA37B50F2904464E
:10DB40000191154606D9002201A9FFF77BFF019B31
:10DB50002060A360019919B120682A46FFF7DCFF15
:10DB6000019B226863600021D15403B030BD08B529
:10DB7000521AFFF7B9FF08BD08B5521AFFF7B4FFF4
:10DB800008BD38B504461546084611446268521A65
:10DB900005D025B1236819441844FFF7B1FF636825
:10DBA00022685B1B00216360D15438BD10B5044668
:10DBB000FFF741FF08B9A06810BD0F20FCE78842BD
:10DBC000F7B504460E461DD04D68FFF7EFFFA8429B
:10DBD000024611D201A920460195FFF733FF0746FF
:10DBE0002046FFF750FF019B2760A3603168206843
:10DBF0002A46FFF779FF01E0002DF7D12368656021
:10DC000000225A5503B0F0BD2DE9F3470A9E1F4686
:10DC1000436801EB0208B21A1A4404460D46A3EB0E
:10DC200008090192FFF7C2FF01A902462046FFF74B
:10DC300009FF82461DB121682A46FFF755FF37B11B
:10DC40002EB1324639460AEB0500FFF74DFFB9F118
:10DC5000000F07D0216835444A4641440AEB0500CD
:10DC6000FFF742FF2046FFF70EFF019BC4F800A01C
:10DC7000A36002B0BDE8F08737B504460191FFF715
:10DC800095FF019B834202460FD901A92046FFF769
:10DC9000D9FE6268216801320546FFF725FF20465C
:10DCA000FFF7F1FE019B2560A36003B030BDF7B51F
:10DCB000466804460F46FFF779FF751C854207D971
:10DCC0000123009300231A4631462046FFF79CFFAC
:10DCD00023689F552368656000225A5503B0F0BD44
:10DCE0002DE9F74316461D4604461B4B2A460F46B0
:10DCF0003146FFF7E1FE2046FFF758FFD4F80490C5
:10DD0000A5EB0608C84440451DD3F319B9EB03023F
:10DD100007D0AE4205D02068384481192844FFF767
:10DD2000EFFE35B120689DF8282029463844FFF7DA
:10DD3000F3FE2368C4F804800022204603F808207C
:10DD400003B0BDE8F08300950023324639462046F3
:10DD5000FFF75AFFE5E700BFDCE4060807B50092CD
:10DD60000B4600224168FFF7BBFF03B05DF804FBE0
:10DD700010B544688C42034603D2091BFFF7EEFF3F
:10DD800010BD81BF0368416000225A54F8E708B50E
:10DD90000022FFF7EDFF08BD37B503680092CC1AEB
:10DDA0000546012300222146FFF79AFF28682044F8
:10DDB00003B030BD2DE9F041DDE906680D46174698
:10DDC0001C4636B1964230D8324619462846FFF7EF
:10DDD00097FEB8F1000F11D0BE420FD04246E919AC
:10DDE000A819FFF78DFEBE4208D9EB19A21993427C
:10DDF00006D3324621462846FFF782FEBDE8F08171
:10DE0000A34208D8641BE41B34443246291928462F
:10DE1000FFF76AFEF2E71F1B3A4621462846FFF746
:10DE20006FFEF21BA919E819F2E7B8F1000FD5D17E
:10DE3000DBE700002DE9F74F0C9E154604463246FD
:10DE40000F4698462946214BFFF736FE2046FFF73E
:10DE5000ADFED4F804B0A6EB050ADA4450452DD344
:10DE60002368414603EB070920462F44ABEB070725
:10DE7000FFF72EFEC8B147B1B54206D03A4609EBCE
:10DE8000050109EB0600FFF73BFE26B1324641468D
:10DE90004846FFF729FE2368C4F804A00022204664
:10DEA00003F80A2003B0BDE8F08FCDE900674346D0
:10DEB0002A4649462046FFF77DFFECE70096434699
:10DEC0002A4639462046FFF79FFEE4E7EAE50608C2
:10DED0002DE9F341D0F80480044602EB08070E4612
:10DEE0001546FFF763FEB8420ED32DB120682A46CF
:10DEF00031464044FFF7F8FD236867600022204662
:10DF0000DA5502B0BDE8F081009533460022414663
:10DF10002046FFF779FEEFE72DE9F04106469046EF
:10DF20000F460A4A19461D46FFF7B8FD7468641B80
:10DF3000444528BF44462CB131682246294438461E
:10DF4000FFF7D2FD2046BDE8F08100BF9DE4060842
:10DF50002DE9F043884285B005460C4635D0FFF7E1
:10DF60006AFD06462046FFF766FD002E4AD06F6820
:10DF7000002838D06668D7B104F1080805F108090F
:10DF800001372EB30136324641466846FFF73EFD63
:10DF90003A4649464046FFF739FD3246694648460B
:10DFA000FFF734FD6B6862686A6063600DE0002E05
:10DFB000F8D0721C04F1080105F10800FFF726FDF6
:10DFC00063686B60236867601F7005B0BDE8F0830D
:10DFD0003A4649464046FFF719FD6B6863602B6877
:10DFE0006E601E70F1E726467A1C56F8088F05F120
:10DFF00008013046FFF70AFD23682B602660C5F84C
:10E000000880CFE7AF6868B1626805F108060132A1
:10E0100004F108013046FFF7F9FC2B6823602E60FD
:10E02000A760BFE722682B682A602360A368AB6003
:10E03000F6E738B54568AA42134608D204680A468E
:10E04000E018E91AFFF7E6FC08B1001B38BD4FF0F5
:10E05000FF30FBE7F8B54468A3420E461D460CD8D6
:10E06000E41A9442076828BF14462A4631463819F4
:10E07000F0F7B8FC18B1631E1CB94FF0FF3420460E
:10E08000F8BD1C46F1E72DE9F041D0F804800546C3
:10E090000E461F461446444504D34FF0FF34204635
:10E0A000BDE8F0812B6839461A5D3046FFF7B2FCB7
:10E0B0000028F4D00134EEE710B50346446810465A
:10E0C000A04202D34FF0FF3010BD1A68125C8A42A2
:10E0D000FAD10130F4E7836858697047836898691A
:10E0E00070478368586B70478368986B82B002B042
:10E0F00070478368D86B82B002B0704783685869F4
:10E1000070478368986970478368586B7047836865
:10E11000986B82B002B070478368D86B82B002B04F
:10E1200070478368586A70478368986A7047002010
:10E1300070470020704770470020914200D370471D
:10E1400051F8043B03EB7060F7E7000010B5034B98
:10E1500003600446ECF74FFC204610BD242107085D
:10E1600010B5034B03600446ECF745FC204610BD98
:10E170006021070810B5034B03600446ECF73BFC35
:10E18000204610BD6022070810B5034B036004460B
:10E19000ECF731FC204610BD7822070810B5034B80
:10E1A00003600446ECF727FC204610BD90210708C9
:10E1B00010B5034B03600446ECF71DFC204610BD70
:10E1C0009022070810B5034B03600446ECF713FCDC
:10E1D000204610BDA422070810B50446FFF7B6FF7D
:10E1E000204606F09DF9204610BD10B50446FFF705
:10E1F000B7FF204606F094F9204610BD10B504463E
:10E20000FFF7B8FF204606F08BF9204610BD10B589
:10E210000446FFF7B9FF204606F082F9204610BDFC
:10E2200010B50446FFF7BAFF204606F079F92046FC
:10E2300010BD10B50446FFF7BBFF204606F070F98D
:10E24000204610BD10B50446FFF7BCFF204606F07F
:10E2500067F9204610BD000010B5054B044640F894
:10E26000083B06F08BFD2046ECF7C5FB204610BDB1
:10E270001822070810B50446FFF7EEFF204606F007
:10E280004FF9204610BD000010B5054B044640F87C
:10E29000083B06F073FD2046ECF7ADFB204610BDB1
:10E2A000A420070810B50446FFF7EEFF204606F04D
:10E2B00037F9204610BD000038B50D4B03600569E5
:10E2C0000446ECF7C5FB854203D015B1284606F09D
:10E2D00029F9A06810B103685B68984704F10C0045
:10E2E00006F04CFD2046ECF786FB204638BD00BF0B
:10E2F000A021070810B50446FFF7DEFF204606F010
:10E300000FF9204610BD000088422DE9F041044677
:10E310000D4618D0A0B10F1ABF1000213846F0F7F3
:10E3200061FF00F10C080646214640462A46F0F7F8
:10E33000D5FE39463046F0F749FF4046BDE8F0814A
:10E340000248F8F7FCFEDFF80880F6E7F4E3060879
:10E350003CD20124D0E902218A4202D204328260F6
:10E36000704703689B6A184770B5054616460C4609
:10E3700051B1084609F0A3FE04EB80013246204665
:10E38000FFF7C2FF286070BD6FF00301F6E713B519
:10E390008B6801AAD9690446FFF7E6FF204602B060
:10E3A00010BD13B58B6801AA59690446FFF7DCFF5D
:10E3B000204602B010BD13B58B6801AAD96A044685
:10E3C000FFF7D2FF204602B010BD13B58B6801AA3B
:10E3D000596A0446FFF7C8FF204602B010BD13B5C6
:10E3E0008B6801AAD9690446FFF7BEFF204602B038
:10E3F00010BD13B58B6801AAD96A0446FFF7B4FFB4
:10E40000204602B010BD13B58B6801AA596A0446B4
:10E41000FFF7AAFF204602B010BD13B58B6801AA12
:10E42000D9690446FFF7A0FF204602B010BD50F89E
:10E430000C0C704710B5FFF7FAFF0C46A0421146CE
:10E44000034603D202482246F8F782FE204610BD5A
:10E4500066E406082DE9F041076815460446094AB6
:10E4600038460E46FFF7E6FF01463846FFF7DFFF66
:10E47000821BAA4228BF2A4620460023BDE8F0415D
:10E48000F0F708BFC8E4060810B40468E46AA446BC
:10E490005DF8044B60470A2807D82F2917D9303078
:10E4A000814214D2A1F130007047A1F13000092857
:10E4B0000FD9A1F16103052B02D8A1F157007047D4
:10E4C000A1F14103052B02D8A1F1370070474FF0AD
:10E4D000FF30704710B504460068FFF73BFF4FF070
:10E4E000FF33636010BD00002DE9F8430746154671
:10E4F0000C46D9B10846D1F753FF04EB00094C454F
:10E50000064616D02A460021F0F72EFB00F10C0833
:10E510000546214640464A46F0F792FA31462846DB
:10E52000F0F716FBC7F80080BDE8F8830248F8F75B
:10E5300006FEDFF80880F5E7F4E306082CD2012494
:10E5400013B58B6801AA99680446FFF7CDFF2046F2
:10E5500002B010BD13B58B6801AA99680446FFF795
:10E56000C3FF204602B010BD13B58B6801AA99689D
:10E570000446FFF7B9FF204602B010BD07B500689A
:10E5800001A90C38F0F778FE03B05DF804FB50F8F1
:10E590000C0C704770B505460068FFF7F8FF814224
:10E5A000034604D90A4607480749F8F7D1FD441A3B
:10E5B000A24228BF224628460023BDE87040F0F75B
:10E5C00043BB00BF66E40608C8E4060807B5006858
:10E5D00001A90C38F0F714FB03B05DF804FB0B46FF
:10E5E00011461A460BB109F075BD18467047000078
:10E5F0002DE9F34716461C462A4B03606A46074638
:10E60000884630462146FFF77FFE274B019005469E
:10E61000FFF70DFFA41B9C424FEA640605EB80093F
:10E6200094BFB0004FF0FF3005F0ECFF6FF0604A90
:10E6300004462A4633462146404606F00FFD8642F0
:10E64000024613D8461C14B1204605F06BFF564510
:10E6500034BFB0004FF0FF3005F0D4FF2A4601462A
:10E6600004463346404606F0F9FC02462146384649
:10E67000F0F770FF284609F022FD05EB8000814588
:10E6800005D0051D00213846F0F7FBFFD1E714B196
:10E69000204605F047FF01A8FFF770FF384602B09B
:10E6A000BDE8F0873CD20124FCFFFF3F2DE9F04399
:10E6B00085B080460846114603AA1C46FFF724FE93
:10E6C0000C990290814601AA2046FFF71DFE0546DF
:10E6D00003904846FFF7ABFE09EB80072846FFF79B
:10E6E000A6FE05EB80062A464946404606F0ABFCEE
:10E6F000044678B9484609F0E2FC09EB800928464F
:10E7000009F0DDFC4F4505EB80040DD1341B18BF2B
:10E710004FF0FF3403A8FFF731FF02A8FFF72EFFE9
:10E72000204605B0BDE8F083A64203D009F10409F4
:10E73000251DD8E70124EDE7F0B589B006AE86E8DF
:10E740000C00139A0B680592129A0492119A039284
:10E750009DF8402002920EAA04460D4692E803005E
:10E760008DE8030020469F68294696E80C00B847CC
:10E77000204609B0F0BDF0B589B006AE86E80C00C1
:10E78000139A0B680592129A0492119A03929DF8BB
:10E79000402002920EAA04460D4692E803008DE83E
:10E7A00003002046DF68294696E80C00B84720465B
:10E7B00009B0F0BD70B586B004AC84E80C000C9ACA
:10E7C00002920B9A01920B689DF8282000929E6895
:10E7D00094E80C000546B047284606B070BD70B5F9
:10E7E00086B004AC84E80C000D9A03920C9A029255
:10E7F0000B9A01920B689DF828200092DE6894E83D
:10E800000C000546B047284606B070BD00390B4ADB
:10E81000026018BF01210022C0E90222C0E90522DE
:10E82000C0E90722C0E90922C0E90B22C0E90D2294
:10E8300041600274C26380F86C2070470CFA0608CD
:10E8400000390B4A026018BF01210022C0E90222F0
:10E85000C0E90522C0E90722C0E90922C0E90B226C
:10E86000C0E90D2241600274C26380F86C207047D9
:10E87000FCF9060803689B6818470368DB681847BB
:10E8800010B50B6804461B699847204610BD10B5AB
:10E890000B6804465B699847204610BD10B50B68AD
:10E8A00004469B699847204610BD10B50B68044686
:10E8B000DB699847204610BD03681B6A1847036848
:10E8C0005B6A82B002B0184703689B6A82B002B0EC
:10E8D000184703689B6818470368DB68184710B53A
:10E8E0000B6804461B699847204610BD10B50B689D
:10E8F00004465B699847204610BD10B50B68044676
:10E900009B699847204610BD10B50B680446DB692B
:10E910009847204610BD03681B6A184703685B6A66
:10E9200082B002B0184703689B6A82B002B01847F1
:10E930000039094A026018BF01210022C0E9022201
:10E94000C0E90522C0E90722C0E90922416002743A
:10E9500080F82421704700BF2CFA060803689B68E2
:10E9600018470368DB68184710B50B6804461B6935
:10E970009847204610BD10B50B6804465B69984760
:10E98000204610BD10B50B6804469B699847204689
:10E9900010BD0000003A084B18BF012210B54260BC
:10E9A000036081600446ECF753F8002120612046A3
:10E9B00006F0E0FE204610BDA021070883689A6893
:10E9C0000A60DB684B60704783681A690A605B699C
:10E9D0004B60704783689A690A60DB694B607047D7
:10E9E00083681A6A0A605B6A4B6070478368DA6AF8
:10E9F0000A601A6B4A605A6B8A609A6BCA60DA6B5B
:10EA00000A611A6C4A615B6C8B61704783689A6C0F
:10EA10000A60DA6C4A601A6D8A605A6DCA609A6D33
:10EA20000A61DA6D4A611B6E8B61704783685A6EAA
:10EA30000A609A6E4A60DA6E8A601A6FCA605A6F0C
:10EA40000A619A6F4A61DA6F8A61D3F88020CA61DD
:10EA5000D3F884200A62D3F888204A62D3F88C2045
:10EA60008A62D3F89030CB6270478368D3F89420E1
:10EA70000A60D3F898204A60D3F89C208A60D3F8C3
:10EA8000A020CA60D3F8A4200A61D3F8A8204A6164
:10EA9000D3F8AC208A61D3F8B020CA61D3F8B4208F
:10EAA0000A62D3F8B8204A62D3F8BC208A62D3F84D
:10EAB000C030CB62704703689B681847F0B589B0D7
:10EAC00006AE86E80C00129A0B680492119A039223
:10EAD000109A02920EAA04460D4692E803008DE8B1
:10EAE00003002046DF68294696E80C00B847204618
:10EAF00009B0F0BDF0B589B006AE86E80C00129AF8
:10EB00000B680492119A0392109A02920EAA04467C
:10EB10000D4692E803008DE8030020461F69294650
:10EB200096E80C00B847204609B0F0BDF0B589B0B2
:10EB300006AE86E80C00129A0B680492119A0392B2
:10EB4000109A02920EAA04460D4692E803008DE840
:10EB5000030020465F69294696E80C00B847204626
:10EB600009B0F0BDF0B589B006AE86E80C00129A87
:10EB70000B680492119A0392109A02920EAA04460C
:10EB80000D4692E803008DE8030020469F69294660
:10EB900096E80C00B847204609B0F0BDF0B589B042
:10EBA00006AE86E80C00129A0B680492119A039242
:10EBB000109A02920EAA04460D4692E803008DE8D0
:10EBC00003002046DF69294696E80C00B847204636
:10EBD00009B0F0BD003910B5054B036018BF012125
:10EBE00041600446EBF72AFFA060204610BD00BF3D
:10EBF0001822070803689B68184773B5079E01969B
:10EC00000D68069E0096ED680446A847204602B0AF
:10EC100070BD03681B69184710B40468A468A44653
:10EC20005DF8044B604738B50D680446ED68A847A9
:10EC3000204638BD10B504460348EBF77FFF236834
:10EC40005B6853F8200010BD40D2012408B5FFF7DF
:10EC5000F1FF08B9F8F770FA08BD000010B50446D6
:10EC60000348EBF76BFF23685B6853F8200010BD87
:10EC70006CD3012408B5FFF7F1FF08B9F8F75CFA87
:10EC800008BD00002DE9F043044685B008460F4654
:10EC9000FFF7F0FF0146054601A8FFF765FE019862
:10ECA000FFF775FCE06005F0ADFC00230146E2686B
:10ECB000064601A8EFF706FFE3682BB196F900308E
:10ECC000002BD4BF002301232374294602A8FFF799
:10ECD00052FE0298FFF7ABFB6FF060429042A061DA
:10ECE00034BF80004FF0FF3005F08CFCA269002398
:10ECF0008046014602A8F0F735FA294603A8FFF737
:10ED000041FE0398FFF793FB6FF060429042206250
:10ED100034BF80004FF0FF3005F074FC226A0146DA
:10ED20000023814603A8F0F71DFA2846FFF716FED8
:10ED300060622846FFF715FEA0623846FFF786FF9F
:10ED4000124B196804F12C0301F124020546FFF768
:10ED50009BFB0F4B1968284601F11A0204F1BC0312
:10ED6000FFF792FB012384F8243103A8A660C4F8BE
:10ED70001480C4F81C90FFF701FC02A8FFF7FEFB0B
:10ED800001A8FFF723FC05B0BDE8F0836C00002468
:10ED9000700000242DE9F04105461048EBF7CEFE47
:10EDA0002B68DF6857F820800446B8F1000F10D1B7
:10EDB0004FF49470EBF773FD41460646FFF7B8FD3C
:10EDC00029463046FFF75EFF286822463146EBF7BA
:10EDD0006FFF57F82400BDE8F08100BF6CD3012419
:10EDE00010B504460348EBF7A9FE23685B6853F8A7
:10EDF000200010BD74D3012408B5FFF7F1FF08B956
:10EE0000F8F79AF908BD000010B504460348EBF77F
:10EE100095FE23685B6853F8200010BD70D3012471
:10EE200008B5FFF7F1FF08B9F8F786F908BD00004B
:10EE300010B504460948EBF781FE2368D3E90123A6
:10EE4000984209D252F8200030B1BDE81040044A7F
:10EE50000449002305F068BB002010BD68D30124DD
:10EE6000F41D0708ECF1060808B5FFF7E1FF08B943
:10EE7000F8F762F908BD2DE9F043DDE907640025E4
:10EE80002F4603F1FF3E12F807C0A4EB0608BCEBC7
:10EE9000A80F02EB070309DB071FA64212D140446B
:10EEA000013D14D2934222D1BDE8F0834FFA8CF990
:10EEB000B9F1000FF0DDBE45A4EB8C048CBF013727
:10EEC0000135E0E756F804CB47F804CFE5E70160E9
:10EED0001E788446B70004EB8606B44202D13E1D7C
:10EEE0003044DDE754F804EB4CF804EFF5E701603B
:10EEF00013F8015D0746AE0004EB8505AC4202D174
:10EF0000351D2844CEE754F804CB47F804CFF5E785
:10EF1000F7B5DDE9087408461946DDE90A36CFB1D0
:10EF2000FD1AAD1003EB850CCDE9003C13460246FB
:10EF30002046FFF7A0FF041BA41047B13268521B04
:10EF400002D0394609F0D5F833685B1B1C443460A5
:10EF500003B0F0BD3568E5E773B5099CDDE90750FE
:10EF60000E461946236800EB8303CDE900031346E0
:10EF700028463246FFF77FFF401B8010206002B01A
:10EF800070BD70B59DF810408CB103460A26B1FBE8
:10EF9000F6F506FB1514043452F8244043F8044DEA
:10EFA0000C46092C2946F2D8C01A801070BD03F017
:10EFB0004A04402C0AD1034601F007040434C9086E
:10EFC00052F8244043F8044DF6D1EDE713F4804F96
:10EFD0000CBF04251425034601F00F042C44090935
:10EFE00052F8244043F8044DF6D1DDE72DE9F04115
:10EFF00014469DF820201D460746DDE90683BAB178
:10F000000646204629460A220023D1F79BFC0432FB
:10F0100058F8223046F8043D22462B460A2A73F15E
:10F02000000304460D46ECD2B81B8010BDE8F08109
:10F0300003F04A02402A0FD1064604F007030433C6
:10F04000E40858F8233046F8043D44EA4574ED08D6
:10F0500054EA0503F1D1E7E713F4804F0CBF042213
:10F060001422064604F00F031344240958F82330F1
:10F0700046F8043D44EA05742D0954EA0503F1D12C
:10F08000D2E738B504460868FFF7D1F96FF060435E
:10F090009842206034BF80004FF0FF300D4605F0ED
:10F0A000B1FA22686060014600232846F0F75AF85A
:10F0B000204638BD2DE9F041044688B00846884610
:10F0C000FFF79AFE0546014606A8FFF7E0FB06A9F2
:10F0D00002A8FFF7D6FF06A8FFF750FA294606A8B0
:10F0E000FFF7DCFB06A904A8FFF7CBFF06A8FFF794
:10F0F00045FA294601A8FFF7D8FB01A906A8FFF7A2
:10F10000C0FF01A8FFF73AFA294601A8FFF7B8FBAC
:10F110000198FFF73CFA064605F074FA002307460B
:10F120000146324601A8EFF7CDFCC4E902762EB1C4
:10F1300097F90060002ED4BF0026012626742846C9
:10F14000FFF798FB60612846FFF797FB039BE3619D
:10F15000029B2362059B6362049BA362079BE3629D
:10F16000069B2363A0612846FFF7A6FB6063284641
:10F17000FFF7A5FBA0632846FFF7A6FBE063404628
:10F18000FFF764FD084B196804F1400301F10B021D
:10F19000FFF77AF9012384F86C3001A8FFF716FA1B
:10F1A00008B0BDE8F08100BF740000242DE9F041F3
:10F1B00005460F48EBF7C2FC2B68DF6857F8208044
:10F1C0000446B8F1000F0FD17020EBF768FB414601
:10F1D0000646FFF71BFB29463046FFF76BFF286802
:10F1E00022463146EBF764FD57F82400BDE8F08174
:10F1F00074D3012438B504460868FFF718F96FF096
:10F2000060439842206034BF80004FF0FF300D46CD
:10F2100005F0F8F922686060014600232846EFF700
:10F22000A1FF204638BD00002DE9F041044688B01A
:10F2300008468846FFF7F4FD0546014606A8FFF795
:10F2400055FB06A902A8FFF7D5FF06A8FFF796F918
:10F25000294606A8FFF751FB06A904A8FFF7CAFF35
:10F2600006A8FFF78BF9294601A8FFF74DFB01A976
:10F2700006A8FFF7BFFF01A8FFF780F9294601A8FC
:10F28000FFF72DFB0198FFF782F9064605F0BAF962
:10F29000002307460146324601A8EFF713FCC4E9F4
:10F2A00002762EB197F90060002ED4BF0026012609
:10F2B00026742846FFF70DFB60612846FFF70CFB1C
:10F2C000039BE361029B2362059B6362049BA36231
:10F2D000079BE362069B2363A0612846FFF71BFBA5
:10F2E00060632846FFF71AFBA0632846FFF71BFB65
:10F2F000E0634046FFF7AAFC084B196804F140039D
:10F3000001F10B02FFF7C0F8012384F86C3001A86B
:10F31000FFF75CF908B0BDE8F08100BF740000247D
:10F320002DE9F04105460F48EBF708FC2B68DF6834
:10F3300057F820800446B8F1000F0FD17020EBF78A
:10F34000AEFA41460646FFF77BFA29463046FFF7FC
:10F350006BFF286822463146EBF7AAFC57F82400D9
:10F36000BDE8F08170D301242DE9F04F8DB004A9E0
:10F37000169F039007F16C04204681E80C00FFF70C
:10F3800065FC05462046FFF7CBFF189B026C1B6807
:10F3900019689142044605D0D0E909A8826B07920A
:10F3A0001E4609E0C26B0792D0E90BA81846FFF78A
:10F3B0003EF80028F4D01E1D1846FFF738F82B68D9
:10F3C0003246D3F81490042106EB80032846C84740
:10F3D000851BAD10A946002D00F0BE80794B089327
:10F3E000690008A8F0F769F8636BA5EB030BBBF1A4
:10F3F000000F2BDD15EA230538BF5D46E368002BBF
:10F400005DD00898FFF713F80021024600916B00C9
:10F4100008A8EFF7C5FF08A8EFF79EFF06EB8503E6
:10F42000CDE900630898A169D4E90223FFF723FD21
:10F43000834608A8EFF790FF089BABEB03014FF062
:10F44000FF32891008A8FFF705F8AB46636B002B65
:10F450000CDD616908A8F0F714F9BBF1000F34DB8B
:10F46000626B06EB8B0108A8F0F774F8FD6808984A
:10F4700005F0B0030293FEF7DAFF15F4007518BF2C
:10F48000256A504B099340440544690009A8F0F7E8
:10F4900014F8029BBE68102B20D1B5422CBF4FF050
:10F4A000000B4FF0010B4FF0000907AB13F80930C8
:10F4B000042B1ED8DFE803F07469155B64002A464C
:10F4C000314608A8EFF79AFFBFE7626CCBF1000165
:10F4D00008A8F0F77FF84A463146C4E74FF0000B22
:10F4E000E1E7FB689B0504D5D4E9071209A8F0F70A
:10F4F00031F809F10109B9F1040FD6D1B8F1010FC2
:10F5000006D908F1FF320AF1040109A8F0F722F840
:10F51000099D2846FEF78BFF86420AD9029B202BC5
:10F52000A6EB000440D1179A214609A8F0F752F83B
:10F5300030460AACDDE90412099B00902046F5F73D
:10F54000EAFB94E80300049009A88DF81410FFF773
:10F5500015F808A8FFF712F8DDE904010023BB60E5
:10F56000039B83E8030018460DB0BDE8F08FB8F1A7
:10F57000000FBED0DAF8001009A8F0F782F8B8E75B
:10F5800008A909A8EFF7B8FFB3E7BBF1000F05D052
:10F59000179A711B09A8F0F71DF8AAE71799EBE76E
:10F5A000BBF1000FA5D0F3E7074A00212846FEF77C
:10F5B00041FF179B009301462346002209A8EFF75D
:10F5C000EFFEB5E73CD201248CE506082DE9F04FAB
:10F5D0008DB004A9169F039007F16C04204681E8C2
:10F5E0000C00FFF733FB05462046FFF7DFFD189BB5
:10F5F000026C1B6819689142044605D0D0E909A83D
:10F60000826B07921E4609E0C26B0792D0E90BA8F5
:10F610001846FEF70CFF0028F4D01E1D1846FEF712
:10F6200006FF2B683246D3F81490042106EB8003C2
:10F630002846C847851BAD10A946002D00F0BE80A6
:10F64000794B0893690008A8EFF737FF636BA5EBC8
:10F65000030BBBF1000F2BDD15EA230538BF5D4618
:10F66000E368002B5DD00898FEF7E1FE002102461A
:10F6700000916B0008A8EFF793FE08A8EFF76CFE67
:10F6800006EB8503CDE900630898A169D4E902235C
:10F69000FFF7F1FB834608A8EFF75EFE089BABEB94
:10F6A00003014FF0FF32891008A8FEF7D3FEAB46E6
:10F6B000636B002B0CDD616908A8EFF7E2FFBBF17B
:10F6C000000F34DB626B06EB8B0108A8EFF742FFFB
:10F6D000FD68089805F0B0030293FEF7A8FE15F444
:10F6E000007518BF256A504B0993404405446900D2
:10F6F00009A8EFF7E2FE029BBE68102B20D1B542AD
:10F700002CBF4FF0000B4FF0010B4FF0000907AB7F
:10F7100013F80930042B1ED8DFE803F07469155B79
:10F7200064002A46314608A8EFF768FEBFE7626C1E
:10F73000CBF1000108A8EFF74DFF4A463146C4E778
:10F740004FF0000BE1E7FB689B0504D5D4E90712F5
:10F7500009A8EFF7FFFE09F10109B9F1040FD6D1AD
:10F76000B8F1010F06D908F1FF320AF1040109A826
:10F77000EFF7F0FE099D2846FEF759FE86420AD9AA
:10F78000029B202BA6EB000440D1179A214609A822
:10F79000EFF720FF30460AACDDE90412099B009028
:10F7A0002046F5F7B8FA94E80300049009A88DF80C
:10F7B0001410FEF7E3FE08A8FEF7E0FEDDE9040101
:10F7C0000023BB60039B83E8030018460DB0BDE82F
:10F7D000F08FB8F1000FBED0DAF8001009A8EFF7EB
:10F7E00050FFB8E708A909A8EFF786FEB3E7BBF119
:10F7F000000F05D0179A711B09A8EFF7EBFEAAE7D7
:10F800001799EBE7BBF1000FA5D0F3E7074A0021FA
:10F810002846FEF70FFE179B009301462346002261
:10F8200009A8EFF7BDFDB5E73CD201248CE5060839
:10F830002DE9F04F2DED028BB0EE408B8DB004AF73
:10F8400007F1080484E80C007B6D97F850B005467A
:10F85000884607F1180003F16C01EBF7D7F807F1C0
:10F860001800FFF7F3F990B07860EBF7E7F804AE13
:10F870004FF0000AF8612D4BCDF800A08DED028B02
:10F880004022314607F11C00F0F766FC3F28814614
:10F8900017DD00F1080323F00703ADEB030D421C55
:10F8A0003A60EBF7CBF804AEF8618DED028BCDF842
:10F8B00000A01E4B3A68314607F11C00F0F74CFCE3
:10F8C000814607F1140200214846EFF7B9FC06EB28
:10F8D000090AF86107F11C00EFF73EFDFB69786843
:10F8E00052463146FEF7D0FD07F11C030293BB6D73
:10F8F00001937B6D009394E80C0041462846BBF1D0
:10F90000000F10D0FFF730FD07F11C00FEF736FEA8
:10F9100007F11800EBF7ECF828462437BD46BDEC9C
:10F92000028BBDE8F08FFFF751FEEDE7A3E5060877
:10F93000F0B587B004AC84E80C00DDE90D320F9E11
:10F940009DF830700093CDE90126054694E80C003F
:10F9500027B1FFF709FD284607B0F0BDFFF736FED7
:10F96000F9E72DE9F8431D46C368DDE9087603F0A1
:10F97000B003202B89461446A7EB06070FD126B10A
:10F9800032462946204608F0B4FB002F53D03A46B1
:10F99000494604EB8600BDE8F84308F0B0BB102BE5
:10F9A00012D04FF0000827B13A464946204608F0E9
:10F9B000A6FBB6EB08023ED005EB880104EB8700FE
:10F9C000BDE8F84308F095BB6C30FFF73FF92D21F7
:10F9D0008046F5F78DFC2B68984205D12B6844F8DA
:10F9E000043B4FF00108DEE72B214046F5F780FC91
:10F9F0002B689842F2D030214046F5F779FC2B680D
:10FA00009842CED1012ECCDD78214046F5F770FC2E
:10FA10006B68984207D12B6823606B6863604FF076
:10FA200002080834BFE758214046F5F761FC6B68CF
:10FA30009842B6D1EFE7BDE8F88337B5089D184680
:10FA40002B681446CDE90023DDE90623FFF789FF83
:10FA50002C6003B030BD2DE9F04F8BB004AFC7E987
:10FA600000103E6C07F1080106F16C0081E80C0003
:10FA7000FFF790F9F568B96C05F04A0A94B0BAF14D
:10FA8000400F044600F12C080DF1100B63D0002943
:10FA900059DDBAF1080918BF4FF001092B4642465B
:10FAA000CDF800900BF15000FFF76BFA227C7861E3
:10FAB000C0F114030BEB830392B1C0000830ADEB2F
:10FAC000000D0DF1180B07F11402CDE90232CDE95A
:10FAD000006BA36A3868D4E90212FFF73DFA5B466F
:10FAE0007A69B9F1000F3BD0B96C002936DB2805E3
:10FAF00005D5216B43F8041C01327A61043BB268DE
:10FB00007969914211DA9100073121F00701ADEBDB
:10FB1000010D07F11401CDE9013104AC0094334625
:10FB2000796C3868FFF789FF23460022B2607A6952
:10FB30000092D7E902127868F5F7EDF878681C377B
:10FB4000BD46BDE8F08FBAF1080F04D0BB6C4FF092
:10FB500001095942A2E74FF000099FE7E16AC9E7AE
:10FB6000A905CCD5B96C0029C9D0BAF1400F01D193
:10FB7000E16BBFE7C5F380350235023258F8251036
:10FB800043F8041CE16B43F8081C7A61083BB6E7B4
:10FB900030B587B004AC84E80C000C9B02930B9B3F
:10FBA00001930A9B009394E80C000546FFF753FF6E
:10FBB000284607B030BD2DE9F04F8BB004AF07F1F8
:10FBC0000805D7F8409097F84860386085E80C0041
:10FBD000D9F80C307B6013F0010F07F1100416D137
:10FBE00002967B6CCDE90093204695E80C00FFF768
:10FBF00032FF94E80300B860397395E803003B686E
:10FC00001C3783E803001846BD46BDE8F08F09F1B4
:10FC10006C00FFF7BFF886B3D0E905A8D9F80860F3
:10FC2000B0453CDAA6EB0806B200073222F0070224
:10FC3000ADEB020D0DF1100B3246796C584608F011
:10FC40005EFA7B6803F0B0030022202BC9F808207D
:10FC500016D1CDF8008095E8060053462046F5F70A
:10FC60005AF894E803005B46B8603973009695E84B
:10FC700006002046F5F74FF8BBE7D0E907A8CDE727
:10FC8000009695E8060020465B46F5F744F894E8B0
:10FC90000300B8603973CDF800805346E7E70022CF
:10FCA000C9F80820F7E72DE9F04F8BB004AFC7E99A
:10FCB00000103E6C07F1080106F16C0081E80C00B1
:10FCC000FFF768F8F56805F04A0894B0B8F1400FFE
:10FCD000044600F12C0A0DF1100B5CD0B8F10809B4
:10FCE00018BF4FF00109CDF800902B465246B96C71
:10FCF0000BF15000FFF745F9227C7861C0F1140345
:10FD00000BEB830392B1C0000830ADEB000D0DF199
:10FD1000180B07F11402CDE90232CDE9006BA36A9A
:10FD20003868D4E90212FFF717F95B46B9F1000F02
:10FD30000DD1AA050BD5BA6C4AB1B8F1400F7A695A
:10FD40002CD1E16B43F8041C01327A61043BB268A8
:10FD50007969914211DA9100073121F00701ADEB89
:10FD6000010D07F11401CDE9013104AC00943346D3
:10FD7000796C3868FFF761FE23460022B2607A6929
:10FD80000092D7E902127868F4F7C5FF78681C374B
:10FD9000BD46BDE8F08F4FF00009A4E7C5F38035FC
:10FDA000023502325AF8251043F8041CE16B43F87F
:10FDB000081C7A61083BCAE730B587B004AC84E818
:10FDC0000C000C9B02930B9B01930A9B009394E8FD
:10FDD0000C000546FFF767FF284607B030BD2DE948
:10FDE000F04188B004AC0E9ED6F80C8084E80C007C
:10FDF00028F4804323F04A0343F40273F360109B1A
:10FE000002930F9BCDE9006306AF054694E80C0012
:10FE10003846FFF748FF97E8030004908DF8141068
:10FE200094E8030085E803002846C6F80C8008B073
:10FE3000BDE8F0812DE9F04F8DB004AFC7E90110A6
:10FE400007F1100181E80C00BB6C03F16C00D7E9ED
:10FE50001486FEF79FFF00F12C03FB60BB6CDD688E
:10FE600005F04A0AA8B0BAF1400F04460DF1100B94
:10FE7000424633466BD0B8F1010F76F100015CDBEE
:10FE8000BAF1080918BF4FF00109CDE90159F96825
:10FE900000910BF1A000FFF7A9F8227CF861C0F1F6
:10FEA00028030BEB8303A2B1C0000830ADEB000DBB
:10FEB00007F11C02CDE902320DF1180BCDF804B0A8
:10FEC000BB6C0093A36A7868D4E90212FFF744F888
:10FED0005B46FA69B9F1000F3ED0002E3ADB2805E7
:10FEE00005D5216B43F8041C0132FA61043BBA6C5E
:10FEF000F9699268914211DA9100073121F0070106
:10FF0000ADEB010D07F11C01CDE9013104AC00940A
:10FF1000D7E912317868FFF790FD2346B96C0022CB
:10FF20008A60FA690092D7E90412B868F4F7F3FE20
:10FF3000B8682437BD46BDE8F08FBAF1080F06D087
:10FF4000D8F1000266EB46034FF001099DE74FF040
:10FF500000099AE7E16AC5E7A905C8D558EA060687
:10FF6000C5D0BAF1400F01D1E16BBBE7C5F38035D5
:10FF7000F9680235023251F8251043F8041CE16B90
:10FF800043F8081CFA61083BB1E730B587B004AC10
:10FF900084E80C00DDE90C23CDE902230B9B0193DF
:10FFA0000A9B009394E80C000546FFF743FF2846A0
:10FFB00007B030BD2DE9F04F8DB004AFC7E9021096
:10FFC000BE6C07F1100181E80C003B6D7B6006F10F
:10FFD0006C007B6D3B60FEF7DDFEF56805F04A08BE
:10FFE000A8B0B8F1400F044600F12C0A0DF1100B37
:10FFF0005FD0B8F1080918BF4FF00109CDE90159E8
:020000040805ED
:10000000CDF800A0D7E900320BF1A000FEF7EEFF1B
:10001000227CF861C0F128030BEB830392B1C0008E
:100020000830ADEB000D0DF1180B07F11C02CDE906
:100030000232CDE9006BA36AB868D4E90212FEF778
:100040008BFF5B46B9F1000F0FD1AA050DD5D7E99B
:1000500000120A4309D0B8F1400FFA692CD1E16BC4
:1000600043F8041C0132FA61043BB268F969914219
:1000700011DA9100073121F00701ADEB010D07F115
:100080001C01CDE9013104AC00943346F96CB86829
:10009000FFF7D3FC23460022B260FA690092D7E949
:1000A0000412F868F4F737FEF8682437BD46BDE857
:1000B000F08F4FF00009A1E7C5F380350235023219
:1000C0005AF8251043F8041CE16B43F8081CFA6148
:1000D000083BCAE730B587B004AC84E80C00DDE922
:1000E0000C23CDE902230B9B01930A9B009394E818
:1000F0000C000546FFF75EFF284607B030BD2DE92E
:10010000F04F2DED028BB0EE408B91B004AF07F1B4
:1001100010093D6E89E80C0005F16C03C7E9011078
:100120001846FB60FEF736FED5F8048097F8682085
:10013000B8F1000F064607F120012846B8BF4FF07E
:10014000060804F0F7FFEB6803F4827A8CB0BAF586
:10015000827F04AC00F0B480EAF770FC07F1200362
:10016000F8612D228DED028BCDF80080214607F13C
:100170001C00EFF7F1FFB861BB692C2B1BDD03F10D
:10018000010B083323F00703ADEB030DBAF5827FB3
:1001900004AC00F0A380EAF751FC07F12003F861FA
:1001A0005A468DED028BCDF80080214607F11C00E8
:1001B000EFF7D2FFB861F868FEF748FDBA6993001F
:1001C000073323F00703ADEB030D0DF1170A4FEAD8
:1001D000DA082AF0070A534622442146FEF754F96A
:1001E000D7F818B0BBF1000F00F086805A462E21D8
:1001F0002046D0F785F830B1001B8200736A42F8C0
:1002000038300AEB8000337C9BB358B9BBF1020F46
:1002100008DD6278392A2CD8A378303B092B28D8FE
:100220002F2A26D96B46A3EBCB039D4623782D2B93
:100230000DF1100801D02B2B60D1DAF80030C8F88E
:1002400000300BF1FF33BB61012407F11803039366
:100250000AEB8403029308EB8403CDE90003B36A3D
:100260007868D6E90212FEF753FEBB692344BB61EE
:10027000C246AA68BB69934211DA9300073323F0A0
:100280000703ADEB030D07F11803CDE901A304AC9F
:100290000094796E78682B46FFF7CFFBA2460023C7
:1002A000AB60BB690093B86899E806005346F4F761
:1002B00032FDB8683437BD46BDEC028BBDE8F08F27
:1002C000EAF7BCFB07F12003F8612D228DED008BCE
:1002D000214607F11C00EFF73FFF4CE7EAF7AEFBC2
:1002E00007F12003F8615A468DED008B214607F196
:1002F0001C00EFF731FF5DE7584684E70024A4E7D0
:1003000030B587B004AC84E80C00002302930B9B4B
:1003100001930A9B009394E80C000546FFF7EFFE5B
:10032000284607B030BD2DE9F04F2DED028BB0EE21
:10033000408B91B004AF07F110093D6E89E80C00C5
:1003400005F16C03C7E901101846FB60FEF722FDBA
:10035000D5F8048097F86820B8F1000F064607F139
:1003600020012846B8BF4FF0060804F0E3FEEB6812
:1003700003F4827A8CB0BAF5827F04AC00F0B480CA
:10038000EAF75CFB07F12003F8612D228DED028B6B
:10039000CDF80080214607F11C00EFF7DDFEB861C3
:1003A000BB692C2B1BDD03F1010B083323F0070382
:1003B000ADEB030DBAF5827F04AC00F0A380EAF741
:1003C0003DFB07F12003F8615A468DED028BCDF815
:1003D0000080214607F11C00EFF7BEFEB861F86807
:1003E000FEF734FCBA699300073323F00703ADEB43
:1003F000030D0DF1170A4FEADA082AF0070A5346EF
:1004000022442146FEF740F8D7F818B0BBF1000FA0
:1004100000F086805A462E212046CFF771FF30B17A
:10042000001B8200736A42F838300AEB8000337C8C
:100430009BB358B9BBF1020F08DD6278392A2CD87A
:10044000A378303B092B28D82F2A26D96B46A3EB5B
:10045000CB039D4623782D2B0DF1100801D02B2BBB
:1004600060D1DAF80030C8F800300BF1FF33BB611F
:10047000012407F1180303930AEB8403029308EBAA
:100480008403CDE90003B36A7868D6E90212FEF767
:100490003FFDBB692344BB61C246AA68BB69934266
:1004A00011DA9300073323F00703ADEB030D07F1D7
:1004B0001803CDE901A304AC0094796E78682B464B
:1004C000FFF7BBFAA2460023AB60BB690093B86894
:1004D00099E806005346F4F71EFCB8683437BD4669
:1004E000BDEC028BBDE8F08FEAF7A8FA07F1200314
:1004F000F8612D228DED008B214607F11C00EFF7EE
:100500002BFE4CE7EAF79AFA07F12003F8615A4606
:100510008DED008B214607F11C00EFF71DFE5DE716
:10052000584684E70024A4E730B587B004AC84E8DB
:100530000C004C2302930B9B01930A9B009394E8BD
:100540000C000546FFF7EFFE284607B030BD2DE949
:10055000F043ADF5097D0446909E9DF84C929DF8C0
:1005600050726C36304602AD85E80C00FEF76EFB2B
:1005700080463046FEF778FC252106464046F4F7D3
:10058000B7FE0490C7B9CDE90597929B009308A9DF
:1005900004AB8022304605F0BFF808A807F08FFDB5
:1005A000009095E80600204608ABF4F7B4FB20461F
:1005B0000DF5097DBDE8F0830023CDE905790793AA
:1005C000E3E72DE9F74F0546DDE912076C466C308D
:1005D00084E80C00DDF840A0FEF738FB4FF000097E
:1005E00080464E464FF00A0B0CA92046F4F7A5FEB4
:1005F00070B1119B9E420BD02046F4F77CFE2A225C
:1006000001464046F4F76BFE3038C2B2092A10D9D1
:10061000C6B10F9A914515DBD14513DC0E9AC2F88D
:10062000009094E8030085E80300284603B0BDE885
:10063000F08F0BFB0909D145EADC2046FDF74AFFA4
:100640000136D1E73B6843F004033B60E9E72DE95D
:10065000F04F8DB000AF07F12006B861F86E6C3036
:1006600086E80C00FEF7F2FABB6E6A46A2EBC30303
:100670009D46DB087B61BB6E9B003B61BB6E054604
:10068000E84607F15801304608EB8309F4F755FEB8
:10069000044628B90026012C39D840F07A8160E15F
:1006A0003046F4F728FE044601462846F4F71AFEC1
:1006B000214606462846F4F718FE4FF0000B824606
:1006C0005C46BB6E9B45E5D07B6E53F82B302846CD
:1006D0001968F4F707FEB0420FD1A300FB617B6EEF
:1006E00053F82B0007F0EBFCFB6949F8240048F8AD
:1006F00003B001340BF1010BE3E77B6E53F82B30B1
:1007000028461968F4F7F1FD5045F3D1E5E7CB46EB
:1007100009EB84005BF8043BFB625B461A46F96A0E
:10072000D2F800C08C4507F12C0128BF0A460433DB
:10073000D2F800A0C7F82CA09842EFD1013607F1FB
:100740002000FDF7C7FEB2452CD107F1580107F193
:100750002000F4F7F2FD824600285ED14FF0000A37
:10076000002359F82320911B4A424A41524509BFB0
:1007700004F1FF34013358F8242048F8232004BF43
:1007800059F8242049F82320A342EAD3BAF1000FF4
:1007900000F08580D9F80030012107F12C0CA1422E
:1007A000FB6272D3FB6AB34240F2D68007F1580174
:1007B00007F12000F4F7C1FD002800F0CD8007F11B
:1007C0002000F4F798FD01462846F4F78BFDF86009
:1007D00007F12000F4F78FFD01462846F4F785FD68
:1007E000B300B860FB614FF0000A54457FF653AF89
:1007F0007B6E58F82A2053F82220FB697A60D15882
:100800002846F4F76FFDFB687A6898424FEA8A0B36
:1008100040F08F800AF1010AE7E707F12000F4F7C2
:100820006AFD01462846F4F75DFDF86007F12000F7
:10083000F4F761FD01462846F4F757FDB300FB616C
:10084000B8600023796E58F8232051F8222059F817
:100850002310B14203D801339C42F3D17EE73B60C1
:10086000FB697A60D1582846F4F73CFDFB68984252
:100870003FF476AFFB697A682846D158F4F735FD26
:10088000BB6898423B68E6D16AE75A460131106876
:10089000834298BF62460BF1040B13687FE7022C7A
:1008A00065D1BB6EDB0774D4D8F80030B86EBA6E71
:1008B000B3EB500F4FEA5201D8F804202DD20B446D
:1008C000934266D1D7E90432D8F8004053F8328019
:1008D0007B6E53F8243003EB8609464560D207F15E
:1008E000580107F12000F4F728FD002851D059F8ED
:1008F000041B2846F4F7F6FC824607F12000F4F7C3
:10090000FAFC01462846F4F7EDFC824531D107F1A7
:100910002000FDF7DFFD0136DFE75B1A934238D197
:10092000D7E90421C8F80030D9F8043042F8313052
:10093000C8E7FB692846D158F4F7D7FCBB68984252
:100940003FF468AF013C58F8242048F80B2059F8D0
:10095000242049F80B2048E70023012C19D1002B53
:10096000B0D107F12000FDF7B5FD0136AAE701235C
:10097000F3E759F8041C2846F4F7B7FC824607F160
:100980002000F4F7B8FC01462846F4F7AEFC824597
:10099000BDD03B6F3A6F1B6843F00403136002E065
:1009A000F7D13B6E1C60D7E90801BB69343783E897
:1009B00003001846BD46BDE8F08F2DE9F04F85B025
:1009C00000AF8046F86CD7F844A007F108096C30F6
:1009D00089E80C00FEF73AF9BB6C78606A46A2EB36
:1009E000C3039D4607F1380148466C46F4F7A5FC61
:1009F000002800F084804846F4F77DFCBA6C00269D
:100A000003464FEA420B3546B34537D8002D76D022
:100A10004846FDF75FFDAB00073323F00703ADEB5E
:100A2000030DE946002654F826305AF8230007F053
:100A300046FB49F826000136B542F4D1012507F1FD
:100A4000380107F10800F4F778FC48BB012E5AD1B1
:100A5000D9F80030AB425FD1BA6C23689342A8BF8B
:100A60009B1A3A6C136007F1100313E90300143763
:100A700088E803004046BD46BDE8F08F5AF82610CE
:100A80000968994204D144F8256001350136BBE775
:100A900078683B60F4F729FC3B689842F6D1F2E7AE
:100AA00007F10800F4F727FC002386464FEA850B80
:100AB00019469E4207D88E42C8D007F10800FDF7BC
:100AC00009FD0135BBE759F82320AA424FEA830C00
:100AD00009EB830002D801310133EAE754F82320FF
:100AE0005AF8222052F80B207245F5D0013E54F8F6
:100AF000262044F80C2059F826200260D9E7002669
:100B00003546B1469BE7022E06D1D9F80030AB42FC
:100B1000A2D0D9F804309DE73B6D3A6D1B6843F0D5
:100B200004039FE72DE9F04FADB08B46389D0B9045
:100B300005F16C060EA9304681E80C00DDF8E8A04E
:100B40003C9CFEF791F909903046FEF77FF881460C
:100B50003B9807F0B4FA00230A90109336A90EA828
:100B60000893F4F7EAFBDDF84080002800F0678482
:100B7000089B0A9A934280F06284B8F1000F00F05B
:100B80007184399B399A1B6843F00403136000F0A9
:100B90005FBC0233B168089300224846F4F79FFB1C
:100BA00000F07FBC14AE31460998FDF71FFF09988D
:100BB0001BA9FDF72BFF10ABCDE905530E23CDE9A3
:100BC000036311AB029336AB93E803008DE8030097
:100BD0000CAF0EAE96E80C0059463846FFF737FDCD
:100BE00097E80300109B86E80300002B3CD1119A84
:100BF000072392FBF3F3C3EBC303D21ACAF81820FE
:100C0000237843F00203E2E014AE31460998FDF781
:100C10000DFF099820A9FDF728FF10ABCDE905537A
:100C20001823CDE9036311AB029336AB93E80300BD
:100C30008DE803000CAF0EAE96E80C00594638461E
:100C4000FFF705FD97E80300109B86E803005BB9FA
:100C5000119B0C2293FBF2F102FB1133CAF8103006
:100C6000238843F481632380089B013376E7099846
:100C700012A9FDF7AFFE129B06940CAF059310ABC3
:100C8000CDE90253CDF810A036AB93E803008DE810
:100C900003000EAE96E80C0059463846FFF742FFB7
:100CA00097E80300109B86E80300002BDCD16378F3
:100CB00043F0040377E110ABCDE906534FF002088F
:100CC0006323CDE904380023039311AB029336ABC1
:100CD00093E803008DE803000CAF0EAE96E80C001D
:100CE00059463846FFF76DFC97E80300109B86E8ED
:100CF0000300002BB8D1119B6360238843F49063F9
:100D0000B1E70EA8F4F7F7FA082102464846F3F7D0
:100D1000FFFF10B10EA8FDF7DDFB10ABCDE90653C8
:100D20004FF0020E1F23CDE9043E0123039311ABC4
:100D3000029336AB93E803008DE803000CAF0EAED0
:100D400096E80C0059463846FFF73BFC97E803004D
:100D5000109B86E80300002B86D1119BCAF80C304B
:100D6000238843F482637EE7B84A14AE3346A2F187
:100D700009014846FDF788FB0CAFCDE905647EE725
:100D800010ABCDE906534FF0020C1723CDE9043C1C
:100D90000023039311AB029336AB93E803008DE875
:100DA00003000CAF0EAE96E80C0059463846FFF72C
:100DB00008FC97E80300109A86E80300002A7FF4F5
:100DC00053AF119BCAF80830237862F300032370F5
:100DD0004AE710ABCDE906530C270223CDE9047393
:100DE0000123039311AB029336AB93E803008DE824
:100DF00003000DF130080EAE96E80C00594640464F
:100E0000FFF7DFFB98E80300109B86E80300002B48
:100E10007FF42AAF119B93FBF7F207FB1233CAF85A
:100E20000830237843F00103D1E710ABCDE9065336
:100E300003264FF4B773CDE904360123039311ABB6
:100E4000029336AB93E803008DE803000CAF0EAEBF
:100E500096E80C0059463846FFF7B3FB97E80300C5
:100E6000109B86E80300002B7FF4FEAE119B013B34
:100E7000CAF81C30237843F00403A8E710ABCDE98F
:100E8000065302200C23CDE904300123039311AB58
:100E9000029336AB93E803008DE803000CAF0EAE6F
:100EA00096E80C0059463846FFF78BFB97E803009D
:100EB000109B86E80300002B7FF4D6AE119B013B0C
:100EC000CAF81030237843F0080380E710ABCDE96F
:100ED000065302213B23CDE904310023039311ABD8
:100EE000029336AB93E803008DE803000CAF0EAE1F
:100EF00096E80C0059463846FFF763FB97E8030075
:100F0000109B86E80300002B7FF4AEAE119BCAF85D
:100F10000430A9E636A90EA8F4F70FFA00283FF42A
:100F2000A3AE0EA8F4F7E7F9082102464846F3F706
:100F3000EFFE00283FF498AE0EA8FDF7CBFAE9E7E4
:100F400014AE09983146FDF74BFD149B1B68002B2E
:100F50003FF48AAE159B1B68002B3FF485AE10ABA7
:100F6000CDE905530223CDE9036311AB029336AB00
:100F700093E803008DE803000CAF0EAE96E80C007A
:100F800059463846FFF763FB97E80300109B86E855
:100F90000300002B7FF468AE119B002B3FF464AE7E
:100FA000637843F0010363705EE6099B06949B68D7
:100FB0009B6A0CAF059309E0254A14AE3346911F96
:100FC0004846FDF761FACDE905640CAF10ABCDE9F9
:100FD0000253CDF810A036AB93E803008DE8030070
:100FE0000EAE5946384696E80C00FFF79BFD97E891
:100FF000030086E8030037E610ABCDE90653022272
:101000003C23CDE904320023039311AB029336ABAA
:1010100093E803008DE803000CAF0EAE96E80C00D9
:1010200059463846FFF7CDFA97E80300109B86E84B
:101030000300002B7FF418AE119BCAF8003013E6B2
:10104000044A14AE3346A2F10901B9E7B2E5060835
:10105000B8E50608C1E5060810ABCDE906534FF028
:1010600002083523CDE904380023039311AB029322
:1010700036AB93E803008DE803000CAF0EAE96E8A4
:101080000C0059463846FFF79CFA97E80300109B7E
:1010900086E80300002B7FF4E7AD119B22681B0458
:1010A00003F47C1322F47C1243F0200322F020028C
:1010B00013432360D8E510ABCDE906534FF0010E82
:1010C0000623CDE9043E0023039311AB029336AB14
:1010D00093E803008DE803000CAF0EAE96E80C0019
:1010E00059463846FFF76DFA97E80300109B86E8EB
:1010F0000300002B7FF4B8AD119BCAF818307FE5D0
:1011000010ABCDE906534FF0020C3523CDE9043C7A
:101110000023039311AB029336AB93E803008DE8F1
:1011200003000CAF0EAE96E80C0059463846FFF7A8
:1011300048FA97E80300109B86E80300002B7FF431
:1011400093AD119B22681B0403F47C1322F47C12E0
:1011500043F0400322F04002AAE7099814A9FDF7E2
:101160002DFC149B06940CAF24E7099814A9FDF7F5
:101170002BFCF6E710ABCDE9065302266323CDE93D
:1011800004360023039311AB029336AB93E80300BC
:101190008DE803000CAF0EAE96E80C0059463846B9
:1011A000FFF70FFA97E80300109B86E80300002B77
:1011B0007FF45AAD637823F0060343F006036370AF
:1011C00036A93046F4F7B9F800283BD03046F4F79A
:1011D00092F82A2201464846F4F781F8A0F1300837
:1011E0005FFA88F3092B2DD83046FDF773F9119B70
:1011F0000A2707FB038336A930461193F4F79DF8BD
:10120000A0B13046F4F777F82A2201464846F4F7B1
:1012100066F8A0F130085FFA88F3092B06D830464B
:10122000FDF758F9119B07FB03831193119BA3F260
:101230006C731193637823F002036370119BCAF8F7
:10124000143011E5119B442BDCBF64331193F5E797
:1012500010ABCDE90653042042F20F73CDE9043000
:101260000023039311AB029336AB93E803008DE8A0
:1012700003000CAF0EAE96E80C0059463846FFF757
:10128000A0F997E80300109B86E80300002B7FF489
:10129000EBAC119BA3F26C73CAF81430637823F0A3
:1012A000060305E50EA8F4F726F801210246484694
:1012B000F3F72EFD00287CD010ABCDE905530E23AB
:1012C0000493D04B039314AB029336AB93E8030023
:1012D0008DE803000CAE0EAB0CCB59463046FFF741
:1012E000B6F996E803000EAB83E8030036A918466A
:1012F000F4F723F800283FF4B7AC109B149A13437B
:101300007FF4B2AC0EA8F3F7F6FF2D21064648464F
:10131000F3F7EEFFB04236D110AF17230222CDE92A
:101320000432CDE906570023039314AB029336AB86
:1013300093E803008DE803000CAE0DF1380898E83F
:101340000C0059463046FFF73CF996E803003B2372
:1013500088E803000221CDE90431CDE906570023D6
:10136000039314AB029336AB93E803008DE80300BC
:101370005946304698E80C00FFF723F996E8030039
:1013800088E8030070E40EA8F3F7B5FF2B210646AA
:101390004846F3F7ADFFB0427FF466ACBCE70EA859
:1013A000F3F7A9FF252106464846F3F7A1FFB0420F
:1013B00041D0109B43F00403109355E43B9B089AE3
:1013C000082153F822204846F3F7A2FCA8B136A919
:1013D0000EA8F3F7B2FF00283FF446AC0EA8F3F7CF
:1013E0008AFF082102464846F3F792FC00283FF4A2
:1013F0003BAC0EA8FDF76EF8E9E73B9B4846D95990
:10140000F3F770FF06460EA8F3F775FF014648464E
:10141000F3F768FF86420ED03B9B4846D959F3F755
:1014200064FF06460EA8F3F766FF01464846F3F749
:101430005CFF8642BCE70EA8FDF74CF814E4B8F157
:10144000000F7FF49EAB089B0A9A93427FF499ABFE
:101450000EAB93E803000B9B83E8030018462DB006
:10146000BDE8F08F089B089A08999F003B9B48466F
:1014700003EB820653F821104246F3F730FF25288C
:101480009CD1716842464846F3F729FF4528089BDE
:10149000CDF844803FF47DAB4F283FF47AAB013365
:1014A00008932538542884D801A353F820F000BFAE
:1014B0009F130508B3130508B3130508B3130508F4
:1014C000B3130508B3130508B3130508B3130508D0
:1014D000B3130508B3130508B3130508B3130508C0
:1014E000B3130508B3130508B3130508B3130508B0
:1014F000B3130508B3130508B3130508B3130508A0
:10150000B3130508B3130508B3130508B31305088F
:10151000B3130508B3130508B3130508B31305087F
:10152000A50B0508090C0508B70C0508690D050889
:10153000B3130508B3130508B3130508810D050897
:10154000D30D0508B3130508B3130508B313050835
:10155000CD0E0508B3130508B3130508B31305082A
:10156000B3130508B90F0508F90F05084110050860
:1015700059100508B3130508011105086B1105087A
:1015800051120508A5120508B3130508B313050881
:10159000B3130508B3130508B3130508B3130508FF
:1015A000A50B0508090C05086F0C0508030D0508B7
:1015B000030D0508B3130508B3130508090C050846
:1015C000B31305082B0E0508B3130508B31305085C
:1015D0007D0E0508150F0508B3130508410F050812
:1015E000B3130508AB0F0508B3130508150F05085D
:1015F000B3130508B3130508B71005085B110508F8
:1016000075110508780000242DE9F04F89B004AF6A
:10161000029014986C3087E80C00FDF7BBFB12A910
:1016200005463846F3F776FE0446002840F09781D9
:101630003846F3F760FED5F8C0108142814603D0EA
:10164000D5F8BC3083421FD12B7C13B1AB6A4B451C
:101650001AD06B6A4B4517D0494514BF2D212B2159
:101660001698EDF7F4FC0498FCF774FE4FF0FF3386
:1016700012A938460593F3F760FE002800F0718147
:101680003846F3F738FE81460026B0464FF0FF3A61
:101690002B7C13B1AB6A4B451FD06B6A4B451CD0FA
:1016A000D5F8CC304B4518D11EB916983021EDF73E
:1016B000CEFC0498FCF74EFE12A93846CDF814A0D3
:1016C000F3F73BFE08F10108064620B13846F3F770
:1016D00012FE8146DCE701242646A44B07932B7CAF
:1016E0001BB1202107A8EDF7D4FB95F824B1BBF17D
:1016F000000F74D005F1CC030193002C40F02A8137
:10170000A2462B7C002B00F0AF80AB6A4B4540F02B
:10171000AB80BAF1000F40F08580002C40F0828051
:10172000B8F1000F7BD05FFA88F107A8EDF78FFCC6
:10173000A0460498FCF70EFE4FF0FF3312A938467E
:101740000593F3F7FAFD00286CD03846F3F7D3FD84
:10175000334681461E46D4E76B6A4B450BD1BAF13E
:10176000000F08D13CB916982E21EDF770FCB34656
:101770004FF0010A42E0D5F804314B4503D0D5F8CB
:101780001C314B454ED1002C4CD1002E4AD0652146
:101790001698EDF75CFC0498FCF7DCFD4FF0FF3386
:1017A00012A938460593F3F7C8FD8346002800F0D8
:1017B000D4803846F3F79FFDD5F8C0308342814688
:1017C00009D0D5F8BC30834207D12D211698EDF70A
:1017D0003EFC5C4612E02B21F8E75C461DE0002C45
:1017E00040F0B880A246A9F13003092BB4D816986E
:1017F0005FFA89F1EDF72BFC4FF0010B0498FCF731
:10180000A9FD4FF0FF3312A938460593F3F795FD74
:1018100040B13846F3F76FFD81465E46E3E7169820
:10182000EDF7FCF90798FCF7B2FE88B1BAF1000FAA
:1018300005D124B95FFA88F107A8EDF708FCD5E9CE
:10184000020107AA03F0E8FC10B9159B04221A60F4
:1018500097E80300029B83E8030007A8FCF7B6FEA5
:10186000029809B0BDE8F08F6B6A4B4513D1079819
:10187000FCF78DFEBAF1000FD4D1002CD2D120B1EB
:101880005FFA88F107A8EDF7E2FB16982E21EDF735
:10189000DEFBDA464DE701984A460A21FCF79FFE37
:1018A00058B1019BC11A891030311698C9B2EDF7B1
:1018B000CEFB08F101085E463BE7D5F804314B4505
:1018C00003D0D5F81C314B45ACD10798FCF75FFE2F
:1018D000002CA7D1002EA5D038B1BAF1000F04D149
:1018E0005FFA88F107A8EDF7B2FB65211698EDF7CE
:1018F000AEFB0498FCF72EFD4FF0FF3312A93846DB
:101900000593F3F71AFD039038B33846F3F7F3FC69
:10191000D5F8C010039B8142814603D0D5F8BC00A6
:10192000484515D12C7C14B1A86A48450ED0686A88
:1019300048450DD016980393494514BF2D212B21FE
:10194000EDF785FB039B1C461E46F2E6234601E7A6
:101950001C46FFE60024A24664E7344662E74FF0E7
:1019600000094FF0000846460124B6E62CD20124B7
:101970002DE9F0438DB008AC179E0AAF84E80C0047
:1019800089461D4B0A93202105463846EDF781FA1A
:10199000CDE90367169B029314AB93E803008DE82F
:1019A00003000DF1180894E80C0040464946FFF783
:1019B0002BFE98E80300DDF8288084E80300E9F7AF
:1019C0003DF818990B900BAB4046324603F0F6F801
:1019D00014A92046F3F79EFC18B1336843F00203C4
:1019E000336094E8030085E803003846FCF7EEFD19
:1019F00028460DB0BDE8F0832CD201242DE9F04338
:101A00008DB008AC179E0AAF84E80C0089461D4BC8
:101A10000A93202105463846EDF73BFACDE90367E6
:101A2000169B029314AB93E803008DE803000DF1BD
:101A3000180894E80C0040464946FFF7E5FD98E891
:101A40000300DDF8288084E80300E8F7F7FF189921
:101A50000B900BAB4046324603F0EEF814A920463B
:101A6000F3F758FC18B1336843F00203336094E88D
:101A7000030085E803003846FCF7A8FD28460DB0B2
:101A8000BDE8F0832CD201242DE9F0438DB008ACE1
:101A9000179E0AAF84E80C0089461D4B0A9320214B
:101AA00005463846EDF7F5F9CDE90367169B029335
:101AB00014AB93E803008DE803000DF1180894E8D7
:101AC0000C0040464946FFF79FFD98E80300DDF80B
:101AD000288084E80300E8F7B1FF18990B900BAB5E
:101AE0004046324603F0F0F814A92046F3F712FC02
:101AF00018B1336843F00203336094E8030085E8CB
:101B000003003846FCF762FD28460DB0BDE8F083BF
:101B10002CD201242DE9F04F8BB006AE169C059017
:101B200004F16C0086E80C00FDF734F9E46804F079
:101B30004A04402C054650D0082C14BF4FF00A0927
:101B40004FF0100914A93046F3F7E4FB07460028CC
:101B500040F072813046F3F7CEFBD5F8BC308342BB
:101B6000024603D0D5F8C010814239D1991A4B42B0
:101B70004B4100932B7C13B1AB6A934215D06B6A37
:101B8000934212D006980192FCF7E4FB4FF0FF332A
:101B900014A930460793F3F7D0FB019A002800F010
:101BA0004D813046F3F7A7FB02464FF0000846464A
:101BB0002B7C13B1AB6A934245D06B6A934242D0FF
:101BC000D5F8CC30934216D1B8F1000F0AD0B9F154
:101BD0000A0F13D15CB926467DE04FF00809B1E742
:101BE0000097E2E7002C73D0B9F1080F76D00136E8
:101BF0004FF0010811E0B8F1000F23D0D5F8C43040
:101C0000934203D0D5F8C83093426ED1002C67D0F0
:101C1000B9F1100F6ED10026B04606980192FCF77C
:101C200099FB4FF0FF3314A906A80793F3F785FB40
:101C3000019A00285CD006A8F3F75DFB0246B8F1D4
:101C4000000FB5D14746B9F1100F14BF4B4616230C
:101C500002937C4B09932B7C2BB1202109A8019284
:101C6000EDF717F9019A009B95F824B103F10043B1
:101C7000013B0193B3FBF9F30393BBF1000F41D098
:101C800005F1CC030493002F40F08580BA463C4612
:101C90002B7C002B5FD0A96A91425CD1002E7FD0B3
:101CA000F1B209A8EDF7D3F900260698FCF752FB2C
:101CB0004FF0FF3314A906A80793F3F73EFB034642
:101CC000002800F0968006A8F3F715FB0246DFE730
:101CD00026464FF001084FF008099EE7464687E781
:101CE0002646A0464FF0100997E74FF00108AAE7F3
:101CF0000127A8E7CDF808904FF00108A9E74FF0B9
:101D0000010A18E0002F70D1BA463C464FF0FF3B65
:101D100002981146FCF7BFFB431C3ED0039BA34235
:101D2000EDD3019B04FB09F41B1AA34238BF4AF010
:101D3000010A013604440698FCF70CFB14A906A816
:101D4000CDF81CB0F3F7F9FA034640B306A8F3F751
:101D5000D2FA0246DCE76B6A93421ED002990498DD
:101D6000FCF73DFC0346D8B1049A831A3C2B4FEA9A
:101D7000A302039BC8BF063AA3420AD3019B04FBFC
:101D800009F49B1AA34238BF4AF0010A01361444F1
:101D90008BE7DA4689E70024A246002300E001270A
:101DA0000998FCF7F4FB70B1F1B209A80193EDF7C3
:101DB0004EF9D5E9020109AA03F02EFA019B10B9E8
:101DC000179904220A6036B9B8F1000F03D10998B7
:101DD000FCF7DDFB78B173B9BAF1000F24D1009B99
:101DE00003B16442189B1C600BE0DA465B465C461C
:101DF000D6E75F46D4E70023189A1360179A0423A6
:101E000013602FB1179B179A1B6843F002031360EE
:101E1000DDE90601059B83E8030009A8FCF7D6FB72
:101E200005980BB0BDE8F08F009B002B0CBF6FF046
:101E300000434FF00043DFE7002200920026012715
:101E4000B04600E72CD2012470B588B006AD85E815
:101E50000C00109B04930F9B03930E9B02930CABFF
:101E600004460E4693E803008DE80300204695E8FB
:101E70000C003146FFF74EFE204608B070BD2DE93C
:101E8000F04F91B00CAD0790DDE91C0985E80C001E
:101E9000C368DDF878A0DB070E4639D44FF0FF3376
:101EA0000F930FABCDE9039302901AAB93E80300B5
:101EB0008DE803000AAC95E80C0031462046FFF798
:101EC00029FE94E803000F9B012B85E803000CD842
:101ED00003F001038AF8003095E80300079B83E8CC
:101EE0000300184611B0BDE8F08F01238AF80030D6
:101EF0000423C9F800301AA92846F3F70BFA002882
:101F0000EAD0D9F8003043F00203C9F80030E3E723
:101F10006C30FCF73FFF066A8469B6FA86F6B4FABD
:101F200084F44FF0010B80467609640900275A4675
:101F30009EB194B100213AB3D8F82020BA4223D1FF
:101F400017B300228AF80020BBF1000F5DD0D8F84B
:101F50001830BB4259D10423D7E71AA92846089262
:101F6000F3F7D8F9089A01460028E4D109902846E9
:101F7000F3F7C1F9DDE90821A6B9D8F81C2052F819
:101F80002720824210D08CB1BBF1000F41D0D8F88D
:101F90001830BB423DD1002F3BD001238AF80030DE
:101FA000994033E0002AEED04CB90124D8F814301F
:101FB00053F82730834205D14FF0010B05E0BBF108
:101FC000000F19D166BB6CB3B34628460137FCF746
:101FD00081FA9CB1D8F82060BE428CBF0026012651
:101FE000BBF1000F0CD0D8F81810B9428CBF0021FB
:101FF000012122460C469BE75C46E6E70126EFE717
:102000000121F6E74FF0000B96E74900C9F80010F0
:1020100062E700238AF8003000299CD0062374E789
:10202000002CEFD18AF8004095E700002DE9F04F31
:102030008BB006AE169C059004F16C0086E80C008F
:10204000FCF7A8FEE46804F04A04402C054650D092
:10205000082C14BF4FF00A094FF0100914A930469C
:10206000F3F758F90746002840F072813046F3F73D
:1020700042F9D5F8BC308342024603D0D5F8C010EF
:10208000814239D1991A4B424B4102932B7C13B1B7
:10209000AB6A934215D06B6A934212D006980192B4
:1020A000FCF758F94FF0FF3314A930460793F3F7C4
:1020B00044F9019A002800F04D813046F3F71BF9EE
:1020C00002464FF0000846462B7C13B1AB6A9342A0
:1020D00045D06B6A934242D0D5F8CC30934216D1AA
:1020E000B8F1000F0AD0B9F10A0F13D15CB9264636
:1020F0007BE04FF00809B1E70297E2E7002C71D0CE
:10210000B9F1080F74D001364FF0010811E0B8F1B1
:10211000000F23D0D5F8C430934203D0D5F8C8308F
:1021200093426CD1002C65D0B9F1100F6CD1002610
:10213000B04606980192FCF70DF94FF0FF3314A951
:1021400006A80793F3F7F9F8019A00285AD006A8D1
:10215000F3F7D1F80246B8F1000FB5D14746B9F10F
:10216000100F14BF4B46162301937C4B09932B7C15
:102170002BB1202109A80392ECF78BFE039A95F866
:1021800024B14FF6FF7393FBF9F30393BBF1000FF8
:1021900042D005F1CC030493002F40F08C80BA4666
:1021A0003C462B7C002B63D0A96A914260D1002E63
:1021B00000F08680F1B209A8ECF749FF00260698E6
:1021C000FCF7C8F84FF0FF3314A906A80793F3F7FC
:1021D000B4F80346002800F09D8006A8F3F78BF8BA
:1021E0000246DEE726464FF001084FF00809A0E757
:1021F000464689E72646A0464FF0100999E74FF07A
:102200000108ACE70127AAE7CDF804904FF00108D8
:10221000ABE74FF0010A1BE0002F77D1BA463C46EE
:102220004FF0FF3B01981146FCF735F9431C44D0B1
:10223000039BA342EDD319FB04F4C0F57F43A4B282
:10224000FF339C42C8BF4AF0010A0444A4B20136DD
:102250000698FCF77FF814A906A8CDF81CB0F3F790
:102260006CF8034658B306A8F3F745F80246D9E7D9
:102270006B6A934221D001990498FCF7B0F90346A8
:10228000F0B1049A831A3C2B4FEAA302039BC8BF08
:10229000063AA3420DD319FB04F4C2F57F43A4B25E
:1022A000FF339C42C8BF4AF0010A1444A4B201366D
:1022B00085E7DA4683E70024A246002300E00127F1
:1022C0000998FCF764F970B1F1B209A80193ECF731
:1022D000BEFED5E9020109AA02F09EFF019B10B9DA
:1022E000179904220A6036B9B8F1000F03D1099892
:1022F000FCF74DF980B17BB9BAF1000F25D1029BF3
:102300000BB16442A4B2189B1C800BE0DA465B461A
:102310005C46D5E75F46D3E70023189A1380179AE7
:10232000042313602FB1179B179A1B6843F0020315
:102330001360DDE90601059B83E8030009A8FCF7AB
:1023400045F905980BB0BDE8F08F4FF6FF73E4E751
:102350000022029200260127B04600E72CD2012479
:1023600070B588B006AD85E80C00109B04930F9BF8
:1023700003930E9B02930CAB04460E4693E80300B6
:102380008DE80300204695E80C003146FFF74EFE2D
:10239000204608B070BD00002DE9F04F8BB006AEAE
:1023A000169D059005F16C0086E80C00FCF7F2FC28
:1023B000ED6805F04A05402D04464FD0082D14BFA6
:1023C0004FF00A094FF0100914A93046F2F7A2FFA6
:1023D0000746002840F063813046F2F78CFFD4F8BE
:1023E000BC308342834603D0D4F8C010814238D138
:1023F000A3EB0B02534253410293237C13B1A36A14
:102400005B4513D0636A5B4510D00698FBF7A2FFCB
:102410004FF0FF3314A930460793F2F78EFF0028E0
:1024200000F041813046F2F766FF83464FF0000826
:102430004646237C13B1A36A5B4543D0636A5B4580
:1024400040D0D4F8CC305B4516D1B8F1000F0AD09B
:10245000B9F10A0F13D15DB92E4676E04FF00809A5
:10246000B2E70297E2E7002D6CD0B9F1080F6FD008
:1024700001364FF0010811E0B8F1000F21D0D4F877
:10248000C4305B4503D0D4F8C8305B4567D1002D1C
:1024900060D0B9F1100F67D10026B0460698FBF75F
:1024A00059FF4FF0FF3314A906A80793F2F745FF31
:1024B000002857D006A8F2F71EFF8346B8F1000F98
:1024C000B7D14746B9F1100F14BF4B4616230193FD
:1024D000774B0993237C1BB1202109A8ECF7D9FC89
:1024E0004FF0FF33B3FBF9F3039394F824310093D7
:1024F000002B41D004F1CC030493002F40F08280E4
:10250000BA463D46237C002B5CD0A16A594559D17F
:10251000002E7CD0F1B209A8ECF799FD00260698B0
:10252000FBF718FF4FF0FF3314A906A80793F2F743
:1025300004FF0346002800F0948006A8F2F7DBFEB3
:102540008346DFE72E464FF001084FF00809A5E764
:1025500046468EE72E46A8464FF010099EE74FF0FC
:102560000108AFE70127ADE7CDF804904FF001086F
:10257000AEE74FF0010A14E0002F6DD1BA463D4698
:1025800001985946FBF787FF431C3DD0039BAB42A4
:10259000EFD305FB09F5401928BF4AF0010A0546AB
:1025A00001360698FBF7D6FE4FF0FF3314A906A8B4
:1025B0000793F2F7C2FE034640B306A8F2F79BFE6C
:1025C0008346DDE7636A5B451ED0019904985A464D
:1025D000FCF705F80346D0B1049A831A3C2B4FEA66
:1025E000A302039BC8BF063AAB4208D305FB09F51B
:1025F000521928BF4AF0010A154601368FE7DDF867
:1026000000A08CE70025AA46002300E001270998D6
:10261000FBF7BDFF70B1F1B209A80093ECF717FD0D
:10262000D4E9020109AA02F0F7FD009B10B917993D
:1026300004220A6036B9B8F1000F03D10998FBF7FC
:10264000A6FF80B17BB9BAF1000F25D1029B03B17F
:102650006D42189B1D600CE0DDF800A05346554606
:10266000D5E7009FD3E70023189A1360179A042335
:1026700013602FB1179B179A1B6843F00203136076
:10268000DDE90601059B83E8030009A8FBF79EFF2F
:1026900005980BB0BDE8F08F4FF0FF33E4E74FF043
:1026A000000BCDF808B000260127B0460AE700BFAE
:1026B0002CD2012470B588B006AD85E80C00109BC3
:1026C00004930F9B03930E9B02930CAB04460E46A0
:1026D00093E803008DE80300204695E80C0031469E
:1026E000FFF75AFE204608B070BD00002DE9F04FFC
:1026F0008BB006AE169D059005F16C0086E80C00C7
:10270000FCF748FBED6805F04A05402D04464FD024
:10271000082D14BF4FF00A094FF0100914A93046D4
:10272000F2F7F8FD0746002840F063813046F2F7E3
:10273000E2FDD4F8BC308342834603D0D4F8C01005
:10274000814238D1A3EB0B02534253410293237CC5
:1027500013B1A36A5B4513D0636A5B4510D006983A
:10276000FBF7F8FD4FF0FF3314A930460793F2F75B
:10277000E4FD002800F041813046F2F7BCFD8346BD
:102780004FF000084646237C13B1A36A5B4543D053
:10279000636A5B4540D0D4F8CC305B4516D1B8F1C4
:1027A000000F0AD0B9F10A0F13D15DB92E4676E0B9
:1027B0004FF00809B2E70297E2E7002D6CD0B9F1BB
:1027C000080F6FD001364FF0010811E0B8F1000F8B
:1027D00021D0D4F8C4305B4503D0D4F8C8305B4571
:1027E00067D1002D60D0B9F1100F67D10026B04637
:1027F0000698FBF7AFFD4FF0FF3314A906A8079327
:10280000F2F79BFD002857D006A8F2F774FD834627
:10281000B8F1000FB7D14746B9F1100F14BF4B46BE
:1028200016230193774B0993237C1BB1202109A820
:10283000ECF72FFB4FF0FF33B3FBF9F3039394F85E
:1028400024310093002B41D004F1CC030493002FDA
:1028500040F08280BA463D46237C002B5CD0A16AC2
:10286000594559D1002E7CD0F1B209A8ECF7EFFB05
:1028700000260698FBF76EFD4FF0FF3314A906A85B
:102880000793F2F75AFD0346002800F0948006A84B
:10289000F2F731FD8346DFE72E464FF001084FF097
:1028A0000809A5E746468EE72E46A8464FF01009D0
:1028B0009EE74FF00108AFE70127ADE7CDF80490A0
:1028C0004FF00108AEE74FF0010A14E0002F6DD180
:1028D000BA463D4601985946FBF7DDFD431C3DD005
:1028E000039BAB42EFD305FB09F5401928BF4AF023
:1028F000010A054601360698FBF72CFD4FF0FF3321
:1029000014A906A80793F2F718FD034640B306A8DA
:10291000F2F7F1FC8346DDE7636A5B451ED001995F
:1029200004985A46FBF75BFE0346D0B1049A831A1B
:102930003C2B4FEAA302039BC8BF063AAB4208D325
:1029400005FB09F5521928BF4AF0010A1546013660
:102950008FE7DDF800A08CE70025AA46002300E001
:1029600001270998FBF713FE70B1F1B209A8009393
:10297000ECF76DFBD4E9020109AA02F04DFC009BC3
:1029800010B9179904220A6036B9B8F1000F03D1C3
:102990000998FBF7FCFD80B17BB9BAF1000F25D196
:1029A000029B03B16D42189B1D600CE0DDF800A096
:1029B00053465546D5E7009FD3E70023189A136086
:1029C000179A042313602FB1179B179A1B6843F0C3
:1029D00002031360DDE90601059B83E8030009A8F3
:1029E000FBF7F4FD05980BB0BDE8F08F4FF0FF3317
:1029F000E4E74FF0000BCDF808B000260127B04601
:102A00000AE700BF2CD2012470B588B006AD85E876
:102A10000C00109B04930F9B03930E9B02930CAB33
:102A200004460E4693E803008DE80300204695E82F
:102A30000C003146FFF75AFE204608B070BD2DE964
:102A4000F0418CB008AC149ED6F80C8084E80C00E1
:102A500028F04A0343F00803F3600BAB0493159B83
:102A6000CDE9026312AB05468C4693E803008DE87E
:102A7000030006AF94E80C0061463846FFF736FEC7
:102A800097E80300169B0B9AC6F80C8084E80300B5
:102A900085E8030028461A600CB0BDE8F08100000C
:102AA0002DE9F04F8FB00AAF1A9C079004F16C002B
:102AB00087E80C00FCF76EF9E56805F04A05402D43
:102AC00006464ED0082D14BF4FF00A094FF01009EA
:102AD00018A93846F2F71EFC8046002840F0AC8169
:102AE0003846F2F708FCD6F8BC308342044603D0DF
:102AF000D6F8C020824237D11A1B5342534101936A
:102B0000337C13B1B36AA34213D0736AA34210D0CB
:102B10000A98FBF71FFC4FF0FF3318A938460B93B8
:102B2000F2F70BFC002800F089813846F2F7E3FB4E
:102B300004464FF0000A5746337C13B1B36AA342F0
:102B400044D0736AA34241D0D6F8CC30A34217D107
:102B5000BAF1000F0BD0B9F10A0F14D165B92F46A5
:102B600087E04FF00809B3E7CDF80480E1E7002DD6
:102B70007CD0B9F1080F7FD001374FF0010A11E086
:102B8000BAF1000F21D0D6F8C430A34203D0D6F852
:102B9000C830A34277D1002D70D0B9F1100F78D191
:102BA0000027BA460A98FBF7D5FB4FF0FF3318A968
:102BB0000AA80B93F2F7C1FB002867D00AA8F2F726
:102BC0009AFB0446BAF1000FB6D1D046B9F1100F06
:102BD00014BF4B46162304939B4B0D93337C1BB1C0
:102BE00020210DA8ECF755F9019B013B0593019BB2
:102BF000059803F10043013B029302994FEAE97300
:102C00004A46CDF79FFE96F824310393CDE908019B
:102C1000002B46D006F1CC030693B8F1000F40F02C
:102C2000A780C3464546CDF80080337C002B71D089
:102C3000B26AA2426ED1002F00F0A180F9B20DA8B5
:102C4000ECF705FA00270A98FBF784FB4FF0FF33F7
:102C500018A90AA80B93F2F770FB0346002800F0AE
:102C6000C0800AA8F2F747FB0446DEE72F464FF084
:102C7000010A4FF0080995E757467EE72F46AA4616
:102C80004FF010098EE74FF0010A9FE74FF001085F
:102C90009CE7CDF810904FF0010A9DE74FF0010B33
:102CA00026E0B8F1000F40F09580C3464546CDF8C8
:102CB000008004982146FBF7EEFB431C5BD0089B89
:102CC000009AAB42099B9341E8D3A9FB055309FB4A
:102CD0000233059A111A029A62EBE072A9429A41F4
:102CE00038BF4BF0010B451943EBE07300930137FC
:102CF0000A98FBF72FFB4FF0FF3318A90AA80B9394
:102D0000F2F71BFB0346002837D00AA8F2F7F3FAC4
:102D10000446CEE7736AA3422DD004990698224652
:102D2000FBF75DFC034650B3069A0099831A3C2BCF
:102D30004FEAA302089BC8BF063AAB42099B8B41EE
:102D400013D3A9FB055309FB01330599881A02998E
:102D500061EBE271A842994138BF4BF0010B551964
:102D600043EBE273009301376DE7DDF80CB06AE7DF
:102D700000250095AB46002301E04FF001080D98B7
:102D8000FBF705FC70B1F9B20DA80293ECF75FF9FF
:102D9000D6E902010DAA02F03FFA029B10B91B9975
:102DA00004220A6037B9BAF1000F03D10D98FBF77E
:102DB000EEFBC8B1C3B9BBF1000F32D1019B23B107
:102DC000009B6D4263EB430300931C9B009A1D60C4
:102DD0005A6011E0DDF80CB0CDF800B05B465D46FE
:102DE000CDE7DDF80C80CAE7002200231C99C1E979
:102DF00000231B9A04231360B8F1000F05D01B9B1E
:102E00001B9A1B6843F002031360DDE90A01079B6C
:102E100083E803000DA8FBF7D9FB07980FB0BDE8C6
:102E2000F08F019B1BB100224FF00043DEE74FF013
:102E3000FF326FF00043D9E70024019400274FF0E0
:102E40000108BA46C2E600BF2CD2012470B588B092
:102E500006AD85E80C00109B04930F9B03930E9B1B
:102E600002930CAB04460E4693E803008DE8030082
:102E7000204695E80C003146FFF712FE204608B0C8
:102E800070BD00002DE9F04F8DB008AF189C059083
:102E900004F16C0087E80C00FBF77CFFE56805F0A7
:102EA0004A05402D06464ED0082D14BF4FF00A0AA1
:102EB0004FF0100A16A93846F2F72CFA814600287E
:102EC00040F0A4813846F2F716FAD6F8BC308342B7
:102ED000044603D0D6F8C020824237D11A1B534291
:102EE00053410393337C13B1B36AA34213D0736A83
:102EF000A34210D00898FBF72DFA4FF0FF3316A924
:102F000038460993F2F719FA002800F08181384613
:102F1000F2F7F1F904464FF0000BD846337C13B1B9
:102F2000B36AA34246D0736AA34243D0D6F8CC30EA
:102F3000A34218D1BBF1000F0BD0BAF10A0F15D183
:102F400065B9A84686E04FF0080AB3E7CDF80C90C3
:102F5000E1E7002D7BD0BAF1080F7ED008F101081F
:102F60004FF0010B12E0BBF1000F22D0D6F8C430B5
:102F7000A34203D0D6F8C830A34275D1002D6ED03D
:102F8000BAF1100F76D14FF00008C3460898FBF74E
:102F9000E1F94FF0FF3316A908A80993F2F7CDF92C
:102FA000002864D008A8F2F7A6F90446BBF1000F88
:102FB000B4D1D946BAF1100F14BF53461623029369
:102FC000964B0B93337C1BB120210BA8EBF761FFD1
:102FD0004FEAEA7352464FF0FF304FF0FF31CDF722
:102FE000B1FC96F824310193CDE90601002B49D0BC
:102FF00006F1CC030493B9F1000F40F0AC80CDF89A
:1030000000904D464F46337C002B75D0B26AA242E9
:1030100072D1B8F1000F00F0A5805FFA88F10BA81B
:10302000ECF715F84FF000080898FBF793F94FF00C
:10303000FF3316A908A80993F2F77FF90346002881
:1030400000F0BF8008A8F2F756F90446DBE7A8466F
:103050004FF0010B4FF0080A98E7D84680E7A846E2
:10306000AB464FF0100A91E74FF0010BA2E74FF08B
:1030700001099FE7CDF808A04FF0010BA0E701235D
:10308000009327E0B9F1000F40F09680CDF8009052
:103090004D464F4602982146FBF7FDF9431C5DD093
:1030A000069BAB42079BBB41E9D3AAFB05530AFB36
:1030B000073341194FEAE07757EB030100994FF0CE
:1030C000000228BF012211434519009147EB030775
:1030D00008F101080898FBF73DF94FF0FF3316A9F6
:1030E00008A80993F2F729F90346002838D008A860
:1030F000F2F701F90446CDE7736AA3422ED0029994
:1031000004982246FBF76BFA034658B3049A831AD5
:103110003C2B4FEAA302069BC8BF063AAB42079B73
:10312000BB4115D3AAFB05530AFB073350194FEADD
:10313000E27757EB030000984FF0000128BF012110
:1031400008435519009047EB030708F101086BE7A6
:10315000019B009368E700252F460095002301E0BE
:103160004FF001090B98FBF712FA78B15FFA88F17A
:103170000BA80193EBF76BFFD6E902010BAA02F053
:103180004BF8019B10B9199904220A60B8F1000F9D
:1031900006D1BBF1000F03D10B98FBF7F8F998B1FA
:1031A00093B9009B6BBB039B13B16D4267EB470761
:1031B0001A9BC3E900570FE0019B00931D461F4671
:1031C000D0E7DDF80490CDE7002200231A99C1E989
:1031D0000023199A04231360B9F1000F05D0199B3D
:1031E000199A1B6843F002031360DDE90801059B8F
:1031F00083E803000BA8FBF7E9F905980DB0BDE8DB
:10320000F08F4FF0FF324FF0FF33DFE700240394DD
:103210004FF000084FF00109C346CBE62CD2012441
:1032200070B588B006AD85E80C00109B04930F9B29
:1032300003930E9B02930CAB04460E4693E80300E7
:103240008DE80300204695E80C003146FFF71AFE92
:10325000204608B070BD2DE9F04F8FB0DDE91AB7F8
:103260000AAC4FF0000A06460BF16C0084E80C0033
:103270008846CDF834A0FBF7E9FC0DABCDE906B3E9
:1032800002226323CDE904320CAB0293CDF80CA0EB
:1032900018AB814693E803008DE8030008AD94E87D
:1032A0000C0041462846FDF78CF995E803000D9B7C
:1032B00084E80300002B51D118A92046F2F73DF80D
:1032C000002846D02046F2F716F82A220146484642
:1032D000F2F705F8A0F13005EBB2092B39D82046FA
:1032E000FBF7F8F80C9B4FF00A0808FB035518A9E8
:1032F00020460C95F2F721F898B12046F1F7FBFF34
:103300002A2201464846F1F7EAFFA0F13005EBB268
:10331000092B06D82046FBF7DDF80C9B08FB03556C
:103320000C950C9BA3F26C730C931C9B0C9A5A612A
:1033300018A92046F1F7EEFF18B13B6843F00203ED
:103340003B6094E8030086E8030030460FB0BDE818
:10335000F08F0C9B442BE8DC6433E5E73B6843F0DB
:1033600004033B60E4E72DE9F0479CB0DDE92696D5
:103370000AAC054609F16C0084E80C008846FBF7AE
:1033800073FD0DF1380A07465146FBF73FFB3846FF
:1033900015A9FBF72BFB00230D930DABCDE905938E
:1033A0000723CDE903A30CAB029324AB93E80300FE
:1033B0008DE8030008AF94E80C0041463846FDF75D
:1033C000FCFA97E803000D9B84E803009BB9289B57
:1033D0000C9A9A6124A92046F1F79CFF18B1336832
:1033E00043F00203336094E8030085E803002846B5
:1033F0001CB0BDE8F087336843F004033360E9E7AD
:103400002DE9F047A6B0DDE930960AAC054609F192
:103410006C0084E80C008846FBF726FD0DF1380AA5
:1034200007465146FBF721FB38461AA9FBF7FEFA7F
:1034300000230D930DABCDE905930C23CDE903A338
:103440000CAB02932EAB93E803008DE8030008AFAA
:1034500094E80C0041463846FDF7AFFA97E80300C0
:103460000D9B84E803009BB9329B0C9A1A612EA92C
:103470002046F1F74FFF18B1336843F00203336081
:1034800094E8030085E80300284626B0BDE8F087ED
:10349000336843F004033360E9E72DE9F04F93B05C
:1034A000DDE91EB70AAC05460BF16C0084E80C00A0
:1034B000DDF880A08946FBF7D7FC0DA9FBF784FA5D
:1034C0000023CDE90F3311930D9BCDE902B7CDE970
:1034D00004A30FAE06961CAB93E803008DE803002F
:1034E0000DF1200894E80C0049464046FDF71AFB10
:1034F00098E8030084E803005146304601F092FE4C
:103500001CA92046F1F706FF18B13B6843F00203FF
:103510003B6094E8030085E80300284613B0BDE84B
:10352000F08F2DE9F04F93B0DDE91EB70AAC0546E8
:103530000BF16C0084E80C00DDF880A08946FBF7F5
:1035400093FC0DA9FBF73AFA0023CDE90F33119351
:103550000D9BCDE902B7CDE904A30FAE06961CABD7
:1035600093E803008DE803000DF1200894E80C00B7
:1035700049464046FDF7D6FA98E8030084E8030080
:103580005146304601F04EFE1CA92046F1F7C2FE1E
:1035900018B13B6843F002033B6094E8030085E800
:1035A0000300284613B0BDE8F08F00002DE9F04F6E
:1035B00091B00AA981E80C00DDE91C3903F16C0423
:1035C00006902046FBF742FB04902046FBF7A8FE3E
:1035D00000F140030793836A05461BB1036B003B70
:1035E00018BF012302932B7CA34C0D941BB1202107
:1035F0000DA8EBF74EFC20210EA80E94EBF749FC2A
:1036000005F1440300260893EB6B0F93B046374651
:103610000396B24601960FAB9B5D042B62D8DFE8A0
:1036200013F08C0164013000FE000500DFF84CB29D
:103630001AA90AA8F1F781FE03460446002800F003
:103640003D810AA80993F1F756FE0A21024605902A
:103650000898FAF7C4FF059A099B002800F01D811D
:10366000079BC41AA410DBF800300EA8195DEBF715
:10367000EEFC7C1C039F0AA8FAF72CFF0397274651
:10368000D6E71C9BDB689A051FD4BAF1010F1CD842
:10369000DEB1012E0BD1029BBBB99DF83C30032B50
:1036A00013D09DF83E30012B0FD00226B3E7022E37
:1036B00040F057819DF83F30042B06D0029A002A33
:1036C00000F04A81032B40F049812B6A05934FF0AB
:1036D000000B1AA90AA8F1F730FE059B044618B999
:1036E0009B4511D1012419E09B4517D00AA8F1F799
:1036F00002FEEA6952F82B20824205D10AA8FAF7A5
:10370000E9FE0BF1010BE4E7BBF1000F40F0228171
:103710001C9BDC6884F40074C4F340240136042E3E
:1037200040F00E81BAF1010F40F22E81002C00F022
:103730000A81019B002B00F01681EC6A01261AA970
:103740000AA8F1F7FAFD002840F00F81564540F035
:10375000FA800E98FAF71BFF012810D900223021B9
:103760000EA8EBF7E2F9024648B1431C03D10E98CC
:10377000FAF70DFF421E00210EA8FAF70BFF019B7E
:1037800073B10EA8EBF7C0FA0E9B1B78302B07D055
:103790000EA8EBF7C2FA2D2201460EA8EBF7FAFAB3
:1037A0000D98FAF7F4FEA0B1B8F1000F00F0EF8029
:1037B0009DF80C100DA8EBF74AFCD5E902010DAA03
:1037C00001F02AFD28B9D9F8003043F00403C9F804
:1037D0000030B8F1000F03D06B6BBB4240F0B380F8
:1037E0001E980EA9EBF78CF90AAC1AA92046F1F73E
:1037F00091FD28B1D9F8003043F00203C9F8003038
:1038000094E80300069B83E803000EA8FAF7DEFEA7
:103810000DA8FAF7DBFE069811B0BDE8F08FAB6A91
:10382000ABB92B6B63B31AA90AA8F1F786FD04465E
:1038300030B30AA8F1F75FFDEB6A1B6883421FD122
:103840000AA8D5F830A0FAF745FE019466E71AA950
:103850000AA8F1F772FD04460028E2D00AA8F1F7A1
:103860004AFD6B6A1B688342DBD10AA8D5F828A001
:10387000FAF730FE52E700BF2CD201247400002476
:10388000AB6A1BB9029B83F0010447E72B6B002B4B
:10389000F8D1012301931C4640E76969914208D1A0
:1038A000B8F1000F05D16A6B002A08DD984604467E
:1038B000E1E62B7C1BB1AB69934207D001240E9843
:1038C000FAF765FE002808BF002427E7B8F1000FCB
:1038D00007D147B1F9B20DA8EBF7B9FB4446039FF6
:1038E000C9E64446EBE73C46E9E71AA90AA8F1F71E
:1038F00024FDA8B90024032E3FF414AF1AA90AA886
:10390000F1F71BFDD8B10AA8F1F7F5FC0821024632
:103910000498F1F7FDF990B10AA8FAF7DBFDEDE79D
:103920000AA8F1F7E8FC082102460498F1F7F0F93B
:103930000028DFD00AA8FAF7CDFD0124DBE7013625
:10394000002C7FF468AED9F8003043F00403C9F8C6
:10395000003049E70024E1E603265CE6029C0326EA
:10396000EEE70124DEE66C6AE8E656453FF4F1AE88
:103970000AA8F1F7C0FC54F826308342E3D10AA824
:10398000FAF7A8FD0136DAE6002CDCD0E1E6F9B260
:1039900010E700BF2DE9F04F91B00AA981E80C00B3
:1039A000DDE91C3903F16C0406902046FBF74EF963
:1039B00004902046FBF7FAFB00F140030793836A6B
:1039C00005461BB1036B003B18BF012302932B7C00
:1039D000A34C0D941BB120210DA8EBF75AFA20211E
:1039E0000EA80E94EBF755FA05F144030026089350
:1039F000EB6B0F93B04637460396B24601960FAB7A
:103A00009B5D042B62D8DFE813F08C016401300069
:103A1000FE000500DFF84CB21AA90AA8F1F78DFCE8
:103A200003460446002800F03D810AA80993F1F7F7
:103A300062FC0A21024605900898FAF7D0FD059A23
:103A4000099B002800F01D81079BC41AA410DBF815
:103A500000300EA8195DEBF7FAFA7C1C039F0AA848
:103A6000FAF738FD03972746D6E71C9BDB689A05D3
:103A70001FD4BAF1010F1CD8DEB1012E0BD1029B6D
:103A8000BBB99DF83C30032B13D09DF83E30012B81
:103A90000FD00226B3E7022E40F057819DF83F3049
:103AA000042B06D0029A002A00F04A81032B40F032
:103AB00049812B6A05934FF0000B1AA90AA8F1F768
:103AC0003CFC059B044618B99B4511D1012419E023
:103AD0009B4517D00AA8F1F70EFCEA6952F82B2093
:103AE000824205D10AA8FAF7F5FC0BF1010BE4E7D5
:103AF000BBF1000F40F022811C9BDC6884F4007451
:103B0000C4F340240136042E40F00E81BAF1010FB7
:103B100040F22E81002C00F00A81019B002B00F066
:103B20001681EC6A01261AA90AA8F1F706FC0028FA
:103B300040F00F81564540F0FA800E98FAF727FDC5
:103B4000012810D9002230210EA8EAF7EEFF024624
:103B500048B1431C03D10E98FAF719FD421E00210B
:103B60000EA8FAF717FD019B73B10EA8EBF7CCF87E
:103B70000E9B1B78302B07D00EA8EBF7CEF82D222A
:103B800001460EA8EBF706F90D98FAF700FDA0B173
:103B9000B8F1000F00F0EF809DF80C100DA8EBF7C6
:103BA00056FAD5E902010DAA01F036FB28B9D9F879
:103BB000003043F00403C9F80030B8F1000F03D01F
:103BC0006B6BBB4240F0B3801E980EA9EAF798FFDA
:103BD0000AAC1AA92046F1F79DFB28B1D9F80030AC
:103BE00043F00203C9F8003094E80300069B83E821
:103BF00003000EA8FAF7EAFC0DA8FAF7E7FC06980E
:103C000011B0BDE8F08FAB6AABB92B6B63B31AA9E7
:103C10000AA8F1F792FB044630B30AA8F1F76BFB50
:103C2000EB6A1B6883421FD10AA8D5F830A0FAF7C7
:103C300051FC019466E71AA90AA8F1F77EFB044635
:103C40000028E2D00AA8F1F756FB6B6A1B68834292
:103C5000DBD10AA8D5F828A0FAF73CFC52E700BF50
:103C60002CD2012474000024AB6A1BB9029B83F0A0
:103C7000010447E72B6B002BF8D1012301931C466D
:103C800040E76969914208D1B8F1000F05D16A6B2C
:103C9000002A08DD98460446E1E62B7C1BB1AB699F
:103CA000934207D001240E98FAF771FC002808BF50
:103CB000002427E7B8F1000F07D147B1F9B20DA8EA
:103CC000EBF7C5F94446039FC9E64446EBE73C469B
:103CD000E9E71AA90AA8F1F730FBA8B90024032ED6
:103CE0003FF414AF1AA90AA8F1F727FBD8B10AA824
:103CF000F1F701FB082102460498F1F709F890B1A9
:103D00000AA8FAF7E7FBEDE70AA8F1F7F4FA0821A9
:103D100002460498F0F7FCFF0028DFD00AA8FAF763
:103D2000D9FB0124DBE70136002C7FF468AED9F81B
:103D3000003043F00403C9F8003049E70024E1E60D
:103D400003265CE6029C0326EEE70124DEE66C6AAD
:103D5000E8E656453FF4F1AE0AA8F1F7CCFA54F87C
:103D600026308342E3D10AA8FAF7B4FB0136DAE63B
:103D7000002CDCD0E1E6F9B210E700BF2DE9F043FA
:103D80008DB006AC84E80C00DDE9173809AFCDE949
:103D9000038702938C4614AB18490991054693E8B2
:103DA00003009DF858208DE803000AAEFAB194E8AC
:103DB0000C0061463046FFF7F9FB96E80300DDF89A
:103DC000249084E80300E6F739FE19990A903346F7
:103DD0004246484600F078FF94E8030085E8030077
:103DE0003846FAF7F3FB28460DB0BDE8F08394E8B7
:103DF0000C0061463046FFF7CDFDDEE72CD20124F2
:103E00002DE9F04F8DB006ACDDF864B09DF8609000
:103E100007460BF16C0084E80C008A46FAF716FF9F
:103E20001A9B1F490991CDE902B309AE049616AB5E
:103E3000804693E803008DE803000AAD94E80C0087
:103E400051462846B9F1000F26D0FFF7AFFB95E8A1
:103E5000030084E803000998FAF799FB054680B14E
:103E600001461B98EBF708FCDDF824A01B98EBF744
:103E700073FA1B9B55441B682A4651464046FAF785
:103E800003FB94E8030087E803003046FAF79EFB43
:103E900038460DB0BDE8F08FFFF77CFDD7E700BFD7
:103EA0002CD20124244B1A68D0075CBF01221A606F
:103EB000224B1A68D1075CBF01221A60204B1A6896
:103EC000D2075CBF01221A601E4B1A68D0075CBF84
:103ED00001221A601C4B1A68D1075CBF01221A60CC
:103EE0001A4B1A68D2075CBF01221A60184B1A6875
:103EF000D0075CBF01221A60164B1A68D1075CBF5D
:103F000001221A60144B1A68D2075CBF01221A60A2
:103F1000124B1A68D0075CBF01221A60104B1A6856
:103F2000D1075CBF01221A600E4B1A68D2075CBF32
:103F300001221A60704700BF54D3012450D30124DA
:103F40004CD3012448D3012444D3012440D3012479
:103F50003CD3012438D3012434D3012430D30124A9
:103F60002CD3012428D301240AB104F0C2B870472D
:103F7000B1F1005F08B506D3B1F1804F01D3F3F77B
:103F8000D8F8F3F7D3F8BDE808408800E6F787BC17
:103F900003684160002243F82120704750F8083B35
:103FA0001B1A5842584170470B68B3F1805F10B537
:103FB00002D30B48F3F7C6F893420BD9B3EB420F89
:103FC0004FEA420406D2B4F1805F2ABF6FF070431B
:103FD0000C600B6009680131FFF7CAFF10BD00BF1C
:103FE000D2E50608006800F09BBA10B50446FFF75A
:103FF000D5FF18B9A1682046FFF7F4FF10BD0000F7
:1040000008B5034608465B689842114603D9024644
:104010000148F3F79DF808BD66E40608406801F121
:1040200080510139091A914208B502D21846F3F7B6
:1040300089F808BD03688B4207D8426803EB820306
:10404000994294BF00200120704701207047012A47
:1040500010B404D10A685DF8044B026070475DF843
:10406000044BFFF781BF012A30B403D10B68036012
:1040700030BC7047002AFBD030BC04F03DB80B4682
:10408000012B10B41146044603D122605DF8044BA5
:104090007047002BFAD05DF8044B1A4604F02FB895
:1040A00037B5032904460191154606D9002201A916
:1040B000FFF77AFF019B2060A360019919B1206886
:1040C0002A46FFF7DCFF01992046FFF761FF03B0A6
:1040D00030BD08B5521A9210FFF7B9FF08BD08B5F8
:1040E000521A9210FFF7B3FF08BD10B50446FFF750
:1040F00055FF08B9A06810BD0320FCE72DE9F34780
:104100000A9E1F46436801EB0208B21A1A4404468D
:104110000D46A3EB08090192FFF7E7FF01A902464C
:104120002046FFF741FF82461DB121682A46FFF76E
:104130008EFF37B12EB1324639460AEB8500FFF7C4
:1041400086FFB9F1000F08D0216835444A4601EBDB
:1041500088010AEB8500FFF77AFF2046FFF745FF4D
:10416000019BC4F800A0A36002B0BDE8F08737B59A
:1041700004460191FFF7B9FF019B834202460FD924
:1041800001A92046FFF710FF626821680132054649
:10419000FFF75DFF2046FFF728FF019B2560A36026
:1041A00003B030BDF7B5456804460E46FFF79DFFE6
:1041B0006F1C874207D90123009300231A46294622
:1041C0002046FFF79BFF2368394643F825602046C9
:1041D000FFF7DEFE03B0F0BD2DE9F74316461D469E
:1041E00004461B4B2A460F463146FFF717FF204671
:1041F000FFF77BFFD4F80480A5EB0609C1444845CE
:104200001ED3F319B8EB03020AD0AE4208D02068DF
:1042100000EB870000EB860100EB8500FFF723FF32
:1042200035B120680A9A294600EB8700FFF727FF7F
:1042300020464946FFF7ACFE204603B0BDE8F083B8
:1042400000950023324639462046FFF757FFE7E73F
:10425000DCE4060807B500920B4600224168FFF730
:10426000BBFF03B05DF804FB10B544688C4203D279
:10427000091BFFF7EFFF10BDFDD9FFF789FEFAE735
:1042800008B50022FFF7F0FF08BD2DE9F843DDE98E
:1042900008780E4615461C4637B197423CD83A4638
:1042A00019463046FFF7DFFEB8F1000F17D0AF42D6
:1042B00015D0424606EB850106EB8700FFF7D3FEDB
:1042C000AF420CD906EB850304EB870293424FEA19
:1042D000870906D33A4621463046FFF7C4FEBDE8BB
:1042E000F883A3420AD8A41B07EBA404641B3A4634
:1042F00006EB84013046FFF7AAFEF0E71D1B4FEAEC
:10430000A508424621463046FFF7ADFEA7EB08025E
:1043100006EB09017019EEE7B8F1000FC9D1D1E73A
:104320002DE9F74F0C9E1546044632460F46984637
:104330002946204BFFF772FE2046FFF7D6FED4F841
:1043400004B0A6EB050ADA4450452BD32368414656
:1043500003EB870920462F44ABEB0707FFF76AFE04
:10436000B8B147B1B54206D03A4609EB850109EB31
:104370008600FFF778FE26B1324641464846FFF7F1
:1043800066FE20465146FFF703FE204603B0BDE817
:10439000F08FCDE9006743462A4649462046FFF79D
:1043A00074FFEEE7009643462A4639462046FFF75B
:1043B000A5FEE6E7EAE506082DE9F341476804466D
:1043C00002EB07080E461546FFF78FFE40450FD358
:1043D00035B120682A46314600EB8700FFF737FEEB
:1043E00020464146FFF7D4FD204602B0BDE8F081EB
:1043F00000953346002239462046FFF77FFEEFE75F
:104400002DE9F041064690460F460A4A19461D46D8
:10441000FFF7F6FD7468641B444528BF444634B179
:104420003168224601EB85013846FFF710FE204631
:10443000BDE8F0819DE406087FB500241023CDE996
:104440000234036815469E6912686B46CDE9004444
:10445000B0479DF8043003F00603062B03BF009B12
:104460002B600120204604B070BD009890420CBF24
:10447000062001207047000010B5034B036004467E
:1044800000F045F9204610BDFC22070810B504468F
:10449000FFF7F2FF20460821E6F7F0F9204610BDAD
:1044A0002DE9F0411F46DDE90834DDF81880984514
:1044B0000646154607D1079900F02CF918B1657129
:1044C0000020BDE8F0813946304600F023F900288D
:1044D000F6D00123C4F800802571A371F0E738B548
:1044E00015461C4600F016F920B10823E3600623A8
:1044F0002560237138BD2DE9F04105460C4616466E
:104500001F4600F007F948B9032F07D82368324641
:10451000294620465B69BDE8F0411847BDE8F081B7
:1045200001F0D0BBFFF7FCBF2DE9F043884689B00E
:1045300017461D46064620B90024204609B0BDE8AE
:10454000F083026852F8083C52F8049C0022CDE93E
:10455000052210220792C25852F8042C4A4500EB5B
:104560000304E9D1002D2BDA05AAD9F80030CDE9F2
:104570000262CDE900480622DC6929463B464846EE
:10458000A047059C002CD7D09DF81A1001F0060317
:10459000062BD2D09DF819309DF818201A4002F051
:1045A0000602062AC9D003F00503042BC4D0002953
:1045B000C2D1002D0DDB2C44A642BDD1059CBCE729
:1045C000DD42D1D13946484600F0A4F80028CBD0CE
:1045D000B3E7AB1CB0D03B6800961E6A2246434648
:1045E00029463846B04700F006000628E5E70020D7
:1045F00070470000024B1868BFF35B8F704700BF25
:1046000088D30124E6F74BB9FFF7FCBF10B5034B85
:1046100003600446FFF730FF204610BD5C23070807
:1046200010B50446FFF7F2FF20460C21E6F726F905
:10463000204610BD2DE9F041DDF818809045064672
:104640000F4615461C460BD0B0680368CDF818809D
:104650001E6A2A4623463946B446BDE8F041604703
:10466000194600F057F80028EED00620BDE8F0818A
:104670002DE9F14F0D461946DDE90A4BDDE90CA69F
:1046800081461746984600F045F890B1002D3460F9
:10469000377109DB2C44A24514BF01240624B471F0
:1046A000002001B0BDE8F08F0235F9D10123B371CC
:1046B000F6E7544506D15946484600F02BF808B1B4
:1046C0007771EDE7D9F808000368CDE90CA6CDE9CC
:1046D0000A4BDC693A4643462946A44601B0BDE888
:1046E000F04F60472DE9F04107460C4615461E463F
:1046F000FFF7F5FE48B9B86803689F692A46334654
:104700002146BC46BDE8F0416047BDE8F0817047F6
:1047100000207047814208B50ED0406803782A2BEC
:104720000CD049680B782A2B08BF0131CBF7D8FD94
:10473000B0FA80F0400908BD0120FCE70020FAE74C
:1047400010B5034B03600446FFF796FE204610BDEC
:10475000D423070810B50446FFF7F2FF20461821BE
:10476000E6F78CF8204610BD2DE9F74FDDF830A0B4
:104770005245054688461646994605D0EF6805EB32
:10478000C70547B9012020E01946FFF7C3FF0028FD
:10479000F4D0062019E0EC68A30719D5221214F012
:1047A000010404D018F1030F12D033689A58A86896
:1047B0000368CDF800A0D3F820B032444B46414600
:1047C000D847032804D92043C0B203B0BDE8F08F16
:1047D000013F083DD5E7F0B40D1E049C164606DBEC
:1047E0002E44B4420CBF06200120F0BC70470235B5
:1047F00005D0056804942C6AA446F0BC60470120EB
:10480000F3E72DE9F04F91B0CDE905231D9C1C9AEB
:10481000A368DB0644BF8368A3601A9B934281466A
:104820000F4608D11B99FFF775FF20B1059B6371F7
:104830004FF0000882E006994846FFF76BFF98B1F9
:104840001A9B2360002F059B237108DB1A9B1F44D2
:104850001C9BBB4214BF01270627A771E8E702375C
:10486000E6D10123A371E3E7002FA9BF1C9B0790AA
:10487000DB1B07934FF0020C0123CDE908C3059B16
:104880004FF0000843F00103CDF828800B93D9F8CE
:104890000CA009EBCA0BBAF1000F09D10A9B002B3F
:1048A0004CD0089B012B49D00123CDE9083AEEE713
:1048B0000023CDE90D33DBF80C30A5680F95DE073A
:1048C00043BF1A980B9A0068059A4FEA232148BF04
:1048D00041581A980144079838B18842099E2CBF64
:1048E00000200120B04200F0B380980706D4BB1C22
:1048F00002D1AE0700F0AE8002F0FD02DBF8080046
:104900000DAD036803951C9D02951B9DCDE9001517
:104910003946DD69069BA84763799DF839209DF8E3
:104920003A500D991343062D637101D0022D09D120
:104930009DF8383021602371A5718046404611B042
:10494000BDE8F08F2268B8F1000F13D1A2B99DF82D
:1049500038202160227121B11BB1D9F80830DD0760
:10496000EBD56379042BE8D00AF1FF3AABF1080BE1
:10497000804690E7002A37D0914206D123799DF8EE
:104980003820134323714046EBE709B90028FAD0D9
:10499000032BA67904D9D90729D5A3689B0726D567
:1049A0007EB9032D05D9EE0741D5D9F8083098070F
:1049B0003DD51C9B009306981B9B3946FFF70BFFC8
:1049C0000646E5B9032E05D9F10732D5D9F80830E6
:1049D0009A072ED51C9B00930D9A1B9B069839466F
:1049E000FFF7F9FE05460AE00029D1D1CBE7012EF9
:1049F00038BF0126012D38BF0125F6B2EDB285EA98
:104A00000603DBB2032B16D9032D81BF0D9B236058
:104A10002E469DF8383086BF237100204046B307EC
:104A2000A67102D416F001069BD1002085E701266D
:104A3000E5E70125E3E73540EDB20023032D2360D0
:104A400003D90223A371012077E70120A07188E731
:104A500001230A93404687E72DE9F04F8BB00546C6
:104A6000049101921C46FFF73AFD002862D1D4F868
:104A70000890D5F80C8019F0100F18BFD5F80890E1
:104A800009F0010305EBC8074FF0000A05930DF18B
:104A9000180BB8F1000F04D12079003818BF01209D
:104AA00049E0FA68CDF818A002F00103029302F081
:104AB000020303930399059B8DF81CA00B43CDE9DA
:104AC000089A03D108F1FF38083FE2E7019B002B69
:104AD00034D0029B121213B1019B1B689A58019BA0
:104AE0001A44B868049903689B691E465B46B04740
:104AF0000028E7D0099B082B03D1029B0BB1BB68B0
:104B000009939DF81C30032B05D9039A1AB923F099
:104B100002038DF81C30E168C1B99BE80F0084E8FE
:104B20000F002379032B05D99A0709D5AB6813F039
:104B3000010FC7D101200BB0BDE8F08F019AD0E77B
:104B4000DB07F7D5AB6813F0020FF2E72368069A8C
:104B5000934204D00023236002232371EAE72BB1A0
:104B600023799DF81C2013432371ABE7099808288B
:104B7000F2D00829F0D0FFF7CDFD0028F0D1EBE707
:104B8000002170B5084604F0E5FF0646CBF708FCA7
:104B9000451C08492846FFF737FD044638B1314621
:104BA0002A4605F084F80449002004F0D3FF20468B
:104BB00070BD00BF20230708A1E50608F7B507462A
:104BC0000E461546FFF7DCFF044618B904232B6098
:104BD00003B0F0BD01A9384601F0F2FE019B86ED5D
:104BE000000ABB4201D01B785BB100233360042371
:104BF0002B602146002004F0ADFF2046FFF792FC19
:104C0000E6E7DFED097AB4EE670AF1EE10FA09D0B3
:104C1000DFED067AB4EE670AF1EE10FAE9D16FF42F
:104C20000003E3E7024BE1E70000807F000080FF24
:104C3000FFFF7F7F00000000F7B507460E461546D0
:104C4000FFF79EFF044618B904232B6003B0F0BDA4
:104C500001A9384601F0A8FE019BBB4286ED000B7E
:104C600001D01B786BB100220023C6E90023042386
:104C70002B602146002004F06DFF2046FFF752FC18
:104C8000E4E79FED0B7BB4EE470BF1EE10FA0BD08F
:104C90009FED097BB4EE470BF1EE10FAE9D14FF02E
:104CA000FF326FF48013E0E7054B4FF0FF32DCE793
:104CB000000000000000F07F000000000000F0FF96
:104CC000FFFFEF7F00000000F8B507460C461646D0
:104CD000FFF756FF054610B904233360F8BD1C49A1
:104CE0002246384603F0C2F8013001280ED80022CF
:104CF0000023C4E90023042333602946002004F084
:104D000029FF2846BDE8F840FFF70CBC94ED007B76
:104D10009FED0B6BB4EE467BF1EE10FA0BD09FEDDE
:104D20000A6BB4EE467BF1EE10FAE6D14FF0FF329B
:104D30006FF48013DDE7074B4FF0FF32D9E700BF78
:104D4000000000000000F07F000000000000F0FF05
:104D500003E60608FFFFEF7F08B50346002208467A
:104D60001A600449CBF7BCFA10B10348F2F7F4F922
:104D700008BD00BFA1E5060807E60608002303609A
:104D80007047009B1A60039B019A1A6003207047CA
:104D9000009B03201A607047012070470120704774
:104DA000981A009B984228BF184670470020704709
:104DB00010B5064B044640F8083BFFF7DFFF044BF5
:104DC00023602046E5F717FE204610BD5024070853
:104DD000801A070810B50446FFF7EAFF2046FFF7E0
:104DE0009FFB204610BD000010B5064B044640F85E
:104DF000083BFFF7C3FF044B23602046E5F7FBFDAC
:104E0000204610BD7C2407083422070810B504464C
:104E1000FFF7EAFF2046FFF783FB204610BD0000A6
:104E2000003910B5054B036018BF012141600446ED
:104E3000E5F704FEA060204610BD00BF502407081F
:104E4000003910B5054B036018BF012141600446CD
:104E5000E5F7F4FDA060204610BD00BF7C240708E4
:104E60002DE9F04F0F46D1E9000185B00DF108089A
:104E70001446DDE90F6A1D4688E8030004F064FE6D
:104E80002B1B9B104343AAEB0602934232DCAC423D
:104E9000A14604D34D4594BF0020012031E0424695
:104EA000D9F80010304601F0E9FE421C04F1040478
:104EB00003462ED098E803001E4487E80300E6E787
:104EC000D9F80010424601A801F0D8FEB0F1FF3F2A
:104ED00004F1040483461CD0AAEB060383420FD3DB
:104EE000024601A9304604F0E2FE98E8030087E894
:104EF00003005E44AC42A146CCD25645E0D3C9E79C
:104F000001200E9BC3F80090119B1E6005B0BDE808
:104F1000F08F0220F5E72DE9F7438846D1E900013B
:104F2000E946DDE90B7689E8030015461C46A542F3
:104F300001D2B74204D3A5422CBF0020012015E0C6
:104F4000621B29464B46384601F074FE411C02465E
:104F50000BD0831C11D008B93860012299E80300F6
:104F6000043788E803001544E1E702200A9B1D602E
:104F70000D9B1F6003B0BDE8F0830120F6E708B584
:104F800004F0E2FD431E5842584108BD04F0DCBD68
:104F90002DE9F7430D46D1E90001E94689E8030010
:104FA000DDF8288014461E460027B44202D2B8F12C
:104FB000000F03D1384603B0BDE8F0834B46321BE7
:104FC0002146002001F036FEC31C0246F2D801281B
:104FD00099E8030038BF012285E803001444174410
:104FE00008F1FF38E1E708B50846114603F03AF842
:104FF000031E18BF012343EAA07008BD08461146EE
:105000001A4603F043B808B50846114603F055F8B0
:10501000031E18BF012343EAA07008BD08461146CD
:105020001A4603F055B808B50846114603F01AF8B9
:10503000031E18BF012343EAA07008BD08461146AD
:105040001A4603F023B808B50846114603F035F8B0
:10505000031E18BF012343EAA07008BD084611468D
:105060001A4603F035B813B506220023C0E9012320
:1050700041F20203C360044601A8E6F73DFA01A924
:1050800004F16C00E5F742FD01A8E5F731FD02B03F
:1050900010BD6421024690FBF1F301FB130030B90F
:1050A0004FF4C87192FBF1F301FB132323B912F003
:1050B000030F0CBF012000207047000070B500F204
:1050C0006C740129D8BF013CA0F1460340F26D1079
:1050D000002C00FB03F36FF4EC7026460344B8BFCA
:1050E000E61C03EBA603B5106FF0630094FBF0F031
:1050F0000344192095FBF0F600FB16554FF4C870D9
:1051000094FBF0F40A4803EBD57330F811102344F4
:105110000B4413440720013B93FBF0F2C2EBC202A5
:105120009B1A0344B3FBF0F0C0EBC000181A70BD2B
:10513000A024070830B5C468252320050B7043BFA1
:105140002B234B70881C481C630544BF232300F8A5
:10515000013B04F48271B1F5827F03462BD02E25EA
:1051600003F8025B2A2545700AB103F8012B0429D4
:1051700003F1010202D16621197014E0B1F5807FBC
:1051800004F4804004D100280CBF65214521F3E7D9
:10519000B1F5827F0AD114F4804F1A460CBF612109
:1051A000412102F8011B0023137030BD00280CBF01
:1051B00067214721E0E7002AD7D1ECE70139013B1D
:1051C000994228BF1946F0B5054606460F1801203A
:1051D000BE4200D010B9695C13440FE016F8010B11
:1051E000D45CA4EB000CDCF1000040EB0C00013BB4
:1051F000EEE713F80109441A60426041934201D07E
:105200000028F6D14BB2002B05DD13788B428CBF02
:10521000002000F00100F0BD126852F80C3CFFF7CE
:10522000CDBF0000028840F20113934304BF8B6896
:105230000C332DE9F04108BF8B6090F900300678FF
:10524000002B05460C460FDA437813F002031FBF0C
:105250004B69642193FBF1F001FB10336968642012
:10526000133900FB0133636122F47F7222F00102E3
:105270005205520DB2F5806F37D106F01803182B86
:1052800028D0700726D56069524F00F26C70FFF786
:1052900000FF414201F01A01E2693944002331F86C
:1052A00002CB944540F3928031075CBF03F1FF319C
:1052B0002161F60608D4013B0D2101FB003037F8CF
:1052C0001030D21A0132E2602B7823F0180343F039
:1052D00018032B702B782169180701D40B2904D8E7
:1052E000E2686069FFF7EAFEA0612B882E7823F45C
:1052F0007E7323F003035B055B0DB3F5806F13D161
:105300003207276901D40B2F0ED8606900F26C7048
:10531000FFF7BFFE0D2202FB00772E4AE36832F84A
:105320001720013B1344E36116F0600F4CD0B30724
:105330004AD516F00401676923D101223846FFF7E8
:10534000BDFE86F02008C8F34018A0EB0800072235
:10535000C0F1070090FBF2F3C3EBC303C01AAB78B4
:1053600003F03F03013BC3EBC3031844A369A3EB62
:105370000803134493FBF2F2C2EBC2029B1A1844D7
:10538000E06106F01803182B1ED007F26C70FFF7CF
:1053900080FE104DE269414201F01A0129440023C8
:1053A00031F8027B974213DD37075CBF03F1FF3111
:1053B0002161F10608D4013B0D2101FB003035F8D5
:1053C0001030D21A0132E260BDE8F081013366E7A5
:1053D0000133E5E7A024070873B5079B00F1080235
:1053E0000260D3E900530F2B044605EB030601933B
:1053F00006D9002201A9F8F725FB019B2060A360D4
:10540000206832462946F8F7B2FB019B22686360A8
:1054100000212046D15402B070BD73B500F10802DE
:10542000079B0260D3E900539A0005EB83060C2A20
:1054300043F31D030446019306D9002201A9FEF798
:10544000B3FD019B2060A360206832462946FEF729
:1054500040FE20460199FEF79BFD204602B070BD3C
:1054600013B5059B1B680446A3F10C0053F8043CDC
:10547000002B05DBE9F7EAFC2060204602B010BDF6
:10548000002201A9E9F7ECFCF6E713B5059B1B68C0
:105490000446A3F10C0053F8043C002B05DBE9F7AC
:1054A000E9FF2060204602B010BD002201A9E9F703
:1054B000EBFFF6E7D2E90023FFF780BE2DE9F047C6
:1054C0000C460021814608469846174604F042FBE8
:1054D0008246CAF765FF451C2846FFF793F82A461F
:1054E0005146064604F0E3FBD9F81010002004F002
:1054F00031FB089B42463946204603F091FB31467A
:105500000546002004F026FB3046FFF70BF805B9EE
:105510002570BDE8F087000038B584680546C4BB37
:10552000C820E5F7BCF9504B4460C0E90244C0E92B
:105530000444C0E90644C0E90844C0E90A44C0E99B
:105540000C44C0E90E44C0E91044C0E91244C0E96B
:105550001444C0E91644C0E91844C0E91A44C0E93B
:105560001C44C0E91E440360C0E92044C0E9224451
:10557000C0E92444C0E92644C0E92844C0E92A44DB
:10558000C0E92C44C0E92E44C0F8C04080F8C440B3
:10559000A860AB68354A36499967C3E90222354AA3
:1055A0003549D967C3E90422344A3549C3F8801024
:1055B000C3E90622334A1A62334A5A62334A9A626C
:1055C000334ADA62334A1A63334A5A63334A9A6374
:1055D000334ADA63334A1A64334A5A64334A9A6460
:1055E000334ADA64334A1A65334A5A65334A9A654C
:1055F000334ADA65334A1A66334A5A66334A9A6638
:10560000334ADA66334A34491A67344A5A67C3F868
:1056100084103349C3F888103249C3F88C103249DA
:10562000C3F890103149C3F894103149C3F8981069
:105630003049C3F89C103049C3E928122F4AC3F8F7
:10564000A8202F4AC3F8AC202E4AC3F8B0202E4A17
:10565000C3F8B4202D4AC3F8B8202D4AC3F8BC20A3
:105660002C4AC3F8C02038BDDC190708A9E5060894
:1056700041E70608B8E5060846E70608E8E906082F
:105680004BE70608B9E60608BCE60608BFE60608CA
:10569000CBE60608D2E60608D9E60608E1E60608E3
:1056A000EBE60608F4E60608FBE6060804E706084B
:1056B00008E706080CE7060810E7060814E70608DE
:1056C00018E706081CE7060820E7060828E706088A
:1056D00031E7060837E7060852E706083DE70608FF
:1056E0005CE7060864E706086DE7060876E7060843
:1056F0007AE706087EE7060882E7060886E70608D6
:105700008AE706088EE7060892E7060896E7060885
:105710009AE706089EE706082DE9F0470C460021A7
:10572000814608469846174604F014FA8246CAF79E
:1057300037FE451C2846FEF765FF2A4651460646B9
:1057400004F0B5FAD9F81010002004F003FA089B11
:1057500042463946204604F0D7F931460546002036
:1057600004F0F8F93046FEF7DDFE05B92560BDE826
:10577000F087000038B584680546C4BBC820E5F74B
:105780008EF8504B4460C0E90244C0E90444C0E9CB
:105790000644C0E90844C0E90A44C0E90C44C0E931
:1057A0000E44C0E91044C0E91244C0E91444C0E901
:1057B0001644C0E91844C0E91A44C0E91C44C0E9D1
:1057C0001E440360C0E92044C0E92244C0E92444E7
:1057D000C0E92644C0E92844C0E92A44C0E92C4471
:1057E000C0E92E44C0F8C04080F8C440A860AB684F
:1057F000354A36499967C3E90222354A3549D9679E
:10580000C3E90422344A3549C3F88010C3E90622AB
:10581000334A1A62334A5A62334A9A62334ADA6224
:10582000334A1A63334A5A63334A9A63334ADA6310
:10583000334A1A64334A5A64334A9A64334ADA64FC
:10584000334A1A65334A5A65334A9A65334ADA65E8
:10585000334A1A66334A5A66334A9A66334ADA66D4
:10586000334A34491A67344A5A67C3F884103349B3
:10587000C3F888103249C3F88C103249C3F890102D
:105880003149C3F894103149C3F898103049C3F82E
:105890009C103049C3E928122F4AC3F8A8202F4A88
:1058A000C3F8AC202E4AC3F8B0202E4AC3F8B42067
:1058B0002D4AC3F8B8202D4AC3F8BC202C4AC3F89F
:1058C000C02038BD9021070880F30608E8F50608D7
:1058D000A4F30608FCF50608C8F8060810F6060842
:1058E000C8F30608D4F30608E0F3060810F4060827
:1058F0002CF4060848F4060868F4060890F4060834
:10590000B4F40608D0F40608F4F4060804F5060812
:1059100014F5060824F5060834F5060844F50608CB
:1059200054F5060864F5060884F50608A8F5060887
:10593000C0F506082CF60608D8F5060854F6060841
:1059400074F6060898F60608BCF60608CCF60608B3
:10595000DCF60608ECF60608FCF606080CF7060866
:105960001CF706082CF706083CF706084CF7060853
:105970005CF7060808B500F08FF900000048704792
:10598000A2E706087047000010B5034B0360044609
:1059900000F030F9204610BD1425070810B5044664
:1059A000FFF7F2FF2046FEF7BBFD204610BD0000CA
:1059B00013B51346012B00F10802026008BF0E2345
:1059C0004FF0000218BF0D234260027211460BBF58
:1059D00000930093034B044B0446F8F72BFA204640
:1059E00002B010BDABE70608BAE70608024A034951
:1059F000034800F019B900BF0000002485590508CC
:105A0000E800002400487047C8E706081368994278
:105A100004D153681B1A5842584170470020704700
:105A200070470000004870471FEE0608742A10B542
:105A30001ADC572A0CDC4D2A07DC3B2A0CDC242A12
:105A40000EDC0F2A18DC0E2A16D9C0E9002116E058
:105A50000B4BA2F158040CE00A4BA2F13C0408E005
:105A6000A2F12D03012BEFE7A2F17604182CECD85C
:105A7000054BE340DB07E8D5044B0260436010BDF3
:105A80009D00BF1F8F080200BF07F101F000002436
:105A90007047C0E90021704713B5036814465B697D
:105AA0000A460146684698476368019A9A4206D1B9
:105AB00000982368C31A5842584102B010BD002014
:105AC000FBE74B68834204D10868831A5842584167
:105AD0007047002070477047704710B50446FEF7C6
:105AE0001FFD204610BD10B50446FEF719FD2046E7
:105AF00010BD00002DE9F04300F1080385B00360FC
:105B0000002304461646436003723C2502AF294633
:105B10002046F8F73CF9D4F800802A464146304642
:105B200002F0F6FA20B94046CAF73AFC014603E013
:105B300022280BD16D0000212046F8F728F9636870
:105B4000002BE4D0204605B0BDE8F08398F8003083
:105B5000002BE8D1134BEC4603F1080962461868A4
:105B60005968E646AEE8030008334B45F446F6D1E3
:105B700018689B88AEF80430CEF800001346424601
:105B80009C46BCE80300BC4510605160634602F1CE
:105B90000802F5D1DCF8000010609CF804301371A5
:105BA0000D21C9E7BAE7060810B50B6886B01B6976
:105BB000044668469847DDE90012204600F060F888
:105BC0006846F7F760FF204606B010BD13B51446CF
:105BD0000A4601466846FFF729FF6368019A9A4220
:105BE00006D100982368C31A5842584102B010BD2C
:105BF0000020FBE77047000010B5064C0649074837
:105C0000224600F011F8224605490648BDE810403A
:105C100000F00AB800000024D75A0508F00000245C
:105C2000D95A0508EC0000240B460146184600F03E
:105C30008FBF000088422DE9F04104460D4618D080
:105C4000A0B1A1EB000840460021E8F78DFF00F16C
:105C50000C070646214638462A46E8F7F1FE41463B
:105C60003046E8F775FF3846BDE8F0810248F1F7A5
:105C700066FA024FF7E700BFF4E306082CD20124CE
:105C800013B5044608461146014401AAFFF7D2FFA6
:105C90002060204602B010BD08B5062002F094FA3C
:105CA0000120DCF77FFB002301461A46184604F06A
:105CB0001DB80000024B0146186800F02DB800BF67
:105CC00074020024024B0146186804F073BE00BF42
:105CD0007402002470B50F4E0C463168054611B9A8
:105CE00003F08CFF30602146284603F087FF431CF9
:105CF00003D14FF0FF34204670BDC41C24F00304D0
:105D0000A042F8D0211A284603F078FF0130F2D1E2
:105D1000EFE700BF94D301242DE9F843CD1C25F013
:105D2000030508350C2D38BF0C25002D064601DB78
:105D3000A94204D90C2333600020BDE8F883DFF8C2
:105D4000D48000F069F8D8F800301C4644BB2946DE
:105D50003046FFF7BFFF431C044658D1D8F8004037
:105D60002746002F43D1002C4BD0236839463046BC
:105D700004EB030903F042FF814542D121686D1A0B
:105D800029463046FFF7A6FF01303AD023682B445E
:105D90002360D8F800305A6862BBC8F800700FE082
:105DA0002268521B20D40B2A17D96119A3422560FF
:105DB00018BF5960636808BFC8F8001062514B6093
:105DC000304600F02FF804F10B00231D20F00700EF
:105DD000C21A1CBF1B1AA350AFE76268A3420CBFD4
:105DE000C8F800205A60EBE723466468AEE73C46FB
:105DF0007F68B6E71A465B68A342FBD10023536075
:105E0000DEE70C233360304600F00CF894E70560C1
:105E1000D6E700BF98D30124014803F03DBF00BF7F
:105E200002D50124014803F039BF00BF02D5012487
:105E300070B504460D46164645EC104B05F012FDB4
:105E40007EB1C5F30A53C3F16B03002B09DD1B05BB
:105E500003F17F51002001F5401141EC170B20EEBA
:105E6000070B70BD000000002DE9F04F2DED0A8BEF
:105E700097B088460E920022129205904FF0000AC9
:105E80004FF0000B0A46119211782B294CD039D8CB
:105E90000D2933D8082933D800293CD00022089294
:105EA000119D2A78302A40F0B7806A7802F0DF022C
:105EB000582A70D10293089B019312AB0093904A29
:105EC000059813AB11A904F027FE10F00F06044645
:105ED00005D0062E2AD101350023119508930E9B7B
:105EE000002B40F03785089B4BEC10ABCBB1B1EEEB
:105EF000400B17B0BDEC0A8BBDE8F08F2029CDD147
:105F00000132C0E72D29C9D101210891511C1191FD
:105F10005278002AC4D10E9BCDF84480002B40F06B
:105F200017854BEC10ABE4E70021EEE7129A3AB18B
:105F3000352114A805F08DFD1299059805F066F934
:105F4000731E139A042B06D8DFE803F014031D20F8
:105F50001400DDE914ABE30548BF4BF0004B2BF018
:105F600000431B0D1B05002BB9D103F069FE222352
:105F70000360B4E7DDE914A302F2334223F4801393
:105F800043EA025BE7E7DFF880B1E4E76FF0004B3C
:105F90004FF0FF3ADFE7119B5A1C11925B78302BD0
:105FA000F9D0002B9BD001230793119B0A93002368
:105FB000069399461D460A2211980478A4F13003ED
:105FC000D9B209292AD94F49012202F04DF898B3D4
:105FD000002022462B4607460146652A01D0452A65
:105FE00018D11BB9079B034395D00023DDF84480EB
:105FF00008F10102119298F801202B2A74D02D2A61
:106000007AD04FF0000EA2F13004092C40F28280C9
:10601000CDF8448000249DE00023C5E7082DC8BFCB
:10602000069900F10100CABF02FB013302FB0939E6
:10603000069301351190BFE7119B5A1C11925A78B3
:10604000BDB307462B46A2F13001092912D901211F
:10605000C3E7119B5A1C11925A780130302AF8D0AC
:10606000A2F13103082B00F27A84119B0A930746B0
:1060700000200346303A00F1010114D00F449C4641
:106080004FF00A0E0CF10104E61AB14213DC20EACB
:10609000E0701918082903F10103034419DC0A21EF
:1060A00001FB09290021119A501C119052780846D1
:1060B000C9E72846D2E7BCF1080F03DC0EFB09F95B
:1060C000A446DFE7102CDEBF069E0EFB06F6069602
:1060D000F6E70F29DFBF06980A2101FB002206928E
:1060E000E0E7002701217DE74FF0000E08F10202F2
:1060F000119298F8022086E74FF0010EF6E700BFF4
:106100002C260708D0E706080000F07F119A541CDF
:1061100011945278302AF9D0A2F13104082C3FF6BC
:1061200079AFA2F1300C119A0992119A541C119472
:106130005278A2F13006092E37D9099EA41B082CEB
:1061400044F61F6402DC6445A8BF6446BEF1000F3C
:1061500000D06442002B4DD1079B18437FF4BFAEA3
:1061600000297FF4D8AE692A27D024DC492A24D01C
:106170004E2A7FF4D0AE974911A804F0EFFE002814
:106180003FF4C9AE119B1B78282B2DD1924914AA3C
:1061900011A804F0F7FE052826D1159BDDF850A0C4
:1061A00043F0FF4B4BF4E00B99E60A2404FB0C2C64
:1061B000ACF1300CB9E76E2ADBE7884911A804F08E
:1061C000CDFE00283FF4A7AE119B8549013B11A8E5
:1061D000119304F0C3FE10B9119B01331193DFF842
:1061E00014B24FF0000A7AE67E4803F071FD5BECD2
:1061F00010AB74E607EE909AE21BB8EE677B002DB9
:1062000008BF1D46102B09921A46A8BF1022092B61
:106210005BEC17AB15DCE11B00293FF460AEA4EB8F
:10622000070172DD162959DC6F4B099A03EBC20393
:1062300093ED007B4BEC16AB27EE067B5BEC17ABCC
:106240004DE66949DDED066A01EBC20111ED125B15
:106250000F2BB8EE666BA7EE056B5BEC16ABDADDC9
:106260009A1AE11B0A44002A40F3948012F00F00AE
:106270000AD05D4901EBC00191ED007B4BEC16AB00
:1062800027EE067B5BEC17AB32F00F0273D0B2F552
:106290009A7F47DD0024254607942646059ADFF8B5
:1062A00054B1222313604FF0000A079B002B3FF4E8
:1062B00016AE1299059804F0A9FF0598314604F02E
:1062C000A5FF0598294604F0A1FF0799059804F059
:1062D0009DFF0598214604F099FF00E6C3F12501D2
:1062E000E01B8142BCDB404AC3F10F0302EBC30158
:1062F00091ED007B09994BEC16ABCB1A02EBC30274
:1063000027EE067B92ED006B96E71631A8DB364B45
:106310003C1B03EBC40494ED007B4BEC16AB86EE08
:10632000077B8BE700204BEC17AB304E1211014678
:10633000012A23DC08B15BEC17AB2C4A2C4802EB9A
:10634000C10292ED007BABF1547B4BEC16AB294ABA
:1063500027EE067B17EE901A0A4082425BEC17ABE1
:1063600098D8A0F58010824286BFDFF88CB04FF03D
:10637000FF3A01F1547B0022069276E012F0010F01
:1063800004D096ED006B012027EE067B0131521000
:106390000836CDE7EFD0524212F00F000AD0124972
:1063A00001EBC00191ED007B4BEC16AB86EE077B59
:1063B0005BEC17AB1211DED01F2A1FDD002425462F
:1063C00007942646059A22234FF0000A4FF0000B4F
:1063D00013606AE777E7060818260708A6E80608A4
:1063E000ECE90608E8E90608A02807087828070865
:1063F0000000A07C0000F07FFFFFEF7F12F0100193
:1064000018BF6A2106914BEC17ABAF490020D607A5
:1064100004D591ED006B012027EE067B521001F1AF
:106420000801F4D108B15BEC17AB069AB2B1CBF31B
:106430000A51C1F16B02002A58460FDD1F2A55DDB3
:10644000342ADEBF4FF0FF32C1F14B018A404FF0DA
:10645000000ACCBF4FF05C7B02EA000B4BEC17ABA1
:10646000B5EE407BF1EE10FAA8D00A990598CDF868
:1064700000902A4604F032FF079000283FF40AAF4C
:10648000099B3F1B002BB4BF3B4600230A93099B8B
:106490009FED89BB23EAE37300240D932546079BF8
:1064A0000598596804F072FE064600283FF4F6AEDF
:1064B000079B1A694BEC19AB023203F10C019200F5
:1064C0000C3003F0F4FBB0EE490B059814AA13A9A5
:1064D00005F038FA129000283FF4E0AE059801214B
:1064E00004F092FF054640B90025D7E64FF0FF3192
:1064F00001FA02F202EA0A0AB0E7139F149A002F87
:10650000ABBF0A9B0D9BDDF83480DDF82890ACBF53
:1065100007EB0309A3EB0708069BFF1A1744C2F118
:1065200036036A4A013F974251DAD11B1F29A3EB78
:1065300001034FF001023EDC8A400C9200220B92D4
:1065400009EB03079844069BB94598444B46A8BFFE
:106550003B464345A8BF4346002BC2BFFF1AA8EBEA
:106560000308A9EB03090A9B002B16DD29460598B1
:106570001A4605F001F805460028B5D00146129AE2
:10658000059804F057FF0F9000283FF487AE12994A
:10659000059804F03BFE0F9B1293002F1BDC099B18
:1065A000002B21DD31460D9A059804F0E5FF0646E3
:1065B000D0B9002672E6C7F17F4707F57F0707F5D8
:1065C0007B47E23702FA07F10B910C92B8E7002201
:1065D0000B920122F9E7129905983A4605F026F840
:1065E00012900028DBD159E6B8F1000F07DD3146E3
:1065F0000598424605F01AF806460028D9D0B9F1A8
:10660000000F08DD294605984A4605F00FF80546B3
:1066100000283FF443AE12990598324605F08EF8F3
:10662000044600283FF43AAE0023D0F80C80C36043
:10663000294605F067F800284CDA58EA0A0872D1B2
:10664000CBF31303002B6ED12BF000431B0D1B0566
:10665000B3F1D66F67D9636913B92369012B62DD82
:1066600021460122059804F0E1FF2946044605F081
:1066700049F8002857DD2BF00043069A1B0D1B0537
:10668000002A6ED0B3F1D66F6BD8B3F15C7F7FF682
:1066900099AE9FED0B7B4BEC16AB0D4B26EE077BBB
:1066A00017EE902A13405BEC17AB002B7FF401AE82
:1066B000059A22231360FCE50000C0FFFFFFDF41C5
:1066C00000000000000050394026070802FCFFFFD0
:1066D0000000F07FD9465DD1CBF31303B8F1000F72
:1066E0002AD0A94A93422AD1069B5246FBB1A74B16
:1066F0000BEA0303B3F1D46F4FF0FF311AD81B0D2F
:10670000C3F16B0301FA03F39A4218D1A04B9945E8
:1067100002D101323FF4C2AD9C4B09EA030303F5F9
:10672000801B4FF0000A069B002BB2D1C1E54FF051
:10673000FF33E9E70B46E7E753EA0A039BD00B9BDD
:10674000C3B113EA090FEED0069A50465946B8F184
:10675000000F13D0FFF76CFB39EE007B5BEC17AB3F
:10676000E1E7A3F580136FEA135B6FEA0B5B4FF071
:10677000FF3AD8E70C9B13EA0A0FE4E7FFF758FB50
:1067800039EE400BB5EE400BF1EE10FA5BEC10ABBE
:10679000C9D117E62946204605F02CF9B0EE007B5A
:1067A000B4EEC70BF1EE10FA5DD8B8F1000F64D16A
:1067B000BAF1000F4BD1CBF31303B7EE008B002BD4
:1067C00060D1B4EEC80BB6EE008BF1EE10FA01D436
:1067D00020EE088BB1EE48AB6C486E4909EA000721
:1067E0008F4253EC1A2B7DD1A9F1547B4BEC1CAB9F
:1067F000B0EE4C0B05F036F86448A0EE0ACB1CEE68
:10680000903A654A03EA000191425BEC1CAB3CD92B
:1068100019EE902A5E4B9A4204D119EE103A0133D8
:106820003FF43CADDFF868B14FF0FF3A129905989C
:1068300004F0ECFC0598314604F0E8FC0598294684
:1068400004F0E4FC0598214604F0E0FC27E6BAF1E8
:10685000010F03D1BBF1000F3FF4B4ADBFEE00ABAD
:10686000B7EE008BB8E7B6EE008B20EE088BB8F1E0
:10687000000FAFD0B0EE48ABAEE7B7EE00ABB0EE76
:106880004A8BA9E7BFEE00ABA6E703F1547B069B5A
:10689000D946002BCAD12BF000431B0D1B059F428C
:1068A000C4D151EC180BCAF765F8C9F70FFFCBF349
:1068B000130941EC170B49EA0A0959EA080938EEAD
:1068C000478B3CD09FED2A7BB4EEC78BF1EE10FADC
:1068D0003FF5EFAC9FED287BB4EEC78BF1EE10FADD
:1068E000A4DDE6E40699E1B1B7F1D46F19D8B4EEAE
:1068F000CB8BF1EE10FA11D8BCEEC88B18EE103A23
:10690000012B38BF012308EE103AB8EE488BB8F1DE
:10691000000F11D1B1EE487B53EC172B03F1D66178
:10692000CB1BB0EE490B43EC1A2B04F09BFFAAEEF5
:10693000009B5BEC19ABAAE7B0EE487BECE79FED60
:10694000107BB4EEC78BF1EE10FA7FF56FAFB0E4B9
:10695000002308930E9A119B1360FFF7C4BA652AAF
:106960003FF4BFAB452A3FF4BCAB0121FFF7F4BBBA
:106970009535A094FFFFDF3F35E5AF350000E03FE0
:106980009535A094FFFFCF3FFFFF0F000000F07F81
:10699000FFFFEF7F0000E07FFFFF9F7C014BFFF7D1
:1069A00063BA00BF080100240A4601460248034BAF
:1069B0000068FFF759BA00BF7402002408010024E0
:1069C00010B5214C214B0A4601462068FFF74CFACE
:1069D000B4EE400BF1EE10FAB0EE407B0DD717EE9F
:1069E000903A002B1A4804DA03F07AF9B1EE400A23
:1069F00010BDBDE8104003F073B9B7EEC00BDFED7A
:106A0000156AB0EEC06AB4EE666AF1EE10FA08DDFF
:106A1000B0EEC76B9FED0A5BB4EE456BF1EE10FA7A
:106A20000ADD10EE103A13F0FF4FE1D117EE902A75
:106A3000094B1340002BDBD0236822221A60D7E7D2
:106A4000FFFFFFFFFFFFEF7F740200240801002417
:106A5000E8E90608FFFF7F7F0000F07F2DE9F043A3
:106A6000344E86460D46284615F8014B375D17F023
:106A70000807F8D12D2C10D12C780127851C33F074
:106A8000100015D1302C0DD1287800F0DF005828E7
:106A900008D16C78023510230AE02B2C04BF2C7827
:106AA000851CECE7002BF6D1302C14BF0A230823F9
:106AB0004FF0FF380026B8FBF3F803FB08F96FEA44
:106AC00009093046A4F1300CBCF1090F10D8644616
:106AD000A3421EDDB6F1FF3F07D0804516D301D19A
:106AE000A14513DB00FB0340012615F8014BE9E744
:106AF000A4F1410CBCF1190F01D8373CE8E7A4F12F
:106B0000610CBCF1190F04D8573CE1E74FF0FF3698
:106B1000EBE7731C06D12223CEF80030304632B9A1
:106B2000BDE8F08307B14042002AF9D006B1691EE2
:106B30001160F5E769260708FFF790BF13460A467C
:106B4000014602480068FFF789BF00BF74020024B5
:106B500010B504460448134620B10A4602202146D7
:106B600003F0C4F810BD00BFED9C0508F0B5431C50
:106B700087B003D14FF0FF3007B0F0BD1C4D8DF84A
:106B80000B0004AE08220021304601F047FA2F68BE
:106B90007C6CFCB95020FFF78DF80246786420B970
:106BA000144B1548182103F001F92B685B6CC3E9FD
:106BB0000044C3E90244C3E90444C3E90A44C3E905
:106BC0000C44C3E90E44C3E91044C3E912449C6178
:106BD0001C775C62094B0096D3F8E44028680123D7
:106BE0000DF10B0203A9A0470128C3D80398C3E7FE
:106BF00074020024D2E70608E9E706080801002429
:106C0000F7B50A4C089ED4F8E47000960546144681
:106C100012B9074A01232146B847431C01BF00238C
:106C200033608A232B6003B0F0BD00BF080100244D
:106C3000E8E9060807B5009313460A4601460348EB
:106C40000068FFF7DDFF03B05DF804FB7402002469
:106C5000F0B5094C85B0D4F8E07005461E4609B978
:106C60000A4601A9B847431C01BF002333608A23A9
:106C70002B6005B0F0BD00BF0801002413460A4692
:106C8000014602480068FFF7E3BF00BF740200241A
:106C90007FB5431C054603D14FF0FF3004B070BDF3
:106CA000082200210DEB020001F0B8F9174B1E6815
:106CB000746CECB95020FEF7FDFF0246706420B9F9
:106CC000134B1448162103F071F8C0E90044C0E9E1
:106CD0000244C0E90444C0E90A44C0E90C44C0E9E4
:106CE0000E44C0E91044C0E9124484610477446250
:106CF000094B2A46D3F8E04001A902AB3046A04731
:106D00000128C9D19DF80400C8E700BF740200241F
:106D1000D2E7060842E8060808010024024B0344B3
:106D2000587800F00800704768260708034B1B5C82
:106D300003F00303012B08BF2030704769260708C2
:106D400001390B291FD8DFE801F006080A0C0E10E4
:106D5000121416181A1C04F0D2BF04F0DDBF04F0A0
:106D6000E9BF04F0FDBF00F010B800F014B800F067
:106D700023B800F033B800F03FB800F04BB800F093
:106D800057B800F067B800207047303809288CBF2A
:106D9000002001207047002100F000B838B50446FB
:106DA0000D4600F01FF830B12946204600F036F8B5
:106DB000B0FA80F0400938BD002100F001B80000B1
:106DC000FF2807D8044B185C00F00300831E5842CC
:106DD000584170470020704769260708002100F0DD
:106DE00001B80000FF289DBF024B185C00F097001F
:106DF0000020704769260708002100F001B8000054
:106E0000FF289DBF024B185C00F010000020704767
:106E100069260708002100F001B80000FF289DBF87
:106E2000024B185C00F00800002070476926070834
:106E3000002100F001B80000FF2807D8044B185CBF
:106E400000F00300431E584258417047002070472D
:106E500069260708A0F13003092B07D920F020008C
:106E6000413805288CBF0020012070470120704761
:106E7000FE2806D8034B1B5C03F00303012B08BF5D
:106E80002030704769260708FE2806D8034B1B5C94
:106E900003F00303022B08BF203870476926070858
:106EA00038B50B78613B05460C46172B5ED8DFE8FA
:106EB00003F00C1A22295D5D305D5D5D5D375D5D1F
:106EC0005D3E5D5D4A5D515D5D582D492046C9F7C7
:106ED00007FA00284ED02B492046C9F701FA0028AE
:106EE00044D1022045E028492046C9F7F9F9002895
:106EF0003CD103203DE025492046C9F7F1F9A8BB64
:106F0000042036E022492046C9F7EAF970BB052083
:106F10002FE020492046C9F7E3F938BB062028E0D6
:106F20001D492046C9F7DCF900BB072021E01B49B9
:106F30002046C9F7D5F9F8B119492046C9F7D0F963
:106F4000A0B9092015E017492046C9F7C9F968B961
:106F50000A200EE014492046C9F7C2F930B90B20C7
:106F600007E012492046C9F7BBF938B116232B6058
:106F7000002038BD0120FCE70820FAE70C20F8E7E4
:106F80004EE506083BE506089BE8060829E50608E5
:106F900048E5060854E5060835E5060823E5060831
:106FA00041E506084FEC06082FE5060847E5060808
:106FB000024B01461868FFF773BF00BF740200243C
:106FC000F0B52DED028BB0EE408B85B017460D9DD0
:106FD0000C9E18EE902A25F02005002AB6BF2D221F
:106FE0000022B1EE408B462D0C461A7004D0452D80
:106FF00000D10134022100E0032103AB019302AB75
:10700000009322463346B0EE480B02F075FF472D41
:1070100014D1FB070AD50219B5EE408BF1EE10FA38
:1070200008BF03923021039B934219D3039B0E9A0E
:107030001B1A136005B0BDEC028BF0BD462D00EBB2
:107040000402E9D10378302B07D1B5EE408BF1EE85
:1070500010FA1CBFC4F10104346033681A44DBE742
:107060005C1C03941970DEE7F7B50029BABF4942EA
:107070002D232B2309290270437029DD0DF107030D
:107080001D460A271A46B1FBF7F607FB16143034E3
:1070900002F8014C0C46632C03F1FF333146F1DC5E
:1070A0003031941E03F8011C411C2346AB420AD325
:1070B0000DF109039B1AAC4288BF0023023303443D
:1070C000181A03B0F0BD13F8016B01F8016FEDE77A
:1070D000302330318370C170031DF1E700000000E0
:1070E0002DE9F04F8DB00C46DDF8588016461F464E
:1070F000054602F037FDD0F800B05846C9F750F900
:1071000000230A93D8F8003094F81890226805906C
:10711000073323F0070303F10801C8F8001093EDCB
:10712000000B9FED976BB0EEC07BB4EE467BF1EEAB
:1071300010FA84ED120B24DDB5EEC00BF1EE10FA5F
:1071400002D52D2384F843308F49904BB9F1470F76
:107150008CBF8846984622F00402032323612260F4
:107160004FF0000A009733460BAA2146284600F04C
:10717000D1F9013040F089804FF0FF300DB0BDE80B
:10718000F08FB4EE400BF1EE10FA09D710EE903A02
:10719000002BBCBF2D2384F843307D497D4BD5E7C0
:1071A0006368591C09F0DF0A39D10623636042F491
:1071B00080620023226003930AABCDE9019309ABFF
:1071C000009361680DF123032846FFF7F9FEBAF139
:1071D000470F0999804629D1C81C02DB6368994290
:1071E00041DDA9F102095FFA89F901394A4604F142
:1071F00050000991FFF738FF0A9A1318012A8246B6
:10720000236102DC2268D20701D5013323619DF896
:107210002330002BA6D02D2384F84330A2E7BAF107
:10722000470FC4D1002BC2D10123BFE7B9F1650FCD
:10723000DBD9B9F1660F18D1002963680BDD216134
:1072400013B92268D00702D501330B442361A1652D
:107250004FF0000ADBE713B92268D20701D50233E9
:10726000F4E70123F2E74FF067090A9B994205DB37
:1072700023682161D807EAD54B1CE7E70029D4BF72
:10728000C1F1020201221344E0E723685A0507D442
:107290002369424631462846B84701302AD16BE778
:1072A000B9F1650F40F2E08094ED127BB5EE407BC2
:1072B000F1EE10FA33D1384A012331462846B84757
:1072C00001303FF459AFDDE90938434502DB23685B
:1072D000D8070FD5059B5A4631462846B847013096
:1072E0003FF44AAF4FF0000908F1FF3804F11A0AE1
:1072F000C84509DC23689B0700F10781E0680B9B08
:107300009842B8BF184639E701235246314628460D
:10731000B84701303FF430AF09F10109E8E7099BB4
:10732000002B3BDC1C4A012331462846B84701307C
:107330003FF422AFDDE9093959EA030302D123689A
:10734000D907D7D5059B5A4631462846B84701305C
:107350003FF412AF4FF0000A04F11A0B099B5B4295
:10736000534501DC4B4694E701235A4631462846F3
:10737000B84701303FF400AF0AF1010AEEE700BF61
:10738000FFFFFFFFFFFFEF7FA5E80608A1E8060863
:10739000ADE80608A9E806083FEB0608A36DDDF88E
:1073A00028A05345A8BF5346002B994637DC00233D
:1073B000079329EAE97904F11A02A36D0799069364
:1073C000A3EB09038B4231DC099B9A453BDC236824
:1073D000DA0738D4099BAAEB0309069BAAEB03033F
:1073E0009945A8BF9946B9F1000F34DC4FF0000869
:1073F00029EAE97904F11A0B099BAAEB0303A3EB31
:10740000090343457FF776AF01235A4631462846A4
:10741000B84701303FF4B0AE08F10108ECE742464E
:1074200031462846B8470130C1D1A5E6012331468F
:1074300028460692B84701303FF49EAE079B069A55
:1074400001330793B9E7059B5A4631462846B847AA
:107450000130BFD190E6069A4B4642443146284659
:10746000B8470130C2D187E6DDF82890B9F1010FA5
:1074700001DCDB0736D50123424631462846B847B2
:1074800001303FF479AE059B5A4631462846B8474D
:1074900001303FF471AE94ED127BB5EE407BF1EE1E
:1074A00010FA09F1FF3918D04B4608F101023146B4
:1074B0002846B84701300CD15EE601235A463146D2
:1074C0002846B84701303FF457AE08F10108C845D7
:1074D000F3DB534604F15002DCE64FF0000804F100
:1074E0001A0BF4E701234246E1E701234A463146FD
:1074F0002846B84701303FF43FAE08F10108E36881
:107500000B995B1A4345F0DCF8E64FF0000804F1F4
:107510001909F4E72DE9F047164698468A680B6981
:10752000DDF820909342B8BF1346336091F84320B2
:1075300007460C460AB1013333602368990642BFFF
:10754000336802333360256815F0060506D104F16F
:10755000190AE36832689B1AAB4226DC94F8433080
:107560002268003B18BF012392062BD404F143028A
:1075700041463846C84701301ED02368226903F0CF
:107580000603042B02BFE5683368ED1AA3680CBF3D
:1075900025EAE57500259342C4BF9B1AED18002625
:1075A0001A34B5421AD1002008E001235246414660
:1075B0003846C847013003D14FF0FF30BDE8F087AF
:1075C0000135C6E7E1185A1C302081F843002244F7
:1075D00094F8451082F843100233C7E7012322468E
:1075E00041463846C8470130E6D00136D9E70000A9
:1075F0002DE9FF470F7E0C9E782F914680460C4662
:107600009A4601F1430207D8622F0AD8002F00F0F2
:10761000D180582F00F0B88004F1420684F84270FF
:107620003AE0A7F16303152BF6D801A151F823F036
:10763000897605089D7605081976050819760508E6
:1076400019760508197605089D7605081976050846
:107650001976050819760508197605089B77050837
:10766000C7760508557705081976050819760508BF
:10767000BD77050819760508C77605081976050847
:10768000197605085D77050833681A1D1B68326096
:1076900004F1420684F8423001239CE033682068FC
:1076A000191D3160060601D51D6803E04506FBD5AE
:1076B000B3F90050002D03DA2D236D4284F84330D6
:1076C00058480A2311E021683368080653F8045B20
:1076D00002D4490648BFADB26F2F5248336014BF81
:1076E0000A230823002184F843106668A660002E50
:1076F00005DB21682E4321F0040121604BD01646A2
:10770000B5FBF3F103FB1157C75D06F8017D2F466A
:10771000BB420D46F4D9082B0BD12368DF0708D5EF
:10772000236961689942DEBF302306F8013C06F107
:10773000FF36921B2261CDF800A04B4603AA2146DA
:107740004046FFF7E7FE01304AD14FF0FF3004B06A
:10775000BDE8F087236843F0200323603248782790
:1077600084F84570236831681F0651F8045B02D421
:107770005F0648BFADB23160D90744BF43F0200374
:1077800023601DB11023ADE72648E9E7236823F005
:1077900020032360F6E71646BDE733682568616974
:1077A000181D30602E061B6801D5196002E06806BE
:1077B000FBD51980002323611646BCE733681A1DE8
:1077C00032601E68626800213046C8F799FD08B132
:1077D000801B606063682361002384F84330AAE75C
:1077E0002369324649464046D0470130ADD0236830
:1077F0009B0713D4E068039B9842B8BF1846A6E7DE
:107800000123324649464046D04701309DD00135DC
:10781000E36803995B1AAB42F2DCEBE7002504F165
:107820001906F5E74CE60608B1E806082DE9F04F21
:1078300087B0914603938B685A1EB2F5AE7F81BF25
:107840006FF4AE7503EB050B40F25D138B600B68B4
:107850000A464FF0000543F4F06342F81C3BCDE9C3
:10786000045580460C4698BF4FF0000B0192164617
:10787000AA462F460295A2685AB1D9F800301B7863
:107880004E2B63D8402B3BD8A3F12B01C8B20E2856
:1078900039D91FB1236823F4807323600AF1FF3ABA
:1078A000BAF1010F00F21481019B9E4200F20581A2
:1078B000012007B0BDE8F08FA3F161020D2AE8D8DE
:1078C00001A151F822F000BF117A0508937805084C
:1078D00093780508937805086D7A0508477A0508B6
:1078E00093780508937805081F7A050893780508AA
:1078F000937805089378050893780508DB790508DF
:10790000A3F14102DAE70E29C3D801A050F821F013
:10791000CB79050893780508CB7905085B7A0508CB
:10792000937805086D790508B1790508B1790508DE
:10793000B1790508B1790508B1790508B17905086B
:10794000B1790508B1790508B17905086E2B09D818
:10795000602BB1D8542B7BD0592B9AD1072D98D1BD
:1079600008252FE0742B73D0792BF6E72168C80522
:107970001ED521F0800121600137BBF1000F03D03B
:1079800001320BF1FF3BA260A368013BA3602369B6
:1079900001332361D9F80430013B002BC9F80430CE
:1079A00040F38280D9F800300133C9F8003062E733
:1079B0001AEB05017FF46DAF226822F4C0722260D9
:1079C0000D468A4606F8013BDEE7226810067FF581
:1079D00060AF22F080022260F4E7BAF1000F0CD110
:1079E00077B9226802F4E061B1F5E06F08D122F4C2
:1079F000F06222604FF0010AE4E7BAF1020F50D0C2
:107A0000012D02D0042D7FF444AF0135EDB2D9E74A
:107A1000BAF1010F7FF43DAF4FF0020AD2E775B91A
:107A2000002F7FF437AF226802F4E061B1F5E06F18
:107A300040F0FC8022F4F06222600125C2E7032DB1
:107A4000E3D0052DDFE7022D7FF423AF0325B9E74F
:107A5000062D7FF41EAF0725B4E7226891057FF558
:107A600018AF22F4207222600297ABE7226802F47A
:107A7000A061B1F5806F05D050057FF50AAF002FEA
:107A800000F0D480910558BF029922F4F06258BFEB
:107A9000791A42F4C07258BFCDE90416226000275B
:107AA00090E74FF0030A8DE7D4F88031494640460D
:107AB000984700283FF4DFAEEBE6D4F87C3116F8A7
:107AC000011D4A46404698472369013B2361EBE686
:107AD0006B1E062B24D8022D36D8019B9E427FF6C2
:107AE000E7AED4F87C3116F8011D4A464046984767
:107AF0002369013B2361F0E7D4F87C311BF8011DB9
:107B00004A46404698472369013B23610AF1FF3A00
:107B10005FFA8AFABAF1020FEED1033DEDB2761B9D
:107B20002368DA0530D55B0511D5019B9E427FF6AF
:107B3000BFAED4F87C3116F8011D4A46404698473E
:107B40002369013B2361F0E7AA46B346DEE716F856
:107B5000011C2369652903F1FF3306F1FF35236119
:107B60000CD045290AD0D4F87C314A464046984783
:107B7000236916F8021C013BB51E2361D4F87C3141
:107B80004A46404698472E46226812F0100201D01D
:107B900000208EE63270236803F4C063B3F5806F73
:107BA00023D1029B9F420AD0DA1B04F26F139E423C
:107BB00028BF04F5B7761E49304600F035F9019923
:107BC00000224046FEF7EAFE039B21681B6811F085
:107BD000020F03F1040215D003990A601B6883EDBC
:107BE000000BE3680133E360D2E7049B002BE6D08F
:107BF00005990A230131404603F0EAFF049B059EE4
:107C0000C21AD2E711F0040F03990A60E6D1B4EE6C
:107C1000400BF1EE10FA1D6805D7064802F060F837
:107C200085ED000ADDE7B7EEC00BF9E7002735E682
:107C3000C2E80608E8E90608002310B50446C0E9D2
:107C40000033C0E90433836081814366C28183616C
:107C5000194608225C3000F0E1F90D4B63620D4BD0
:107C6000A3620D4BE3620D4B23630D4B24629C42D8
:107C700006D003F16802944202D0D0339C4205D171
:107C800004F15800BDE8104002F004B810BD00BF78
:107C9000C57E0508EB7E0508237F0508477F05089C
:107CA0009CD30124024A0349034800F069B800BF8D
:107CB000F400002471C705087802002441680C4BC9
:107CC000994210B5044601D004F052FDA168094B59
:107CD000994202D0204604F04BFDE168064B9942E0
:107CE00004D02046BDE8104004F042BD10BD00BFE6
:107CF0009CD3012404D401246CD4012410B50B4B73
:107D00000B4C0C4A1A60204600220421FFF794FF16
:107D100004F1680001220921FFF78EFF04F1D00071
:107D20000222BDE810401221FFF786BFD4D40124FF
:107D30009CD30124A57C0508014801F0ADBF00BF1C
:107D400004D50124014801F0A9BF00BF04D50124D6
:107D500010B50446FFF7F0FF236A1BB1BDE81040E1
:107D6000FFF7F0BF044B2362044B1B68002BF5D1D7
:107D7000FFF7C4FFF2E700BFBD7C0508D4D401249F
:107D80002DE9F8430746884614460026D4E90195B4
:107D9000B9F1010905D52468002CF7D13046BDE8BA
:107DA000F883AB89012B07D9B5F90E30013303D025
:107DB00029463846C04706436835E9E70CB430B574
:107DC000184B0C1E1D689DB008DA8B232B604FF0FA
:107DD000FF301DB0BDE8304002B070474FF4027371
:107DE000ADF814304FF000031B9314BF04F1FF33C0
:107DF0002346049307934FF6FF7302900690ADF865
:107E00001630209A21AB02A92846019304F012F8FB
:107E1000431CBCBF8B232B60002CDAD0029B0022BA
:107E20001A70D6E7740200240EB410B59DB01FABD3
:107E3000029006906FF000410A48079104910A49A8
:107E400053F8042B0591002402A9006801931B94A8
:107E500003F0F0FF029B1C701DB0BDE8104003B0A2
:107E6000704700BF740200240802FFFF0EB470B513
:107E70009DB021AC00254FF4017254F8046BADF8AD
:107E800014201B9502900690C8F78AFA0B4B0390BA
:107E900007900B480B934FF6FF73ADF81630324640
:107EA000234602A900680F951495019404F018F96F
:107EB0001DB0BDE8704003B0704700BFE77E050805
:107EC0007402002410B50C46B1F90E1001F070FEDA
:107ED0000028ABBF636DA3891B1823F48053ACBF8C
:107EE0006365A38110BD002070472DE9F0411F4656
:107EF0008B89DB0505460C46164605D5B1F90E10F3
:107F00000223002201F042FEA389B4F90E1023F4EB
:107F10008053A38132463B462846BDE8F04101F03C
:107F20007DBE10B50C46B1F90E1001F02FFE431CBA
:107F3000A38915BF606523F4805343F48053A38164
:107F400018BFA38110BDB1F90E1001F00FBE30B5FE
:107F50001446002C9BB005461A4605DA8B230360B5
:107F60004FF0FF301BB030BD4FF40273ADF80C3052
:107F70004FF00003199314BF04F1FF33234602931B
:107F800005934FF6FF7300910491ADF80E306946EA
:107F90001E9B03F04FFF431CBCBF8B232B60002CA8
:107FA000E0D0009B00221A70DCE7000007B50093C8
:107FB00013460A46014603480068FFF7C8FF03B0AE
:107FC0005DF804FB7402002410B5013902449042AC
:107FD00001D1002005E0037811F8014FA34201D040
:107FE000181B10BD0130F2E7884210B501EB020406
:107FF00002D98442234607D8431EA14208D011F873
:10800000012B03F8012FF8E7024401468A4200D110
:1080100010BD13F8014D02F8014DF7E70244034685
:10802000934200D1704703F8011BF9E710B50246EF
:10803000147813460132002CFAD1013B11F8012BC0
:1080400003F8012F002AF9D110BDC9B20346184622
:1080500013F8012B12B18A42F9D17047002918BFD9
:1080600000207047C8F73CB910B56AB101398418CF
:1080700010F8012B11F8013F9A4203D1A04201D020
:10808000002AF5D1D01A10BD1046FCE730B50446E1
:1080900000200B46904213F8015B08D10B461C7878
:1080A0001A460133002CFAD1401A104430BD255431
:1080B000002DFBD001301946EBE704F0EFBD02467E
:1080C0001346043219680029FAD1181A8010704733
:1080D00004F0FCBD30B5034600249442184601D19B
:1080E000002030BD05688D4203F10403F9D001344E
:1080F000F3E7920001F0DBBD9200FFF775BF0023AC
:10810000934200D1704740F823100133F8E7000094
:10811000F7B500270E460197144692B10146104864
:1081200001AB0122006804F0D1FB0546C8F738F91D
:10813000A04209D3013C22462946304601F0B7FD52
:108140003755222003B0F0BD2946304601F0A7FD87
:1081500001980028F6D12B78002B08BF1620F1E7F4
:1081600074020024034611F8012B184603F8012B72
:10817000002AF8D170471F2938B505460C4604D9A6
:10818000162303604FF0FF3038BDC26B12B152F8B6
:1081900021304BB9284601F02FFD224601462846E2
:1081A000BDE8384001F016BD012B0AD0591C03D19F
:1081B000162303600120E7E7002142F8241020463F
:1081C00098470020E0E70000024B01461868FFF7DF
:1081D000D2BF00BF740200244269002A40F26C73CF
:1081E000A8BF6FF063031344920705D1642193FB8A
:1081F000F1F201FB1232CAB94FF4C87293FBF2F1EB
:1082000002FB1133B3FA83F35B09D0E906024000A5
:1082100000EB0210184441F2A263984227D011DC0F
:1082200001280ADCC043C00F404270470123ECE73D
:10823000104BC34043F3000070470A381728F7D9A2
:108240000020704741F2B463984206DC41F2B1630A
:108250009842D4BF002001207047A0F5B6500238E4
:108260001528EDD8044BC34003F0010070470120EE
:10827000704700BFCF00CC001F002A002DE9F04F4F
:108280008FB01E46002307460D4602931C46137806
:10829000002B00F0AD84252B1FD192F80190B9F18D
:1082A000300F24D0B9F12B0F21D002F101084FF08B
:1082B000000998F80020313A082A1BD80A224046C3
:1082C00006A9FEF73BFCDDF81880024698F800107E
:1082D000452911D108F1010810E0691EA14240F2C0
:1082E0005D813B55013204F1010A5446CFE702F1AA
:1082F0000208DEE70022E9E74F29EBD098F80000FA
:10830000A0F12501552900F24981DFE811F0690447
:10831000470147014701470147014701470147011D
:10832000470147014701470147014701470147010D
:1083300047014701470147014701470147014701FD
:108340004701470147017500A300DC0028014701F0
:108350005901CB0145024C02470147014701640224
:10836000470147016F0247019F02270331035B0367
:108370006303C903D800DF033F04470147014701F6
:1083800047014701470156008D00BA001D011D013C
:1083900047017E018D0047015D0245024C026102EA
:1083A000660247016F029802D000A8022903380331
:1083B0009503C003D400D1030204B369AD4A183356
:1083C00052F823B05846C7F7EBFF0BF1FF3B04EB25
:1083D000000A6B1EA24507D198F80030002B00F070
:1083E000088408F1010280E7A34240F2D7801BF81D
:1083F000012F3A550134EDE7B2699E4B03EB82033E
:10840000D3F87CB05846C7F7CBFF0BF1FF3B04EB2A
:10841000000A6B1EA245DFD0A34240F2BF801BF8CA
:10842000012F3A550134F5E7924B326953F822B0E7
:108430005846C7F7B5FF0BF1FF3B04EB000A6B1E74
:10844000A245C9D0A34240F2A9801BF8012F3A559A
:108450000134F5E73369874A0C3352F823B05846A4
:10846000C7F79EFF0BF1FF3B04EB000A6B1EA24512
:10847000B2D0A34240F292801BF8012F3A5501344A
:10848000F5E77C4BD3F8A0A05046C7F789FF9AF8D0
:108490000030002B00F0408333465246291B381928
:1084A000FFF7ECFE002879DD04EB000A94E7714B3E
:1084B000D3F8E4A0E8E76F4BD3F89CA0E4E76D4B5A
:1084C000D3F898A0E0E7D6F814A06B498A45ACBF72
:1084D0004FF0000B4FF0010BBAF1000F12DB6420DC
:1084E0009AFBF0F01330B9F1000F15D0632828DDA6
:1084F000624B6349B9F12B0F0CBF9C468C46DFF8E9
:108500009CE10DE00AF26C70039201F04BFC6421D7
:10851000039A90FBF1F0E6E7DFF864C1DFF880E151
:10852000584B0190022A2CBFCBEB0201CBF1020188
:10853000514A00919245A8BF63467246291B3819DB
:1085400023E0DFF83CC1DAE74F49504AF36864287A
:1085500018BF0A46291B3819FFF730FC17E070696D
:108560003369002803F1010A07EB040BF368A5EB5C
:10857000040919DB642290FBF2FC02FB1C00444A54
:10858000CDE90030494653465846FFF717FC00280E
:1085900004DB00EB040A55453FF61EAF4FF0000A1E
:1085A00050460FB0BDE8F08F00F26C70039301F0FD
:1085B000F9FB6422039B90FBF2FC0CFB1200DEE74C
:1085C00025218DF81810B9F1000F0BD0052A8DF870
:1085D000199017D80DF11A002E4901F060FB3346AF
:1085E00006AA5BE72B238DF8193004232A4A1E21A3
:1085F0000DF11A00FFF7E2FB0028EBDD0DF11A0385
:108600001844E9E7931FE5D0F0E73046FFF7E4FDB3
:1086100082467069002811DB642390FBF3F203FBB0
:108620001200642382449AFBF3F203FB12AA9A44D9
:10863000BAFBF3F203FB12A3144A8BE700F26C704F
:1086400001F0B0FB6423BAF1000F90FBF3F202FBE0
:10865000130007DA7269A3F2CF739A42B8BF4FF0E2
:10866000010ADEE7DDD07269034B9A42B8BF4FF0D2
:10867000FF3AD6E76C27070894F8FFFFD6E806080C
:10868000E8E906083CEB0608D8E80608E6E806082C
:10869000DCE80608EFE80608EBE80608CEE806087E
:1086A000C7E806087169BC4805928142ACBF002347
:1086B00001233046CDE90331FFF78EFD0499059A79
:1086C0000029824639DB4FF0640B91FBFBFB0BF179
:1086D000130B706900283DDB4FF0640C90FBFCFE2F
:1086E0000CFB1E00BAF1000F43DA7169AB4B9942E3
:1086F00003DA4FF0010ACDF80CA08244BAF1FF3F33
:1087000042D10BF1FF3B4FF0630A039B642101FB55
:108710000BAA002B40F0E081B9F12B0F40F0E7816C
:1087200042F20F718A4500F26B8225238DF81830D2
:1087300006A93023881C4B70E1E101F26C700592B0
:10874000049101F02FFB4FF0640CDDE9041290FB63
:10875000FCFBBEE700F26C70CDE9042101F022FBC6
:108760004FF0640CDDE9042190FBFCFE0EFB1C00C5
:10877000B8E7C2D0884B9942B4BF012300230393CA
:10878000B8BF4FF0FF3AB8E7BAF1640F04BF0BF17E
:10879000010B4FF0000AB8E78149824AB3686B28A1
:1087A00018BF0A46D6E6B36863B10C2B04D00C217F
:1087B00093FBF1F201FB12337A49794A492818BF39
:1087C0000A46C7E60C23F7E7F369774A0133C1E6A7
:1087D0003369013330E773682EE76B1E9C42BFF4A8
:1087E000DDAE04F1010A0A233B55F5E5B3680B2B16
:1087F0006E4BD4BF0022012203EB8203D3F8A4B056
:108800005846C7F7CDFD04EB000A69480BF1FF3B62
:10881000691EA2453FF4E0ADA1427FF6BFAE98F8D5
:1088200000201BF8013F502A06D1C25C02F003026F
:10883000012A08BF2033DBB23B550134E9E70322AC
:10884000336993FBF2F35B4A013383E67368009369
:10885000B368594A291B3819FFF7B0FA97E6336A0B
:10886000002B78DB00F0DEF9029B0BB900F0E6F993
:1088700004F042FA336A002BD4BF002201222823DD
:1088800002FB0333C358C3F1000A00F0D1F90123FE
:1088900002937269B2F145034FEAE27C6CF1000C7D
:1088A000BCF1000FA5EB040107EB040002DA03336F
:1088B0004CF1000C9B0843EA8C7302F1FF3E4FF031
:1088C000640B4FEAAC0C9EFBFBFEB3EB0E036CEBB0
:1088D000EE7C4FF4C87B02F22B1E9EFBFBFE13EBDB
:1088E0000E034CEBEE7C463A40F26D1E0EFB02F29C
:1088F0009B184CEBE27CF269D6F804B09B184FF061
:10890000180E4CEBE27CA3FB0E230EFB0C33D6F8C7
:1089100008C012EB0C0243EBEC734FF03C0CA2FBD3
:108920000C2E0CFB03EE12EB0B034EEBEB72A3FBD6
:108930000CE30CFB0233D6F800C01EEB0C0243EB39
:10894000EC73B2EB0A0263EBEA73CDE900231B4A36
:10895000FFF734FA1BE64FF0000A9AE733686BE63C
:108960006B1E9C42BFF41AAE04F1010A09233BE7D7
:108970003368019373680093B368114ADEE56B1E98
:108980009C42BFF40BAEB3691BB9372304F1010A53
:108990002AE73033DBB2F9E794F8FFFF95F8FFFFE1
:1089A000E6E80608D8E80608FBE806086C2707088A
:1089B0006926070800E906080FE9060805E9060820
:1089C0000AE90608F369B26907339B1A072293FB89
:1089D000F2F331E63046FFF7FFFBB26932B1013AFC
:1089E0000028F36926DC03D10A33EEE70622F7E715
:1089F000D21A7369002B40F26B71A8BF6FF064014B
:108A00000B44990705D1642093FBF0F100FB113171
:108A100071B94FF4C87193FBF1F001FB1033B3FA55
:108A200083F35B09D21A042ACCBF3423352303E62F
:108A30000123F7E70123FFE57249039206A801F03D
:108A40002EF906A8C7F7ACFC06AB03EB000A0AF147
:108A5000010AD346B9F1000F09D0039A03F8009038
:108A6000052A01D9931F06D167495846B5E506AADC
:108A70002B23135404230EA9644AA1EB0A01504688
:108A8000FFF79CF90028C8BF0AEB000BECE76B1E50
:108A90009C42BFF483ADB36904F1010A3033A3E60D
:108AA000B2691AB1013AF36907338EE70622FAE791
:108AB0007069002805DB642390FBF3F202FB1303CB
:108AC000BAE500F26C7001F06DF9F4E77169504895
:108AD000814209DAA0EB010A2D218DF8181002B1AC
:108AE000013A0DF1190103E001F26C7A14E606A9CE
:108AF00025200870B9F1000F7FF41BAE481C4549D2
:108B0000039201F0CCF8039ACDF800A0134606AA10
:108B1000A0E6336A002B01DAA2465DE400F082F899
:108B2000029B0BB900F08AF804F0E6F8336A002BD8
:108B3000D4BF00220122282302FB033307EB040ADF
:108B4000C358C3F1000900F073F83C2399FBF3F01C
:108B500002F0F7FA3C23A5EB040B90FBF3F202FBC7
:108B6000130000902C4A4FF461635946504699FB1C
:108B7000F3F3FFF723F90028FFF610AD00EB040A2A
:108B800055457FF60BAD0123029325E4336A002B94
:108B9000C2DB00F047F8029B0BB900F04FF8336AD4
:108BA0001E4A002BD4BF00230123A24652F8239073
:108BB0004846C7F7F5FB09F1FF3920446B1E5045C5
:108BC00002D100F035F8DEE7534506D919F8012F38
:108BD00007F80A200AF1010AF1E700F029F8DDE4BC
:108BE0006B1E9C42BFF4DAAC04F1010A2523FBE5BD
:108BF000A246002D3FF4D4AC002307F80A30CFE49E
:108C000049466AE719E9060890E90608EBE806080C
:108C100094F8FFFFF7E8060821E9060800010024A0
:108C2000FFF72CBB014801F036B800BF00D5012486
:108C3000014801F032B800BF00D50124014B18688B
:108C400000F002B8740200242DE9F04F8DB0074601
:108C500004F052F8BC49BD4D0446384602F06AFAA9
:108C6000064610BBBA4BBB4A1860BB4BA0621860EB
:108C7000BA4B2065C3E900224A2100220023C4E93F
:108C80000300C4E90500C4E90D00C4E90F00C4E90C
:108C90000823C4E912232868217284F83010FDF7F4
:108CA00011F82E600DB0BDE8F08F2968002940F062
:108CB0008E802868FDF706F83046C7F771FB411C27
:108CC0003846FDF729F82860002840F08680A24A3F
:108CD000DFF88882DFF878A200231360A04ACAF880
:108CE000003000200021C8E90022C4E90333C4E9B0
:108CF0000533C4E90801C4E90D33C4E90F33C4E9FD
:108D000012014A222272A36284F83020236533784C
:108D10003A2B08BF013633783C2B62D1751C914A3F
:108D200091490AAB2846FFF7A1F80028BADD0A9B53
:108D3000DA1E072AB6D8EB5C3E2BB3D102360A9B6B
:108D4000F518F35C2D2B5AD101354FF0FF39002374
:108D5000ADF81E30ADF8203008AF0AABCDE90137D1
:108D600003930DF11E03009380490AAB07AA28461E
:108D7000FFF77CF8002895DDBDF81E30BDF82060B7
:108D80003C2202FB0366BDF81C304FF4616202FB1B
:108D900003660A9B09FB06F605EB0309EB5C3C2B1B
:108DA00040F0EE8009F10105714A6F490AAB28468F
:108DB000FFF75CF8002828DC99F801303E2B24D11D
:108DC000684BA662C8E90033CAF800606AE7C7F7D3
:108DD00087FA00287FF46DAF64E7314600F05FFF4B
:108DE00075E7604A63490AAB3046FFF73FF8002851
:108DF0007FF758AF0A9B033B072BA0D952E72B2BD9
:108E000008BF01354FF00109A1E70A9BDA1E072AC6
:108E10003FF648AFEB5C3E2B7FF444AF09F102090B
:108E20000A9B09EB030519F803302D2B40F0B7809E
:108E300001354FF0FF390023ADF81C30ADF81E307E
:108E4000ADF820300A930AABCDE9027301930DF11E
:108E50001E03009345490AAB07AA2846FFF706F808
:108E6000002800F3A280A6F5616304930A9B2746BD
:108E70001D444FF0000B2B782C2B08BF013595F8C3
:108E80000090B9F14D0F40F0A3800AAB0DF126021E
:108E9000CDE9013209AA0092374903930DF122026C
:108EA0002846FEF7E3FF03287FF4FCAEBDF822104E
:108EB0004B1E0B2B3FF6F6AEBDF82420531E042BA1
:108EC0003FF6F0AEBDF82630062B3FF6EBAEC7E915
:108ED000031287F808907B610A9B05EB03090025C4
:108EE0004FF00203ADF81C30ADF81E50ADF8205025
:108EF0000A9599F800302F2B40F096800AAB08AA0B
:108F0000CDE901320DF11E0200921C49039307AA1C
:108F10004846FEF7ABFFA84200F386804A210022B4
:108F20000023C4E90355C4E90555C4E90823C4E98D
:108F30000D55C4E90F55C4E912232172A56284F8C6
:108F400030102565AEE600BF2DE90608D8D401240F
:108F5000F4D4012484E60608F8D401240001002496
:108F6000E8E90608E8D4012430E9060865E90608BE
:108F7000DCD4012443E9060851E9060864E906083F
:108F80003E4A3F490AAB4846FEF770FF00287FF78C
:108F900017AF0A9B033B072B7FF642AF82E62B2BD2
:108FA00008BF01354FF0010945E7BDF81E20BDF8A7
:108FB00020303C2101FB0233BDF81C204FF46161DD
:108FC00001FB023309FB03F34FE74FF0010B52E7BC
:108FD000B9F14A0F06BF01354B4644230A220BA9BB
:108FE00028460593FDF7AAFDDDF82C90059BADF80A
:108FF0002600A94514D14D23BBF1000F07D12372E0
:1090000003210223C4E90313C4F814B067E784F80A
:1090100030300B220123C4E90D230023E3635EE714
:1090200080B23B7278615AE7BDF81E20BDF820304F
:109030003C2101FB0233BDF81C204FF4616101FBB0
:109040000233BB610A9D28374D44BBF1000FBCD0F1
:10905000049B23650B4BC8F800306068074BA66281
:10906000C8F8043003F04CFEA26A236DCAF8002051
:109070009B1A054A18BF0123136013E6DCD40124B0
:1090800043E90608E8D40124F8D401244269002AFF
:1090900040F26C73A8BF6FF063031344920705D1CD
:1090A000642193FBF1F201FB1232CAB94FF4C8728A
:1090B00093FBF2F102FB1133B3FA83F35B09D0E9BE
:1090C0000602400000EB0210184441F2A2639842ED
:1090D00027D011DC01280ADCC043C00F4042704792
:1090E0000123ECE7104BC34043F3000070470A38FC
:1090F0001728F7D90020704741F2B463984206DC84
:1091000041F2B1639842D4BF002001207047A0F51E
:10911000B65002381528EDD8044BC34003F00100C7
:1091200070470120704700BFCF00CC001F002A000D
:1091300038B500231546C0F8FC33FF22044602F080
:1091400004F8431C08BF00202860204638BD0000FA
:109150002DE9F04FADF2A44D1E46002307460D4603
:1091600002931C461368002B00F0B684252B1FD1F8
:10917000D2F80490B9F1300F25D0B9F12B0F22D0DD
:1091800002F104084FF00009D8F80020313A082A0B
:109190001CD80A22404608A902F092FDDDF8208082
:1091A0000246D8F80010452912D108F1040811E050
:1091B000691EA14240F26B8147F82430043204F169
:1091C000010A5446CEE702F10808DDE70022E8E78D
:1091D0004F29EAD0D8F80000A0F12501552900F266
:1091E0005681DFE811F07104540154015401540117
:1091F00054015401540154015401540154015401C7
:1092000054015401540154015401540154015401B6
:109210005401540154015401540154015401770084
:10922000A800E700350154016701D5014F0256023D
:109230005401540154016E02540154017A02540144
:10924000A90232033C0363036B03D303E200E90387
:10925000470454015401540154015401540156006F
:109260009000C10029012901540188019000540196
:1092700067024F0256026B02700254017A02A20288
:10928000D800B302340343039D03CA03DD00DB03AC
:109290000A04B369B249183307AA51F8231028A861
:1092A000FFF746FF079B043804EB030A6B1EA24539
:1092B00007D1D8F80030002B00F00F8408F1040229
:1092C0007FE7A34240F2E38050F8042F47F82420C0
:1092D0000134ECE7B269A24B03EB820328A8D96FF3
:1092E00007AAFFF725FF079B043804EB030A6B1E50
:1092F000A245DED0A34240F2CA8050F8042F47F8BE
:1093000024200134F4E7964B316907AA53F8211061
:1093100028A8FFF70DFF079B043804EB030A6B1E18
:10932000A245C6D0A34240F2B28050F8042F47F8BD
:1093300024200134F4E7336989490C3307AA51F832
:10934000231028A8FFF7F4FE079B043804EB030A58
:109350006B1EA245ADD0A34240F2998050F8042F75
:1093600047F824200134F4E77D4BD3F8A01007AA76
:1093700028A8FFF7DDFE0368002B00F04183334689
:109380000246291B07EB8400FFF7E2FE00287EDD82
:1093900004EB000A8DE7724B07AAD3F8E410E7E765
:1093A0006F4B07AAD3F89C10E2E76D4B07AAD3F8DE
:1093B0009810DDE7D6F814A06A498A45ACBF4FF093
:1093C000000B4FF0010BBAF1000F12DB64209AFB87
:1093D000F0F01330B9F1000F15D0632829DD624B8E
:1093E0006249B9F12B0F0CBF9C468C46DFF898E11F
:1093F0000DE00AF26C70039200F0D4FC6421039A31
:1094000090FBF1F0E6E7DFF864C1DFF880E1584B4C
:109410000190022A2CBFCBEB0201CBF10201514A91
:1094200000919245A8BF63467246291B07EB840052
:1094300024E0DFF838C1D9E74E494F4AF368642881
:1094400018BF0A46291B07EB840003F0BDFF17E095
:1094500070693369002803F1010A07EB840BF36894
:10946000A5EB04091ADB642290FBF2FC02FB1C0052
:10947000424ACDE9003049465346584603F0A4FF1E
:10948000002804DB00EB040A55453FF612AF4FF00D
:10949000000A50460DF2A44DBDE8F08F00F26C704A
:1094A000039300F07FFC6422039B90FBF2FC0CFB17
:1094B0001200DDE725210891B9F1000F0AD0052A35
:1094C000CDF8249014D80AA82D4903F0F3FB3346B5
:1094D00008AA56E72B23099304232A4A1E210AA827
:1094E00003F072FF0028EEDD0AAB03EB8000EBE730
:1094F000931FE8D0F1E73046FFF7C8FD8246706958
:10950000002811DB642390FBF3F203FB12006423B9
:1095100082449AFBF3F203FB12AA9A44BAFBF3F2D9
:1095200003FB12A3144A8DE700F26C7000F03AFCC2
:109530006423BAF1000F90FBF3F202FB130007DA89
:109540007269A3F2CF739A42B8BF4FF0010ADEE707
:10955000DDD07269034B9A42B8BF4FF0FF3AD6E7AD
:109560006C27070894F8FFFFD6E80608E8E9060824
:109570003CEB0608A8F70608E0F70608B8F7060867
:1095800004F80608F4F7060888F706086CF70608DA
:109590007169BC4805928142ACBF0023012330466B
:1095A000CDE90331FFF772FD0499059A002982463F
:1095B00039DB4FF0640B91FBFBFB0BF1130B706974
:1095C00000283DDB4FF0640C90FBFCFE0CFB1E0002
:1095D000BAF1000F43DA7169AB4B994203DA4FF0ED
:1095E000010ACDF80CA08244BAF1FF3F42D10BF141
:1095F000FF3B4FF0630A039B642101FB0BAA002B86
:1096000040F0E081B9F12B0F40F0E58142F20F719B
:109610008A4500F269822523089308A9302301F1C5
:1096200008004B60DFE101F26C700592049100F0DC
:10963000B9FB4FF0640CDDE9041290FBFCFBBEE7C4
:1096400000F26C70CDE9042100F0ACFB4FF0640C2B
:10965000DDE9042190FBFCFE0EFB1C00B8E7C2D044
:10966000884B9942B4BF012300230393B8BF4FF046
:10967000FF3AB8E7BAF1640F04BF0BF1010B4FF0EA
:10968000000AB8E78149824AB3686B2818BF0A46C6
:10969000D8E6B36863B10C2B04D00C2193FBF1F234
:1096A00001FB12337A49794A492818BF0A46C9E6AC
:1096B0000C23F7E7F369774A0133C3E633690133D3
:1096C00030E773682EE76B1E9C42BFF4E0AE04F1F6
:1096D000010A0A2347F82430EBE5B3680B2B6E4BE5
:1096E000D4BF0022012203EB820328A8D3F8A410E0
:1096F00007AAFFF71DFDA2468346002405F1FF39A6
:10970000079B9C42BFF4D5ADD1457FF6C0AED8F8DB
:1097100000305BF82400502B01D1FDF7A9FB47F87E
:109720002A0001340AF1010AEAE70322336993FBB4
:10973000F2F35A4A013385E673680093B368584AD6
:10974000291B07EB840003F03FFE99E6336A002BE8
:1097500078DBFFF767FA029B0BB9FFF76FFA03F0AC
:10976000CBFA336A002BD4BF00220122282302FB4C
:109770000333C358C3F1000AFFF75AFA01230293D7
:109780007269B2F145034FEAE27C6CF1000CBCF166
:10979000000FA5EB040107EB840002DA03334CF160
:1097A000000C9B0843EA8C7302F1FF3E4FF0640B00
:1097B0004FEAAC0C9EFBFBFEB3EB0E036CEBEE7CB6
:1097C0004FF4C87B02F22B1E9EFBFBFE13EB0E0335
:1097D0004CEBEE7C463A40F26D1E0EFB02F29B18FB
:1097E0004CEBE27CF269D6F804B09B184FF0180EEF
:1097F0004CEBE27CA3FB0E230EFB0C33D6F808C027
:1098000012EB0C0243EBEC734FF03C0CA2FB0C2E62
:109810000CFB03EE12EB0B034EEBEB72A3FB0CE322
:109820000CFB0233D6F800C01EEB0C0243EBEC73CA
:10983000B2EB0A0263EBEA73CDE90023194A03F0A5
:10984000C3FD1DE64FF0000A9AE733686AE66B1E17
:109850009C42BFF41CAE04F1010A09233AE73368C5
:10986000019373680093B3680F4ADEE56B1E9C4258
:10987000BFF40DAEB3691BB9372304F1010A29E720
:109880003033FAE794F8FFFF95F8FFFFE0F706089A
:10989000A8F7060834F806086C27070848F80608F1
:1098A00084F806085CF8060870F80608F369B269DF
:1098B00007339B1A072293FBF2F333E63046FFF798
:1098C000E5FBB26932B1013A0028F36926DC03D125
:1098D0000A33EEE70622F7E7D21A7369002B40F24B
:1098E0006B71A8BF6FF064010B44990705D1642028
:1098F00093FBF0F100FB113171B94FF4C87193FB88
:10990000F1F001FB1033B3FA83F35B09D21A042A96
:10991000CCBF3423352305E60123F7E7012301E615
:109920007249039208A803F0C5F908A8FEF7C7FB1F
:1099300008AB03EB800A0AF1040AD346B9F1000F21
:1099400009D0039A43F82090052A01D9931F07D123
:1099500067495846B9E508AA2B2342F8203004236A
:1099600028A9A1EB0A01634A8910504603F02CFD97
:109970000028C8BF0AEB800BEAE76B1E9C42BFF4CD
:1099800086ADB36904F1010A3033A3E6B2691AB1B6
:10999000013AF36907338CE70622FAE77069002879
:1099A00005DB642390FBF3F202FB1303BAE500F23C
:1099B0006C7000F0F7F9F4E771694F48814207DAFB
:1099C000A0EB010A2D21089102B1013A09A903E097
:1099D00001F26C7A16E608A925200860B9F1000F9B
:1099E0007FF41CAE081D4549039203F063F9039A06
:1099F000CDF800A0134608AAA2E6336A002B01DACC
:109A0000A24656E4FFF70EF9029B0BB9FFF716F9D1
:109A100003F072F9336A002BD4BF002201222823FD
:109A200002FB033307EB840AC358C3F10009FFF7B5
:109A3000FFF83C2399FBF3F001F083FB3C23A5EBFB
:109A4000040B90FBF3F202FB130000902C4A4FF43E
:109A500061635946504699FBF3F303F0B5FC0028C7
:109A6000FFF615AD00EB040A55457FF610AD012356
:109A700002931EE4336A002BC2DBFFF7D3F8029B8C
:109A80000BB9FFF7DBF8336A1E4A002BD4BF002363
:109A90000123A24652F823904846C6F781FC09F1FB
:109AA000FF3920446B1E504502D1FFF7C1F8DEE7B5
:109AB000534506D919F8012F47F82A200AF1010A5F
:109AC000F1E7FFF7B5F8E2E46B1E9C42BFF4DFACB0
:109AD00004F1010A2523FDE5A246002D3FF4D9AC8F
:109AE000002347F82A30D4E449466CE7ACF806086E
:109AF000CCF80608F4F7060894F8FFFF24F80608E7
:109B0000D4F8060800010024FFF722BB10B5144664
:109B100022B10A491046C6F7E3FB08B9084810BD50
:109B200007492046C6F7DCFB0028F7D00549204648
:109B3000C6F7D6FB0028F1D00020F0E777E9060849
:109B4000A1E50608E8E90608014B93F828017047EB
:109B500008010024024B0A4601461868FFF7D6BFE9
:109B60007402002400487047F801002438B5064DFF
:109B70000023044608462B60D8F736FC431C02D16C
:109B80002B6803B1236038BDFCD4012438B5074DE0
:109B900004460846114600222A601A46D8F730FCCF
:109BA000431C02D12B6803B1236038BDFCD40124CF
:109BB00038B5074D04460846114600222A601A4669
:109BC000D8F7F6FB431C02D12B6803B1236038BDE4
:109BD000FCD4012438B5074D00230446084611463D
:109BE0002B60D8F7D5FB431C02D12B6803B123604F
:109BF00038BD00BFFCD40124D8F7C8BB38B5064D2A
:109C00000023044608462B60D8F7FCFB431C02D116
:109C10002B6803B1236038BDFCD4012438B5074D4F
:109C200004460846114600222A601A46D8F7CEFBA1
:109C3000431C02D12B6803B1236038BDFCD401243E
:109C4000014B1868704700BF7402002470B50D4DB9
:109C50000D4C641BA4100026A64209D10B4D0C4CE0
:109C600004F02AFE641BA4100026A64205D170BD94
:109C700055F8043B98470136EEE755F8043B984702
:109C80000136F2E7542A0708542A0708542A07081D
:109C90007C2A070870477047704770477047034633
:109CA00011F8012B03F8012B002AF9D170470A445F
:109CB000914200F1FF3300D1704710B511F8014B0C
:109CC00003F8014F9142F9D110BD000000000000DF
:109CD0009FED010B704700BF000000000000F87FFF
:109CE0009FED010A704700BF0000C07F2DE9F843D7
:109CF000274D0746286891460E469846FFF7CCFF49
:109D0000244A14683CB9244B1360244A12B11268E7
:109D1000C3F88820204C63681F2B06DD2868FFF7F6
:109D2000BDFF4FF0FF30BDE8F8832FB3D4F88800B3
:109D300068B91B4B002BF1D04FF48470FBF7BAFFCE
:109D40000028EBD00023C0E94033C4F888006368E2
:109D500040F8239001229A4000EB8301D0F80031B3
:109D60001343C0F80031022FC1F8808002BFD0F841
:109D700004311343C0F80431636828685A1C023365
:109D8000626044F82360FFF789FF0020CBE700BF43
:109D9000C402002494D5012408D5012468290708A9
:109DA000B55C05080028B8BF404270471FB514468F
:109DB0001A46094B1B680546D8684CB1074B009101
:109DC000CDE9013406492B4602F0FAFCFBF764FFAB
:109DD000044B1C46F3E700BF74020024ADE90608FB
:109DE000BAE90608E8E906082DE9F74F03690C69A6
:109DF000A34207467EDB013C01F11408A30000F1F9
:109E00001405009305EB8403019358F8243055F8AA
:109E1000242001339A4208EB8409B2FBF3F62ED3D7
:109E20004FF0000AC446AE46D3465CF8043B98B2F5
:109E300006FB00A0020C1B0C06FB0323DEF800202F
:109E400080B292B2121A5A44DEF800004FEA134A66
:109E50009BB2C3EB224303EB104392B242EA0342AC
:109E6000E1454EF8042B4FEA234BDED2009BEB5822
:109E70002BB9019B043B9D421A462FD33C613846C7
:109E800001F040FC002825DB2946002058F8042B6F
:109E9000D1F800C01FFA82FE1FFA8CF3A3EB0E0369
:109EA0000344120CC2EB234202EB1C429BB243EA76
:109EB0000243C14541F8043B4FEA2240E6D255F83F
:109EC000242005EB840322B9043B9D421A460BD3A0
:109ED0003C610136304603B0BDE8F08F1268043BA8
:109EE000002ACBD1013CC6E71268043B002AEFD11F
:109EF000013CEAE70020EEE72DE9F04F2DED028B63
:109F0000C76991B08DED020B55EC104B1C9E07916B
:109F1000814609920D937FB91020FBF7CBFE0246D4
:109F2000C9F81C0020B9A04BEF21A048FFF73EFF65
:109F3000C0E901770760C760D9F81C30196859B1CA
:109F40005A684A60012393408B60484601F05EF9ED
:109F5000D9F81C3000221A602B1EBBBF23F000432F
:109F6000039300230122ACBF33603260904B039E09
:109F7000B34310D10D9A42F20F731360C6F313036B
:109F8000234300F0E6841D9B8A4F002B00F0E884F9
:109F9000FB1C00F0E3BC9DED028BB5EE408BF1EEB7
:109FA00010FA0AD10D9A012313601D9B13B11D9A5B
:109FB000814B1360814F00F0D3BC0EAA0FA9484615
:109FC000B0EE480B01F0BEFCC6F30A530E9A0190A6
:109FD000002B45D0B0EE487B18EE901AC1F3130168
:109FE00041F07F5141F44011A3F2FF33002507EE09
:109FF000901AB7EE086B9FED665B37EE467B9FEDE0
:10A00000666BA7EE056B9FED665B07EE903AB8EEC8
:10A01000E74BB0EE467BA4EE057BFDEEC76BB5EEDD
:10A02000C07BF1EE10FA16EE908A08D5B8EEE66B1A
:10A03000B4EE476BF1EE10FA18BF08F1FF38B8F133
:10A04000160F2BD85E4901EBC80191ED007BB4EEF1
:10A05000C78BF1EE10FA01D508F1FF3800211EE0A0
:10A060000F9B134403F232412029C1BFC1F14001CB
:10A070008E4003F2124124FA01F1D6BFC1F1200152
:10A08000314304FA01F107EE901AB8EE677B013B09
:10A0900017EE901A0125A1F1F871A8E70121D21A53
:10A0A000531E069345BFC2F101030493002300230E
:10A0B0004CBF06930493B8F1000F0C9118DB069B7C
:10A0C000CDF82880434406930023079A092A45D8EF
:10A0D000052AC4BF043A0792079AA2F10202CCBF34
:10A0E00000240124032A44D8DFE802F03436170B99
:10A0F000049B0022A3EB080304930A92C8F1000317
:10A10000E3E701220892099A08EB020B0BF1010A1E
:10A110005246012AB8BF012206E001220892099A9C
:10A12000002A29DD93469246D9F81C7000210420AC
:10A1300000F11406964226D979604846059301F04D
:10A1400025F8059B074600283ED11E4B024640F2EB
:10A15000AF11EAE60022E1E70022D3E70124002262
:10A16000CDE907244FF0FF3B0021DA461222099186
:10A17000DAE701220892F5E74FF0010BDA465A467A
:10A18000CDF824B0D0E701314000D1E7AFF3008033
:10A1900061436F63A787D23FB3C8608B288AC63FED
:10A1A000FB799F501344D33FD2E70608F6E906082F
:10A1B0000000F07FF2E9060840EB06083FEB0608D6
:10A1C000A02807084EEA0608D9F81C20BAF10E0F9D
:10A1D00010606ED8002C6CD0B8F1000F40F3B48042
:10A1E000C84A08F00F0102EBC10218F4807F92ED1B
:10A1F000007B4FEA281100F09B80C34A92ED086B68
:10A2000088EE066B8DED026B01F00F010322BE4854
:10A21000002940F08F809DED026B86EE077B8DED6F
:10A22000027B0C999DED027B002900F0B380B7EE14
:10A23000006BB4EEC67BF1EE10FA40F1AB80BAF1E0
:10A24000000F00F0A780BBF1000F30DDB2EE046B11
:10A2500027EE067B8DED027B08F1FF31059101327F
:10A260005C469DED026BB1EE0C5B07EE902AB8EEFA
:10A27000E77BA7EE065B15EE902A51EC150BA2F1D9
:10A280005071002C40F08A80B1EE047B36EE476BB3
:10A2900041EC170BB4EEC76BF1EE10FA00F36A82D3
:10A2A000B1EE477BB4EEC76BF1EE10FA23D48DED1F
:10A2B000028B0F9A002AC0F22981B8F10E0F00F329
:10A2C0002581904B03EBC80393ED006B099B002B9A
:10A2D00080F2C880BAF1000F00F3C4800BD1B1EE58
:10A2E000047B26EE076B9DED027BB4EEC76BF1EEAF
:10A2F00010FAC0F23C8200242546099BDB430593FB
:10A300003E464FF000082146484600F07FFF002DF2
:10A3100000F0A280B8F1000F05D0A84503D0414657
:10A32000484600F073FF2946484600F06FFF93E06F
:10A3300002226CE7CC0704D590ED006B013227EECA
:10A34000067B4910083063E722D0C8F100016D4A4E
:10A3500001F00F0002EBC00292ED007B28EE077BBC
:10A360008DED027B684809110024022229B9002CD6
:10A370003FF457AF8DED027B53E7CE0705D590ED47
:10A38000006B0132012427EE067B49100830EDE70F
:10A39000022246E7CDF81480544662E7594A02EBA0
:10A3A000C40212ED024B089A41EC170B3C444AB32D
:10A3B000B6EE003BB7EE002B3E4683EE045BB2EEFA
:10A3C000043B35EE477BFDEEC64B14EE902AB8EE0B
:10A3D000E45B303236EE456BB4EEC76BF1EE10FA4B
:10A3E00006F8012B38D432EE465BB4EEC75BF1EED3
:10A3F00010FA6ED4A6423FF45AAF27EE037B26EE46
:10A40000036BE0E721463E4627EE047BB2EE043BB9
:10A41000FDEEC64B14EE902A303206F8012BA64210
:10A42000B8EEE45B36EE456B19D1B6EE005B37EE65
:10A43000054BB4EEC46BF1EE10FA4ADC35EE475B27
:10A44000B4EEC56BF1EE10FA7FF531AF0E4601396F
:10A4500016F8013C302BF9D0DDF8148027E026EE09
:10A46000036BD5E79DED027BB2EE044B3E4687EED3
:10A47000065BBDEEC55B15EE103A303306F8013BC6
:10A48000F31B9A45B8EEC53BA3EE467B32D137EEBF
:10A49000077BB4EEC67BF1EE10FA18DCB4EE467B17
:10A4A000F1EE10FA03D115EE103ADB070FD4019943
:10A4B000484600F0ABFE00230D9A337008F101030B
:10A4C00013601D9B002B00F04B821E6048E2CDF80C
:10A4D000148033461E4613F8012D392A06D19F42B7
:10A4E000F8D1059A0132059230223A701A78013279
:10A4F0001A70B1E727EE047BB5EE407BF1EE10FA5F
:10A50000B5D1D4E7A02807087828070808990029BA
:10A5100000F0E9800799012900F3CB80002D00F0BD
:10A52000C48002F23342049E1C460593049B1344EC
:10A530000493069B012113444846069300F064FFF0
:10A54000059B054666B1069A002A09DDB2420499C8
:10A55000A8BF3246891A04910699B61A8A1A069239
:10A560000BB3089A002A00F0C580002C00F0BF80D1
:10A570002946224648460B9300F0FEFF019A014609
:10A580000546484600F056FF01990590484600F000
:10A590003DFE0B9B1B1B00F0B08005991A464846F8
:10A5A00000F0EAFF01900121484600F02DFF0A9BD0
:10A5B0000446002B00F0DA811A460146484600F0B6
:10A5C000DBFF079B012B044600F3A080029B002BBE
:10A5D00040F09680039BC3F31302002A40F0928060
:10A5E00023F00042120D1205002A00F08D80049B1A
:10A5F00001330493069B0133069301230B930A9BBB
:10A60000002B00F0B981226904EB8202106900F08E
:10A61000AFFEC0F12000069B184410F01F0000F0B0
:10A620008180C0F12002042A73DD049BC0F11C006C
:10A6300003440493069B064403440693049B002BA7
:10A6400005DD01991A46484600F0F0FF0190069B8F
:10A65000002B05DD21461A46484600F0E7FF044678
:10A660000C9B002B60D00198214601F04BF800288C
:10A670005ADA08F1FF330593019900230A2248466C
:10A6800000F0E6FD089B0190002B00F07781294641
:10A6900000230A22484600F0DBFDBBF1000F05460F
:10A6A0006EDC079B022B48DC6AE00E9AC2F1360290
:10A6B00039E70AF1FF34A34207DBBAF1000FA3EB3D
:10A6C00004040BDB049E52462FE7E21A0A9B049E09
:10A6D00013440A9352462346002426E7049AA2EB29
:10A6E0000A06002221E7049E089D1C462AE7019ADB
:10A6F000059252E701991A4651E7059B019352E7EB
:10A7000000237BE7029B79E70B9278E700230B930A
:10A7100079E793D0049B1C3213440493069B1644A0
:10A7200013448AE70246F5E7BAF1000FCDF814802A
:10A73000D34621DC079B022B1EDDBBF1000F7FF40B
:10A74000DCAD21465B460522484600F081FD01460E
:10A750000446019800F0D6FF00287FF7CEAD3E46B4
:10A76000312306F8013B059B01330593C9E5CDF87C
:10A77000148054462546F2E7089B002B00F0028126
:10A78000002E05DD29463246484600F04FFF0546BB
:10A790000B9B002B58D06968484600F0F7FC064632
:10A7A00028B9824B024640F2EF21FFF7BEBB2A696F
:10A7B0000232920005F10C010C30FFF778FA012209
:10A7C0003146484600F032FF7B1C049307EB0B0335
:10A7D0000993029B03F00103A84608930546049BD6
:10A7E0000198214603F1FF3BFFF7FEFA4146029034
:10A7F00000F1300A019800F085FF2A4606902146B4
:10A80000484600F09BFFC2680646FAB90146019827
:10A8100000F078FF0246314648460A9200F0F6FC06
:10A82000079B0A9A049E42EA0301089B19430FD131
:10A83000BAF1390F28D0069B002B02DD029B03F1F1
:10A84000310A8BF800A05EE52846BDE70122E2E769
:10A85000069B002B04DB07990B4308990B4320D17F
:10A86000002AEEDD01990122484600F0DFFE214674
:10A87000019000F047FF002803DCE2D11AF0010F3D
:10A88000DFD0BAF1390FD9D139238BF800303346F4
:10A890001E46013B16F8012C392A52D001321A709B
:10A8A00031E5002A07DDBAF1390FEDD00AF10103D5
:10A8B0008BF8003027E5049B099A03F801AC93421A
:10A8C00029D0019900230A22484600F0C1FCA8457E
:10A8D00001904FF000034FF00A024146484607D16D
:10A8E00000F0B6FC80460546049B0133049376E7EE
:10A8F00000F0AEFC2946804600230A22484600F0BC
:10A90000A7FC0546F0E7BBF1000FCCBF5E46012671
:10A910003E444FF0000801990122484600F086FEAF
:10A920002146019000F0EEFE0028B0DC02D11AF0C2
:10A93000010FACD133461E4613F8012D302AFAD050
:10A94000E1E49F42A4D1059B0133059331233B7081
:10A95000D9E41D9B164F1BB107F108031D9A136024
:10A96000384611B0BDEC028BBDE8F08F079B012B80
:10A970007FF72CAE0A9B0B9301204CE6BBF1000F36
:10A980007FF7D8AE3E4601982146FFF72DFA00F139
:10A99000300A06F801ABF21B9345B4DD01990023A0
:10A9A0000A22484600F054FC0190ECE74EEA060803
:10A9B000E9E9060838B50546002941D051F8043CBC
:10A9C0000C1F002BB8BFE418FBF726FA1D4A1368CA
:10A9D00033B9636014602846BDE83840FBF722BAFB
:10A9E000A34208D9206821188B4201BF19685B680F
:10A9F00009182160EDE71A465B680BB1A342FAD94A
:10AA000011685018A0420BD12068014450188342AD
:10AA10001160E0D118685B68536008441060DAE7A1
:10AA200002D90C232B60D6E7206821188B4204BF83
:10AA300019685B68636004BF091821605460CAE745
:10AA400038BD00BF98D301240369B3EB611F2DE922
:10AA5000F0434FEA611200F1140445DD11F01F01CB
:10AA600004EB830604EB82050CD100F110072946A4
:10AA7000B14234D39B1A9B00EA1E964238BF002392
:10AA8000234415E054F82270C1F12008CF4005F1AD
:10AA9000040EA1467645F44615D89A1A9200043A57
:10AAA0000135AE4238BF0022A318A75007B10433C6
:10AAB0001A1BA3424FEAA20208BF0023026108BF8B
:10AAC0004361BDE8F083DCF800C00CFA08FC4CEAF6
:10AAD000070749F8047B5EF8047BCF40DAE751F8BA
:10AAE00004CB47F804CFC3E72346E1E7A0F13003E6
:10AAF000092B02D82038C0B27047A0F16103052BA2
:10AB000001D84738F7E7A0F14103052B01D82738D2
:10AB1000F1E70020704700002DE9F04F85B08A462C
:10AB200002930B68019090469C1CA14614F8010BFF
:10AB30003028FAD0A9EB0303A3F1020BFFF7D6FFED
:10AB40000546002868D1A04901224846FDF78CFA45
:10AB50000746002867D199F801002646FFF7C6FF8F
:10AB6000002862D0234618783028994603F1010363
:10AB7000F9D0FFF7BBFFB0FA80F56D094FF0010B7C
:10AB80004A46164601323078FFF7B0FF0028F8D168
:10AB90008D4901223046FDF767FA00283FD144B9BC
:10ABA000741C2246164601323078FFF79FFF0028BA
:10ABB000F8D1A41BA700337803F0DF03502B3ED15C
:10ABC00073782B2B33D02D2B34D0711C00240878B4
:10ABD000FFF78CFF431EDBB2182B30D8A0F1100218
:10ABE00011F8010FFFF782FF00F1FF3C5FFA8CFCC8
:10ABF000BCF1180F4FF00A031ED904B1524217449A
:10AC0000CAF80010EDB1BBF1000F0CBF06250025FE
:10AC1000284605B0BDE8F08F00252C46B0E7002C93
:10AC2000C7D12746C7E74E462F460125C3E7002474
:10AC3000B11CCCE70124FBE703FB0200CEE7314661
:10AC4000DEE7A6EB0903013B2946072B0ADC019846
:10AC500000F09CFA044640B95C4B0246E4215C4893
:10AC6000FFF7A4F801315B10EFE700F1140A0023AD
:10AC700055469B46B14537D345F804BBA5EB0A05BD
:10AC8000AD102561584600F073FB6D01D8F80060E7
:10AC90002D1AB54254DDAD1B2946204600F0FCFEBE
:10ACA000814678B16B1E591103F01F025AF821102A
:10ACB0004FF0010909FA02F20A4203D04B4536DC93
:10ACC0004FF0020929462046FFF7BEFE2F44D8F870
:10ACD0000830BB4242DA0198214600F097FA0E9AFA
:10ACE00000231360A32593E716F8012D2E2A12D016
:10ACF000202B04D145F804BB4FF0000B5B463078A5
:10AD00000393FFF7F3FE039B00F00F0098404BEA1C
:10AD1000000B0433AEE7B145EAD82B490393012277
:10AD20003046FDF7A1F9039B0028E1D1A2E7A91E57
:10AD3000204600F0B1FE0028C2D04FF00309C1E761
:10AD400009DA751B214601982A4600F06FFC7F1B2B
:10AD5000044600F1140A4FF00009B8E7D8F804508F
:10AD6000BD426FDDED1BAE4234DCD8F80C30022B57
:10AD700022D0032B24D0012B15D1AE4213D1012EAA
:10AD80000BD1029AD8F80430136001232361CAF86A
:10AD900000300E9B62251C603AE7711E204600F0D1
:10ADA0007BFE0028EDD10198214600F02FFA0E9A83
:10ADB0000023136050252BE70F9B002BF3D1E0E716
:10ADC0000F9B002BDDD1EEE7D0E706084EEA060820
:10ADD0005FEA06086F1EB9F1000F30D127B139467E
:10ADE000204600F059FE81467A1101235AF82220AC
:10ADF00007F01F07BB4013422946204618BF49F001
:10AE00000209FFF721FED8F80470761B0225B9F17C
:10AE1000000F47D0D8F80C30022B15D0032B17D0D9
:10AE2000012B09D119F0020F06D0DAF8003049EAF7
:10AE3000030919F0010F0ED145F0100532E04FF073
:10AE40000109D1E70125E2E70F9BC3F101030F934D
:10AE50000F9B002BF0D0D4F810B004F114034FEA8C
:10AE60008B0A03EB8B014FF0000C184653F8042BB0
:10AE7000B2F1FF3F1BD001320260022D04F1140336
:10AE80003CD1D8F80020013AB24209D17111012217
:10AE900053F8213006F01F0602FA06F61E423AD198
:10AEA00045F020050E9B1C60029B1F60B0E6994296
:10AEB00043F804CCD9D8A3689B4517DB6168019897
:10AEC000013100F063F9814618B91A4B024684211A
:10AED000C5E62269023204F10C0192000C30FEF743
:10AEE000E6FE2146019800F091F94C4623695A1C70
:10AEF00004EB8303226101225A61BEE722695A45AD
:10AF00000BDD01212046FFF79FFDD8F808300137FF
:10AF1000BB42FFF6E0AE0125C2E716F01F06FAD0ED
:10AF20005344C6F1200653F8040C00F021FAB04255
:10AF3000E7DBF0E74EEA0608C2F10802920070B5BE
:10AF4000C2F120064368046803FA06F52C43D34097
:10AF5000046040F8043F8842F4D370BD30B5036804
:10AF6000013311F8014B14B90360012030BD13F80F
:10AF7000012BA2F14105192D98BF2032A242F0D039
:10AF80000020F3E72DE9F04F0B6801685E1102EB3A
:10AF9000860613F01F0387B018BF04360025371F3D
:10AFA00082469046019346F8045CB9463C460295B9
:10AFB000AB464A784B1C039342B31046059104926A
:10AFC000FFF794FD002851D1049A0599202A18D83A
:10AFD000029B9B4513DD4C4506D2072D04DC2A4617
:10AFE00049462046FFF7A8FF444552D90023A4F163
:10AFF000040944F8043CCDF808B04C461D460399BA
:10B00000D7E7292A57D10231CAF80010BBF1000F47
:10B0100051D04C4506D2072D04DC2A46494620462D
:10B02000FFF78AFF444536D9A8F10402234653F8B6
:10B03000041B42F8041F9F42F9D23B1B23F0030379
:10B0400004330134033EB44288BF04234344002246
:10B0500043F8042B9F42FBD23B681BB9474528D1DC
:10B0600001233B60052007B0BDE8F08F0135082DB6
:10B070000BF1010B06DD4445C1D9002344F8043C23
:10B080000125043C226800F00F0040EA0210206015
:10B09000B5E70825B3E7019B002BDDD0C3F1200302
:10B0A0004FF0FF32DA4056F8043C134046F8043CB7
:10B0B000D2E7043FD0E70420D5E700002DE9F84FA0
:10B0C000DFF86CA006468946174601F0E1FEDAF883
:10B0D000004034B14B46984613F8012B3AB13D2A53
:10B0E000F9D1304601F0DAFE0020BDE8F88FA8EB78
:10B0F0000908A34654F8040B0028F2D042464946FA
:10B10000FCF7B2FF0028F4D154F8043C03EB080527
:10B1100013F808303D2BECD1DAF80030ABEB030329
:10B120009B1030463B6001F0B9FE681CDDE700BFB4
:10B130004000002407B501AAFFF7C0FF03B05DF887
:10B1400004FB0028B8BF4042704710B5034642B127
:10B1500000200C5C43F8204014B101309042F8D13B
:10B1600010BD1046FCE782B001B901A942B14BB154
:10B1700013780B601278101E18BF012002B07047C0
:10B180001046FBE76FF00100F8E7000070B5C669F4
:10B1900004460D4676B91020FAF78CFD0246E061B0
:10B1A00020B9184B18486B21FEF700FEC0E9016674
:10B1B0000660C660E669F36883B1E369DB6853F84B
:10B1C0002500B8B9012101FA05F6721D920020464A
:10B1D00001F04AFE60B1C0E901560EE021220421CF
:10B1E000204601F041FEE369F060DB68002BE4D10A
:10B1F000002070BD026843F825200023C0E9033316
:10B20000F7E700BFD2E70608BFEA060870B5C669CF
:10B2100005460C4676B91020FAF74CFD0246E86167
:10B2200020B9094B09488F21FEF7C0FDC0E901662E
:10B230000660C6603CB1EB696268DB6853F82210B7
:10B24000216043F8224070BDD2E70608BFEA060835
:10B250002DE9F0410D6907460C461E4601F1140C1C
:10B260000020DCF8003099B202FB01611E0C0B0CCF
:10B2700002FB063389B2013001EB034185424CF8F1
:10B28000041B4FEA1346ECDC0EB3A368AB4219DC97
:10B29000616838460131FFF779FF804628B90246D8
:10B2A0000C4B0D48BA21FEF781FD2269023204F1F0
:10B2B0000C0192000C30FEF7FAFC21463846FFF7ED
:10B2C000A5FF444604EB850301355E6125612046F8
:10B2D000BDE8F0814EEA0608BFEA06082DE9F8430A
:10B2E0000C4615461F4609220833064693FBF2F327
:10B2F000002101229A4209DB3046FFF747FF40B99F
:10B300000246194B1948D321FEF750FD5200013176
:10B31000F0E7089B4361092D4FF00103036116DD3F
:10B3200004F10909C8462C4418F8013B0146303B9A
:10B330000A223046FFF78CFFA045F5D1A5F108049D
:10B340004C442D1B6319BB4204DBBDE8F8830A346F
:10B350000925F6E714F8013B0146303B0A22304646
:10B36000FFF776FFEEE700BF4EEA0608BFEA0608E1
:10B37000B0F5803F034636BF030400201020B3F130
:10B38000807F3CBF1B020830B3F1805F3CBF1B01D4
:10B390000430B3F1804F3CBF9B000230002B05DB33
:10B3A00013F0804F00F1010008BF202070470368B0
:10B3B000024613F007000BD0D90721D4980749BFE4
:10B3C0005B089B08012013605CBF1360022070477C
:10B3D00099B209B91B0C1020D9B209B908301B0A5F
:10B3E000190704BF1B090430990704BF9B080230EA
:10B3F000D90703D45B0800F1010003D01360704744
:10B40000002070472020704710B50C460121FFF73F
:10B41000BDFE024628B9054B054840F24511FEF72E
:10B42000C5FC01234461036110BD00BF4EEA06085C
:10B43000BFEA06082DE9F04F17460A693B699A42B0
:10B44000A8BF3B468946A4BF0F4699463D69D9F837
:10B4500010A0BB68796805EB0A06B34285B0B8BF97
:10B460000131FFF793FE30B90246414B41484FF49A
:10B47000B171FEF79BFC00F1140404EB860E234629
:10B480000022734520D307F1140809F1140108EBD9
:10B49000850501EB8A030293EB1B153B23F00303A5
:10B4A00004331537BD4238BF04230193029B039137
:10B4B0008B420CD8002E03DD5EF8043D002B55D0E6
:10B4C000066105B0BDE8F08F43F8042BD9E7B1F869
:10B4D00000A0BAF1000F1FD0C446A14600275CF8B7
:10B4E000042BD9F800301FFA82FB9BB20AFB0B3306
:10B4F0003B44D9F80070120C3F0C0AFB027202EBBD
:10B5000013429BB243EA0243654549F8043B4FEAC4
:10B510001247E4D8019BE750039BB3F80290043133
:10B52000B9F1000F20D023684746A4464FF0000A27
:10B53000B7F800B0BCF8022009FB0B2252449BB2C2
:10B5400043EA02434CF8043B57F8043B4FEA134AE2
:10B55000BCF8003009FB0A3303EB1243BD424FEA4B
:10B56000134AE5D8019AA35004349FE7013EA1E7AE
:10B570004EEA0608BFEA06082DE9F843154612F020
:10B58000030207460E4607D0254C013A002354F823
:10B590002220FFF75DFE0646AD103DD0FC697CB968
:10B5A0001020FAF787FB0246F86128B91D4B1E48A8
:10B5B00040F2B311FEF7FAFBC0E901440460C46035
:10B5C000D7F81C80D8F808404CB940F271213846B1
:10B5D000FFF71AFF0023C8F80800044603604FF085
:10B5E0000009EB070AD5314622463846FFF722FF0D
:10B5F000314680463846FFF709FE46466D100BD0AF
:10B60000206838B9224621463846FFF713FF2060EC
:10B61000C0F800900446E4E73046BDE8F88300BF78
:10B6200068280708D2E70608BFEA06082DE9F047B0
:10B630000C464968236903EB6218A36807469146E4
:10B640004FEA621A08F10106B3420BDB3846FFF7F6
:10B650009DFD054648B90246284B29484FF4EF7135
:10B66000FEF7A4FB01315B00EEE7002300F11401BB
:10B6700000F110021846534533DB20692AEAEA7AC2
:10B6800004F1140319F01F0901EB8A0103EB800C8C
:10B690002BD0C9F1200E8A460022186800FA09F062
:10B6A00010434AF8040B53F8042B9C4522FA0EF27F
:10B6B000F3D8ACEB0403153B23F00303043304F18C
:10B6C0001500604588BF0423CA500AB108F102067C
:10B6D000013E38462E612146FFF798FD2846BDE819
:10B6E000F08742F8040F0133C5E7043953F8042BFF
:10B6F00041F8042F9C45F9D8EAE700BF4EEA060856
:10B70000BFEA06080A6903460069801A30B50ED1FF
:10B710001433143103EB820401EB820154F8045D0D
:10B7200051F8042D954203D005D24FF0FF3030BDC3
:10B73000A342F3D3FBE70120F9E700002DE9F74F1F
:10B7400089460646114648461446FFF7DBFF051EAC
:10B7500012D129463046FFF719FD024628B93F4B62
:10B7600040F237213E48FEF721FB0123C0E90435B2
:10B77000104603B0BDE8F08FBCBF4B46A146304633
:10B78000D9F80410BABF1C4601250025FFF7FEFCBE
:10B79000024618B9314B40F24521E3E7D9F8107061
:10B7A0002669C56009F1100309F1140504F1140EAE
:10B7B00000F1140B05EB87080EEB86060193D946C2
:10B7C0004FF0000C019B5EF8040B53F804AF01939B
:10B7D0001FFA8AF3194683B2CB1A000C6344C0EBFC
:10B7E0001A4000EB23409BB243EA0043764549F8F8
:10B7F000043B4FEA204CE5D8331B153B23F00303F1
:10B8000015340433A64238BF04231D445B441E464E
:10B810002C4644450ED308F10301491B21F00301D6
:10B82000033DA84538BF00210B4453F8041D91B1D6
:10B8300017619DE754F8041BE646080C1CFA81FCCE
:10B84000714400EB2C4089B241EA004146F8041BE8
:10B850004FEA204CDDE7013FE7E700BF4EEA06086C
:10B86000BFEA060882B08DED000B019A0F4B134022
:10B87000A3F15073002B08DC5B42B3F1A07F4FEAC9
:10B88000235204DA4FF400231341002208E0A2F10E
:10B8900014031E2BDABF4FF00042DA4001220023CE
:10B8A0001946104641EC100B02B070470000F07FC3
:10B8B0002DE9F041066900F1140808EB8606371FF0
:10B8C00056F8042C1046FFF753FDC0F120030A2858
:10B8D0000B601B4915DCC0F10B0C22FA0CF3B845C8
:10B8E00043EA010534BF56F8083C0023153002FA3C
:10B8F00000F023FA0CF303431C4645EC104BBDE863
:10B90000F081B8453ABF56F8083CA6F10807002375
:10B910000B3812D0C0F1200123FA01F482402243F7
:10B92000474542F07F558CBF57F8042C00228340D6
:10B93000CA4045F440151343DEE742EA0105DBE760
:10B940000000F03F2DE9F7430F46012159EC108B21
:10B950001646FFF71BFC044630B90246234B244829
:10B9600040F20F31FEF722FAC9F30A55C9F3130367
:10B970000DB143F480130193B8F1000323D068465E
:10B980000093FFF714FDDDE90012D0B1C0F12003F0
:10B9900002FA03F30B43C24063610192019BA3616E
:10B9A000002B0CBF012202222261A5B1A5F2334572
:10B9B00005443D60C0F135003060204603B0BDE86D
:10B9C000F0836161EAE701A8FFF7F1FC019B636185
:10B9D00020300122E8E704EB8203A0F23240386015
:10B9E0001869FFF7C5FCC0EB4210E5E74EEA060810
:10B9F000BFEA06082DE9F74F884669468146FFF7FA
:10BA000057FF01A9404655EC104BFFF751FFD8F8FE
:10BA10001030D9F81020D21ADDE900315B1A03EB9F
:10BA2000421357EC106B002BD6BFC3EB03332A46EF
:10BA30003A46AB46A246CEBF02EB035B02EB035392
:10BA400000EE903A4BEC17AB87EE000B03B0BDE86D
:10BA5000F08F013970B549111469013102F11403F5
:10BA600000EB810103EB8404051FA3420CD3A31A4E
:10BA7000113B23F003031132A24288BF0023184474
:10BA80000023884205D370BD53F8046B45F8046F5A
:10BA9000EBE740F8043BF4E700F1140200694B11B6
:10BAA000984210B511DB0ADD11F01F0107D052F8E2
:10BAB000234024FA01F000FA01F18C420BD102EB91
:10BAC0008303934203D8002010BD0346F7E753F8E1
:10BAD000041D0029F5D00120F6E70000242B2DE9F4
:10BAE000F0478646904601D8012B06D1FEF7A8F80C
:10BAF000162303600020BDE8F08734480D462A462F
:10BB000015F8014B065D16F00806F8D12D2C10D162
:10BB10002C780126951C33F0100215D1302C0DD154
:10BB20002A7802F0DF02582A08D16C7802351023F7
:10BB30000AE02B2C04BF2C78951CECE7002BF6D1E7
:10BB4000302C14BF0A23082306F1004C0CF1FF3CF3
:10BB50000022BCFBF3F9104603FB19CAA4F130071D
:10BB6000092F0FD83C46A3421BDD571C07D0814547
:10BB700014D301D1A24511DB00FB0340012215F8CB
:10BB8000014BEBE7A4F14107192F01D8373CEAE755
:10BB9000A4F16107192F04D8573CE4E74FF0FF32B6
:10BBA000EDE7531C08D12223CEF800306046B8F1EF
:10BBB000000FA0D0691E06E006B14042B8F1000FA8
:10BBC00099D0002AF6D1C8F8001094E76926070832
:10BBD000FFF784BF2DE9F84F8146884692461F46FD
:10BBE0000D46AB4655F8044B0A992046FBF716F96B
:10BBF00006460028F5D12D2C11D12C6801210BF11E
:10BC0000080537F0100318D1302C10D12B6823F021
:10BC10002003582B0BD16C68083510270DE02B2C16
:10BC200003BF2C6801460BF108050146E9E7002F28
:10BC3000F3D1302C14BF0A2708274FF0FF32B2FB94
:10BC4000F7F207FB02FC6FEA0C0C0020A4F13003B2
:10BC5000092B05D9A4F14103192B10D8A4F13703FE
:10BC60009F4216DD741C07D090420FD801D1634566
:10BC70000CDC00FB0730012655F8044BE6E7A4F185
:10BC80006103192B05D8A4F15703E9E74FF0FF36FC
:10BC9000F2E7731C08D12223C9F800303046BAF10C
:10BCA000000F07D1BDE8F88F01B14042BAF1000F93
:10BCB000F8D00EB1A5F10408CAF80080F2E7000040
:10BCC00007B51346054A00920A4601460448006833
:10BCD000FFF780FF03B05DF804FB00BF08010024FC
:10BCE000740200240346084641B1FF2A04D98A227F
:10BCF0001A604FF0FF3070470A7001207047002132
:10BD000000F000B8FF289DBF024B185C00F0070050
:10BD10000020704769260708002100F001B80000E4
:10BD2000FF289DBF024B185C00F003000020704705
:10BD300069260708002100F001B80000FF2808D894
:10BD4000064B1B56002B06DBA0F109035842584155
:10BD50007047002070470120704700BF6926070820
:10BD6000002100F001B80000FF289DBF024B185CC5
:10BD700000F0200000207047692607082DE9F047F1
:10BD80008E681F46BE420B6882460C4690462DD8F0
:10BD9000B1F90C2012F4906F26D06569096905EBA2
:10BDA0004505A3EB010905EBD5757B1C4B446D10D4
:10BDB0009D4238BF1D46530527D52946F9F7ACFFEC
:10BDC000064660B321694A46FDF771FFA38923F453
:10BDD000906343F08003A381266165614E44A5EB27
:10BDE00009052660A5603E46BE4200D93E46206851
:10BDF00032464146FCF7F8F8A3689B1BA360236812
:10BE0000334423600020BDE8F0872A4601F04CF857
:10BE100006460028E0D121695046FEF7CBFD0C23F1
:10BE2000CAF80030A38943F04003A3814FF0FF30EC
:10BE3000E9E700002DE9F04F98468B891B069DB07D
:10BE400007460D46144610D50B6973B94021F9F722
:10BE500063FF2860286130B90C233B604FF0FF304E
:10BE60001DB0BDE8F08F40236B61002309932023B0
:10BE70008DF82930CDF80C803023DFF89C818DF8C7
:10BE80002A304FF0010923469A4613F8012B0AB1D4
:10BE9000252AF9D1BAEB040B0BD05B462246294682
:10BEA0003846FFF76BFF013000F0A780099A5A442B
:10BEB00009929AF80030002B00F09F8000234FF089
:10BEC000FF32CDE905230AF1010A049307938DF8A7
:10BED00053301A935446052214F8011B4E48C4F7F8
:10BEE0000FFA049AD8B9D00644BF20238DF85330F6
:10BEF000110744BF2B238DF853309AF800302A2BBA
:10BF000015D0079A544600204FF00A0C214611F82C
:10BF1000013B303B092B4BD9B0B1079214E0A0EBA9
:10BF2000080309FA03F313430493A246D2E7039BE1
:10BF3000191D1B680391002BBBBF5B4242F002023C
:10BF400007930793B8BF049223782E2B0AD1637806
:10BF50002A2B32D1039B1A1D1B68039243EAE37319
:10BF600002340593DFF8C0A0217803225046C4F7BD
:10BF7000C7F938B1049BA0EB0A004022824013436A
:10BF80000134049314F8011B24488DF8281006226C
:10BF9000C4F7B6F9002836D0214B1BBB039B0733EF
:10BFA00023F0070308330393099B334409936AE79B
:10BFB0000CFB02320C460120A8E700230134059354
:10BFC00019464FF00A0C204610F8012B303A092A86
:10BFD00003D9002BC6D00591C4E70CFB0121044610
:10BFE0000123F0E703AB00932A460E4B04A9384621
:10BFF000FBF776F8421C0646D6D1AB895B063FF5C7
:10C000002DAF09982CE703AB00932A46054B04A9F2
:10C010003846FBF7EDFAEDE718EB060822EB0608C9
:10C02000E17005087DBD05081EEB060838B54B1C00
:10C03000144603D14FF0FF35284638BD938923F0CD
:10C0400020039381636B5268CDB28BB1A36B934293
:10C0500008DD23685A1E226003F8015C636801331F
:10C060006360E9E7214600F0F6FB0028F1D0E1E744
:10C070002169236851B1994208D213F8011CA942E1
:10C0800004D1013B013223606260D5E7C4E90F327D
:10C0900004F1440363630323A363234603F8465F69
:10C0A00023600123DCE710B50C46496B69B104F14C
:10C0B0004403994201D0FEF77DFC236C63600020AD
:10C0C000606313B1E36B236010BD23692360002319
:10C0D0006360A38943F02003A3814FF0FF30F3E7AF
:10C0E0002DE9F04F0C46ADF5237D0021CDE944113B
:10C0F000A649A0910DF10408A549A64FCDF81881D5
:10C100000646A191009392F80090B9F1000F00F05B
:10C11000588117F8093013F0080302F1010519D00E
:10C120006368002B0FDD23681A78BA5C120701D40C
:10C130002A46E8E7459A0132459262680133013A9E
:10C1400062602360ECE7A19B2146304698470028B7
:10C15000E9D0EDE7B9F1250F40F085804193439395
:10C1600053782A2B02BF1023951C41930A22AA461A
:10C170001AF8011BA1F13003092B1ED9DFF818B200
:10C1800003225846C4F7BCF838B1419AA0EB0B0023
:10C190000123834013434193554615F8013B782B07
:10C1A00006D8572B10D8252B5DD057D8002B75D02B
:10C1B000032347930A23429388E0439B02FB031126
:10C1C000303943915546D2E7A3F15802202AEFD8DF
:10C1D00001A151F822F000BFABC20508B1C10508AA
:10C1E000B1C1050805C30508B1C10508B1C10508FD
:10C1F000B1C10508B1C10508B1C10508B1C1050843
:10C20000B1C105081BC3050801C3050863C20508C1
:10C2100063C2050863C20508B1C10508BDC20508AF
:10C22000B1C10508B1C10508B1C10508B1C1050812
:10C230002BC30508C5C20508A3C20508B1C105087E
:10C24000B1C1050827C30508B1C1050801C3050828
:10C25000B1C10508B1C10508ABC20508453B022BB9
:10C26000A6D8052331E06368002B0DDD23681A781A
:10C270004A4540F0A680013362682360459B013A3D
:10C2800001336260459353E7A19B214630469847AE
:10C290000028EBD04498002840F08B804FF0FF300E
:10C2A0008BE0419A42F020024192419A42F400729E
:10C2B000419210226E2B429202D905E00023429354
:10C2C000032302E008234293042347936368002B6F
:10C2D00039DD419B590604D423681A78BA5C1207E9
:10C2E00038D4479B022B47DC6B46224641A9304697
:10C2F00000F06CF8012864D002287FF419AFC9E778
:10C300000A22D7E72946404600F06CFA419B43F0E9
:10C310004003419305460123D7E7419B43F0400387
:10C3200041930023D1E70223CFE74198C3063FF5AD
:10C33000FFAE009B459A191D00911B68C0074CBFBA
:10C340001A801A60F4E6A19B2146304698470028DF
:10C35000BFD09FE7459A013245926268013A002AB0
:10C36000626002DD01332360B6E7A19B21463046BF
:10C3700098470028B0D08DE7042B0FDC6B4622468F
:10C3800041A9304600F07CF8B4E700BF2DC0050895
:10C39000A7C00508692607081EEB06080A4B002BF4
:10C3A0003FF4C6AE6B46224641A93046FBF73EFA43
:10C3B000A0E7A3895B063FF571AF0DF5237DBDE8CE
:10C3C000F08F4498F9E700BF2D7805082DE9F84370
:10C3D00015468A6880460C4632B98A69002A14BF1D
:10C3E0004FF0FF3201228A602268DFF89090D10678
:10C3F0005FBF1A68111D196016680027A06988B10F
:10C40000012807D12B681A7863699B5C53B9002F08
:10C4100031D022E0022820D12B681B7819F8033094
:10C420001B071AD42368DA065EBF2B681B7806F850
:10C43000013B2A686B6801322A60A268013B013A1D
:10C440006B600137A26042B1002BD7DCD4F8803199
:10C450002946404698470028D0D0236813F010039F
:10C4600005D1E2680132E260A26902B1337023694A
:10C470003B4423610020BDE8F88300BF692607081C
:10C480002DE9F04F9846744B0C468246164693E8C9
:10C49000070087B003AB83E80700704BA169704ABF
:10C4A000032908BF1A46A36801925A1EB2F5AE7F4F
:10C4B00088BF6FF4AE75274682BF03EB050940F2D3
:10C4C0005D13A36057F81C3B43F4506398BF4FF0D3
:10C4D000000923603D464FF0000B316803AB09783B
:10C4E00053F82B000222C3F70BFF28B3BBF1010F57
:10C4F00059D162682AB92268082142F40072616049
:10C500002260226822F4A0622260A268511EA1600B
:10C5100092B13268511C3160127805F8012B7268B3
:10C52000013A002A726007DCD4F880213146504677
:10C530009047002840F085800BF1010BBBF1030F01
:10C54000CBD163680BB90A236360636845496069AE
:10C55000C91A00F047F94FF0000BA3682268002BBE
:10C560003DD03168606991F800C010F80C000028D7
:10C5700035D0BCF1300F24D1100522D50BF1010BC1
:10C58000B9F1000F03D0013309F1FF39A3607368DB
:10C59000013B002B73601BDD336801333360A368FC
:10C5A000013BA360D9E7BBF1020FAED1226802F4D0
:10C5B000C061B1F5007FC4D11021616042F4807286
:10C5C000A2E722F4106222600B7805F8013BDEE757
:10C5D000D4F880313146504698470028DFD0236890
:10C5E000D9050DD5BD4209D915F8011CD4F87C3107
:10C5F00032465046984705F1FF394D46BD4228D096
:10C60000226812F0100213D12A706368019E394625
:10C610005046B047D8F8003021681A1DC8F80020ED
:10C6200011F0200F1B680FD01860E3680133E3603E
:10C630002369ED1B5D442B442361002007B0BDE856
:10C64000F08F4FF0000BCAE7CA074CBF1880186084
:10C65000EBE70120F2E700BFF8E80508D1BB0508C9
:10C66000396B050839EB0608B1F90C202DE9F041CA
:10C67000160705460C4654D44B68002B02DC0B6CA5
:10C68000002B48DDE66A002E45D0002312F48052CC
:10C690002F68216A2B6030D0626DA389590705D5B8
:10C6A0006368D21A636B0BB1236CD21A0023E66A5B
:10C6B000216A2846B047431CA38906D129681D2951
:10C6C0002BD82A4ACA40D60727D500226260D9044F
:10C6D0002269226004D5421C01D12B6803B9606530
:10C6E000616B2F60B9B104F14403994202D028462E
:10C6F000FEF760F9002363630DE001232846B0478D
:10C700000246501CC9D12B68002BC6D01D2B01D06E
:10C71000162B1ED12F60002022E043F040031BB2F5
:10C720001BE00F69002FF6D093070E6808BF4B6916
:10C730000F6018BF0023A6EB07088B60B8F1000F4D
:10C74000E9DD216AA66A43463A462846B0470028F2
:10C7500008DCB4F90C3043F04003A3814FF0FF3004
:10C76000BDE8F0810744A8EB0008E7E7010040209E
:10C7700038B50B6905460C4613B90025284638BD67
:10C7800018B1036A0BB9FBF7E3FAB4F90C30002BCC
:10C79000F3D0626ED00704D4990502D4A06DFDF7E2
:10C7A0007BFA28462146FFF75FFF636EDA070546EE
:10C7B000E4D4A3899B05E1D4A06DFDF76FFADDE712
:10C7C0000EB403B5014603AB054853F8042B0068CB
:10C7D000019300F0C1FB02B05DF804EB03B07047B9
:10C7E0007402002470B50B7804465E2B0BBF4B78A7
:10C7F0004A1C8A1C002108BF0121013804F1FF05F1
:10C8000000F8011FA842FBD10BB9501E70BD81F08A
:10C810000101E1541046024612F8015B2D2D05D0AE
:10C820005D2D16D0002DF1D02B46F2E746785D2E17
:10C83000FAD0B342F8DC02301A4601329642A154D3
:10C84000FBDCF21A013A5D1CB342A8BF0022AB1810
:10C85000E1E71046DAE72DE9F0410C46496B04F1B7
:10C86000440399421DD14FF48061F9F755FA18B984
:10C870004FF0FF30BDE8F0814FF48063A36394F87C
:10C880004630606380F8FF3394F8453080F8FE331B
:10C8900094F8443080F8FD3300F2FD302060002031
:10C8A000E8E7A66B77003A4600F0FEFA0546002856
:10C8B000DED000EB0608014632464046FDF7F7F9A8
:10C8C000C4E90D57C4F80080E9E7000010B504463C
:10C8D000084611461A468E2800F23081DFE810F033
:10C8E0008F00380192009400960098009A009C00F6
:10C8F0009E00A200A400A800AA00AC00AE002E0179
:10C90000B000B200B400B600B800BE00C000C6005F
:10C91000C800CA00CC00CE00D200D600D800DA0091
:10C92000DC00DE00E000E200E4002E012E012E011A
:10C930002E012E012E012E012E01E800EC002E0109
:10C940002E012E012E012E012E012E012E012E016F
:10C950002E012E012E012E01EE000801F000F20042
:10C960002E012E012E01F4002E012E012E01F600C3
:10C970002E012E01FA002E012E01FC002E012E01A7
:10C980002E012E012E012E012E012E012E012E012F
:10C99000FE002E010001020104012E012E012601DC
:10C9A0002E012E012E012E012E012E012E012E010F
:10C9B000140106010A010C010E0110012E011201E1
:10C9C00016011A01EA00C2002C01BA00D000BC0016
:10C9D000A000A6002A01F8002E011801C4001E01C3
:10C9E0001C012E012E012E012E012E01D4002E013C
:10C9F0002E012E01E6002801200122012401554BC1
:10CA0000184610BD544BFBE7544BF9E7544BF7E77E
:10CA1000544BF5E7544BF3E7544BF1E7544BEFE736
:10CA2000544BEDE7544BEBE7544BE9E7544BE7E746
:10CA3000544BE5E7544BE3E7544BE1E7544BDFE756
:10CA4000544BDDE7544BDBE7544BD9E7544BD7E766
:10CA5000544BD5E7544BD3E7544BD1E7544BCFE776
:10CA6000544BCDE7544BCBE7544BC9E7544BC7E786
:10CA7000544BC5E7544BC3E7544BC1E7544BBFE796
:10CA8000544BBDE7544BBBE7544BB9E7544BB7E7A6
:10CA9000544BB5E7544BB3E7544BB1E7544BAFE7B6
:10CAA000544BADE7544BABE7544BA9E7544BA7E7C6
:10CAB000544BA5E7544BA3E7544BA1E7544B9FE7D6
:10CAC000544B9DE7544B9BE7544B99E7544B97E7E6
:10CAD000544B95E7544B93E7544B91E7544B8FE7F6
:10CAE000544B8DE7544B8BE7544B89E7544B87E706
:10CAF000544B85E7544B83E7544B81E7544B7FE716
:10CB0000544B7DE7544B7BE7544B79E7544B77E725
:10CB1000544B75E7544B73E7544B71E7544B6FE735
:10CB2000544B6DE7544B6BE7544B69E7544B67E745
:10CB3000544B65E7544B63E7544B61E7002A08BF49
:10CB4000224600F0A9F8524B002818BF034657E7C9
:10CB5000504B55E744EB060856EB060870EB060809
:10CB600080EB060898EB0608A2EB0608BCEB06086B
:10CB7000CEEB0608E0EB0608F9EB060809EC060820
:10CB800015EC060832EC060844EC060855EC0608DD
:10CB900067EC060873EC06088BEC060897EC0608B1
:10CBA000A9EC0608B8EC0608C8EC0608D5EC06089F
:10CBB000F4EC060803ED060814ED060838ED060847
:10CBC00056ED060874ED060894ED0608ABED060870
:10CBD000BAED0608C9ED0608DDED0608F5ED060814
:10CBE00003EE060810EE060826EE060835EE0608E7
:10CBF00041EE060870EE060881EE06089CEE060877
:10CC0000AFEE0608C5EE0608CEEE0608E5EE06080D
:10CC1000EDEE0608FAEE06080FEF060823EF060809
:10CC20003BEF06084AEF06085BEF06086EEF0608C2
:10CC30007AEF060893EF0608A7EF0608C2EF06088A
:10CC4000DAEF0608F4EF0608FCEF06082CF00608F9
:10CC50004BF006086AF0060881F0060894F0060812
:10CC6000ADF00608C4F00608DAF00608FBF0060886
:10CC700013F106082FF1060842F1060858F10608DC
:10CC80006CF106088EF10608B4F10608C5F1060835
:10CC9000E8E906084CEB060800207047031F53F82C
:10CCA000040F51F8042B904201D0801A01E00028B3
:10CCB000F5D17047002303600439034651F8042F6F
:10CCC0000AB91A60704743F8042BF7E710B50B4612
:10CCD0006AB953F8042B002AFBD104E053F8044B43
:10CCE00040F8044B1CB9581A8010013810BD013AA5
:10CCF000F4D10260EDE7000000487047C80200244C
:10CD00002DE9F8430446FFF7F7FF40F2B1739C4268
:10CD100040F3A3806FF4F6616518A4F2B27340F299
:10CD20006D12AD1002FB03556FF4C8666FF063021D
:10CD3000A4F26D7393FBF2F31D44A319484E4460B3
:10CD40004FF4C8720146B3FBF2F300F150071D44E3
:10CD50000B7AD1F814C04A2B38D1A20705EB0C038B
:10CD600006D14FF0640E94FBFEF20EFB124232B974
:10CD70004FF4C87E94FBFEF20EFB12421ABBBCF1CC
:10CD80003B0FD4BF4FF0000C4FF0010C6344013B4C
:10CD90008A694FEAE27CC3FB062C8B6AD2184CEB03
:10CDA000E373C1E9082328318F42D1D1D0E9084388
:10CDB000D0E912128C429341B4BF012300230360D7
:10CDC0000120BDE8F8834FF0000CDFE7442B02D1CF
:10CDD00005EB0C03DCE7A30705D1642294FBF2F317
:10CDE00002FB134393BB4FF4C87294FBF2F302FBB4
:10CDF0001343B3FA83F35B09DFF868E0D1F80C90D2
:10CE00005B4203F030032A464FF00008734408F1F8
:10CE10000108C14553F828E01ADC02F10408072391
:10CE200098FBF3F3C3EBC303A8EB0303BCEB030CC6
:10CE30000B6903F1FF3348BF0CF1070CC3EBC303CD
:10CE40009C44F44506DA02EB0C03A1E70123D3E787
:10CE50007244DCE7ACF1070CF3E70020B1E700BF58
:10CE6000805101006829070870B5A1FB025434B94C
:10CE70002946F8F751FF064628B9304670BD0C2206
:10CE800002600026F9E72A462146FBF7C7F8F4E7D7
:10CE90000148FCF701BF00BF01D501240148FCF7A0
:10CEA000FDBE00BF01D501242DE9F041074614461F
:10CEB0000D4621B9BDE8F0411146F8F72DBF2AB95A
:10CEC000FDF778FD25462846BDE8F08100F0F0F931
:10CED0008442064602D8B4EB500FF4D821463846B7
:10CEE000F8F71AFF804608B94546ECE7B4422246F7
:10CEF000294628BF3246FCF7DAFE29463846FDF7B8
:10CF000059FDF1E79368013B002B10B4936008DAF8
:10CF10009469A34201DB0A2903D15DF8044B00F0B8
:10CF200033B91368581C1060197008465DF8044B3B
:10CF30007047F8B506460F461446D518AC4201D1E5
:10CF4000002007E014F8011B3A463046FFF7DAFFED
:10CF5000431CF3D1F8BD00002DE9F04F0D469DB004
:10CF600014469846064618B1036A0BB9FAF7F0FE64
:10CF70006B6ED90705D4AB899A0502D4A86DFCF76E
:10CF80008BFEAB891B0701D52B699BB9294630461F
:10CF900000F038F970B16B6EDC0704D54FF0FF304C
:10CFA0001DB0BDE8F08FAB899805F7D4A86DFCF7EC
:10CFB00075FEF3E70023099320238DF82930CDF87F
:10CFC0000C803023DFF8AC818DF82A304FF0010956
:10CFD00023469A4613F8012B0AB1252AF9D1BAEB58
:10CFE000040B0BD05B46224629463046FFF7A1FFD3
:10CFF000013000F0A780099A5A4409929AF800304B
:10D00000002B00F09F8000234FF0FF32CDE9052375
:10D010000AF1010A049307938DF853301A9354468A
:10D02000052214F8011B5348C3F76AF9049AD8B9CA
:10D03000D10644BF20238DF85330130744BF2B2360
:10D040008DF853309AF800302A2B15D0079A5446A1
:10D0500000204FF00A0C214611F8013B303B092B10
:10D060004BD9B0B1079214E0A0EB080309FA03F31F
:10D0700013430493A246D2E7039B191D1B68039137
:10D08000002BBBBF5B4242F0020207930793B8BF7D
:10D09000049223782E2B0AD163782A2B32D1039B5A
:10D0A0001A1D1B68039243EAE37302340593DFF809
:10D0B000D4A0217803225046C3F722F938B1049B4B
:10D0C000A0EB0A004022824013430134049314F879
:10D0D000011B29488DF828100622C3F711F90028F2
:10D0E0003FD0264B1BBB039B073323F007030833BA
:10D0F0000393099B3B4409936AE70CFB02320C46FD
:10D100000120A8E700230134059319464FF00A0CCB
:10D11000204610F8012B303A092A03D9002BC6D03B
:10D120000591C4E70CFB012104460123F0E703ABA2
:10D1300000932A46124B04A93046F9F7D1FF07465F
:10D14000781CD6D16B6ED90705D4AB899A0502D469
:10D15000A86DFCF7A3FDAB895B063FF51FAF0998EF
:10D160001EE703AB00932A46054B04A93046FAF7A5
:10D170003FFAE4E718EB060822EB0608E170050821
:10D1800033CF05081EEB0608F8B50E4614460546D3
:10D1900018B1036A0BB9FAF7DBFDA369A360A38991
:10D1A0001A0701D5236943B92146284600F02AF819
:10D1B00018B14FF0FF373846F8BD23682269981A36
:10D1C0006369F6B28342374605DC21462846FFF7FD
:10D1D000CFFA0028EDD1A368013BA36023685A1C55
:10D1E00022601E706269431C9A4204D0A389DB0747
:10D1F000E1D50A2EDFD121462846FFF7B9FA0028EB
:10D20000D9D0D6E738B5294B054618680C4618B171
:10D21000036A0BB9FAF79CFDB4F90C30190722D454
:10D22000DA0607D409222A6043F04003A3814FF0B5
:10D23000FF3033E0580712D5616B41B104F144036C
:10D24000994202D02846FDF7B5FB00236363A3890A
:10D2500023F02403A3810023636023692360A3894F
:10D2600043F00803A38123694BB9A38903F4207316
:10D27000B3F5007F03D02146284600F047F8B4F903
:10D280000C3013F001020AD00022A26062695242FF
:10D29000A261226942B913F08000C5D138BD990757
:10D2A00058BF6269A260F4E70020F7E77402002427
:10D2B00051F8043C181F002BBCBF0B58C018704716
:10D2C00070B50C46B1F90E10002996B015461E46F1
:10D2D0000DDAA38913F0800F4FF0000114BF402333
:10D2E0004FF48063002031602B6016B070BD6A4639
:10D2F00000F048F80028ECDB019901F47041A1F539
:10D300000053594259414FF48063EBE78B89F7B5DD
:10D310009D0706460C4607D504F1470323602361A9
:10D320000123636103B0F0BD01AB6A46FFF7C8FF9C
:10D33000009F054639463046F8F7EEFC48B9B4F987
:10D340000C309A05EED423F0030343F00203A381CB
:10D35000E2E7A389206043F08003A381019BC4E935
:10D3600004075BB1B4F90E10304600F01DF828B187
:10D37000A38923F0030343F00103A381A3891D4381
:10D38000A581CFE738B5074D00230446084611466E
:10D390002B60D5F72DF8431C02D12B6803B1236015
:10D3A00038BD00BFFCD4012438B5064D0023044627
:10D3B00008462B60D5F722F8431C02D12B6803B135
:10D3C000236038BDFCD401240CB430B5184BB1F146
:10D3D000005F1D689DB00C4608D38B232B604FF077
:10D3E000FF301DB0BDE8304002B070474FF402730B
:10D3F000ADF8143000231B9302900690B1B14B1E80
:10D400009B00049307934FF6FF73ADF81630209AF4
:10D4100021AB02A92846019300F0E2F8002CDCD0F1
:10D42000029B0022A0421A60DBD3D6E70B46E8E756
:10D43000740200242DE9F04E2DED028BB0EE408BEE
:10D4400084B0DDE90E6B924618EE902A2BF020098D
:10D45000002AB6BF2D220022B1EE408BB9F1410F58
:10D46000DDE910750C461A6068D1B0EE480B304605
:10D4700001F0C6F9B4EE007B20EE070BB5EE400BD1
:10D48000F1EE10FA04BF012333605249524BB3EE60
:10D49000007BBBF1610F08BF1946013C2B4620EE13
:10D4A000070BFDEEC06B16EE902A51F8220043F8F0
:10D4B000040B601CB8EEE66B30EE460B0CD0B5EEFC
:10D4C000400BF1EE10FA04F1FF3203D12246194667
:10D4D000302029E01446E2E7B6EE007BB4EEC70B3D
:10D4E000F1EE10FA06DCB4EE470BF1EE10FAEDD1D6
:10D4F000D207EBD5CC6B1846302600E0066050F81A
:10D50000042DA242FAD0392A0CBF8A6A0132026085
:10D510005B1B9B103B60284604B0BDEC028BBDE852
:10D52000F08E41F8040B013A002AFADA621C013449
:10D530004FEA8202B8BF00221344E9E7B9F1460F6F
:10D5400005D0B9F1450F00D10134022100E00321DB
:10D5500003AB019302AB009322463346B0EE480B77
:10D56000FCF7CAFCB9F1470F20D11AF0010F0ED118
:10D57000039B1B1A3B6000233A689A42CBDD129A48
:10D580009342C8DAC25C45F823200133F4E703195B
:10D59000B5EE408BF1EE10FA08BF03933021039AE9
:10D5A0009A42E5D2541C03941170F8E7B9F1460F82
:10D5B00000EB0403ECD10278302A07D1B5EE408BA2
:10D5C000F1EE10FA1CBFC4F1010434603268134458
:10D5D000DEE700BF48F9060804F90608000000006D
:10D5E0002DE9F04F2DED028BADF5257D1E46002374
:10D5F0008B4618931C9381460C92FCF7B3FA036890
:10D600001B781993BBF80C301F0615D5DBF81030CA
:10D6100093B940214846F8F77FFBCBF80000CBF8E0
:10D62000100030B90C23C9F800304FF0FF330F93CE
:10D630003EE14023CBF814300023CDE920339FEDA9
:10D640008C8B30AC1F94119313930D930F930C9B01
:10D650001D4653F8042B0AB1252AF9D10C9BAB4285
:10D660000FD0EF1ABF10C4E90037219B3B44219330
:10D67000209B0133072B209374DC08340F9B3B4421
:10D680000F932B68002B01F0818000222B1D179235
:10D690004FF0FF380E92154653F8042B08920C9366
:10D6A000089B203B5A2B00F2FC84DFE813F07A0041
:10D6B000FA04FA048000FA04FA04FA046500FA0491
:10D6C000FA0483008D00FA048A008F00FA04AB008C
:10D6D000AE00AE00AE00AE00AE00AE00AE00AE00DA
:10D6E000AE00FA04FA04FA04FA04FA04FA04FA049A
:10D6F0003F01FA04E900FA043F013F013F01FA0447
:10D70000FA04FA04FA04C100FA04FA04FA04FA0466
:10D71000FA04FA04E903FA04FA04FA04FA046304C2
:10D72000FA04FA04FA04FA04FA04FA04FA04FA0409
:10D730003F01FA04E90016013F013F013F01C40027
:10D740001601D800FA04D100FA048303A303D90315
:10D75000D800FA04E90378004304FA04FA047F04C9
:10D76000FA0478001FAA5946484601F07DF80028BF
:10D7700040F0998030AC81E74846FCF7F3F9436804
:10D7800048461B781893FCF7EDF983680D93189BB6
:10D790002BB10D9B1BB11B780BB145F480650C9B25
:10D7A0007AE7179B002BFAD120231793F7E745F070
:10D7B0000105F4E756F8043B0E93002BEFDA5B42C9
:10D7C0000E9345F00405EAE72B23EEE70C9B53F894
:10D7D000042B08922A2A11D156F8042B0C9342EA02
:10D7E000E278DCE701FB082853F8042B0892089A3A
:10D7F000303A092AF6D948EAE87850E74FF00008AD
:10D800000A21F4E745F08005C9E700230E930A22B8
:10D81000089B0E99303B02FB01330E930C9B53F88F
:10D82000041B0C93A1F13003092B0891F0D937E7C1
:10D8300045F00805B3E70C9B1B68682B01BF0C9BE8
:10D8400004330C9345F4007518BF45F04005A6E776
:10D850000C9B1B686C2B05D10C9B04330C9345F07F
:10D8600020059CE745F0100599E700BFAFF3008065
:10D870000000000000000000FFFFFFFFFFFFEF7F40
:10D88000334653F8040B0993089B632B17D1EE061C
:10D8900015D4F9F76BF9411C11D1BBF80C3043F0EA
:10D8A0004003ABF80C30BBF80C305B063FF5BDAE67
:10D8B0000F980DF5257DBDEC028BBDE8F08F0023A0
:10D8C000409041931793CDE90A339A461F461E466E
:10D8D00040AB4FF00108079323E1AA0611D50736A4
:10D8E00026F007031A465F6852F8086B0992002F6A
:10D8F00005DA76424FF02D0367EB470717930123B4
:10D9000088E2334653F8047B0993EB0602D53E4682
:10D91000FF17ECE76E0603D53EB247F3C037E6E7E4
:10D92000A805F4D57EB247F3C017E0E7073626F026
:10D930000703B3EC028B1FED307BB0EEC86BB4EE87
:10D94000476BF1EE10FA099315DDB5EEC08BF1EEE1
:10D9500010FA01D52D2317930E4A0F4B089947292A
:10D9600098BF1A46079225F080054FF0000A4FF045
:10D970000308574663E3B4EE488BF1EE10FA11D773
:10D9800018EE903A002BBCBF2D231793034A044B8B
:10D99000E4E700BF9CF906088CF90608BCF9060804
:10D9A000ACF90608089B612B00F08281412B40F006
:10D9B000818158233022B8F1630FCDE91D2345F052
:10D9C000020540F3828108F1010189004846F8F719
:10D9D000A3F900283FF461AF82466423CDE9030335
:10D9E000B0EE480B089B019345F480771BAB1CAE4F
:10D9F000009302961AAB3A4641464846FFF71AFD95
:10DA000040AB984207901FD13368642B1CDDBAF1FC
:10DA1000000F19D1990048460793F8F77DF9079B45
:10DA2000824600283FF439AFB0EE480BCDE903033E
:10DA3000089B01931BAB009302961AAB3A464146F2
:10DA40004846FFF7F7FC0790089B1B9E23F0200336
:10DA5000472B40F04781F11C02DBB04580F2638127
:10DA6000089B023B0893089A22F02002412A0CBF2F
:10DA7000089A089906F1FF330ABF02F10F0100224C
:10DA80000122002B1B93B8BFC6F101032291B4BF42
:10DA90002D212B21092B239140F3398130A90A270D
:10DAA0000A46B3FBF7F607FB1630303042F8040C99
:10DAB00018466328A1F104013346F1DC303341F804
:10DAC000043CA2F1080023AB30A98842C0F01A81BF
:10DAD0000DF1CB039B1A23F003030B3A914238BF9D
:10DAE000002324AA02EB030822ABA8EB03084FEAA9
:10DAF000A80313931C9B012B03EBA80801DCEA0786
:10DB000001D508F101080023CDE90A3325F4806529
:10DB100045F480771E461A9B002B40F048813D4615
:10DB2000002747453B46B8BF43461093179B13B1A8
:10DB3000109B0133109315F0020312931EBF109B2C
:10DB40000233109315F08403149320D10E9B109A86
:10DB50009B1A002B1BDDDDE9202CA1492160102B35
:10DB600002F1010204F1080000F3A4820CEB0301AE
:10DB7000072ACDE92021636040F3B1821FAA5946EC
:10DB8000484600F071FE002840F0DE8530AC179961
:10DB9000219B17AA59B12260012213442193209B93
:10DBA00062601344072B209300F39B820834129A7F
:10DBB000219B62B11DAA2260022213442193209B63
:10DBC00062600133072B209300F395820834149B85
:10DBD000802B20D10E9B109A9B1A002B1BDDDDE9B8
:10DBE000202C80492160102B02F1010204F1080071
:10DBF00000F390820CEB0301072ACDE9202163603A
:10DC000040F39D821FAA5946484600F02DFE002889
:10DC100040F09A8530ACA7EB0807002F1ADDDDE94C
:10DC2000203270482060102F03F1010304F1080135
:10DC300000F387826760072B1744CDE9203740F354
:10DC400093821FAA5946484600F00EFE002840F075
:10DC50007B8530ACE905219B00F188824344219308
:10DC6000209B079A0133072BC4E90028209300F377
:10DC7000BD8208346A0700F14985DDE90E23109959
:10DC80008A42ACBF9B185B180F93219B3BB11FAA24
:10DC90005946484600F0E8FD002840F0558500232D
:10DCA0002093BAF1000F40F06B85099E30ACCEE4B2
:10DCB00078237FE6B8F1FF3F0AD0089B23F02003CA
:10DCC000472B02D1B8F1000F08D04FF0000A03E053
:10DCD0004FF0000A4FF0060840A87EE6C2464FF01B
:10DCE0000108F9E7462B7FF4BEAE05F00103002ED4
:10DCF00043EA080322DD5BB308F10108B044662360
:10DD000008932BE050F8046B43F8046FDDE63AB952
:10DD1000302224920DF19408303348F8043BE3E6B6
:10DD20000DF19008F8E71C9BB3420BDD002ED4BF29
:10DD3000C6F102084FF00108984407E053B108F11A
:10DD40000208DCE7EB071CD506F101086723D7E7DB
:10DD5000B046D4E7662308934FF0010815F48063BA
:10DD60000B9321D00023002ECDE90A337FF7D3AEE9
:10DD70000D9B1B78FF2B06D1DDE90A231344984441
:10DD8000C9E6B046E2E7B342F6DAF61A0D9B5B78D5
:10DD900033B10B9B01330B930D9B01330D93E7E7DD
:10DDA0000A9B01330A93E3E70B9B0A93B3E62D2307
:10DDB0001793B4E6AF0607D50F9A33680F99D217B9
:10DDC000C3E90012043642E4E80603D533680F9A2B
:10DDD0001A60F7E7690607D533680F9A1A80F1E7EA
:10DDE0000C2A0708CC290708AA05EFD533680F9A33
:10DDF0001A70E7E715F020031FD0073626F0070357
:10DE00001A465F6852F8086B099225F48065002372
:10DE100000221792B8F1000FC0F2C38425F08002EF
:10DE20000A9256EA070240F0C184B8F1000F00F0F0
:10DE30003181012B40F0BD84D1E0324615F010074E
:10DE400052F8046B099201D01F46DEE715F040033B
:10DE500001D0B6B2D9E715F40077D6D0F6B2F3E721
:10DE60003346782253F8046B09933023CDE91D32F1
:10DE7000A64B1193002745F0020502230892C7E73D
:10DE8000334653F8042B099300231793089B0792FA
:10DE9000532B35D015F0100632D1B8F1000F14DB3A
:10DEA0000798424631464746C2F72AFA08B1079B0F
:10DEB000C71A632F0ED9791C89004846F7F72CFF43
:10DEC00000283FF4EAAC824607E00798C2F768FAF8
:10DED0000746EEE74FF0000A40A8B8460023BB42D1
:10DEE00008D1002740F823707323CDE90A77079003
:10DEF000089316E6079AD25C40F823200133EEE738
:10DF0000B8F1000F11DB079842460021FAF7E2F85A
:10DF1000824600283FF42DAD079BC31A9B109845FD
:10DF2000A8BF98464FF0000A23E50798FAF7C7F80C
:10DF30008046F7E715F0200309D0073626F00703DF
:10DF40001A465F6852F8086B0992012360E732466F
:10DF500015F0100752F8046B099201D01F46F4E740
:10DF600015F0400301D0B6B2EFE715F40077ECD01E
:10DF7000F6B2F3E7664B119315F0200318D007367D
:10DF800026F007031A465F6852F8086B0992EB0700
:10DF900008D556EA070305D030231D93089B1E932E
:10DFA00045F0020525F48065022331E7574BE2E78F
:10DFB000324615F0100752F8046B099201D01F4643
:10DFC000E5E715F0400301D0B6B2E0E715F40077BD
:10DFD000DDD0F6B2F3E70A2E77F1000304D2303633
:10DFE000A396A3AB00F006BC0A9B002503F4806354
:10DFF0001C950DF5247A0B930A22002330463946EE
:10E00000C2F7A0FCAAF1040307930B9B30324AF835
:10E01000042C013543B30D9B1B789D4224D1FF2D69
:10E0200022D00A2E77F100070DD21C95079A0A9D7F
:10E03000A4AB9B1A47464FF0000A4FEAA308CDE96C
:10E040000AAA56466DE5AAF108030793189B4AF8F9
:10E05000083C0D9B5D7815B101330D930025DDF86B
:10E060001CA006460F46C7E70A2E77F10007F6D236
:10E07000DBE7119A06F00F03360952F82330079AAE
:10E0800046EA077642F8043D3F0956EA070307923D
:10E09000EFD1CBE71BB9E80701D53026A0E7A4AB49
:10E0A000A8E3089B002B00F0718340930023179393
:10E0B000099608E410216160072A6144CDE9202116
:10E0C0000ADD1FAA59464846159300F0CDFB0028EB
:10E0D00040F03A83159B30A8103B04463BE50446CC
:10E0E00055E51FAA5946484600F0BEFB002840F0FF
:10E0F0002B8330AC5BE51FAA5946484600F0B4FBC1
:10E10000002840F0218330AC61E500BF04F9060827
:10E1100048F9060810216160072A6144CDE92021F1
:10E120000ADD1FAA59464846129300F09DFB0028BD
:10E1300040F00A83129B30A8103B04464FE504468A
:10E1400069E510200244072BCDE92032606008DD2C
:10E150001FAA5946484600F087FB002840F0F48289
:10E1600030A9103F0C465AE50C4673E5089A652A1B
:10E1700040F24982B5EE408BF1EE10FA67D1714A58
:10E180002260012213442193209B62601344072BD9
:10E19000209335DC0834DDE91B36B34202DBEA07A5
:10E1A0007FF568AD19AB236001236360219B0133C8
:10E1B0002193209B0133072B20932BDC0834013E55
:10E1C000002E7FF757AD604F4FF01008DDE9203289
:10E1D000102E03F1010304F10801276024DC6660BE
:10E1E000072B1644CDE9203640F38B821FAA5946EF
:10E1F000484600F039FB002840F0A68230AC39E5F3
:10E200001FAA5946484600F02FFB002840F09C8288
:10E2100030ACC0E71FAA5946484600F025FB00284D
:10E2200040F0928230ACCAE71032072BCDE92032A1
:10E23000C4F8048008DD1FAA5946484600F014FBC4
:10E24000002840F0818230A9103E0C46BEE71B9AA0
:10E25000002A7BDC3B4A2260012213442193209B4D
:10E2600062601344072B209345DC08341C9F1B9BE2
:10E27000219A3B4305F001010B433FF4FBAC19AB82
:10E28000236001231A446360209B21920133072BF2
:10E2900020933ADC04F108031B9E002E1CDA2A4C62
:10E2A00076421A464FF01008DDE92010102E01F1D9
:10E2B000010103F10803146031DC566007290644AC
:10E2C000CDE9201608DD1FAA5946484600F0CCFAD1
:10E2D000002840F0398230AB079AC3E90027219A21
:10E2E0003A442192209A0132072A20923FF77EAFCA
:10E2F00003F10804BEE41FAA5946484600F0B4FAE8
:10E30000002840F0218230ACB0E71FAA59464846A9
:10E3100000F0AAFA002840F0178230ABBCE71030BA
:10E320000729CDE92010C2F8048008DD1FAA59464C
:10E33000484600F099FA002840F0068230AB103EC3
:10E340001A46B1E7CCF90608CC2907081C9A0892AE
:10E3500092001292089A42F31D08B045A8BFB04639
:10E36000B8F1000F0BDD43442193209B079A013342
:10E37000072BC4E90028209300F38E800834B8F1FD
:10E38000000FACBFA6EB08073746002F1CDDDFF8F7
:10E390007883C4F80080DDE92032102F03F10103F7
:10E3A00004F1080100F382806760072B1744CDE970
:10E3B000203740F38E801FAA5946484600F054FA91
:10E3C000002840F0C18130AC079B03EB86066B054B
:10E3D0000BD50B9B002B0A9B7DDC002B7DDC079B68
:10E3E000129A13449E4228BF1E461B9B089A9A42CB
:10E3F00001DCEF070DD519AB236001236360219B7E
:10E4000001332193209B0133072B209300F3E780F6
:10E410000834129B079F089A1F441B9BBF1BBF1009
:10E42000D31A9F42A8BF1F46002F219B0ADD3B4401
:10E430002193209B0133072BC4E90067209300F34D
:10E44000D88008341B9E089B002FA3EB0606A8BFAC
:10E45000F61B002E7FF70EACAB4F4FF01008DDE936
:10E460002032102E03F1010304F1080127607FF729
:10E47000B6AE1032072BCDE92032C4F8048008DD97
:10E480001FAA5946484600F0EFF9002840F05C8189
:10E4900030A9103E0C46E2E71FAA5946484600F054
:10E4A000E3F9002840F0508130AC68E710200244C6
:10E4B000072BCDE92032606008DD1FAA5946484687
:10E4C00000F0D2F9002840F03F8130A9103F0C46FF
:10E4D0005FE70C4678E7002B51DD0A9B013B0A936E
:10E4E00018AB236001236360219B01332193209BA0
:10E4F0000133072B209349DC0834079B129A03EB66
:10E5000002080D9BA8EB06081B784FEAA80898455F
:10E51000A8BF9846B8F1000F219B09DD4344219321
:10E52000209B0133072BC4E90068209338DC0834B2
:10E530000D9B1F78B8F1000FA8BFA7EB0807002FAD
:10E5400018DDDDE9203270482060102F03F101034F
:10E5500004F108012EDC6760072B1744CDE9203752
:10E560003BDD1FAA5946484600F07EF9002840F0DE
:10E57000EB8030AC0D9B1B7806EB830629E70D9BE7
:10E58000013B0D930B9B013B0B93A9E71FAA594637
:10E59000484600F069F9002840F0D68030ACACE77E
:10E5A0001FAA5946484600F05FF9002840F0CC8089
:10E5B00030ACBDE710200244072BCDE9203260606B
:10E5C00008DD1FAA5946484600F04EF9002840F0E1
:10E5D000BB8030A9103F0C46B3E70C46CAE71FAA20
:10E5E0005946484600F040F9002840F0AD8030AC74
:10E5F0000FE71FAA5946484600F036F9002840F0B8
:10E60000A38030AC1EE720991C9E079820605A1CFE
:10E6100001310120012ECDE9201204F108036060D0
:10E6200001DCE80768D5072908DD1FAA59464846D6
:10E6300000F01AF9002840F0878030AB19AA1A6060
:10E6400001225A60219A01322192209A0132072A2E
:10E65000209223DC0833B5EE408BF1EE10FADDE9B1
:10E66000202106F1FF3422D00798013204302144E2
:10E67000072AC3E90004CDE9202140DD1FAA59463D
:10E68000484600F0F1F800285ED130AB22AA1A60AB
:10E69000139A13995A60219A0A4422E61FAA5946EE
:10E6A000484600F0E1F800284ED130ABD3E7012E08
:10E6B000ECDD154E1027DDE92021102C02F10102BE
:10E6C00003F108001E6007DC5C60072A0C44CDE9FA
:10E6D0002024D3DC0346D9E71031072ACDE92021D5
:10E6E0005F6006DD1FAA5946484600F0BDF858BBDA
:10E6F00030A8103C0346DEE70729C7DDBEE7083334
:10E70000C4E70C46FFF7B6BACC2907080E9B109A4F
:10E710009D1A002D7FF7B1AA374E1027DDE9203270
:10E72000102D03F10103266018DC6560072B1544EA
:10E73000CDE920357FF7A1AA1FAA5946484600F027
:10E7400093F800283FF499AABAF1000F3FF4ABA860
:10E7500051464846FCF72EF9FFF7A5B81032072BB3
:10E76000CDE92032676002DC0834103DD6E71FAAED
:10E770005946484600F078F80028E5D130ACF4E777
:10E7800051464846FCF716F9FFF78FBA219B002B3C
:10E790003FF489A81FAA5946484600F065F8FFF7DC
:10E7A00082B856EA07020A953FF443AB012B3FF4C7
:10E7B00012AC022BA4AB07933FF45BAC079A06F0B4
:10E7C00007031146303341F8043DF60846EA477620
:10E7D000FF08079156EA0701F0D10A99CD077FF5A6
:10E7E00025AC302B3FF422AC0799302341F8043C90
:10E7F000A2F10803079319E40C2A0708000000009F
:10E80000002210EE901A0260154A21F00043934254
:10E8100021D810EE102A1A431DD0124A0A4052B9CC
:10E820009FED0D7B20EE070B10EE901A6FF0350276
:10E8300021F00043026002681B15A3F2FE331A4464
:10E840006FF31E51026053EC102B41F07F5343F4E1
:10E85000001343EC102B70470000000000005043F1
:10E86000FFFFEF7F0000F07F2DE9F04115680646BD
:10E870000F461446A36808352BB900200023C4E9CD
:10E880000133BDE8F08163685A1E002B6260F4DD3D
:10E8900055F8048CB8F1000FECD04FEA880355F816
:10E8A000082C39463046FDF769FA431CE6D0A368C8
:10E8B000A3EB0803A360DDE7F8B500BFF8BC08BC14
:10E8C0009E467047F8B500BFF8BC08BC9E4670472E
:10E8D0009CED0508C8ED0508ACED0508B8ED050888
:10E8E00030EA050844EA0508FCEB050804EC0508D5
:10E8F00050EA050854EA05083BEB06083EEB06081B
:10E9000041EB060862617369635F737472696E67D5
:10E910003A20636F6E737472756374696F6E2066EC
:10E92000726F6D206E756C6C206973206E6F742031
:10E9300076616C69640000007B22427573223A257F
:10E94000642C224E616D65223A222573222C2267A7
:10E95000656E7265223A222573222C224944223A9E
:10E9600025642C0022446570617373656D656E7457
:10E9700020647520627566666572222C22696422A5
:10E980003A2564007B224837223A226F757420684A
:10E9900037222C224944223A25642C2245525245E2
:10E9A0005552223A25737D0A0000000049440000B8
:10E9B0004374726C5374617465000000437574692C
:10E9C0006E54656D700000004375746F7574546506
:10E9D0006D700000546865724169720022257322CF
:10E9E0003A252E3166000000222573223A252E3664
:10E9F00067000000222573223A252E3066000000B1
:10EA0000224A534F4E2074726F70206C6F6E6720D5
:10EA1000706F75722073706C697420656E2032227D
:10EA20002C226964223A2564000000002C000000BA
:10EA300076697472696E652B000000006D61703A32
:10EA40003A61740076697472696E652D0000000089
:10EA500043462B0043462D007B224944223A2D3267
:10EA6000302C224E616D65223A22736E785F6F6E94
:10EA70005F636F6E7369676E65222C226F6E5F76BF
:10EA8000697472696E652B223A25642C226F6E5F61
:10EA900076697472696E652D223A25642C226F6E38
:10EAA0005F43462B223A25642C226F6E5F43462D2E
:10EAB000223A25642C226F6E5F6261632B223A2515
:10EAC000642C226F6E5F6261632D223A25647D0A99
:10EAD0000000000030313233343536373839616266
:10EAE000636465664142434445460000414B2D50F6
:10EAF0004335353100000000253034580000000057
:10EB0000554E4B4E4F574E00224865786120696E36
:10EB100076616C696465222C2274797065223A22D0
:10EB20002573222C227265676973747265223A22FA
:10EB30002573222C226964223A25642C2262757383
:10EB4000223A2564000000002244657061737365F9
:10EB50006D656E74222C2274797065223A222573B9
:10EB6000222C227265676973747265223A222573BA
:10EB7000222C226964223A25642C22627573223A7F
:10EB800025640000225479706520696E74726F7577
:10EB90007661626C65222C2274797065223A222596
:10EBA00073222C227265676973747265223A22257A
:10EBB00073222C226964223A25642C226275732206
:10EBC0003A25642C2276616C7565223A256C7500B5
:10EBD000766563746F723A3A5F4D5F7265616C6C13
:10EBE0006F635F696E7365727400000076656374AD
:10EBF0006F723A3A72657365727665006261632B73
:10EC0000000000006261632D000000002242757365
:10EC1000206D616E7175616E74222C226964223AD6
:10EC20003939392C22656C656D656E742030223A55
:10EC30002222000030313233343536373839000083
:10EC400022427573206E6F6E206E756D65726971EC
:10EC50007565222C226964223A3939392C22656C77
:10EC6000656D656E742030223A2225732200000003
:10EC7000224944206D616E7175616E74222C226987
:10EC800064223A3939392C22656C656D656E7420C1
:10EC900031223A2222000000224944206E6F6E2069
:10ECA0006E756D657269717565222C226964223AF0
:10ECB0003939392C22656C656D656E742031223AC4
:10ECC0002225732200000000454B43002254616955
:10ECD0006C6C652064657320656C656D656E74731E
:10ECE00020696E636F727265637465222C22696499
:10ECF000223A25640000000022466C6F6174206E89
:10ED00006F6E20636F6E73656375746966222C2263
:10ED100074797065223A222573222C227265676904
:10ED200073747265223A222573222C2273756976D8
:10ED3000616E74223A222573222C226964223A25BC
:10ED4000642C22627573223A2564000022466C6F9F
:10ED5000617420696E76616C696465222C22747915
:10ED60007065223A222573222C22726567697374BA
:10ED70007265223A222573222C226964223A256484
:10ED80002C22627573223A2564000000446966668D
:10ED90006572656E7469616C000000005361747582
:10EDA000726174656454656D7050630041437472A0
:10EDB0006C54656D70000000536174757261746508
:10EDC0006454656D70410000414361706163697412
:10EDD00079000000226D616C666F726D65222C22D5
:10EDE0006964223A3939392C226C696E65223A22DB
:10EDF00025732200226E6220656C656D656E7473EA
:10EE0000222C226964223A3939392C226E62223A44
:10EE100025642C226C696E65223A2225732200003B
:10EE2000636F757473200000434F555453200000E6
:10EE30004C61626F436861726375745F30000000FB
:10EE4000414B2D43433535302D30313278000000B1
:10EE500064656661756C74006665726D65000000BE
:10EE600053617353757267656C65735F31000000A1
:10EE700053617346726169735F320000414B2D43E9
:10EE8000433535302D303138780000004366447208
:10EE90006976655F33000000414B2D434335352DC6
:10EEA0003031377800000000436653757267656C37
:10EEB00065735F3400000000436653757267656CCC
:10EEC00065735F3500000000436646727569744CD7
:10EED00065675F3600000000454B43333032442DF8
:10EEE000303132780000000043664372656D657210
:10EEF00069655F3700000000414B2D4343353530D5
:10EF00002D303139780000004366436861726375C3
:10EF1000745F380043665472616974547261645F4F
:10EF200031300000436646655F3131004C61626FED
:10EF3000506F6973736F6E5F31320000414B2D4328
:10EF4000433535302D303135780000004366506F41
:10EF50006973736F6E5F3133000000005375726721
:10EF6000506F7274655F31350000000045505441A8
:10EF7000000000004E43354C533544005375726712
:10EF8000506F7274655F3136000000005375726710
:10EF9000506F7274655F3137000000004E43354C8E
:10EFA0005334440053757267506F7274655F313823
:10EFB00000000000415055495332440053757267B8
:10EFC000506F7274655F31390000000053757267CD
:10EFD000506F7274655F32300000000053757267C5
:10EFE000506F7274655F32310000000054675375D2
:10EFF0007267505F323200004E43354C533244004A
:10F000005467426163537572675F323500000000D8
:10F01000544F314C2D543400426163537572675F15
:10F0200032360000544F524C2D3337004261635347
:10F030007572675F3237000046655F33300000004D
:10F04000454B4332303244312D30313578000000A9
:10F05000424F4E4E4554204E455645540000000048
:10F06000414D504849204949203131006F7576653E
:10F070007274000046655F333100000045584B4113
:10F080004C0000004C48424E42312D342E303100AD
:10F0900046655F33320000006272616E645F756EB8
:10F0A0006B6E6F776E0000006D6F64656C5F756EE0
:10F0B0006B6E6F776E000000426F7563685472610B
:10F0C000645F3333000000004D55534E5331380018
:10F0D000426F756368547261645F333400000000EE
:10F0E0004D55534E53333700426F75636854726108
:10F0F000645F3335000000004366426F756C616EDB
:10F10000675F333600000000436653757267426FD5
:10F11000756C616E675F3337000000004368617291
:10F12000637574547261645F3338000043686172C0
:10F13000637574547261645F333900004D55534EEA
:10F140005332350043686172637574547261645F51
:10F1500034300000546746726169735F34310000D7
:10F16000534B594E53543300426F7563684C735F71
:10F1700034320000414B2D4343353530412D303280
:10F18000307800004B52595354414C004449414D92
:10F19000414E542D34500000426F7563684C735FCC
:10F1A000343300004449414D414E542D3650000047
:10F1B000566F6C61696C6C654C735F343400000091
:10F1C000566F6C61696C6C654C735F343500000080
:10F1D000546746726169735F343600005472616926
:10F1E000746575724C735F3437000000534B594E91
:10F1F0005332350054726169746575724C735F34B3
:10F2000038000000534B594E533337005472616934
:10F21000746575724C735F34390000005472616913
:10F22000746575724C735F35300000004C61626F1D
:10F23000426F7563685F35310000000043664361CB
:10F240007263617373655F3532000000436650720C
:10F250006F64465F353300004366426172717565C5
:10F260007474655F3534000053617572697373653A
:10F270007269655F35350000536175726973736536
:10F280007269655F35360000436861726375746545
:10F290007269655F35370000436861726375746534
:10F2A0007269655F35380000436861726375746523
:10F2B0007269655F35390000436861726375746512
:10F2C0007269655F363000004366537569665F3664
:10F2D00031000000346547616D6D655F36320000B6
:10F2E000346547616D6D655F363300003465476195
:10F2F0006D6D655F36340000546746726169735FF7
:10F300003635000046726F6D6167654C735F363647
:10F3100000000000414B2D434335352D3031357809
:10F320000000000046726F6D6167654C735F363791
:10F330000000000046726F6D6167654C735F363880
:10F340000000000046726F6D6167654C735F36396F
:10F3500000000000546746726169735F3730000037
:10F36000556C74726146726169735F3731000000D9
:10F37000556C74726146726169735F3732000000C8
:10F38000556C74726146726169735F3733000000B7
:10F39000556C74726146726169735F3734000000A6
:10F3A000546746726169735F37350000534B5943A8
:10F3B0004454313200000000556C74726146726131
:10F3C00069735F3736000000534B594C5332350098
:10F3D000556C74726146726169735F373700000063
:10F3E000534B594C53333700556C747261467261FC
:10F3F00069735F3738000000556C74726146726142
:10F4000069735F3739000000546746726169735F42
:10F410003830000042616346655F3831000000000B
:10F4200056454C4E53333700546742616346655F1F
:10F430003832000056454C4E535434004261634606
:10F44000655F383300000000546742616346655FC2
:10F4500038340000636F6E64656E736575722D00DD
:10F46000417370694E65675F31303000414B2D50FC
:10F47000433535312D30313730000000636F6E6415
:10F48000656E736575722B0041737069506F736997
:10F49000746976655F31303100000000636C696D1E
:10F4A000617469736174696F6E000000436C696D0B
:10F4B00053646D5F3130320067656E72655F756EE3
:10F4C0006B6E6F776E0000006E616D655F756E6BC1
:10F4D0006E6F776E000000006465766963655F7526
:10F4E0006E6B6E6F776E00003030363400000000B7
:10F4F0003030363500000000303036360000000075
:10F500004D61784375746F75740000003030363784
:10F51000000000004D696E4375746F757400000043
:10F5200030303638000000004469737041646A4B23
:10F5300000000000303036390000000054656D7066
:10F54000556E697400000000303037310000000053
:10F5500041646A75737453340000000030303732F0
:10F560000000000041646A757374533300000000AA
:10F5700030303735000000004D61696E5377697493
:10F580006368000030303739000000004D656C744E
:10F59000506572696F640000303037410000000030
:10F5A0004D656C74496E74657276616C0000000084
:10F5B0003030374200000000546865725334250033
:10F5C0003030374300000000546865726D4D6F6441
:10F5D0006500000030303744000000004E69676865
:10F5E000744F666673657400303037450000000064
:10F5F0004E696768745365746261636B0000000054
:10F6000030303833000000004375746F7574320079
:10F61000303041350000000041646A757374533323
:10F6200042000000303042340000000041646A753E
:10F630007374533600000000303042360000000082
:10F64000546865725334254E677400003030423779
:10F6500000000000486561744E7A00003030423886
:10F660000000000048656174737461727464656CB5
:10F6700000000000303044380000000053344D6971
:10F680006E4C696D0000000030314634000000000F
:10F690004D696E4F6E54696D65000000303146351E
:10F6A000000000004D696E4F666654696D6500008C
:10F6B00030314639000000005374657044656C6158
:10F6C000790000003031464300000000537465703B
:10F6D0004D6F6465000000003033453800000000C5
:10F6E0004465664D6574686F6400000030334539C9
:10F6F0000000000044656653746F7054656D7000BF
:10F700003033454100000000446566496E746572FF
:10F7100076616C0030334542000000004D61784452
:10F72000656654696D650000303345430000000094
:10F7300054696D6553746167670000003033454458
:10F7400000000000447269704F666654696D650080
:10F75000303345450000000046616E537461727499
:10F7600054656D7000000000303345460000000015
:10F7700046616E537461727444656C003033463078
:10F780000000000046616E447572696E67446566EC
:10F79000000000003033463100000000446566532D
:10F7A000746F7053656E7300303346330000000091
:10F7B000533554656D70000030334635000000004D
:10F7C0004465665374617274000000003033464132
:10F7D0000000000050756D7044776E44656C000049
:10F7E0003033464200000000447261696E44656C2B
:10F7F0006179000030334643000000004D617874A9
:10F8000068657272756E7400303430350000000027
:10F8100041644D6F646500003034303700000000F3
:10F8200044697361626C654465660000303430423F
:10F8300000000000416441697274756E696E670072
:10F840003034304300000000446566726F737453B7
:10F850007461746500000000303430440000000022
:10F86000486F74676173696E6A64656C00000000BC
:10F870003034304600000000466C61736867617385
:10F8800073656E73000000003034313100000000F9
:10F8900041644465665265710000000030343132C5
:10F8A000000000004D63446566537461727400008B
:10F8B00030343135000000005261696C6841744495
:10F8C0006566000030343232000000004469737015
:10F8D0004444656C00000000303432330000000006
:10F8E00044656646616E53746F7000003034323484
:10F8F0000000000044656653746F70003034323588
:10F90000000000004D696E44656C74615400000095
:10F91000303432360000000042744C6F636B0000DC
:10F920003034323700000000416453656E73650067
:10F9300030344230000000004465665363686564FB
:10F94000756C65003034423100000000446566315A
:10F9500048720000303442320000000044656632D4
:10F9600048720000303442330000000044656633C2
:10F9700048720000303442340000000044656634B0
:10F98000487200003034423500000000446566359E
:10F99000487200003034423600000000446566368C
:10F9A0004872000030344242000000004465663175
:10F9B0004D696E00303442430000000044656632F9
:10F9C0004D696E00303442440000000044656633E7
:10F9D0004D696E00303442450000000044656634D5
:10F9E0004D696E00303442460000000044656635C3
:10F9F0004D696E00303443300000000044656636C7
:10FA00004D696E0030344335000000004D6F6E5379
:10FA100063686564756C650030344336000000002F
:10FA20005475655363686564756C6500303443379D
:10FA3000000000005765645363686564756C650079
:10FA400030344338000000005468755363686564BF
:10FA5000756C65003034433900000000467269530C
:10FA600063686564756C65003034434100000000D4
:10FA70005361745363686564756C65003034434248
:10FA80000000000053756E5363686564756C650013
:10FA9000303545310000000046616E53746F70547C
:10FAA000656D7000303545320000000046616E50D3
:10FAB000756C73654D6F646500000000303545332B
:10FAC0000000000046616E4379636C650000000031
:10FAD000303545340000000046616E4F6E25000051
:10FAE000303744300000000044656C61794F664F48
:10FAF00075747000303744310000000044693143B0
:10FB00006F6E666967000000303744320000000005
:10FB100044693153746174757300000030374437A1
:10FB2000000000003037444400000000416363439C
:10FB30006F646500303744450000000053656E7304
:10FB40006F72436F6E66696700000000303745349E
:10FB5000000000004D6178486F6C6454696D650069
:10FB60003037453500000000446973705334250078
:10FB70003037453600000000486F6C64416674659C
:10FB80007244656600000000303746310000000016
:10FB90004D61787472616E7370726573000000005D
:10FBA00030374632000000004D696E7472616E732A
:10FBB00070726573000000003037463700000000A7
:10FBC000416F314D696E566F6C74000030374638A6
:10FBD00000000000416F314D6178566F6C74000079
:10FBE00030374645000000005265736574416C6112
:10FBF000726D000030383037000000004469324335
:10FC00006F6E666967000000303830380000000011
:10FC100043617365436C65616E00000030383039B4
:10FC2000000000004C69676874436F6E6669670086
:10FC300030383041000000004C6967687452656DCF
:10FC40006F74650030383043000000005261696C09
:10FC5000684F6E6461792500303830440000000040
:10FC60005261696C684F6E6E67742500303830459C
:10FC7000000000005261696C684379636C650000A4
:10FC800030383144000000004170706C4D6F646585
:10FC90000000000030383230000000004163634350
:10FCA0006F6465320000000030383433000000001B
:10FCB000446933436F6E666967000000303834343E
:10FCC000000000005261696C684D6F6465000000BF
:10FCD0003038343500000000446577704D696E4C53
:10FCE000696D0000303834360000000044657770DC
:10FCF0004D61784C696D00003038343700000000E9
:10FD00005261696C4D696E4F6E2500003038343891
:10FD100000000000446F6F72496E6A537461727420
:10FD200000000000303834390000000046616E46A3
:10FD30006F72636564436C007462645F3038353998
:10FD40000000000030383541000000004163744479
:10FD50006577706F696E74003038363100000000CE
:10FD6000446973706C4374726C0000003038363232
:10FD7000000000004C696768744D733D4F66660073
:10FD80003038363300000000416C52656C436F6EB2
:10FD9000660000003038383000000000426C696EA8
:10FDA000646F70656E74696D000000003038383320
:10FDB00000000000426C696E6466616E73746F705F
:10FDC0000000000030383938000000005261696CD2
:10FDD0006379636C6570776D0000000030383939E5
:10FDE000000000005266676661634B31000000004E
:10FDF00030383941000000005266676661634B325B
:10FE0000000000003038394200000000526667668A
:10FE100061634B33000000003038394400000000BB
:10FE2000446F32436F6E66696700000030383945B1
:10FE300000000000446F33436F6E66696700000086
:10FE40003038394600000000446F34436F6E6669F5
:10FE5000670000003038413000000000446F354337
:10FE60006F6E6669670000003038413100000000A5
:10FE7000446F36436F6E6669670000003038413466
:10FE800000000000416F31436F6E6669670000003B
:10FE900030384136000000005268437574696E5373
:10FEA000700000003038413700000000526844699B
:10FEB000666600003038413800000000526848692A
:10FEC00067686C696D616C00303841390000000072
:10FED00052684C6F776C696D616C0000303841413D
:10FEE000000000005268416C44656C6179000000BC
:10FEF000303841420000000052684374726C6174F3
:10FF000064656600303841430000000052684D6966
:10FF10006E56616C75650000303841440000000089
:10FF200052684D617856616C756500003038414506
:10FF3000000000004565764F6425000030384146DA
:10FF400000000000436F6D7072312F6C6C7376008F
:10FF5000303842300000000046616E52656C6179B5
:10FF60000000000030384231000000004465665255
:10FF7000656C6179000000003038423200000000FA
:10FF80005261696C6852656C6179000030384233A7
:10FF900000000000416C61726D52656C6179000077
:10FFA00030384234000000004C6967687452656C58
:10FFB00061790000303842350000000053756374E9
:10FFC000696F6E76616C76650000000030384236ED
:10FFD00000000000436F6D70723252656C617900F1
:10FFE0003038423700000000486F74676173566113
:10FFF0006C7665003038423800000000426C696E53
:020000040806EC
:10000000647352656C617900303842390000000039
:1000100044656652656C61793200000030384241B7
:10002000000000004865617452656C617900000051
:10003000303842420000000046616E45636F0000A8
:100040003038424300000000447261696E56616CB2
:100050007665000030384244000000005268526566
:100060006C61790030384245000000005261696CD3
:100070006865617450776D003038424600000000BA
:10008000486954656D705072696F000030384330B4
:10009000000000004C6F54656D705072696F000075
:1000A000303843310000000053656E736F72507238
:1000B000696F000030384332000000004469616C11
:1000C00061726D5072696F00303843330000000078
:1000D000446566726F73745072696F0030384334D0
:1000E000000000004D6973635072696F00000000EA
:1000F0003038433500000000496E6A656374507201
:10010000696F000030384336000000004374726CA1
:100110006F66665072696F00303843370000000028
:100120004C65616B5072696F0000000030384338D5
:100130000000000048756D69645072696F0000002E
:1001400030384339000000004D757465416C6172B0
:100150006D0000003038434100000000466F6F64BE
:1001600053656E736F720000303843430000000027
:10017000526573746F72654D6F6465003038434427
:1001800000000000436F6F6C696E67737461746583
:100190000000000030384435000000005268467509
:1001A0006E6374696F6E00003038443600000000E2
:1001B0004C6C7376000000003038443700000000BB
:1001C000446568756D696469666965720000000060
:1001D000303844380000000052684D617854656D35
:1001E00070000000303844390000000052684D694A
:1001F0006E54656D7000000030384441000000000E
:100200004C6C73764F666644656C0000303943353C
:10021000000000003039434300000000446566726E
:100220006F737454696D65003039434500000000F8
:10023000436F6D70312F4C6C73760000303943463C
:1002400000000000303944300000000030394530F3
:10025000000000003039453200000000533341698E
:100260007254656D700000003039453300000000A5
:10027000533441697254656D700000003039453463
:100280000000000030394535000000004E69676805
:1002900074436F6E64000000303945370000000081
:1002A0005375706572686561745265660000000080
:1002B000303945380000000053757065726865611B
:1002C0007400000030394539000000005332546595
:1002D0006D700000303945420000000054686572BE
:1002E00052756E74696D6500303945440000000038
:1002F000456B634572726F720000000030394546ED
:10030000000000004576617050726573735065009F
:1003100030394630000000004576617054656D70DC
:1003200054650000303946340000000052666746CC
:1003300061634131000000003039463500000000A3
:10034000526667466163413200000000303946362C
:100350000000000052666746616341330000000000
:100360003039463700000000526566726967657271
:10037000616E740030394639000000003039464162
:1003800000000000526567436F6E640030394642DA
:1003900000000000533654656D700000303946434C
:1003A00000000000446932537461747573000000EA
:1003B00030413043000000004C6F6164466163745B
:1003C0006F720000304131300000000044697370EA
:1003D0006C617941697200003041313200000000E7
:1003E000416C61726D41697200000000304131332F
:1003F000000000003041313700000000304131384A
:10040000000000003041313900000000304131432C
:1004100000000000436F6D703252656C617900001E
:100420003041323300000000533554656D70420096
:100430003041323400000000533341697274656DFD
:10044000704200003041323800000000304132413B
:100450000000000030413242000000004465665256
:10046000656C6179420000003041324400000000B8
:1004700030413245000000005261696C4475747966
:100480006325000030413246000000005468657268
:1004900042616E6400000000304133300000000013
:1004A0004469335374617475730000003041333410
:1004B0000000000030413335000000003041333788
:1004C00000000000446577506F696E740000000002
:1004D000304134340000000041645374617465009D
:1004E00030413436000000004661756C74696E64FA
:1004F0006963310030413437000000004E65776198
:10050000697274756E76616C000000003041343899
:1005100000000000466C476173496E646963000027
:100520007462645F3041343900000000304134416E
:1005300000000000546374656D706D65616E0000AD
:100540003041344200000000546354656D704176C0
:10055000650000003041353800000000416363440D
:100560006566726F73740000304135390000000019
:10057000416363446566536B6970000030413541E7
:1005800000000000436173655368757464776E0002
:100590003041364600000000416C61726D41697265
:1005A00042000000304137300000000044697370A1
:1005B0006C617941697232003041373200000000CD
:1005C0003041374100000000436F6D6D537461741A
:1005D000757300003041374300000000304137465A
:1005E0000000000052684C6576656C250000000034
:1005F000304138300000000048756D6964696669F3
:10060000657200003041383100000000304138454B
:1006100000000000466F6F6454656D7000000000BC
:10062000304138460000000044656653746F7074B2
:10063000656D700030414143000000004F66416C21
:1006400061726D7300000000304144300000000012
:1006500030414431000000003042433500000000CA
:100660004D6F7054656D70003042433700000000DC
:100670004D617853680000003042434200000000A2
:10068000416B76506572696F640000004D696E536E
:1006900068000000466F72636564436C6F736500A9
:1006A000304244320000000053684D6F6465000022
:1006B00030424433000000005368436C6F736500A0
:1006C0003042453400000000466F72636564436F3A
:1006D0006F6C000030424632000000004D747254CE
:1006E0006E53656300000000304246330000000096
:1006F0004D74724B70666163746F720030433337B0
:100700000000000041666964656E74666F7263651F
:1007100000000000304333380000000053684B7085
:100720004D696E00304333390000000053684B7050
:100730004D61780030433341000000005368546E2F
:1007400000000000304333440000000054652D6772
:1007500061696E0030433345000000004166696402
:10076000656E740030433346000000004D61784FE1
:100770006425000054686572746F67676C650000DB
:1007800030433442000000004C6F616472657100B8
:1007900030433444000000004D634C69714374726F
:1007A0006C00000030433446000000004D61787456
:1007B000656F66667365740053684D61784C697146
:1007C00000000000304335310000000053684D69DF
:1007D0006E4C6971000000003043353300000000AA
:1007E0005368436C6F73654C697100003043353456
:1007F00000000000416363436F6465310000000046
:1008000031353930000000004661756C74696E64E2
:100810006963300031353932000000004661756C83
:1008200074696E6469633200313539380000000044
:100830004164696E747374617465000031354136CA
:100840000000000054696D65636F6E73746C7066B0
:10085000000000003135414200000000446566722E
:100860006F73746F757400003135414400000000EF
:1008700041697274756E6576616C720031354145FF
:10088000000000004963656C6576656C000000003F
:100890003237313200000000416C61726D44656C8A
:1008A000617900003237313300000000446F6F720D
:1008B0004F70656E44656C003237323200000000C4
:1008C00050756C6C646F776E44656C0032373233F0
:1008D00000000000486967684C696D41697200005A
:1008E00032373234000000004C6F774C696D41693B
:1008F0007200000032373235000000004869676836
:100900004C696D32416972003237323600000000A6
:100910004C6F774C696D3241697200003237323763
:1009200000000000486967684C696D31533600006B
:1009300032373238000000004C6F774C696D31530C
:10094000360000003237323900000000486967681D
:100950004C696D32533600003237324100000000DE
:100960004C6F774C696D325336000000323732429B
:1009700000000000416C44656C6179533600000052
:100980003237324300000000416C44656C617944A9
:10099000693100003237324400000000416C446588
:1009A0006C61794469320000323733350000000051
:1009B000416C61726D5334250000000032373435CC
:1009C0000000000050756C6C4444656C53360000A8
:1009D0003237343600000000416C44656C533342BA
:1009E00000000000323737300000000053364675F3
:1009F0006E6374696F6E0000344532300000000091
:100A0000436F6E74724572726F72000034453231FA
:100A1000000000005274634572726F7200000000A3
:100A2000344532320000000050654572726F72002A
:100A3000344532330000000053324572726F720049
:100A4000344532340000000053334572726F720037
:100A5000344532350000000053344572726F720025
:100A6000344532360000000053354572726F720013
:100A7000344532370000000053364572726F720001
:100A8000344532380000000053334572726F7242B1
:100A90000000000034453239000000005335457233
:100AA000726F7242000000003445324100000000C5
:100AB0005268496E70757445727200003445324256
:100AC000000000004869676854416C61726D000065
:100AD00034453243000000004C6F7754416C617222
:100AE0006D0000003445324400000000446F6F7216
:100AF000416C61726D000000344532450000000019
:100B00004D6178486F6C6474696D65003445324698
:100B1000000000004E6F52666753656C00000000D5
:100B200034453330000000004869676854656D70D3
:100B30005336000034453331000000004C6F7754C9
:100B4000656D7053360000003445333200000000FC
:100B5000446931416C61726D0000000034453333EB
:100B600000000000446932416C61726D00000000B9
:100B700034453334000000005374616E6462794D73
:100B80006F646500344533360000000048696768CB
:100B900054656D704200000034453337000000009A
:100BA0004C6F7754656D7042000000003445333857
:100BB00000000000436F32416C61726D0000000064
:100BC0003445333900000000526566674C65616B3F
:100BD000000000003445334100000000344533423A
:100BE000000000004C6F7748756D69646974790086
:100BF000344533430000000057726F6E67496F43FE
:100C000066670000344533440000000041644963D6
:100C10006564000034453345000000004164466CC3
:100C2000617368676173000034453346000000005B
:100C3000344534300000000046616E5361666574CF
:100C400079000000344534310000000044726976B8
:100C50006572416C61726D004641333500000000E1
:100C60004D616B65466163746F7279003030373463
:100C70000000000041646A75737453350000000081
:100C8000303038300000000041646A7573745332AC
:100C90000000000030304432000000004469666605
:100CA000546832003032324200000000436D70322E
:100CB000496E5468320000003034313000000000CA
:100CC0004D696E44656654696D6500003034313697
:100CD0000000000044656673746F7074656D703257
:100CE0000000000030343137000000004D617864AE
:100CF000656674696D6532004B65792F62744C6F5F
:100D0000636B000030343238000000004F696C52D1
:100D100065636F7600000000303933310000000059
:100D200053703154656D700030393332000000006B
:100D30005370314B6F686D00303933330000000061
:100D40005370314F686D00003039333400000000BB
:100D500053703254656D7000303933350000000037
:100D60005370324B6F686D0030393336000000002D
:100D70005370324F686D0000303933370000000087
:100D800053703354656D7000303933380000000003
:100D90005370334B6F686D003039333900000000F9
:100DA0005370334F686D000030393341000000004C
:100DB0004F696C5265634D6F646500003039334292
:100DC000000000004F696C5265634D6178000000BF
:100DD00030393343000000004F696C5265634F6443
:100DE000250000003041344300000000416B764490
:100DF0006F2500004E6F4F66416C61726D7300008D
:100E0000304143450000000048696768416C4C6907
:100E10006D00000030414346000000004C6F7741F8
:100E20006C4C696D00000000304333360000000058
:100E30005468647574796379636C65003043334238
:100E400000000000536842616E6400003043334389
:100E500000000000502D4761696E000030433432BD
:100E600000000000533253746162696C6974790048
:100E700030433537000000004C6F636B646973705A
:100E80006B65790030433632000000004F645374C4
:100E900061747573000000003043363300000000B9
:100EA000416374647574796379636C650000000054
:100EB0003043363400000000533253746444657686
:100EC000000000007462645F3237313100000000BE
:100ED0004D61785468657252756E54003034303606
:100EE0000000000041645265736574005F447364E0
:100EF00044656752657100003037443300000000DC
:100F0000537756657273696F6E0000003037444244
:100F1000000000004F726465724E6F4C6F770000E6
:100F20004D61785472616E735072657300000000F9
:100F30004D696E5472616E735072657300000000EB
:100F40003038344200000000446973706C4D656EA7
:100F500075320000303945410000000053315465BE
:100F60006D7000005F526567436F6E6400000000A3
:100F7000546354656D704D65616E000030424243AC
:100F800000000000546E5300304243340000000063
:100F900053746172744F642500000000304243387E
:100FA00000000000416B7644696D00003042433917
:100FB000000000005374617274557054696D6500CF
:100FC0003042434300000000476C69646500000044
:100FD000304245430000000050652F733153656C6B
:100FE000656374004869676854656D70416C61722F
:100FF0006D0000004C6F7754656D70416C61726DCF
:1010000000000000496E6A65637450726F620000F0
:1010100041644661756C740041644E6F744465664A
:101020007200000030394632000000005F54656DE8
:10103000705265660000000053314572726F720095
:101040005F4375746F757454656D70005F4375749C
:10105000696E54656D70000053686D6178466C6F01
:101060006F64000053686D696E466C6F6F640000BA
:101070005F4E696768744F666673657400000000B0
:1010800030373643000000005F416C61726D52657D
:10109000673041646472000030373644000000005D
:1010A000416C61726D526567314164647200000089
:1010B0003037364500000000416C61726D52656743
:1010C0003241646472000000303736460000000090
:1010D000416C61726D526567334164647200000057
:1010E0003037373000000000416C61726D52656727
:1010F0003441646472000000303737310000000072
:10110000416C61726D526567354164647200000024
:101110003037373200000000416C61726D526567F4
:10112000364164647200000030373733000000003D
:10113000416C61726D5265673741646472000000F2
:101140005F44693153746174757300005F5468655E
:1011500072416972000000005F533254656D700087
:101160007462645F3042423800000000304242390D
:101170000000000030424241000000003042424284
:1011800000000000506C616E7454797065000000BE
:1011900047617354797065007462645F3042433014
:1011A0000000000030424331000000004F665365EC
:1011B00074706F696E747300304243330000000036
:1011C00053776974636856696144693100000000AF
:1011D0007462645F30424336000000004143747221
:1011E0006C537461747573005A6F6E654100000032
:1011F0004150726573737572650000007462645FBC
:101200003042434100000000415265666572656EE0
:1012100063654261720000007462645F304243455E
:101220000000000030424346000000004152656665
:101230006572656E63654465676300007462645F30
:1012400030424430000000003042443100000000D1
:1012500041526571436170004F6652756E6E696EE2
:1012600067436F6D7041000030424434000000005D
:10127000506F507265737375726541007462645F7C
:101280003042443500000000304244360000000087
:1012900030424438000000004D6564696154656D5A
:1012A000704100007462645F304244390000000005
:1012B0003042444100000000446973636861726712
:1012C00065476173410000007462645F30424442CC
:1012D0000000000030424443000000005375637476
:1012E000696F6E4761734100304244450000000061
:1012F00041646566636400003042453000000000D0
:10130000537461747573446179506F41000000003B
:101310003042453100000000536865644100000020
:10132000304245320000000053616665747953779E
:1013300069746368413100003042453300000000A9
:10134000536166657479537769746368413200004C
:101350004F6E410030424535000000004D6F64651E
:10136000506F415F4D4100003042453600000000A3
:101370004361706163697479410000003042453710
:101380000000000041536574706F696E74426172B1
:1013900000000000304245380000000041536574F1
:1013A000706F696E744465674300000030424539D0
:1013B000000000005A6F6E65506F4142617200007C
:1013C00030424541000000005A6F6E65506F416425
:1013D0006566636400000000304245420000000082
:1013E0004F66667365744142617200004F666673B2
:1013F00065744E69676874410000000030424544DE
:10140000000000005265666572656E6365506F414D
:101410004261720030424545000000005265666539
:1014200072656E63654D617841000000304245464B
:10143000000000005265666572656E636550634129
:10144000426172003042463000000000526566651D
:1014500072656E63654D696E410000003042463131
:1014600000000000436F6E74726F6C53656C6563AF
:1014700074696F6E41000000466163746F724B7057
:101480004100000054696D65546E506F41000000CA
:101490003042463400000000526174654F66436874
:1014A000616E676541310000304246350000000042
:1014B000526174654F664368616E67654132000032
:1014C00030424636000000005374657052756E74E9
:1014D000696D6541000000003042463700000000A1
:1014E000446F776E41000000304246380000000033
:1014F000446F776E4C696D6974506F414261720040
:101500003042463900000000446F776E4C696D69C7
:1015100074506F414465674300000000304246410B
:1015200000000000536865644C696D6974410000F7
:10153000304246420000000043617044617941003E
:1015400030424643000000004361704E6967687492
:1015500041000000304246440000000053746172B4
:101560007444656C617941003042464500000000DA
:101570004F666644656C6179410000003042464622
:101580000000000053656E736F72506F41000000E1
:1015900030433030000000004D6F6465506F415F94
:1015A000414D000030433031000000004F66436F72
:1015B0006D70726573736F72734100003043303227
:1015C00000000000436F6D7053697A6541000000B0
:1015D000304330330000000030433034000000005E
:1015E0004D696E5370656564506F41487A00000024
:1015F00030433035000000005374617274537065DD
:101600006564506F41487A00304330360000000076
:101610004D6178537065656441487A0030433037D6
:1016200000000000506572696F6454696D650000C8
:1016300030433038000000004379636C6554696DB5
:101640006541000030433039000000004D696E43B1
:1016500061704100304330410000000053746172FA
:1016600074436170410000003043304200000000CC
:1016700031536454656D70410000000030433043C5
:10168000000000003153644D617841003043304424
:10169000000000004F66556E6C6F616465727341A7
:1016A00000000000304330450000000053616665D3
:1016B0007479496E70757441000000003043304603
:1016C00000000000537769746368566961446932A9
:1016D00000000000304331300000000053686564B2
:1016E00064696E6700000000304331310000000083
:1016F000446973636847617354656D70410000000D
:10170000304331320000000053756374696F6E53CB
:101710007570657268656174410000003043313353
:10172000000000004F6E46637441000030433134C6
:1017300000000000436F6D704D696E4F6E410000F8
:101740003043313500000000436F6D704D696E4FBE
:10175000666641003043313600000000436F6D7013
:101760005265737461727441000000003043313778
:1017700000000000436F6D7053616665747941002D
:1017800030433138000000003043313900000000A0
:10179000304331410000000052657374617274542B
:1017A000696D6541000000003043314200000000D7
:1017B00053616665747944656C617941000000008D
:1017C00030433143000000003161536447617300CE
:1017D0007462645F3043314400000000304331459F
:1017E00000000000316153746174757300000000E3
:1017F00030433146000000003261537461747573E8
:1018000000000000304332300000000033615374A8
:101810006174757300000000304332310000000035
:1018200034615374617475730000000030433232C8
:10183000000000003561537461747573000000008E
:1018400030433233000000003661537461747573A5
:101850000000000030433234000000003761537450
:1018600061747573000000003043323500000000E1
:101870003861537461747573000000003043323670
:1018800000000000316143617000000030433237D6
:1018900000000000326143617000000030433238C4
:1018A00000000000336143617000000030433239B2
:1018B0000000000034614361700000003043324199
:1018C0000000000035614361700000003043324287
:1018D0000000000036614361700000003043324375
:1018E0000000000037614361700000003043324463
:1018F0000000000038614361700000003043324551
:101900000000000052756E74696D652F6379636C19
:10191000657341003043324600000000316152756A
:101920006E74696D650000003043333000000000C4
:10193000326152756E74696D650000003043333159
:1019400000000000336152756E74696D650000001F
:101950003043333200000000346152756E74696D9B
:1019600065000000304333330000000035615275DC
:101970006E74696D65000000304333340000000070
:10198000366152756E74696D650000003043333501
:1019900000000000376152756E74696D65000000CB
:1019A000386152756E74696D65000000316143796C
:1019B000636C65730000000032614379636C65738A
:1019C0000000000033614379636C65730000000020
:1019D00034614379636C65730000000035614379BD
:1019E000636C65730000000036614379636C657356
:1019F0000000000037614379636C657300000000EC
:101A000038614379636C6573000000003161496E91
:101A1000536572766963650030433430000000001E
:101A20003261496E536572766963650030433431C3
:101A3000000000003361496E53657276696365008A
:101A40003461496E5365727669636500304334339F
:101A5000000000003561496E536572766963650068
:101A600030433434000000003661496E53657276AD
:101A70006963650030433435000000003761496E0A
:101A800053657276696365003043343600000000A8
:101A90003861496E53657276696365003043343747
:101AA00000000000424374726C53746174757300DB
:101AB00030433438000000005A6F6E654200000069
:101AC0003043343900000000425072657373757200
:101AD000650000007462645F304334410000000020
:101AE000424374726C54656D70000000425265662A
:101AF0006572656E63654261720000007462645FC6
:101B00003043344500000000425265666572656EE0
:101B100063654465674300007462645F3043353039
:101B20000000000042436170616369747900000045
:101B3000304335320000000042526571436170004D
:101B40004F6652756E6E696E67436F6D704200002E
:101B5000506F507265737375726542007462645F92
:101B600030433535000000003043353600000000BA
:101B700053617475726174656454656D70420000E0
:101B800030433538000000004D6564696154656D6F
:101B90007042000030433541000000004469736327
:101BA00068617267654761734200000030433543E6
:101BB0000000000053756374696F6E4761734200E3
:101BC00030433545000000004265646663640000F0
:101BD0003043363000000000537461747573446103
:101BE00079506F42000000003043363100000000A1
:101BF00053686564420000005361666574795377E9
:101C00006974636842310000536166657479537783
:101C100069746368423200004F6E420030433635CB
:101C2000000000004D6F6465506F425F4D41000041
:101C30003043363600000000436170616369747997
:101C40004200000030433637000000004253657404
:101C5000706F696E74426172000000003043363864
:101C60000000000042536574706F696E74446567CC
:101C70004300000030433639000000005A6F6E65A3
:101C8000506F424261720000304336410000000054
:101C90005A6F6E65506F42646566636400000000B1
:101CA00030433642000000004F666673657442425E
:101CB0006172000030433643000000004F666673D7
:101CC00065744E6967687442000000003043364412
:101CD000000000005265666572656E6365506F4274
:101CE000426172003043364500000000526566656F
:101CF00072656E63654D6178420000003043364680
:101D0000000000005265666572656E63655063424F
:101D10004261720030433730000000005265666552
:101D200072656E63654D696E420000003043373165
:101D300000000000436F6E74726F6C53656C6563D6
:101D400074696F6E420000003043373200000000BB
:101D5000466163746F724B7042000000304337334A
:101D60000000000054696D65546E506F4200000021
:101D70003043373400000000526174654F66436899
:101D8000616E676542310000304337350000000066
:101D9000526174654F664368616E67654232000048
:101DA00030433736000000005374657052756E740E
:101DB000696D6542000000003043373700000000C5
:101DC000446F776E42000000304337380000000057
:101DD000446F776E4C696D6974506F424261720056
:101DE0003043373900000000446F776E4C696D69ED
:101DF00074506F4244656743000000003043374130
:101E000000000000536865644C696D69744200000D
:101E10003043374200000000436170446179420062
:101E200030433743000000004361704E69676874B7
:101E300042000000304337440000000053746172D8
:101E40007444656C617942003043374500000000FE
:101E50004F666644656C6179420000003043374646
:101E60000000000053656E736F72506F42000000F7
:101E700030433830000000004D6F6465506F425FA2
:101E8000414D000030433831000000004F66436F81
:101E90006D70726573736F72734200003043383235
:101EA00000000000436F6D7053697A6542000000C6
:101EB0003043383300000000304338340000000065
:101EC0004D696E5370656564506F42487A0000003A
:101ED00030433835000000005374617274537065EC
:101EE0006564506F42487A00304338360000000085
:101EF0004D6178537065656442487A0030433837E5
:101F0000000000004379636C6554696D6542000010
:101F100030433838000000004D696E436170420064
:101F200030433839000000005374617274436170AB
:101F30004200000030433841000000003153645437
:101F4000656D704200000000304338420000000020
:101F50003153644D61784200304338430000000043
:101F60004F66556E6C6F61646572734200000000CD
:101F70003043384400000000536166657479496E4F
:101F800070757442000000003043384500000000C6
:101F900053776974636856696144693300000000CF
:101FA000304338460000000044697363684761733A
:101FB00054656D704200000030433930000000006D
:101FC00053756374696F6E5375706572686561747B
:101FD0004200000030433931000000004F6E46637C
:101FE000744200003043393200000000436F6D70CE
:101FF0004D696E4F6E4200003043393300000000DF
:10200000436F6D704D696E4F6666420030433934E0
:1020100000000000436F6D7052657374617274420A
:10202000000000003043393500000000436F6D7040
:102030005361666574794200304339360000000010
:1020400030433937000000003043393800000000C9
:102050005265737461727454696D654200000000CA
:102060003043393900000000536166657479446576
:102070006C617942000000003043394100000000EB
:1020800031625364476173003043394300000000FC
:102090003162537461747573000000003043394439
:1020A0000000000032625374617475730000000018
:1020B0003043394500000000336253746174757316
:1020C00000000000304339460000000034625374C1
:1020D000617475730000000030434130000000005F
:1020E0003162436170000000304341310000000064
:1020F0003262436170000000304341320000000052
:10210000336243617000000030434133000000003F
:10211000346243617000000030434134000000002D
:1021200052756E74696D652F6379636C65734200D7
:102130003043413500000000316252756E74696DA4
:1021400065000000304341360000000032625275E5
:102150006E74696D65000000304341370000000077
:10216000336252756E74696D65000000304341380A
:1021700000000000346252756E74696D65000000E5
:10218000304341390000000031624379636C65736C
:1021900000000000304341410000000032624379FA
:1021A000636C657300000000304341420000000092
:1021B00033624379636C6573000000003043414330
:1021C0000000000034624379636C65730000000016
:1021D00030434144000000003162496E536572761D
:1021E0006963650030434145000000003262496E7A
:1021F0005365727669636500304341460000000014
:102200003362496E536572766963650030434230CC
:10221000000000003462496E5365727669636500A0
:1022200030434231000000004374726C5374617497
:102230007573000030434232000000004374726C3A
:102240005072657373757265000000007462645F9C
:1022500030434233000000003043423400000000AD
:102260004374726C54656D70000000003043423658
:10227000000000005265666572656E63655F3542F9
:10228000617200007462645F3043423700000000F6
:1022900030434238000000005265666572656E6327
:1022A000655F3644656743007462645F304342395A
:1022B00000000000304342410000000052756E6E85
:1022C000696E6743617000003043424200000000C5
:1022D0005265717565737465644361700000000038
:1022E00030434243000000004F6652756E6E696EC7
:1022F0006746616E730000003043424400000000F6
:102300007462645F3043424500000000304342463F
:1023100000000000506350726573737572650000B1
:1023200030434331000000004D65646961000000E6
:102330007462645F30434332000000003043433333
:10234000000000004169724F6E436F6E6400000030
:1023500030434335000000005265636F7665727943
:1023600053746174757300003043433600000000FD
:10237000536166657479537769746368430000003C
:102380003043433700000000537461747573446137
:102390007950630030434338000000004D6F64659E
:1023A00050635F4D4100000030434339000000009E
:1023B00043617061636974794300000030434341B5
:1023C00000000000536574706F696E7442617200A2
:1023D0003043434200000000536574706F696E74AF
:1023E00044656743000000003043434300000000A1
:1023F0004F66667365744E696768745063000000C9
:1024000030434344000000005265666572656E63A8
:10241000655F3742617200003043434500000000B1
:102420005265666572656E63655F38446567430033
:1024300030434346000000005265666572656E6376
:10244000655F394261720000304344300000000093
:102450005265666572656E63655F313044656743DA
:102460000000000030434431000000005265636FFB
:1024700076657279537042617200000030434432D5
:10248000000000005265636F766572795370446591
:10249000674300003043443300000000526563523C
:1024A000616D70446F776E0030434434000000006B
:1024B0004C696D69744E6967687400003043443537
:1024C00000000000466163746F724B7043000000AF
:1024D000304344360000000054696D65546E50630B
:1024E00000000000304344370000000053656E7365
:1024F0006F72506300000000304344380000000059
:102500004D6F6465436F6E7369676E003043443985
:10251000000000004374726C4D6F646500000000A1
:1025200030434441000000004F6646616E73000076
:1025300030434442000000004374726C547970656B
:1025400000000000304344430000000053746172F7
:102550007453706565645063250000003043444443
:10256000000000004D696E5370656564506325007E
:102570003043444500000000537461727456696131
:10258000446F0000304344460000000030434530B3
:10259000000000004174436F6D704F6666000000DC
:1025A00030434531000000005265636F76657279F3
:1025B0005669614469000000304345320000000064
:1025C000537065656400000030434533000000002F
:1025D00053746172742F73746F700000304345340C
:1025E0000000000031537461747573003043453549
:1025F0000000000032537461747573003043453637
:102600000000000033537461747573003043453724
:102610000000000034537461747573003043453812
:102620000000000035537461747573003043453900
:1026300000000000365374617475730030434541E7
:1026400000000000375374617475730030434542D5
:1026500000000000385374617475730030434543C3
:102660000000000052756E74696D652F6379636CAC
:1026700065733300304345440000000052756E74AA
:10268000696D65546F74616C00000000304345450E
:10269000000000003152756E74696D65546F74618D
:1026A0006C00000030434546000000003252756E59
:1026B00074696D65546F74616C000000304346307E
:1026C000000000003352756E74696D65546F74615B
:1026D0006C00000030434631000000003452756E3B
:1026E00074696D65546F74616C000000304346324C
:1026F000000000003552756E74696D65546F746129
:102700006C00000030434633000000003652756E06
:1027100074696D65546F74616C0000003043463419
:10272000000000003752756E74696D65546F7461F6
:102730006C00000030434635000000003852756ED2
:1027400074696D65546F74616C00000030434636E7
:10275000000000004379636C6573546F74616C0012
:102760003043463700000000314379636C65735491
:102770006F74616C000000003043463800000000B8
:10278000324379636C6573546F74616C00000000B0
:102790003043463900000000334379636C6573545D
:1027A0006F74616C0000000030434641000000007F
:1027B000344379636C6573546F74616C000000007E
:1027C0003043464200000000354379636C65735422
:1027D0006F74616C0000000030434643000000004D
:1027E000364379636C6573546F74616C000000004C
:1027F0003043464400000000374379636C657354EE
:102800006F74616C0000000030434645000000001A
:10281000384379636C6573546F74616C0000000019
:1028200030434646000000004D696E4C696D697486
:10283000506F4142617200003044303000000000AF
:102840004D696E4C696D6974506F41446567430012
:1028500030443031000000004D6178416C61726D90
:10286000506F41426172000030443032000000007D
:102870004D6178416C61726D506F414465674300F2
:1028800030443033000000004D617844656C61795C
:102890003100000030443034000000004D696E4CBF
:1028A000696D410030443035000000004D61784CC6
:1028B000696D4100304430360000000044656C61B1
:1028C0007941000030443037000000004D61784C01
:1028D000696D6974506F4144656743003044303816
:1028E000000000004D696E4C696D6974506F424282
:1028F0006172000030443039000000004D696E4CB8
:10290000696D6974506F42446567430030443041DB
:10291000000000004D6178416C61726D506F424261
:102920006172000030443042000000004D61784187
:102930006C61726D506F42446567430030443043B0
:10294000000000004D617844656C61793200000040
:1029500030443044000000004D696E4C696D420007
:1029600030443045000000004D61784C696D4200F4
:10297000304430460000000044656C61794200003C
:1029800030443130000000004D61784C696D69744D
:10299000506F42446567430030443131000000000D
:1029A0004D61784C696D69745063424261720000F8
:1029B00030443132000000004D61784C696D69741B
:1029C00050634244656743003044313400000000E6
:1029D0004D617844656C61793300000030443135D5
:1029E0000000000053776974636856696144693474
:1029F000000000003044313600000000526573745E
:102A000061727454696D65330000000030443137E1
:102A100000000000416C61726D52657365740000C6
:102A200030443138000000004F664469416C6172E7
:102A30006D46637400000000304431410000000026
:102A4000416C61726D44656C617931003044314391
:102A500000000000416C61726D44656C6179320068
:102A60003044314500000000416C61726D44656C7A
:102A700061793300304431460000000054686572CB
:102A80006D6F7374617400003044323000000000D8
:102A9000437574496E00000030443231000000007C
:102AA0004375744F757400003044323200000000EA
:102AB00030443243000000004D6F6465416C617228
:102AC0006D00000030443244000000004572726F17
:102AD0007200000030443245000000004E6F745315
:102AE000657400003044324600000000496E4D61BC
:102AF0006E4D6F646500000030443330000000000C
:102B0000416C61726D3100003044333100000000CF
:102B1000416C61726D3200003044333200000000BD
:102B2000416C61726D3300003044333300000000AB
:102B30005072657373757265506F614E6F726D611F
:102B40006C000000304433340000000050726573A4
:102B500073757265506F615072696F003044333520
:102B6000000000004147656E416C6D5072696F0056
:102B70003044333600000000446973636854656D67
:102B800070536461000000003044333700000000DF
:102B900030443338000000005072657373757265FD
:102BA000506F624E6F726D616C00000030443339BB
:102BB000000000005072657373757265506F62504B
:102BC00072696F0030443341000000004247656E77
:102BD000416C6D5072696F00304433420000000058
:102BE000446973636854656D70536462000000004B
:102BF0003044334300000000304433440000000000
:102C000050726573737572655063000030443345CC
:102C1000000000005361666574790000304433465B
:102C200000000000446563616C4E7569740000002B
:102C3000304434300000000044656C65737400005B
:102C4000304434310000000054634D65616E000073
:102C50003044343300000000446174616261736584
:102C600053796E6368000000304434340000000083
:102C70003044343500000000506F614D696E4F667E
:102C800066736574000000003044343600000000B4
:102C9000506F614D61784F66667365740000000087
:102CA0003044343700000000506F614F6666736532
:102CB000740000003044343900000000496E6A6539
:102CC0006374696F6E4F6E41000000003044344100
:102CD00000000000506F624D61784F666673657446
:102CE000000000003044344200000000506F624D8C
:102CF000696E4F66667365740000000030443443AB
:102D000000000000506F624F66667365740000003B
:102D10003044344500000000496E6A656374696F91
:102D20006E4F6E4200000000304437460000000045
:102D30005374617475734F6E4F666600304438305B
:102D400000000000416C61726D53746174757331E1
:102D5000000000003044383100000000416C617216
:102D60006D53746174757332000000003044383262
:102D700000000000416C61726D53746174757333AF
:102D80000000000030443835000000004D617853E9
:102D900070656564250000005F416C61726D44657B
:102DA0006C6179007462645F344533350000000063
:102DB000303039360000000054684F666673657421
:102DC00000000000303039370000000054684F66C2
:102DD000667365744B00000030304336000000001D
:102DE00044744E75697400003032313400000000C4
:102DF000436D7052656C61794E6300003033464418
:102E0000000000004375746F757453356469660083
:102E10005F41644D6F64650030354443000000003D
:102E200046616E53746F70436F0000003035444646
:102E30000000000046616E44656C436F00000000B6
:102E400054656D70526566003041353200000000F7
:102E5000526567696D654E75697400007462645FE0
:102E6000304243440000000032373332000000009B
:102E7000436667416C6D4169720000003237343936
:102E800000000000486967684C696D53330000001A
:102E900032373441000000004C6F774C696D53337A
:102EA0000000000054656D70486175746500000095
:102EB000416C61726D6542617373650053337334A5
:102EC00073776974636865640000000030323143D1
:102ED0000000000045787452656C617900000000C4
:102EE00030383236000000004D6F64654170706C00
:102EF000690000005F416363446566536B6970005D
:102F00007B224944223A2D312C227265626F6F7404
:102F1000223A312C224D4355223A226F7574206893
:102F200037222C2276657273696F6E223A222573DE
:102F3000227D0A007B224944223A2D312C227265DF
:102F4000626F6F74223A302C224D4355223A226F21
:102F50007574206837222C2276657273696F6E2231
:102F60003A222573227D0A00554E4B0050494E00EF
:102F70007C257300424F5200534654004957444742
:102F80000000000057574447000000004C505752C3
:102F9000000000006E6F6E65000000007B22494457
:102FA000223A2D33312C2252223A222573222C220E
:102FB00046223A222573222C2253223A25752C22AE
:102FC0004D223A256C752C225043223A2225303866
:102FD0006C58222C224C52223A222530386C58222E
:102FE0002C2243223A222530386C58222C224822A7
:102FF0003A222530386C58222C224D4D223A222577
:1030000030386C58222C2242223A222530386C5813
:10301000227D0A007B224944223A2D33312C225250
:10302000223A222573222C2246223A222573222C70
:103030002253223A25752C224D223A256C757D0AA1
:1030400000000000504F5200484152440000000070
:103050004D454D0042555300555341474500000032
:103060004E4D4900455252007B224944223A2D33AD
:10307000332C226964223A25752C226465766963B3
:1030800065223A22736E78222C224E616D65223AB7
:103090000000000064657461696C735F00000000EB
:1030A00062617369635F737472696E673A3A6170E3
:1030B00070656E64000000005C7530300000000038
:1030C0002C2267656E7265223A000000252E2A6662
:1030D000000000002C2273636F72655F6E69676881
:1030E00074223A002C2273636F72655F64617922E7
:1030F0003A0000002C2273636F72655F7765696721
:1031000068746564223A00002C226E6F74655F6EED
:1031100069676874223A00002C226E6F74655F64E0
:103120006179223A000000002C226E6F74655F679F
:103130006C6F62616C223A002C22736176696E6753
:10314000223A00002C226E756D5F646566726F73A3
:1031500074223A256C752C22636F6E645F6E69670A
:103160006874223A000000007B224944223A256418
:103170002C22646576696365223A22736E78222C6C
:10318000224E616D65223A222573222C2254595019
:1031900045223A22686973746F7269717565222CD1
:1031A0002244415441223A7B000000007D2C2273CE
:1031B000636F72655F746F74616C223A252E366698
:1031C000000000002C226E6F74655F746F74616C78
:1031D000223A252E366600002C2273636F72655FDB
:1031E000646179223A252E36660000002C226E6F2B
:1031F00074655F646179223A252E3666000000000E
:103200002C2273636F72655F6E69676874223A255A
:103210002E3666002C226E6F74655F6E6967687467
:10322000223A252E366600002C22636F6E645F6E94
:1032300069676874223A2225732200002C22637584
:1032400074696E5F646179223A252E316600000050
:103250002C22637574696E5F6E69676874223A2503
:103260002E3166002C226375746F75745F6461790A
:10327000223A252E316600002C226375746F757416
:103280005F6E69676874223A252E3166000000007F
:103290002C226E756D5F646566726F7374223A25B9
:1032A0006C7500002C22746F74616C223A256C7569
:1032B000000000002C227469636B223A256C7500B3
:1032C0002C22636F7574223A252E366600000000AA
:1032D000222564223A256C75000000002C2225640A
:1032E000223A256C750000007B224944223A2D3396
:1032F000322C22537461746973746963456C656D13
:10330000656E74223A256C757D0A000073696D75CF
:103310002000000053494D55200000006261736990
:10332000635F737472696E673A3A7375627374722D
:103330000000000025733A205F5F706F73202877CC
:103340006869636820697320257A7529203E207496
:103350006869732D3E73697A652829202877686922
:10336000636820697320257A752900006F756900EC
:103370006E6F6E0063616E6E6F7420637265617450
:1033800065207374643A3A766563746F72206C6179
:1033900072676572207468616E206D61785F736911
:1033A0007A65282900000000223A5B007B224E61EA
:1033B0006D65223A22000000222C2273636F726531
:1033C000223A0000252E3466000000007D00000037
:1033D0005D0000007B224944223A2D32352C224EDA
:1033E000616D65223A22736E785F636F6E666967FE
:1033F000222C2276697472696E652B223A7B226FC9
:103400007576657274223A25642C226665726D6544
:10341000223A25647D2C226E625F76697472696E31
:10342000652D223A25642C226261632B223A7B228D
:103430006F7576657274223A25642C226665726D0A
:1034400065223A25647D2C226E625F6261632D22C3
:103450003A25642C226E625F43462B223A25642C67
:10346000226E625F43462D223A25642C22636F6EE2
:10347000645F6E696768745F43462B223A256C75FA
:103480002C22636F6E645F6E696768745F43462DBC
:10349000223A256C752C22636F6E645F6E696768D3
:1034A000745F76697472696E652B223A256C752C8F
:1034B00022636F6E645F6E696768745F76697472A9
:1034C000696E652D223A256C752C22636F6E645FE0
:1034D0006E696768745F6261632B223A256C752C94
:1034E00022636F6E645F6E696768745F6261632DEB
:1034F000223A256C757D0A007B224944223A2D32FE
:10350000362C224E616D65223A22736E785F766F9B
:103510006C756D65222C22746F74616C5F766F6CB4
:10352000756D65223A256C752C22766F6C756D650C
:103530002B223A256C752C22766F6C756D652D22C9
:103540003A256C752C22766F6C756D65223A7B225C
:1035500076697472696E652B223A256C752C227619
:10356000697472696E652D223A256C752C22626130
:10357000632B223A256C752C226261632D223A2539
:103580006C752C2243462B223A256C752C2243461F
:103590002D223A256C757D7D0A0000007B2249446E
:1035A000223A2D32372C22646576696365223A22ED
:1035B000736E78222C224E616D65223A2272616E02
:1035C0006B696E67222C2254595045223A2272614F
:1035D0006E6B696E67222C2244415441223A7B0073
:1035E0007D7D0A007B224944223A2D32382C226408
:1035F0006576696365223A22736E78222C224E61C9
:103600006D65223A22636F75745F67726F757065BE
:1036100073222C2254595045223A22636F7574222A
:103620002C22636F75745F63662B223A252E3266F7
:103630002C22636F75745F63662D223A252E3266E5
:103640002C22636F75745F76697472696E652B22C4
:103650003A252E32662C22636F75745F7669747218
:10366000696E652D223A252E32662C22636F7574A1
:103670005F6261632B223A252E32662C22636F75BE
:10368000745F6261632D223A252E32662C22636FAD
:1036900075745F706F73223A252E32662C22636F29
:1036A00075745F6E6567223A252E32662C22636F31
:1036B00075745F746F74616C223A252E32667D0AD0
:1036C000000000007B224944223A2D32392C22642A
:1036D0006576696365223A22736E78222C224E61E8
:1036E0006D65223A2267726F75705F73636F7265E2
:1036F000732200002C2273636F72655F000000006C
:10370000226E6F6E220000007B224944223A2D3344
:10371000302C22646576696365223A22736E7822C2
:103720002C224E616D65223A2272616E6B696E6762
:10373000222C2254595045223A2272616E6B696ED6
:1037400067220000756E6B6E6F776E00666C61733A
:103750006800000068656C70000000007B2249442E
:10376000223A2D333530302C224E616D65223A22BB
:10377000666C6173685F68656C70222C22636F6D84
:103780006D616E6473223A22666C61736820736C9B
:103790006F74737C666C6173682073796E63203C10
:1037A0006275733E205B74696D656F75745F6D73D0
:1037B0005D7C666C617368207772697465203C6219
:1037C00075733E205B736C6F745D7C666C617368AF
:1037D000206A756D70203C6275733E222C226E6FDC
:1037E0007465223A22736C6F74206F6D697474650E
:1037F00064206D65616E7320746865207265616414
:10380000792073746167656420696D6167652066FE
:103810006F722074686174206275732C206F7468F5
:1038200065727769736520612067656E657269638B
:103830002073746167656420696D616765206973D1
:10384000207573656420696620617661696C6162C8
:103850006C65227D0A000000736C6F7473000000B9
:103860007B224944223A2D333530302C224E616D73
:1038700065223A22666C6173685F736C6F74222CE8
:1038800022736C6F74223A25752C22627573223A6A
:1038900025752C227265616479223A25752C227374
:1038A000697A65223A256C752C2263726333322261
:1038B0003A256C757D0A00007B224944223A2D335B
:1038C0003530312C224E616D65223A22666C61736F
:1038D000685F6572726F72222C226572726F72223B
:1038E0003A22696E76616C69645F627573227D0A43
:1038F0000000000073796E63000000007B224944E1
:10390000223A2D333530312C224E616D65223A2218
:10391000666C6173685F6572726F72222C226572C9
:10392000726F72223A22696E76616C69645F7469A3
:103930006D656F7574222C22627573223A25757D30
:103940000A0000007B224944223A2D333530322CC4
:10395000224E616D65223A22666C6173685F7379ED
:103960006E63222C22627573223A25752C227374A1
:1039700061747573223A222573227D0A00000000CB
:1039800077726974650000007B224944223A2D3326
:103990003530312C224E616D65223A22666C61739E
:1039A000685F6572726F72222C226572726F72226A
:1039B0003A22696E76616C69645F736C6F74222C55
:1039C00022627573223A25757D0A00007B224944E4
:1039D000223A2D333530312C224E616D65223A2248
:1039E000666C6173685F6572726F72222C226572F9
:1039F000726F72223A22736C6F745F6E6F745F72B3
:103A000065616479222C22627573223A25757D0ADC
:103A1000000000007B224944223A2D333530312CFE
:103A2000224E616D65223A22666C6173685F657231
:103A3000726F72222C226572726F72223A22777232
:103A40006974655F6661696C6564222C22627573B6
:103A5000223A25752C22736C6F74223A25752C221C
:103A6000737461747573223A222573227D0A0000F3
:103A70007B224944223A2D333530342C224E616D5D
:103A800065223A22666C6173685F77726974652299
:103A90002C22627573223A25752C22736C6F742266
:103AA0003A25752C22737461747573223A226F6BF8
:103AB000227D0A006A756D70000000007B22494477
:103AC000223A2D333530352C224E616D65223A2253
:103AD000666C6173685F6A756D70222C2262757303
:103AE000223A25752C22737461747573223A22254B
:103AF00073227D0A000000007B224944223A2D33C4
:103B00003530312C224E616D65223A22666C61732C
:103B1000685F6572726F72222C226572726F7222F8
:103B20003A22756E6B6E6F776E5F636F6D6D616E4F
:103B300064222C22636F6D6D616E64223A222573BC
:103B4000227D0A006F6B00006572726F72000000C8
:103B5000627573790000000074696D656F7574009B
:103B6000686F6C6400000000737461727400000080
:103B700076000000225C2F62666E72740000000006
:103B800076657273696F6E007B22433033312D315D
:103B9000223A222573222C22433033312D32223A0D
:103BA000222573222C22433033312D33223A222511
:103BB00073222C224837223A222573227D0A0000E4
:103BC000788C0024788A002478880024D820002467
:103BD00040200024A81F00244A55420014F3050881
:103BE000E8F40508C8E9050846000000CDCCCC3D46
:103BF00014F30508F0F405088CED050846000000F4
:103C0000CDCCCC3D14F30508F8F4050800F5050803
:103C100046000000CDCCCC3D14F305080CF505089A
:103C200014F5050846000000CDCCCC3D14F3050882
:103C300020F5050828F5050846000000CDCCCC3D50
:103C400014F3050834F505083CF5050849000000A3
:103C50000000803F14F3050848F5050850F50508F5
:103C600046000000CDCCCC3D14F305085CF50508FA
:103C700064F5050846000000CDCCCC3D14F30508E2
:103C800070F5050878F50508490000000000803F40
:103C900014F3050884F505088CF5050849000000B3
:103CA0000000803F14F3050898F50508A0F5050805
:103CB000490000000000803F14F30508B0F5050836
:103CC000B8F50508490000000000803F14F305081E
:103CD000C0F50508C8F50508490000000000803F50
:103CE00014F30508D4F50508DCF5050846000000C6
:103CF000CDCCCC3D14F30508E8F50508F0F5050832
:103D0000420000000000803F14F3050800F605089B
:103D100008F6050846000000CDCCCC3D14F305089C
:103D200010F6050818F6050846000000CDCCCC3D7D
:103D300014F3050824F605082CF6050846000000D3
:103D4000CDCCCC3D14F3050838F6050840F605083F
:103D5000490000000000803F14F305084CF60508F8
:103D600054F6050846000000CDCCCC3D14F3050800
:103D70005CF6050864F60508490000000000803F75
:103D800014F3050874F605087CF6050846000000E3
:103D9000CDCCCC3D14F3050888F6050890F605084F
:103DA000490000000000803F14F305089CF6050858
:103DB000A4F60508490000000000803F14F3050840
:103DC000B0F60508B8F60508490000000000803F7D
:103DD00014F30508C4F60508CCF6050849000000F0
:103DE0000000803F14F30508D8F60508E0F6050842
:103DF000490000000000803F14F30508ECF60508B8
:103E0000F4F6050846000000CDCCCC3D14F30508BF
:103E100000F7050808F70508490000000000803F8A
:103E200014F3050814F705081CF7050849000000FD
:103E30000000803F14F3050828F7050830F705084F
:103E4000490000000000803F14F305083CF7050816
:103E500044F70508490000000000803F14F30508FE
:103E600050F7050858F7050846000000CDCCCC3DBA
:103E700014F3050868F7050870F705084900000005
:103E80000000803F14F305087CF7050884F7050857
:103E9000490000000000803F14F3050894F705086E
:103EA0009CF70508490000000000803F14F3050856
:103EB000A8F70508B0F7050846000000CDCCCC3DBA
:103EC00014F30508B8F70508C0F70508420000001C
:103ED0000000803F14F30508CCF70508D4F7050867
:103EE000490000000000803F14F30508E0F70508D2
:103EF000E8F70508490000000000803F14F30508BA
:103F0000F4F70508FCF70508490000000000803FB1
:103F100014F3050808F8050810F805084900000022
:103F20000000803F14F3050818F8050820F805087C
:103F3000420000000000803F14F305082CF805083B
:103F400034F8050846000000CDCCCC3D14F305083C
:103F500040F8050848F80508420000000000803FCE
:103F600014F3050858F8050860F805084900000032
:103F70000000803F14F3050870F8050878F805087C
:103F800046000000CDCCCC3D14F3050888F80508A8
:103F900090F80508420000000000803F14F3050877
:103FA0009CF80508A4F80508420000000000803FC6
:103FB00014F30508B0F80508B8F805084900000032
:103FC0000000803F14F30508C4F80508CCF8050884
:103FD000490000000000803F14F30508D8F80508E8
:103FE000E0F8050846000000CDCCCC3D14F30508F0
:103FF000ECF80508F4F80508420000000000803FD6
:1040000014F30508FCF8050804F90508460000004B
:10401000CDCCCC3D14F3050810F9050818F90508B6
:10402000420000000000803F14F3050820F9050855
:1040300028F9050846000000CDCCCC3D14F3050856
:1040400030F9050838F90508420000000000803FFB
:1040500014F3050844F905084CF905084900000067
:104060000000803F14F3050854F905085CF90508C1
:10407000490000000000803F14F3050864F90508BA
:104080006CF90508490000000000803F14F30508A2
:1040900074F905087CF90508490000000000803F1C
:1040A00014F3050884F905088CF905084900000097
:1040B0000000803F14F3050894F905089CF90508F1
:1040C000490000000000803F14F30508A4F905082A
:1040D000ACF90508490000000000803F14F3050812
:1040E000B4F90508BCF90508490000000000803F4C
:1040F00014F30508C4F90508CCF9050849000000C7
:104100000000803F14F30508D4F90508DCF9050820
:10411000490000000000803F14F30508E4F9050899
:10412000ECF90508490000000000803F14F3050881
:10413000F4F90508FCF90508490000000000803F7B
:1041400014F3050804FA05080CFA050842000000FB
:104150000000803F14F3050818FA050820FA050846
:10416000420000000000803F14F305082CFA050807
:1041700034FA0508420000000000803F14F30508EF
:1041800040FA050848FA0508420000000000803F98
:1041900014F3050854FA05085CFA0508420000000B
:1041A0000000803F14F3050868FA050870FA050856
:1041B000420000000000803F14F305087CFA050867
:1041C00084FA0508420000000000803F14F305084F
:1041D00090FA050898FA050846000000CDCCCC3DC1
:1041E00014F30508A4FA0508ACFA05084900000014
:1041F0000000803F14F30508BCFA0508C4FA05085E
:10420000490000000000803F14F30508D0FA0508BB
:10421000D8FA0508490000000000803F14F30508A3
:10422000E0FA0508E8FA0508490000000000803FB0
:1042300014F30508F4FA0508FCFA05084900000023
:104240000000803F14F3050808FB050810FB050873
:10425000420000000000803F14F305081CFB050825
:10426000B0E90508490000000000803F14F305088C
:1042700024FB05082CFB0508490000000000803FD6
:1042800014F3050834FB05083CFB05084900000051
:104290000000803F14F305084CFB050854FB05089B
:1042A000490000000000803F14F3050860FB05088A
:1042B00068FB0508490000000000803F14F3050872
:1042C00070FB050878FB0508420000000000803FF5
:1042D00014F3050888FB050890FB0508460000005C
:1042E000CDCCCC3D14F30508A0FB0508A8FB0508C0
:1042F00046000000CDCCCC3D14F30508B8FB050802
:10430000C0FB050846000000CDCCCC3D14F30508E9
:10431000CCFB0508D4FB050846000000CDCCCC3D05
:1043200014F30508E0FB0508E8FB0508420000005F
:104330000000803F14F30508F4FB0508FCFB0508AA
:10434000490000000000803F14F3050808FC050840
:1043500010FC0508490000000000803F14F3050828
:104360001CFC050824FC0508490000000000803FF3
:1043700014F3050830FC050838FC0508420000006D
:104380000000803F14F3050844FC05084CFC0508B8
:10439000490000000000803F14F3050858FC0508A0
:1043A00060FC0508490000000000803F14F3050888
:1043B0006CFC050874FC0508490000000000803F03
:1043C00014F3050880FC050888FC05084900000076
:1043D0000000803F14F3050894FC05089CFC0508C8
:1043E000490000000000803F14F30508A8FC050800
:1043F000B0FC0508490000000000803F14F30508E8
:10440000BCFC0508C4FC0508490000000000803F12
:1044100014F30508D0FC0508D8FC05084600000088
:10442000CDCCCC3D14F30508E4FC0508ECFC0508F4
:1044300046000000CDCCCC3D14F30508F8FC05087F
:1044400000FD0508490000000000803F14F3050846
:104450000CFD050814FD0508490000000000803F20
:1044600014F3050824FD05082CFD0508490000008B
:104470000000803F14F305083CFD050838FD0508E1
:10448000460000000000803F14F3050844FD0508C5
:104490004CFD050846000000CDCCCC3D14F30508CA
:1044A00058FD050860FD0508490000000000803F38
:1044B00014F305086CFD050874FD050849000000AB
:1044C0000000803F14F3050880FD050888FD0508FD
:1044D000490000000000803F14F3050894FD050822
:1044E0009CFD0508490000000000803F14F305080A
:1044F000ACFD0508B4FD0508490000000000803F40
:1045000014F30508C4FD0508CCFD050849000000AA
:104510000000803F14F30508DCFD0508E4FD0508F4
:10452000490000000000803F14F30508F0FD050875
:10453000F8FD0508490000000000803F14F305085D
:1045400004FE05080CFE0508490000000000803F3D
:1045500014F3050818FE050820FE050849000000B0
:104560000000803F14F305082CFE050834FE050802
:10457000490000000000803F14F3050840FE0508D4
:1045800048FE0508490000000000803F14F30508BC
:1045900054FE05085CFE0508490000000000803F4D
:1045A00014F3050868FE050870FE050849000000C0
:1045B0000000803F14F305087CFE050884FE050812
:1045C000490000000000803F14F3050890FE050834
:1045D00098FE0508490000000000803F14F305081C
:1045E000A4FE0508ACFE0508490000000000803F5D
:1045F00014F30508B4FE0508BCFE050849000000D8
:104600000000803F14F30508C8FE0508D0FE050829
:10461000490000000000803F14F30508DCFE050897
:10462000E4FE0508490000000000803F14F305087F
:10463000F0FE0508F8FE0508420000000000803F7B
:1046400014F3050804FF05080CFF050849000000E5
:104650000000803F14F3050818FF050820FF050837
:10466000490000000000803F14F305082CFF0508F6
:1046700034FF0508490000000000803F14F30508DE
:104680003CFF050844FF0508420000000000803F91
:1046900014F3050850FF050858FF05084200000004
:1046A0000000803F14F3050864FF05086CFF05084F
:1046B000420000000000803F14F3050878FF050861
:1046C00080FF0508420000000000803F14F3050849
:1046D0008CFF050894FF0508420000000000803FA1
:1046E00014F30508A0FF0508A8FF05084200000014
:1046F0000000803F14F30508B4FF0508BCFF05085F
:10470000420000000000803F14F30508CCFF0508BC
:10471000D4FF0508420000000000803F14F30508A4
:10472000E0FF0508E8FF0508420000000000803FA8
:1047300014F30508F4FF0508FCFF0508420000001B
:104740000000803F14F30508080006081000060862
:10475000420000000000803F14F305081C0006081A
:1047600024000608420000000000803F14F3050802
:104770003000060838000608420000000000803FB4
:1047800014F305084000060848000608420000002F
:104790000000803F14F30508540006085C0006087A
:1047A000420000000000803F14F305086400060882
:1047B0006C000608490000000000803F14F3050863
:1047C0007800060880000608490000000000803FCD
:1047D00014F305088C000608940006084900000040
:1047E0000000803F14F30508A0000608A800060892
:1047F000490000000000803F14F30508B4000608DB
:10480000BC000608490000000000803F14F30508C2
:10481000C8000608D0000608490000000000803FDC
:1048200014F30508DC000608E4000608490000004F
:104830000000803F14F30508F0000608F8000608A1
:10484000490000000000803F14F305080401060839
:104850000C010608490000000000803F14F3050821
:104860001801060820010608490000000000803FEA
:1048700014F305082C01060834010608490000005D
:104880000000803F14F305084001060848010608AF
:10489000420000000000803F14F3050854010608A0
:1048A0005C010608490000000000803F14F3050881
:1048B0006801060870010608420000000000803F01
:1048C00014F305087C010608840106084200000074
:1048D0000000803F14F30508940106089C010608B7
:1048E000490000000000803F14F30508A8010608F5
:1048F000B0010608420000000000803F14F30508E4
:10490000B8010608C0010608420000000000803F10
:1049100014F30508D0010608D80106084600000077
:10492000CDCCCC3D14F30508E4010608EC010608E3
:1049300046000000CDCCCC3D14F30508F801060874
:1049400000020608490000000000803F14F305083B
:104950000C020608C8E9050846000000CDCCCC3D95
:1049600014F30508140206081C020608490000009A
:104970000000803F14F305082802060830020608EC
:10498000420000000000803F14F305083C020608C6
:1049900058FF0508420000000000803F14F305089E
:1049A000440206086CFF0508420000000000803F3A
:1049B00014F305084C02060834FF050849000000FE
:1049C0000000803F14F30508540206085C02060844
:1049D00046000000CDCCCC3D14F305086802060863
:1049E0007002060846000000CDCCCC3D14F305084B
:1049F0007C020608D4E9050846000000CDCCCC3D79
:104A000014F30508840206088C0206084200000020
:104A10000000803F14F3050898020608A00206086B
:104A200046000000CDCCCC3D14F30508B0020608CA
:104A3000B802060846000000CDCCCC3D14F30508B2
:104A4000C4020608CC02060846000000CDCCCC3DCE
:104A500014F30508D4020608DC0206084900000029
:104A60000000803F14F30508E8020608F00206087B
:104A7000420000000000803F14F30508FC02060815
:104A80000403060846000000CDCCCC3D14F3050815
:104A9000100306081803060846000000CDCCCC3DE4
:104AA00014F30508240306082C0306084900000037
:104AB0000000803F14F30508380306084003060889
:104AC000490000000000803F14F305084C0306086D
:104AD00054030608490000000000803F14F3050855
:104AE0006003060868030608490000000000803FD4
:104AF00014F3050874030608BCE905084600000025
:104B0000CDCCCC3D14F305087C03060884030608CD
:104B1000490000000000803F14F305088C030608DC
:104B20009403060846000000CDCCCC3D14F30508E4
:104B30009C030608A4030608420000000000803F12
:104B400014F30508B0030608B80306084600000081
:104B5000CDCCCC3D14F30508C4030608CC030608ED
:104B600046000000CDCCCC3D14F30508D803060860
:104B7000E003060846000000CDCCCC3D14F3050848
:104B8000EC03060880FF0508420000000000803F9B
:104B900014F30508F403060894FF0508420000001A
:104BA0000000803F14F30508FC030608A8FF050871
:104BB000420000000000803F14F3050804040608CA
:104BC000BCFF0508420000000000803F14F3050808
:104BD0000C04060814040608420000000000803F90
:104BE00014F30508200406082804060846000000FF
:104BF000CDCCCC3D14F30508300406083804060873
:104C000046000000CDCCCC3D14F305084404060852
:104C1000E8FF0508420000000000803F14F305088B
:104C20004C040608FCFF0508420000000000803F1D
:104C300014F30508540406085C040608420000004A
:104C40000000803F14F305086804060824000608E5
:104C5000420000000000803F14F3050870040608BD
:104C600078040608490000000000803F14F305089E
:104C7000840406088C040608490000000000803FF8
:104C800014F3050898040608A00406084200000072
:104C90000000803F14F30508AC040608BCE90508D1
:104CA00046000000CDCCCC3D14F30508B404060842
:104CB000C8E9050846000000CDCCCC3D14F305083A
:104CC000BC040608C404060846000000CDCCCC3D58
:104CD00014F30508D0040608D804060849000000AB
:104CE0000000803F14F30508E0040608E804060805
:104CF00046000000CDCCCC3D14F30508F4040608B2
:104D0000FC04060846000000CDCCCC3D14F3050899
:104D10000C0506081405060846000000CDCCCC3D65
:104D200014F30508240506082005060846000000BF
:104D30000000803F14F305082C050608340506081A
:104D400046000000CDCCCC3D14F305084005060814
:104D50004805060846000000CDCCCC3D14F30508FC
:104D6000540506085C050608490000000000803F65
:104D700014F30508680506087005060849000000D8
:104D80000000803F14F305087C050608840506082A
:104D9000420000000000803F14F30508900506085B
:104DA0009805060846000000CDCCCC3D14F305085C
:104DB000A4050608AC05060846000000CDCCCC3D95
:104DC00014F30508B805060838000608420000007C
:104DD0000000803F14F30508C0050608C805060852
:104DE000490000000000803F14F30508D4050608C0
:104DF00048000608420000000000803F14F3050848
:104E0000DC050608E4050608490000000000803FB4
:104E100014F30508F0050608F8050608420000002E
:104E20000000803F14F30508040606086C0006081D
:104E3000490000000000803F14F305080C06060836
:104E40001406060846000000CDCCCC3D14F305083E
:104E5000200606082806060846000000CDCCCC3DFA
:104E600014F30508340606083C060608490000004D
:104E70000000803F14F3050848060608B001060844
:104E8000420000000000803F14F3050850060608A9
:104E9000C0010608420000000000803F14F305082E
:104EA000580606086006060846000000CDCCCC3D3A
:104EB00014F3050868060608700606084600000098
:104EC000CDCCCC3D14F3050878060608800606080C
:104ED000490000000000803F14F30508602E06081A
:104EE0008C06060846000000CDCCCC3D14F3050826
:104EF0001C12060894060608420000000000803FCD
:104F000014F30508A0060608A806060849000000D4
:104F10000000803F14F30508B0060608B80606082E
:104F200046000000CDCCCC3D14F30508C0060608B1
:104F3000C8060608420000000000803F14F3050880
:104F4000D4060608DC060608490000000000803F81
:104F500014F30508E8060608F006060846000000F7
:104F6000CDCCCC3D14F30508FC0606080407060862
:104F700046000000CDCCCC3D14F30508140706080C
:104F80001C07060846000000CDCCCC3D14F30508F4
:104F9000240706082C07060846000000CDCCCC3DAF
:104FA00014F30508340706083C070608490000000A
:104FB0000000803F14F30508440706084C07060864
:104FC00046000000CDCCCC3D14F30508540706087C
:104FD0005C07060846000000CDCCCC3D14F3050864
:104FE000640706086C070608490000000000803FBF
:104FF00014F30508D81A06087407060849000000CB
:105000000000803F14F3050880070608880706089B
:10501000490000000000803F14F3050890070608CF
:1050200098070608420000000000803F14F30508BE
:10503000A4070608AC07060846000000CDCCCC3D0E
:1050400014F305081C1B0608B807060846000000F4
:10505000CDCCCC3D14F30508C4070608CC070608E0
:1050600046000000CDCCCC3D14F30508D807060857
:10507000E007060846000000CDCCCC3D14F305083F
:10508000EC070608F4070608490000000000803F0E
:1050900014F3050800080608080806084600000082
:1050A000CDCCCC3D14F30508140806081C080608EE
:1050B00046000000CDCCCC3D14F3050828080608B6
:1050C00030080608490000000000803F14F305087E
:1050D0003C08060844080608490000000000803F1C
:1050E00014F30508540806085C0806084900000087
:1050F0000000803F14F305086808060870080608D9
:1051000046000000CDCCCC3D14F305087C08060811
:1051100084080608490000000000803F14F30508D9
:105120009008060898080608490000000000803F23
:1051300014F30508A4080608AC0806084900000096
:105140000000803F14F30508B8080608C0080608E8
:10515000490000000000803F14F30508CC08060851
:10516000D408060846000000CDCCCC3D14F3050859
:10517000E0080608E808060846000000CDCCCC3D53
:1051800014F30508F4080608FC08060846000000A9
:10519000CDCCCC3D14F30508080906081009060813
:1051A00046000000CDCCCC3D14F305081C090608D0
:1051B0002409060846000000CDCCCC3D14F30508B8
:1051C000300906083809060846000000CDCCCC3D61
:1051D00014F30508440906084C09060846000000B7
:1051E000CDCCCC3D14F30508580906086009060823
:1051F00046000000CDCCCC3D14F305086C09060830
:1052000074090608490000000000803F14F30508F7
:105210008009060888090608490000000000803F50
:1052200014F30508940906089C09060849000000C3
:105230000000803F14F30508A8090608B009060815
:10524000490000000000803F14F30508BC0906086F
:10525000C4090608490000000000803F14F3050857
:10526000D0090608D8090608490000000000803F60
:1052700014F30508E4090608EC09060842000000DA
:105280000000803F14F30508F8090608000A060824
:10529000420000000000803F14F305080C0A0608D5
:1052A000140A0608420000000000803F14F30508BD
:1052B000200A0608280A0608420000000000803F75
:1052C00014F30508300A0608380A060842000000F0
:1052D0000000803F14F30508400A0608480A060843
:1052E000420000000000803F14F30508500A060841
:1052F000580A0608420000000000803F14F3050829
:10530000600A0608680A0608420000000000803FA4
:1053100014F30508700A0608780A0608420000001F
:105320000000803F14F30508800A0608880A060872
:10533000420000000000803F14F30508940A0608AC
:105340009C0A0608420000000000803F14F3050894
:10535000A80A0608B00A0608420000000000803FC4
:1053600014F30508BC0A0608C40A06084200000037
:105370000000803F14F30508D00A0608D80A060882
:10538000420000000000803F14F30508E40A06080C
:10539000EC0A0608420000000000803F14F30508F4
:1053A000F80A0608000B0608420000000000803FD3
:1053B00014F305080C0B0608140B06084200000045
:1053C0000000803F14F30508200B0608280B060890
:1053D000420000000000803F14F30508340B06086B
:1053E0003C0B0608420000000000803F14F3050853
:1053F000480B0608500B0608420000000000803FE2
:1054000014F305085C0B0608640B06084200000054
:105410000000803F14F30508700B0608780B06089F
:10542000420000000000803F14F30508A82D060884
:1054300010FC0508420000000000803F14F305083E
:10544000840B06088C0B0608420000000000803F19
:1054500014F30508980B0608A00B0608420000008C
:105460000000803F14F30508AC0B0608B40B0608D7
:10547000420000000000803F14F30508C00B06083E
:10548000C80B0608420000000000803F14F3050826
:10549000D40B06083C0B0608420000000000803FC9
:1054A00014F30508DC0B0608E40B060842000000B4
:1054B0000000803F14F30508F00B0608F80B0608FF
:1054C000420000000000803F14F30508040C0608A9
:1054D0000C0C0608420000000000803F14F3050891
:1054E000140C06081C0C0608420000000000803F57
:1054F00014F30508280C06081CF7050842000000F4
:105500000000803F14F30508300C0608380C06082C
:10551000420000000000803F14F30508440C060818
:105520004C0C0608420000000000803F14F3050800
:10553000580C0608600C0608420000000000803F7E
:1055400098EE0508E8F40508C8E9050846000000DB
:10555000CDCCCC3D98EE0508F0F405088CED05089F
:1055600046000000CDCCCC3D98EE0508F8F40508C7
:1055700000F5050846000000CDCCCC3D98EE0508AE
:105580000CF5050814F5050846000000CDCCCC3D0F
:1055900098EE050820F5050828F5050846000000E6
:1055A000CDCCCC3D98EE050834F505083CF5050852
:1055B000490000000000803F98EE050848F5050806
:1055C00050F5050846000000CDCCCC3D98EE05080E
:1055D0005CF5050864F5050846000000CDCCCC3D1F
:1055E00098EE05086C0C0608740C060846000000CE
:1055F000CDCCCC3D98EE050870F5050878F505088A
:10560000490000000000803F98EE050884F5050879
:105610008CF50508490000000000803F98EE050861
:1056200098F50508A0F50508490000000000803F36
:1056300098EE0508B0F50508B8F505084900000022
:105640000000803F98EE0508C0F50508C8F505087C
:10565000490000000000803F98EE0508D4F50508D9
:10566000DCF5050846000000CDCCCC3D98EE0508E1
:10567000E8F50508F0F50508420000000000803F4D
:1056800098EE0508800C0608880C06084600000005
:10569000CDCCCC3D98EE050800F6050808F60508C7
:1056A00046000000CDCCCC3D98EE050810F605086C
:1056B00018F6050846000000CDCCCC3D98EE050854
:1056C00024F605082CF6050846000000CDCCCC3D9C
:1056D00098EE050838F6050840F605084900000070
:1056E0000000803F98EE05084CF6050854F60508C2
:1056F00046000000CDCCCC3D98EE05085CF60508D0
:1057000064F60508490000000000803F98EE050897
:10571000940C06089C0C060846000000CDCCCC3D3D
:1057200098EE050874F605087CF6050846000000AA
:10573000CDCCCC3D98EE050888F6050890F6050816
:10574000490000000000803F98EE05089CF605081F
:10575000A4F60508490000000000803F98EE050807
:10576000B0F60508B8F60508490000000000803FC3
:1057700098EE0508C4F60508CCF6050849000000B7
:105780000000803F98EE0508A40C0608AC0C060843
:10579000420000000000803F98EE0508D8F605089A
:1057A000E0F60508490000000000803F98EE05087B
:1057B000ECF60508F4F6050846000000CDCCCC3D1B
:1057C00098EE050800F7050808F7050849000000ED
:1057D0000000803F98EE050814F705081CF705083F
:1057E000490000000000803F98EE050828F70508F2
:1057F00030F70508490000000000803F98EE0508DA
:105800003CF7050844F70508490000000000803F08
:1058100098EE050850F7050858F7050846000000FF
:10582000CDCCCC3D98EE050868F7050870F7050863
:10583000490000000000803F98EE05087CF705084D
:1058400084F70508490000000000803F98EE050835
:1058500094F705089CF70508490000000000803F08
:1058600098EE0508A8F70508B0F7050846000000FF
:10587000CDCCCC3D98EE0508B8F70508C0F7050873
:10588000420000000000803F98EE0508CCF70508B4
:10589000D4F70508490000000000803F98EE050895
:1058A000E0F70508E8F70508490000000000803F20
:1058B00098EE0508F4F70508FCF705084900000014
:1058C0000000803F98EE050808F8050810F8050864
:1058D000490000000000803F98EE050818F8050810
:1058E00020F80508420000000000803F98EE0508FF
:1058F0002CF8050834F8050846000000CDCCCC3D56
:1059000098EE050840F8050848F805084200000030
:105910000000803F98EE050858F8050860F8050873
:10592000490000000000803F98EE050870F8050867
:1059300078F8050846000000CDCCCC3D98EE05086F
:10594000B80C0608C00C0608490000000000803FA3
:1059500098EE050888F8050890F805084200000050
:105960000000803F98EE05089CF80508A4F805089B
:10597000420000000000803F98EE0508B0F80508DE
:10598000B8F80508490000000000803F98EE0508BF
:10599000CC0C0608D40C060846000000CDCCCC3D4B
:1059A00098EE0508E40C0608EC0C06084900000017
:1059B0000000803F98EE0508C4F80508CCF80508FB
:1059C000490000000000803F98EE0508D8F805085F
:1059D000E0F8050846000000CDCCCC3D98EE050867
:1059E000ECF80508F4F80508420000000000803FCC
:1059F00098EE0508FCF8050804F9050846000000C3
:105A0000CDCCCC3D98EE050810F90508F80C060839
:105A1000420000000000803F98EE050820F90508CC
:105A200028F9050846000000CDCCCC3D98EE0508CD
:105A3000040D06080C0D0608420000000000803F1F
:105A400098EE050830F9050838F90508420000000D
:105A50000000803F98EE050844F905084CF9050858
:105A6000490000000000803F98EE050854F9050841
:105A70005CF90508490000000000803F98EE050829
:105A800064F905086CF90508490000000000803F32
:105A900098EE050874F905087CF90508490000002E
:105AA0000000803F98EE050884F905088CF9050888
:105AB000490000000000803F98EE050894F90508B1
:105AC0009CF90508490000000000803F98EE050899
:105AD000A4F90508ACF90508490000000000803F62
:105AE00098EE0508B4F90508BCF90508490000005E
:105AF0000000803F98EE0508C4F90508CCF90508B8
:105B0000490000000000803F98EE0508D4F9050820
:105B1000DCF90508490000000000803F98EE050808
:105B2000E4F90508ECF90508490000000000803F91
:105B300098EE0508F4F90508FCF90508490000008D
:105B40000000803F98EE050804FA05080CFA0508E5
:105B5000420000000000803F98EE050818FA050892
:105B600020FA0508420000000000803F98EE05087A
:105B70002CFA050834FA0508420000000000803FB6
:105B800098EE050840FA050848FA050842000000AA
:105B90000000803F98EE050854FA05085CFA0508F5
:105BA000420000000000803F98EE050868FA0508F2
:105BB00070FA0508420000000000803F98EE0508DA
:105BC0007CFA050884FA0508420000000000803FC6
:105BD00098EE050890FA050898FA050846000000B6
:105BE000CDCCCC3D98EE0508A4FA0508ACFA050822
:105BF000490000000000803F98EE0508BCFA050847
:105C0000C4FA0508490000000000803F98EE05082E
:105C1000D0FA0508D8FA0508490000000000803FC6
:105C200098EE0508E0FA0508E8FA050849000000C2
:105C30000000803F98EE0508F4FA0508FCFA050814
:105C4000490000000000803F98EE050808FB0508A9
:105C500010FB0508420000000000803F98EE050898
:105C60001CFB0508B0E90508490000000000803F62
:105C700098EE050824FB05082CFB050849000000E8
:105C80000000803F98EE050834FB05083CFB050842
:105C9000490000000000803F98EE05084CFB050815
:105CA00054FB0508490000000000803F98EE0508FD
:105CB00060FB050868FB0508490000000000803F04
:105CC00098EE050870FB050878FB05084200000007
:105CD0000000803F98EE050888FB050890FB05084A
:105CE00046000000CDCCCC3D98EE0508A0FB050891
:105CF000A8FB050846000000CDCCCC3D98EE050879
:105D0000B8FB0508C0FB050846000000CDCCCC3D23
:105D100098EE0508CCFB0508D4FB050846000000FA
:105D2000CDCCCC3D98EE0508E0FB0508E8FB050866
:105D3000420000000000803F98EE0508F4FB0508D3
:105D4000FCFB0508490000000000803F98EE0508B4
:105D500008FC050810FC0508490000000000803F11
:105D600098EE05081CFC050824FC05084900000005
:105D70000000803F98EE050830FC050838FC050857
:105D8000420000000000803F98EE050844FC050832
:105D90004CFC0508490000000000803F98EE050813
:105DA00058FC050860FC0508490000000000803F21
:105DB00098EE05086CFC050874FC05084900000015
:105DC0000000803F98EE050880FC050888FC050867
:105DD000490000000000803F98EE050894FC05088B
:105DE0009CFC0508490000000000803F98EE050873
:105DF000A8FC0508B0FC0508490000000000803F31
:105E000098EE0508BCFC0508C4FC05084900000024
:105E10000000803F98EE0508D0FC0508D8FC050876
:105E200046000000CDCCCC3D98EE0508E4FC05080A
:105E3000ECFC050846000000CDCCCC3D98EE0508F2
:105E4000F8FC050800FD0508490000000000803F3F
:105E500098EE05080CFD050814FD05084900000032
:105E60000000803F98EE050824FD05082CFD05087C
:105E7000490000000000803F98EE05083CFD050841
:105E800038FD0508460000000000803F98EE050838
:105E900044FD05084CFD050846000000CDCCCC3D76
:105EA00098EE050858FD050860FD0508490000004A
:105EB0000000803F98EE05086CFD050874FD05089C
:105EC000490000000000803F98EE050880FD0508AD
:105ED00088FD0508490000000000803F98EE050895
:105EE00094FD05089CFD0508490000000000803F66
:105EF00098EE0508ACFD0508B4FD05084900000052
:105F00000000803F98EE0508C4FD0508CCFD05089B
:105F1000490000000000803F98EE0508DCFD050800
:105F2000E4FD0508490000000000803F98EE0508E8
:105F3000F0FD0508F8FD0508490000000000803F5D
:105F400098EE050804FE05080CFE0508490000004F
:105F50000000803F98EE050818FE050820FE0508A1
:105F6000490000000000803F98EE05082CFE05085F
:105F700034FE0508490000000000803F98EE050847
:105F800040FE050848FE0508490000000000803F6B
:105F900098EE050854FE05085CFE0508490000005F
:105FA0000000803F98EE050868FE050870FE0508B1
:105FB000490000000000803F98EE05087CFE0508BF
:105FC00084FE0508490000000000803F98EE0508A7
:105FD00090FE050898FE0508490000000000803F7B
:105FE00098EE0508A4FE0508ACFE0508490000006F
:105FF0000000803F98EE0508B4FE0508BCFE0508C9
:10600000490000000000803F98EE0508C8FE050822
:10601000D0FE0508490000000000803F98EE05080A
:10602000DCFE0508E4FE0508490000000000803F92
:1060300098EE0508F0FE0508F8FE0508420000008D
:106040000000803F98EE050804FF05080CFF0508D6
:10605000490000000000803F98EE050818FF050881
:1060600020FF0508490000000000803F98EE050869
:106070002CFF050834FF0508490000000000803FA0
:1060800098EE05083CFF050844FF050842000000A3
:106090000000803F98EE050850FF050858FF0508EE
:1060A000420000000000803F98EE050864FF0508EC
:1060B0006CFF0508420000000000803F98EE0508D4
:1060C00078FF050880FF0508420000000000803FBF
:1060D00098EE05088CFF050894FF050842000000B3
:1060E0000000803F98EE0508A0FF0508A8FF0508FE
:1060F000420000000000803F98EE0508B4FF05084C
:10610000BCFF0508420000000000803F98EE050833
:10611000CCFF0508D4FF0508420000000000803FC6
:1061200098EE0508E0FF0508E8FF050842000000BA
:106130000000803F98EE0508F4FF0508FCFF050805
:10614000420000000000803F98EE050808000608A5
:1061500010000608420000000000803F98EE05088D
:106160001C00060824000608420000000000803FD2
:1061700098EE0508300006083800060842000000C6
:106180000000803F98EE0508400006084800060819
:10619000420000000000803F98EE05085400060809
:1061A0005C000608420000000000803F98EE0508F1
:1061B000640006086C000608490000000000803FEB
:1061C00098EE0508780006088000060849000000DF
:1061D0000000803F98EE05088C0006089400060831
:1061E000490000000000803F98EE0508A000060866
:1061F000A8000608490000000000803F98EE05084E
:10620000B4000608BC000608490000000000803FFA
:1062100098EE0508C8000608D000060849000000EE
:106220000000803F98EE0508DC000608E400060840
:10623000490000000000803F98EE0508F0000608C5
:10624000F8000608490000000000803F98EE0508AD
:10625000040106080C010608490000000000803F08
:1062600098EE0508180106082001060849000000FC
:106270000000803F98EE05082C010608340106084E
:10628000490000000000803F98EE05084001060824
:1062900048010608420000000000803F98EE050813
:1062A000540106085C010608490000000000803F18
:1062B00098EE050868010608700106084200000013
:1062C0000000803F98EE05087C010608840106085E
:1062D000420000000000803F98EE05089401060887
:1062E0009C010608490000000000803F98EE050868
:1062F000A8010608B0010608420000000000803F27
:1063000098EE0508B8010608C00106084200000022
:106310000000803F98EE0508D0010608D801060865
:1063200046000000CDCCCC3D98EE0508E4010608FF
:10633000EC01060846000000CDCCCC3D98EE0508E7
:10634000F801060800020608490000000000803F2E
:1063500098EE0508180D0608200D060846000000F6
:10636000CDCCCC3D98EE0508280D0608300D06086A
:10637000490000000000803F98EE0508380D06082F
:10638000400D060846000000CDCCCC3D98EE050837
:10639000480D0608500D060846000000CDCCCC3D47
:1063A00098EE0508580D0608600D06084900000023
:1063B0000000803F98EE0508680D0608700D06087D
:1063C00046000000CDCCCC3D98EE0508780D0608BF
:1063D000800D060846000000CDCCCC3D98EE0508A7
:1063E000880D0608900D0608490000000000803F57
:1063F00098EE0508980D0608A00D06084600000056
:10640000CDCCCC3D98EE0508A80D0608B00D0608C9
:10641000490000000000803F98EE0508BC0D06080A
:10642000C40D0608490000000000803F98EE0508F2
:10643000D00D0608D80D0608490000000000803F76
:1064400098EE05080C020608C8E905084600000099
:10645000CDCCCC3D98EE0508140206081C020608B7
:10646000490000000000803F98EE05082802060859
:1064700030020608420000000000803F98EE050848
:106480003C02060858FF0508420000000000803F5B
:1064900098EE0508440206086CFF0508420000005B
:1064A0000000803F98EE05084C02060834FF0508FE
:1064B000490000000000803F98EE050854020608DD
:1064C0005C02060846000000CDCCCC3D98EE0508E5
:1064D000680206087002060846000000CDCCCC3DDC
:1064E00098EE05087C020608D4E90508460000007D
:1064F000CDCCCC3D98EE0508840206088C02060837
:10650000420000000000803F98EE0508980206084F
:10651000A002060846000000CDCCCC3D98EE050850
:10652000B0020608B802060846000000CDCCCC3DFB
:1065300098EE0508C4020608CC02060846000000D2
:10654000CDCCCC3D98EE0508D4020608DC02060846
:10655000490000000000803F98EE0508E8020608A8
:10656000F0020608420000000000803F98EE050897
:10657000FC0206080403060846000000CDCCCC3D12
:1065800098EE0508100306081803060846000000E8
:10659000CDCCCC3D98EE0508240306082C03060854
:1065A000490000000000803F98EE05083803060807
:1065B00040030608490000000000803F98EE0508EF
:1065C0004C03060854030608490000000000803F01
:1065D00098EE0508600306086803060849000000F5
:1065E0000000803F98EE050874030608BCE9050822
:1065F00046000000CDCCCC3D98EE05087C03060893
:1066000084030608490000000000803F98EE05085A
:106610008C0306089403060846000000CDCCCC3D50
:1066200098EE05089C030608A40306084200000033
:106630000000803F98EE0508B0030608B80306087E
:1066400046000000CDCCCC3D98EE0508C4030608FA
:10665000CC03060846000000CDCCCC3D98EE0508E2
:10666000D8030608E003060846000000CDCCCC3D68
:1066700098EE0508EC03060880FF050842000000BC
:106680000000803F98EE0508F403060894FF050813
:10669000420000000000803F98EE0508FC03060859
:1066A000A8FF0508420000000000803F98EE0508A2
:1066B00004040608BCFF0508420000000000803FFB
:1066C00098EE05080C0406081404060842000000B1
:1066D0000000803F98EE05082004060828040608FC
:1066E00046000000CDCCCC3D98EE050830040608ED
:1066F0003804060846000000CDCCCC3D98EE0508D5
:1067000044040608E8FF0508420000000000803F3E
:1067100098EE05084C040608FCFF0508420000003E
:106720000000803F98EE0508540406085C04060843
:10673000420000000000803F98EE0508680406084B
:1067400024000608420000000000803F98EE050883
:106750007004060878040608490000000000803F25
:1067600098EE0508840406088C0406084900000019
:106770000000803F98EE050898040608A00406086B
:10678000420000000000803F98EE0508AC040608B7
:10679000BCE9050846000000CDCCCC3D98EE0508CC
:1067A000B4040608C8E9050846000000CDCCCC3D7D
:1067B00098EE0508BC040608C4040608460000005C
:1067C000CDCCCC3D98EE0508D0040608D8040608C8
:1067D000490000000000803F98EE0508E00406082C
:1067E000E804060846000000CDCCCC3D98EE050834
:1067F000F4040608FC04060846000000CDCCCC3D9D
:1068000098EE05080C050608140506084600000069
:10681000CDCCCC3D98EE05082405060820050608D9
:10682000460000000000803F98EE05082C05060891
:106830003405060846000000CDCCCC3D98EE050896
:10684000400506084805060846000000CDCCCC3DB2
:1068500098EE0508E40D0608EC0D06084900000056
:106860000000803F98EE0508540506085C05060800
:10687000490000000000803F98EE05086805060802
:1068800070050608490000000000803F98EE0508EA
:106890007C05060884050608420000000000803FD1
:1068A00098EE0508900506089805060846000000C1
:1068B000CDCCCC3D98EE0508A4050608AC0506082D
:1068C00046000000CDCCCC3D98EE0508B805060882
:1068D00038000608420000000000803F98EE0508DE
:1068E000C0050608C8050608490000000000803FF2
:1068F00098EE0508D4050608480006084200000086
:106900000000803F98EE0508DC050608E40506084F
:10691000490000000000803F98EE0508F0050608D9
:10692000F8050608420000000000803F98EE0508C8
:10693000040606086C000608490000000000803FBD
:1069400098EE05080C060608140606084600000026
:10695000CDCCCC3D98EE0508200606082806060892
:1069600046000000CDCCCC3D98EE05083406060864
:10697000F40D0608490000000000803F98EE05086D
:10698000000E0608080E060846000000CDCCCC3DDF
:1069900098EE0508140E06081C0E060846000000B6
:1069A000CDCCCC3D98EE050848060608B001060897
:1069B000420000000000803F98EE050850060608DF
:1069C000C0010608420000000000803F98EE050864
:1069D000580606086006060846000000CDCCCC3DEF
:1069E00098EE0508680606087006060846000000CE
:1069F000CDCCCC3D98EE0508780606088006060842
:106A0000490000000000803F98EE0508602E06084F
:106A10008C06060846000000CDCCCC3D98EE05085B
:106A20001C12060894060608420000000000803F81
:106A300098EE0508A0060608A8060608490000000A
:106A40000000803F98EE0508B0060608B806060864
:106A500046000000CDCCCC3D98EE0508C0060608E7
:106A6000C8060608420000000000803F98EE0508B6
:106A7000D4060608DC060608490000000000803F36
:106A800098EE0508E8060608F0060608460000002D
:106A9000CDCCCC3D98EE0508280E0608300E060831
:106AA00046000000CDCCCC3D98EE0508FC0606085B
:106AB0000407060846000000CDCCCC3D98EE050842
:106AC000140706081C07060846000000CDCCCC3D84
:106AD00098EE0508240706082C0706084600000063
:106AE000CDCCCC3D98EE0508340706083C070608D7
:106AF000490000000000803F98EE05083C0E0608A3
:106B0000440E060846000000CDCCCC3D98EE0508AA
:106B10004C0E0608540E060846000000CDCCCC3DB5
:106B200098EE0508440706084C07060846000000D2
:106B3000CDCCCC3D98EE0508540706085C07060846
:106B400046000000CDCCCC3D98EE05086407060851
:106B50006C070608490000000000803F98EE050819
:106B60005C0E0608640E060846000000CDCCCC3D45
:106B700098EE0508D81A06087407060849000000B0
:106B80000000803F98EE0508800706088807060881
:106B9000490000000000803F98EE050890070608B5
:106BA00098070608420000000000803F98EE0508A4
:106BB000A4070608AC07060846000000CDCCCC3D73
:106BC00098EE05081C1B0608B807060846000000DA
:106BD000CDCCCC3D98EE0508C4070608CC070608C6
:106BE00046000000CDCCCC3D98EE0508D80706083D
:106BF000E007060846000000CDCCCC3D98EE050825
:106C0000EC070608F4070608490000000000803F72
:106C100098EE0508700E0608780E06084900000078
:106C20000000803F98EE0508840E06088C0E0608CA
:106C3000490000000000803F98EE0508980E060805
:106C4000A00E060846000000CDCCCC3D98EE05080D
:106C5000B00E0608B80E060846000000CDCCCC3DAC
:106C600098EE050800080608080806084600000017
:106C7000CDCCCC3D98EE0508140806081C08060883
:106C800046000000CDCCCC3D98EE0508280806084B
:106C900030080608490000000000803F98EE050813
:106CA0003C08060844080608490000000000803F30
:106CB00098EE0508540806085C080608490000001C
:106CC0000000803F98EE050868080608700806086E
:106CD00046000000CDCCCC3D98EE05087C080608A7
:106CE00084080608490000000000803F98EE05086F
:106CF000C80E0608C40E0608460000000000803FCB
:106D000098EE050890080608980806084900000053
:106D10000000803F98EE0508A4080608AC080608A5
:106D2000490000000000803F98EE0508B8080608FA
:106D3000C0080608490000000000803F98EE0508E2
:106D4000CC080608D408060846000000CDCCCC3D8F
:106D500098EE0508E0080608E80806084600000066
:106D6000CDCCCC3D98EE0508F4080608FC080608D2
:106D700046000000CDCCCC3D98EE05080809060879
:106D80001009060846000000CDCCCC3D98EE050861
:106D90001C0906082409060846000000CDCCCC3D9D
:106DA00098EE050830090608380906084600000074
:106DB000CDCCCC3D98EE0508440906084C090608E0
:106DC00046000000CDCCCC3D98EE050858090608D9
:106DD0006009060846000000CDCCCC3D98EE0508C1
:106DE0006C09060874090608490000000000803F8D
:106DF00098EE050880090608880906084900000081
:106E00000000803F98EE0508940906089C090608D2
:106E1000490000000000803F98EE0508A809060818
:106E2000B0090608490000000000803F98EE050800
:106E3000BC090608C4090608490000000000803F9C
:106E400098EE0508D0090608D80906084900000090
:106E50000000803F98EE0508E4090608EC090608E2
:106E6000420000000000803F98EE0508F80906087F
:106E7000000A0608420000000000803F98EE050866
:106E80000C0A0608140A0608420000000000803FB1
:106E900098EE0508200A0608280A060842000000A5
:106EA0000000803F98EE0508300A0608380A0608F8
:106EB000420000000000803F98EE0508400A0608E6
:106EC000480A0608420000000000803F98EE0508CE
:106ED000500A0608580A0608420000000000803FD9
:106EE00098EE0508600A0608680A060842000000D5
:106EF0000000803F98EE0508700A0608780A060828
:106F0000420000000000803F98EE0508800A060855
:106F1000880A0608420000000000803F98EE05083D
:106F2000940A06089C0A0608420000000000803F00
:106F300098EE0508A80A0608B00A060842000000F4
:106F40000000803F98EE0508BC0A0608C40A06083F
:106F5000420000000000803F98EE0508D00A0608B5
:106F6000D80A0608420000000000803F98EE05089D
:106F7000E40A0608EC0A0608420000000000803F10
:106F800098EE0508F80A0608000B06084200000003
:106F90000000803F98EE05080C0B0608140B06084D
:106FA000420000000000803F98EE0508200B060814
:106FB000280B0608420000000000803F98EE0508FC
:106FC000340B06083C0B0608420000000000803F1E
:106FD00098EE0508480B0608500B06084200000012
:106FE0000000803F98EE05085C0B0608640B06085D
:106FF000420000000000803F98EE0508700B060874
:10700000780B0608420000000000803F98EE05085B
:10701000A82D060810FC0508420000000000803F73
:1070200098EE0508840B06088C0B06084200000049
:107030000000803F98EE0508980B0608A00B060894
:10704000420000000000803F98EE0508AC0B0608E7
:10705000B40B0608420000000000803F98EE0508CF
:10706000C00B0608C80B0608420000000000803F65
:1070700098EE0508D40B06083C0B060842000000F9
:107080000000803F98EE0508DC0B0608E40B0608BC
:10709000420000000000803F98EE0508F00B060853
:1070A000F80B0608420000000000803F98EE05083B
:1070B000040C06080C0C0608420000000000803F8B
:1070C00098EE0508140C06081C0C06084200000087
:1070D0000000803F98EE0508280C06081CF70508FC
:1070E000420000000000803F98EE0508300C0608C2
:1070F000380C0608420000000000803F98EE0508AA
:10710000440C06084C0C0608420000000000803FBA
:1071100098EE0508580C0608600C060842000000AE
:107120000000803F40EE0508E8F40508C8E90508BE
:1071300046000000CDCCCC3D40EE0508F0F405083B
:107140008CED050846000000CDCCCC3D40EE050896
:10715000F8F4050800F5050846000000CDCCCC3D4C
:1071600040EE05080CF5050814F50508460000007A
:10717000CDCCCC3D40EE050820F5050828F50508E6
:1071800046000000CDCCCC3D40EE050834F50508A6
:107190003CF50508490000000000803F40EE05086E
:1071A00048F5050850F5050846000000CDCCCC3D5B
:1071B00040EE05085CF5050864F50508460000008A
:1071C000CDCCCC3D40EE050870F5050878F50508F6
:1071D000490000000000803F40EE050884F50508E6
:1071E0008CF50508490000000000803F40EE0508CE
:1071F00098F50508A0F50508490000000000803F4B
:1072000040EE0508B0F50508B8F50508490000008E
:107210000000803F40EE0508C0F50508C8F50508E8
:10722000490000000000803F40EE0508D4F5050845
:10723000DCF5050846000000CDCCCC3D40EE05084D
:10724000E8F50508F0F50508420000000000803F61
:1072500040EE050800F6050808F60508460000009F
:10726000CDCCCC3D40EE050824F605082CF60508EB
:1072700046000000CDCCCC3D40EE050888F6050860
:1072800090F60508490000000000803F40EE050828
:107290009CF60508A4F60508490000000000803FA0
:1072A00040EE0508D8F60508E0F60508490000009C
:1072B0000000803F40EE0508ECF60508F4F60508EE
:1072C00046000000CDCCCC3D40EE050800F7050897
:1072D00008F70508490000000000803F40EE05085F
:1072E00014F705081CF70508490000000000803F5E
:1072F00040EE050828F7050830F7050849000000AA
:107300000000803F40EE05083CF7050844F70508FB
:10731000490000000000803F40EE050850F70508D6
:1073200058F7050846000000CDCCCC3D40EE0508DE
:1073300068F7050870F70508490000000000803F65
:1073400040EE05087CF7050884F7050849000000B1
:107350000000803F40EE050894F705089CF70508FB
:10736000490000000000803F40EE0508A8F705082E
:10737000B0F7050846000000CDCCCC3D40EE050836
:10738000B8F70508C0F70508420000000000803F7C
:1073900040EE0508CCF70508D4F7050849000000C1
:1073A0000000803F40EE0508F4F70508D00E0608FF
:1073B000490000000000803F40EE050808F805087D
:1073C00010F80508490000000000803F40EE050865
:1073D000DC0E0608E40E0608420000000000803FB4
:1073E00040EE050818F8050820F8050842000000DE
:1073F0000000803F40EE050840F8050848F8050801
:10740000420000000000803F40EE050888F80508B3
:10741000EC0E0608460000000000803F40EE050824
:107420009CF80508A4F80508490000000000803F0A
:1074300040EE050844F905084CF90508490000002C
:107440000000803F40EE050854F905085CF9050886
:10745000490000000000803F40EE050864F905087F
:107460006CF90508490000000000803F40EE050867
:1074700074F905087CF90508490000000000803F08
:1074800040EE050884F905088CF90508490000005C
:107490000000803F40EE050894F905089CF90508B6
:1074A000490000000000803F40EE0508A4F90508EF
:1074B000ACF90508490000000000803F40EE0508D7
:1074C000B4F90508BCF90508490000000000803F38
:1074D00040EE0508C4F90508CCF90508490000008C
:1074E0000000803F40EE0508D4F90508DCF90508E6
:1074F000490000000000803F40EE0508E4F905085F
:10750000ECF90508490000000000803F40EE050846
:10751000F4F90508FCF90508490000000000803F67
:1075200040EE050890FA050898FA050846000000A4
:10753000CDCCCC3D40EE0508A4FA0508ACFA050810
:10754000490000000000803F40EE0508BCFA050835
:10755000C4FA0508490000000000803F40EE05081D
:10756000D0FA0508D8FA0508490000000000803F5D
:1075700040EE0508E0FA0508E8FA050849000000B1
:107580000000803F40EE0508F4FA0508FCFA050803
:10759000490000000000803F40EE050808FB050898
:1075A00010FB0508420000000000803F40EE050887
:1075B000F80E0608000F0608490000000000803F92
:1075C00040EE05081CFB0508B0E90508490000006D
:1075D0000000803F40EE05080C0F0608140F060857
:1075E000490000000000803F40EE050824FB05082C
:1075F0002CFB0508490000000000803F40EE050814
:1076000034FB05083CFB0508490000000000803FF2
:1076100040EE05084CFB050854FB05084900000036
:107620000000803F40EE050860FB050868FB050888
:10763000490000000000803F40EE050870FB05088F
:1076400078FB0508420000000000803F40EE05087E
:1076500088FB0508200F060846000000CDCCCC3D75
:1076600040EE0508A0FB0508300F060846000000A4
:10767000CDCCCC3D40EE0508E0FB0508E8FB050855
:10768000420000000000803F40EE0508F4FB0508C2
:10769000FCFB0508490000000000803F40EE0508A3
:1076A00008FC050810FC0508490000000000803FA8
:1076B00040EE05081CFC050824FC050849000000F4
:1076C0000000803F40EE050830FC050838FC050846
:1076D000420000000000803F40EE050880FC0508E5
:1076E00088FC0508490000000000803F40EE0508C6
:1076F00094FC05089CFC0508490000000000803F40
:1077000040EE0508A8FC0508B0FC0508490000008B
:107710000000803F40EE05080CFD050814FD05083B
:10772000490000000000803F40EE050824FD0508E8
:107730002CFD0508490000000000803F40EE0508D0
:10774000400F0608480F0608490000000000803F6F
:1077500040EE050858FD050860FD050849000000D9
:107760000000803F40EE05086CFD050874FD05082B
:10777000490000000000803F40EE050880FD05083C
:1077800088FD0508490000000000803F40EE050824
:10779000140206081C020608490000000000803F91
:1077A00040EE0508280206083002060842000000E4
:1077B0000000803F40EE05083C02060858FF05081F
:1077C000420000000000803F40EE05084402060829
:1077D0006CFF0508420000000000803F40EE0508F5
:1077E0004C02060834FF0508490000000000803FF5
:1077F00040EE0508540206085C0206084600000038
:10780000CDCCCC3D40EE05086802060870020608A3
:1078100046000000CDCCCC3D40EE05087C020608B9
:10782000D4E9050846000000CDCCCC3D40EE05086B
:10783000840206088C020608420000000000803F17
:1078400040EE050898020608A0020608460000005F
:10785000CDCCCC3D40EE0508B0020608B8020608C3
:1078600046000000CDCCCC3D40EE0508C402060821
:10787000CC02060846000000CDCCCC3D40EE050809
:10788000540F06085C0F060846000000CDCCCC3D26
:1078900040EE0508D4020608DC0206084900000094
:1078A0000000803F40EE0508E8020608F0020608E6
:1078B000420000000000803F40EE0508FC02060880
:1078C0000403060846000000CDCCCC3D40EE050880
:1078D000100306081803060846000000CDCCCC3D76
:1078E00040EE05086003060868030608490000002A
:1078F0000000803F40EE05087C030608640F060880
:10790000490000000000803F40EE05088C03060897
:107910009403060846000000CDCCCC3D40EE05089F
:107920009C030608A4030608420000000000803FF4
:1079300040EE0508C4030608CC0306084600000014
:10794000CDCCCC3D40EE0508D8030608E003060880
:1079500046000000CDCCCC3D40EE0508F4030608FF
:1079600094FF0508420000000000803F40EE05083B
:10797000FC030608A8FF0508420000000000803F45
:1079800040EE0508840406088C040608490000003F
:107990000000803F40EE050898040608A004060891
:1079A000420000000000803F40EE0508AC040608DD
:1079B000BCE9050846000000CDCCCC3D40EE0508F2
:1079C000B4040608C8E9050846000000CDCCCC3D4B
:1079D00040EE0508D0040608D80406084900000057
:1079E0000000803F40EE0508240506082005060833
:1079F000460000000000803F40EE05082C05060808
:107A0000700F060846000000CDCCCC3D40EE0508C6
:107A1000400506084805060846000000CDCCCC3DD0
:107A200040EE0508E40D0608EC0D060849000000CC
:107A30000000803F40EE0508540506085C05060876
:107A4000490000000000803F40EE05086805060878
:107A500070050608490000000000803F40EE050860
:107A60007C0F0608840F0608490000000000803FD4
:107A700040EE0508880F0608900F06084600000033
:107A8000CDCCCC3D40EE0508580606086006060839
:107A900046000000CDCCCC3D40EE05086806060847
:107AA0007006060846000000CDCCCC3D40EE05082F
:107AB0009C0F0608A40F060846000000CDCCCC3D64
:107AC00040EE0508AC0F0608B40F06084900000098
:107AD0000000803F40EE050878060608800606088C
:107AE000490000000000803F40EE0508C00F060876
:107AF000C80F060846000000CDCCCC3D40EE05087E
:107B0000602E06088C06060846000000CDCCCC3D51
:107B100040EE05081C120608940606084200000004
:107B20000000803F40EE0508C0060608C8060608AB
:107B3000420000000000803F40EE0508D00F06081C
:107B4000D80F0608490000000000803F40EE0508FD
:107B5000D4060608DC060608490000000000803F45
:107B600040EE0508E8060608F00606084600000094
:107B7000CDCCCC3D40EE0508C80E0608C40E060864
:107B8000460000000000803F40EE0508900806080F
:107B900098080608490000000000803F40EE0508F4
:107BA000A4080608AC080608490000000000803F51
:107BB00040EE0508B8080608C0080608490000009D
:107BC0000000803F40EE0508CC080608D4080608EF
:107BD00046000000CDCCCC3D40EE0508E00806088C
:107BE000E808060846000000CDCCCC3D40EE050874
:107BF000F4080608FC08060846000000CDCCCC3D81
:107C000040EE0508080906081009060846000000AD
:107C1000CDCCCC3D40EE05081C0906082409060819
:107C200046000000CDCCCC3D40EE050830090608EA
:107C30003809060846000000CDCCCC3D40EE0508D2
:107C4000440906084C09060846000000CDCCCC3D8E
:107C500040EE0508580906086009060846000000BD
:107C6000CDCCCC3D40EE05086C0906087409060829
:107C7000490000000000803F40EE0508800906082A
:107C800088090608490000000000803F40EE050812
:107C9000940906089C090608490000000000803F7E
:107CA00040EE0508A8090608B009060849000000CA
:107CB0000000803F40EE0508BC090608C40906081C
:107CC000490000000000803F40EE0508F809060862
:107CD000000A0608420000000000803F40EE050850
:107CE0000C0A0608140A0608420000000000803F43
:107CF00040EE0508200A0608280A0608420000008F
:107D00000000803F40EE0508300A0608380A0608E1
:107D1000420000000000803F40EE0508400A0608CF
:107D2000480A0608420000000000803F40EE0508B7
:107D3000500A0608580A0608420000000000803F6A
:107D400040EE0508600A0608680A060842000000BE
:107D50000000803F40EE0508700A0608780A060811
:107D6000420000000000803F40EE0508800A06083F
:107D70009C0A0608420000000000803F40EE050813
:107D8000940A0608E40F0608420000000000803F45
:107D900040EE0508A80A0608F40F06084200000095
:107DA0000000803F40EE0508BC0A0608EC0A060801
:107DB000420000000000803F40EE0508D00A06089F
:107DC00054FB0508420000000000803F40EE05081B
:107DD000E40A060804100608420000000000803F84
:107DE00040EE0508F80A0608140B060842000000D9
:107DF0000000803F40EE05080C0B0608280B060823
:107E0000420000000000803F40EE0508200B0608FD
:107E10003C0B0608420000000000803F40EE0508D1
:107E2000340B0608500B0608420000000000803F9B
:107E300040EE0508480B0608640B060842000000E7
:107E40000000803F40EE05085C0B0608780B060832
:107E5000420000000000803F40EE0508700B06085D
:107E600010FC0508420000000000803F40EE0508BD
:107E7000A82D06081CF70508420000000000803FFE
:107E800040EE0508840B06081010060842000000AA
:107E90000000803F40EE0508980B06080C0C060811
:107EA000420000000000803F40EE0508AC0B0608D1
:107EB00018100608420000000000803F40EE050850
:107EC000C00B06081C0C0608420000000000803FA2
:107ED0003CEF0508E8F40508C8E90508460000007D
:107EE000CDCCCC3D3CEF0508F0F405088CED050841
:107EF00046000000CDCCCC3D3CEF0508F8F4050869
:107F000000F5050846000000CDCCCC3D3CEF05084F
:107F10000CF5050814F5050846000000CDCCCC3D55
:107F20003CEF050820F5050828F505084600000087
:107F3000CDCCCC3D3CEF050834F505083CF50508F3
:107F4000490000000000803F3CEF050848F50508A7
:107F500050F5050846000000CDCCCC3D3CEF0508AF
:107F60005CF5050864F5050846000000CDCCCC3D65
:107F70003CEF050870F5050878F505084900000094
:107F80000000803F3CEF050884F505088CF50508E6
:107F9000490000000000803F3CEF050898F5050807
:107FA000A0F50508490000000000803F3CEF0508EF
:107FB000B0F50508B8F50508490000000000803F4D
:107FC0003CEF0508C0F50508C8F5050849000000A4
:107FD0000000803F3CEF0508D4F50508DCF50508F6
:107FE00046000000CDCCCC3D3CEF0508E8F5050887
:107FF000F0F50508420000000000803F3CEF050856
:1080000000F6050808F6050846000000CDCCCC3D7A
:108010003CEF050824F605082CF60508460000008C
:10802000CDCCCC3D3CEF050888F6050890F6050858
:10803000490000000000803F3CEF05089CF6050861
:10804000A4F60508490000000000803F3CEF050849
:10805000D8F60508E0F60508490000000000803F5A
:108060003CEF0508ECF60508F4F6050846000000AC
:10807000CDCCCC3D3CEF050800F7050808F7050816
:10808000490000000000803F3CEF050814F7050898
:108090001CF70508490000000000803F3CEF050880
:1080A00028F7050830F70508490000000000803F68
:1080B0003CEF05083CF7050844F7050849000000B7
:1080C0000000803F3CEF050850F7050858F7050809
:1080D00046000000CDCCCC3D3CEF050868F7050814
:1080E00070F70508490000000000803F3CEF0508DC
:1080F0007CF7050884F70508490000000000803F70
:108100003CEF050894F705089CF7050849000000B6
:108110000000803F3CEF0508A8F70508B0F7050808
:1081200046000000CDCCCC3D3CEF0508B8F7050873
:10813000C0F70508420000000000803F3CEF050842
:10814000CCF70508D4F70508490000000000803F7F
:108150003CEF0508F4F70508D00E060849000000BA
:108160000000803F3CEF050808F8050810F80508F6
:10817000490000000000803F3CEF0508DC0E0608C7
:10818000E40E0608420000000000803F3CEF0508B6
:1081900018F8050820F80508420000000000803F9C
:1081A0003CEF050840F8050848F8050842000000C3
:1081B0000000803F3CEF050888F80508EC0E060833
:1081C000460000000000803F3CEF050844F9050828
:1081D0004CF90508490000000000803F3CEF05080D
:1081E00054F905085CF90508490000000000803FCB
:1081F0003CEF050864F905086CF905084900000022
:108200000000803F3CEF050874F905087CF905087B
:10821000490000000000803F3CEF050884F9050894
:108220008CF90508490000000000803F3CEF05087C
:1082300094F905089CF90508490000000000803FFA
:108240003CEF0508A4F90508ACF905084900000051
:108250000000803F3CEF0508B4F90508BCF90508AB
:10826000490000000000803F3CEF0508C4F9050804
:10827000CCF90508490000000000803F3CEF0508EC
:10828000D4F90508DCF90508490000000000803F2A
:108290003CEF0508E4F90508ECF905084900000081
:1082A0000000803F3CEF0508F4F90508FCF90508DB
:1082B000490000000000803F3CEF050890FA0508E7
:1082C00098FA050846000000CDCCCC3D3CEF0508EF
:1082D000A4FA0508ACFA0508490000000000803F38
:1082E0003CEF0508BCFA0508C4FA0508490000007F
:1082F0000000803F3CEF0508D0FA0508D8FA0508D1
:10830000490000000000803F3CEF0508E0FA050846
:10831000E8FA0508490000000000803F3CEF05082E
:10832000F4FA0508FCFA0508490000000000803F47
:108330003CEF050808FB050810FB0508420000009B
:108340000000803F3CEF0508F80E0608000F060805
:10835000490000000000803F3CEF05081CFB0508B9
:10836000B0E90508490000000000803F3CEF050827
:108370000C0F0608140F0608490000000000803F9B
:108380003CEF050824FB05082CFB0508490000000C
:108390000000803F3CEF050834FB05083CFB050866
:1083A000490000000000803F3CEF05084CFB050839
:1083B00054FB0508490000000000803F3CEF050821
:1083C00060FB050868FB0508490000000000803FCD
:1083D0003CEF050870FB050878FB0508420000002B
:1083E0000000803F3CEF050888FB0508200F0608C9
:1083F00046000000CDCCCC3D3CEF0508A0FB0508B5
:10840000300F060846000000CDCCCC3D3CEF0508FF
:10841000E0FB0508E8FB0508420000000000803F83
:108420003CEF0508F4FB0508FCFB050849000000CB
:108430000000803F3CEF050808FC050810FC05081B
:10844000490000000000803F3CEF05081CFC0508C7
:1084500024FC0508490000000000803F3CEF0508AF
:1084600030FC050838FC0508420000000000803F91
:108470003CEF050880FC050888FC05084900000061
:108480000000803F3CEF050894FC05089CFC0508B3
:10849000490000000000803F3CEF0508A8FC0508EB
:1084A000B0FC0508490000000000803F3CEF0508D3
:1084B0000CFD050814FD0508490000000000803F80
:1084C0003CEF050824FD05082CFD050849000000C7
:1084D0000000803F3CEF0508400F0608480F0608E3
:1084E000490000000000803F3CEF05083CFD050806
:1084F00038FD0508460000000000803F3CEF0508FD
:1085000058FD050860FD0508490000000000803F97
:108510003CEF05086CFD050874FD050849000000E6
:108520000000803F3CEF050880FD050888FD050838
:10853000490000000000803F3CEF050814020608D7
:108540001C020608490000000000803F3CEF0508BF
:108550002802060830020608420000000000803FA2
:108560003CEF05083C02060858FF050842000000E1
:108570000000803F3CEF0508440206086CFF050838
:10858000420000000000803F3CEF05084C02060856
:1085900034FF0508490000000000803F3CEF05085B
:1085A000540206085C02060846000000CDCCCC3D13
:1085B0003CEF050868020608700206084600000045
:1085C000CDCCCC3D3CEF05087C020608D4E905087B
:1085D00046000000CDCCCC3D3CEF050884020608E7
:1085E0008C020608420000000000803F3CEF0508B6
:1085F00098020608A002060846000000CDCCCC3D3B
:108600003CEF0508B0020608B80206084600000064
:10861000CDCCCC3D3CEF0508C4020608CC020608D0
:1086200046000000CDCCCC3D3CEF0508540F0608B9
:108630005C0F060846000000CDCCCC3D3CEF0508A1
:10864000D4020608DC020608490000000000803F52
:108650003CEF0508E8020608F002060842000000A8
:108660000000803F3CEF0508FC02060804030608F2
:1086700046000000CDCCCC3D3CEF050810030608B9
:108680001803060846000000CDCCCC3D3CEF0508A1
:10869000241006082C10060846000000CDCCCC3D66
:1086A0003CEF05086003060868030608490000005F
:1086B0000000803F3CEF05087C030608640F0608B5
:1086C000490000000000803F3CEF05088C030608CD
:1086D0009403060846000000CDCCCC3D3CEF0508D5
:1086E0009C030608A4030608420000000000803F27
:1086F0003CEF0508C4030608CC030608460000004A
:10870000CDCCCC3D3CEF0508D8030608E0030608B5
:1087100046000000CDCCCC3D3CEF0508F403060834
:1087200094FF0508420000000000803F3CEF050870
:10873000FC030608A8FF0508420000000000803F77
:108740003CEF0508840406088C0406084900000074
:108750000000803F3CEF050898040608A0040608C6
:10876000420000000000803F3CEF0508AC04060812
:10877000BCE9050846000000CDCCCC3D3CEF050827
:10878000B4040608C8E9050846000000CDCCCC3D7D
:108790003CEF0508D0040608D8040608490000008C
:1087A0000000803F3CEF0508240506082005060868
:1087B000460000000000803F3CEF05082C0506083D
:1087C000700F060846000000CDCCCC3D3CEF0508FC
:1087D000400506084805060846000000CDCCCC3D03
:1087E0003CEF0508E40D0608EC0D06084900000002
:1087F0000000803F3CEF0508680506087005060884
:10880000490000000000803F3CEF05087C0F06088F
:10881000840F0608490000000000803F3CEF050877
:10882000880F0608900F060846000000CDCCCC3D0E
:108830003CEF0508580606086006060846000000DA
:10884000CDCCCC3D3CEF050868060608700606084E
:1088500046000000CDCCCC3D3CEF05089C0F06083F
:10886000A40F060846000000CDCCCC3D3CEF050827
:10887000AC0F0608B40F0608490000000000803F56
:108880003CEF050878060608800606084900000047
:108890000000803F3CEF0508C00F0608C80F06081F
:1088A00046000000CDCCCC3D3CEF0508602E06080C
:1088B0008C06060846000000CDCCCC3D3CEF0508F8
:1088C0001C12060894060608420000000000803FC3
:1088D0003CEF0508C0060608C8060608420000006E
:1088E0000000803F3CEF0508D00F0608D80F0608AF
:1088F000490000000000803F3CEF0508D406060850
:10890000DC060608490000000000803F3CEF050837
:10891000E8060608F006060846000000CDCCCC3D6F
:108920003CEF0508C80E0608C40E06084600000005
:108930000000803F3CEF05089008060898080608EC
:10894000490000000000803F3CEF0508A40806082D
:10895000AC080608490000000000803F3CEF050815
:10896000B8080608C0080608490000000000803F5B
:108970003CEF0508CC080608D408060846000000AD
:10898000CDCCCC3D3CEF0508E0080608E808060819
:1089900046000000CDCCCC3D3CEF0508F4080608AD
:1089A000FC08060846000000CDCCCC3D3CEF050895
:1089B000080906081009060846000000CDCCCC3D89
:1089C0003CEF05081C0906082409060846000000BB
:1089D000CDCCCC3D3CEF0508300906083809060827
:1089E00046000000CDCCCC3D3CEF0508440906080C
:1089F0004C09060846000000CDCCCC3D3CEF0508F4
:108A0000580906086009060846000000CDCCCC3D98
:108A10003CEF05086C0906087409060849000000C7
:108A20000000803F3CEF0508800906088809060819
:108A3000490000000000803F3CEF0508940906084B
:108A40009C090608490000000000803F3CEF050833
:108A5000A8090608B0090608490000000000803F88
:108A60003CEF0508BC090608C409060849000000D7
:108A70000000803F3CEF0508F8090608000A0608D8
:108A8000420000000000803F3CEF05080C0A060889
:108A9000140A0608420000000000803F3CEF050871
:108AA000200A0608280A0608420000000000803F4D
:108AB0003CEF0508300A060838100608420000009E
:108AC0000000803F3CEF0508400A0608380A060807
:108AD000420000000000803F3CEF0508500A0608F5
:108AE000480A0608420000000000803F3CEF0508ED
:108AF000600A0608580A0608420000000000803F8D
:108B00003CEF0508700A0608680A060842000000E3
:108B10000000803F3CEF0508800A0608780A060836
:108B2000420000000000803F3CEF0508940A060860
:108B30009C0A0608420000000000803F3CEF050848
:108B4000A80A0608E40F0608420000000000803F63
:108B50003CEF0508BC0A0608F40F060842000000B6
:108B60000000803F3CEF0508D00A0608EC0A060822
:108B7000420000000000803F3CEF0508E40A0608C0
:108B800054FB0508420000000000803F3CEF050850
:108B9000F80A060804100608420000000000803FA2
:108BA0003CEF05080C0B0608140B060842000000F9
:108BB0000000803F3CEF0508200B0608280B060844
:108BC000420000000000803F3CEF0508340B06081F
:108BD0003C0B0608420000000000803F3CEF050807
:108BE000480B0608500B0608420000000000803FBA
:108BF0003CEF05085C0B0608640B06084200000009
:108C00000000803F3CEF0508700B0608780B060853
:108C1000420000000000803F3CEF0508A82D060838
:108C200010FC0508420000000000803F3CEF0508F2
:108C3000840B06081CF70508420000000000803F76
:108C40003CEF0508980B06081010060842000000CB
:108C50000000803F3CEF0508AC0B06080C0C060832
:108C6000420000000000803F3CEF0508C00B0608F2
:108C700018100608420000000000803F7CEE050846
:108C8000E8F40508C8E9050846000000CDCCCC3D55
:108C90007CEE0508F0F405088CED050846000000A0
:108CA000CDCCCC3D7CEE0508F8F4050800F50508B0
:108CB00046000000CDCCCC3D7CEE05080CF5050847
:108CC00014F5050846000000CDCCCC3D7CEE05082F
:108CD00020F5050828F5050846000000CDCCCC3D60
:108CE0007CEE050834F505083CF505084900000050
:108CF0000000803F7CEE050848F5050850F50508A2
:108D000046000000CDCCCC3D7CEE05085CF50508A6
:108D100064F5050846000000CDCCCC3D7CEE05088E
:108D200070F5050878F50508490000000000803F4F
:108D30007CEE050884F505088CF50508490000005F
:108D40000000803F7CEE050898F50508A0F50508B1
:108D5000490000000000803F7CEE0508B0F50508E2
:108D6000B8F50508490000000000803F7CEE0508CA
:108D7000C0F50508C8F50508490000000000803F5F
:108D80007CEE0508D4F50508DCF505084600000072
:108D9000CDCCCC3D7CEE0508E8F50508F0F50508DE
:108DA000420000000000803F7CEE050800F6050848
:108DB00008F6050846000000CDCCCC3D7CEE050849
:108DC00024F605082CF6050846000000CDCCCC3D65
:108DD0007CEE050838F6050840F605084900000055
:108DE0000000803F7CEE050888F6050890F605082F
:108DF000490000000000803F7CEE05089CF6050855
:108E0000A4F60508490000000000803F7CEE05083C
:108E1000D8F60508E0F60508490000000000803F8C
:108E20007CEE0508ECF60508F4F60508460000009F
:108E3000CDCCCC3D7CEE050800F7050808F7050809
:108E4000490000000000803F7CEE050814F705088B
:108E50001CF70508490000000000803F7CEE050873
:108E600028F7050830F70508490000000000803F9A
:108E70007CEE05083CF7050844F7050849000000AA
:108E80000000803F7CEE050850F7050858F70508FC
:108E900046000000CDCCCC3D7CEE050868F7050807
:108EA00070F70508490000000000803F7CEE0508CF
:108EB0007CF7050884F70508490000000000803FA2
:108EC0007CEE050894F705089CF7050849000000AA
:108ED0000000803F7CEE0508A8F70508B0F70508FC
:108EE00046000000CDCCCC3D7CEE0508B8F7050867
:108EF000C0F70508420000000000803F7CEE050836
:108F0000CCF70508D4F70508490000000000803FB1
:108F10007CEE0508F4F70508D00E060849000000AD
:108F20000000803F7CEE050808F8050810F80508E9
:108F3000490000000000803F7CEE050818F8050895
:108F400020F80508420000000000803F7CEE050884
:108F500040F8050848F80508420000000000803F7E
:108F60007CEE050888F80508EC0E060846000000AF
:108F70000000803F7CEE05089CF80508A4F8050871
:108F8000490000000000803F7CEE050844F9050818
:108F90004CF90508490000000000803F7CEE050800
:108FA00054F905085CF90508490000000000803FFD
:108FB0007CEE050864F905086CF905084900000015
:108FC0000000803F7CEE050874F905087CF905086F
:108FD000490000000000803F7CEE050884F9050888
:108FE0008CF90508490000000000803F7CEE050870
:108FF00094F905089CF90508490000000000803F2D
:109000007CEE0508A4F90508ACF905084900000044
:109010000000803F7CEE0508B4F90508BCF905089E
:10902000490000000000803F7CEE0508C4F90508F7
:10903000CCF90508490000000000803F7CEE0508DF
:10904000D4F90508DCF90508490000000000803F5C
:109050007CEE0508E4F90508ECF905084900000074
:109060000000803F7CEE0508F4F90508FCF90508CE
:10907000490000000000803F7CEE050890FA0508DA
:1090800098FA050846000000CDCCCC3D7CEE0508E2
:10909000A4FA0508ACFA0508490000000000803F6A
:1090A0007CEE0508BCFA0508C4FA05084900000072
:1090B0000000803F7CEE0508D0FA0508D8FA0508C4
:1090C000490000000000803F7CEE0508E0FA05083A
:1090D000E8FA0508490000000000803F7CEE050822
:1090E000F4FA0508FCFA0508490000000000803F7A
:1090F0007CEE050808FB050810FB0508420000008F
:109100000000803F7CEE05081CFB0508B0E905085F
:10911000490000000000803F7CEE05080C0F0608A7
:10912000140F0608490000000000803F7CEE05088F
:1091300024FB05082CFB0508490000000000803FC7
:109140007CEE050834FB05083CFB050849000000DF
:109150000000803F7CEE05084CFB050854FB050829
:10916000490000000000803F7CEE050860FB050818
:1091700068FB0508490000000000803F7CEE050800
:1091800070FB050878FB0508420000000000803FE6
:109190007CEE050888FB0508200F06084600000045
:1091A000CDCCCC3D7CEE0508A0FB0508300F0608B1
:1091B00046000000CDCCCC3D7CEE0508E0FB050868
:1091C000E8FB0508420000000000803F7CEE050837
:1091D000F4FB0508FCFB0508490000000000803F87
:1091E0007CEE050808FC050810FC05084900000095
:1091F0000000803F7CEE05081CFC050824FC0508E7
:10920000490000000000803F7CEE050830FC0508A6
:1092100038FC0508420000000000803F7CEE050895
:1092200080FC050888FC0508490000000000803F1C
:109230007CEE050894FC05089CFC0508490000002C
:109240000000803F7CEE0508A8FC0508B0FC05087E
:10925000490000000000803F7CEE05080CFD050879
:1092600014FD0508490000000000803F7CEE050861
:1092700024FD05082CFD0508490000000000803F82
:109280007CEE0508400F0608480F0608490000005C
:109290000000803F7CEE050858FD050860FD0508CC
:1092A000490000000000803F7CEE05086CFD0508C9
:1092B00074FD0508490000000000803F7CEE0508B1
:1092C00080FD050888FD0508490000000000803F7A
:1092D0007CEE0508140206081C020608490000007E
:1092E0000000803F7CEE05082802060830020608D0
:1092F000420000000000803F7CEE05083C020608AA
:1093000058FF0508420000000000803F7CEE050881
:10931000440206086CFF0508420000000000803F80
:109320007CEE05084C02060834FF050849000000E1
:109330000000803F7CEE0508540206085C02060827
:1093400046000000CDCCCC3D7CEE05086802060846
:109350007002060846000000CDCCCC3D7CEE05082E
:109360007C020608D4E9050846000000CDCCCC3DBF
:109370007CEE0508840206088C0206084200000004
:109380000000803F7CEE050898020608A00206084F
:1093900046000000CDCCCC3D7CEE0508B0020608AE
:1093A000B802060846000000CDCCCC3D7CEE050896
:1093B000C4020608CC02060846000000CDCCCC3D15
:1093C0007CEE0508D4020608DC020608490000000D
:1093D0000000803F7CEE0508E8020608F00206085F
:1093E000420000000000803F7CEE0508FC020608F9
:1093F0000403060846000000CDCCCC3D7CEE0508F9
:10940000100306081803060846000000CDCCCC3D2A
:109410007CEE0508600306086803060849000000A2
:109420000000803F7CEE05087C030608640F0608F8
:10943000490000000000803F7CEE05088C03060810
:109440009403060846000000CDCCCC3D7CEE050818
:109450009C030608A4030608420000000000803FA9
:109460007CEE0508C4030608CC030608460000008D
:10947000CDCCCC3D7CEE0508D8030608E0030608F9
:1094800046000000CDCCCC3D7CEE0508F403060878
:1094900094FF0508420000000000803F7CEE0508B4
:1094A000FC030608A8FF0508420000000000803FFA
:1094B0007CEE0508840406088C04060849000000B8
:1094C0000000803F7CEE050898040608A00406080A
:1094D000420000000000803F7CEE0508AC04060856
:1094E000BCE9050846000000CDCCCC3D7CEE05086B
:1094F000B4040608C8E9050846000000CDCCCC3D00
:109500007CEE0508D0040608D804060849000000CF
:109510000000803F7CEE05082405060820050608AB
:10952000460000000000803F7CEE05082C05060880
:10953000700F060846000000CDCCCC3D7CEE05083F
:10954000400506084805060846000000CDCCCC3D85
:109550007CEE0508E40D0608EC0D06084900000045
:109560000000803F7CEE0508540506085C050608EF
:10957000490000000000803F7CEE050868050608F1
:1095800070050608490000000000803F7CEE0508D9
:109590007C05060884050608420000000000803FA4
:1095A0007CEE05085806060860060608460000001E
:1095B000CDCCCC3D7CEE0508680606087006060892
:1095C00046000000CDCCCC3D7CEE050878060608B0
:1095D00080060608490000000000803F7CEE050878
:1095E000602E06088C06060846000000CDCCCC3D57
:1095F0007CEE05081C1206089406060842000000CE
:109600000000803F7CEE0508C0060608C806060874
:10961000420000000000803F7CEE0508C80E0608EE
:10962000C40E0608460000000000803F7CEE0508DE
:109630009008060898080608490000000000803FCE
:109640007CEE0508A4080608AC08060849000000DE
:109650000000803F7CEE0508B8080608C008060830
:10966000490000000000803F7CEE0508CC08060899
:10967000D408060846000000CDCCCC3D7CEE0508A1
:10968000E0080608E808060846000000CDCCCC3DFE
:109690007CEE0508F4080608FC08060846000000F1
:1096A000CDCCCC3D7CEE050808090608100906085B
:1096B00046000000CDCCCC3D7CEE05081C09060818
:1096C0002409060846000000CDCCCC3D7CEE050800
:1096D000300906083809060846000000CDCCCC3D0C
:1096E0007CEE0508440906084C09060846000000FF
:1096F000CDCCCC3D7CEE050858090608600906086B
:1097000046000000CDCCCC3D7CEE05086C09060877
:1097100074090608490000000000803F7CEE05083F
:109720008009060888090608490000000000803FFB
:109730007CEE0508940906089C090608490000000B
:109740000000803F7CEE0508A8090608B00906085D
:10975000490000000000803F7CEE0508BC090608B7
:10976000C4090608490000000000803F7CEE05089F
:10977000F8090608000A0608420000000000803FC1
:109780007CEE05080C0A0608140A060842000000D0
:109790000000803F7CEE0508200A0608280A06081B
:1097A000420000000000803F7CEE0508300A0608F9
:1097B000380A0608420000000000803F7CEE0508E1
:1097C000400A0608480A0608420000000000803FE0
:1097D0007CEE0508500A0608580A060842000000F8
:1097E0000000803F7CEE0508600A0608680A06084B
:1097F000420000000000803F7CEE0508700A060869
:10980000780A0608420000000000803F7CEE050850
:10981000800A0608E40F0608420000000000803FAE
:109820007CEE0508940A0608F40F060842000000C2
:109830000000803F7CEE0508A80A0608EC0A06082E
:10984000420000000000803F7CEE0508BC0A0608CC
:1098500054FB0508420000000000803F7CEE050834
:10986000D00A060804100608420000000000803FED
:109870007CEE0508E40A0608140B06084200000006
:109880000000803F7CEE0508F80A0608500B060829
:10989000420000000000803F7CEE05080C0B06082B
:1098A000640B0608420000000000803F7CEE0508C3
:1098B000200B0608780B0608420000000000803FDD
:1098C0007CEE0508340B060810FC05084200000079
:1098D0000000803F7CEE0508480B06081CF70508D1
:1098E000420000000000803F7CEE05085C0B06088B
:1098F00010100608420000000000803F7CEE0508C2
:10990000700B06080C0C0608420000000000803FA7
:109910007CEE0508A82D0608181006084200000075
:109920000000803F7CEE0508840B06081C0C06082E
:10993000420000000000803F7CEE0508980B0608FE
:10994000280B0608420000000000803F7CEE05085E
:10995000AC0B06083C0B0608420000000000803FEC
:10996000F8EE0508E8F40508C8E905084600000017
:10997000CDCCCC3DF8EE0508F0F405088CED0508DB
:1099800046000000CDCCCC3DF8EE0508F8F4050803
:1099900000F5050846000000CDCCCC3DF8EE0508EA
:1099A0000CF5050814F5050846000000CDCCCC3DAB
:1099B000F8EE050820F5050828F505084600000022
:1099C000CDCCCC3DF8EE050834F505083CF505088E
:1099D000490000000000803FF8EE050848F5050842
:1099E00050F5050846000000CDCCCC3DF8EE05084A
:1099F0005CF5050864F5050846000000CDCCCC3DBB
:109A0000F8EE050870F5050878F50508490000002E
:109A10000000803FF8EE050884F505088CF5050880
:109A2000490000000000803FF8EE050898F50508A1
:109A3000A0F50508490000000000803FF8EE050889
:109A4000B0F50508B8F50508490000000000803FA2
:109A5000F8EE0508C0F50508C8F50508490000003E
:109A60000000803FF8EE0508D4F50508DCF5050890
:109A700046000000CDCCCC3DF8EE0508E8F5050821
:109A8000F0F50508420000000000803FF8EE0508F0
:109A900000F6050808F6050846000000CDCCCC3DD0
:109AA000F8EE050824F605082CF605084600000027
:109AB000CDCCCC3DF8EE050838F6050840F6050893
:109AC000490000000000803FF8EE050888F6050810
:109AD00090F60508490000000000803FF8EE0508F8
:109AE0009CF60508A4F60508490000000000803F28
:109AF000F8EE0508D8F60508E0F60508490000006C
:109B00000000803FF8EE0508ECF60508F4F60508BD
:109B100046000000CDCCCC3DF8EE050800F7050866
:109B200008F70508490000000000803FF8EE05082E
:109B300014F705081CF70508490000000000803FE5
:109B4000F8EE050828F7050830F705084900000079
:109B50000000803FF8EE05083CF7050844F70508CB
:109B6000490000000000803FF8EE050850F70508A6
:109B700058F7050846000000CDCCCC3DF8EE0508AE
:109B800068F7050870F70508490000000000803FED
:109B9000F8EE05087CF7050884F705084900000081
:109BA0000000803FF8EE050894F705089CF70508CB
:109BB000490000000000803FF8EE0508A8F70508FE
:109BC000B0F7050846000000CDCCCC3DF8EE050806
:109BD000B8F70508C0F70508420000000000803F04
:109BE000F8EE0508CCF70508D4F705084900000091
:109BF0000000803FF8EE0508F4F70508D00E0608CF
:109C0000490000000000803FF8EE050808F805084C
:109C100010F80508490000000000803FF8EE050834
:109C200018F8050820F80508420000000000803FF1
:109C3000F8EE050840F8050848F80508420000005D
:109C40000000803FF8EE050888F80508EC0E0608CD
:109C5000460000000000803FF8EE05089CF805086B
:109C6000A4F80508490000000000803FF8EE050850
:109C7000C4F80508CCF80508490000000000803F42
:109C8000F8EE050844F905084CF9050849000000FC
:109C90000000803FF8EE050854F905085CF9050856
:109CA000490000000000803FF8EE050864F905084F
:109CB0006CF90508490000000000803FF8EE050837
:109CC00074F905087CF90508490000000000803F90
:109CD000F8EE050884F905088CF90508490000002C
:109CE0000000803FF8EE050894F905089CF9050886
:109CF000490000000000803FF8EE0508A4F90508BF
:109D0000ACF90508490000000000803FF8EE0508A6
:109D1000B4F90508BCF90508490000000000803FBF
:109D2000F8EE0508C4F90508CCF90508490000005B
:109D30000000803FF8EE0508D4F90508DCF90508B5
:109D4000490000000000803FF8EE0508E4F905082E
:109D5000ECF90508490000000000803FF8EE050816
:109D6000F4F90508FCF90508490000000000803FEF
:109D7000F8EE050890FA050898FA05084600000074
:109D8000CDCCCC3DF8EE0508A4FA0508ACFA0508E0
:109D9000490000000000803FF8EE0508BCFA050805
:109DA000C4FA0508490000000000803FF8EE0508ED
:109DB000D0FA0508D8FA0508490000000000803FE5
:109DC000F8EE0508E0FA0508E8FA05084900000081
:109DD0000000803FF8EE0508F4FA0508FCFA0508D3
:109DE000490000000000803FF8EE050808FB050868
:109DF00010FB0508420000000000803FF8EE050857
:109E00001CFB0508B0E90508490000000000803F80
:109E1000F8EE050824FB05082CFB050849000000A6
:109E20000000803FF8EE050834FB05083CFB050800
:109E3000490000000000803FF8EE05084CFB0508D3
:109E400054FB0508490000000000803FF8EE0508BB
:109E500060FB050868FB0508490000000000803F22
:109E6000F8EE050870FB050878FB050842000000C5
:109E70000000803FF8EE050888FB0508200F060863
:109E800046000000CDCCCC3DF8EE0508A0FB05084F
:109E9000300F060846000000CDCCCC3DF8EE05089A
:109EA000E0FB0508E8FB0508420000000000803FD9
:109EB000F8EE0508F4FB0508FCFB05084900000066
:109EC0000000803FF8EE050808FC050810FC0508B6
:109ED000490000000000803FF8EE05081CFC050862
:109EE00024FC0508490000000000803FF8EE05084A
:109EF00030FC050838FC0508420000000000803FE7
:109F0000F8EE050880FC050888FC050849000000FB
:109F10000000803FF8EE050894FC05089CFC05084D
:109F2000490000000000803FF8EE0508A8FC050885
:109F3000B0FC0508490000000000803FF8EE05086D
:109F40000CFD050814FD0508490000000000803FD5
:109F5000F8EE050824FD05082CFD05084900000061
:109F60000000803FF8EE0508400F0608480F06087D
:109F7000490000000000803FF8EE050858FD050884
:109F800060FD0508490000000000803FF8EE05086C
:109F90006CFD050874FD0508490000000000803FC5
:109FA000F8EE050880FD050888FD05084900000059
:109FB0000000803FF8EE0508140206081C0206089F
:109FC000490000000000803FF8EE0508280206085E
:109FD00030020608420000000000803FF8EE05084D
:109FE0003C02060858FF0508420000000000803FC0
:109FF000F8EE0508440206086CFF05084200000060
:10A000000000803FF8EE05084C02060834FF050802
:10A01000490000000000803FF8EE050854020608E1
:10A020005C02060846000000CDCCCC3DF8EE0508E9
:10A03000680206087002060846000000CDCCCC3D40
:10A04000F8EE05087C020608D4E905084600000081
:10A05000CDCCCC3DF8EE0508840206088C0206083B
:10A06000420000000000803FF8EE05089802060854
:10A07000A002060846000000CDCCCC3DF8EE050855
:10A08000B0020608B802060846000000CDCCCC3D60
:10A09000F8EE0508C4020608CC02060846000000D7
:10A0A000CDCCCC3DF8EE0508D4020608DC0206084B
:10A0B000490000000000803FF8EE0508E8020608AD
:10A0C000F0020608420000000000803FF8EE05089C
:10A0D000FC0206080403060846000000CDCCCC3D77
:10A0E000F8EE0508100306081803060846000000ED
:10A0F000CDCCCC3DF8EE05086003060868030608E1
:10A10000490000000000803FF8EE05087C030608C7
:10A11000640F0608490000000000803FF8EE0508C3
:10A120008C0306089403060846000000CDCCCC3D05
:10A13000F8EE05089C030608A40306084200000088
:10A140000000803FF8EE0508C4030608CC030608AB
:10A1500046000000CDCCCC3DF8EE0508D80306083B
:10A16000E003060846000000CDCCCC3DF8EE050823
:10A17000F403060894FF0508420000000000803F39
:10A18000F8EE0508FC030608A8FF050842000000D9
:10A190000000803FF8EE0508840406088C040608D9
:10A1A000490000000000803FF8EE0508980406080A
:10A1B000A0040608420000000000803FF8EE0508F9
:10A1C000AC040608BCE9050846000000CDCCCC3D37
:10A1D000F8EE0508B4040608C8E9050846000000C2
:10A1E000CDCCCC3DF8EE0508D0040608D80406080E
:10A1F000490000000000803FF8EE0508240506082D
:10A2000020050608460000000000803FF8EE050823
:10A210002C050608700F060846000000CDCCCC3D8A
:10A22000F8EE050840050608480506084600000047
:10A23000CDCCCC3DF8EE0508E40D0608EC0D060883
:10A24000490000000000803FF8EE050854050608AC
:10A250005C050608490000000000803FF8EE050894
:10A260006805060870050608490000000000803FE8
:10A27000F8EE05087C050608840506084200000083
:10A280000000803FF8EE050858060608600606083C
:10A2900046000000CDCCCC3DF8EE05086806060867
:10A2A0007006060846000000CDCCCC3DF8EE05084F
:10A2B0007806060880060608490000000000803F76
:10A2C000F8EE0508602E06088C0606084600000019
:10A2D000CDCCCC3DF8EE05081C1206089406060805
:10A2E000420000000000803FF8EE0508C0060608A6
:10A2F000C8060608420000000000803FF8EE05088E
:10A30000C80E0608C40E0608460000000000803F84
:10A31000F8EE0508900806089808060849000000AD
:10A320000000803FF8EE0508A4080608AC080608FF
:10A33000490000000000803FF8EE0508B808060854
:10A34000C0080608490000000000803FF8EE05083C
:10A35000CC080608D408060846000000CDCCCC3D49
:10A36000F8EE0508E0080608E808060846000000C0
:10A37000CDCCCC3DF8EE0508F4080608FC0806082C
:10A3800046000000CDCCCC3DF8EE050808090608D3
:10A390001009060846000000CDCCCC3DF8EE0508BB
:10A3A0001C0906082409060846000000CDCCCC3D57
:10A3B000F8EE0508300906083809060846000000CE
:10A3C000CDCCCC3DF8EE0508440906084C0906083A
:10A3D00046000000CDCCCC3DF8EE05085809060833
:10A3E0006009060846000000CDCCCC3DF8EE05081B
:10A3F0006C09060874090608490000000000803F47
:10A40000F8EE0508800906088809060849000000DA
:10A410000000803FF8EE0508940906089C0906082C
:10A42000490000000000803FF8EE0508A809060872
:10A43000B0090608490000000000803FF8EE05085A
:10A44000BC090608C4090608490000000000803F56
:10A45000F8EE0508F8090608000A060842000000A0
:10A460000000803FF8EE05080C0A0608140A0608EA
:10A47000420000000000803FF8EE0508200A0608B0
:10A48000280A0608420000000000803FF8EE050898
:10A49000300A0608380A0608420000000000803F23
:10A4A000F8EE0508400A0608480A060842000000BF
:10A4B0000000803FF8EE0508500A0608580A060812
:10A4C000420000000000803FF8EE0508600A060820
:10A4D000680A0608420000000000803FF8EE050808
:10A4E000700A0608780A0608420000000000803F53
:10A4F000F8EE0508800A0608E40F0608420000008E
:10A500000000803FF8EE0508940A0608F40F0608DC
:10A51000420000000000803FF8EE0508A80A060887
:10A52000EC0A0608420000000000803FF8EE050833
:10A53000BC0A060854FB0508420000000000803FEA
:10A54000F8EE0508D00A06080410060842000000CC
:10A550000000803FF8EE0508E40A0608140B060820
:10A56000420000000000803FF8EE0508F80A0608E7
:10A57000500B0608420000000000803FF8EE05087E
:10A580000C0B0608640B0608420000000000803F28
:10A59000F8EE0508200B0608780B060842000000BC
:10A5A0000000803FF8EE0508340B060810FC050893
:10A5B000420000000000803FF8EE0508480B060846
:10A5C0001CF70508420000000000803FF8EE050877
:10A5D0005C0B060810100608420000000000803FD7
:10A5E000F8EE0508700B06080C0C06084200000087
:10A5F0000000803FF8EE0508A82D06081810060890
:10A60000420000000000803FF8EE0508840B0608B9
:10A610001C0C0608420000000000803FF8EE050810
:10A62000980B0608280B0608420000000000803F37
:10A63000F8EE0508AC0B06083C0B060842000000CB
:10A640000000803F74F10508E8F40508C8E9050832
:10A6500046000000CDCCCC3D74F10508F0F40508AF
:10A660008CED050846000000CDCCCC3D74F105080A
:10A67000F8F4050800F5050846000000CDCCCC3DF7
:10A6800074F105080CF5050814F5050846000000EE
:10A69000CDCCCC3D74F1050820F5050828F505085A
:10A6A00046000000CDCCCC3D74F1050834F505081A
:10A6B0003CF50508490000000000803F74F10508E2
:10A6C00048F5050850F5050846000000CDCCCC3D06
:10A6D00074F105085CF5050864F5050846000000FE
:10A6E000CDCCCC3D74F1050870F5050878F505086A
:10A6F000490000000000803F74F1050884F505085A
:10A700008CF50508490000000000803F74F1050841
:10A7100098F50508A0F50508490000000000803FF5
:10A7200074F10508B0F50508B8F505084900000002
:10A730000000803F74F10508C0F50508C8F505085C
:10A74000490000000000803F74F10508D4F50508B9
:10A75000DCF5050846000000CDCCCC3D74F10508C1
:10A76000E8F50508F0F50508420000000000803F0C
:10A7700074F1050800F6050808F605084600000013
:10A78000CDCCCC3D74F1050824F605082CF605085F
:10A7900046000000CDCCCC3D74F1050838F6050824
:10A7A00040F60508490000000000803F74F10508EC
:10A7B00088F6050890F60508490000000000803F73
:10A7C00074F105089CF60508A4F605084900000088
:10A7D0000000803F74F10508D8F60508E0F605088A
:10A7E000490000000000803F74F10508ECF6050800
:10A7F000F4F6050846000000CDCCCC3D74F1050808
:10A8000000F7050808F70508490000000000803F30
:10A8100074F1050814F705081CF705084900000045
:10A820000000803F74F1050828F7050830F7050897
:10A83000490000000000803F74F105083CF705085E
:10A8400044F70508490000000000803F74F1050846
:10A8500050F7050858F7050846000000CDCCCC3D60
:10A8600074F1050868F7050870F70508490000004D
:10A870000000803F74F105087CF7050884F705089F
:10A88000490000000000803F74F1050894F70508B6
:10A890009CF70508490000000000803F74F105089E
:10A8A000A8F70508B0F7050846000000CDCCCC3D60
:10A8B00074F10508B8F70508C0F705084200000064
:10A8C0000000803F74F10508CCF70508D4F70508AF
:10A8D000490000000000803F74F10508F4F7050806
:10A8E000D00E0608490000000000803F74F1050802
:10A8F00008F8050810F80508490000000000803F2E
:10A9000074F1050818F8050820F805084200000051
:10A910000000803F74F1050840F8050848F8050874
:10A92000420000000000803F74F1050888F8050827
:10A93000EC0E0608460000000000803F74F1050898
:10A940009CF80508A4F80508490000000000803FB5
:10A9500074F10508C4F80508CCF8050849000000A2
:10A960000000803F74F10508D8F80508E0F80508F4
:10A9700046000000CDCCCC3D74F1050844F9050833
:10A980004CF90508490000000000803F74F10508FB
:10A9900054F905085CF90508490000000000803FF3
:10A9A00074F1050864F905086CF905084900000010
:10A9B0000000803F74F1050874F905087CF905086A
:10A9C000490000000000803F74F1050884F9050883
:10A9D0008CF90508490000000000803F74F105086B
:10A9E00094F905089CF90508490000000000803F23
:10A9F00074F10508A4F90508ACF905084900000040
:10AA00000000803F74F10508B4F90508BCF9050899
:10AA1000490000000000803F74F10508C4F90508F2
:10AA2000CCF90508490000000000803F74F10508DA
:10AA3000D4F90508DCF90508490000000000803F52
:10AA400074F10508E4F90508ECF90508490000006F
:10AA50000000803F74F10508F4F90508FCF90508C9
:10AA6000490000000000803F74F1050890FA0508D5
:10AA700098FA050846000000CDCCCC3D74F10508DD
:10AA8000A4FA0508ACFA0508490000000000803F60
:10AA900074F10508BCFA0508C4FA0508490000006D
:10AAA0000000803F74F10508D0FA0508D8FA0508BF
:10AAB000490000000000803F74F10508E0FA050835
:10AAC000E8FA0508490000000000803F74F105081D
:10AAD000F4FA0508FCFA0508490000000000803F70
:10AAE00074F1050808FB050810FB0508420000008A
:10AAF0000000803F74F105081CFB0508B0E905085B
:10AB0000490000000000803F74F1050824FB05089F
:10AB10002CFB0508490000000000803F74F1050887
:10AB200034FB05083CFB0508490000000000803F9D
:10AB300074F105084CFB050854FB050849000000AA
:10AB40000000803F74F1050860FB050868FB0508FC
:10AB5000490000000000803F74F1050870FB050803
:10AB600078FB0508420000000000803F74F10508F2
:10AB700088FB0508200F060846000000CDCCCC3D20
:10AB800074F10508A0FB0508300F06084600000018
:10AB9000CDCCCC3D74F10508E0FB0508E8FB0508C9
:10ABA000420000000000803F74F10508F4FB050836
:10ABB000FCFB0508490000000000803F74F1050817
:10ABC00008FC050810FC0508490000000000803F53
:10ABD00074F105081CFC050824FC05084900000068
:10ABE0000000803F74F1050830FC050838FC0508BA
:10ABF000420000000000803F74F1050880FC050859
:10AC000088FC0508490000000000803F74F1050839
:10AC100094FC05089CFC0508490000000000803FEA
:10AC200074F10508A8FC0508B0FC050849000000FF
:10AC30000000803F74F105080CFD050814FD0508AF
:10AC4000490000000000803F74F1050824FD05085C
:10AC50002CFD0508490000000000803F74F1050844
:10AC6000400F0608480F0608490000000000803F1A
:10AC700074F1050858FD050860FD0508490000004D
:10AC80000000803F74F105086CFD050874FD05089F
:10AC9000490000000000803F74F1050880FD0508B0
:10ACA00088FD0508490000000000803F74F1050898
:10ACB0000C0206084010060846000000CDCCCC3D32
:10ACC00074F10508140206081C0206084900000079
:10ACD0000000803F74F105082802060830020608CB
:10ACE000420000000000803F74F105083C020608A5
:10ACF00058FF0508420000000000803F74F105087D
:10AD0000440206086CFF0508420000000000803F76
:10AD100074F105084C02060834FF050849000000DC
:10AD20000000803F74F10508540206085C02060822
:10AD300046000000CDCCCC3D74F105086802060841
:10AD40007002060846000000CDCCCC3D74F1050829
:10AD50007C020608D4E9050846000000CDCCCC3DB5
:10AD600074F10508840206088C02060842000000FF
:10AD70000000803F74F1050898020608A00206084A
:10AD800046000000CDCCCC3D74F10508B0020608A9
:10AD9000B802060846000000CDCCCC3D74F1050891
:10ADA000C4020608CC02060846000000CDCCCC3D0B
:10ADB00074F10508D4020608DC0206084900000008
:10ADC0000000803F74F10508E8020608F00206085A
:10ADD000420000000000803F74F10508FC020608F4
:10ADE0000403060846000000CDCCCC3D74F10508F4
:10ADF000100306081803060846000000CDCCCC3D21
:10AE000074F105086003060868030608490000009D
:10AE10000000803F74F10508740306084C10060812
:10AE200046000000CDCCCC3D74F105087C0306083B
:10AE3000640F0608490000000000803F74F1050817
:10AE40008C0306089403060846000000CDCCCC3DD8
:10AE500074F105089C030608A403060842000000DC
:10AE60000000803F74F10508C4030608CC030608FF
:10AE700046000000CDCCCC3D74F10508D80306088F
:10AE8000E003060846000000CDCCCC3D74F1050877
:10AE9000F403060894FF0508420000000000803F0C
:10AEA00074F10508FC030608A8FF0508420000002D
:10AEB0000000803F74F10508840406088C0406082D
:10AEC000490000000000803F74F10508980406085E
:10AED000A0040608420000000000803F74F105084D
:10AEE000AC040608BCE9050846000000CDCCCC3D0A
:10AEF00074F10508B4040608C8E905084600000016
:10AF0000CDCCCC3D74F10508D0040608D804060861
:10AF1000490000000000803F74F105082405060880
:10AF200020050608460000000000803F74F1050877
:10AF30002C050608700F060846000000CDCCCC3D5D
:10AF400074F105084005060848050608460000009B
:10AF5000CDCCCC3D74F10508E40D0608EC0D0608D7
:10AF6000490000000000803F74F105085405060800
:10AF70005C050608490000000000803F74F10508E8
:10AF80006805060870050608490000000000803FBB
:10AF900074F105087C0506088405060842000000D7
:10AFA0000000803F74F10508580606086006060890
:10AFB00046000000CDCCCC3D74F1050868060608BB
:10AFC0007006060846000000CDCCCC3D74F10508A3
:10AFD0007806060880060608490000000000803F49
:10AFE00074F10508602E06088C060608460000006D
:10AFF000CDCCCC3D74F105081C1206089406060859
:10B00000420000000000803F74F10508C0060608F9
:10B01000C8060608420000000000803F74F10508E1
:10B020009007060898070608420000000000803FCD
:10B0300074F105081C1B060858100608460000009D
:10B04000CDCCCC3D74F10508C40706086410060891
:10B0500046000000CDCCCC3D74F10508C80E0608B2
:10B06000C40E0608460000000000803F74F1050889
:10B070009008060898080608490000000000803F74
:10B0800074F10508A4080608AC0806084900000089
:10B090000000803F74F10508B8080608C0080608DB
:10B0A000490000000000803F74F10508CC08060844
:10B0B000D408060846000000CDCCCC3D74F105084C
:10B0C000E0080608E808060846000000CDCCCC3DA4
:10B0D00074F10508F4080608FC080608460000009C
:10B0E000CDCCCC3D74F10508080906081009060806
:10B0F00046000000CDCCCC3D74F105081C090608C3
:10B100002409060846000000CDCCCC3D74F10508AA
:10B11000300906083809060846000000CDCCCC3DB1
:10B1200074F10508440906084C09060846000000A9
:10B13000CDCCCC3D74F10508580906086009060815
:10B1400046000000CDCCCC3D74F105086C09060822
:10B1500074090608490000000000803F74F10508EA
:10B160008009060888090608490000000000803FA1
:10B1700074F10508940906089C09060849000000B6
:10B180000000803F74F10508A8090608B009060808
:10B19000490000000000803F74F10508BC09060862
:10B1A000C4090608490000000000803F74F105084A
:10B1B000F8090608000A0608420000000000803F67
:10B1C00074F105080C0A0608140A0608420000007B
:10B1D0000000803F74F10508200A0608280A0608C6
:10B1E000420000000000803F74F10508300A0608A4
:10B1F000380A0608420000000000803F74F105088C
:10B20000400A0608480A0608420000000000803F85
:10B2100074F10508500A0608580A060842000000A2
:10B220000000803F74F10508600A0608680A0608F5
:10B23000420000000000803F74F10508700A060813
:10B24000780A0608420000000000803F74F10508FB
:10B25000800A0608C40A0608420000000000803F79
:10B2600074F10508940A0608D80A0608420000008E
:10B270000000803F74F10508A80A0608EC0A0608D9
:10B28000420000000000803F74F10508BC0A060877
:10B29000000B0608420000000000803F74F1050822
:10B2A000D00A060804100608420000000000803F93
:10B2B00074F10508E40A0608140B060842000000B1
:10B2C0000000803F74F10508F80A0608500B0608D4
:10B2D000420000000000803F74F105080C0B0608D6
:10B2E000640B0608420000000000803F74F105086E
:10B2F000200B0608780B0608420000000000803F83
:10B3000074F10508340B060810FC05084200000023
:10B310000000803F74F10508480B06081CF705087B
:10B32000420000000000803F74F105085C0B060835
:10B3300010100608420000000000803F74F105086C
:10B34000700B06080C0C0608420000000000803F4D
:10B3500074F10508A82D0608181006084200000020
:10B360000000803F74F10508840B06081C0C0608D9
:10B37000420000000000803F74F10508980B0608A9
:10B38000C80B0608420000000000803F74F1050869
:10B39000AC0B0608B40B0608420000000000803F1A
:10B3A00074F10508C00B0608280B060842000000CF
:10B3B0000000803F74F10508D40B06083C0B06081A
:10B3C000420000000000803F6CF40508D4F5050839
:10B3D0007010060846000000CDCCCC3D6CF405088A
:10B3E0008010060888100608460000000000803F14
:10B3F0006CF4050898100608A01006084900000023
:10B400000000803F6CF40508B0100608B81006086C
:10B41000490000000000803F6CF40508C8100608D1
:10B42000D0100608490000000000803F6CF40508B9
:10B43000E0100608E8100608490000000000803F00
:10B440006CF40508F8100608001106084900000011
:10B450000000803F6CF4050810110608181106085A
:10B46000490000000000803F6CF405082811060820
:10B4700030110608490000000000803F6CF4050808
:10B4800008FB050840110608420000000000803F4C
:10B490006CF405087C0206084C1106084600000002
:10B4A000CDCCCC3D6CF40508C40206085811060842
:10B4B00046000000CDCCCC3D6CF405082405060800
:10B4C00020050608460000000000803F6CF40508D7
:10B4D0006411060860110608460000000000803F65
:10B4E0006CF405086C1106087CF50508490000009D
:10B4F0000000803F6CF405087411060878F5050813
:10B50000490000000000803F6CF405087C1106082B
:10B5100084110608490000000000803F6CF4050813
:10B520007C0F060890110608490000000000803FCB
:10B530006CF405089C1106089811060849000000E3
:10B540000000803F6CF40508A4110608AC11060841
:10B55000490000000000803F6CF40508B81106089F
:10B56000C0110608490000000000803F6CF4050887
:10B57000D4110608D0110608460000000000803FE4
:10B580006CF4050868060608DC110608490000008E
:10B590000000803F6CF405089C0F0608E8110608BF
:10B5A000490000000000803F6CF40508AC0F06085D
:10B5B000F011060846000000CDCCCC3D6CF4050827
:10B5C00000120608FC110608460000000000803F3B
:10B5D0006CF4050878060608ACED05084600000086
:10B5E000CDCCCC3D6CF40508602E06080812060888
:10B5F00046000000CDCCCC3D6CF405081C120608BA
:10B6000018120608490000000000803F6CF405088D
:10B61000241206082C12060846000000CDCCCC3DB2
:10B620006CF40508401206083C12060846000000AB
:10B630000000803F6CF4050848120608C8ED0508B4
:10B64000490000000000803F6CF40508A0060608D1
:10B6500050120608490000000000803F6CF4050805
:10B66000B006060858120608490000000000803F96
:10B670006CF40508681206087012060846000000FF
:10B68000CDCCCC3D6CF40508801206087C1206086F
:10B69000460000000000803F6CF405088812060890
:10B6A000B8ED050846000000CDCCCC3D6CF4050893
:10B6B000901206089812060846000000CDCCCC3D3A
:10B6C0006CF40508A8120608A4120608460000003B
:10B6D0000000803F6CF40508B0120608B812060896
:10B6E00046000000CDCCCC3D6CF40508CC12060819
:10B6F000C8120608460000000000803F6CF40508F0
:10B70000D4120608DC12060846000000CDCCCC3D61
:10B710006CF40508E8120608F0120608460000005E
:10B72000CDCCCC3D6CF40508F812060800130608D1
:10B73000490000000000803F6CF405081013060863
:10B7400018130608490000000000803F6CF405084B
:10B750002013060828130608490000000000803F57
:10B760006CF4050838130608401306084900000069
:10B770000000803F6CF40508C00606085013060858
:10B78000490000000000803F6CF4050854130608CF
:10B790005C130608490000000000803F6CF40508B7
:10B7A0006813060870130608490000000000803F77
:10B7B0006CF405087C130608841306084600000094
:10B7C000CDCCCC3D6CF40508941306089C130608F8
:10B7D00046000000CDCCCC3D6CF40508AC13060847
:10B7E000B413060846000000CDCCCC3D6CF405082F
:10B7F000C0130608C813060846000000CDCCCC3D97
:10B800006CF40508D8130608E0130608460000008B
:10B81000CDCCCC3D6CF40508D00F0608EC1306081F
:10B8200046000000CDCCCC3D6CF40508FC130608A6
:10B830000414060846000000CDCCCC3D6CF405088D
:10B84000141406081C14060846000000CDCCCC3D9C
:10B850006CF405082C140608341406084600000091
:10B86000CDCCCC3D6CF40508441406084C140608F5
:10B8700046000000CDCCCC3D6CF405085C140608F5
:10B8800064140608490000000000803F6CF40508BD
:10B89000D40606087814060846000000CDCCCC3D3E
:10B8A0006CF40508E8060608841406084900000040
:10B8B0000000803F6CF405089014060898140608F0
:10B8C00046000000CDCCCC3D6CF40508A814060859
:10B8D000B014060846000000CDCCCC3D6CF4050841
:10B8E000C0140608C8140608490000000000803F84
:10B8F0006CF40508D8140608E01406084900000096
:10B900000000803F6CF40508E8140608F0140608EF
:10B9100046000000CDCCCC3D6CF4050800150608AF
:10B920000815060846000000CDCCCC3D6CF4050897
:10B930001C15060824150608490000000000803F79
:10B940006CF4050830150608381506084900000093
:10B950000000803F6CF405084015060848150608ED
:10B96000490000000000803F6CF4050854150608EB
:10B970005C150608490000000000803F6CF40508D3
:10B980006815060870150608490000000000803F91
:10B990006CF405087C1506088415060849000000AB
:10B9A0000000803F6CF405089015060898150608FD
:10B9B000490000000000803F6CF40508A41506084B
:10B9C000AC150608490000000000803F6CF4050833
:10B9D000BC150608C415060846000000CDCCCC3DB9
:10B9E0006CF40508D0150608C815060846000000C6
:10B9F000CDCCCC3D6CF40508D8150608E01506083A
:10BA000046000000CDCCCC3D6CF40508F0150608CE
:10BA1000F815060846000000CDCCCC3D6CF40508B6
:10BA2000081606081016060846000000CDCCCC3DCE
:10BA30006CF405081C1606082416060849000000C8
:10BA40000000803F6CF4050830160608381606081A
:10BA5000490000000000803F6CF405084416060809
:10BA60004C160608490000000000803F6CF40508F1
:10BA7000541606085C160608490000000000803FC6
:10BA80006CF40508681606087016060849000000E0
:10BA90000000803F6CF405087C1606088416060832
:10BAA000490000000000803F6CF405088C16060871
:10BAB00094160608490000000000803F6CF4050859
:10BAC000A4160608AC160608490000000000803FD6
:10BAD0006CF40508BC160608C416060849000000E8
:10BAE0000000803F6CF40508D4160608DC16060832
:10BAF000490000000000803F6CF40508E8160608C5
:10BB0000F0160608490000000000803F6CF40508AC
:10BB10000017060808170608490000000000803FCB
:10BB20006CF405081C1706082417060849000000D5
:10BB30000000803F6CF405082C170608341706082F
:10BB4000490000000000803F6CF40508401706081B
:10BB500048170608490000000000803F6CF4050803
:10BB6000541706085C170608490000000000803FD3
:10BB70006CF405086C1706087417060849000000E5
:10BB80000000803F6CF40508801706083817060887
:10BB9000490000000000803F6CF405088817060883
:10BBA0004C170608490000000000803F6CF40508AF
:10BBB0009017060898170608490000000000803F0B
:10BBC0006CF40508A8170608B0170608490000001D
:10BBD0000000803F6CF40508C0170608C817060867
:10BBE00046000000CDCCCC3D6CF40508D417060807
:10BBF000D0170608490000000000803F6CF40508DB
:10BC0000DC170608E4170608490000000000803F22
:10BC10006CF40508F0170608F8170608490000003C
:10BC20000000803F6CF40508041806080C1806088C
:10BC3000490000000000803F6CF405081818060851
:10BC400020180608490000000000803F6CF4050839
:10BC50002C18060834180608490000000000803F30
:10BC60006CF405084018060848180608490000004A
:10BC70000000803F6CF40508541806085C1806089C
:10BC8000490000000000803F6CF4050868180608B1
:10BC900070180608490000000000803F6CF4050899
:10BCA0007C18060884180608490000000000803F40
:10BCB0006CF405088C180608941806084900000062
:10BCC0000000803F6CF405089C180608A4180608BC
:10BCD000490000000000803F6CF40508AC1806081D
:10BCE000B4180608490000000000803F6CF4050805
:10BCF000BC180608C4180608490000000000803F70
:10BD00006CF40508CC180608D41806084900000091
:10BD10000000803F6CF40508DC180608E4180608EB
:10BD2000490000000000803F6CF40508EC1806088C
:10BD3000F4180608490000000000803F6CF4050874
:10BD4000FC18060804190608490000000000803F9E
:10BD50006CF40508141906081C19060849000000AF
:10BD60000000803F6CF40508281906083019060801
:10BD7000490000000000803F6CF405083C190608EB
:10BD800044190608490000000000803F6CF40508D3
:10BD90005019060858190608490000000000803FA5
:10BDA0006CF40508641906086C19060849000000BF
:10BDB0000000803F6CF40508781906088019060811
:10BDC000490000000000803F6CF405088C1906084B
:10BDD00094190608490000000000803F6CF4050833
:10BDE000280E0608A0190608490000000000803F40
:10BDF0006CF40508FC060608AC19060849000000AA
:10BE00000000803F6CF4050814070608B8190608FE
:10BE1000490000000000803F6CF405082407060874
:10BE2000C4190608490000000000803F6CF40508B2
:10BE300034070608D0190608490000000000803FBA
:10BE40006CF405083C0E0608DC19060849000000E1
:10BE50000000803F6CF405084C0E0608E81906083F
:10BE6000490000000000803F6CF405084407060804
:10BE7000F4190608490000000000803F6CF4050832
:10BE800054070608001A0608490000000000803F19
:10BE90006CF40508640706080C1A0608490000003F
:10BEA0000000803F6CF40508181A0608201A0608DE
:10BEB000490000000000803F6CF405082C1A0608B9
:10BEC000341A0608490000000000803F6CF40508A1
:10BED0005C0E0608401A0608490000000000803F7A
:10BEE0006CF405084C1A0608541A060849000000AC
:10BEF0000000803F6CF40508601A0608681A0608FE
:10BF0000490000000000803F6CF40508741A060820
:10BF10007C1A0608490000000000803F6CF4050808
:10BF2000881A0608901A0608490000000000803FA1
:10BF30006CF405089C1A0608A41A060849000000BB
:10BF40000000803F6CF40508B01A0608B81A06080D
:10BF5000490000000000803F6CF40508C01A060884
:10BF6000C81A060846000000CDCCCC3D6CF405088C
:10BF7000D81A0608D41A0608460000000000803FC0
:10BF80006CF4050880070608E01A06084600000061
:10BF9000CDCCCC3D6CF4050890070608EC1A0608D9
:10BFA00046000000CDCCCC3D6CF40508001B060813
:10BFB000FC1A0608460000000000803F6CF40508EB
:10BFC000A4070608081B060846000000CDCCCC3D9F
:10BFD0006CF405081C1B0608181B06084600000028
:10BFE0000000803F6CF40508C4070608241B0608FF
:10BFF000490000000000803F6CF40508301B060873
:10C00000381B0608490000000000803F6CF405085A
:10C01000D8070608401B0608490000000000803FC2
:10C020006CF40508EC070608501B060846000000E3
:10C03000CDCCCC3D6CF40508601B06085C1B0608E3
:10C04000460000000000803F6CF40508681B0608ED
:10C05000701B060846000000CDCCCC3D6CF40508F2
:10C06000801B0608881B060846000000CDCCCC3D8E
:10C070006CF40508941B06089C1B0608460000008B
:10C08000CDCCCC3D6CF40508AC1B0608B41B0608EF
:10C0900046000000CDCCCC3D6CF40508C01B060862
:10C0A000C81B060846000000CDCCCC3D6CF405084A
:10C0B000D01B0608D81B0608490000000000803F7E
:10C0C0006CF40508E81B0608F01B06084900000090
:10C0D0000000803F6CF40508840E0608F81B060873
:10C0E000490000000000803F6CF40508980E060827
:10C0F000081C0608490000000000803F6CF4050899
:10C10000B00E0608181C0608490000000000803F19
:10C110006CF405081C1C0608241C060849000000D5
:10C120000000803F6CF40508301C0608381C060827
:10C13000490000000000803F6CF40508441C06081C
:10C140004C1C060846000000CDCCCC3D6CF4050824
:10C150005C1C0608641C060846000000CDCCCC3DE3
:10C160006CF40508741C06087C1C060846000000D8
:10C17000CDCCCC3D6CF40508881C0608901C060844
:10C1800046000000CDCCCC3D6CF40508A01C060890
:10C19000A81C060846000000CDCCCC3D6CF4050878
:10C1A000B41C0608BC1C060846000000CDCCCC3DE3
:10C1B0006CF40508CC1C0608D41C060846000000D8
:10C1C000CDCCCC3D6CF40508E41C0608EC1C06083C
:10C1D00046000000CDCCCC3D6CF40508FC1C0608E4
:10C1E000041D060846000000CDCCCC3D6CF40508CB
:10C1F000141D06081C1D060846000000CDCCCC3DD1
:10C200006CF405082C1D0608341D060849000000C2
:10C210000000803F6CF40508481D0608501D060804
:10C2200046000000CDCCCC3D6CF405085C1D060832
:10C23000641D0608490000000000803F6CF40508FA
:10C24000701D0608781D060846000000CDCCCC3DC8
:10C250006CF40508881D0608901D060846000000BD
:10C26000CDCCCC3D6CF40508A01D0608A81D060821
:10C27000490000000000803F6CF40508B81D060866
:10C28000C01D0608490000000000803F6CF405084E
:10C29000C81D0608D01D060846000000CDCCCC3DC8
:10C2A0006CF40508E01D0608E81D060846000000BD
:10C2B000CDCCCC3D6CF40508FC1D0608041E060818
:10C2C000490000000000803F6CF40508101E0608BD
:10C2D000181E0608490000000000803F6CF40508A5
:10C2E000201E0608281E0608490000000000803FA6
:10C2F0006CF40508341E06083C1E060849000000C0
:10C300000000803F6CF40508481E0608501E060811
:10C31000490000000000803F6CF405085C1E060820
:10C32000641E0608490000000000803F6CF4050808
:10C33000701E0608781E0608490000000000803FB5
:10C340006CF40508841E06088C1E060849000000CF
:10C350000000803F6CF405089C1E0608A41E060819
:10C3600046000000CDCCCC3D6CF40508B01E06089C
:10C37000A81E060846000000CDCCCC3D6CF4050894
:10C38000B81E0608C01E060846000000CDCCCC3DF5
:10C390006CF40508D01E0608D81E060846000000EA
:10C3A000CDCCCC3D6CF40508E81E0608F01E06084E
:10C3B00046000000CDCCCC3D6CF40508FC1E060800
:10C3C000041F0608490000000000803F6CF40508C7
:10C3D000101F0608181F0608490000000000803FD3
:10C3E0006CF40508201F0608281F060849000000F5
:10C3F0000000803F6CF40508341F06083C1F060847
:10C40000490000000000803F6CF40508481F060842
:10C41000501F0608490000000000803F6CF405082A
:10C42000581F0608601F0608490000000000803FF2
:10C430006CF40508701F0608781F06084900000004
:10C440000000803F6CF40508881F0608901F06084E
:10C45000490000000000803F6CF40508A01F06089A
:10C46000A81F0608490000000000803F6CF4050882
:10C47000B81F0608C01F0608490000000000803FE2
:10C480006CF40508D41F0608DC1F060849000000EC
:10C490000000803F6CF40508E41F0608EC1F060846
:10C4A000490000000000803F6CF40508F81F0608F2
:10C4B00000200608490000000000803F6CF40508D9
:10C4C0000C20060814200608490000000000803FE8
:10C4D0006CF40508242006082C20060849000000FA
:10C4E0000000803F6CF4050838200608F01F06089D
:10C4F000490000000000803F6CF405084020060859
:10C5000004200608490000000000803F6CF4050884
:10C510004820060850200608490000000000803F1F
:10C520006CF4050860200608682006084900000031
:10C530000000803F6CF4050878200608802006087B
:10C5400046000000CDCCCC3D6CF4050888200608E0
:10C5500090200608490000000000803F6CF40508A8
:10C560009C200608A4200608490000000000803F27
:10C570006CF40508B0200608B82006084900000041
:10C580000000803F6CF40508C4200608CC20060893
:10C59000490000000000803F6CF40508D820060820
:10C5A000E0200608490000000000803F6CF4050808
:10C5B000E8200608F0200608490000000000803F3F
:10C5C0006CF40508F8200608002106084900000060
:10C5D0000000803F6CF405080821060810210608B9
:10C5E000490000000000803F6CF40508182106088F
:10C5F00020210608490000000000803F6CF4050877
:10C600003021060838210608490000000000803F5C
:10C610006CF40508442106084C2106084900000076
:10C620000000803F6CF405085821060860210608C8
:10C63000490000000000803F6CF405086C210608EA
:10C6400074210608490000000000803F6CF40508D2
:10C650008021060888210608490000000000803F6C
:10C660006CF40508942106089C2106084900000086
:10C670000000803F6CF40508A8210608B0210608D8
:10C68000490000000000803F6CF40508BC2106084A
:10C69000C4210608490000000000803F6CF4050832
:10C6A000D0210608D8210608490000000000803F7C
:10C6B0006CF40508E4210608EC2106084900000096
:10C6C0000000803F6CF40508F821060800220608E7
:10C6D000490000000000803F6CF405080C220608A9
:10C6E00014220608490000000000803F6CF4050891
:10C6F0002022060828220608490000000000803F8A
:10C700006CF40508342206083C22060846000000A6
:10C71000CDCCCC3D6CF40508502206084C2206080E
:10C72000460000000000803F6CF40508582206080F
:10C730006022060846000000CDCCCC3D6CF4050814
:10C740006C2206087422060846000000CDCCCC3DC1
:10C750006CF40508882206088422060846000000BA
:10C760000000803F6CF40508902206089822060815
:10C7700046000000CDCCCC3D6CF40508AC22060888
:10C78000A8220608460000000000803F6CF405085F
:10C79000B4220608BC220608490000000000803FC1
:10C7A0006CF40508C8220608D022060849000000DB
:10C7B0000000803F6CF40508E0220608E822060825
:10C7C000490000000000803F6CF40508F8220608CC
:10C7D0009CED050846000000CDCCCC3D6CF405086E
:10C7E0000423060800230608460000000000803FDE
:10C7F0006CF405080C230608142306084600000004
:10C80000CDCCCC3D6CF4050820230608282306086F
:10C8100046000000CDCCCC3D6CF40508342306085E
:10C8200030230608460000000000803F6CF4050835
:10C830003C2306084423060846000000CDCCCC3D2E
:10C840006CF4050850230608582306084900000028
:10C850000000803F6CF40508682306087023060872
:10C86000490000000000803F6CF4050880230608A2
:10C8700088230608490000000000803F6CF405088A
:10C88000942306089C230608490000000000803F0E
:10C890006CF40508A8230608B02306084900000028
:10C8A0000000803F6CF40508BC230608C42306087A
:10C8B00046000000CDCCCC3D6CF40508D023060822
:10C8C000D823060846000000CDCCCC3D6CF405080A
:10C8D000E8230608F023060846000000CDCCCC3D36
:10C8E0006CF4050800240608082406084600000029
:10C8F000CDCCCC3D6CF4050818240608202406088D
:10C9000046000000CDCCCC3D6CF405083024060870
:10C910003824060846000000CDCCCC3D6CF4050858
:10C92000482406085024060846000000CDCCCC3D23
:10C930006CF40508642406086C2406084600000010
:10C94000CDCCCC3D6CF405087C2406088424060874
:10C9500046000000CDCCCC3D6CF4050894240608BC
:10C960009C24060846000000CDCCCC3D6CF40508A4
:10C97000A8240608B0240608490000000000803FF3
:10C980006CF40508BC240608C42406084600000010
:10C99000CDCCCC3D6CF40508D0240608D82406087C
:10C9A000490000000000803F6CF40508E4240608FC
:10C9B000EC240608490000000000803F6CF40508E4
:10C9C000F824060800250608490000000000803F02
:10C9D0006CF405080C25060814250608490000001B
:10C9E0000000803F6CF4050820250608282506086D
:10C9F000490000000000803F6CF40508302506085F
:10CA000038250608490000000000803F6CF4050846
:10CA1000442506084C250608490000000000803F18
:10CA20006CF405085C25060864250608490000002A
:10CA30000000803F6CF4050870250608782506087C
:10CA4000490000000000803F6CF4050884250608BA
:10CA5000380C0608490000000000803F6CF405080F
:10CA60008C25060894250608490000000000803F38
:10CA70006CF40508A0250608A82506084900000052
:10CA80000000803F6CF40508B8250608C02506089C
:10CA9000490000000000803F6CF40508C825060826
:10CAA000D0250608490000000000803F6CF405080E
:10CAB000DC250608E4250608490000000000803F48
:10CAC0006CF40508EC250608F4250608490000006A
:10CAD0000000803F6CF40508FC25060804260608C3
:10CAE000490000000000803F6CF405080C26060891
:10CAF00014260608490000000000803F6CF4050879
:10CB00001C26060824260608490000000000803F75
:10CB10006CF405082C260608342606084900000097
:10CB20000000803F6CF405083C26060844260608F1
:10CB3000490000000000803F6CF405084C26060800
:10CB400054260608490000000000803F6CF40508E8
:10CB50005C26060864260608490000000000803FA5
:10CB60006CF40508742606087C26060849000000B7
:10CB70000000803F6CF405088C2606089426060801
:10CB8000490000000000803F6CF40508A426060858
:10CB9000AC260608490000000000803F6CF4050840
:10CBA000BC260608C4260608490000000000803F95
:10CBB0006CF40508D4260608DC26060849000000A7
:10CBC0000000803F6CF40508EC260608F4260608F1
:10CBD000490000000000803F6CF4050804270608A7
:10CBE0000C270608490000000000803F6CF405088F
:10CBF0001C27060824270608490000000000803F83
:10CC00006CF40508342706083C2706084900000094
:10CC10000000803F6CF405084C27060854270608DE
:10CC2000490000000000803F6CF4050860270608FA
:10CC300068270608490000000000803F6CF40508E2
:10CC40007827060880270608490000000000803F7A
:10CC50006CF405089027060898270608490000008C
:10CC60000000803F6CF40508A8270608B0270608D6
:10CC7000490000000000803F6CF40508C02706084A
:10CC8000C8270608490000000000803F6CF4050832
:10CC9000D8270608E0270608490000000000803F6A
:10CCA0006CF40508F0270608F8270608490000007C
:10CCB0000000803F6CF405080828060810280608C4
:10CCC000490000000000803F6CF405082028060899
:10CCD0002828060846000000CDCCCC3D6CF40508A1
:10CCE000382806084028060846000000CDCCCC3D78
:10CCF0006CF405085028060858280608460000006D
:10CD0000CDCCCC3D6CF405086828060870280608D0
:10CD100046000000CDCCCC3D6CF405088028060808
:10CD200088280608490000000000803F6CF40508D0
:10CD3000942806089C28060846000000CDCCCC3D6F
:10CD40006CF40508A4280608AC2806084600000074
:10CD5000CDCCCC3D6CF40508B4280608BC280608E8
:10CD6000490000000000803F6CF40508C428060854
:10CD7000CC28060846000000CDCCCC3D6CF405085C
:10CD8000DC280608E428060846000000CDCCCC3D8F
:10CD90006CF40508F4280608FC2806084600000084
:10CDA000CDCCCC3D6CF405080C29060814290608E6
:10CDB00046000000CDCCCC3D6CF4050824290608C3
:10CDC0002C29060846000000CDCCCC3D6CF40508AB
:10CDD0003C29060844290608490000000000803F5D
:10CDE0006CF405085029060858290608460000007A
:10CDF000CDCCCC3D6CF405086029060868290608EE
:10CE000046000000CDCCCC3D6CF405087029060826
:10CE100078290608490000000000803F6CF40508EE
:10CE2000802906088829060846000000CDCCCC3DA4
:10CE30006CF4050898290608A02906084600000099
:10CE4000CDCCCC3D6CF40508B0290608B8290608FD
:10CE500046000000CDCCCC3D6CF40508C82906087E
:10CE6000D0290608490000000000803F6CF4050846
:10CE7000DC290608E4290608490000000000803F7C
:10CE80006CF40508F4290608FC290608490000008E
:10CE90000000803F6CF405080C2A0608142A0608D6
:10CEA000490000000000803F6CF40508202A0608B5
:10CEB000282A0608490000000000803F6CF405089D
:10CEC000382A0608402A0608490000000000803F72
:10CED0006CF405084C2A0608542A0608490000008C
:10CEE0000000803F6CF40508602A0608682A0608DE
:10CEF000490000000000803F6CF40508742A060811
:10CF00007C2A0608490000000000803F6CF40508F8
:10CF1000882A0608902A060846000000CDCCCC3DA1
:10CF20006CF40508982A0608A02A060846000000A6
:10CF3000CDCCCC3D6CF40508A82A060818060608D6
:10CF400046000000CDCCCC3D6CF40508B02A0608A4
:10CF5000B82A0608490000000000803F6CF405086C
:10CF6000C42A0608CC2A0608490000000000803FB9
:10CF70006CF40508D42A0608DC2A060849000000DB
:10CF80000000803F6CF40508E42A0608EC2A060835
:10CF9000490000000000803F6CF40508F82A0608EC
:10CFA000002B0608490000000000803F6CF40508D3
:10CFB000082B0608102B0608490000000000803FDF
:10CFC0006CF40508182B0608202B06084900000001
:10CFD0000000803F6CF40508282B0608302B06085B
:10CFE000490000000000803F6CF40508442B06084F
:10CFF0004C2B0608490000000000803F6CF4050837
:10D000005C2B0608642B0608490000000000803FE6
:10D010006CF40508702B0608782B06084900000000
:10D020000000803F6CF40508882B06087817060876
:10D03000490000000000803F6CF40508902B0608B2
:10D04000982B0608490000000000803F6CF405089A
:10D05000AC2B0608B42B0608490000000000803FF6
:10D060006CF40508C42B0608CC2B06084900000008
:10D070000000803F6CF40508D82B0608E02B06085A
:10D08000490000000000803F6CF40508F02B060802
:10D0900030200608490000000000803F6CF40508BD
:10D0A000F82B0608002C0608490000000000803F0D
:10D0B0006CF405080C2C0608142C06084900000026
:10D0C0000000803F6CF405081C2C0608242C060880
:10D0D000490000000000803F6CF40508302C060871
:10D0E000382C0608490000000000803F6CF4050859
:10D0F000402C0608482C060846000000CDCCCC3D4C
:10D100006CF40508502C0608582C0608490000004D
:10D110000000803F6CF40508682C0608F80D06082E
:10D12000490000000000803F6CF40508702C0608E0
:10D13000782C0608490000000000803F6CF40508C8
:10D14000882C0608902C0608490000000000803F4B
:10D150006CF40508A02C0608A82C06084600000060
:10D16000CDCCCC3D6CF40508B42C0608BC2C0608CC
:10D17000490000000000803F6CF40508CC2C060834
:10D18000D42C0608490000000000803F6CF405081C
:10D19000E42C0608EC2C0608490000000000803F43
:10D1A0006CF40508FC2C0608042D06084600000057
:10D1B000CDCCCC3D6CF40508102D0608182D0608C2
:10D1C000490000000000803F6CF40508282D060887
:10D1D000302D0608490000000000803F6CF405086F
:10D1E0003C2D0608442D0608490000000000803F41
:10D1F0006CF40508542D06085C2D06084900000053
:10D200000000803F6CF405086C2D0608742D06089C
:10D21000490000000000803F6CF40508842D0608DA
:10D220008C2D0608490000000000803F6CF40508C2
:10D23000C80E0608C40E0608460000000000803F25
:10D240006CF4050890080608982D060849000000AF
:10D250000000803F6CF40508A82D0608A42D0608E0
:10D26000460000000000803F40F00508E8F4050893
:10D27000C8E9050846000000CDCCCC3D40F00508CB
:10D28000F0F405088CED050846000000CDCCCC3D3F
:10D2900040F00508F8F4050800F505084600000010
:10D2A000CDCCCC3D40F005080CF5050814F505087B
:10D2B00046000000CDCCCC3D40F0050820F5050827
:10D2C00028F5050846000000CDCCCC3D40F005080F
:10D2D00034F505083CF50508490000000000803FD2
:10D2E00040F0050848F5050850F50508460000001F
:10D2F000CDCCCC3D40F005085CF5050864F505088B
:10D3000046000000CDCCCC3D40F0050870F5050886
:10D3100078F50508490000000000803F40F005084E
:10D32000B0F50508B8F50508490000000000803F89
:10D3300040F00508D4F50508DCF5050846000000B6
:10D34000CDCCCC3D40F00508E8F50508F0F5050822
:10D35000420000000000803F40F00508B02D0608A4
:10D36000B82D0608420000000000803F40F005088C
:10D37000C42D0608CC2D060846000000CDCCCC3DBF
:10D3800040F0050838F6050840F605084900000099
:10D390000000803F40F00508D82D0608E02D060863
:10D3A00046000000CDCCCC3D40F0050888F60508CD
:10D3B00090F60508490000000000803F40F0050895
:10D3C0009CF60508A4F60508490000000000803F0F
:10D3D00040F00508E82D0608F02D06084200000080
:10D3E0000000803F40F00508D8F60508E0F6050883
:10D3F000490000000000803F40F00508ECF60508F9
:10D40000F4F6050846000000CDCCCC3D40F0050800
:10D4100000F7050808F70508490000000000803FF4
:10D4200040F0050814F705081CF70508490000003E
:10D430000000803F40F0050828F7050830F7050890
:10D44000490000000000803F40F005083CF7050857
:10D4500044F70508490000000000803F40F005083F
:10D4600050F7050858F7050846000000CDCCCC3D24
:10D4700040F0050868F7050870F705084900000046
:10D480000000803F40F005087CF7050884F7050898
:10D49000490000000000803F40F0050894F70508AF
:10D4A0009CF70508490000000000803F40F0050897
:10D4B000A8F70508B0F7050846000000CDCCCC3D24
:10D4C00040F00508B8F70508C0F70508420000005D
:10D4D0000000803F40F00508CCF70508D4F70508A8
:10D4E000490000000000803F40F00508F4F70508FF
:10D4F000D00E0608490000000000803F40F00508FB
:10D50000FC2D0608042E060846000000CDCCCC3DBC
:10D5100040F0050808F80508102E0608490000002C
:10D520000000803F40F0050840F8050848F805086D
:10D53000420000000000803F40F00508B80C0608DB
:10D54000C00C0608490000000000803F40F00508BC
:10D5500044F905084CF90508490000000000803F27
:10D5600040F0050854F905085CF905084900000079
:10D570000000803F40F0050864F905086CF90508D3
:10D58000490000000000803F40F0050874F90508DC
:10D590007CF90508490000000000803F40F00508C4
:10D5A00084F905088CF90508490000000000803F57
:10D5B00040F0050894F905089CF9050849000000A9
:10D5C0000000803F40F00508A4F90508ACF9050803
:10D5D000490000000000803F40F00508B4F905084C
:10D5E000BCF90508490000000000803F40F0050834
:10D5F000C4F90508CCF90508490000000000803F87
:10D6000040F00508D4F90508DCF9050849000000D8
:10D610000000803F40F00508E4F90508ECF9050832
:10D62000490000000000803F40F00508F4F90508BB
:10D63000FCF90508490000000000803F40F00508A3
:10D64000182E0608202E0608490000000000803F22
:10D6500040F005082C2E0608342E0608490000006C
:10D660000000803F40F0050890FA050898FA050888
:10D6700046000000CDCCCC3D40F00508E0FA05089E
:10D68000E8FA0508490000000000803F40F0050866
:10D69000F4FA0508FCFA0508490000000000803F84
:10D6A00040F0050808FB050810FB050842000000D3
:10D6B0000000803F40F00508F80E0608000F06083D
:10D6C000490000000000803F40F005081CFB0508F1
:10D6D000B0E90508490000000000803F40F005085F
:10D6E0000C0F0608140F0608490000000000803FD8
:10D6F00040F0050834FB05083CFB05084900000024
:10D700000000803F40F005084CFB050854FB05086D
:10D71000490000000000803F40F0050860FB05085C
:10D7200068FB0508490000000000803F40F0050844
:10D7300070FB050878FB0508420000000000803FF0
:10D7400040F00508E0FB0508E8FB05084200000082
:10D750000000803F40F00508F4FB0508FCFB0508CD
:10D76000490000000000803F40F0050808FC050863
:10D7700010FC0508490000000000803F40F005084B
:10D780002802060830020608420000000000803F20
:10D7900040F005083C02060858FF0508420000005A
:10D7A0000000803F40F00508440206086CFF0508B1
:10D7B000420000000000803F40F0050854020608C7
:10D7C0005C02060846000000CDCCCC3D40F00508C8
:10D7D000680206087002060846000000CDCCCC3D69
:10D7E00040F005087C020608D4E905084600000060
:10D7F000CDCCCC3D40F00508840206088C0206081A
:10D80000420000000000803F40F00508C402060806
:10D810005811060846000000CDCCCC3D40F005086C
:10D82000E8020608F0020608420000000000803FFF
:10D8300040F0050824100608402E060846000000A7
:10D84000CDCCCC3D40F005089C030608A403060897
:10D85000420000000000803F40F00508C4030608B5
:10D86000CC03060846000000CDCCCC3D40F00508B6
:10D87000D8030608E003060846000000CDCCCC3DE6
:10D8800040F00508F403060894FF05084200000074
:10D890000000803F40F00508200406082804060820
:10D8A00046000000CDCCCC3D40F00508240506081C
:10D8B00020050608460000000000803F40F00508F3
:10D8C000482E0608502E0608420000000000803F47
:10D8D00040F00508602E06085C2E06084600000091
:10D8E0000000803F40F00508C0060608C80606088C
:10D8F000420000000000803F40F00508C80E060806
:10D90000C40E0608460000000000803F40F00508F5
:10D910009008060898080608490000000000803FAB
:10D9200040F00508A4080608AC08060849000000F5
:10D930000000803F40F00508B8080608C008060847
:10D94000490000000000803F40F00508CC080608B0
:10D95000D408060846000000CDCCCC3D40F00508B8
:10D96000E0080608E808060846000000CDCCCC3DDB
:10D9700040F00508800906088809060849000000EB
:10D980000000803F40F00508940906089C0906083D
:10D99000490000000000803F40F00508682E06089E
:10D9A000702E0608490000000000803F40F0050886
:10D9B000A8090608B0090608490000000000803FD9
:10D9C00040F005087C2E0608842E0608460000005C
:10D9D000CDCCCC3D40F00508902E0608982E0608C8
:10D9E00046000000CDCCCC3D40F00508F809060803
:10D9F000000A0608420000000000803F40F00508D1
:10DA00000C0A0608140A0608420000000000803FC5
:10DA100040F00508200A0608280A0608420000000F
:10DA20000000803F40F00508300A0608580A060842
:10DA3000420000000000803F40F00508400A060850
:10DA4000680A0608420000000000803F40F0050818
:10DA5000500A0608A42E0608420000000000803F7D
:10DA600040F00508600A0608B02E060842000000D3
:10DA70000000803F40F00508700A0608EC0A06081E
:10DA8000420000000000803F40F00508800A0608C0
:10DA9000500B0608420000000000803F40F00508DF
:10DAA000940A0608640B0608420000000000803F4C
:10DAB00040F00508A80A06081CF705084200000007
:10DAC0000000803F40F00508BC0A060854FB05082A
:10DAD000420000000000803F40F00508D00A060820
:10DAE00010FC0508420000000000803F40F00508DF
:10DAF000E40A0608780B0608420000000000803F98
:10DB000040F00508F80A060854FB0508420000002A
:10DB10000000803F40F005080C0B060810FC0508CB
:10DB2000420000000000803F40F00508200B06087E
:10DB3000BC2E0608420000000000803F40F00508AF
:10DB4000340B0608780B0608420000000000803FF6
:10DB5000D8EE0508E8F40508C8E905084600000005
:10DB6000CDCCCC3DD8EE0508F0F405088CED0508C9
:10DB700046000000CDCCCC3DD8EE0508F8F40508F1
:10DB800000F5050846000000CDCCCC3DD8EE0508D8
:10DB90000CF5050814F5050846000000CDCCCC3D79
:10DBA000D8EE050820F5050828F505084600000010
:10DBB000CDCCCC3DD8EE050834F505083CF505087C
:10DBC000490000000000803FD8EE050848F5050830
:10DBD00050F5050846000000CDCCCC3DD8EE050838
:10DBE0005CF5050864F5050846000000CDCCCC3D89
:10DBF000D8EE050870F5050878F50508490000001D
:10DC00000000803FD8EE0508B0F50508B8F5050816
:10DC1000490000000000803FD8EE0508D4F5050853
:10DC2000DCF5050846000000CDCCCC3DD8EE05085B
:10DC3000E8F50508F0F50508420000000000803F07
:10DC4000D8EE0508B02D0608B82D060842000000E1
:10DC50000000803FD8EE0508C42D0608CC2D06082C
:10DC600046000000CDCCCC3DD8EE050888F605086E
:10DC700090F60508490000000000803FD8EE050836
:10DC80009CF60508A4F60508490000000000803F46
:10DC9000D8EE0508E82D0608F02D06084200000021
:10DCA0000000803FD8EE0508CC2E0608D42E0608CA
:10DCB000420000000000803FD8EE0508D8F60508B5
:10DCC000E0F60508490000000000803FD8EE050896
:10DCD000ECF60508F4F6050846000000CDCCCC3D76
:10DCE000D8EE050800F7050808F705084900000008
:10DCF0000000803FD8EE050814F705081CF705085A
:10DD0000490000000000803FD8EE050828F705080C
:10DD100030F70508490000000000803FD8EE0508F4
:10DD20003CF7050844F70508490000000000803F63
:10DD3000D8EE050850F7050858F70508460000001A
:10DD4000CDCCCC3DD8EE050868F7050870F705087E
:10DD5000490000000000803FD8EE05087CF7050868
:10DD600084F70508490000000000803FD8EE050850
:10DD700094F705089CF70508490000000000803F63
:10DD8000D8EE0508A8F70508B0F70508460000001A
:10DD9000CDCCCC3DD8EE0508B8F70508C0F705088E
:10DDA000420000000000803FD8EE0508CCF70508CF
:10DDB000D4F70508490000000000803FD8EE0508B0
:10DDC000F4F70508D00E0608490000000000803F67
:10DDD000D8EE0508FC2D0608042E060846000000B3
:10DDE000CDCCCC3DD8EE050840F8050848F805082C
:10DDF000420000000000803FD8EE050844F9050805
:10DE00004CF90508490000000000803FD8EE0508E5
:10DE100054F905085CF90508490000000000803F3E
:10DE2000D8EE050864F905086CF9050849000000FA
:10DE30000000803FD8EE050874F905087CF9050854
:10DE4000490000000000803FD8EE050884F905086D
:10DE50008CF90508490000000000803FD8EE050855
:10DE600094F905089CF90508490000000000803F6E
:10DE7000D8EE0508A4F90508ACF90508490000002A
:10DE80000000803FD8EE0508B4F90508BCF9050884
:10DE9000490000000000803FD8EE0508C4F90508DD
:10DEA000CCF90508490000000000803FD8EE0508C5
:10DEB000D4F90508DCF90508490000000000803F9E
:10DEC000D8EE0508E4F90508ECF90508490000005A
:10DED0000000803FD8EE0508F4F90508FCF90508B4
:10DEE000490000000000803FD8EE0508182E060803
:10DEF000202E0608490000000000803FD8EE0508EB
:10DF00002C2E0608342E0608490000000000803F31
:10DF1000D8EE050890FA050898FA050846000000B2
:10DF2000CDCCCC3DD8EE0508E0FA0508E8FA0508A6
:10DF3000490000000000803FD8EE0508F4FA05080B
:10DF4000FCFA0508490000000000803FD8EE0508F3
:10DF500008FB050810FB0508420000000000803F98
:10DF6000D8EE05081CFB0508B0E9050849000000CB
:10DF70000000803FD8EE050834FB05083CFB05088F
:10DF8000490000000000803FD8EE05084CFB050862
:10DF900054FB0508490000000000803FD8EE05084A
:10DFA00060FB050868FB0508490000000000803F91
:10DFB000D8EE050870FB050878FB05084200000054
:10DFC0000000803FD8EE0508E0FB0508E8FB0508E7
:10DFD000420000000000803FD8EE0508F4FB050871
:10DFE000FCFB0508490000000000803FD8EE050852
:10DFF00008FC050810FC0508490000000000803FEF
:10E00000D8EE0508E02E0608E82E060849000000B4
:10E010000000803FD8EE05082802060830020608F6
:10E02000420000000000803FD8EE05083C020608D0
:10E0300058FF0508420000000000803FD8EE0508A8
:10E04000440206086CFF0508420000000000803F03
:10E05000D8EE0508540206085C02060846000000D7
:10E06000CDCCCC3DD8EE0508680206087002060843
:10E0700046000000CDCCCC3DD8EE05087C02060859
:10E08000D4E9050846000000CDCCCC3DD8EE05080B
:10E09000840206088C020608420000000000803F4F
:10E0A000D8EE0508E8020608F00206084200000063
:10E0B0000000803FD8EE050824100608402E060810
:10E0C00046000000CDCCCC3DD8EE05089C030608E8
:10E0D000A4030608420000000000803FD8EE0508B7
:10E0E000C4030608CC03060846000000CDCCCC3D96
:10E0F000D8EE0508D8030608E0030608460000002D
:10E10000CDCCCC3DD8EE0508F403060894FF0508F5
:10E11000420000000000803FD8EE050868050608B0
:10E12000F42E0608490000000000803FD8EE0508E4
:10E130007C05060884050608420000000000803FB8
:10E14000D8EE0508C0060608C8060608420000000A
:10E150000000803FD8EE0508C80E0608C40E060869
:10E16000460000000000803FD8EE05089008060831
:10E1700098080608490000000000803FD8EE050816
:10E18000A4080608AC080608490000000000803F0B
:10E19000D8EE0508B8080608C008060849000000BF
:10E1A0000000803FD8EE0508CC080608D408060811
:10E1B00046000000CDCCCC3DD8EE0508E0080608AE
:10E1C000E808060846000000CDCCCC3DD8EE050896
:10E1D0008009060888090608490000000000803F01
:10E1E000D8EE0508940906089C09060849000000B5
:10E1F0000000803FD8EE0508A8090608B009060807
:10E20000490000000000803FD8EE0508F809060824
:10E21000000A0608420000000000803FD8EE050812
:10E220000C0A0608140A0608420000000000803F9D
:10E23000D8EE0508200A0608280A06084200000051
:10E240000000803FD8EE0508300A0608580A060884
:10E25000420000000000803FD8EE0508400A060892
:10E26000680A0608420000000000803FD8EE05085A
:10E27000500A0608A42E0608420000000000803F55
:10E28000D8EE0508600A0608B02E06084200000015
:10E290000000803FD8EE0508700A0608EC0A060860
:10E2A000420000000000803FD8EE0508800A060802
:10E2B000500B0608420000000000803FD8EE050821
:10E2C000940A0608640B0608420000000000803F24
:10E2D000D8EE0508A80A06081CF705084200000049
:10E2E0000000803FD8EE0508BC0A060854FB05086C
:10E2F000420000000000803FD8EE0508D00A060862
:10E3000010FC0508420000000000803FD8EE050820
:10E31000E40A0608780B0608420000000000803F6F
:10E32000443006086C2F0608742F0608782F06085C
:10E330007C2F0608842F06088C2F06084830060814
:10E340005030060854300608583006086030060879
:10E35000643006083031323334353637383961624B
:10E36000636465660000000050EA050854EA050889
:10E3700030EA050844EA0508FCEB050804EC05084A
:10E38000000000000102030401020304060708095B
:10E39000443B0608483B0608503B0608583B060825
:10E3A0000006101600061016010002000400060008
:10E3B00008000A000C00100020004000800000014E
:10E3C0000804020408010101010101030701000022
:10E3D00062617369635F737472696E673A3A617000
:10E3E00070656E6400747275650066616C736500BB
:10E3F000EFBBBF0062617369635F737472696E67BC
:10E400003A3A5F535F636F6E737472756374206E14
:10E41000756C6C206E6F742076616C69640063614A
:10E420006E6E6F7420637265617465207368696DC8
:10E4300020666F7220756E6B6E6F776E206C6F63E7
:10E44000616C653A3A666163657400756E696E6900
:10E450007469616C697A6564205F5F616E795F736E
:10E460007472696E670025733A205F5F706F732066
:10E4700028776869636820697320257A7529203EAA
:10E4800020746869732D3E73697A6528292028777E
:10E490006869636820697320257A75290062617351
:10E4A00069635F737472696E673A3A636F7079007B
:10E4B00062617369635F737472696E673A3A5F533E
:10E4C0005F6372656174650062617369635F737431
:10E4D00072696E673A3A6572617365006261736969
:10E4E000635F737472696E673A3A5F4D5F7265700D
:10E4F0006C6163655F6175780062617369635F7306
:10E500007472696E673A3A61737369676E0062612B
:10E510007369635F737472696E673A3A726573699F
:10E520007A65007072696E7400636E74726C007547
:10E5300070706572006C6F77657200616C706861F5
:10E540000070756E63740078646967697400616C4B
:10E550006E756D0067726170680062617369635FF8
:10E56000737472696E673A20636F6E737472756349
:10E5700074696F6E2066726F6D206E756C6C2069A9
:10E5800073206E6F742076616C69640062617369D8
:10E59000635F737472696E673A3A696E7365727419
:10E5A000004300252E2A4C6600256D2F25642F255B
:10E5B000790025483A254D0025483A254D3A2553FE
:10E5C0000062617369635F696F733A3A636C656196
:10E5D000720062617369635F737472696E673A3A5D
:10E5E0005F4D5F6372656174650062617369635F4B
:10E5F000737472696E673A3A5F4D5F7265706C61F1
:10E60000636500254C66006C6F63616C653A3A6621
:10E61000616365743A3A5F535F6372656174655F05
:10E62000635F6C6F63616C65206E616D65206E6FFA
:10E63000742076616C6964002D2B78583031323348
:10E640003435363738396162636465663031323368
:10E65000343536373839414243444546002D2B780E
:10E660005830313233343536373839616263646556
:10E6700066414243444546002D303132333435360D
:10E6800037383900474D540048535400414B5354D8
:10E6900000505354004D53540043535400455354B9
:10E6A00000415354004E53540043455400495354C1
:10E6B00000454554004A535400414D00504D00253B
:10E6C000493A254D3A25532025700053756E6461F3
:10E6D00079004D6F6E64617900547565736461797A
:10E6E000005765646E657364617900546875727370
:10E6F000646179004672696461790053617475726E
:10E700006461790053756E004D6F6E00547565003D
:10E71000576564005468750046726900536174005F
:10E720004A616E75617279004665627275617279CF
:10E73000004D6172636800417072696C004D6179CF
:10E74000004A756E65004A756C790041756775738E
:10E75000740053657074656D626572004F63746F09
:10E76000626572004E6F76656D6265720044656326
:10E77000656D626572004A616E00466562004D61BA
:10E780007200417072004A756E004A756C004175E6
:10E790006700536570004F6374004E6F76004465E8
:10E7A0006300696F73747265616D00696F73747271
:10E7B00065616D206572726F7200556E6B6E6F775A
:10E7C0006E206572726F720067656E6572696300B4
:10E7D0002E005245454E54206D616C6C6F63207362
:10E7E0007563636565646564002F6275696C642F89
:10E7F000676E752D746F6F6C732D666F722D7374E9
:10E800006D33325F31332E332E72656C312E3230E0
:10E810003235303532332D303930302F7372632F2B
:10E820006E65776C69622F6E65776C69622F6C69B3
:10E8300062632F7374646C69622F62746F77632EE6
:10E8400063002F6275696C642F676E752D746F6F2E
:10E850006C732D666F722D73746D33325F31332E8E
:10E86000332E72656C312E32303235303532332DE5
:10E87000303930302F7372632F6E65776C69622F79
:10E880006E65776C69622F6C6962632F7374646C58
:10E8900069622F7763746F622E6300626C616E6BC6
:10E8A00000494E4600696E66004E414E006E616E34
:10E8B000003031323334353637383961626364655C
:10E8C000660065256C64002573252E2A6400257377
:10E8D00025302E2A64002B0025326400252E326458
:10E8E0002F252E32642F252E326400256C75005999
:10E8F0002D256D2D2564002E2A7500252E336400EC
:10E90000252E316400256C6C6400252E32643A2576
:10E910002E32643A252E32640025652D25622D2580
:10E9200000252B30336C64252E326C6400545A0061
:10E930002531315B2D2B302D39412D5A612D7A5DDA
:10E94000256E002531315B412D5A612D7A5D256E92
:10E95000004D256875256E2E256875256E2E256857
:10E9600075256E002F256875256E3A256875256E0C
:10E970003A256875256E00504F534958002561208F
:10E9800025622025652025483A254D3A2553202526
:10E99000590025612025622025652025483A254D0E
:10E9A0003A255320255A202559006D64002C2066F5
:10E9B000756E6374696F6E3A20006173736572746B
:10E9C000696F6E2022257322206661696C65643A46
:10E9D0002066696C6520222573222C206C696E6587
:10E9E000202564257325730A00496E66696E697473
:10E9F00079004E614E002F6275696C642F676E75E9
:10EA00002D746F6F6C732D666F722D73746D33324E
:10EA10005F31332E332E72656C312E323032353009
:10EA20003532332D303930302F7372632F6E657766
:10EA30006C69622F6E65776C69622F6C6962632FF7
:10EA40007374646C69622F64746F612E6300426139
:10EA50006C6C6F6320737563636565646564002F18
:10EA60006275696C642F676E752D746F6F6C732D92
:10EA7000666F722D73746D33325F31332E332E72A5
:10EA8000656C312E32303235303532332D303930FD
:10EA9000302F7372632F6E65776C69622F6E6577A6
:10EAA0006C69622F6C6962632F7374646C69622F86
:10EAB0006764746F612D6765746865782E63002FD5
:10EAC0006275696C642F676E752D746F6F6C732D32
:10EAD000666F722D73746D33325F31332E332E7245
:10EAE000656C312E32303235303532332D3039309D
:10EAF000302F7372632F6E65776C69622F6E657746
:10EB00006C69622F6C6962632F7374646C69622F25
:10EB10006D707265632E6300232D302B2000686CAE
:10EB20004C0065666745464700412D46612D6638B5
:10EB30003930313233343536375D002B2D003030EB
:10EB40000078580053756363657373004E6F7420CB
:10EB50006F776E6572004E6F20737563682066690B
:10EB60006C65206F72206469726563746F727900DE
:10EB70004E6F20737563682070726F6365737300E6
:10EB8000496E7465727275707465642073797374FC
:10EB9000656D2063616C6C00492F4F206572726F48
:10EBA00072004E6F207375636820646576696365D3
:10EBB000206F722061646472657373004172672014
:10EBC0006C69737420746F6F206C6F6E670045788A
:10EBD000656320666F726D6174206572726F72007A
:10EBE000536F636B657420616C7265616479206337
:10EBF0006F6E6E6563746564004261642066696C63
:10EC000065206E756D626572004E6F206368696C79
:10EC10006472656E0044657374696E6174696F6EC9
:10EC200020616464726573732072657175697265C1
:10EC300064004E6F206D6F72652070726F63657334
:10EC4000736573004E6F7420656E6F75676820730F
:10EC500070616365005065726D697373696F6E20D2
:10EC600064656E6965640042616420616464726514
:10EC7000737300446576696365206F7220726573F3
:10EC80006F7572636520627573790046696C6520E3
:10EC90006578697374730043726F73732D6465765E
:10ECA000696365206C696E6B004E6F2073756368D5
:10ECB00020646576696365004E6F74206120646925
:10ECC000726563746F727900486F73742069732082
:10ECD000646F776E00436F6E6E656374696F6E204C
:10ECE000616C726561647920696E2070726F677201
:10ECF0006573730049732061206469726563746F82
:10ED0000727900496E76616C696420617267756D15
:10ED1000656E74004E6574776F726B20696E7465F2
:10ED20007266616365206973206E6F7420636F6E15
:10ED30006669677572656400436F6E6E65637469BA
:10ED40006F6E2061626F72746564206279206E65F7
:10ED500074776F726B00546F6F206D616E79206FE6
:10ED600070656E2066696C657320696E20737973B7
:10ED700074656D0046696C652064657363726970C3
:10ED8000746F722076616C756520746F6F206C6192
:10ED9000726765004E6F7420612063686172616301
:10EDA00074657220646576696365005465787420C3
:10EDB00066696C6520627573790046696C652074BC
:10EDC0006F6F206C6172676500486F7374206973A0
:10EDD00020756E726561636861626C65004E6F20BC
:10EDE0007370616365206C656674206F6E20646566
:10EDF00076696365004E6F7420737570706F7274FE
:10EE0000656400496C6C6567616C207365656B00B7
:10EE1000526561642D6F6E6C792066696C65207334
:10EE2000797374656D00546F6F206D616E79206C1D
:10EE3000696E6B730042726F6B656E2070697065EE
:10EE4000004D617468656D617469637320617267F8
:10EE5000756D656E74206F7574206F6620646F6DBC
:10EE600061696E206F662066756E6374696F6E00EF
:10EE7000526573756C7420746F6F206C6172676576
:10EE8000004E6F206D657373616765206F66206447
:10EE90006573697265642074797065004964656E94
:10EEA0007469666965722072656D6F766564004984
:10EEB0006C6C6567616C206279746520736571752F
:10EEC000656E636500446561646C6F636B004E65DD
:10EED00074776F726B20697320756E7265616368F9
:10EEE00061626C65004E6F206C6F636B004E6F74D7
:10EEF00020612073747265616D0053747265616D79
:10EF000020696F63746C2074696D656F7574004E51
:10EF10006F2073747265616D207265736F757263B3
:10EF20006573005669727475616C206369726375EC
:10EF3000697420697320676F6E650050726F746F1B
:10EF4000636F6C206572726F7200556E6B6E6F77B7
:10EF50006E2070726F746F636F6C004D756C7469A6
:10EF6000686F7020617474656D70746564004261CF
:10EF700064206D6573736167650046756E637469BF
:10EF80006F6E206E6F7420696D706C656D656E7448
:10EF90006564004469726563746F7279206E6F7482
:10EFA00020656D7074790046696C65206F72207001
:10EFB000617468206E616D6520746F6F206C6F6E78
:10EFC0006700546F6F206D616E792073796D626F89
:10EFD0006C6963206C696E6B73004E6F206275669E
:10EFE00066657220737061636520617661696C612A
:10EFF000626C65004E6F20646174610041646472EC
:10F000006573732066616D696C79206E6F7420730F
:10F010007570706F727465642062792070726F749D
:10F020006F636F6C2066616D696C790050726F74EC
:10F030006F636F6C2077726F6E67207479706520D4
:10F04000666F7220736F636B657400536F636B65DB
:10F0500074206F7065726174696F6E206F6E206EC0
:10F060006F6E2D736F636B65740050726F746F6396
:10F070006F6C206E6F7420617661696C61626C6583
:10F0800000436F6E6E656374696F6E20726566759E
:10F0900073656400436F6E6E656374696F6E207292
:10F0A00065736574206279207065657200416464DF
:10F0B0007265737320616C726561647920696E207A
:10F0C0007573650041646472657373206E6F74209C
:10F0D000617661696C61626C6500536F667477611B
:10F0E00072652063617573656420636F6E6E65631E
:10F0F00074696F6E2061626F727400536F636B6529
:10F1000074206973206E6F7420636F6E6E65637414
:10F11000656400536F636B657420697320616C7262
:10F120006561647920636F6E6E6563746564004F1A
:10F130007065726174696F6E2063616E63656C6582
:10F1400064005374617465206E6F74207265636F20
:10F1500076657261626C650050726576696F757371
:10F16000206F776E65722064696564004F70657208
:10F170006174696F6E206E6F7420737570706F723A
:10F18000746564206F6E20736F636B6574005661E5
:10F190006C756520746F6F206C6172676520666F97
:10F1A0007220646566696E656420646174612074B0
:10F1B000797065004D65737361676520746F6F20AA
:10F1C0006C6F6E6700436F6E6E656374696F6E205F
:10F1D00074696D6564206F7574004E5374366C6F7E
:10F1E00063616C653566616365744500FC220708E0
:10F1F000DAF10608430000000CD3012474D2012484
:10F20000F8D2012468D2012400D3012470D2012451
:10F210001CD3012484D2012418D3012480D20124D8
:10F2200014D301247CD2012410D3012478D20124E8
:10F23000FCD201246CD201246CD30124B4D2012469
:10F2400058D30124A8D2012460D30124B0D20124D0
:10F250007CD30124C4D2012478D30124C0D2012458
:10F2600074D30124BCD2012470D30124B8D2012468
:10F270005CD30124ACD20124000000000000000097
:10F2800074000000720000007500000065000000BE
:10F290000000000066000000610000006C0000003B
:10F2A000730000006500000000000000470000003F
:10F2B0004D00000054000000000000004800000065
:10F2C0005300000054000000000000004100000056
:10F2D0004B0000005300000054000000000000003C
:10F2E0005000000053000000540000000000000027
:10F2F0004D0000005300000054000000000000001A
:10F300004300000053000000540000000000000013
:10F310004500000053000000540000000000000001
:10F3200041000000530000005400000000000000F5
:10F330004E000000530000005400000000000000D8
:10F3400043000000450000005400000000000000E1
:10F3500049000000530000005400000000000000BD
:10F3600045000000450000005400000000000000BF
:10F370004A0000005300000054000000000000009C
:10F38000250000006D0000002F0000002500000097
:10F39000640000002F00000025000000790000003C
:10F3A0000000000025000000480000003A000000B6
:10F3B000250000004D0000003A000000250000007C
:10F3C0005300000000000000410000004D0000005C
:10F3D00000000000500000004D0000000000000090
:10F3E00025000000490000003A0000002500000050
:10F3F0004D0000003A00000025000000530000000E
:10F400002000000025000000700000000000000047
:10F4100053000000750000006E0000006400000052
:10F420006100000079000000000000004D000000B5
:10F430006F0000006E00000064000000610000002A
:10F44000790000000000000054000000750000007A
:10F45000650000007300000064000000610000000F
:10F460007900000000000000570000006500000067
:10F47000640000006E0000006500000073000000E2
:10F48000640000006100000079000000000000003E
:10F4900054000000680000007500000072000000C9
:10F4A00073000000640000006100000079000000AB
:10F4B000000000004600000072000000690000002B
:10F4C00064000000610000007900000000000000FE
:10F4D000530000006100000074000000750000008F
:10F4E000720000006400000061000000790000006C
:10F4F0000000000053000000750000006E000000D6
:10F50000000000004D0000006F0000006E000000D1
:10F5100000000000540000007500000065000000BD
:10F5200000000000570000006500000064000000BB
:10F53000000000005400000068000000750000009A
:10F54000000000004600000072000000690000009A
:10F550000000000053000000610000007400000083
:10F56000000000004A000000610000006E00000082
:10F5700075000000610000007200000079000000CA
:10F58000000000004600000065000000620000006E
:10F5900072000000750000006100000072000000B1
:10F5A00079000000000000004D0000006100000034
:10F5B000720000006300000068000000000000000E
:10F5C00041000000700000007200000069000000AF
:10F5D0006C000000000000004D0000006100000011
:10F5E00079000000000000004A00000075000000E3
:10F5F0006E00000065000000000000004A000000EE
:10F60000750000006C0000007900000000000000A0
:10F610004100000075000000670000007500000058
:10F6200073000000740000000000000053000000A0
:10F63000650000007000000074000000650000001C
:10F640006D00000062000000650000007200000014
:10F65000000000004F000000630000007400000084
:10F660006F000000620000006500000072000000F2
:10F67000000000004E0000006F0000007600000057
:10F68000650000006D0000006200000065000000E1
:10F69000720000000000000044000000650000004F
:10F6A00063000000650000006D00000062000000C3
:10F6B0006500000072000000000000004A00000029
:10F6C000610000006E000000000000004600000025
:10F6D0006500000062000000000000004D00000016
:10F6E0006100000072000000000000004100000006
:10F6F0007000000072000000000000004A000000DE
:10F70000750000006E000000000000004A000000CC
:10F71000750000006C0000000000000041000000C7
:10F7200075000000670000000000000053000000AA
:10F730006500000070000000000000004F000000A5
:10F740006300000074000000000000004E00000094
:10F750006F00000076000000000000004400000080
:10F7600065000000630000000000000025000000AC
:10F7700073000000250000002E0000002A00000099
:10F78000640000000000000025000000730000007D
:10F7900025000000300000002E0000002A000000BC
:10F7A000640000000000000025000000320000009E
:10F7B0006400000000000000250000002E00000092
:10F7C00032000000640000002F000000250000004F
:10F7D0002E00000032000000640000002F00000036
:10F7E000250000002E000000320000006400000030
:10F7F00000000000250000006C0000007500000003
:10F8000000000000590000002D000000250000004D
:10F810006D0000002D0000002500000064000000C5
:10F82000000000002E0000002A000000750000000B
:10F8300000000000250000002E0000003300000042
:10F840006400000000000000250000002E00000001
:10F8500031000000640000000000000025000000EE
:10F860006C0000006C00000064000000000000005C
:10F87000250000002E00000032000000640000009F
:10F880003A000000250000002E00000032000000B9
:10F89000640000003A000000250000002E00000077
:10F8A000320000006400000000000000250000009D
:10F8B000650000002D00000025000000620000002F
:10F8C0002D0000002500000000000000590000008D
:10F8D00000000000250000002B00000030000000A8
:10F8E000330000006C0000006400000025000000F0
:10F8F0002E000000320000006C00000064000000D8
:10F900000000000030000000310000003200000064
:10F910003300000034000000350000003600000015
:10F9200037000000380000003900000061000000CE
:10F930006200000063000000640000006500000039
:10F9400066000000000000003000000031000000F0
:10F9500032000000330000003400000035000000D9
:10F9600036000000370000003800000039000000B9
:10F97000410000004200000043000000440000007D
:10F9800045000000460000000000000049000000A3
:10F990004E0000004600000000000000690000006A
:10F9A0006E00000066000000000000004E00000035
:10F9B000410000004E000000000000006E0000004A
:10F9C000610000006E000000000000003000000038
:10F9D0000000000000000000F81807082DB8030818
:10F9E00069B8030800000000CC1807087DB80308B8
:10F9F000B9B80308000000006C200708CDB8030860
:10FA000009B9030800000000402007081DB90308D9
:10FA100059B90308000000001C1907080DBE0308AF
:10FA200041BE0308000000009020070855BE0308EF
:10FA300089BE030853743132636F64656376745F03
:10FA40006261736500000000FC22070834FA0608B2
:10FA5000537432335F5F636F64656376745F6162B2
:10FA60007374726163745F62617365494473633177
:10FA7000305F6D6273746174655F744500000000EF
:10FA8000D423070850FA0608000000000200000016
:10FA9000ECF106080200000048FA06080200000027
:10FAA000537437636F6465637674494473633130AC
:10FAB0005F6D6273746174655F7445005C23070851
:10FAC000A0FA060880FA0608537432335F5F636F4A
:10FAD00064656376745F61627374726163745F629C
:10FAE0006173654944696331305F6D627374617439
:10FAF000655F744500000000D4230708C8FA0608B3
:10FB00000000000002000000ECF106080200000006
:10FB100048FA060802000000537437636F64656397
:10FB200076744944696331305F6D627374617465E2
:10FB30005F7445005C23070818FB0608F8FA0608FE
:10FB4000537432335F5F636F64656376745F6162C1
:10FB50007374726163745F62617365494473447561
:10FB600031305F6D6273746174655F7445000000CD
:10FB7000D423070840FB0608000000000200000034
:10FB8000ECF106080200000048FA06080200000036
:10FB9000537437636F646563767449447344753195
:10FBA000305F6D6273746174655F744500000000BE
:10FBB0005C23070890FB060870FB06085374323379
:10FBC0005F5F636F64656376745F616273747261B3
:10FBD00063745F62617365494469447531305F6D78
:10FBE0006273746174655F7445000000D423070874
:10FBF000BCFB06080000000002000000ECF1060853
:10FC00000200000048FA060802000000537437633F
:10FC10006F6465637674494469447531305F6D6221
:10FC200073746174655F7445000000005C2307080D
:10FC30000CFC0608ECFB06080000000080FA060831
:10FC400000000000000000000000000000000000B4
:10FC500000000000000000000000000000000000A4
:10FC60000000000000000000BCFA060831CC0308C8
:10FC700045CC03082DC8030871C3030821CA030833
:10FC800079C303087DC30308A1CA030881C303081D
:10FC900000000000F8FA0608000000000000000064
:10FCA0000000000000000000000000000000000054
:10FCB0000000000000000000000000000000000044
:10FCC00034FB060859CC03086DCC0308A9C8030807
:10FCD00071C3030849C9030879C303087DC3030836
:10FCE000A9C9030881C303080000000070FB0608CF
:10FCF0000000000000000000000000000000000004
:10FD000000000000000000000000000000000000F3
:10FD10000000000000000000B0FB060881CC0308D2
:10FD200095CC0308C1CA030885C30308CDCB0308DB
:10FD300079C303087DC3030885CB030881C3030887
:10FD400000000000ECFB06080000000000000000BE
:10FD500000000000000000000000000000000000A3
:10FD60000000000000000000000000000000000093
:10FD70002CFC0608A9CC0308BDCC030831C7030836
:10FD800085C3030835CB030879C303087DC3030883
:10FD900001C7030881C30308EFBBBF00D4230708D2
:10FDA000BCFD06080000000002000000A8150708BE
:10FDB000020000008C020708020C00002A4E537457
:10FDC00031335F5F66616365745F7368696D73315A
:10FDD000325F474C4F42414C5F5F4E5F3131336E73
:10FDE000756D70756E63745F7368696D49634545C1
:10FDF00000000000D423070814FE060800000000DD
:10FE0000020000008C150708020000008C020708A1
:10FE1000020C00002A4E537431335F5F66616365E4
:10FE2000745F7368696D7331325F474C4F42414C68
:10FE30005F5F4E5F313132636F6C6C6174655F730D
:10FE400068696D4963454500D423070868FE0608C4
:10FE50000000000002000000A416070802000000D5
:10FE60008C020708020C00002A4E537431335F5F86
:10FE700066616365745F7368696D7331325F474CA7
:10FE80004F42414C5F5F4E5F3131356D6F6E65792A
:10FE900070756E63745F7368696D49634C62314558
:10FEA00045450000D4230708C4FE060800000000F2
:10FEB00002000000DC160708020000008C020708A0
:10FEC000020C00002A4E537431335F5F6661636534
:10FED000745F7368696D7331325F474C4F42414CB8
:10FEE0005F5F4E5F3131356D6F6E657970756E6332
:10FEF000745F7368696D49634C6230454545000025
:10FF0000D423070820FF06080000000002000000BC
:10FF1000B4170708020000008C020708020800005E
:10FF20002A4E537431335F5F66616365745F736833
:10FF3000696D7331325F474C4F42414C5F5F4E5F9A
:10FF40003131346D6F6E65795F6765745F736869B1
:10FF50006D49634545000000D423070878FF060873
:10FF60000000000002000000FC170708020000006B
:10FF70008C020708020800002A4E537431335F5F79
:10FF800066616365745F7368696D7331325F474C96
:10FF90004F42414C5F5F4E5F3131346D6F6E65791A
:10FFA0005F7075745F7368696D4963454500000053
:10FFB000D4230708D0FF060800000000020000005C
:10FFC0000C170708020000008C020708021000004E
:10FFD0002A4E537431335F5F66616365745F736883
:10FFE000696D7331325F474C4F42414C5F5F4E5FEA
:10FFF0003131336D657373616765735F7368696D04
:020000040807EB
:100000004963454500000000D4230708280007087D
:1000100000000000020000001C1D07080200000094
:100020008C020708020C00002A4E537431335F5FC4
:1000300066616365745F7368696D7331325F474CE5
:100040004F42414C5F5F4E5F3131336E756D70755D
:100050006E63745F7368696D497745450000000001
:10006000D4230708800007080000000002000000F9
:10007000C01C0708020000008C020708020C0000E8
:100080002A4E537431335F5F66616365745F7368D2
:10009000696D7331325F474C4F42414C5F5F4E5F39
:1000A000313132636F6C6C6174655F7368696D497F
:1000B00077454500D4230708D40007080000000056
:1000C00002000000181E0708020000008C0207084A
:1000D000020C00002A4E537431335F5F6661636522
:1000E000745F7368696D7331325F474C4F42414CA6
:1000F0005F5F4E5F3131356D6F6E657970756E6320
:10010000745F7368696D49774C62314545450000FD
:10011000D423070830010708000000000200000097
:10012000501E0708020000008C020708020C0000A5
:100130002A4E537431335F5F66616365745F736821
:10014000696D7331325F474C4F42414C5F5F4E5F88
:100150003131356D6F6E657970756E63745F73687C
:10016000696D49774C62304545450000D423070846
:100170008C0107080000000002000000281F07088B
:10018000020000008C020708020800002A4E537487
:1001900031335F5F66616365745F7368696D733186
:1001A000325F474C4F42414C5F5F4E5F3131346D9F
:1001B0006F6E65795F6765745F7368696D497745D0
:1001C00045000000D4230708E401070800000000F0
:1001D00002000000701F0708020000008C020708E0
:1001E000020800002A4E537431335F5F6661636515
:1001F000745F7368696D7331325F474C4F42414C95
:100200005F5F4E5F3131346D6F6E65795F7075740D
:100210005F7368696D49774545000000D42307087E
:100220003C0207080000000002000000801E0708D2
:10023000020000008C020708021000002A4E5374CE
:1002400031335F5F66616365745F7368696D7331D5
:10025000325F474C4F42414C5F5F4E5F3131336DEF
:10026000657373616765735F7368696D4977454549
:10027000004E5374366C6F63616C653566616365FF
:1002800074365F5F7368696D45000000FC220708E3
:1002900071020708D4230708B40207080000000011
:1002A000020000008C180708020000008C020708FA
:1002B000020800002A4E537431335F5F6661636544
:1002C000745F7368696D7331325F474C4F42414CC4
:1002D0005F5F4E5F31313374696D655F6765745F71
:1002E0007368696D4963454500000000D423070821
:1002F0000C030708000000000200000000200708AF
:10030000020000008C020708020800002A4E537405
:1003100031335F5F66616365745F7368696D733104
:10032000325F474C4F42414C5F5F4E5F3131337417
:10033000696D655F6765745F7368696D4977454589
:1003400000000000000000009CFD060891D6030894
:10035000B5D60308437404084B7404082B770408CB
:10036000177704080377040800000000F4FD06086E
:1003700051D803087DD8030839D003087FE7030864
:100380005D7404080000000048FE0608C9D6030892
:10039000F1D603081D740408237404087B7704084D
:1003A00067770408537704083F7704082974040822
:1003B0002F7404083974040800000000A4FE060825
:1003C00005D703082DD70308F7730408FD73040845
:1003D000CB770408B7770408A37704088F7704085D
:1003E000037404080974040813740408000000006E
:1003F00000FF060891D80308B5D80308A7D1030861
:10040000A9E703080000000058FF0608C9D8030840
:10041000EDD8030817D2030831DA03080000000002
:10042000B0FF060841D703085DD7030845D5030888
:100430002FE803084FD20308000000000800070857
:1004400071D7030895D7030823E1040829E10408BC
:1004500041E50408A3E304088FE30408000000005A
:100460006000070801D903082DD903085BD20308EF
:10047000F7E8030839E1040800000000B4000708A9
:10048000A9D70308D1D70308FDE0040803E1040855
:1004900055E50408DFE30408CBE30408B7E30408E8
:1004A00009E104080FE1040819E104080000000054
:1004B00010010708E5D703080DD80308D7E00408A2
:1004C000DDE0040869E504081BE4040807E4040807
:1004D000F3E30408E3E00408E9E00408F3E00408B7
:1004E000000000006C01070841D9030865D9030822
:1004F000C9D3030821E9030800000000C40107086C
:1005000079D903089DD9030839D4030889DA030887
:10051000000000001C02070821D803083DD803088A
:1005200025D50308A7E903086FD4030800000000DD
:1005300094020708B1D90308D5D903089DD103084F
:100540005BD1030819D10308D7D0030895D003085D
:1005500053D0030800000000EC020708E9D90308A3
:100560000DDA0308BFD303087DD303083BD3030888
:10057000F9D20308B7D2030875D203085374313097
:1005800063747970655F626173650000FC2207081F
:100590007C050708537435637479706549634500B9
:1005A000D42307089405070800000000020000009B
:1005B000ECF10608020000008C05070802000000AC
:1005C0005374356374797065497745005C23070877
:1005D000C0050708EC1C070800000000A00507087C
:1005E000C9F60308F1F6030825F8030835F80308EF
:1005F00055F8030865F80308C1F6030817F7030860
:10060000C5F6030803F7030800000000CC0507083F
:100610002DF7030851F7030865F90308A1F903084A
:10062000EBF9030817FA030825F903082BF9030867
:1006300045F903084BF9030843FA03084BFA03088A
:1006400069FA03088DFA0308537431306D6F6E65D3
:10065000795F626173650000FC220708480607089D
:10066000537431336D657373616765735F62617372
:1006700065000000FC2207086006070853743974FF
:10068000696D655F6261736500000000FC22070808
:100690007C0607084E5374375F5F637878313137D3
:1006A000636F6C6C61746549634545005C230708A2
:1006B00094060708ECF106084E5374375F5F6378C1
:1006C000783131386E756D70756E63744963454568
:1006D000000000005C230708B8060708ECF10608D4
:1006E0004E5374375F5F637878313131306D6F6EA0
:1006F000657970756E637449634C62314545450098
:10070000D4230708E00607080000000002000000EC
:10071000ECF106080200000058060708020000007D
:100720004E5374375F5F637878313131306D6F6E5F
:10073000657970756E637449634C62304545450058
:10074000D42307082007070800000000020000006B
:10075000ECF106080200000058060708020000003D
:100760004E5374375F5F6378783131386D657373DA
:10077000616765734963454500000000D42307089D
:10078000600707080000000002000000ECF1060806
:100790000200000074060708020000004E53743780
:1007A0005F5F6378783131396D6F6E65795F67654A
:1007B000744963537431396973747265616D62751C
:1007C000665F6974657261746F7249635374313125
:1007D000636861725F74726169747349634545450A
:1007E000450000005C2307089C070708ECF1060899
:1007F0004E5374375F5F6378783131396D6F6E6552
:10080000795F7075744963537431396F73747265AD
:10081000616D6275665F6974657261746F72496358
:1008200053743131636861725F74726169747349C2
:1008300063454545450000005C230708F0070708AD
:10084000ECF106084E5374375F5F637878313138C6
:1008500074696D655F676574496353743139697391
:10086000747265616D6275665F6974657261746FDB
:1008700072496353743131636861725F7472616984
:10088000747349634545454500000000D4230708BB
:10089000440807080000000002000000ECF1060810
:1008A000020000008C0607080200000000000000A3
:1008B000AC06070875FC030891FC0308D300040884
:1008C0002D000408B9FB030800000000D406070847
:1008D00009BD030829BD03089FFB0308A7FB030804
:1008E000C1FD0308B1FD0308A1FD030800000000DD
:1008F000000707083DB603085DB6030879FB030847
:100900007FFB030801FE0308F1FD0308E1FD030876
:10091000D1FD030885FB03088BFB030895FB030847
:10092000000000004007070871B6030891B60308ED
:1009300053FB030859FB030841FE030831FE03087B
:1009400021FE030811FE03085FFB030865FB030893
:100950006FFB0308000000007C07070845FC030844
:1009600061FC0308B3FB0308D9530508B7FB030870
:1009700000000000E4070708CDFB0308E1FB0308C3
:10098000D92704086928040800000000380807086F
:10099000F5FB030809FC03080D0A04081D0B0408F5
:1009A000000000008C0807081DFC030831FC030848
:1009B000AFFB03085D1E0408E31E0408051D0408C0
:1009C000C71D0408F51B0408691F0408D423070881
:1009D000EC0907080000000002000000D406070828
:1009E000020000008C020708020C00002A4E53741B
:1009F00031335F5F66616365745F7368696D73311E
:100A0000325F474C4F42414C5F5F4E5F3131336E36
:100A1000756D70756E63745F7368696D4963454584
:100A200000000000D4230708440A07080000000063
:100A300002000000AC060708020000008C02070854
:100A4000020C00002A4E537431335F5F66616365A8
:100A5000745F7368696D7331325F474C4F42414C2C
:100A60005F5F4E5F313132636F6C6C6174655F73D1
:100A700068696D4963454500D4230708980A07084B
:100A8000000000000200000000070708020000004C
:100A90008C020708020C00002A4E537431335F5F4A
:100AA00066616365745F7368696D7331325F474C6B
:100AB0004F42414C5F5F4E5F3131356D6F6E6579EE
:100AC00070756E63745F7368696D49634C6231451C
:100AD00045450000D4230708F40A07080000000079
:100AE0000200000040070708020000008C0207080F
:100AF000020C00002A4E537431335F5F66616365F8
:100B0000745F7368696D7331325F474C4F42414C7B
:100B10005F5F4E5F3131356D6F6E657970756E63F5
:100B2000745F7368696D49634C62304545450000E8
:100B3000D4230708500B0708000000000200000043
:100B4000E4070708020000008C0207080208000002
:100B50002A4E537431335F5F66616365745F7368F7
:100B6000696D7331325F474C4F42414C5F5F4E5F5E
:100B70003131346D6F6E65795F6765745F73686975
:100B80006D49634545000000D4230708A80B0708FA
:100B90000000000002000000380807080200000002
:100BA0008C020708020800002A4E537431335F5F3D
:100BB00066616365745F7368696D7331325F474C5A
:100BC0004F42414C5F5F4E5F3131346D6F6E6579DE
:100BD0005F7075745F7368696D4963454500000017
:100BE000D4230708000C07080000000002000000E2
:100BF0007C070708020000008C02070802100000B2
:100C00002A4E537431335F5F66616365745F736846
:100C1000696D7331325F474C4F42414C5F5F4E5FAD
:100C20003131336D657373616765735F7368696DC7
:100C30004963454500000000D4230708580C070805
:100C40000000000002000000D411070802000000AC
:100C50008C020708020C00002A4E537431335F5F88
:100C600066616365745F7368696D7331325F474CA9
:100C70004F42414C5F5F4E5F3131336E756D707521
:100C80006E63745F7368696D4977454500000000C5
:100C9000D4230708B00C0708000000000200000081
:100CA000AC110708020000008C020708020C0000CB
:100CB0002A4E537431335F5F66616365745F736896
:100CC000696D7331325F474C4F42414C5F5F4E5FFD
:100CD000313132636F6C6C6174655F7368696D4943
:100CE00077454500D4230708040D070800000000DD
:100CF0000200000000120708020000008C02070832
:100D0000020C00002A4E537431335F5F66616365E5
:100D1000745F7368696D7331325F474C4F42414C69
:100D20005F5F4E5F3131356D6F6E657970756E63E3
:100D3000745F7368696D49774C62314545450000C1
:100D4000D4230708600D070800000000020000001F
:100D500040120708020000008C020708020C000085
:100D60002A4E537431335F5F66616365745F7368E5
:100D7000696D7331325F474C4F42414C5F5F4E5F4C
:100D80003131356D6F6E657970756E63745F736840
:100D9000696D49774C62304545450000D42307080A
:100DA000BC0D07080000000002000000E412070864
:100DB000020000008C020708020800002A4E53744B
:100DC00031335F5F66616365745F7368696D73314A
:100DD000325F474C4F42414C5F5F4E5F3131346D63
:100DE0006F6E65795F6765745F7368696D49774594
:100DF00045000000D4230708140E07080000000077
:100E00000200000038130708020000008C020708E7
:100E1000020800002A4E537431335F5F66616365D8
:100E2000745F7368696D7331325F474C4F42414C58
:100E30005F5F4E5F3131346D6F6E65795F707574D1
:100E40005F7368696D49774545000000D423070842
:100E50006C0E070800000000020000007C1207086A
:100E6000020000008C020708021000002A4E537492
:100E700031335F5F66616365745F7368696D733199
:100E8000325F474C4F42414C5F5F4E5F3131336DB3
:100E9000657373616765735F7368696D497745450D
:100EA00000000000D4230708C40E0708000000005B
:100EB000020000008C080708020000008C020708EE
:100EC000020800002A4E537431335F5F6661636528
:100ED000745F7368696D7331325F474C4F42414CA8
:100EE0005F5F4E5F31313374696D655F6765745F55
:100EF0007368696D4963454500000000D423070805
:100F00001C0F070800000000020000008C130708F7
:100F1000020000008C020708020800002A4E5374E9
:100F200031335F5F66616365745F7368696D7331E8
:100F3000325F474C4F42414C5F5F4E5F31313374FB
:100F4000696D655F6765745F7368696D497745456D
:100F50000000000000000000CC090708992F0408D9
:100F6000BD2F04089FFB0308A7FB0308C1FD03086E
:100F7000B1FD0308A1FD030800000000240A0708D2
:100F80005931040885310408E52904087F40040824
:100F9000B9FB030800000000780A0708D12F0408F5
:100FA000F92F040879FB03087FFB030801FE0308FF
:100FB000F1FD0308E1FD0308D1FD030885FB0308EB
:100FC0008BFB030895FB030800000000D40A070808
:100FD0000D3004083530040853FB030859FB03089F
:100FE00041FE030831FE030821FE030811FE030839
:100FF0005FFB030865FB03086FFB030800000000AC
:10100000300B070899310408BD310408532B04083C
:10101000A940040800000000880B0708D13104082B
:10102000F5310408C32B040829330408000000002C
:10103000E00B07084930040865300408072C040851
:1010400089410408FB2B040800000000380C070845
:10105000793004089D300408D3430408D9430408B8
:10106000A5460408E5450408D5450408000000002D
:10107000900C070809320408353204081F2C0408B4
:1010800043420408E943040800000000E40C070898
:10109000B1300408D9300408AD430408B343040850
:1010A000B54604081546040805460408F545040835
:1010B000B9430408BF430408C94304080000000002
:1010C000400D0708ED300408153104088743040873
:1010D0008D430408C54604084546040835460408FF
:1010E000254604089343040899430408A3430408CD
:1010F000000000009C0D0708493204086D32040806
:101100008D2D04086D42040800000000F40D07084E
:1011100081320408A5320408FD2D04088133040837
:10112000000000004C0E070829310408453104086E
:101130003F2E04084B430408332E0408000000002F
:10114000A40E0708B9320408DD320408492B04084C
:10115000072B0408C52A0408832A0408412A040826
:10116000FF290408691F040800000000FC0E07089E
:10117000F132040815330408832D0408412D0408B6
:10118000FF2C0408BD2C04087B2C0408392C04080F
:10119000296704084E5374375F5F637878313137BD
:1011A000636F6C6C61746549774545005C23070883
:1011B00094110708ECF106084E5374375F5F6378AB
:1011C000783131386E756D70756E63744977454549
:1011D000000000005C230708B8110708ECF10608BE
:1011E0004E5374375F5F637878313131306D6F6E95
:1011F000657970756E637449774C62314545450079
:10120000D4230708E01107080000000002000000D6
:10121000ECF1060802000000580607080200000072
:101220004E5374375F5F637878313131306D6F6E54
:10123000657970756E637449774C62304545450039
:10124000D423070820120708000000000200000055
:10125000ECF1060802000000580607080200000032
:101260004E5374375F5F6378783131386D657373CF
:10127000616765734977454500000000D42307087E
:10128000601207080000000002000000ECF10608F0
:101290000200000074060708020000004E53743775
:1012A0005F5F6378783131396D6F6E65795F67653F
:1012B000744977537431396973747265616D6275FD
:1012C000665F6974657261746F7249775374313106
:1012D000636861725F7472616974734977454545EB
:1012E000450000005C2307089C120708ECF1060883
:1012F0004E5374375F5F6378783131396D6F6E6547
:10130000795F7075744977537431396F737472658E
:10131000616D6275665F6974657261746F72497739
:1013200053743131636861725F74726169747349B7
:1013300077454545450000005C230708F012070883
:10134000ECF106084E5374375F5F637878313138BB
:1013500074696D655F676574497753743139697372
:10136000747265616D6275665F6974657261746FD0
:1013700072497753743131636861725F7472616965
:10138000747349774545454500000000D42307089C
:10139000441307080000000002000000ECF10608FA
:1013A000020000008C060708020000000000000098
:1013B000AC110708A5440408C144040841490408C5
:1013C0007D480408E943040800000000D411070820
:1013D000D9BD0308F9BD0308D3430408D943040861
:1013E000A5460408E5450408D545040800000000AA
:1013F00000120708C5B70308E5B70308AD430408A2
:10140000B3430408B5460408154604080546040815
:10141000F5450408B9430408BF430408C943040858
:101420000000000040120708F9B7030819B80308C4
:10143000874304088D430408C5460408454604084C
:1014400035460408254604089343040899430408D4
:10145000A3430408000000007C1207087544040838
:1014600091440408E34304081B540508E7430408B7
:1014700000000000E4120708FD43040811440408BA
:10148000856F040815700408000000003813070871
:101490002544040839440408B5510408AD52040831
:1014A000000000008C1307084D4404086144040840
:1014B000DF4304081D660408A3660408C564040825
:1014C00087650408B5630408296704085374396202
:1014D000617369635F696F73496353743131636822
:1014E00061725F74726169747349634545000000FD
:1014F0005C230708CC140708181507080000000033
:10150000F014070861710408757104085374386990
:101510006F735F6261736500FC2207080C15070892
:10152000000000001815070885720408BD72040841
:1015300053690000D4230708301507080000000095
:1015400001000000F014070803F4FFFF601507080E
:101550007415070808000000000000003415070893
:10156000D172040805730408F8FFFFFFF8FFFFFFBE
:1015700034150708F57204081773040853743763A9
:101580006F6C6C6174654963450000005C2307085B
:101590007C150708ECF106085374386E756D70758C
:1015A0006E637449634500005C23070898150708BB
:1015B000ECF106085374376E756D5F6765744963A7
:1015C000537431396973747265616D6275665F69F0
:1015D00074657261746F7249635374313163686109
:1015E000725F747261697473496345454500000018
:1015F0005C230708B4150708ECF106085374376E2E
:10160000756D5F7075744963537431396F7374729B
:1016100065616D6275665F6974657261746F724948
:101620006353743131636861725F7472616974739A
:1016300049634545450000005C230708FC15070881
:10164000ECF10608537431375F5F74696D6570752E
:101650006E63745F63616368654963450000000001
:101660005C23070844160708ECF10608537431316F
:101670005F5F74696D6570756E63744963450000E2
:101680005C2307086C160708ECF106085374313028
:101690006D6F6E657970756E637449634C62314528
:1016A00045000000D42307088C160708000000003E
:1016B00002000000ECF106080200000058060708CE
:1016C00002000000537431306D6F6E657970756E75
:1016D000637449634C62304545000000D423070819
:1016E000C41607080000000002000000ECF1060824
:1016F0000200000058060708020000005374386D0D
:10170000657373616765734963450000D4230708F7
:10171000FC1607080000000002000000ECF10608BB
:101720000200000074060708020000005374323300
:101730005F5F636F64656376745F61627374726127
:1017400063745F6261736549636331305F6D6273B7
:10175000746174655F744500D42307082C1707086B
:101760000000000002000000ECF10608020000008A
:1017700048FA0608020000005374396D6F6E6579EF
:101780005F67657449635374313969737472656155
:101790006D6275665F6974657261746F72496353D7
:1017A000743131636861725F747261697473496323
:1017B000454545005C23070878170708ECF1060843
:1017C0005374396D6F6E65795F70757449635374C6
:1017D00031396F73747265616D6275665F697465C6
:1017E0007261746F72496353743131636861725FFF
:1017F0007472616974734963454545005C23070849
:10180000C0170708ECF1060853743874696D655FFA
:101810007075744963537431396F73747265616D97
:101820006275665F6974657261746F72496353743F
:101830003131636861725F747261697473496345C1
:10184000454500005C23070808180708ECF1060866
:1018500053743874696D655F676574496353743197
:10186000396973747265616D6275665F69746572FA
:1018700061746F72496353743131636861725F746C
:10188000726169747349634545450000D4230708B4
:10189000501807080000000002000000ECF10608E4
:1018A000020000008C060708020000005374313863
:1018B0005F5F6D6F6E657970756E63745F63616392
:1018C000686549634C623045450000005C230708A9
:1018D000AC180708ECF10608537431385F5F6D6F80
:1018E0006E657970756E63745F6361636865496383
:1018F0004C623145450000005C230708D8180708F2
:10190000ECF10608537431365F5F6E756D70756E5D
:1019100063745F6361636865496345005C2307081E
:1019200004190708ECF10608000000008C150708F0
:10193000AD750408C97504083D7904089D7804084C
:101940005D74040800000000A815070839BF0308EB
:1019500059BF0308437404084B7404082B77040828
:10196000177704080377040800000000F015070843
:1019700071740408FD74040873B104083DB10408CF
:1019800059B60408BDB9040821BD04086DC1040896
:1019900049C504085DAC0408E9AC040875AD040849
:1019A00057BD0408000000003816070885740408B5
:1019B0000F750408358804080D880408478A040850
:1019C000298C04087F8D0408A98F0408CF9104088E
:1019D0006F8A04080000000060160708C17404083C
:1019E000457504080000000080160708DD7504082E
:1019F0001976040800000000A41607087DBA030841
:101A00009DBA03081D740408237404087B77040836
:101A100067770408537704083F770408297404089B
:101A20002F7404083974040800000000DC1607084D
:101A3000B1BA0308D1BA0308F7730408FD730408A8
:101A4000CB770408B7770408A37704088F770408D6
:101A500003740408097404081374040800000000E7
:101A60000C1707087D750408997504085774040855
:101A7000615405085B74040800000000581707084B
:101A80000000000000000000000000000000000056
:101A90000000000000000000000000000000000046
:101AA0000000000000000000B41707089974040843
:101AB00021750408ADD0040831D1040800000000ED
:101AC000FC170708AD74040833750408E196040890
:101AD000F99704080000000044180708D5740408AA
:101AE000577504082D980408000000008C1807089A
:101AF000E97404086975040853740408C3C704082A
:101B00004BC804088FC6040829C704087FC5040809
:101B10004E5374375F5F637878313131356261736A
:101B200069635F737472696E676275664963537443
:101B30003131636861725F747261697473496345BE
:101B400053614963454545005C230708101B07089E
:101B5000681C07084E5374375F5F63787831313102
:101B60003962617369635F69737472696E677374F4
:101B70007265616D496353743131636861725F747A
:101B80007261697473496345536149634545450012
:101B90005C230708541B07083415070800000000E1
:101BA000481B07089DD30408C5D304086BD8040854
:101BB0008DD6040861D404088FD50408A1D8040880
:101BC000F1D3040855D904080DD40408AFD804088B
:101BD0005DD30408FFD80408A7D604084400000019
:101BE000000000003415070800000000000000009D
:101BF000BCFFFFFFBCFFFFFF34150708000000001B
:101C000000000000201C0708E81B0708FC1B070851
:101C1000341C07084400000000000000901B070867
:101C200031D8040849D80408BCFFFFFFBCFFFFFF00
:101C3000901B070839D804085BD804085374313561
:101C400062617369635F73747265616D6275664921
:101C50006353743131636861725F74726169747364
:101C60004963454500000000FC2207083C1C0708AA
:101C700000000000681C0708D5D80408EDD8040847
:101C80006BD804086DD804086FD8040885D80408F8
:101C9000A1D80408A5D8040855D90408A9D804086F
:101CA000AFD80408C7D80408FFD80408CDD8040862
:101CB000537437636F6C6C6174654977450000003D
:101CC0005C230708B01C0708ECF106085374323196
:101CD0005F5F63747970655F61627374726163746E
:101CE0005F6261736549774500000000D4230708EF
:101CF000CC1C07080000000002000000ECF1060800
:101D0000020000008C050708020000005374386EC2
:101D1000756D70756E637449774500005C23070824
:101D20000C1D0708ECF106085374376E756D5F677C
:101D300065744977537431396973747265616D6282
:101D400075665F6974657261746F72497753743137
:101D500031636861725F7472616974734977454574
:101D6000450000005C230708281D0708ECF1060861
:101D70005374376E756D5F7075744977537431396C
:101D80006F73747265616D6275665F6974657261A7
:101D9000746F72497753743131636861725F747222
:101DA0006169747349774545450000005C23070865
:101DB000701D0708ECF10608537431375F5F7469D2
:101DC0006D6570756E63745F6361636865497745BF
:101DD000000000005C230708B81D0708ECF10608A6
:101DE000537431315F5F74696D6570756E637449EA
:101DF000774500005C230708E01D0708ECF10608A2
:101E0000537431306D6F6E657970756E6374497798
:101E10004C62314545000000D4230708001E070826
:101E20000000000002000000ECF1060802000000C3
:101E30005806070802000000537431306D6F6E655C
:101E40007970756E637449774C62304545000000C7
:101E5000D4230708381E0708000000000200000015
:101E6000ECF1060802000000580607080200000016
:101E70005374386D65737361676573497745000006
:101E8000D4230708701E07080000000002000000AD
:101E9000ECF10608020000007406070802000000CA
:101EA000537432335F5F636F64656376745F61623E
:101EB0007374726163745F62617365497763313013
:101EC0005F6D6273746174655F744500D4230708A5
:101ED000A01E07080000000002000000ECF1060848
:101EE0000200000048FA0608020000005374396D31
:101EF0006F6E65795F6765744977537431396973BB
:101F0000747265616D6275665F6974657261746F24
:101F100072497753743131636861725F74726169B9
:101F200074734977454545005C230708EC1E070894
:101F3000ECF106085374396D6F6E65795F707574D6
:101F40004977537431396F73747265616D62756668
:101F50005F6974657261746F72497753743131636C
:101F60006861725F747261697473497745454500B1
:101F70005C230708341F0708ECF106085374387413
:101F8000696D655F7075744977537431396F737417
:101F90007265616D6275665F6974657261746F7296
:101FA000497753743131636861725F747261697427
:101FB00073497745454500005C2307087C1F0708E7
:101FC000ECF1060853743874696D655F6765744990
:101FD00077537431396973747265616D6275665FC8
:101FE0006974657261746F724977537431316368D3
:101FF00061725F7472616974734977454545000089
:10200000D4230708C41F07080000000002000000D6
:10201000ECF10608020000008C0607080200000030
:10202000537431385F5F6D6F6E657970756E637470
:102030005F636163686549774C6230454500000025
:102040005C23070820200708ECF106085374313898
:102050005F5F6D6F6E657970756E63745F636163EA
:10206000686549774C623145450000005C230708EC
:102070004C200708ECF10608537431365F5F6E752B
:102080006D70756E63745F63616368654977450061
:102090005C23070878200708ECF106080000000020
:1020A000C01C070889E20408A5E20408ADE604089C
:1020B000F1E5040839E1040800000000EC1C070801
:1020C0000000000000000000000000000000000010
:1020D0000000000000000000000000000000000000
:1020E00000000000000000000000000000000000F0
:1020F0000000000000000000000000001C1D070898
:1021000009C0030829C0030823E1040829E10408E1
:1021100041E50408A3E304088FE30408000000007D
:10212000641D07084DE10408D9E104087F1E050875
:10213000491E050861230508B5260508092A050872
:102140004D2E05082132050871190508FD190508ED
:10215000891A05083F2A050800000000AC1D070881
:1021600061E10408EBE10408B7FB040891FB0408F3
:10217000B9FD04088BFF0408D50005080103050814
:1021800029050508DFFD040800000000D41D07082C
:102190009DE1040821E2040800000000F41D070886
:1021A000B9E20408F5E2040800000000181E070860
:1021B00005BC030825BC0308FDE0040803E104088E
:1021C00055E50408DFE30408CBE30408B7E304089B
:1021D00009E104080FE1040819E104080000000007
:1021E000501E070839BC030859BC0308D7E004088F
:1021F000DDE0040869E504081BE4040807E40408BA
:10220000F3E30408E3E00408E9E00408F3E0040869
:1022100000000000801E070859E2040875E2040867
:1022200033E104088B54050837E10408000000007E
:10223000CC1E0708000000000000000000000000A5
:10224000000000000000000000000000000000008E
:10225000000000000000000000000000281F070828
:1022600075E10408FDE104087D3D0508013E05080F
:1022700000000000701F070889E104080FE204084D
:1022800031F8040831F9040800000000B81F0708FD
:10229000B1E1040833E204084F050508000000001E
:1022A00000200708C5E1040845E204082FE10408FE
:1022B0009B340508233505086733050801340508F4
:1022C000573205084E31305F5F6378786162697616
:1022D0003131375F5F636C6173735F747970655F11
:1022E000696E666F450000005C230708C42207087A
:1022F0009023070800000000E82207087944050839
:102300008D4405081147050811470508F7440508DD
:1023100039440508DF440508A14405086B44050855
:10232000004E31305F5F63787861626976313230B8
:102330005F5F73695F636C6173735F747970655F0E
:10234000696E666F450000005C23070821230708BB
:10235000E822070800000000482307080D4605088A
:10236000214605081147050811470508F7440508E7
:1023700039440508E546050871460508354605084F
:10238000537439747970655F696E666F0000000080
:10239000FC220708802307084E31305F5F6378789E
:1023A000616269763132315F5F766D695F636C615E
:1023B00073735F747970655F696E666F45000000C6
:1023C0005C23070898230708E8220708000000009C
:1023D000C023070841470508554705081147050868
:1023E00011470508F744050839440508594A050806
:1023F0000348050869470508537437636F646563CC
:10240000767449636331305F6D6273746174655FC4
:10241000744500005C230708F823070858170708CD
:10242000537437636F646563767449776331305FE3
:102430006D6273746174655F744500005C23070806
:1024400020240708CC1E07080000000014240708F9
:10245000B14D0508D54D0508834D0508914D05087A
:10246000834D0508994D05089D4D0508A14D0508AA
:10247000994D0508000000003C240708E94D0508B7
:102480000D4E0508614E0508914D0508174F0508CA
:102490007F4F0508AD4D0508914F05088D4F050884
:1024A00000001F003B005A0078009700B500D400E0
:1024B000F300110130014E016D0100001F003C00CE
:1024C0005B0079009800B600D500F40012013101DC
:1024D0004F016E01020300045C230708E42407088F
:1024E000502507082A4E31325F474C4F42414C5F1E
:1024F0005F4E5F313137696F5F6572726F725F6314
:10250000617465676F72794500000000000000008B
:10251000D8240708895905089D5905087D590508DB
:10252000A95B0508B1590508935A0508995A050889
:10253000C35A05084E5374335F5632313465727294
:102540006F725F63617465676F72794500000000A8
:10255000FC220708342507085C23070864250708C0
:10256000502507082A4E31325F474C4F42414C5F9D
:102570005F4E5F31323267656E657269635F6572A7
:10258000726F725F63617465676F727945000000F6
:102590005C2307089C250708502507082A4E31327E
:1025A0005F474C4F42414C5F5F4E5F313231737930
:1025B0007374656D5F6572726F725F636174656776
:1025C0006F727945000000000000000058250708E0
:1025D000215A0508DB5A0508055A0508A95B0508B4
:1025E000F55A0508935A05080D5A0508C35A0508F7
:1025F0000000000090250708915A0508E75A0508D1
:10260000255A0508A95B0508F55A05082D5A05083D
:10261000CD5B0508C35A050834000000CEFBFFFF60
:10262000CB030000010000000000000035000000A6
:10263000CEFBFFFFCB030000010000000000000004
:10264000BC89D897B2D29C3C33A7A8D523F6493988
:102650003DA7F444FD0FA5329D978CCF08BA5B25AA
:10266000436FAC6428066811002020202020202021
:102670002020282828282820202020202020202032
:102680002020202020202020208810101010101042
:10269000101010101010101010040404040404048E
:1026A0000404041010101010101041414141414128
:1026B000010101010101010101010101010101010A
:1026C000010101011010101010104242424242421A
:1026D00002020202020202020202020202020202DA
:1026E0000202020210101010200000000000000082
:1026F00000000000000000000000000000000000DA
:1027000000000000000000000000000000000000C9
:1027100000000000000000000000000000000000B9
:1027200000000000000000000000000000000000A9
:102730000000000000000000000000000000000099
:102740000000000000000000000000000000000089
:102750000000000000000000000000000000000079
:1027600000000000000000000000000076E70608FE
:102770007AE706087EE7060882E706083DE70608CE
:1027800086E706088AE706088EE7060892E7060845
:1027900096E706089AE706089EE7060820E7060877
:1027A00028E7060831E7060837E706083DE7060888
:1027B00041E7060846E706084BE7060852E7060821
:1027C0005CE7060864E706086DE7060804E7060804
:1027D00008E706080CE7060810E7060814E70608ED
:1027E00018E706081CE70608CBE60608D2E6060846
:1027F000D9E60608E1E60608EBE60608F4E6060870
:10280000FBE60608B8E50608A9E506087DE906081E
:10281000B9E60608BCE6060892E9060820E70608BD
:1028200028E7060831E7060837E706083DE7060807
:1028300041E7060846E706084BE7060852E70608A0
:102840005CE7060864E706086DE70608AAE90608DB
:10285000BFE60608E8E90608E8E90608E8E9060828
:10286000E8E90608E8E9060805000000190000008C
:102870007D000000000000000080E03779C3414384
:10288000176E05B5B5B89346F5F93FE9034F384DD6
:10289000321D30F94877825A3CBF737FDD4F157582
:1028A000000000000000F03F000000000000244095
:1028B00000000000000059400000000000408F4070
:1028C000000000000088C34000000000006AF840DB
:1028D0000000000080842E4100000000D0126341FF
:1028E0000000000084D797410000000065CDCD4175
:1028F000000000205FA00242000000E87648374256
:10290000000000A2941A6D42000040E59C30A242F3
:102910000000901EC4BCD64200003426F56B0C4368
:102920000080E03779C3414300A0D885573476430F
:1029300000C84E676DC1AB43003D9160E458E14370
:10294000408CB5781DAF154450EFE2D6E41A4B44E5
:1029500092D54D06CFF08044F64AE1C7022DB5442A
:10296000B49DD9794378EA4498D501241F0000002A
:102970001C0000001F0000001E0000001F000000DF
:102980001E0000001F0000001F0000001E000000CD
:102990001F0000001E0000001F0000001F000000BC
:1029A0001D0000001F0000001E0000001F000000AE
:1029B0001E0000001F0000001F0000001E0000009D
:1029C0001F0000001E0000001F000000300000007B
:1029D0003000000030000000300000003000000037
:1029E0003000000030000000300000003000000027
:1029F0003000000030000000300000003000000017
:102A00003000000030000000300000002000000016
:102A10002000000020000000200000002000000036
:102A20002000000020000000200000002000000026
:102A30002000000020000000200000002000000016
:0C2A40002000000020000000200000002A
:082A4C0094D8FA7F010000009C
:102A5400C5020208ED6A020881E402080D1F03089A
:102A6400FD280408A9700408D5D10408A53E05086A
:082A7400ED590508F95B0508A6
:102A7C00A102020819840208F9E40208251F0308C0
:102A8C0000000000FF000000B8F40508C8F40508B9
:102A9C00D8F4050898F00508A8F005080000000017
:102AAC00000000000000000000000000000000001A
:102ABC000000000000000000000000007C39060847
:102ACC00682800240090D0030090D003010000007F
:102ADC00303930393230323620736E786465746137
:102AEC00696C7300010000001000000038E6060855
:102AFC005DE6060878E60608ACF20608BCF20608A5
:102B0C00CCF20608E0F20608F0F2060800F306081C
:102B1C0010F3060820F3060830F3060840F3060805
:102B2C0050F3060860F3060800F3060870F3060875
:102B3C0084E6060888E606088CE6060891E6060890
:102B4C0095E6060899E606089DE60608A1E606083D
:102B5C00A5E60608A9E60608ADE60608B1E60608ED
:102B6C0099E60608B5E6060814250708F8250708AF
:102B7C00D025070800000000030000009CD30124AE
:102B8C0084E6060884E60608430000000000000006
:102B9C000000000000000000000000000000000029
:102BAC0000000000000000004300000000000000D6
:102BBC000000000000000000000000000000000009
:102BCC0000000000000000004300000000000000B6
:102BDC0000000000000000000000000000000000E9
:102BEC000000000000000000430000000000000096
:102BFC0000000000000000000000000000000000C9
:102C0C000000000000000000430000000000000075
:102C1C0000000000000000000000000000000000A8
:102C2C000000000000000000430000000000000055
:102C3C000000000000000000000000000000000088
:102C4C000000000000000000430000000000000035
:102C5C000000000000000000000000000000000068
:102C6C000000000000000000E5BC050867B1050885
:102C7C000000000068260708D0E70608E8E9060807
:102C8C00E8E90608E8E90608E8E90608E8E90608BC
:102C9C00E8E90608E8E90608E8E90608E8E90608AC
:102CAC00FFFFFFFFFFFFFFFFFFFFFFFFFFFF000026
:102CBC00010041534349490000000000000000009E
:102CCC0000000000000000000000000000000000F8
:102CDC00000041534349490000000000000000007F
:102CEC0000000000000000000000000000000000D8
:102CFC000000000078020024000000009CD3012496
:102D0C0004D401246CD40124000000000000000055
:102D1C0000000000000000000000000000000000A7
:102D2C000000000000000000000000000000000097
:102D3C000000000000000000000000000000000087
:102D4C000000000003D50124010000000000000079
:102D5C004A0000000000000000000000000000001D
:102D6C000000000000000000000000000000000057
:102D7C0000000000000000004A00000000000000FD
:102D8C000000000000000000000000000000000037
:102D9C000000000000000000000000000000000027
:0400000508034BA9F8
:00000001FF
