tenant,site,device,classification,device_evidence,live_messages,retained_messages,lwt,kinds,parent_device
inter,aulnay,aex-5,sensor_endpoint,False,0,1,,SENSOR,
inter,aulnay,aex-5-6,missing_device,True,12,4,Online,HEARTBEAT;LOGGING;LWT;PRINT;SENSOR;STATE,
inter,aulnay,aex-6,sensor_endpoint,False,0,1,,SENSOR,
inter,aulnay,ch1_d,missing_device,True,16,6,,COUTS;HEARTBEAT;LOGGING;POWER;PWDAYS;PWHOURS;PWMONTHS;RESULT;SENSOR;STATE,
inter,aulnay,ch2_d,missing_device,True,12,2,,HEARTBEAT;LOGGING;RESULT;SENSOR;STATE,
inter,aulnay,ch3_d,missing_device,True,8,2,,HEARTBEAT;LOGGING;RESULT;SENSOR,
inter,aulnay,ch4_d,missing_device,True,8,2,,HEARTBEAT;LOGGING;RESULT;SENSOR,
inter,aulnay,ch5_d,missing_device,True,8,2,,HEARTBEAT;LOGGING;RESULT;SENSOR,
inter,aulnay,ch5_p,missing_device,True,4,2,,HEARTBEAT;LOGGING;RESULT;SENSOR,
inter,aulnay,ch6_d,missing_device,True,8,2,,HEARTBEAT;LOGGING;RESULT;SENSOR;STATE,
inter,aulnay,ch7_d,missing_device,True,4,2,,HEARTBEAT;LOGGING;RESULT;SENSOR,
inter,aulnay,dl12-boulangerie,defined,True,44,2,,HEARTBEAT;LOGGING;PRINT,
inter,aulnay,dl12-boulangerie-1,derived_channel_topic,False,6,7,,COUT;COUTS;NIGHTDAY;POWER;PWDAYS;PWHOURS;PWMONTHS,dl12-boulangerie
inter,aulnay,dl12-boulangerie-2,derived_channel_topic,False,6,7,,COUT;COUTS;NIGHTDAY;POWER;PWDAYS;PWHOURS;PWMONTHS,dl12-boulangerie
inter,aulnay,dl12-boulangerie-3,derived_channel_topic,False,6,7,,COUT;COUTS;NIGHTDAY;POWER;PWDAYS;PWHOURS;PWMONTHS,dl12-boulangerie
inter,aulnay,dl12-mono1,missing_device,True,60,2,Online,LOGGING;LWT;PRINT,
inter,aulnay,dl12-mono1-1,derived_channel_topic,False,0,2,,COUT;COUTS,dl12-mono1
inter,aulnay,dl12-mono1-10,derived_channel_topic,False,6,6,,COUT;COUTS;POWER;PWDAYS;PWHOURS;PWMONTHS,dl12-mono1
inter,aulnay,dl12-mono1-11,derived_channel_topic,False,6,4,,POWER;PWDAYS;PWHOURS;PWMONTHS,dl12-mono1
inter,aulnay,dl12-mono1-12,derived_channel_topic,False,6,4,,POWER;PWDAYS;PWHOURS;PWMONTHS,dl12-mono1
inter,aulnay,dl12-mono1-2,derived_channel_topic,False,6,6,,COUT;COUTS;POWER;PWDAYS;PWHOURS;PWMONTHS,dl12-mono1
inter,aulnay,dl12-mono1-3,derived_channel_topic,False,6,6,,COUT;COUTS;POWER;PWDAYS;PWHOURS;PWMONTHS,dl12-mono1
inter,aulnay,dl12-mono1-4,derived_channel_topic,False,6,6,,COUT;COUTS;POWER;PWDAYS;PWHOURS;PWMONTHS,dl12-mono1
inter,aulnay,dl12-mono1-6,derived_channel_topic,False,6,6,,COUT;COUTS;POWER;PWDAYS;PWHOURS;PWMONTHS,dl12-mono1
inter,aulnay,dl12-mono1-7,derived_channel_topic,False,6,6,,COUT;COUTS;POWER;PWDAYS;PWHOURS;PWMONTHS,dl12-mono1
inter,aulnay,dl12-mono1-8,derived_channel_topic,False,6,6,,COUT;COUTS;POWER;PWDAYS;PWHOURS;PWMONTHS,dl12-mono1
inter,aulnay,dl12-mono1-9,derived_channel_topic,False,0,2,,COUT;COUTS,dl12-mono1
inter,aulnay,dl12-tgbt1,defined,True,3,2,,HEARTBEAT;PRINT,
inter,aulnay,dl12-tgbt1-1,derived_channel_topic,False,6,7,,COUT;COUTS;NIGHTDAY;POWER;PWDAYS;PWHOURS;PWMONTHS,dl12-tgbt1
inter,aulnay,dl12-tgbt1-2,derived_channel_topic,False,6,7,,COUT;COUTS;NIGHTDAY;POWER;PWDAYS;PWHOURS;PWMONTHS,dl12-tgbt1
inter,aulnay,dl12-tgbt2,defined,False,27,0,,LOGGING;RESULT,
inter,aulnay,dl12-tgbt4,defined,False,24,1,,LOGGING;PRINT,
inter,aulnay,dl12-tgbt4-1,derived_channel_topic,False,6,6,,COUT;COUTS;POWER;PWDAYS;PWHOURS;PWMONTHS,dl12-tgbt4
inter,aulnay,dl12-tgbt4-2,derived_channel_topic,False,6,6,,COUT;COUTS;POWER;PWDAYS;PWHOURS;PWMONTHS,dl12-tgbt4
inter,aulnay,dl12-tgbt4-3,derived_channel_topic,False,6,6,,COUT;COUTS;POWER;PWDAYS;PWHOURS;PWMONTHS,dl12-tgbt4
inter,aulnay,dl4-rideau,defined,True,9,9,,COUT;COUTS;HEARTBEAT;NIGHTDAY;POWER;PRINT;PWDAYS;PWHOURS;PWMONTHS,
inter,aulnay,dl4-tdmag,defined,True,18,9,,COUT;COUTS;HEARTBEAT;LOGGING;NIGHTDAY;POWER;PRINT;PWDAYS;PWHOURS;PWMONTHS,
inter,aulnay,dl4-tgbt1,defined,True,18,9,,COUT;COUTS;HEARTBEAT;LOGGING;NIGHTDAY;POWER;PRINT;PWDAYS;PWHOURS;PWMONTHS,
inter,aulnay,dl4-tgbt2,defined,True,18,9,,COUT;COUTS;HEARTBEAT;LOGGING;NIGHTDAY;POWER;PRINT;PWDAYS;PWHOURS;PWMONTHS,
inter,aulnay,dl4-tgbt3,defined,True,9,9,,COUT;COUTS;HEARTBEAT;NIGHTDAY;POWER;PRINT;PWDAYS;PWHOURS;PWMONTHS,
inter,aulnay,pwx4-rogowski,defined,True,18,9,,COUT;COUTS;HEARTBEAT;LOGGING;NIGHTDAY;POWER;PRINT;PWDAYS;PWHOURS;PWMONTHS,
inter,aulnay,zb-ch4_r,sensor_endpoint,False,1,1,,SENSOR,
inter,aulnay,zb-ch5_r,sensor_endpoint,False,1,1,,SENSOR,
inter,aulnay,zb-znp-res,missing_device,True,0,1,Online,LWT,
labo,aulnay,dl12-fn-1,defined,True,234,3,Online,HEARTBEAT;LOGGING;LWT;PRINT,
labo,aulnay,dl12-fn-1-1,derived_channel_topic,False,6,7,,COUT;COUTS;NIGHTDAY;POWER;PWDAYS;PWHOURS;PWMONTHS,dl12-fn-1
labo,aulnay,dl12-fn-1-2,derived_channel_topic,False,6,7,,COUT;COUTS;NIGHTDAY;POWER;PWDAYS;PWHOURS;PWMONTHS,dl12-fn-1
labo,aulnay,dl12-fn-1-3,derived_channel_topic,False,6,7,,COUT;COUTS;NIGHTDAY;POWER;PWDAYS;PWHOURS;PWMONTHS,dl12-fn-1
labo,aulnay,dl12-fn-2,defined,True,66,4,Online,HEARTBEAT;LOGGING;LWT;POWER;PRINT,
labo,aulnay,dl12-fn-2-1,derived_channel_topic,False,6,7,,COUT;COUTS;NIGHTDAY;POWER;PWDAYS;PWHOURS;PWMONTHS,dl12-fn-2
labo,aulnay,dl12-fn-2-2,derived_channel_topic,False,6,7,,COUT;COUTS;NIGHTDAY;POWER;PWDAYS;PWHOURS;PWMONTHS,dl12-fn-2
labo,aulnay,dl12-fn-2-3,derived_channel_topic,False,6,7,,COUT;COUTS;NIGHTDAY;POWER;PWDAYS;PWHOURS;PWMONTHS,dl12-fn-2
labo,aulnay,dl12-fn-3,defined,True,78,3,Online,HEARTBEAT;LOGGING;LWT;PRINT,
labo,aulnay,dl12-fn-3-1,derived_channel_topic,False,5,7,,COUT;COUTS;NIGHTDAY;POWER;PWDAYS;PWHOURS;PWMONTHS,dl12-fn-3
labo,aulnay,dl12-fn-3-2,derived_channel_topic,False,5,7,,COUT;COUTS;NIGHTDAY;POWER;PWDAYS;PWHOURS;PWMONTHS,dl12-fn-3
labo,aulnay,dl12-fn-3-3,derived_channel_topic,False,5,7,,COUT;COUTS;NIGHTDAY;POWER;PWDAYS;PWHOURS;PWMONTHS,dl12-fn-3
labo,aulnay,dl12-subneg,defined,True,3,3,Online,HEARTBEAT;LWT;PRINT,
labo,aulnay,dl12-subneg-1,derived_channel_topic,False,6,7,,COUT;COUTS;NIGHTDAY;POWER;PWDAYS;PWHOURS;PWMONTHS,dl12-subneg
labo,aulnay,dl12-subneg-2,derived_channel_topic,False,6,7,,COUT;COUTS;NIGHTDAY;POWER;PWDAYS;PWHOURS;PWMONTHS,dl12-subneg
labo,aulnay,dl12-subneg-3,derived_channel_topic,False,6,7,,COUT;COUTS;NIGHTDAY;POWER;PWDAYS;PWHOURS;PWMONTHS,dl12-subneg
labo,aulnay,dl12-subpos,defined,True,48,3,Online,HEARTBEAT;LOGGING;LWT;PRINT,
labo,aulnay,dl12-subpos-1,derived_channel_topic,False,6,7,,COUT;COUTS;NIGHTDAY;POWER;PWDAYS;PWHOURS;PWMONTHS,dl12-subpos
labo,aulnay,dl12-subpos-2,derived_channel_topic,False,6,7,,COUT;COUTS;NIGHTDAY;POWER;PWDAYS;PWHOURS;PWMONTHS,dl12-subpos
labo,aulnay,dl12-subpos-3,derived_channel_topic,False,6,7,,COUT;COUTS;NIGHTDAY;POWER;PWDAYS;PWHOURS;PWMONTHS,dl12-subpos
labo,aulnay,dl12_fp_mono1,missing_device,True,0,1,Offline,LWT,
labo,aulnay,dl4-fn,defined,True,54,10,Online,COUT;COUTS;HEARTBEAT;LOGGING;LWT;NIGHTDAY;POWER;PRINT;PWDAYS;PWHOURS;PWMONTHS,
labo,aulnay,dl4-subpos,defined,True,18,10,Online,COUT;COUTS;HEARTBEAT;LOGGING;LWT;NIGHTDAY;POWER;PRINT;PWDAYS;PWHOURS;PWMONTHS,
labo,aulnay,pwx12-fp-mono1,defined,True,9,3,,HEARTBEAT;INFO_STM32;PRINT,
labo,aulnay,pwx12-fp-mono1-1,derived_channel_topic,False,6,7,,COUT;COUTS;NIGHTDAY;POWER;PWDAYS;PWHOURS;PWMONTHS,pwx12-fp-mono1
labo,aulnay,pwx12-fp-mono1-2,derived_channel_topic,False,6,7,,COUT;COUTS;NIGHTDAY;POWER;PWDAYS;PWHOURS;PWMONTHS,pwx12-fp-mono1
labo,aulnay,pwx12-fp-mono1-3,derived_channel_topic,False,6,7,,COUT;COUTS;NIGHTDAY;POWER;PWDAYS;PWHOURS;PWMONTHS,pwx12-fp-mono1
labo,aulnay,pwx12-fp-mono1-4,derived_channel_topic,False,6,6,,COUT;COUTS;POWER;PWDAYS;PWHOURS;PWMONTHS,pwx12-fp-mono1
labo,aulnay,pwx12-fp-mono1-5,derived_channel_topic,False,6,6,,COUT;COUTS;POWER;PWDAYS;PWHOURS;PWMONTHS,pwx12-fp-mono1
labo,aulnay,pwx12-fp-mono1-6,derived_channel_topic,False,6,6,,COUT;COUTS;POWER;PWDAYS;PWHOURS;PWMONTHS,pwx12-fp-mono1
labo,aulnay,pwx12-fp-mono1-7,derived_channel_topic,False,6,6,,COUT;COUTS;POWER;PWDAYS;PWHOURS;PWMONTHS,pwx12-fp-mono1
labo,aulnay,pwx12-fp-mono1-8,derived_channel_topic,False,6,6,,COUT;COUTS;POWER;PWDAYS;PWHOURS;PWMONTHS,pwx12-fp-mono1
labo,aulnay,pwx12-fp-mono1-9,derived_channel_topic,False,6,6,,COUT;COUTS;POWER;PWDAYS;PWHOURS;PWMONTHS,pwx12-fp-mono1
labo,aulnay,pwx12-fp-mono2,defined,True,9,3,,HEARTBEAT;INFO_STM32;PRINT,
labo,aulnay,pwx12-fp-mono2-1,derived_channel_topic,False,6,7,,COUT;COUTS;NIGHTDAY;POWER;PWDAYS;PWHOURS;PWMONTHS,pwx12-fp-mono2
labo,aulnay,pwx12-fp-mono2-2,derived_channel_topic,False,6,7,,COUT;COUTS;NIGHTDAY;POWER;PWDAYS;PWHOURS;PWMONTHS,pwx12-fp-mono2
labo,aulnay,pwx12-fp-mono2-3,derived_channel_topic,False,6,7,,COUT;COUTS;NIGHTDAY;POWER;PWDAYS;PWHOURS;PWMONTHS,pwx12-fp-mono2
labo,aulnay,pwx12-fp-mono2-4,derived_channel_topic,False,6,6,,COUT;COUTS;POWER;PWDAYS;PWHOURS;PWMONTHS,pwx12-fp-mono2
labo,aulnay,pwx12-fp-mono2-5,derived_channel_topic,False,6,6,,COUT;COUTS;POWER;PWDAYS;PWHOURS;PWMONTHS,pwx12-fp-mono2
labo,aulnay,pwx12-fp-mono2-6,derived_channel_topic,False,6,6,,COUT;COUTS;POWER;PWDAYS;PWHOURS;PWMONTHS,pwx12-fp-mono2
labo,aulnay,pwx12-fp-mono2-7,derived_channel_topic,False,6,6,,COUT;COUTS;POWER;PWDAYS;PWHOURS;PWMONTHS,pwx12-fp-mono2
labo,aulnay,pwx12-fp-mono2-8,derived_channel_topic,False,6,6,,COUT;COUTS;POWER;PWDAYS;PWHOURS;PWMONTHS,pwx12-fp-mono2
labo,aulnay,pwx12-fp-mono2-9,derived_channel_topic,False,6,6,,COUT;COUTS;POWER;PWDAYS;PWHOURS;PWMONTHS,pwx12-fp-mono2
labo,aulnay,pwx12-fp-mono3,defined,True,9,3,,HEARTBEAT;INFO_STM32;PRINT,
labo,aulnay,pwx12-fp-mono3-1,derived_channel_topic,False,6,7,,COUT;COUTS;NIGHTDAY;POWER;PWDAYS;PWHOURS;PWMONTHS,pwx12-fp-mono3
labo,aulnay,pwx12-fp-mono3-2,derived_channel_topic,False,6,7,,COUT;COUTS;NIGHTDAY;POWER;PWDAYS;PWHOURS;PWMONTHS,pwx12-fp-mono3
labo,aulnay,pwx12-fp-mono3-3,derived_channel_topic,False,6,7,,COUT;COUTS;NIGHTDAY;POWER;PWDAYS;PWHOURS;PWMONTHS,pwx12-fp-mono3
labo,aulnay,pwx12-fp-mono3-4,derived_channel_topic,False,6,6,,COUT;COUTS;POWER;PWDAYS;PWHOURS;PWMONTHS,pwx12-fp-mono3
labo,aulnay,pwx12-fp-mono3-5,derived_channel_topic,False,6,6,,COUT;COUTS;POWER;PWDAYS;PWHOURS;PWMONTHS,pwx12-fp-mono3
labo,aulnay,pwx12-fp-mono3-6,derived_channel_topic,False,6,6,,COUT;COUTS;POWER;PWDAYS;PWHOURS;PWMONTHS,pwx12-fp-mono3
labo,aulnay,pwx12-fp-mono3-7,derived_channel_topic,False,6,6,,COUT;COUTS;POWER;PWDAYS;PWHOURS;PWMONTHS,pwx12-fp-mono3
labo,aulnay,pwx12-fp-mono3-8,derived_channel_topic,False,6,6,,COUT;COUTS;POWER;PWDAYS;PWHOURS;PWMONTHS,pwx12-fp-mono3
labo,aulnay,pwx12-fp-mono3-9,derived_channel_topic,False,6,6,,COUT;COUTS;POWER;PWDAYS;PWHOURS;PWMONTHS,pwx12-fp-mono3
labo,aulnay,pwx12-fp-mono4,defined,True,9,3,,HEARTBEAT;INFO_STM32;PRINT,
labo,aulnay,pwx12-fp-mono4-1,derived_channel_topic,False,6,7,,COUT;COUTS;NIGHTDAY;POWER;PWDAYS;PWHOURS;PWMONTHS,pwx12-fp-mono4
labo,aulnay,pwx12-fp-mono4-2,derived_channel_topic,False,6,7,,COUT;COUTS;NIGHTDAY;POWER;PWDAYS;PWHOURS;PWMONTHS,pwx12-fp-mono4
labo,aulnay,pwx12-fp-mono4-3,derived_channel_topic,False,6,6,,COUT;COUTS;POWER;PWDAYS;PWHOURS;PWMONTHS,pwx12-fp-mono4
labo,aulnay,pwx12-fp-mono4-4,derived_channel_topic,False,6,6,,COUT;COUTS;POWER;PWDAYS;PWHOURS;PWMONTHS,pwx12-fp-mono4
labo,aulnay,pwx12-fp-mono4-5,derived_channel_topic,False,6,6,,COUT;COUTS;POWER;PWDAYS;PWHOURS;PWMONTHS,pwx12-fp-mono4
labo,aulnay,pwx12-fp-mono4-6,derived_channel_topic,False,6,6,,COUT;COUTS;POWER;PWDAYS;PWHOURS;PWMONTHS,pwx12-fp-mono4
labo,aulnay,pwx12-fp-mono4-7,derived_channel_topic,False,0,1,,POWER,pwx12-fp-mono4
labo,aulnay,pwx12-fp-mono4-8,derived_channel_topic,False,0,1,,POWER,pwx12-fp-mono4
labo,aulnay,pwx12-fp-mono4-9,derived_channel_topic,False,0,1,,POWER,pwx12-fp-mono4
labo,aulnay,pwx12-fp-mono5,unresolved_topic_identity,False,0,1,,PRINT,
labo,aulnay,pwx12-fp-mono5-1,unresolved_topic_identity,False,0,2,,POWER;PWHOURS,
labo,aulnay,pwx12-fp-mono5-2,unresolved_topic_identity,False,0,2,,POWER;PWHOURS,
labo,aulnay,pwx12-fp-mono5-3,unresolved_topic_identity,False,0,2,,POWER;PWHOURS,
labo,aulnay,pwx12-fp-mono5-4,unresolved_topic_identity,False,0,2,,POWER;PWHOURS,
labo,aulnay,pwx12-fp-mono5-5,unresolved_topic_identity,False,0,2,,POWER;PWHOURS,
labo,aulnay,pwx12-fp-mono5-6,unresolved_topic_identity,False,0,2,,POWER;PWHOURS,
labo,aulnay,pwx12-fp-mono5-7,unresolved_topic_identity,False,0,2,,POWER;PWHOURS,
labo,aulnay,pwx12-fp-mono5-8,unresolved_topic_identity,False,0,2,,POWER;PWHOURS,
labo,aulnay,pwx12-fp-mono5-9,unresolved_topic_identity,False,0,2,,POWER;PWHOURS,
labo,aulnay,virtuel_CF_neg,defined,False,6,8,,COUT;COUTS;NIGHTDAY;POWER;PWDAYS;PWHOURS;PWMONTHS;VIRTUALSTATUS,
labo,aulnay,virtuel_CF_pos,defined,False,24,8,,COUT;COUTS;NIGHTDAY;POWER;PWDAYS;PWHOURS;PWMONTHS;VIRTUALSTATUS,
labo,aulnay,virtuel_devices_neg,defined,False,60,8,,COUT;COUTS;NIGHTDAY;POWER;PWDAYS;PWHOURS;PWMONTHS;VIRTUALSTATUS,
labo,aulnay,virtuel_devices_pos,defined,False,60,8,,COUT;COUTS;NIGHTDAY;POWER;PWDAYS;PWHOURS;PWMONTHS;VIRTUALSTATUS,
labo,aulnay,virtuel_meubles_neg,defined,False,42,8,,COUT;COUTS;NIGHTDAY;POWER;PWDAYS;PWHOURS;PWMONTHS;VIRTUALSTATUS,
labo,aulnay,virtuel_meubles_pos,defined,False,42,8,,COUT;COUTS;NIGHTDAY;POWER;PWDAYS;PWHOURS;PWMONTHS;VIRTUALSTATUS,
labo,aulnay,virtuel_sdm_neg,defined,False,6,8,,COUT;COUTS;NIGHTDAY;POWER;PWDAYS;PWHOURS;PWMONTHS;VIRTUALSTATUS,
labo,aulnay,virtuel_sdm_pos,defined,False,6,8,,COUT;COUTS;NIGHTDAY;POWER;PWDAYS;PWHOURS;PWMONTHS;VIRTUALSTATUS,
inter,bezons,aex-2,missing_device,True,16,3,Online,LOGGING;LWT;PRINT;RESULT;SENSOR;STATE,
inter,bezons,dl12-tgbt1,defined,True,3,3,Online,HEARTBEAT;LWT;PRINT,
inter,bezons,dl12-tgbt1-1,derived_channel_topic,False,6,7,,COUT;COUTS;NIGHTDAY;POWER;PWDAYS;PWHOURS;PWMONTHS,dl12-tgbt1
inter,bezons,dl12-tgbt1-2,derived_channel_topic,False,6,7,,COUT;COUTS;NIGHTDAY;POWER;PWDAYS;PWHOURS;PWMONTHS,dl12-tgbt1
inter,bezons,dl12-tgbt2,defined,True,42,3,Online,HEARTBEAT;LOGGING;LWT;PRINT,
inter,bezons,dl12-tgbt2-1,derived_channel_topic,False,6,7,,COUT;COUTS;NIGHTDAY;POWER;PWDAYS;PWHOURS;PWMONTHS,dl12-tgbt2
inter,bezons,dl12-tgbt2-2,derived_channel_topic,False,6,7,,COUT;COUTS;NIGHTDAY;POWER;PWDAYS;PWHOURS;PWMONTHS,dl12-tgbt2
inter,bezons,dl12-tgbt2-3,derived_channel_topic,False,6,7,,COUT;COUTS;NIGHTDAY;POWER;PWDAYS;PWHOURS;PWMONTHS,dl12-tgbt2
inter,bezons,dl12-tgbt3,defined,True,42,3,Online,HEARTBEAT;LOGGING;LWT;PRINT,
inter,bezons,dl12-tgbt3-1,derived_channel_topic,False,6,7,,COUT;COUTS;NIGHTDAY;POWER;PWDAYS;PWHOURS;PWMONTHS,dl12-tgbt3
inter,bezons,dl12-tgbt3-2,derived_channel_topic,False,6,7,,COUT;COUTS;NIGHTDAY;POWER;PWDAYS;PWHOURS;PWMONTHS,dl12-tgbt3
inter,bezons,dl12-tgbt3-3,derived_channel_topic,False,6,7,,COUT;COUTS;NIGHTDAY;POWER;PWDAYS;PWHOURS;PWMONTHS,dl12-tgbt3
inter,bezons,dl4-tgbt,defined,True,9,10,Online,COUT;COUTS;HEARTBEAT;LWT;NIGHTDAY;POWER;PRINT;PWDAYS;PWHOURS;PWMONTHS,
inter,bezons,dl4-tgbt2,defined,True,18,10,Online,COUT;COUTS;HEARTBEAT;LOGGING;LWT;NIGHTDAY;POWER;PRINT;PWDAYS;PWHOURS;PWMONTHS,
inter,bezons,snx,missing_device,True,1,8,Online,CONFIG;HEARTBEAT;LWT;RANKING;SNXCOUT;SNXRANKING;SNX_GROUP_SCORES;SNX_RX_ERROR;VOLUME,
inter,bezons,snx-10,derived_channel_topic,False,0,4,,REGULATEUR;REGULATEUR_LOG;SNXDETAILS;STATISTIC,snx
inter,bezons,snx-11,derived_channel_topic,False,0,4,,REGULATEUR;REGULATEUR_LOG;SNXDETAILS;STATISTIC,snx
inter,bezons,snx-12,derived_channel_topic,False,2,4,,REGULATEUR;REGULATEUR_LOG;SNXDETAILS;STATISTIC,snx
inter,bezons,snx-13,derived_channel_topic,False,2,4,,REGULATEUR;REGULATEUR_LOG;SNXDETAILS;STATISTIC,snx
inter,bezons,snx-14,derived_channel_topic,False,2,4,,REGULATEUR;REGULATEUR_LOG;SNXDETAILS;STATISTIC,snx
inter,bezons,snx-15,derived_channel_topic,False,0,2,,SNXDETAILS;STATISTIC,snx
inter,bezons,snx-16,derived_channel_topic,False,3,4,,REGULATEUR;REGULATEUR_LOG;SNXDETAILS;STATISTIC,snx
inter,bezons,snx-17,derived_channel_topic,False,3,4,,REGULATEUR;REGULATEUR_LOG;SNXDETAILS;STATISTIC,snx
inter,bezons,snx-18,derived_channel_topic,False,2,4,,REGULATEUR;REGULATEUR_LOG;SNXDETAILS;STATISTIC,snx
inter,bezons,snx-19,derived_channel_topic,False,4,4,,REGULATEUR;REGULATEUR_LOG;SNXDETAILS;STATISTIC,snx
inter,bezons,snx-20,derived_channel_topic,False,3,4,,REGULATEUR;REGULATEUR_LOG;SNXDETAILS;STATISTIC,snx
inter,bezons,snx-21,derived_channel_topic,False,3,4,,REGULATEUR;REGULATEUR_LOG;SNXDETAILS;STATISTIC,snx
inter,bezons,snx-22,derived_channel_topic,False,1,4,,REGULATEUR;REGULATEUR_LOG;SNXDETAILS;STATISTIC,snx
inter,bezons,snx-23,derived_channel_topic,False,3,4,,REGULATEUR;REGULATEUR_LOG;SNXDETAILS;STATISTIC,snx
inter,bezons,snx-24,derived_channel_topic,False,4,4,,REGULATEUR;REGULATEUR_LOG;SNXDETAILS;STATISTIC,snx
inter,bezons,snx-25,derived_channel_topic,False,3,4,,REGULATEUR;REGULATEUR_LOG;SNXDETAILS;STATISTIC,snx
inter,bezons,snx-26,derived_channel_topic,False,3,4,,REGULATEUR;REGULATEUR_LOG;SNXDETAILS;STATISTIC,snx
inter,bezons,snx-27,derived_channel_topic,False,18,4,,REGULATEUR;REGULATEUR_LOG;SNXDETAILS;STATISTIC,snx
inter,bezons,snx-28,derived_channel_topic,False,0,4,,REGULATEUR;REGULATEUR_LOG;SNXDETAILS;STATISTIC,snx
inter,bezons,snx-29,derived_channel_topic,False,4,4,,REGULATEUR;REGULATEUR_LOG;SNXDETAILS;STATISTIC,snx
inter,bezons,snx-30,derived_channel_topic,False,2,4,,REGULATEUR;REGULATEUR_LOG;SNXDETAILS;STATISTIC,snx
inter,bezons,snx-31,derived_channel_topic,False,1,4,,REGULATEUR;REGULATEUR_LOG;SNXDETAILS;STATISTIC,snx
inter,bezons,snx-32,derived_channel_topic,False,1,4,,REGULATEUR;REGULATEUR_LOG;SNXDETAILS;STATISTIC,snx
inter,bezons,snx-33,derived_channel_topic,False,4,4,,REGULATEUR;REGULATEUR_LOG;SNXDETAILS;STATISTIC,snx
inter,bezons,snx-34,derived_channel_topic,False,2,4,,REGULATEUR;REGULATEUR_LOG;SNXDETAILS;STATISTIC,snx
inter,bezons,snx-35,derived_channel_topic,False,1,4,,REGULATEUR;REGULATEUR_LOG;SNXDETAILS;STATISTIC,snx
inter,bezons,snx-36,derived_channel_topic,False,2,4,,REGULATEUR;REGULATEUR_LOG;SNXDETAILS;STATISTIC,snx
inter,bezons,snx-45,derived_channel_topic,False,2,3,,REGULATEUR_LOG;SNXDETAILS;STATISTIC,snx
inter,bezons,snx-46,derived_channel_topic,False,0,3,,REGULATEUR_LOG;SNXDETAILS;STATISTIC,snx
inter,bezons,snx-47,derived_channel_topic,False,1,3,,REGULATEUR_LOG;SNXDETAILS;STATISTIC,snx
inter,bezons,snx-48,derived_channel_topic,False,1,3,,REGULATEUR_LOG;SNXDETAILS;STATISTIC,snx
inter,bezons,snx-9,derived_channel_topic,False,2,4,,REGULATEUR;REGULATEUR_LOG;SNXDETAILS;STATISTIC,snx
inter,bezons,snx-999,derived_channel_topic,False,13,1,,ON_CONSIGNE,snx
inter,bezons,zb-bridge,missing_device,True,22,1,Online,LWT;RESULT,
inter,bezons,zb-th_caisse_1,sensor_endpoint,False,0,1,,SENSOR,
inter,bezons,zb-th_caisse_9,sensor_endpoint,False,0,1,,SENSOR,
inter,bezons,zb-th_cocacola,sensor_endpoint,False,0,1,,SENSOR,
inter,bezons,zb-th_eaux,sensor_endpoint,False,1,1,,SENSOR,
inter,bezons,zb-th_exterieur,sensor_endpoint,False,0,1,,SENSOR,
inter,bezons,zb-th_fruits,sensor_endpoint,False,1,1,,SENSOR,
inter,bezons,zb-th_hallal,sensor_endpoint,False,0,1,,SENSOR,
inter,bezons,zb-th_surgeles,sensor_endpoint,False,0,1,,SENSOR,
inter,bezons,zb-th_vins,sensor_endpoint,False,1,1,,SENSOR,
adomelec,buc,central-share,missing_device,True,0,4,Online,INFO1;INFO2;INFO3;LWT,
benfeghoul,buc,321A,sensor_endpoint,False,0,1,,SENSOR,
benfeghoul,buc,8094,sensor_endpoint,False,8,1,,SENSOR,
benfeghoul,buc,dl12-mono,defined,True,63,2,Online,LOGGING;LWT;PRINT,
benfeghoul,buc,dl12-mono-1,derived_channel_topic,False,6,6,,COUT;COUTS;POWER;PWDAYS;PWHOURS;PWMONTHS,dl12-mono
benfeghoul,buc,dl12-mono-10,derived_channel_topic,False,6,6,,COUT;COUTS;POWER;PWDAYS;PWHOURS;PWMONTHS,dl12-mono
benfeghoul,buc,dl12-mono-11,derived_channel_topic,False,6,4,,POWER;PWDAYS;PWHOURS;PWMONTHS,dl12-mono
benfeghoul,buc,dl12-mono-2,derived_channel_topic,False,6,6,,COUT;COUTS;POWER;PWDAYS;PWHOURS;PWMONTHS,dl12-mono
benfeghoul,buc,dl12-mono-3,derived_channel_topic,False,6,6,,COUT;COUTS;POWER;PWDAYS;PWHOURS;PWMONTHS,dl12-mono
benfeghoul,buc,dl12-mono-4,derived_channel_topic,False,6,6,,COUT;COUTS;POWER;PWDAYS;PWHOURS;PWMONTHS,dl12-mono
benfeghoul,buc,dl12-mono-5,derived_channel_topic,False,0,2,,COUT;COUTS,dl12-mono
benfeghoul,buc,dl12-mono-6,derived_channel_topic,False,6,4,,POWER;PWDAYS;PWHOURS;PWMONTHS,dl12-mono
benfeghoul,buc,dl12-mono-7,derived_channel_topic,False,6,6,,COUT;COUTS;POWER;PWDAYS;PWHOURS;PWMONTHS,dl12-mono
benfeghoul,buc,dl12-mono-8,derived_channel_topic,False,6,6,,COUT;COUTS;POWER;PWDAYS;PWHOURS;PWMONTHS,dl12-mono
benfeghoul,buc,dl12-mono-9,derived_channel_topic,False,0,2,,COUT;COUTS,dl12-mono
labo,buc,pwx4-rogowski,missing_device,True,0,11,Offline,CALIBRATION;CONFIG;HEARTBEAT;INFO1;INFO2;INFO3;INFO_STM32;LWT;POWER;PRINT;PWHOURS,
inter,champigny,dl12-boulangerie,defined,True,42,3,Online,HEARTBEAT;LOGGING;LWT;PRINT,
inter,champigny,dl12-boulangerie-1,derived_channel_topic,False,6,7,,COUT;COUTS;NIGHTDAY;POWER;PWDAYS;PWHOURS;PWMONTHS,dl12-boulangerie
inter,champigny,dl12-boulangerie-2,derived_channel_topic,False,6,7,,COUT;COUTS;NIGHTDAY;POWER;PWDAYS;PWHOURS;PWMONTHS,dl12-boulangerie
inter,champigny,dl12-boulangerie-3,derived_channel_topic,False,6,7,,COUT;COUTS;NIGHTDAY;POWER;PWDAYS;PWHOURS;PWMONTHS,dl12-boulangerie
inter,champigny,dl12-labo,defined,True,42,3,Online,HEARTBEAT;LOGGING;LWT;PRINT,
inter,champigny,dl12-labo-1,derived_channel_topic,False,6,7,,COUT;COUTS;NIGHTDAY;POWER;PWDAYS;PWHOURS;PWMONTHS,dl12-labo
inter,champigny,dl12-labo-2,derived_channel_topic,False,6,7,,COUT;COUTS;NIGHTDAY;POWER;PWDAYS;PWHOURS;PWMONTHS,dl12-labo
inter,champigny,dl12-labo-3,derived_channel_topic,False,6,7,,COUT;COUTS;NIGHTDAY;POWER;PWDAYS;PWHOURS;PWMONTHS,dl12-labo
inter,champigny,dl12-tgbt1,defined,True,3,3,Online,HEARTBEAT;LWT;PRINT,
inter,champigny,dl12-tgbt1-1,derived_channel_topic,False,6,7,,COUT;COUTS;NIGHTDAY;POWER;PWDAYS;PWHOURS;PWMONTHS,dl12-tgbt1
inter,champigny,dl12-tgbt1-2,derived_channel_topic,False,6,7,,COUT;COUTS;NIGHTDAY;POWER;PWDAYS;PWHOURS;PWMONTHS,dl12-tgbt1
inter,champigny,dl12-tgbt1-3,derived_channel_topic,False,6,7,,COUT;COUTS;NIGHTDAY;POWER;PWDAYS;PWHOURS;PWMONTHS,dl12-tgbt1
inter,champigny,snx,missing_device,True,248,7,,CONFIG;HEARTBEAT;LOGGING;RANKING;SNXCOUT;SNXRANKING;SNX_GROUP_SCORES;VOLUME,
inter,champigny,snx-0,derived_channel_topic,False,0,1,,REGULATEUR_LOG,snx
inter,champigny,snx-1,derived_channel_topic,False,2,5,,CONDENSEUR_LOG;REGULATEUR;REGULATEUR_LOG;SNXDETAILS;STATISTIC,snx
inter,champigny,snx-10,derived_channel_topic,False,3,4,,REGULATEUR;REGULATEUR_LOG;SNXDETAILS;STATISTIC,snx
inter,champigny,snx-100,derived_channel_topic,False,20,2,,CONDENSEUR;CONDENSEUR_LOG,snx
inter,champigny,snx-101,derived_channel_topic,False,21,2,,CONDENSEUR;CONDENSEUR_LOG,snx
inter,champigny,snx-11,derived_channel_topic,False,5,4,,REGULATEUR;REGULATEUR_LOG;SNXDETAILS;STATISTIC,snx
inter,champigny,snx-12,derived_channel_topic,False,3,4,,REGULATEUR;REGULATEUR_LOG;SNXDETAILS;STATISTIC,snx
inter,champigny,snx-13,derived_channel_topic,False,0,4,,REGULATEUR;REGULATEUR_LOG;SNXDETAILS;STATISTIC,snx
inter,champigny,snx-14,derived_channel_topic,False,4,4,,REGULATEUR;REGULATEUR_LOG;SNXDETAILS;STATISTIC,snx
inter,champigny,snx-15,derived_channel_topic,False,3,4,,REGULATEUR;REGULATEUR_LOG;SNXDETAILS;STATISTIC,snx
inter,champigny,snx-16,derived_channel_topic,False,1,4,,REGULATEUR;REGULATEUR_LOG;SNXDETAILS;STATISTIC,snx
inter,champigny,snx-17,derived_channel_topic,False,3,4,,REGULATEUR;REGULATEUR_LOG;SNXDETAILS;STATISTIC,snx
inter,champigny,snx-18,derived_channel_topic,False,0,4,,REGULATEUR;REGULATEUR_LOG;SNXDETAILS;STATISTIC,snx
inter,champigny,snx-19,derived_channel_topic,False,1,4,,REGULATEUR;REGULATEUR_LOG;SNXDETAILS;STATISTIC,snx
inter,champigny,snx-2,derived_channel_topic,False,2,4,,REGULATEUR;REGULATEUR_LOG;SNXDETAILS;STATISTIC,snx
inter,champigny,snx-20,derived_channel_topic,False,2,4,,REGULATEUR;REGULATEUR_LOG;SNXDETAILS;STATISTIC,snx
inter,champigny,snx-21,derived_channel_topic,False,2,4,,REGULATEUR;REGULATEUR_LOG;SNXDETAILS;STATISTIC,snx
inter,champigny,snx-22,derived_channel_topic,False,2,4,,REGULATEUR;REGULATEUR_LOG;SNXDETAILS;STATISTIC,snx
inter,champigny,snx-23,derived_channel_topic,False,2,4,,REGULATEUR;REGULATEUR_LOG;SNXDETAILS;STATISTIC,snx
inter,champigny,snx-24,derived_channel_topic,False,1,4,,REGULATEUR;REGULATEUR_LOG;SNXDETAILS;STATISTIC,snx
inter,champigny,snx-25,derived_channel_topic,False,2,4,,REGULATEUR;REGULATEUR_LOG;SNXDETAILS;STATISTIC,snx
inter,champigny,snx-26,derived_channel_topic,False,5,4,,REGULATEUR;REGULATEUR_LOG;SNXDETAILS;STATISTIC,snx
inter,champigny,snx-28,derived_channel_topic,False,2,4,,REGULATEUR;REGULATEUR_LOG;SNXDETAILS;STATISTIC,snx
inter,champigny,snx-29,derived_channel_topic,False,5,4,,REGULATEUR;REGULATEUR_LOG;SNXDETAILS;STATISTIC,snx
inter,champigny,snx-3,derived_channel_topic,False,5,4,,REGULATEUR;REGULATEUR_LOG;SNXDETAILS;STATISTIC,snx
inter,champigny,snx-30,derived_channel_topic,False,5,4,,REGULATEUR;REGULATEUR_LOG;SNXDETAILS;STATISTIC,snx
inter,champigny,snx-31,derived_channel_topic,False,4,4,,REGULATEUR;REGULATEUR_LOG;SNXDETAILS;STATISTIC,snx
inter,champigny,snx-32,derived_channel_topic,False,5,4,,REGULATEUR;REGULATEUR_LOG;SNXDETAILS;STATISTIC,snx
inter,champigny,snx-33,derived_channel_topic,False,6,4,,REGULATEUR;REGULATEUR_LOG;SNXDETAILS;STATISTIC,snx
inter,champigny,snx-34,derived_channel_topic,False,3,4,,REGULATEUR;REGULATEUR_LOG;SNXDETAILS;STATISTIC,snx
inter,champigny,snx-35,derived_channel_topic,False,3,4,,REGULATEUR;REGULATEUR_LOG;SNXDETAILS;STATISTIC,snx
inter,champigny,snx-36,derived_channel_topic,False,5,4,,REGULATEUR;REGULATEUR_LOG;SNXDETAILS;STATISTIC,snx
inter,champigny,snx-37,derived_channel_topic,False,7,4,,REGULATEUR;REGULATEUR_LOG;SNXDETAILS;STATISTIC,snx
inter,champigny,snx-38,derived_channel_topic,False,3,4,,REGULATEUR;REGULATEUR_LOG;SNXDETAILS;STATISTIC,snx
inter,champigny,snx-39,derived_channel_topic,False,4,4,,REGULATEUR;REGULATEUR_LOG;SNXDETAILS;STATISTIC,snx
inter,champigny,snx-4,derived_channel_topic,False,2,4,,REGULATEUR;REGULATEUR_LOG;SNXDETAILS;STATISTIC,snx
inter,champigny,snx-40,derived_channel_topic,False,5,4,,REGULATEUR;REGULATEUR_LOG;SNXDETAILS;STATISTIC,snx
inter,champigny,snx-41,derived_channel_topic,False,5,4,,REGULATEUR;REGULATEUR_LOG;SNXDETAILS;STATISTIC,snx
inter,champigny,snx-42,derived_channel_topic,False,3,4,,REGULATEUR;REGULATEUR_LOG;SNXDETAILS;STATISTIC,snx
inter,champigny,snx-43,derived_channel_topic,False,3,4,,REGULATEUR;REGULATEUR_LOG;SNXDETAILS;STATISTIC,snx
inter,champigny,snx-44,derived_channel_topic,False,5,4,,REGULATEUR;REGULATEUR_LOG;SNXDETAILS;STATISTIC,snx
inter,champigny,snx-45,derived_channel_topic,False,1,4,,REGULATEUR;REGULATEUR_LOG;SNXDETAILS;STATISTIC,snx
inter,champigny,snx-46,derived_channel_topic,False,3,4,,REGULATEUR;REGULATEUR_LOG;SNXDETAILS;STATISTIC,snx
inter,champigny,snx-47,derived_channel_topic,False,1,4,,REGULATEUR;REGULATEUR_LOG;SNXDETAILS;STATISTIC,snx
inter,champigny,snx-48,derived_channel_topic,False,3,4,,REGULATEUR;REGULATEUR_LOG;SNXDETAILS;STATISTIC,snx
inter,champigny,snx-49,derived_channel_topic,False,3,4,,REGULATEUR;REGULATEUR_LOG;SNXDETAILS;STATISTIC,snx
inter,champigny,snx-5,derived_channel_topic,False,0,3,,REGULATEUR_LOG;SNXDETAILS;STATISTIC,snx
inter,champigny,snx-50,derived_channel_topic,False,5,4,,REGULATEUR;REGULATEUR_LOG;SNXDETAILS;STATISTIC,snx
inter,champigny,snx-51,derived_channel_topic,False,3,4,,REGULATEUR;REGULATEUR_LOG;SNXDETAILS;STATISTIC,snx
inter,champigny,snx-52,derived_channel_topic,False,0,4,,REGULATEUR;REGULATEUR_LOG;SNXDETAILS;STATISTIC,snx
inter,champigny,snx-53,derived_channel_topic,False,4,4,,REGULATEUR;REGULATEUR_LOG;SNXDETAILS;STATISTIC,snx
inter,champigny,snx-54,derived_channel_topic,False,2,4,,REGULATEUR;REGULATEUR_LOG;SNXDETAILS;STATISTIC,snx
inter,champigny,snx-55,derived_channel_topic,False,3,4,,REGULATEUR;REGULATEUR_LOG;SNXDETAILS;STATISTIC,snx
inter,champigny,snx-56,derived_channel_topic,False,1,4,,REGULATEUR;REGULATEUR_LOG;SNXDETAILS;STATISTIC,snx
inter,champigny,snx-57,derived_channel_topic,False,2,4,,REGULATEUR;REGULATEUR_LOG;SNXDETAILS;STATISTIC,snx
inter,champigny,snx-58,derived_channel_topic,False,4,4,,REGULATEUR;REGULATEUR_LOG;SNXDETAILS;STATISTIC,snx
inter,champigny,snx-59,derived_channel_topic,False,4,4,,REGULATEUR;REGULATEUR_LOG;SNXDETAILS;STATISTIC,snx
inter,champigny,snx-6,derived_channel_topic,False,3,4,,REGULATEUR;REGULATEUR_LOG;SNXDETAILS;STATISTIC,snx
inter,champigny,snx-60,derived_channel_topic,False,4,4,,REGULATEUR;REGULATEUR_LOG;SNXDETAILS;STATISTIC,snx
inter,champigny,snx-61,derived_channel_topic,False,3,4,,REGULATEUR;REGULATEUR_LOG;SNXDETAILS;STATISTIC,snx
inter,champigny,snx-62,derived_channel_topic,False,2,4,,REGULATEUR;REGULATEUR_LOG;SNXDETAILS;STATISTIC,snx
inter,champigny,snx-64,derived_channel_topic,False,1,4,,REGULATEUR;REGULATEUR_LOG;SNXDETAILS;STATISTIC,snx
inter,champigny,snx-65,derived_channel_topic,False,5,4,,REGULATEUR;REGULATEUR_LOG;SNXDETAILS;STATISTIC,snx
inter,champigny,snx-66,derived_channel_topic,False,6,4,,REGULATEUR;REGULATEUR_LOG;SNXDETAILS;STATISTIC,snx
inter,champigny,snx-69,derived_channel_topic,False,2,4,,REGULATEUR;REGULATEUR_LOG;SNXDETAILS;STATISTIC,snx
inter,champigny,snx-70,derived_channel_topic,False,2,4,,REGULATEUR;REGULATEUR_LOG;SNXDETAILS;STATISTIC,snx
inter,champigny,snx-71,derived_channel_topic,False,3,4,,REGULATEUR;REGULATEUR_LOG;SNXDETAILS;STATISTIC,snx
inter,champigny,snx-8,derived_channel_topic,False,4,4,,REGULATEUR;REGULATEUR_LOG;SNXDETAILS;STATISTIC,snx
inter,champigny,snx-999,derived_channel_topic,False,9,1,,ON_CONSIGNE,snx
inter,chilly-mazarin,dl12-sdm,defined,True,42,3,Online,HEARTBEAT;LOGGING;LWT;PRINT,
inter,chilly-mazarin,dl12-sdm-1,derived_channel_topic,False,6,7,,COUT;COUTS;NIGHTDAY;POWER;PWDAYS;PWHOURS;PWMONTHS,dl12-sdm
inter,chilly-mazarin,dl12-sdm-2,derived_channel_topic,False,6,7,,COUT;COUTS;NIGHTDAY;POWER;PWDAYS;PWHOURS;PWMONTHS,dl12-sdm
inter,chilly-mazarin,dl12-sdm-3,derived_channel_topic,False,6,7,,COUT;COUTS;NIGHTDAY;POWER;PWDAYS;PWHOURS;PWMONTHS,dl12-sdm
inter,chilly-mazarin,dl12-td_boulange,defined,True,42,2,,HEARTBEAT;LOGGING;PRINT,
inter,chilly-mazarin,dl12-td_boulange-1,derived_channel_topic,False,6,7,,COUT;COUTS;NIGHTDAY;POWER;PWDAYS;PWHOURS;PWMONTHS,dl12-td_boulange
inter,chilly-mazarin,dl12-td_boulange-2,derived_channel_topic,False,6,7,,COUT;COUTS;NIGHTDAY;POWER;PWDAYS;PWHOURS;PWMONTHS,dl12-td_boulange
inter,chilly-mazarin,dl12-td_boulange-3,derived_channel_topic,False,6,7,,COUT;COUTS;NIGHTDAY;POWER;PWDAYS;PWHOURS;PWMONTHS,dl12-td_boulange
inter,chilly-mazarin,dl12-td_ss,defined,True,30,3,Online,HEARTBEAT;LOGGING;LWT;PRINT,
inter,chilly-mazarin,dl12-td_ss-3,derived_channel_topic,False,6,7,,COUT;COUTS;NIGHTDAY;POWER;PWDAYS;PWHOURS;PWMONTHS,dl12-td_ss
inter,chilly-mazarin,dl12-tgbt1,defined,True,42,2,,HEARTBEAT;LOGGING;PRINT,
inter,chilly-mazarin,dl12-tgbt1-1,derived_channel_topic,False,6,7,,COUT;COUTS;NIGHTDAY;POWER;PWDAYS;PWHOURS;PWMONTHS,dl12-tgbt1
inter,chilly-mazarin,dl12-tgbt1-2,derived_channel_topic,False,6,7,,COUT;COUTS;NIGHTDAY;POWER;PWDAYS;PWHOURS;PWMONTHS,dl12-tgbt1
inter,chilly-mazarin,dl12-tgbt1-3,derived_channel_topic,False,6,7,,COUT;COUTS;NIGHTDAY;POWER;PWDAYS;PWHOURS;PWMONTHS,dl12-tgbt1
inter,chilly-mazarin,dl12-tgbt2,defined,True,42,2,,HEARTBEAT;LOGGING;PRINT,
inter,chilly-mazarin,dl12-tgbt2-1,derived_channel_topic,False,6,7,,COUT;COUTS;NIGHTDAY;POWER;PWDAYS;PWHOURS;PWMONTHS,dl12-tgbt2
inter,chilly-mazarin,dl12-tgbt2-2,derived_channel_topic,False,6,7,,COUT;COUTS;NIGHTDAY;POWER;PWDAYS;PWHOURS;PWMONTHS,dl12-tgbt2
inter,chilly-mazarin,dl12-tgbt2-3,derived_channel_topic,False,6,7,,COUT;COUTS;NIGHTDAY;POWER;PWDAYS;PWHOURS;PWMONTHS,dl12-tgbt2
inter,chilly-mazarin,dl12-tgbt3,defined,True,72,2,,HEARTBEAT;LOGGING;PRINT,
inter,chilly-mazarin,dl12-tgbt3-3,derived_channel_topic,False,6,7,,COUT;COUTS;NIGHTDAY;POWER;PWDAYS;PWHOURS;PWMONTHS,dl12-tgbt3
inter,chilly-mazarin,dl4-labo,defined,True,18,10,Online,COUT;COUTS;HEARTBEAT;LOGGING;LWT;NIGHTDAY;POWER;PRINT;PWDAYS;PWHOURS;PWMONTHS,
inter,chilly-mazarin,dl4-sdm,defined,True,36,10,Online,COUT;COUTS;HEARTBEAT;LOGGING;LWT;NIGHTDAY;POWER;PRINT;PWDAYS;PWHOURS;PWMONTHS,
inter,chilly-mazarin,dl4-tgbt,defined,True,18,9,,COUT;COUTS;HEARTBEAT;LOGGING;NIGHTDAY;POWER;PRINT;PWDAYS;PWHOURS;PWMONTHS,
inter,chilly-mazarin,pwx4-tgbt,defined,True,18,9,,COUT;COUTS;HEARTBEAT;LOGGING;NIGHTDAY;POWER;PRINT;PWDAYS;PWHOURS;PWMONTHS,
inter,chilly-mazarin,snx,missing_device,True,430,9,Online,CONFIG;HEARTBEAT;LOGGING;LWT;PRINT;RANKING;SNXCOUT;SNXRANKING;SNX_GROUP_SCORES;VOLUME,
inter,chilly-mazarin,snx-1,derived_channel_topic,False,5,4,,REGULATEUR;REGULATEUR_LOG;SNXDETAILS;STATISTIC,snx
inter,chilly-mazarin,snx-100,derived_channel_topic,False,22,2,,CONDENSEUR;CONDENSEUR_LOG,snx
inter,chilly-mazarin,snx-101,derived_channel_topic,False,22,2,,CONDENSEUR;CONDENSEUR_LOG,snx
inter,chilly-mazarin,snx-2,derived_channel_topic,False,3,4,,REGULATEUR;REGULATEUR_LOG;SNXDETAILS;STATISTIC,snx
inter,chilly-mazarin,snx-20,derived_channel_topic,False,3,4,,REGULATEUR;REGULATEUR_LOG;SNXDETAILS;STATISTIC,snx
inter,chilly-mazarin,snx-21,derived_channel_topic,False,10,4,,REGULATEUR;REGULATEUR_LOG;SNXDETAILS;STATISTIC,snx
inter,chilly-mazarin,snx-22,derived_channel_topic,False,10,4,,REGULATEUR;REGULATEUR_LOG;SNXDETAILS;STATISTIC,snx
inter,chilly-mazarin,snx-23,derived_channel_topic,False,10,4,,REGULATEUR;REGULATEUR_LOG;SNXDETAILS;STATISTIC,snx
inter,chilly-mazarin,snx-24,derived_channel_topic,False,9,4,,REGULATEUR;REGULATEUR_LOG;SNXDETAILS;STATISTIC,snx
inter,chilly-mazarin,snx-25,derived_channel_topic,False,8,4,,REGULATEUR;REGULATEUR_LOG;SNXDETAILS;STATISTIC,snx
inter,chilly-mazarin,snx-26,derived_channel_topic,False,9,4,,REGULATEUR;REGULATEUR_LOG;SNXDETAILS;STATISTIC,snx
inter,chilly-mazarin,snx-27,derived_channel_topic,False,8,4,,REGULATEUR;REGULATEUR_LOG;SNXDETAILS;STATISTIC,snx
inter,chilly-mazarin,snx-28,derived_channel_topic,False,6,4,,REGULATEUR;REGULATEUR_LOG;SNXDETAILS;STATISTIC,snx
inter,chilly-mazarin,snx-30,derived_channel_topic,False,10,4,,REGULATEUR;REGULATEUR_LOG;SNXDETAILS;STATISTIC,snx
inter,chilly-mazarin,snx-31,derived_channel_topic,False,8,4,,REGULATEUR;REGULATEUR_LOG;SNXDETAILS;STATISTIC,snx
inter,chilly-mazarin,snx-32,derived_channel_topic,False,10,4,,REGULATEUR;REGULATEUR_LOG;SNXDETAILS;STATISTIC,snx
inter,chilly-mazarin,snx-33,derived_channel_topic,False,9,4,,REGULATEUR;REGULATEUR_LOG;SNXDETAILS;STATISTIC,snx
inter,chilly-mazarin,snx-34,derived_channel_topic,False,8,4,,REGULATEUR;REGULATEUR_LOG;SNXDETAILS;STATISTIC,snx
inter,chilly-mazarin,snx-35,derived_channel_topic,False,9,4,,REGULATEUR;REGULATEUR_LOG;SNXDETAILS;STATISTIC,snx
inter,chilly-mazarin,snx-36,derived_channel_topic,False,8,4,,REGULATEUR;REGULATEUR_LOG;SNXDETAILS;STATISTIC,snx
inter,chilly-mazarin,snx-37,derived_channel_topic,False,7,4,,REGULATEUR;REGULATEUR_LOG;SNXDETAILS;STATISTIC,snx
inter,chilly-mazarin,snx-38,derived_channel_topic,False,8,4,,REGULATEUR;REGULATEUR_LOG;SNXDETAILS;STATISTIC,snx
inter,chilly-mazarin,snx-39,derived_channel_topic,False,12,4,,REGULATEUR;REGULATEUR_LOG;SNXDETAILS;STATISTIC,snx
inter,chilly-mazarin,snx-40,derived_channel_topic,False,7,4,,REGULATEUR;REGULATEUR_LOG;SNXDETAILS;STATISTIC,snx
inter,chilly-mazarin,snx-41,derived_channel_topic,False,7,4,,REGULATEUR;REGULATEUR_LOG;SNXDETAILS;STATISTIC,snx
inter,chilly-mazarin,snx-42,derived_channel_topic,False,11,4,,REGULATEUR;REGULATEUR_LOG;SNXDETAILS;STATISTIC,snx
inter,chilly-mazarin,snx-43,derived_channel_topic,False,12,4,,REGULATEUR;REGULATEUR_LOG;SNXDETAILS;STATISTIC,snx
inter,chilly-mazarin,snx-44,derived_channel_topic,False,11,4,,REGULATEUR;REGULATEUR_LOG;SNXDETAILS;STATISTIC,snx
inter,chilly-mazarin,snx-45,derived_channel_topic,False,4,4,,REGULATEUR;REGULATEUR_LOG;SNXDETAILS;STATISTIC,snx
inter,chilly-mazarin,snx-46,derived_channel_topic,False,10,4,,REGULATEUR;REGULATEUR_LOG;SNXDETAILS;STATISTIC,snx
inter,chilly-mazarin,snx-47,derived_channel_topic,False,10,4,,REGULATEUR;REGULATEUR_LOG;SNXDETAILS;STATISTIC,snx
inter,chilly-mazarin,snx-48,derived_channel_topic,False,7,4,,REGULATEUR;REGULATEUR_LOG;SNXDETAILS;STATISTIC,snx
inter,chilly-mazarin,snx-49,derived_channel_topic,False,10,4,,REGULATEUR;REGULATEUR_LOG;SNXDETAILS;STATISTIC,snx
inter,chilly-mazarin,snx-50,derived_channel_topic,False,9,4,,REGULATEUR;REGULATEUR_LOG;SNXDETAILS;STATISTIC,snx
inter,chilly-mazarin,snx-51,derived_channel_topic,False,5,4,,REGULATEUR;REGULATEUR_LOG;SNXDETAILS;STATISTIC,snx
inter,chilly-mazarin,snx-52,derived_channel_topic,False,6,4,,REGULATEUR;REGULATEUR_LOG;SNXDETAILS;STATISTIC,snx
inter,chilly-mazarin,snx-53,derived_channel_topic,False,6,4,,REGULATEUR;REGULATEUR_LOG;SNXDETAILS;STATISTIC,snx
inter,chilly-mazarin,snx-57,derived_channel_topic,False,9,4,,REGULATEUR;REGULATEUR_LOG;SNXDETAILS;STATISTIC,snx
inter,chilly-mazarin,snx-58,derived_channel_topic,False,8,4,,REGULATEUR;REGULATEUR_LOG;SNXDETAILS;STATISTIC,snx
inter,chilly-mazarin,snx-59,derived_channel_topic,False,9,4,,REGULATEUR;REGULATEUR_LOG;SNXDETAILS;STATISTIC,snx
inter,chilly-mazarin,snx-6,derived_channel_topic,False,3,4,,REGULATEUR;REGULATEUR_LOG;SNXDETAILS;STATISTIC,snx
inter,chilly-mazarin,snx-60,derived_channel_topic,False,7,4,,REGULATEUR;REGULATEUR_LOG;SNXDETAILS;STATISTIC,snx
inter,chilly-mazarin,snx-61,derived_channel_topic,False,6,4,,REGULATEUR;REGULATEUR_LOG;SNXDETAILS;STATISTIC,snx
inter,chilly-mazarin,snx-62,derived_channel_topic,False,8,4,,REGULATEUR;REGULATEUR_LOG;SNXDETAILS;STATISTIC,snx
inter,chilly-mazarin,snx-63,derived_channel_topic,False,9,4,,REGULATEUR;REGULATEUR_LOG;SNXDETAILS;STATISTIC,snx
inter,chilly-mazarin,snx-68,derived_channel_topic,False,5,4,,REGULATEUR;REGULATEUR_LOG;SNXDETAILS;STATISTIC,snx
inter,chilly-mazarin,snx-69,derived_channel_topic,False,8,4,,REGULATEUR;REGULATEUR_LOG;SNXDETAILS;STATISTIC,snx
inter,chilly-mazarin,snx-70,derived_channel_topic,False,8,4,,REGULATEUR;REGULATEUR_LOG;SNXDETAILS;STATISTIC,snx
inter,chilly-mazarin,snx-80,derived_channel_topic,False,3,4,,REGULATEUR;REGULATEUR_LOG;SNXDETAILS;STATISTIC,snx
inter,chilly-mazarin,snx-81,derived_channel_topic,False,6,4,,REGULATEUR;REGULATEUR_LOG;SNXDETAILS;STATISTIC,snx
inter,chilly-mazarin,snx-999,derived_channel_topic,False,23,1,,ON_CONSIGNE,snx
inter,chilly-mazarin,virtuel,defined,False,24,7,,COUT;COUTS;NIGHTDAY;POWER;PWDAYS;PWHOURS;PWMONTHS,
inter,chilly-mazarin,zb-Th_Exterieur,sensor_endpoint,False,1,1,,SENSOR,
inter,chilly-mazarin,zb-Th_FruitsSecs,sensor_endpoint,False,0,1,,SENSOR,
inter,chilly-mazarin,zb-th_clim1_cls,sensor_endpoint,False,0,1,,SENSOR,
inter,chilly-mazarin,zb-th_clim1_pains_bio,sensor_endpoint,False,1,1,,SENSOR,
inter,chilly-mazarin,zb-th_clim2_surgeles,sensor_endpoint,False,0,1,,SENSOR,
inter,chilly-mazarin,zb-th_clim3_couture,sensor_endpoint,False,0,1,,SENSOR,
inter,choisy,dl12-boulangerie1,defined,True,42,3,Online,HEARTBEAT;LOGGING;LWT;PRINT,
inter,choisy,dl12-boulangerie1-1,derived_channel_topic,False,6,7,,COUT;COUTS;NIGHTDAY;POWER;PWDAYS;PWHOURS;PWMONTHS,dl12-boulangerie1
inter,choisy,dl12-boulangerie1-2,derived_channel_topic,False,6,7,,COUT;COUTS;NIGHTDAY;POWER;PWDAYS;PWHOURS;PWMONTHS,dl12-boulangerie1
inter,choisy,dl12-boulangerie1-3,derived_channel_topic,False,6,7,,COUT;COUTS;NIGHTDAY;POWER;PWDAYS;PWHOURS;PWMONTHS,dl12-boulangerie1
inter,choisy,dl12-boulangerie2,defined,True,42,3,Online,HEARTBEAT;LOGGING;LWT;PRINT,
inter,choisy,dl12-boulangerie2-1,derived_channel_topic,False,6,7,,COUT;COUTS;NIGHTDAY;POWER;PWDAYS;PWHOURS;PWMONTHS,dl12-boulangerie2
inter,choisy,dl12-boulangerie2-2,derived_channel_topic,False,6,7,,COUT;COUTS;NIGHTDAY;POWER;PWDAYS;PWHOURS;PWMONTHS,dl12-boulangerie2
inter,choisy,dl12-boulangerie2-3,derived_channel_topic,False,6,7,,COUT;COUTS;NIGHTDAY;POWER;PWDAYS;PWHOURS;PWMONTHS,dl12-boulangerie2
inter,choisy,dl12-ext,defined,True,3,3,Online,HEARTBEAT;LWT;PRINT,
inter,choisy,dl12-ext-1,derived_channel_topic,False,6,7,,COUT;COUTS;NIGHTDAY;POWER;PWDAYS;PWHOURS;PWMONTHS,dl12-ext
inter,choisy,dl12-ext-2,derived_channel_topic,False,6,7,,COUT;COUTS;NIGHTDAY;POWER;PWDAYS;PWHOURS;PWMONTHS,dl12-ext
inter,choisy,dl12-ext-3,derived_channel_topic,False,6,7,,COUT;COUTS;NIGHTDAY;POWER;PWDAYS;PWHOURS;PWMONTHS,dl12-ext
inter,choisy,dl12-labo1,defined,True,42,3,Online,HEARTBEAT;LOGGING;LWT;PRINT,
inter,choisy,dl12-labo1-1,derived_channel_topic,False,6,7,,COUT;COUTS;NIGHTDAY;POWER;PWDAYS;PWHOURS;PWMONTHS,dl12-labo1
inter,choisy,dl12-labo1-2,derived_channel_topic,False,6,7,,COUT;COUTS;NIGHTDAY;POWER;PWDAYS;PWHOURS;PWMONTHS,dl12-labo1
inter,choisy,dl12-labo1-3,derived_channel_topic,False,6,7,,COUT;COUTS;NIGHTDAY;POWER;PWDAYS;PWHOURS;PWMONTHS,dl12-labo1
inter,choisy,dl12-labo2,defined,True,0,2,Online,HEARTBEAT;LWT,
inter,choisy,dl12-labo2-1,derived_channel_topic,False,0,6,,COUT;COUTS;NIGHTDAY;PWDAYS;PWHOURS;PWMONTHS,dl12-labo2
inter,choisy,dl12-labo2-2,derived_channel_topic,False,0,6,,COUT;COUTS;NIGHTDAY;PWDAYS;PWHOURS;PWMONTHS,dl12-labo2
inter,choisy,dl12-maindb,defined,True,44,3,Online,HEARTBEAT;LOGGING;LWT;PRINT,
inter,choisy,dl12-maindb-1,derived_channel_topic,False,6,7,,COUT;COUTS;NIGHTDAY;POWER;PWDAYS;PWHOURS;PWMONTHS,dl12-maindb
inter,choisy,dl12-maindb-2,derived_channel_topic,False,6,7,,COUT;COUTS;NIGHTDAY;POWER;PWDAYS;PWHOURS;PWMONTHS,dl12-maindb
inter,choisy,dl12-maindb-3,derived_channel_topic,False,6,7,,COUT;COUTS;NIGHTDAY;POWER;PWDAYS;PWHOURS;PWMONTHS,dl12-maindb
inter,choisy,dl12-maindh,defined,True,3,3,Online,HEARTBEAT;LWT;PRINT,
inter,choisy,dl12-maindh-1,derived_channel_topic,False,6,7,,COUT;COUTS;NIGHTDAY;POWER;PWDAYS;PWHOURS;PWMONTHS,dl12-maindh
inter,choisy,dl12-maindh-2,derived_channel_topic,False,6,7,,COUT;COUTS;NIGHTDAY;POWER;PWDAYS;PWHOURS;PWMONTHS,dl12-maindh
inter,choisy,dl12-maingb,defined,True,3,3,Online,HEARTBEAT;LWT;PRINT,
inter,choisy,dl12-maingb-1,derived_channel_topic,False,6,7,,COUT;COUTS;NIGHTDAY;POWER;PWDAYS;PWHOURS;PWMONTHS,dl12-maingb
inter,choisy,dl12-maingb-2,derived_channel_topic,False,6,7,,COUT;COUTS;NIGHTDAY;POWER;PWDAYS;PWHOURS;PWMONTHS,dl12-maingb
inter,choisy,dl12-maingh,defined,True,0,2,Online,HEARTBEAT;LWT,
inter,choisy,dl12-maingh-1,derived_channel_topic,False,0,6,,COUT;COUTS;NIGHTDAY;PWDAYS;PWHOURS;PWMONTHS,dl12-maingh
inter,choisy,dl12-maingh-2,derived_channel_topic,False,0,6,,COUT;COUTS;NIGHTDAY;PWDAYS;PWHOURS;PWMONTHS,dl12-maingh
inter,choisy,dl12-maingh-3,derived_channel_topic,False,0,6,,COUT;COUTS;NIGHTDAY;PWDAYS;PWHOURS;PWMONTHS,dl12-maingh
inter,choisy,dl12-tdclim,defined,True,42,3,Online,HEARTBEAT;LOGGING;LWT;PRINT,
inter,choisy,dl12-tdclim-1,derived_channel_topic,False,6,7,,COUT;COUTS;NIGHTDAY;POWER;PWDAYS;PWHOURS;PWMONTHS,dl12-tdclim
inter,choisy,dl12-tdclim-2,derived_channel_topic,False,6,7,,COUT;COUTS;NIGHTDAY;POWER;PWDAYS;PWHOURS;PWMONTHS,dl12-tdclim
inter,choisy,dl12-tdclim-3,derived_channel_topic,False,6,7,,COUT;COUTS;NIGHTDAY;POWER;PWDAYS;PWHOURS;PWMONTHS,dl12-tdclim
inter,choisy,dl4-bornes,defined,True,9,10,Online,COUT;COUTS;HEARTBEAT;LWT;NIGHTDAY;POWER;PRINT;PWDAYS;PWHOURS;PWMONTHS,
inter,choisy,dl4-ext_froid,defined,True,9,10,Online,COUT;COUTS;HEARTBEAT;LWT;NIGHTDAY;POWER;PRINT;PWDAYS;PWHOURS;PWMONTHS,
inter,choisy,dl4-extmain,defined,True,36,10,Online,COUT;COUTS;HEARTBEAT;LOGGING;LWT;NIGHTDAY;POWER;PRINT;PWDAYS;PWHOURS;PWMONTHS,
inter,choisy,dl4-maingh,defined,True,0,8,Online,COUT;COUTS;HEARTBEAT;LWT;NIGHTDAY;PWDAYS;PWHOURS;PWMONTHS,
inter,choisy,rdx-d,unresolved_topic_identity,False,5,1,,LOGGING;SENSOR,
inter,choisy,rdx-g,unresolved_topic_identity,False,5,1,,LOGGING;SENSOR,
inter,choisy,snx,missing_device,True,270,9,Online,CONFIG;HEARTBEAT;LOGGING;LWT;RANKING;SNXCOUT;SNXRANKING;SNX_GROUP_SCORES;STATE;VOLUME,
inter,choisy,snx-1,derived_channel_topic,False,18,3,,CONDENSEUR;CONDENSEUR_LOG;REGULATEUR_LOG,snx
inter,choisy,snx-10,derived_channel_topic,False,4,4,,REGULATEUR;REGULATEUR_LOG;SNXDETAILS;STATISTIC,snx
inter,choisy,snx-11,derived_channel_topic,False,2,4,,REGULATEUR;REGULATEUR_LOG;SNXDETAILS;STATISTIC,snx
inter,choisy,snx-12,derived_channel_topic,False,2,4,,REGULATEUR;REGULATEUR_LOG;SNXDETAILS;STATISTIC,snx
inter,choisy,snx-13,derived_channel_topic,False,5,4,,REGULATEUR;REGULATEUR_LOG;SNXDETAILS;STATISTIC,snx
inter,choisy,snx-14,derived_channel_topic,False,2,4,,REGULATEUR;REGULATEUR_LOG;SNXDETAILS;STATISTIC,snx
inter,choisy,snx-15,derived_channel_topic,False,7,4,,REGULATEUR;REGULATEUR_LOG;SNXDETAILS;STATISTIC,snx
inter,choisy,snx-16,derived_channel_topic,False,6,4,,REGULATEUR;REGULATEUR_LOG;SNXDETAILS;STATISTIC,snx
inter,choisy,snx-17,derived_channel_topic,False,6,4,,REGULATEUR;REGULATEUR_LOG;SNXDETAILS;STATISTIC,snx
inter,choisy,snx-18,derived_channel_topic,False,2,4,,REGULATEUR;REGULATEUR_LOG;SNXDETAILS;STATISTIC,snx
inter,choisy,snx-19,derived_channel_topic,False,3,4,,REGULATEUR;REGULATEUR_LOG;SNXDETAILS;STATISTIC,snx
inter,choisy,snx-2,derived_channel_topic,False,22,3,,CONDENSEUR;CONDENSEUR_LOG;REGULATEUR_LOG,snx
inter,choisy,snx-20,derived_channel_topic,False,3,4,,REGULATEUR;REGULATEUR_LOG;SNXDETAILS;STATISTIC,snx
inter,choisy,snx-21,derived_channel_topic,False,5,4,,REGULATEUR;REGULATEUR_LOG;SNXDETAILS;STATISTIC,snx
inter,choisy,snx-22,derived_channel_topic,False,5,4,,REGULATEUR;REGULATEUR_LOG;SNXDETAILS;STATISTIC,snx
inter,choisy,snx-23,derived_channel_topic,False,4,4,,REGULATEUR;REGULATEUR_LOG;SNXDETAILS;STATISTIC,snx
inter,choisy,snx-24,derived_channel_topic,False,4,4,,REGULATEUR;REGULATEUR_LOG;SNXDETAILS;STATISTIC,snx
inter,choisy,snx-25,derived_channel_topic,False,3,4,,REGULATEUR;REGULATEUR_LOG;SNXDETAILS;STATISTIC,snx
inter,choisy,snx-26,derived_channel_topic,False,4,4,,REGULATEUR;REGULATEUR_LOG;SNXDETAILS;STATISTIC,snx
inter,choisy,snx-27,derived_channel_topic,False,3,4,,REGULATEUR;REGULATEUR_LOG;SNXDETAILS;STATISTIC,snx
inter,choisy,snx-28,derived_channel_topic,False,3,4,,REGULATEUR;REGULATEUR_LOG;SNXDETAILS;STATISTIC,snx
inter,choisy,snx-29,derived_channel_topic,False,4,4,,REGULATEUR;REGULATEUR_LOG;SNXDETAILS;STATISTIC,snx
inter,choisy,snx-3,derived_channel_topic,False,2,4,,REGULATEUR;REGULATEUR_LOG;SNXDETAILS;STATISTIC,snx
inter,choisy,snx-30,derived_channel_topic,False,4,4,,REGULATEUR;REGULATEUR_LOG;SNXDETAILS;STATISTIC,snx
inter,choisy,snx-31,derived_channel_topic,False,4,4,,REGULATEUR;REGULATEUR_LOG;SNXDETAILS;STATISTIC,snx
inter,choisy,snx-32,derived_channel_topic,False,4,4,,REGULATEUR;REGULATEUR_LOG;SNXDETAILS;STATISTIC,snx
inter,choisy,snx-33,derived_channel_topic,False,5,4,,REGULATEUR;REGULATEUR_LOG;SNXDETAILS;STATISTIC,snx
inter,choisy,snx-34,derived_channel_topic,False,3,4,,REGULATEUR;REGULATEUR_LOG;SNXDETAILS;STATISTIC,snx
inter,choisy,snx-35,derived_channel_topic,False,3,4,,REGULATEUR;REGULATEUR_LOG;SNXDETAILS;STATISTIC,snx
inter,choisy,snx-36,derived_channel_topic,False,4,4,,REGULATEUR;REGULATEUR_LOG;SNXDETAILS;STATISTIC,snx
inter,choisy,snx-37,derived_channel_topic,False,4,4,,REGULATEUR;REGULATEUR_LOG;SNXDETAILS;STATISTIC,snx
inter,choisy,snx-38,derived_channel_topic,False,4,4,,REGULATEUR;REGULATEUR_LOG;SNXDETAILS;STATISTIC,snx
inter,choisy,snx-39,derived_channel_topic,False,4,4,,REGULATEUR;REGULATEUR_LOG;SNXDETAILS;STATISTIC,snx
inter,choisy,snx-4,derived_channel_topic,False,6,4,,REGULATEUR;REGULATEUR_LOG;SNXDETAILS;STATISTIC,snx
inter,choisy,snx-40,derived_channel_topic,False,7,4,,REGULATEUR;REGULATEUR_LOG;SNXDETAILS;STATISTIC,snx
inter,choisy,snx-41,derived_channel_topic,False,4,4,,REGULATEUR;REGULATEUR_LOG;SNXDETAILS;STATISTIC,snx
inter,choisy,snx-42,derived_channel_topic,False,3,4,,REGULATEUR;REGULATEUR_LOG;SNXDETAILS;STATISTIC,snx
inter,choisy,snx-43,derived_channel_topic,False,2,4,,REGULATEUR;REGULATEUR_LOG;SNXDETAILS;STATISTIC,snx
inter,choisy,snx-44,derived_channel_topic,False,6,4,,REGULATEUR;REGULATEUR_LOG;SNXDETAILS;STATISTIC,snx
inter,choisy,snx-45,derived_channel_topic,False,6,4,,REGULATEUR;REGULATEUR_LOG;SNXDETAILS;STATISTIC,snx
inter,choisy,snx-46,derived_channel_topic,False,4,4,,REGULATEUR;REGULATEUR_LOG;SNXDETAILS;STATISTIC,snx
inter,choisy,snx-47,derived_channel_topic,False,4,4,,REGULATEUR;REGULATEUR_LOG;SNXDETAILS;STATISTIC,snx
inter,choisy,snx-48,derived_channel_topic,False,4,4,,REGULATEUR;REGULATEUR_LOG;SNXDETAILS;STATISTIC,snx
inter,choisy,snx-49,derived_channel_topic,False,4,4,,REGULATEUR;REGULATEUR_LOG;SNXDETAILS;STATISTIC,snx
inter,choisy,snx-5,derived_channel_topic,False,5,4,,REGULATEUR;REGULATEUR_LOG;SNXDETAILS;STATISTIC,snx
inter,choisy,snx-50,derived_channel_topic,False,2,4,,REGULATEUR;REGULATEUR_LOG;SNXDETAILS;STATISTIC,snx
inter,choisy,snx-51,derived_channel_topic,False,6,4,,REGULATEUR;REGULATEUR_LOG;SNXDETAILS;STATISTIC,snx
inter,choisy,snx-52,derived_channel_topic,False,4,4,,REGULATEUR;REGULATEUR_LOG;SNXDETAILS;STATISTIC,snx
inter,choisy,snx-53,derived_channel_topic,False,6,4,,REGULATEUR;REGULATEUR_LOG;SNXDETAILS;STATISTIC,snx
inter,choisy,snx-54,derived_channel_topic,False,5,4,,REGULATEUR;REGULATEUR_LOG;SNXDETAILS;STATISTIC,snx
inter,choisy,snx-55,derived_channel_topic,False,5,4,,REGULATEUR;REGULATEUR_LOG;SNXDETAILS;STATISTIC,snx
inter,choisy,snx-56,derived_channel_topic,False,4,4,,REGULATEUR;REGULATEUR_LOG;SNXDETAILS;STATISTIC,snx
inter,choisy,snx-57,derived_channel_topic,False,4,4,,REGULATEUR;REGULATEUR_LOG;SNXDETAILS;STATISTIC,snx
inter,choisy,snx-6,derived_channel_topic,False,7,4,,REGULATEUR;REGULATEUR_LOG;SNXDETAILS;STATISTIC,snx
inter,choisy,snx-7,derived_channel_topic,False,2,4,,REGULATEUR;REGULATEUR_LOG;SNXDETAILS;STATISTIC,snx
inter,choisy,snx-8,derived_channel_topic,False,6,4,,REGULATEUR;REGULATEUR_LOG;SNXDETAILS;STATISTIC,snx
inter,choisy,snx-9,derived_channel_topic,False,0,4,,REGULATEUR;REGULATEUR_LOG;SNXDETAILS;STATISTIC,snx
inter,choisy,snx-999,derived_channel_topic,False,5,1,,ON_CONSIGNE,snx
inter,choisy,virtuel,defined,False,24,8,,COUT;COUTS;NIGHTDAY;POWER;PWDAYS;PWHOURS;PWMONTHS;VIRTUALSTATUS,
inter,choisy,zb-bridge,missing_device,True,17,1,Online,LWT;RESULT,
inter,choisy,zb-th_clim1,sensor_endpoint,False,0,1,,SENSOR,
inter,choisy,zb-th_clim1&4_savon,sensor_endpoint,False,0,1,,SENSOR,
inter,choisy,zb-th_clim1_animaux,sensor_endpoint,False,0,1,,SENSOR,
inter,choisy,zb-th_clim2,sensor_endpoint,False,0,1,,SENSOR,
inter,choisy,zb-th_clim2_cartes,sensor_endpoint,False,0,1,,SENSOR,
inter,choisy,zb-th_clim2_piles,sensor_endpoint,False,1,1,,SENSOR,
inter,choisy,zb-th_clim3,sensor_endpoint,False,0,1,,SENSOR,
inter,choisy,zb-th_clim3_f&l,sensor_endpoint,False,0,1,,SENSOR,
inter,choisy,zb-th_clim4,sensor_endpoint,False,0,1,,SENSOR,
inter,choisy,zb-th_clim4_caisses,sensor_endpoint,False,1,1,,SENSOR,
inter,choisy,zb-th_clim4_pains,sensor_endpoint,False,1,1,,SENSOR,
inter,choisy,zb-th_exterieure,sensor_endpoint,False,1,1,,SENSOR,
inter,choisy,zb-th_galerie_entree,sensor_endpoint,False,1,1,,SENSOR,
inter,choisy,zb-th_galerie_portique,sensor_endpoint,False,0,1,,SENSOR,
inter,coubron,aex-1,missing_device,True,4,3,Online,HEARTBEAT;LOGGING;LWT;RESULT;SENSOR,
inter,coubron,aex-2,missing_device,True,4,3,Online,HEARTBEAT;LOGGING;LWT;RESULT;SENSOR,
inter,coubron,aex-3,missing_device,True,8,3,Online,HEARTBEAT;LOGGING;LWT;RESULT;SENSOR;STATE,
inter,coubron,ch1,missing_device,True,8,2,,HEARTBEAT;LOGGING;RESULT;SENSOR,
inter,coubron,ch1_drive,missing_device,True,4,2,,HEARTBEAT;LOGGING;RESULT;SENSOR,
inter,coubron,ch2,missing_device,True,12,2,,HEARTBEAT;LOGGING;RESULT;SENSOR;STATE,
inter,coubron,ch2_drive,missing_device,True,8,2,,HEARTBEAT;LOGGING;RESULT;SENSOR;STATE,
inter,coubron,ch3,missing_device,True,12,2,,HEARTBEAT;LOGGING;RESULT;SENSOR;STATE,
inter,coubron,dl12-boulange1,defined,True,42,2,,HEARTBEAT;LOGGING;PRINT,
inter,coubron,dl12-boulange1-1,derived_channel_topic,False,6,7,,COUT;COUTS;NIGHTDAY;POWER;PWDAYS;PWHOURS;PWMONTHS,dl12-boulange1
inter,coubron,dl12-boulange1-2,derived_channel_topic,False,6,7,,COUT;COUTS;NIGHTDAY;POWER;PWDAYS;PWHOURS;PWMONTHS,dl12-boulange1
inter,coubron,dl12-boulange1-3,derived_channel_topic,False,6,7,,COUT;COUTS;NIGHTDAY;POWER;PWDAYS;PWHOURS;PWMONTHS,dl12-boulange1
inter,coubron,dl12-boulange2,defined,True,42,3,Online,HEARTBEAT;LOGGING;LWT;PRINT,
inter,coubron,dl12-boulange2-1,derived_channel_topic,False,6,6,,COUT;COUTS;POWER;PWDAYS;PWHOURS;PWMONTHS,dl12-boulange2
inter,coubron,dl12-boulange2-2,derived_channel_topic,False,6,6,,COUT;COUTS;POWER;PWDAYS;PWHOURS;PWMONTHS,dl12-boulange2
inter,coubron,dl12-boulange2-3,derived_channel_topic,False,6,6,,COUT;COUTS;POWER;PWDAYS;PWHOURS;PWMONTHS,dl12-boulange2
inter,coubron,dl12-bureaux,defined,True,42,2,,HEARTBEAT;LOGGING;PRINT,
inter,coubron,dl12-bureaux-1,derived_channel_topic,False,6,7,,COUT;COUTS;NIGHTDAY;POWER;PWDAYS;PWHOURS;PWMONTHS,dl12-bureaux
inter,coubron,dl12-bureaux-2,derived_channel_topic,False,6,7,,COUT;COUTS;NIGHTDAY;POWER;PWDAYS;PWHOURS;PWMONTHS,dl12-bureaux
inter,coubron,dl12-bureaux-3,derived_channel_topic,False,6,7,,COUT;COUTS;NIGHTDAY;POWER;PWDAYS;PWHOURS;PWMONTHS,dl12-bureaux
inter,coubron,dl12-caisses,defined,True,42,2,,HEARTBEAT;LOGGING;PRINT,
inter,coubron,dl12-caisses-1,derived_channel_topic,False,6,7,,COUT;COUTS;NIGHTDAY;POWER;PWDAYS;PWHOURS;PWMONTHS,dl12-caisses
inter,coubron,dl12-caisses-2,derived_channel_topic,False,6,7,,COUT;COUTS;NIGHTDAY;POWER;PWDAYS;PWHOURS;PWMONTHS,dl12-caisses
inter,coubron,dl12-caisses-3,derived_channel_topic,False,6,7,,COUT;COUTS;NIGHTDAY;POWER;PWDAYS;PWHOURS;PWMONTHS,dl12-caisses
inter,coubron,dl12-galerie,defined,True,3,3,Online,HEARTBEAT;LWT;PRINT,
inter,coubron,dl12-galerie-1,derived_channel_topic,False,6,7,,COUT;COUTS;NIGHTDAY;POWER;PWDAYS;PWHOURS;PWMONTHS,dl12-galerie
inter,coubron,dl12-galerie-2,derived_channel_topic,False,6,7,,COUT;COUTS;NIGHTDAY;POWER;PWDAYS;PWHOURS;PWMONTHS,dl12-galerie
inter,coubron,dl12-galerie-3,derived_channel_topic,False,6,7,,COUT;COUTS;NIGHTDAY;POWER;PWDAYS;PWHOURS;PWMONTHS,dl12-galerie
inter,coubron,dl12-labo1,defined,True,3,2,,HEARTBEAT;PRINT,
inter,coubron,dl12-labo1-1,derived_channel_topic,False,6,7,,COUT;COUTS;NIGHTDAY;POWER;PWDAYS;PWHOURS;PWMONTHS,dl12-labo1
inter,coubron,dl12-labo1-2,derived_channel_topic,False,6,7,,COUT;COUTS;NIGHTDAY;POWER;PWDAYS;PWHOURS;PWMONTHS,dl12-labo1
inter,coubron,dl12-labo1-3,derived_channel_topic,False,6,7,,COUT;COUTS;NIGHTDAY;POWER;PWDAYS;PWHOURS;PWMONTHS,dl12-labo1
inter,coubron,dl12-labo2,defined,True,3,2,,HEARTBEAT;PRINT,
inter,coubron,dl12-labo2-1,derived_channel_topic,False,6,7,,COUT;COUTS;NIGHTDAY;POWER;PWDAYS;PWHOURS;PWMONTHS,dl12-labo2
inter,coubron,dl12-labo2-2,derived_channel_topic,False,6,7,,COUT;COUTS;NIGHTDAY;POWER;PWDAYS;PWHOURS;PWMONTHS,dl12-labo2
inter,coubron,dl12-labo2-3,derived_channel_topic,False,6,7,,COUT;COUTS;NIGHTDAY;POWER;PWDAYS;PWHOURS;PWMONTHS,dl12-labo2
inter,coubron,dl12-maind1,defined,True,42,3,Online,HEARTBEAT;LOGGING;LWT;PRINT,
inter,coubron,dl12-maind1-1,derived_channel_topic,False,6,7,,COUT;COUTS;NIGHTDAY;POWER;PWDAYS;PWHOURS;PWMONTHS,dl12-maind1
inter,coubron,dl12-maind1-2,derived_channel_topic,False,6,7,,COUT;COUTS;NIGHTDAY;POWER;PWDAYS;PWHOURS;PWMONTHS,dl12-maind1
inter,coubron,dl12-maind1-3,derived_channel_topic,False,6,7,,COUT;COUTS;NIGHTDAY;POWER;PWDAYS;PWHOURS;PWMONTHS,dl12-maind1
inter,coubron,dl12-maind2,defined,True,0,2,Online,HEARTBEAT;LWT,
inter,coubron,dl12-maind2-1,derived_channel_topic,False,0,6,,COUT;COUTS;NIGHTDAY;PWDAYS;PWHOURS;PWMONTHS,dl12-maind2
inter,coubron,dl12-maind2-2,derived_channel_topic,False,0,6,,COUT;COUTS;NIGHTDAY;PWDAYS;PWHOURS;PWMONTHS,dl12-maind2
inter,coubron,dl12-maind2-3,derived_channel_topic,False,0,6,,COUT;COUTS;NIGHTDAY;PWDAYS;PWHOURS;PWMONTHS,dl12-maind2
inter,coubron,dl12-maing1,defined,True,3,3,Online,HEARTBEAT;LWT;PRINT,
inter,coubron,dl12-maing1-2,derived_channel_topic,False,6,7,,COUT;COUTS;NIGHTDAY;POWER;PWDAYS;PWHOURS;PWMONTHS,dl12-maing1
inter,coubron,dl12-maing1-3,derived_channel_topic,False,6,7,,COUT;COUTS;NIGHTDAY;POWER;PWDAYS;PWHOURS;PWMONTHS,dl12-maing1
inter,coubron,dl12-maing2,defined,True,44,3,Online,HEARTBEAT;LOGGING;LWT;PRINT,
inter,coubron,dl12-maing2-1,derived_channel_topic,False,6,7,,COUT;COUTS;NIGHTDAY;POWER;PWDAYS;PWHOURS;PWMONTHS,dl12-maing2
inter,coubron,dl12-maing2-2,derived_channel_topic,False,6,6,,COUT;COUTS;POWER;PWDAYS;PWHOURS;PWMONTHS,dl12-maing2
inter,coubron,dl12-maing2-3,derived_channel_topic,False,6,6,,COUT;COUTS;POWER;PWDAYS;PWHOURS;PWMONTHS,dl12-maing2
inter,coubron,dl4-galerie,defined,True,18,10,Online,COUT;COUTS;HEARTBEAT;LOGGING;LWT;NIGHTDAY;POWER;PRINT;PWDAYS;PWHOURS;PWMONTHS,
inter,coubron,pwx4-rogowski,defined,True,18,10,Online,COUT;COUTS;HEARTBEAT;LOGGING;LWT;NIGHTDAY;POWER;PRINT;PWDAYS;PWHOURS;PWMONTHS,
inter,coubron,snx,missing_device,True,280,8,Online,CONFIG;HEARTBEAT;LOGGING;LWT;RANKING;SNXCOUT;SNXRANKING;SNX_GROUP_SCORES;VOLUME,
inter,coubron,snx-1,derived_channel_topic,False,4,4,,REGULATEUR;REGULATEUR_LOG;SNXDETAILS;STATISTIC,snx
inter,coubron,snx-10,derived_channel_topic,False,5,4,,REGULATEUR;REGULATEUR_LOG;SNXDETAILS;STATISTIC,snx
inter,coubron,snx-100,derived_channel_topic,False,10,3,,CONDENSEUR;CONDENSEUR_LOG;REGULATEUR_LOG,snx
inter,coubron,snx-101,derived_channel_topic,False,17,4,,CONDENSEUR;CONDENSEUR_LOG;REGULATEUR;REGULATEUR_LOG,snx
inter,coubron,snx-11,derived_channel_topic,False,4,4,,REGULATEUR;REGULATEUR_LOG;SNXDETAILS;STATISTIC,snx
inter,coubron,snx-12,derived_channel_topic,False,4,4,,REGULATEUR;REGULATEUR_LOG;SNXDETAILS;STATISTIC,snx
inter,coubron,snx-13,derived_channel_topic,False,4,4,,REGULATEUR;REGULATEUR_LOG;SNXDETAILS;STATISTIC,snx
inter,coubron,snx-14,derived_channel_topic,False,3,4,,REGULATEUR;REGULATEUR_LOG;SNXDETAILS;STATISTIC,snx
inter,coubron,snx-15,derived_channel_topic,False,4,4,,REGULATEUR;REGULATEUR_LOG;SNXDETAILS;STATISTIC,snx
inter,coubron,snx-2,derived_channel_topic,False,3,4,,REGULATEUR;REGULATEUR_LOG;SNXDETAILS;STATISTIC,snx
inter,coubron,snx-20,derived_channel_topic,False,3,4,,REGULATEUR;REGULATEUR_LOG;SNXDETAILS;STATISTIC,snx
inter,coubron,snx-21,derived_channel_topic,False,4,4,,REGULATEUR;REGULATEUR_LOG;SNXDETAILS;STATISTIC,snx
inter,coubron,snx-22,derived_channel_topic,False,4,4,,REGULATEUR;REGULATEUR_LOG;SNXDETAILS;STATISTIC,snx
inter,coubron,snx-23,derived_channel_topic,False,4,4,,REGULATEUR;REGULATEUR_LOG;SNXDETAILS;STATISTIC,snx
inter,coubron,snx-24,derived_channel_topic,False,4,4,,REGULATEUR;REGULATEUR_LOG;SNXDETAILS;STATISTIC,snx
inter,coubron,snx-25,derived_channel_topic,False,1,4,,REGULATEUR;REGULATEUR_LOG;SNXDETAILS;STATISTIC,snx
inter,coubron,snx-26,derived_channel_topic,False,3,4,,REGULATEUR;REGULATEUR_LOG;SNXDETAILS;STATISTIC,snx
inter,coubron,snx-27,derived_channel_topic,False,2,4,,REGULATEUR;REGULATEUR_LOG;SNXDETAILS;STATISTIC,snx
inter,coubron,snx-28,derived_channel_topic,False,3,4,,REGULATEUR;REGULATEUR_LOG;SNXDETAILS;STATISTIC,snx
inter,coubron,snx-29,derived_channel_topic,False,3,4,,REGULATEUR;REGULATEUR_LOG;SNXDETAILS;STATISTIC,snx
inter,coubron,snx-3,derived_channel_topic,False,3,4,,REGULATEUR;REGULATEUR_LOG;SNXDETAILS;STATISTIC,snx
inter,coubron,snx-30,derived_channel_topic,False,4,4,,REGULATEUR;REGULATEUR_LOG;SNXDETAILS;STATISTIC,snx
inter,coubron,snx-31,derived_channel_topic,False,4,4,,REGULATEUR;REGULATEUR_LOG;SNXDETAILS;STATISTIC,snx
inter,coubron,snx-32,derived_channel_topic,False,4,4,,REGULATEUR;REGULATEUR_LOG;SNXDETAILS;STATISTIC,snx
inter,coubron,snx-33,derived_channel_topic,False,3,4,,REGULATEUR;REGULATEUR_LOG;SNXDETAILS;STATISTIC,snx
inter,coubron,snx-34,derived_channel_topic,False,3,4,,REGULATEUR;REGULATEUR_LOG;SNXDETAILS;STATISTIC,snx
inter,coubron,snx-35,derived_channel_topic,False,4,4,,REGULATEUR;REGULATEUR_LOG;SNXDETAILS;STATISTIC,snx
inter,coubron,snx-36,derived_channel_topic,False,3,4,,REGULATEUR;REGULATEUR_LOG;SNXDETAILS;STATISTIC,snx
inter,coubron,snx-37,derived_channel_topic,False,4,4,,REGULATEUR;REGULATEUR_LOG;SNXDETAILS;STATISTIC,snx
inter,coubron,snx-38,derived_channel_topic,False,4,4,,REGULATEUR;REGULATEUR_LOG;SNXDETAILS;STATISTIC,snx
inter,coubron,snx-39,derived_channel_topic,False,4,4,,REGULATEUR;REGULATEUR_LOG;SNXDETAILS;STATISTIC,snx
inter,coubron,snx-4,derived_channel_topic,False,3,4,,REGULATEUR;REGULATEUR_LOG;SNXDETAILS;STATISTIC,snx
inter,coubron,snx-40,derived_channel_topic,False,2,4,,REGULATEUR;REGULATEUR_LOG;SNXDETAILS;STATISTIC,snx
inter,coubron,snx-41,derived_channel_topic,False,4,4,,REGULATEUR;REGULATEUR_LOG;SNXDETAILS;STATISTIC,snx
inter,coubron,snx-42,derived_channel_topic,False,4,4,,REGULATEUR;REGULATEUR_LOG;SNXDETAILS;STATISTIC,snx
inter,coubron,snx-43,derived_channel_topic,False,3,4,,REGULATEUR;REGULATEUR_LOG;SNXDETAILS;STATISTIC,snx
inter,coubron,snx-44,derived_channel_topic,False,4,4,,REGULATEUR;REGULATEUR_LOG;SNXDETAILS;STATISTIC,snx
inter,coubron,snx-45,derived_channel_topic,False,3,4,,REGULATEUR;REGULATEUR_LOG;SNXDETAILS;STATISTIC,snx
inter,coubron,snx-46,derived_channel_topic,False,5,4,,REGULATEUR;REGULATEUR_LOG;SNXDETAILS;STATISTIC,snx
inter,coubron,snx-47,derived_channel_topic,False,4,4,,REGULATEUR;REGULATEUR_LOG;SNXDETAILS;STATISTIC,snx
inter,coubron,snx-48,derived_channel_topic,False,4,4,,REGULATEUR;REGULATEUR_LOG;SNXDETAILS;STATISTIC,snx
inter,coubron,snx-49,derived_channel_topic,False,3,4,,REGULATEUR;REGULATEUR_LOG;SNXDETAILS;STATISTIC,snx
inter,coubron,snx-5,derived_channel_topic,False,4,4,,REGULATEUR;REGULATEUR_LOG;SNXDETAILS;STATISTIC,snx
inter,coubron,snx-50,derived_channel_topic,False,4,4,,REGULATEUR;REGULATEUR_LOG;SNXDETAILS;STATISTIC,snx
inter,coubron,snx-51,derived_channel_topic,False,4,4,,REGULATEUR;REGULATEUR_LOG;SNXDETAILS;STATISTIC,snx
inter,coubron,snx-52,derived_channel_topic,False,3,4,,REGULATEUR;REGULATEUR_LOG;SNXDETAILS;STATISTIC,snx
inter,coubron,snx-53,derived_channel_topic,False,4,4,,REGULATEUR;REGULATEUR_LOG;SNXDETAILS;STATISTIC,snx
inter,coubron,snx-54,derived_channel_topic,False,4,4,,REGULATEUR;REGULATEUR_LOG;SNXDETAILS;STATISTIC,snx
inter,coubron,snx-55,derived_channel_topic,False,4,4,,REGULATEUR;REGULATEUR_LOG;SNXDETAILS;STATISTIC,snx
inter,coubron,snx-56,derived_channel_topic,False,4,4,,REGULATEUR;REGULATEUR_LOG;SNXDETAILS;STATISTIC,snx
inter,coubron,snx-57,derived_channel_topic,False,4,4,,REGULATEUR;REGULATEUR_LOG;SNXDETAILS;STATISTIC,snx
inter,coubron,snx-58,derived_channel_topic,False,4,4,,REGULATEUR;REGULATEUR_LOG;SNXDETAILS;STATISTIC,snx
inter,coubron,snx-59,derived_channel_topic,False,4,4,,REGULATEUR;REGULATEUR_LOG;SNXDETAILS;STATISTIC,snx
inter,coubron,snx-6,derived_channel_topic,False,5,4,,REGULATEUR;REGULATEUR_LOG;SNXDETAILS;STATISTIC,snx
inter,coubron,snx-60,derived_channel_topic,False,2,4,,REGULATEUR;REGULATEUR_LOG;SNXDETAILS;STATISTIC,snx
inter,coubron,snx-61,derived_channel_topic,False,2,4,,REGULATEUR;REGULATEUR_LOG;SNXDETAILS;STATISTIC,snx
inter,coubron,snx-62,derived_channel_topic,False,4,4,,REGULATEUR;REGULATEUR_LOG;SNXDETAILS;STATISTIC,snx
inter,coubron,snx-63,derived_channel_topic,False,3,4,,REGULATEUR;REGULATEUR_LOG;SNXDETAILS;STATISTIC,snx
inter,coubron,snx-64,derived_channel_topic,False,4,4,,REGULATEUR;REGULATEUR_LOG;SNXDETAILS;STATISTIC,snx
inter,coubron,snx-65,derived_channel_topic,False,4,4,,REGULATEUR;REGULATEUR_LOG;SNXDETAILS;STATISTIC,snx
inter,coubron,snx-66,derived_channel_topic,False,3,4,,REGULATEUR;REGULATEUR_LOG;SNXDETAILS;STATISTIC,snx
inter,coubron,snx-67,derived_channel_topic,False,3,4,,REGULATEUR;REGULATEUR_LOG;SNXDETAILS;STATISTIC,snx
inter,coubron,snx-7,derived_channel_topic,False,5,4,,REGULATEUR;REGULATEUR_LOG;SNXDETAILS;STATISTIC,snx
inter,coubron,snx-70,derived_channel_topic,False,1,4,,REGULATEUR;REGULATEUR_LOG;SNXDETAILS;STATISTIC,snx
inter,coubron,snx-71,derived_channel_topic,False,3,4,,REGULATEUR;REGULATEUR_LOG;SNXDETAILS;STATISTIC,snx
inter,coubron,snx-72,derived_channel_topic,False,3,4,,REGULATEUR;REGULATEUR_LOG;SNXDETAILS;STATISTIC,snx
inter,coubron,snx-73,derived_channel_topic,False,4,4,,REGULATEUR;REGULATEUR_LOG;SNXDETAILS;STATISTIC,snx
inter,coubron,snx-74,derived_channel_topic,False,1,4,,REGULATEUR;REGULATEUR_LOG;SNXDETAILS;STATISTIC,snx
inter,coubron,snx-75,derived_channel_topic,False,0,3,,REGULATEUR;SNXDETAILS;STATISTIC,snx
inter,coubron,snx-76,derived_channel_topic,False,0,2,,SNXDETAILS;STATISTIC,snx
inter,coubron,snx-8,derived_channel_topic,False,5,4,,REGULATEUR;REGULATEUR_LOG;SNXDETAILS;STATISTIC,snx
inter,coubron,snx-9,derived_channel_topic,False,5,4,,REGULATEUR;REGULATEUR_LOG;SNXDETAILS;STATISTIC,snx
inter,coubron,snx-999,derived_channel_topic,False,12,1,,ON_CONSIGNE,snx
inter,coubron,zb-,sensor_endpoint,False,0,1,,SENSOR,
inter,coubron,zb-bridge-bureau,missing_device,True,101,0,,LOGGING;RESULT;STATE,
inter,coubron,zb-th_bio,sensor_endpoint,False,0,1,,SENSOR,
inter,coubron,zb-th_boulangerie,sensor_endpoint,False,0,1,,SENSOR,
inter,coubron,zb-th_caisse_9,sensor_endpoint,False,1,1,,SENSOR,
inter,coubron,zb-th_caisse_auto,sensor_endpoint,False,0,1,,SENSOR,
inter,coubron,zb-th_drive,sensor_endpoint,False,0,1,,SENSOR,
inter,coubron,zb-th_eric,sensor_endpoint,False,0,1,,SENSOR,
inter,coubron,zb-th_legumes,sensor_endpoint,False,0,1,,SENSOR,
inter,coubron,zb-th_moment,sensor_endpoint,False,1,1,,SENSOR,
inter,coubron,zb-th_photomaton,sensor_endpoint,False,0,1,,SENSOR,
inter,coubron,zb-th_surgeles,sensor_endpoint,False,1,1,,SENSOR,
inter,coubron,zb-thbl_12,sensor_endpoint,False,1,1,,SENSOR,
inter,coubron,zb-thbl_5,sensor_endpoint,False,0,1,,SENSOR,
inter,coubron,zb-thbl_6,sensor_endpoint,False,0,1,,SENSOR,
inter,coubron,zb-thbl_8,sensor_endpoint,False,0,1,,SENSOR,
inter,croissy,aex-1,missing_device,True,0,3,Offline,HEARTBEAT;LWT;SENSOR,
inter,croissy,aex-2,missing_device,True,0,3,Offline,HEARTBEAT;LWT;SENSOR,
inter,croissy,aex-3,missing_device,True,0,3,Offline,HEARTBEAT;LWT;SENSOR,
inter,croissy,aex-4,missing_device,True,0,3,Offline,HEARTBEAT;LWT;SENSOR,
inter,croissy,aex-5,missing_device,True,0,3,Offline,HEARTBEAT;LWT;SENSOR,
inter,croissy,aex-6,missing_device,True,0,3,Offline,HEARTBEAT;LWT;SENSOR,
inter,croissy,aex-7,missing_device,True,0,3,Offline,HEARTBEAT;LWT;SENSOR,
inter,croissy,dl12-bureaux,defined,True,42,3,Online,HEARTBEAT;LOGGING;LWT;PRINT,
inter,croissy,dl12-bureaux-1,derived_channel_topic,False,6,7,,COUT;COUTS;NIGHTDAY;POWER;PWDAYS;PWHOURS;PWMONTHS,dl12-bureaux
inter,croissy,dl12-bureaux-2,derived_channel_topic,False,6,7,,COUT;COUTS;NIGHTDAY;POWER;PWDAYS;PWHOURS;PWMONTHS,dl12-bureaux
inter,croissy,dl12-bureaux-3,derived_channel_topic,False,6,7,,COUT;COUTS;NIGHTDAY;POWER;PWDAYS;PWHOURS;PWMONTHS,dl12-bureaux
inter,croissy,dl12-tgbt1,defined,True,42,3,Online,HEARTBEAT;LOGGING;LWT;PRINT,
inter,croissy,dl12-tgbt1-1,derived_channel_topic,False,6,7,,COUT;COUTS;NIGHTDAY;POWER;PWDAYS;PWHOURS;PWMONTHS,dl12-tgbt1
inter,croissy,dl12-tgbt1-2,derived_channel_topic,False,6,7,,COUT;COUTS;NIGHTDAY;POWER;PWDAYS;PWHOURS;PWMONTHS,dl12-tgbt1
inter,croissy,dl12-tgbt1-3,derived_channel_topic,False,6,7,,COUT;COUTS;NIGHTDAY;POWER;PWDAYS;PWHOURS;PWMONTHS,dl12-tgbt1
inter,croissy,dl4-froid-new,defined,True,18,10,Online,COUT;COUTS;HEARTBEAT;LOGGING;LWT;NIGHTDAY;POWER;PRINT;PWDAYS;PWHOURS;PWMONTHS,
inter,croissy,dl4-froid_neg,defined,True,18,13,Online,COUT;COUTS;HEARTBEAT;INFO1;INFO2;INFO3;LOGGING;LWT;NIGHTDAY;POWER;PRINT;PWDAYS;PWHOURS;PWMONTHS,
inter,croissy,dl4-froid_pos,defined,True,18,10,Online,COUT;COUTS;HEARTBEAT;LOGGING;LWT;NIGHTDAY;POWER;PRINT;PWDAYS;PWHOURS;PWMONTHS,
inter,croissy,dl4-station,defined,True,27,10,Online,COUT;COUTS;HEARTBEAT;LOGGING;LWT;NIGHTDAY;POWER;PRINT;PWDAYS;PWHOURS;PWMONTHS;RESULT,
inter,croissy,pwx4-rogowski,defined,True,18,14,Online,CALIBRATION;COUT;COUTS;HEARTBEAT;INFO1;INFO2;INFO3;LOGGING;LWT;NIGHTDAY;POWER;PRINT;PWDAYS;PWHOURS;PWMONTHS,
inter,croissy,snx,missing_device,True,340,9,Online,CONFIG;HEARTBEAT;LOGGING;LWT;PRINT;RANKING;SNXCOUT;SNXRANKING;SNX_GROUP_SCORES;VOLUME,
inter,croissy,snx-10,derived_channel_topic,False,2,4,,REGULATEUR;REGULATEUR_LOG;SNXDETAILS;STATISTIC,snx
inter,croissy,snx-100,derived_channel_topic,False,8,2,,CONDENSEUR;CONDENSEUR_LOG,snx
inter,croissy,snx-101,derived_channel_topic,False,8,2,,CONDENSEUR;CONDENSEUR_LOG,snx
inter,croissy,snx-102,derived_channel_topic,False,6,2,,CONDENSEUR;CONDENSEUR_LOG,snx
inter,croissy,snx-11,derived_channel_topic,False,2,4,,REGULATEUR;REGULATEUR_LOG;SNXDETAILS;STATISTIC,snx
inter,croissy,snx-12,derived_channel_topic,False,2,4,,REGULATEUR;REGULATEUR_LOG;SNXDETAILS;STATISTIC,snx
inter,croissy,snx-13,derived_channel_topic,False,2,4,,REGULATEUR;REGULATEUR_LOG;SNXDETAILS;STATISTIC,snx
inter,croissy,snx-14,derived_channel_topic,False,3,4,,REGULATEUR;REGULATEUR_LOG;SNXDETAILS;STATISTIC,snx
inter,croissy,snx-15,derived_channel_topic,False,3,4,,REGULATEUR;REGULATEUR_LOG;SNXDETAILS;STATISTIC,snx
inter,croissy,snx-16,derived_channel_topic,False,3,4,,REGULATEUR;REGULATEUR_LOG;SNXDETAILS;STATISTIC,snx
inter,croissy,snx-17,derived_channel_topic,False,3,4,,REGULATEUR;REGULATEUR_LOG;SNXDETAILS;STATISTIC,snx
inter,croissy,snx-18,derived_channel_topic,False,3,4,,REGULATEUR;REGULATEUR_LOG;SNXDETAILS;STATISTIC,snx
inter,croissy,snx-19,derived_channel_topic,False,3,4,,REGULATEUR;REGULATEUR_LOG;SNXDETAILS;STATISTIC,snx
inter,croissy,snx-2,derived_channel_topic,False,3,4,,REGULATEUR;REGULATEUR_LOG;SNXDETAILS;STATISTIC,snx
inter,croissy,snx-20,derived_channel_topic,False,3,4,,REGULATEUR;REGULATEUR_LOG;SNXDETAILS;STATISTIC,snx
inter,croissy,snx-21,derived_channel_topic,False,2,4,,REGULATEUR;REGULATEUR_LOG;SNXDETAILS;STATISTIC,snx
inter,croissy,snx-22,derived_channel_topic,False,2,4,,REGULATEUR;REGULATEUR_LOG;SNXDETAILS;STATISTIC,snx
inter,croissy,snx-23,derived_channel_topic,False,1,4,,REGULATEUR;REGULATEUR_LOG;SNXDETAILS;STATISTIC,snx
inter,croissy,snx-24,derived_channel_topic,False,1,4,,REGULATEUR;REGULATEUR_LOG;SNXDETAILS;STATISTIC,snx
inter,croissy,snx-26,derived_channel_topic,False,2,4,,REGULATEUR;REGULATEUR_LOG;SNXDETAILS;STATISTIC,snx
inter,croissy,snx-27,derived_channel_topic,False,1,4,,REGULATEUR;REGULATEUR_LOG;SNXDETAILS;STATISTIC,snx
inter,croissy,snx-28,derived_channel_topic,False,1,4,,REGULATEUR;REGULATEUR_LOG;SNXDETAILS;STATISTIC,snx
inter,croissy,snx-29,derived_channel_topic,False,1,4,,REGULATEUR;REGULATEUR_LOG;SNXDETAILS;STATISTIC,snx
inter,croissy,snx-30,derived_channel_topic,False,3,4,,REGULATEUR;REGULATEUR_LOG;SNXDETAILS;STATISTIC,snx
inter,croissy,snx-31,derived_channel_topic,False,3,4,,REGULATEUR;REGULATEUR_LOG;SNXDETAILS;STATISTIC,snx
inter,croissy,snx-32,derived_channel_topic,False,3,4,,REGULATEUR;REGULATEUR_LOG;SNXDETAILS;STATISTIC,snx
inter,croissy,snx-33,derived_channel_topic,False,2,4,,REGULATEUR;REGULATEUR_LOG;SNXDETAILS;STATISTIC,snx
inter,croissy,snx-34,derived_channel_topic,False,1,4,,REGULATEUR;REGULATEUR_LOG;SNXDETAILS;STATISTIC,snx
inter,croissy,snx-35,derived_channel_topic,False,3,4,,REGULATEUR;REGULATEUR_LOG;SNXDETAILS;STATISTIC,snx
inter,croissy,snx-36,derived_channel_topic,False,3,4,,REGULATEUR;REGULATEUR_LOG;SNXDETAILS;STATISTIC,snx
inter,croissy,snx-37,derived_channel_topic,False,4,4,,REGULATEUR;REGULATEUR_LOG;SNXDETAILS;STATISTIC,snx
inter,croissy,snx-38,derived_channel_topic,False,2,4,,REGULATEUR;REGULATEUR_LOG;SNXDETAILS;STATISTIC,snx
inter,croissy,snx-39,derived_channel_topic,False,3,4,,REGULATEUR;REGULATEUR_LOG;SNXDETAILS;STATISTIC,snx
inter,croissy,snx-40,derived_channel_topic,False,3,4,,REGULATEUR;REGULATEUR_LOG;SNXDETAILS;STATISTIC,snx
inter,croissy,snx-41,derived_channel_topic,False,4,4,,REGULATEUR;REGULATEUR_LOG;SNXDETAILS;STATISTIC,snx
inter,croissy,snx-42,derived_channel_topic,False,3,4,,REGULATEUR;REGULATEUR_LOG;SNXDETAILS;STATISTIC,snx
inter,croissy,snx-43,derived_channel_topic,False,5,4,,REGULATEUR;REGULATEUR_LOG;SNXDETAILS;STATISTIC,snx
inter,croissy,snx-44,derived_channel_topic,False,4,4,,REGULATEUR;REGULATEUR_LOG;SNXDETAILS;STATISTIC,snx
inter,croissy,snx-45,derived_channel_topic,False,7,4,,REGULATEUR;REGULATEUR_LOG;SNXDETAILS;STATISTIC,snx
inter,croissy,snx-46,derived_channel_topic,False,5,4,,REGULATEUR;REGULATEUR_LOG;SNXDETAILS;STATISTIC,snx
inter,croissy,snx-47,derived_channel_topic,False,5,4,,REGULATEUR;REGULATEUR_LOG;SNXDETAILS;STATISTIC,snx
inter,croissy,snx-48,derived_channel_topic,False,6,4,,REGULATEUR;REGULATEUR_LOG;SNXDETAILS;STATISTIC,snx
inter,croissy,snx-49,derived_channel_topic,False,7,4,,REGULATEUR;REGULATEUR_LOG;SNXDETAILS;STATISTIC,snx
inter,croissy,snx-50,derived_channel_topic,False,6,4,,REGULATEUR;REGULATEUR_LOG;SNXDETAILS;STATISTIC,snx
inter,croissy,snx-51,derived_channel_topic,False,5,4,,REGULATEUR;REGULATEUR_LOG;SNXDETAILS;STATISTIC,snx
inter,croissy,snx-52,derived_channel_topic,False,5,4,,REGULATEUR;REGULATEUR_LOG;SNXDETAILS;STATISTIC,snx
inter,croissy,snx-53,derived_channel_topic,False,5,4,,REGULATEUR;REGULATEUR_LOG;SNXDETAILS;STATISTIC,snx
inter,croissy,snx-54,derived_channel_topic,False,6,4,,REGULATEUR;REGULATEUR_LOG;SNXDETAILS;STATISTIC,snx
inter,croissy,snx-55,derived_channel_topic,False,6,4,,REGULATEUR;REGULATEUR_LOG;SNXDETAILS;STATISTIC,snx
inter,croissy,snx-56,derived_channel_topic,False,2,4,,REGULATEUR;REGULATEUR_LOG;SNXDETAILS;STATISTIC,snx
inter,croissy,snx-57,derived_channel_topic,False,6,4,,REGULATEUR;REGULATEUR_LOG;SNXDETAILS;STATISTIC,snx
inter,croissy,snx-58,derived_channel_topic,False,6,4,,REGULATEUR;REGULATEUR_LOG;SNXDETAILS;STATISTIC,snx
inter,croissy,snx-59,derived_channel_topic,False,5,4,,REGULATEUR;REGULATEUR_LOG;SNXDETAILS;STATISTIC,snx
inter,croissy,snx-61,derived_channel_topic,False,1,4,,REGULATEUR;REGULATEUR_LOG;SNXDETAILS;STATISTIC,snx
inter,croissy,snx-62,derived_channel_topic,False,4,4,,REGULATEUR;REGULATEUR_LOG;SNXDETAILS;STATISTIC,snx
inter,croissy,snx-64,derived_channel_topic,False,5,4,,REGULATEUR;REGULATEUR_LOG;SNXDETAILS;STATISTIC,snx
inter,croissy,snx-65,derived_channel_topic,False,2,4,,REGULATEUR;REGULATEUR_LOG;SNXDETAILS;STATISTIC,snx
inter,croissy,snx-66,derived_channel_topic,False,1,4,,REGULATEUR;REGULATEUR_LOG;SNXDETAILS;STATISTIC,snx
inter,croissy,snx-67,derived_channel_topic,False,2,4,,REGULATEUR;REGULATEUR_LOG;SNXDETAILS;STATISTIC,snx
inter,croissy,snx-68,derived_channel_topic,False,2,4,,REGULATEUR;REGULATEUR_LOG;SNXDETAILS;STATISTIC,snx
inter,croissy,snx-69,derived_channel_topic,False,2,4,,REGULATEUR;REGULATEUR_LOG;SNXDETAILS;STATISTIC,snx
inter,croissy,snx-71,derived_channel_topic,False,2,3,,REGULATEUR;REGULATEUR_LOG;STATISTIC,snx
inter,croissy,snx-72,derived_channel_topic,False,1,4,,REGULATEUR;REGULATEUR_LOG;SNXDETAILS;STATISTIC,snx
inter,croissy,snx-73,derived_channel_topic,False,2,4,,REGULATEUR;REGULATEUR_LOG;SNXDETAILS;STATISTIC,snx
inter,croissy,snx-74,derived_channel_topic,False,4,4,,REGULATEUR;REGULATEUR_LOG;SNXDETAILS;STATISTIC,snx
inter,croissy,snx-75,derived_channel_topic,False,3,4,,REGULATEUR;REGULATEUR_LOG;SNXDETAILS;STATISTIC,snx
inter,croissy,snx-76,derived_channel_topic,False,6,4,,REGULATEUR;REGULATEUR_LOG;SNXDETAILS;STATISTIC,snx
inter,croissy,snx-77,derived_channel_topic,False,5,4,,REGULATEUR;REGULATEUR_LOG;SNXDETAILS;STATISTIC,snx
inter,croissy,snx-78,derived_channel_topic,False,7,4,,REGULATEUR;REGULATEUR_LOG;SNXDETAILS;STATISTIC,snx
inter,croissy,snx-79,derived_channel_topic,False,5,4,,REGULATEUR;REGULATEUR_LOG;SNXDETAILS;STATISTIC,snx
inter,croissy,snx-80,derived_channel_topic,False,6,4,,REGULATEUR;REGULATEUR_LOG;SNXDETAILS;STATISTIC,snx
inter,croissy,snx-81,derived_channel_topic,False,6,4,,REGULATEUR;REGULATEUR_LOG;SNXDETAILS;STATISTIC,snx
inter,croissy,snx-82,derived_channel_topic,False,7,4,,REGULATEUR;REGULATEUR_LOG;SNXDETAILS;STATISTIC,snx
inter,croissy,snx-83,derived_channel_topic,False,6,4,,REGULATEUR;REGULATEUR_LOG;SNXDETAILS;STATISTIC,snx
inter,croissy,snx-84,derived_channel_topic,False,5,4,,REGULATEUR;REGULATEUR_LOG;SNXDETAILS;STATISTIC,snx
inter,croissy,snx-85,derived_channel_topic,False,5,4,,REGULATEUR;REGULATEUR_LOG;SNXDETAILS;STATISTIC,snx
inter,croissy,snx-86,derived_channel_topic,False,5,4,,REGULATEUR;REGULATEUR_LOG;SNXDETAILS;STATISTIC,snx
inter,croissy,snx-87,derived_channel_topic,False,5,4,,REGULATEUR;REGULATEUR_LOG;SNXDETAILS;STATISTIC,snx
inter,croissy,snx-88,derived_channel_topic,False,6,4,,REGULATEUR;REGULATEUR_LOG;SNXDETAILS;STATISTIC,snx
inter,croissy,snx-89,derived_channel_topic,False,6,4,,REGULATEUR;REGULATEUR_LOG;SNXDETAILS;STATISTIC,snx
inter,croissy,snx-90,derived_channel_topic,False,6,4,,REGULATEUR;REGULATEUR_LOG;SNXDETAILS;STATISTIC,snx
inter,croissy,snx-91,derived_channel_topic,False,3,4,,REGULATEUR;REGULATEUR_LOG;SNXDETAILS;STATISTIC,snx
inter,croissy,snx-999,derived_channel_topic,False,25,1,,ON_CONSIGNE,snx
inter,croissy,zb-bridge,missing_device,True,0,1,Online,LWT,
inter,croissy,zb-th_bebe,sensor_endpoint,False,0,1,,SENSOR,
inter,croissy,zb-th_boucherie,sensor_endpoint,False,0,1,,SENSOR,
inter,croissy,zb-th_boulangerie,sensor_endpoint,False,0,1,,SENSOR,
inter,croissy,zb-th_caisse_auto,sensor_endpoint,False,0,1,,SENSOR,
inter,croissy,zb-th_chats,sensor_endpoint,False,0,1,,SENSOR,
inter,croissy,zb-th_confisserie,sensor_endpoint,False,0,1,,SENSOR,
inter,croissy,zb-th_lait,sensor_endpoint,False,0,1,,SENSOR,
inter,croissy,zb-th_maneges,sensor_endpoint,False,0,1,,SENSOR,
inter,croissy,zb-th_photocopieuse,sensor_endpoint,False,0,1,,SENSOR,
inter,croissy,zb-th_sas,sensor_endpoint,False,0,1,,SENSOR,
inter,demo,aex-3-4,no_site_inventory,False,0,2,,LOGGING;STATE,
inter,demo,aex-5,no_site_inventory,False,0,1,,SENSOR,
inter,demo,aex-5-6,no_site_inventory,True,12,10,Online,HEARTBEAT;INFO1;INFO2;INFO3;LOGGING;LWT;PRINT;RESULT;SENSOR;STATE,
inter,demo,aex-6,no_site_inventory,False,0,1,,SENSOR,
inter,demo,ch1_d,no_site_inventory,True,16,10,,COUTS;HEARTBEAT;LOGGING;POWER;PWDAYS;PWHOURS;PWMONTHS;RESULT;SENSOR;STATE,
inter,demo,ch2_d,no_site_inventory,True,12,5,,HEARTBEAT;LOGGING;RESULT;SENSOR;STATE,
inter,demo,ch3_d,no_site_inventory,True,8,5,,HEARTBEAT;LOGGING;RESULT;SENSOR;STATE,
inter,demo,ch4_d,no_site_inventory,True,7,5,,HEARTBEAT;LOGGING;RESULT;SENSOR;STATE,
inter,demo,ch5_d,no_site_inventory,True,7,5,,HEARTBEAT;LOGGING;RESULT;SENSOR;STATE,
inter,demo,ch5_p,no_site_inventory,True,4,5,,HEARTBEAT;LOGGING;RESULT;SENSOR;STATE,
inter,demo,ch6_d,no_site_inventory,True,8,5,,HEARTBEAT;LOGGING;RESULT;SENSOR;STATE,
inter,demo,ch7_d,no_site_inventory,True,4,5,,HEARTBEAT;LOGGING;RESULT;SENSOR;STATE,
inter,demo,dl12-boulangerie,no_site_inventory,True,44,4,,HEARTBEAT;LOGGING;PRINT;RESULT,
inter,demo,dl12-boulangerie-1,no_site_inventory,False,6,7,,COUT;COUTS;NIGHTDAY;POWER;PWDAYS;PWHOURS;PWMONTHS,
inter,demo,dl12-boulangerie-2,no_site_inventory,False,6,7,,COUT;COUTS;NIGHTDAY;POWER;PWDAYS;PWHOURS;PWMONTHS,
inter,demo,dl12-boulangerie-3,no_site_inventory,False,6,7,,COUT;COUTS;NIGHTDAY;POWER;PWDAYS;PWHOURS;PWMONTHS,
inter,demo,dl12-mono1,no_site_inventory,True,60,7,Online,INFO1;INFO2;INFO3;LOGGING;LWT;PRINT;RESULT,
inter,demo,dl12-mono1-1,no_site_inventory,False,0,2,,COUT;COUTS,
inter,demo,dl12-mono1-10,no_site_inventory,False,6,6,,COUT;COUTS;POWER;PWDAYS;PWHOURS;PWMONTHS,
inter,demo,dl12-mono1-11,no_site_inventory,False,6,4,,POWER;PWDAYS;PWHOURS;PWMONTHS,
inter,demo,dl12-mono1-12,no_site_inventory,False,6,4,,POWER;PWDAYS;PWHOURS;PWMONTHS,
inter,demo,dl12-mono1-2,no_site_inventory,False,6,6,,COUT;COUTS;POWER;PWDAYS;PWHOURS;PWMONTHS,
inter,demo,dl12-mono1-3,no_site_inventory,False,6,6,,COUT;COUTS;POWER;PWDAYS;PWHOURS;PWMONTHS,
inter,demo,dl12-mono1-4,no_site_inventory,False,6,6,,COUT;COUTS;POWER;PWDAYS;PWHOURS;PWMONTHS,
inter,demo,dl12-mono1-6,no_site_inventory,False,6,6,,COUT;COUTS;POWER;PWDAYS;PWHOURS;PWMONTHS,
inter,demo,dl12-mono1-7,no_site_inventory,False,6,6,,COUT;COUTS;POWER;PWDAYS;PWHOURS;PWMONTHS,
inter,demo,dl12-mono1-8,no_site_inventory,False,6,6,,COUT;COUTS;POWER;PWDAYS;PWHOURS;PWMONTHS,
inter,demo,dl12-mono1-9,no_site_inventory,False,0,2,,COUT;COUTS,
inter,demo,dl12-tgbt1,no_site_inventory,True,3,3,,HEARTBEAT;PRINT;RESULT,
inter,demo,dl12-tgbt1-1,no_site_inventory,False,6,7,,COUT;COUTS;NIGHTDAY;POWER;PWDAYS;PWHOURS;PWMONTHS,
inter,demo,dl12-tgbt1-2,no_site_inventory,False,6,7,,COUT;COUTS;NIGHTDAY;POWER;PWDAYS;PWHOURS;PWMONTHS,
inter,demo,dl12-tgbt2,no_site_inventory,False,27,2,,LOGGING;RESULT,
inter,demo,dl12-tgbt4,no_site_inventory,False,24,3,,LOGGING;PRINT;RESULT,
inter,demo,dl12-tgbt4-1,no_site_inventory,False,6,6,,COUT;COUTS;POWER;PWDAYS;PWHOURS;PWMONTHS,
inter,demo,dl12-tgbt4-2,no_site_inventory,False,6,6,,COUT;COUTS;POWER;PWDAYS;PWHOURS;PWMONTHS,
inter,demo,dl12-tgbt4-3,no_site_inventory,False,6,6,,COUT;COUTS;POWER;PWDAYS;PWHOURS;PWMONTHS,
inter,demo,dl4-rideau,no_site_inventory,True,9,10,,COUT;COUTS;HEARTBEAT;NIGHTDAY;POWER;PRINT;PWDAYS;PWHOURS;PWMONTHS;RESULT,
inter,demo,dl4-tdmag,no_site_inventory,True,18,11,,COUT;COUTS;HEARTBEAT;LOGGING;NIGHTDAY;POWER;PRINT;PWDAYS;PWHOURS;PWMONTHS;RESULT,
inter,demo,dl4-tgbt1,no_site_inventory,True,18,11,,COUT;COUTS;HEARTBEAT;LOGGING;NIGHTDAY;POWER;PRINT;PWDAYS;PWHOURS;PWMONTHS;RESULT,
inter,demo,dl4-tgbt2,no_site_inventory,True,18,11,,COUT;COUTS;HEARTBEAT;LOGGING;NIGHTDAY;POWER;PRINT;PWDAYS;PWHOURS;PWMONTHS;RESULT,
inter,demo,dl4-tgbt3,no_site_inventory,True,9,10,,COUT;COUTS;HEARTBEAT;NIGHTDAY;POWER;PRINT;PWDAYS;PWHOURS;PWMONTHS;RESULT,
inter,demo,pwx4-rogowski,no_site_inventory,True,18,11,,COUT;COUTS;HEARTBEAT;LOGGING;NIGHTDAY;POWER;PRINT;PWDAYS;PWHOURS;PWMONTHS;RESULT,
inter,demo,zb-ch4_r,no_site_inventory,False,1,1,,SENSOR,
inter,demo,zb-ch5_r,no_site_inventory,False,1,1,,SENSOR,
inter,demo,zb-znp-magasin,no_site_inventory,False,0,1,,STATE,
inter,demo,zb-znp-res,no_site_inventory,True,0,3,Online,LWT;RESULT;STATE,
inter,egly,dl12-sdm1,defined,True,46,2,,HEARTBEAT;LOGGING;PRINT,
inter,egly,dl12-sdm1-1,derived_channel_topic,False,6,7,,COUT;COUTS;NIGHTDAY;POWER;PWDAYS;PWHOURS;PWMONTHS,dl12-sdm1
inter,egly,dl12-sdm1-2,derived_channel_topic,False,6,7,,COUT;COUTS;NIGHTDAY;POWER;PWDAYS;PWHOURS;PWMONTHS,dl12-sdm1
inter,egly,dl12-sdm1-3,derived_channel_topic,False,6,7,,COUT;COUTS;NIGHTDAY;POWER;PWDAYS;PWHOURS;PWMONTHS,dl12-sdm1
inter,egly,dl4-sdm1,defined,True,20,9,,COUT;COUTS;HEARTBEAT;LOGGING;NIGHTDAY;POWER;PRINT;PWDAYS;PWHOURS;PWMONTHS,
inter,egly,dl4-sdm2,defined,True,22,9,,COUT;COUTS;HEARTBEAT;LOGGING;NIGHTDAY;POWER;PRINT;PWDAYS;PWHOURS;PWMONTHS,
inter,egly,pwx12-tgbtext,defined,True,78,3,Online,HEARTBEAT;LOGGING;LWT;PRINT,
inter,egly,pwx12-tgbtext-1,derived_channel_topic,False,6,6,,COUT;COUTS;POWER;PWDAYS;PWHOURS;PWMONTHS,pwx12-tgbtext
inter,egly,pwx12-tgbtext-2,derived_channel_topic,False,6,6,,COUT;COUTS;POWER;PWDAYS;PWHOURS;PWMONTHS,pwx12-tgbtext
inter,egly,pwx12-tgbtext-3,derived_channel_topic,False,6,6,,COUT;COUTS;POWER;PWDAYS;PWHOURS;PWMONTHS,pwx12-tgbtext
inter,egly,pwx12-tgbtint1,defined,True,30,3,Online,HEARTBEAT;LOGGING;LWT;PRINT,
inter,egly,pwx12-tgbtint1-1,derived_channel_topic,False,6,6,,COUT;COUTS;POWER;PWDAYS;PWHOURS;PWMONTHS,pwx12-tgbtint1
inter,egly,pwx12-tgbtint1-2,derived_channel_topic,False,6,6,,COUT;COUTS;POWER;PWDAYS;PWHOURS;PWMONTHS,pwx12-tgbtint1
inter,egly,pwx12-tgbtint2,defined,True,54,2,,HEARTBEAT;LOGGING;PRINT,
inter,egly,pwx12-tgbtint2-1,derived_channel_topic,False,6,6,,COUT;COUTS;POWER;PWDAYS;PWHOURS;PWMONTHS,pwx12-tgbtint2
inter,egly,pwx12-tgbtint2-2,derived_channel_topic,False,6,6,,COUT;COUTS;POWER;PWDAYS;PWHOURS;PWMONTHS,pwx12-tgbtint2
inter,egly,pwx12-tgbtint2-3,derived_channel_topic,False,6,6,,COUT;COUTS;POWER;PWDAYS;PWHOURS;PWMONTHS,pwx12-tgbtint2
inter,egly,pwx12-tgbtint3,defined,True,0,3,Offline,HEARTBEAT;LWT;PRINT,
inter,egly,pwx12-tgbtint3-1,derived_channel_topic,False,0,6,,COUT;COUTS;POWER;PWDAYS;PWHOURS;PWMONTHS,pwx12-tgbtint3
inter,egly,pwx12-tgbtint3-2,derived_channel_topic,False,0,6,,COUT;COUTS;POWER;PWDAYS;PWHOURS;PWMONTHS,pwx12-tgbtint3
inter,egly,pwx12-tgbtint3-3,derived_channel_topic,False,0,6,,COUT;COUTS;POWER;PWDAYS;PWHOURS;PWMONTHS,pwx12-tgbtint3
inter,egly,pwx12-tgbtint4,defined,True,36,2,,HEARTBEAT;LOGGING;PRINT,
inter,egly,pwx12-tgbtint4-1,derived_channel_topic,False,6,6,,COUT;COUTS;POWER;PWDAYS;PWHOURS;PWMONTHS,pwx12-tgbtint4
inter,egly,pwx12-tgbtint4-2,derived_channel_topic,False,6,6,,COUT;COUTS;POWER;PWDAYS;PWHOURS;PWMONTHS,pwx12-tgbtint4
inter,egly,pwx12-tgbtint4-3,derived_channel_topic,False,6,6,,COUT;COUTS;POWER;PWDAYS;PWHOURS;PWMONTHS,pwx12-tgbtint4
inter,egly,saia-mbjc-1001,refrigeration_endpoint,False,0,2,,SNXDETAILS;STATISTIC,
inter,egly,saia-mbjc-1002,refrigeration_endpoint,False,18,3,,REGULATEUR;SNXDETAILS;STATISTIC,
inter,egly,saia-mbjc-1003,refrigeration_endpoint,False,18,3,,REGULATEUR;SNXDETAILS;STATISTIC,
inter,egly,saia-mbjc-1004,refrigeration_endpoint,False,18,3,,REGULATEUR;SNXDETAILS;STATISTIC,
inter,egly,saia-mbjc-1005,refrigeration_endpoint,False,18,3,,REGULATEUR;SNXDETAILS;STATISTIC,
inter,egly,saia-mbjc-1006,refrigeration_endpoint,False,18,3,,REGULATEUR;SNXDETAILS;STATISTIC,
inter,egly,saia-mbjc-1007,refrigeration_endpoint,False,18,3,,REGULATEUR;SNXDETAILS;STATISTIC,
inter,egly,saia-mbjc-1008,refrigeration_endpoint,False,18,3,,REGULATEUR;SNXDETAILS;STATISTIC,
inter,egly,saia-mbjc-1010,refrigeration_endpoint,False,18,3,,REGULATEUR;SNXDETAILS;STATISTIC,
inter,egly,saia-mbjc-1011,refrigeration_endpoint,False,18,3,,REGULATEUR;SNXDETAILS;STATISTIC,
inter,egly,saia-mbjc-1012,refrigeration_endpoint,False,18,3,,REGULATEUR;SNXDETAILS;STATISTIC,
inter,egly,saia-mbjc-1013,refrigeration_endpoint,False,18,3,,REGULATEUR;SNXDETAILS;STATISTIC,
inter,egly,saia-mbjc-1014,refrigeration_endpoint,False,18,3,,REGULATEUR;SNXDETAILS;STATISTIC,
inter,egly,saia-mbjc-1015,refrigeration_endpoint,False,18,3,,REGULATEUR;SNXDETAILS;STATISTIC,
inter,egly,saia-mbjc-1016,refrigeration_endpoint,False,18,3,,REGULATEUR;SNXDETAILS;STATISTIC,
inter,egly,saia-mbjc-1017,refrigeration_endpoint,False,18,3,,REGULATEUR;SNXDETAILS;STATISTIC,
inter,egly,saia-mbjc-1018,refrigeration_endpoint,False,18,3,,REGULATEUR;SNXDETAILS;STATISTIC,
inter,egly,saia-mbjc-1019,refrigeration_endpoint,False,18,3,,REGULATEUR;SNXDETAILS;STATISTIC,
inter,egly,saia-mbjc-1020,refrigeration_endpoint,False,0,2,,SNXDETAILS;STATISTIC,
inter,egly,saia-mbjc-1021,refrigeration_endpoint,False,18,3,,REGULATEUR;SNXDETAILS;STATISTIC,
inter,egly,saia-mbjc-1022,refrigeration_endpoint,False,18,3,,REGULATEUR;SNXDETAILS;STATISTIC,
inter,egly,saia-mbjc-1023,refrigeration_endpoint,False,18,3,,REGULATEUR;SNXDETAILS;STATISTIC,
inter,egly,saia-mbjc-1024,refrigeration_endpoint,False,18,3,,REGULATEUR;SNXDETAILS;STATISTIC,
inter,egly,saia-mbjc-1025,refrigeration_endpoint,False,18,3,,REGULATEUR;SNXDETAILS;STATISTIC,
inter,egly,saia-mbjc-1026,refrigeration_endpoint,False,18,3,,REGULATEUR;SNXDETAILS;STATISTIC,
inter,egly,saia-mbjc-1027,refrigeration_endpoint,False,18,3,,REGULATEUR;SNXDETAILS;STATISTIC,
inter,egly,saia-mbjc-1028,refrigeration_endpoint,False,18,3,,REGULATEUR;SNXDETAILS;STATISTIC,
inter,egly,saia-mbjc-1029,refrigeration_endpoint,False,18,3,,REGULATEUR;SNXDETAILS;STATISTIC,
inter,egly,saia-mbjc-1030,refrigeration_endpoint,False,18,3,,REGULATEUR;SNXDETAILS;STATISTIC,
inter,egly,saia-mbjc-1031,refrigeration_endpoint,False,18,3,,REGULATEUR;SNXDETAILS;STATISTIC,
inter,egly,saia-mbjc-1032,refrigeration_endpoint,False,18,3,,REGULATEUR;SNXDETAILS;STATISTIC,
inter,egly,saia-mbjc-1040,refrigeration_endpoint,False,0,2,,SNXDETAILS;STATISTIC,
inter,egly,saia-mbjc-1041,refrigeration_endpoint,False,0,2,,SNXDETAILS;STATISTIC,
inter,egly,saia-mbjc-1042,refrigeration_endpoint,False,0,2,,SNXDETAILS;STATISTIC,
inter,egly,saia-mbjc-1043,refrigeration_endpoint,False,0,2,,SNXDETAILS;STATISTIC,
inter,egly,saia-mbjc-1044,refrigeration_endpoint,False,0,2,,SNXDETAILS;STATISTIC,
inter,egly,saia-mbjc-1045,refrigeration_endpoint,False,17,3,,REGULATEUR;SNXDETAILS;STATISTIC,
inter,egly,saia-mbjc-1046,refrigeration_endpoint,False,0,2,,SNXDETAILS;STATISTIC,
inter,egly,saia-mbjc-1047,refrigeration_endpoint,False,0,2,,SNXDETAILS;STATISTIC,
inter,egly,saia-mbjc-1048,refrigeration_endpoint,False,0,2,,SNXDETAILS;STATISTIC,
inter,egly,saia-mbjc-1049,refrigeration_endpoint,False,0,2,,SNXDETAILS;STATISTIC,
inter,egly,saia-mbjc-1050,refrigeration_endpoint,False,0,2,,SNXDETAILS;STATISTIC,
inter,egly,saia-mbjc-1051,refrigeration_endpoint,False,0,2,,SNXDETAILS;STATISTIC,
inter,egly,saia-mbjc-1052,refrigeration_endpoint,False,17,3,,REGULATEUR;SNXDETAILS;STATISTIC,
inter,egly,saia-mbjc-1053,refrigeration_endpoint,False,0,2,,SNXDETAILS;STATISTIC,
inter,egly,saia-mbjc-1054,refrigeration_endpoint,False,17,3,,REGULATEUR;SNXDETAILS;STATISTIC,
inter,egly,saia-mbjc-1055,refrigeration_endpoint,False,17,3,,REGULATEUR;SNXDETAILS;STATISTIC,
inter,egly,saia-mbjc-1056,refrigeration_endpoint,False,17,3,,REGULATEUR;SNXDETAILS;STATISTIC,
inter,egly,saia-mbjc-1057,refrigeration_endpoint,False,17,3,,REGULATEUR;SNXDETAILS;STATISTIC,
inter,egly,saia-mbjc-1058,refrigeration_endpoint,False,17,3,,REGULATEUR;SNXDETAILS;STATISTIC,
inter,egly,saia-mbjc-1059,refrigeration_endpoint,False,17,3,,REGULATEUR;SNXDETAILS;STATISTIC,
inter,egly,saia-mbjc-1060,refrigeration_endpoint,False,17,3,,REGULATEUR;SNXDETAILS;STATISTIC,
inter,egly,saia-mbjc-1061,refrigeration_endpoint,False,17,3,,REGULATEUR;SNXDETAILS;STATISTIC,
inter,egly,saia-mbjc-1062,refrigeration_endpoint,False,17,3,,REGULATEUR;SNXDETAILS;STATISTIC,
inter,egly,saia-mbjc-1063,refrigeration_endpoint,False,17,3,,REGULATEUR;SNXDETAILS;STATISTIC,
inter,egly,saia-mbjc-1064,refrigeration_endpoint,False,17,3,,REGULATEUR;SNXDETAILS;STATISTIC,
inter,egly,saia-mbjc-1065,refrigeration_endpoint,False,17,3,,REGULATEUR;SNXDETAILS;STATISTIC,
inter,egly,saia-mbjc-1066,refrigeration_endpoint,False,17,3,,REGULATEUR;SNXDETAILS;STATISTIC,
inter,egly,saia-mbjc-1067,refrigeration_endpoint,False,17,3,,REGULATEUR;SNXDETAILS;STATISTIC,
inter,egly,saia-mbjc-1070,refrigeration_endpoint,False,17,3,,REGULATEUR;SNXDETAILS;STATISTIC,
inter,egly,saia-mbjc-1071,refrigeration_endpoint,False,17,3,,REGULATEUR;SNXDETAILS;STATISTIC,
inter,egly,saia-mbjc-1072,refrigeration_endpoint,False,17,3,,REGULATEUR;SNXDETAILS;STATISTIC,
inter,egly,saia-mbjc-1073,refrigeration_endpoint,False,17,3,,REGULATEUR;SNXDETAILS;STATISTIC,
inter,egly,saia-mbjc-1074,refrigeration_endpoint,False,17,3,,REGULATEUR;SNXDETAILS;STATISTIC,
inter,egly,saia-mbjc-1075,refrigeration_endpoint,False,17,3,,REGULATEUR;SNXDETAILS;STATISTIC,
inter,egly,saia-mbjc-1076,refrigeration_endpoint,False,17,3,,REGULATEUR;SNXDETAILS;STATISTIC,
inter,egly,saia-mbjc-1077,refrigeration_endpoint,False,17,3,,REGULATEUR;SNXDETAILS;STATISTIC,
inter,egly,saia-mbjc-1078,refrigeration_endpoint,False,17,3,,REGULATEUR;SNXDETAILS;STATISTIC,
inter,egly,saia-mbjc-1081,refrigeration_endpoint,False,17,3,,REGULATEUR;SNXDETAILS;STATISTIC,
inter,egly,saia-mbjc-1082,refrigeration_endpoint,False,0,2,,SNXDETAILS;STATISTIC,
inter,egly,saia-mbjc-1083,refrigeration_endpoint,False,0,2,,SNXDETAILS;STATISTIC,
inter,egly,saia-mbjc-1084,refrigeration_endpoint,False,0,2,,SNXDETAILS;STATISTIC,
inter,egly,saia-mbjc-1085,refrigeration_endpoint,False,17,3,,REGULATEUR;SNXDETAILS;STATISTIC,
inter,egly,saia-mbjc-1086,refrigeration_endpoint,False,17,3,,REGULATEUR;SNXDETAILS;STATISTIC,
inter,egly,saia-mbjc-1087,refrigeration_endpoint,False,17,3,,REGULATEUR;SNXDETAILS;STATISTIC,
inter,egly,saia-mbjc-1088,refrigeration_endpoint,False,17,3,,REGULATEUR;SNXDETAILS;STATISTIC,
inter,egly,saia-mbjc-1089,refrigeration_endpoint,False,17,3,,REGULATEUR;SNXDETAILS;STATISTIC,
inter,egly,saia-mbjc-1090,refrigeration_endpoint,False,17,3,,REGULATEUR;SNXDETAILS;STATISTIC,
inter,egly,saia-mbjc-1091,refrigeration_endpoint,False,17,3,,REGULATEUR;SNXDETAILS;STATISTIC,
inter,egly,saia-mbjc-1092,refrigeration_endpoint,False,17,3,,REGULATEUR;SNXDETAILS;STATISTIC,
inter,egly,saia-mbjc-1093,refrigeration_endpoint,False,0,2,,SNXDETAILS;STATISTIC,
inter,egly,saia-mbjc-1094,refrigeration_endpoint,False,0,2,,SNXDETAILS;STATISTIC,
inter,egly,saia-mbjc-1095,refrigeration_endpoint,False,17,3,,REGULATEUR;SNXDETAILS;STATISTIC,
inter,egly,saia-mbjc-1096,refrigeration_endpoint,False,17,3,,REGULATEUR;SNXDETAILS;STATISTIC,
inter,egly,saia-mbjc-1097,refrigeration_endpoint,False,17,3,,REGULATEUR;SNXDETAILS;STATISTIC,
inter,egly,saia-mbjc-1098,refrigeration_endpoint,False,17,3,,REGULATEUR;SNXDETAILS;STATISTIC,
inter,egly,saia-mbjc-1099,refrigeration_endpoint,False,17,3,,REGULATEUR;SNXDETAILS;STATISTIC,
inter,egly,saia-mbjc-1105,refrigeration_endpoint,False,17,3,,REGULATEUR;SNXDETAILS;STATISTIC,
inter,egly,saia-mbjc-1106,refrigeration_endpoint,False,17,3,,REGULATEUR;SNXDETAILS;STATISTIC,
inter,egly,saia-mbjc-1107,refrigeration_endpoint,False,17,3,,REGULATEUR;SNXDETAILS;STATISTIC,
inter,egly,saia-mbjc-1108,refrigeration_endpoint,False,17,3,,REGULATEUR;SNXDETAILS;STATISTIC,
inter,egly,snx,missing_device,True,60,8,,CONFIG;HEARTBEAT;LOGGING;RANKING;SNXCOUT;SNXRANKING;SNX_GROUP_SCORES;STATE;VOLUME,
inter,egly,snx-1,derived_channel_topic,False,4,4,,REGULATEUR;REGULATEUR_LOG;SNXDETAILS;STATISTIC,snx
inter,egly,snx-10,derived_channel_topic,False,3,4,,REGULATEUR;REGULATEUR_LOG;SNXDETAILS;STATISTIC,snx
inter,egly,snx-11,derived_channel_topic,False,4,4,,REGULATEUR;REGULATEUR_LOG;SNXDETAILS;STATISTIC,snx
inter,egly,snx-12,derived_channel_topic,False,4,4,,REGULATEUR;REGULATEUR_LOG;SNXDETAILS;STATISTIC,snx
inter,egly,snx-15,derived_channel_topic,False,1,4,,REGULATEUR;REGULATEUR_LOG;SNXDETAILS;STATISTIC,snx
inter,egly,snx-16,derived_channel_topic,False,3,4,,REGULATEUR;REGULATEUR_LOG;SNXDETAILS;STATISTIC,snx
inter,egly,snx-17,derived_channel_topic,False,1,4,,REGULATEUR;REGULATEUR_LOG;SNXDETAILS;STATISTIC,snx
inter,egly,snx-2,derived_channel_topic,False,5,4,,REGULATEUR;REGULATEUR_LOG;SNXDETAILS;STATISTIC,snx
inter,egly,snx-3,derived_channel_topic,False,3,4,,REGULATEUR;REGULATEUR_LOG;SNXDETAILS;STATISTIC,snx
inter,egly,snx-4,derived_channel_topic,False,4,4,,REGULATEUR;REGULATEUR_LOG;SNXDETAILS;STATISTIC,snx
inter,egly,snx-5,derived_channel_topic,False,5,4,,REGULATEUR;REGULATEUR_LOG;SNXDETAILS;STATISTIC,snx
inter,egly,snx-6,derived_channel_topic,False,6,4,,REGULATEUR;REGULATEUR_LOG;SNXDETAILS;STATISTIC,snx
inter,egly,snx-7,derived_channel_topic,False,4,4,,REGULATEUR;REGULATEUR_LOG;SNXDETAILS;STATISTIC,snx
inter,egly,snx-8,derived_channel_topic,False,3,4,,REGULATEUR;REGULATEUR_LOG;SNXDETAILS;STATISTIC,snx
inter,egly,snx-9,derived_channel_topic,False,4,4,,REGULATEUR;REGULATEUR_LOG;SNXDETAILS;STATISTIC,snx
inter,egly,snx-999,derived_channel_topic,False,6,1,,ON_CONSIGNE,snx
inter,egly,virtuel,defined,False,24,8,,COUT;COUTS;NIGHTDAY;POWER;PWDAYS;PWHOURS;PWMONTHS;VIRTUALSTATUS,
inter,invite,aex-3-4,no_site_inventory,False,0,2,,LOGGING;STATE,
inter,invite,aex-5,no_site_inventory,False,0,1,,SENSOR,
inter,invite,aex-5-6,no_site_inventory,True,12,10,Online,HEARTBEAT;INFO1;INFO2;INFO3;LOGGING;LWT;PRINT;RESULT;SENSOR;STATE,
inter,invite,aex-6,no_site_inventory,False,0,1,,SENSOR,
inter,invite,ch1_d,no_site_inventory,True,16,10,,COUTS;HEARTBEAT;LOGGING;POWER;PWDAYS;PWHOURS;PWMONTHS;RESULT;SENSOR;STATE,
inter,invite,ch2_d,no_site_inventory,True,12,5,,HEARTBEAT;LOGGING;RESULT;SENSOR;STATE,
inter,invite,ch3_d,no_site_inventory,True,8,5,,HEARTBEAT;LOGGING;RESULT;SENSOR;STATE,
inter,invite,ch4_d,no_site_inventory,True,8,5,,HEARTBEAT;LOGGING;RESULT;SENSOR;STATE,
inter,invite,ch5_d,no_site_inventory,True,7,5,,HEARTBEAT;LOGGING;RESULT;SENSOR;STATE,
inter,invite,ch5_p,no_site_inventory,True,4,5,,HEARTBEAT;LOGGING;RESULT;SENSOR;STATE,
inter,invite,ch6_d,no_site_inventory,True,8,5,,HEARTBEAT;LOGGING;RESULT;SENSOR;STATE,
inter,invite,ch7_d,no_site_inventory,True,4,5,,HEARTBEAT;LOGGING;RESULT;SENSOR;STATE,
inter,invite,dl12-boulangerie,no_site_inventory,True,44,4,,HEARTBEAT;LOGGING;PRINT;RESULT,
inter,invite,dl12-boulangerie-1,no_site_inventory,False,6,7,,COUT;COUTS;NIGHTDAY;POWER;PWDAYS;PWHOURS;PWMONTHS,
inter,invite,dl12-boulangerie-2,no_site_inventory,False,6,7,,COUT;COUTS;NIGHTDAY;POWER;PWDAYS;PWHOURS;PWMONTHS,
inter,invite,dl12-boulangerie-3,no_site_inventory,False,6,7,,COUT;COUTS;NIGHTDAY;POWER;PWDAYS;PWHOURS;PWMONTHS,
inter,invite,dl12-mono1,no_site_inventory,True,60,7,Online,INFO1;INFO2;INFO3;LOGGING;LWT;PRINT;RESULT,
inter,invite,dl12-mono1-1,no_site_inventory,False,0,2,,COUT;COUTS,
inter,invite,dl12-mono1-10,no_site_inventory,False,6,6,,COUT;COUTS;POWER;PWDAYS;PWHOURS;PWMONTHS,
inter,invite,dl12-mono1-11,no_site_inventory,False,6,4,,POWER;PWDAYS;PWHOURS;PWMONTHS,
inter,invite,dl12-mono1-12,no_site_inventory,False,6,4,,POWER;PWDAYS;PWHOURS;PWMONTHS,
inter,invite,dl12-mono1-2,no_site_inventory,False,6,6,,COUT;COUTS;POWER;PWDAYS;PWHOURS;PWMONTHS,
inter,invite,dl12-mono1-3,no_site_inventory,False,6,6,,COUT;COUTS;POWER;PWDAYS;PWHOURS;PWMONTHS,
inter,invite,dl12-mono1-4,no_site_inventory,False,6,6,,COUT;COUTS;POWER;PWDAYS;PWHOURS;PWMONTHS,
inter,invite,dl12-mono1-6,no_site_inventory,False,6,6,,COUT;COUTS;POWER;PWDAYS;PWHOURS;PWMONTHS,
inter,invite,dl12-mono1-7,no_site_inventory,False,6,6,,COUT;COUTS;POWER;PWDAYS;PWHOURS;PWMONTHS,
inter,invite,dl12-mono1-8,no_site_inventory,False,6,6,,COUT;COUTS;POWER;PWDAYS;PWHOURS;PWMONTHS,
inter,invite,dl12-mono1-9,no_site_inventory,False,0,2,,COUT;COUTS,
inter,invite,dl12-tgbt1,no_site_inventory,True,3,3,,HEARTBEAT;PRINT;RESULT,
inter,invite,dl12-tgbt1-1,no_site_inventory,False,6,7,,COUT;COUTS;NIGHTDAY;POWER;PWDAYS;PWHOURS;PWMONTHS,
inter,invite,dl12-tgbt1-2,no_site_inventory,False,6,7,,COUT;COUTS;NIGHTDAY;POWER;PWDAYS;PWHOURS;PWMONTHS,
inter,invite,dl12-tgbt2,no_site_inventory,False,27,2,,LOGGING;RESULT,
inter,invite,dl12-tgbt4,no_site_inventory,False,24,3,,LOGGING;PRINT;RESULT,
inter,invite,dl12-tgbt4-1,no_site_inventory,False,6,6,,COUT;COUTS;POWER;PWDAYS;PWHOURS;PWMONTHS,
inter,invite,dl12-tgbt4-2,no_site_inventory,False,6,6,,COUT;COUTS;POWER;PWDAYS;PWHOURS;PWMONTHS,
inter,invite,dl12-tgbt4-3,no_site_inventory,False,6,6,,COUT;COUTS;POWER;PWDAYS;PWHOURS;PWMONTHS,
inter,invite,dl4-rideau,no_site_inventory,True,9,10,,COUT;COUTS;HEARTBEAT;NIGHTDAY;POWER;PRINT;PWDAYS;PWHOURS;PWMONTHS;RESULT,
inter,invite,dl4-tdmag,no_site_inventory,True,18,11,,COUT;COUTS;HEARTBEAT;LOGGING;NIGHTDAY;POWER;PRINT;PWDAYS;PWHOURS;PWMONTHS;RESULT,
inter,invite,dl4-tgbt1,no_site_inventory,True,18,11,,COUT;COUTS;HEARTBEAT;LOGGING;NIGHTDAY;POWER;PRINT;PWDAYS;PWHOURS;PWMONTHS;RESULT,
inter,invite,dl4-tgbt2,no_site_inventory,True,18,11,,COUT;COUTS;HEARTBEAT;LOGGING;NIGHTDAY;POWER;PRINT;PWDAYS;PWHOURS;PWMONTHS;RESULT,
inter,invite,dl4-tgbt3,no_site_inventory,True,9,10,,COUT;COUTS;HEARTBEAT;NIGHTDAY;POWER;PRINT;PWDAYS;PWHOURS;PWMONTHS;RESULT,
inter,invite,pwx4-rogowski,no_site_inventory,True,18,11,,COUT;COUTS;HEARTBEAT;LOGGING;NIGHTDAY;POWER;PRINT;PWDAYS;PWHOURS;PWMONTHS;RESULT,
inter,invite,zb-ch4_r,no_site_inventory,False,1,1,,SENSOR,
inter,invite,zb-ch5_r,no_site_inventory,False,1,1,,SENSOR,
inter,invite,zb-znp-magasin,no_site_inventory,False,0,1,,STATE,
inter,invite,zb-znp-res,no_site_inventory,True,0,3,Online,LWT;RESULT;STATE,
inter,maisons-laffitte,dl12-tgbt1,defined,True,3,3,Online,HEARTBEAT;LWT;PRINT,
inter,maisons-laffitte,dl12-tgbt1-1,derived_channel_topic,False,6,7,,COUT;COUTS;NIGHTDAY;POWER;PWDAYS;PWHOURS;PWMONTHS,dl12-tgbt1
inter,maisons-laffitte,dl12-tgbt1-2,derived_channel_topic,False,6,7,,COUT;COUTS;NIGHTDAY;POWER;PWDAYS;PWHOURS;PWMONTHS,dl12-tgbt1
inter,maisons-laffitte,dl12-tgbt2,defined,True,3,3,Online,HEARTBEAT;LWT;PRINT,
inter,maisons-laffitte,dl12-tgbt2-1,derived_channel_topic,False,6,7,,COUT;COUTS;NIGHTDAY;POWER;PWDAYS;PWHOURS;PWMONTHS,dl12-tgbt2
inter,maisons-laffitte,dl12-tgbt2-2,derived_channel_topic,False,6,7,,COUT;COUTS;NIGHTDAY;POWER;PWDAYS;PWHOURS;PWMONTHS,dl12-tgbt2
inter,maisons-laffitte,dl12-tgbt2-3,derived_channel_topic,False,6,7,,COUT;COUTS;NIGHTDAY;POWER;PWDAYS;PWHOURS;PWMONTHS,dl12-tgbt2
inter,maisons-laffitte,dl12-tgbt3,defined,True,42,3,Online,HEARTBEAT;LOGGING;LWT;PRINT,
inter,maisons-laffitte,dl12-tgbt3-1,derived_channel_topic,False,6,7,,COUT;COUTS;NIGHTDAY;POWER;PWDAYS;PWHOURS;PWMONTHS,dl12-tgbt3
inter,maisons-laffitte,dl12-tgbt3-2,derived_channel_topic,False,6,7,,COUT;COUTS;NIGHTDAY;POWER;PWDAYS;PWHOURS;PWMONTHS,dl12-tgbt3
inter,maisons-laffitte,dl12-tgbt3-3,derived_channel_topic,False,6,7,,COUT;COUTS;NIGHTDAY;POWER;PWDAYS;PWHOURS;PWMONTHS,dl12-tgbt3
inter,maisons-laffitte,pwx12-boulangerie1,defined,True,36,3,Online,HEARTBEAT;LOGGING;LWT;PRINT,
inter,maisons-laffitte,pwx12-boulangerie1-1,derived_channel_topic,False,6,7,,COUT;COUTS;NIGHTDAY;POWER;PWDAYS;PWHOURS;PWMONTHS,pwx12-boulangerie1
inter,maisons-laffitte,pwx12-boulangerie1-2,derived_channel_topic,False,6,7,,COUT;COUTS;NIGHTDAY;POWER;PWDAYS;PWHOURS;PWMONTHS,pwx12-boulangerie1
inter,maisons-laffitte,pwx12-boulangerie1-3,derived_channel_topic,False,6,7,,COUT;COUTS;NIGHTDAY;POWER;PWDAYS;PWHOURS;PWMONTHS,pwx12-boulangerie1
inter,maisons-laffitte,pwx12-boulangerie2,defined,True,36,3,Online,HEARTBEAT;LOGGING;LWT;PRINT,
inter,maisons-laffitte,pwx12-boulangerie2-1,derived_channel_topic,False,6,7,,COUT;COUTS;NIGHTDAY;POWER;PWDAYS;PWHOURS;PWMONTHS,pwx12-boulangerie2
inter,maisons-laffitte,pwx12-boulangerie2-2,derived_channel_topic,False,6,7,,COUT;COUTS;NIGHTDAY;POWER;PWDAYS;PWHOURS;PWMONTHS,pwx12-boulangerie2
inter,maisons-laffitte,pwx12-boulangerie2-3,derived_channel_topic,False,6,7,,COUT;COUTS;NIGHTDAY;POWER;PWDAYS;PWHOURS;PWMONTHS,pwx12-boulangerie2
inter,maisons-laffitte,pwx4-rogowski,defined,True,18,10,Online,COUT;COUTS;HEARTBEAT;LOGGING;LWT;NIGHTDAY;POWER;PRINT;PWDAYS;PWHOURS;PWMONTHS,
inter,maisons-laffitte,snx,missing_device,True,240,7,Online,CONFIG;HEARTBEAT;LOGGING;LWT;SNXCOUT;SNXRANKING;SNX_GROUP_SCORES;SNX_RX_ERROR;STATE;VOLUME,
inter,maisons-laffitte,snx-10,derived_channel_topic,False,3,4,,REGULATEUR;REGULATEUR_LOG;SNXDETAILS;STATISTIC,snx
inter,maisons-laffitte,snx-100,derived_channel_topic,False,0,4,,REGULATEUR;REGULATEUR_LOG;SNXDETAILS;STATISTIC,snx
inter,maisons-laffitte,snx-101,derived_channel_topic,False,1,4,,REGULATEUR;REGULATEUR_LOG;SNXDETAILS;STATISTIC,snx
inter,maisons-laffitte,snx-102,derived_channel_topic,False,2,4,,REGULATEUR;REGULATEUR_LOG;SNXDETAILS;STATISTIC,snx
inter,maisons-laffitte,snx-103,derived_channel_topic,False,1,4,,REGULATEUR;REGULATEUR_LOG;SNXDETAILS;STATISTIC,snx
inter,maisons-laffitte,snx-104,derived_channel_topic,False,1,4,,REGULATEUR;REGULATEUR_LOG;SNXDETAILS;STATISTIC,snx
inter,maisons-laffitte,snx-105,derived_channel_topic,False,0,4,,REGULATEUR;REGULATEUR_LOG;SNXDETAILS;STATISTIC,snx
inter,maisons-laffitte,snx-106,derived_channel_topic,False,2,4,,REGULATEUR;REGULATEUR_LOG;SNXDETAILS;STATISTIC,snx
inter,maisons-laffitte,snx-107,derived_channel_topic,False,2,4,,REGULATEUR;REGULATEUR_LOG;SNXDETAILS;STATISTIC,snx
inter,maisons-laffitte,snx-108,derived_channel_topic,False,0,4,,REGULATEUR;REGULATEUR_LOG;SNXDETAILS;STATISTIC,snx
inter,maisons-laffitte,snx-109,derived_channel_topic,False,1,4,,REGULATEUR;REGULATEUR_LOG;SNXDETAILS;STATISTIC,snx
inter,maisons-laffitte,snx-110,derived_channel_topic,False,2,4,,REGULATEUR;REGULATEUR_LOG;SNXDETAILS;STATISTIC,snx
inter,maisons-laffitte,snx-111,derived_channel_topic,False,2,4,,REGULATEUR;REGULATEUR_LOG;SNXDETAILS;STATISTIC,snx
inter,maisons-laffitte,snx-112,derived_channel_topic,False,2,4,,REGULATEUR;REGULATEUR_LOG;SNXDETAILS;STATISTIC,snx
inter,maisons-laffitte,snx-113,derived_channel_topic,False,2,4,,REGULATEUR;REGULATEUR_LOG;SNXDETAILS;STATISTIC,snx
inter,maisons-laffitte,snx-114,derived_channel_topic,False,2,4,,REGULATEUR;REGULATEUR_LOG;SNXDETAILS;STATISTIC,snx
inter,maisons-laffitte,snx-115,derived_channel_topic,False,2,4,,REGULATEUR;REGULATEUR_LOG;SNXDETAILS;STATISTIC,snx
inter,maisons-laffitte,snx-116,derived_channel_topic,False,2,4,,REGULATEUR;REGULATEUR_LOG;SNXDETAILS;STATISTIC,snx
inter,maisons-laffitte,snx-117,derived_channel_topic,False,3,1,,REGULATEUR_LOG,snx
inter,maisons-laffitte,snx-120,derived_channel_topic,False,1,4,,REGULATEUR;REGULATEUR_LOG;SNXDETAILS;STATISTIC,snx
inter,maisons-laffitte,snx-122,derived_channel_topic,False,0,4,,REGULATEUR;REGULATEUR_LOG;SNXDETAILS;STATISTIC,snx
inter,maisons-laffitte,snx-123,derived_channel_topic,False,2,1,,REGULATEUR_LOG,snx
inter,maisons-laffitte,snx-126,derived_channel_topic,False,1,4,,REGULATEUR;REGULATEUR_LOG;SNXDETAILS;STATISTIC,snx
inter,maisons-laffitte,snx-13,derived_channel_topic,False,3,4,,REGULATEUR;REGULATEUR_LOG;SNXDETAILS;STATISTIC,snx
inter,maisons-laffitte,snx-14,derived_channel_topic,False,3,4,,REGULATEUR;REGULATEUR_LOG;SNXDETAILS;STATISTIC,snx
inter,maisons-laffitte,snx-15,derived_channel_topic,False,3,4,,REGULATEUR;REGULATEUR_LOG;SNXDETAILS;STATISTIC,snx
inter,maisons-laffitte,snx-16,derived_channel_topic,False,3,4,,REGULATEUR;REGULATEUR_LOG;SNXDETAILS;STATISTIC,snx
inter,maisons-laffitte,snx-17,derived_channel_topic,False,3,4,,REGULATEUR;REGULATEUR_LOG;SNXDETAILS;STATISTIC,snx
inter,maisons-laffitte,snx-18,derived_channel_topic,False,3,4,,REGULATEUR;REGULATEUR_LOG;SNXDETAILS;STATISTIC,snx
inter,maisons-laffitte,snx-19,derived_channel_topic,False,3,4,,REGULATEUR;REGULATEUR_LOG;SNXDETAILS;STATISTIC,snx
inter,maisons-laffitte,snx-20,derived_channel_topic,False,3,4,,REGULATEUR;REGULATEUR_LOG;SNXDETAILS;STATISTIC,snx
inter,maisons-laffitte,snx-21,derived_channel_topic,False,3,4,,REGULATEUR;REGULATEUR_LOG;SNXDETAILS;STATISTIC,snx
inter,maisons-laffitte,snx-22,derived_channel_topic,False,3,4,,REGULATEUR;REGULATEUR_LOG;SNXDETAILS;STATISTIC,snx
inter,maisons-laffitte,snx-23,derived_channel_topic,False,2,4,,REGULATEUR;REGULATEUR_LOG;SNXDETAILS;STATISTIC,snx
inter,maisons-laffitte,snx-24,derived_channel_topic,False,2,4,,REGULATEUR;REGULATEUR_LOG;SNXDETAILS;STATISTIC,snx
inter,maisons-laffitte,snx-25,derived_channel_topic,False,3,4,,REGULATEUR;REGULATEUR_LOG;SNXDETAILS;STATISTIC,snx
inter,maisons-laffitte,snx-26,derived_channel_topic,False,3,4,,REGULATEUR;REGULATEUR_LOG;SNXDETAILS;STATISTIC,snx
inter,maisons-laffitte,snx-27,derived_channel_topic,False,2,4,,REGULATEUR;REGULATEUR_LOG;SNXDETAILS;STATISTIC,snx
inter,maisons-laffitte,snx-28,derived_channel_topic,False,2,1,,REGULATEUR_LOG,snx
inter,maisons-laffitte,snx-29,derived_channel_topic,False,3,4,,REGULATEUR;REGULATEUR_LOG;SNXDETAILS;STATISTIC,snx
inter,maisons-laffitte,snx-3,derived_channel_topic,False,3,3,,REGULATEUR;REGULATEUR_LOG;STATISTIC,snx
inter,maisons-laffitte,snx-30,derived_channel_topic,False,3,4,,REGULATEUR;REGULATEUR_LOG;SNXDETAILS;STATISTIC,snx
inter,maisons-laffitte,snx-31,derived_channel_topic,False,3,4,,REGULATEUR;REGULATEUR_LOG;SNXDETAILS;STATISTIC,snx
inter,maisons-laffitte,snx-32,derived_channel_topic,False,3,4,,REGULATEUR;REGULATEUR_LOG;SNXDETAILS;STATISTIC,snx
inter,maisons-laffitte,snx-33,derived_channel_topic,False,3,4,,REGULATEUR;REGULATEUR_LOG;SNXDETAILS;STATISTIC,snx
inter,maisons-laffitte,snx-34,derived_channel_topic,False,1,4,,REGULATEUR;REGULATEUR_LOG;SNXDETAILS;STATISTIC,snx
inter,maisons-laffitte,snx-35,derived_channel_topic,False,3,4,,REGULATEUR;REGULATEUR_LOG;SNXDETAILS;STATISTIC,snx
inter,maisons-laffitte,snx-36,derived_channel_topic,False,3,4,,REGULATEUR;REGULATEUR_LOG;SNXDETAILS;STATISTIC,snx
inter,maisons-laffitte,snx-37,derived_channel_topic,False,1,4,,REGULATEUR;REGULATEUR_LOG;SNXDETAILS;STATISTIC,snx
inter,maisons-laffitte,snx-38,derived_channel_topic,False,3,4,,REGULATEUR;REGULATEUR_LOG;SNXDETAILS;STATISTIC,snx
inter,maisons-laffitte,snx-39,derived_channel_topic,False,3,4,,REGULATEUR;REGULATEUR_LOG;SNXDETAILS;STATISTIC,snx
inter,maisons-laffitte,snx-4,derived_channel_topic,False,2,1,,REGULATEUR_LOG,snx
inter,maisons-laffitte,snx-40,derived_channel_topic,False,3,4,,REGULATEUR;REGULATEUR_LOG;SNXDETAILS;STATISTIC,snx
inter,maisons-laffitte,snx-41,derived_channel_topic,False,3,4,,REGULATEUR;REGULATEUR_LOG;SNXDETAILS;STATISTIC,snx
inter,maisons-laffitte,snx-42,derived_channel_topic,False,2,4,,REGULATEUR;REGULATEUR_LOG;SNXDETAILS;STATISTIC,snx
inter,maisons-laffitte,snx-43,derived_channel_topic,False,1,4,,REGULATEUR;REGULATEUR_LOG;SNXDETAILS;STATISTIC,snx
inter,maisons-laffitte,snx-44,derived_channel_topic,False,3,3,,REGULATEUR;REGULATEUR_LOG;SNXDETAILS,snx
inter,maisons-laffitte,snx-45,derived_channel_topic,False,3,4,,REGULATEUR;REGULATEUR_LOG;SNXDETAILS;STATISTIC,snx
inter,maisons-laffitte,snx-46,derived_channel_topic,False,3,4,,REGULATEUR;REGULATEUR_LOG;SNXDETAILS;STATISTIC,snx
inter,maisons-laffitte,snx-47,derived_channel_topic,False,1,4,,REGULATEUR;REGULATEUR_LOG;SNXDETAILS;STATISTIC,snx
inter,maisons-laffitte,snx-48,derived_channel_topic,False,3,4,,REGULATEUR;REGULATEUR_LOG;SNXDETAILS;STATISTIC,snx
inter,maisons-laffitte,snx-49,derived_channel_topic,False,2,4,,REGULATEUR;REGULATEUR_LOG;SNXDETAILS;STATISTIC,snx
inter,maisons-laffitte,snx-5,derived_channel_topic,False,1,4,,REGULATEUR;REGULATEUR_LOG;SNXDETAILS;STATISTIC,snx
inter,maisons-laffitte,snx-50,derived_channel_topic,False,2,3,,REGULATEUR;REGULATEUR_LOG;SNXDETAILS,snx
inter,maisons-laffitte,snx-51,derived_channel_topic,False,3,4,,REGULATEUR;REGULATEUR_LOG;SNXDETAILS;STATISTIC,snx
inter,maisons-laffitte,snx-52,derived_channel_topic,False,3,4,,REGULATEUR;REGULATEUR_LOG;SNXDETAILS;STATISTIC,snx
inter,maisons-laffitte,snx-53,derived_channel_topic,False,3,4,,REGULATEUR;REGULATEUR_LOG;SNXDETAILS;STATISTIC,snx
inter,maisons-laffitte,snx-54,derived_channel_topic,False,2,4,,REGULATEUR;REGULATEUR_LOG;SNXDETAILS;STATISTIC,snx
inter,maisons-laffitte,snx-55,derived_channel_topic,False,2,4,,REGULATEUR;REGULATEUR_LOG;SNXDETAILS;STATISTIC,snx
inter,maisons-laffitte,snx-56,derived_channel_topic,False,3,4,,REGULATEUR;REGULATEUR_LOG;SNXDETAILS;STATISTIC,snx
inter,maisons-laffitte,snx-57,derived_channel_topic,False,2,4,,REGULATEUR;REGULATEUR_LOG;SNXDETAILS;STATISTIC,snx
inter,maisons-laffitte,snx-58,derived_channel_topic,False,2,1,,REGULATEUR_LOG,snx
inter,maisons-laffitte,snx-59,derived_channel_topic,False,2,4,,REGULATEUR;REGULATEUR_LOG;SNXDETAILS;STATISTIC,snx
inter,maisons-laffitte,snx-6,derived_channel_topic,False,0,1,,REGULATEUR_LOG,snx
inter,maisons-laffitte,snx-60,derived_channel_topic,False,2,1,,REGULATEUR_LOG,snx
inter,maisons-laffitte,snx-61,derived_channel_topic,False,1,4,,REGULATEUR;REGULATEUR_LOG;SNXDETAILS;STATISTIC,snx
inter,maisons-laffitte,snx-62,derived_channel_topic,False,2,4,,REGULATEUR;REGULATEUR_LOG;SNXDETAILS;STATISTIC,snx
inter,maisons-laffitte,snx-63,derived_channel_topic,False,1,4,,REGULATEUR;REGULATEUR_LOG;SNXDETAILS;STATISTIC,snx
inter,maisons-laffitte,snx-64,derived_channel_topic,False,0,4,,REGULATEUR;REGULATEUR_LOG;SNXDETAILS;STATISTIC,snx
inter,maisons-laffitte,snx-65,derived_channel_topic,False,2,4,,REGULATEUR;REGULATEUR_LOG;SNXDETAILS;STATISTIC,snx
inter,maisons-laffitte,snx-66,derived_channel_topic,False,2,4,,REGULATEUR;REGULATEUR_LOG;SNXDETAILS;STATISTIC,snx
inter,maisons-laffitte,snx-67,derived_channel_topic,False,1,4,,REGULATEUR;REGULATEUR_LOG;SNXDETAILS;STATISTIC,snx
inter,maisons-laffitte,snx-68,derived_channel_topic,False,1,4,,REGULATEUR;REGULATEUR_LOG;SNXDETAILS;STATISTIC,snx
inter,maisons-laffitte,snx-69,derived_channel_topic,False,1,4,,REGULATEUR;REGULATEUR_LOG;SNXDETAILS;STATISTIC,snx
inter,maisons-laffitte,snx-7,derived_channel_topic,False,1,4,,REGULATEUR;REGULATEUR_LOG;SNXDETAILS;STATISTIC,snx
inter,maisons-laffitte,snx-70,derived_channel_topic,False,2,4,,REGULATEUR;REGULATEUR_LOG;SNXDETAILS;STATISTIC,snx
inter,maisons-laffitte,snx-74,derived_channel_topic,False,1,4,,REGULATEUR;REGULATEUR_LOG;SNXDETAILS;STATISTIC,snx
inter,maisons-laffitte,snx-75,derived_channel_topic,False,1,4,,REGULATEUR;REGULATEUR_LOG;SNXDETAILS;STATISTIC,snx
inter,maisons-laffitte,snx-76,derived_channel_topic,False,1,4,,REGULATEUR;REGULATEUR_LOG;SNXDETAILS;STATISTIC,snx
inter,maisons-laffitte,snx-77,derived_channel_topic,False,1,4,,REGULATEUR;REGULATEUR_LOG;SNXDETAILS;STATISTIC,snx
inter,maisons-laffitte,snx-78,derived_channel_topic,False,2,4,,REGULATEUR;REGULATEUR_LOG;SNXDETAILS;STATISTIC,snx
inter,maisons-laffitte,snx-79,derived_channel_topic,False,1,1,,REGULATEUR_LOG,snx
inter,maisons-laffitte,snx-8,derived_channel_topic,False,2,1,,REGULATEUR_LOG,snx
inter,maisons-laffitte,snx-80,derived_channel_topic,False,1,4,,REGULATEUR;REGULATEUR_LOG;SNXDETAILS;STATISTIC,snx
inter,maisons-laffitte,snx-81,derived_channel_topic,False,2,1,,REGULATEUR_LOG,snx
inter,maisons-laffitte,snx-82,derived_channel_topic,False,1,4,,REGULATEUR;REGULATEUR_LOG;SNXDETAILS;STATISTIC,snx
inter,maisons-laffitte,snx-84,derived_channel_topic,False,2,4,,REGULATEUR;REGULATEUR_LOG;SNXDETAILS;STATISTIC,snx
inter,maisons-laffitte,snx-85,derived_channel_topic,False,2,1,,REGULATEUR_LOG,snx
inter,maisons-laffitte,snx-86,derived_channel_topic,False,1,4,,REGULATEUR;REGULATEUR_LOG;SNXDETAILS;STATISTIC,snx
inter,maisons-laffitte,snx-87,derived_channel_topic,False,2,1,,REGULATEUR_LOG,snx
inter,maisons-laffitte,snx-88,derived_channel_topic,False,2,4,,REGULATEUR;REGULATEUR_LOG;SNXDETAILS;STATISTIC,snx
inter,maisons-laffitte,snx-89,derived_channel_topic,False,2,1,,REGULATEUR_LOG,snx
inter,maisons-laffitte,snx-9,derived_channel_topic,False,3,4,,REGULATEUR;REGULATEUR_LOG;SNXDETAILS;STATISTIC,snx
inter,maisons-laffitte,snx-90,derived_channel_topic,False,1,4,,REGULATEUR;REGULATEUR_LOG;SNXDETAILS;STATISTIC,snx
inter,maisons-laffitte,snx-91,derived_channel_topic,False,2,4,,REGULATEUR;REGULATEUR_LOG;SNXDETAILS;STATISTIC,snx
inter,maisons-laffitte,snx-92,derived_channel_topic,False,2,4,,REGULATEUR;REGULATEUR_LOG;SNXDETAILS;STATISTIC,snx
inter,maisons-laffitte,snx-93,derived_channel_topic,False,1,4,,REGULATEUR;REGULATEUR_LOG;SNXDETAILS;STATISTIC,snx
inter,maisons-laffitte,snx-94,derived_channel_topic,False,2,4,,REGULATEUR;REGULATEUR_LOG;SNXDETAILS;STATISTIC,snx
inter,maisons-laffitte,snx-95,derived_channel_topic,False,2,4,,REGULATEUR;REGULATEUR_LOG;SNXDETAILS;STATISTIC,snx
inter,maisons-laffitte,snx-96,derived_channel_topic,False,2,4,,REGULATEUR;REGULATEUR_LOG;SNXDETAILS;STATISTIC,snx
inter,maisons-laffitte,snx-97,derived_channel_topic,False,2,4,,REGULATEUR;REGULATEUR_LOG;SNXDETAILS;STATISTIC,snx
inter,maisons-laffitte,snx-98,derived_channel_topic,False,2,4,,REGULATEUR;REGULATEUR_LOG;SNXDETAILS;STATISTIC,snx
inter,maisons-laffitte,snx-99,derived_channel_topic,False,2,4,,REGULATEUR;REGULATEUR_LOG;SNXDETAILS;STATISTIC,snx
inter,maisons-laffitte,snx-999,derived_channel_topic,False,11,1,,ON_CONSIGNE,snx
inter,maisons-laffitte,zb-bridge-ss,missing_device,True,1,1,Online,LWT;STATE,
inter,maisons-laffitte,zb-th_biscottes,sensor_endpoint,False,0,1,,SENSOR,
inter,maisons-laffitte,zb-th_ss_escalator,sensor_endpoint,False,0,1,,SENSOR,
benfeghoul,marcq,4F72,sensor_endpoint,False,0,1,,SENSOR,
benfeghoul,marcq,6A5E,sensor_endpoint,False,0,1,,SENSOR,
benfeghoul,marcq,849A,sensor_endpoint,False,0,1,,SENSOR,
benfeghoul,marcq,8767,sensor_endpoint,False,0,1,,SENSOR,
benfeghoul,marcq,8CDF,sensor_endpoint,False,0,1,,SENSOR,
benfeghoul,marcq,B2A0,sensor_endpoint,False,0,1,,SENSOR,
benfeghoul,marcq,C231,sensor_endpoint,False,0,1,,SENSOR,
benfeghoul,marcq,D91D,sensor_endpoint,False,0,1,,SENSOR,
benfeghoul,marcq,ED84,sensor_endpoint,False,0,1,,SENSOR,
benfeghoul,marcq,F148,sensor_endpoint,False,0,1,,SENSOR,
benfeghoul,marcq,chx-bureau,missing_device,True,0,4,Online,LWT;PRINT;PWHOURS;SENSOR,
benfeghoul,marcq,chx-cuisine,missing_device,True,0,4,Online,LWT;PRINT;PWHOURS;SENSOR,
benfeghoul,marcq,chx-etienne,missing_device,True,0,4,Online,LWT;PRINT;PWHOURS;SENSOR,
benfeghoul,marcq,chx-martin,missing_device,True,0,4,Online,LWT;PRINT;PWHOURS;SENSOR,
benfeghoul,marcq,chx-parents,missing_device,True,0,4,Online,LWT;PRINT;PWHOURS;SENSOR,
benfeghoul,marcq,chx-salon-droite,missing_device,True,0,4,Offline,LWT;PRINT;PWHOURS;SENSOR,
benfeghoul,marcq,chx-salon-gauche,missing_device,True,0,4,Offline,LWT;PRINT;PWHOURS;SENSOR,
benfeghoul,marcq,dl4-garage,defined,True,30,3,Online,LOGGING;LWT;POWER;PRINT,
benfeghoul,marcq,dl4-garage-1,derived_channel_topic,False,6,6,,COUT;COUTS;POWER;PWDAYS;PWHOURS;PWMONTHS,dl4-garage
benfeghoul,marcq,dl4-garage-2,derived_channel_topic,False,6,6,,COUT;COUTS;POWER;PWDAYS;PWHOURS;PWMONTHS,dl4-garage
benfeghoul,marcq,dl4-garage-3,derived_channel_topic,False,6,6,,COUT;COUTS;POWER;PWDAYS;PWHOURS;PWMONTHS,dl4-garage
benfeghoul,marcq,dl4-garage-4,derived_channel_topic,False,6,6,,COUT;COUTS;POWER;PWDAYS;PWHOURS;PWMONTHS,dl4-garage
benfeghoul,marcq,zb-bridge,unresolved_topic_identity,False,0,1,,PRINT,
inter,mery,dl12-boulangerie,defined,True,42,2,,HEARTBEAT;LOGGING;PRINT,
inter,mery,dl12-boulangerie-1,derived_channel_topic,False,6,7,,COUT;COUTS;NIGHTDAY;POWER;PWDAYS;PWHOURS;PWMONTHS,dl12-boulangerie
inter,mery,dl12-boulangerie-2,derived_channel_topic,False,6,7,,COUT;COUTS;NIGHTDAY;POWER;PWDAYS;PWHOURS;PWMONTHS,dl12-boulangerie
inter,mery,dl12-boulangerie-3,derived_channel_topic,False,6,7,,COUT;COUTS;NIGHTDAY;POWER;PWDAYS;PWHOURS;PWMONTHS,dl12-boulangerie
inter,mery,dl12-tgbt1,defined,True,42,3,Online,HEARTBEAT;LOGGING;LWT;PRINT,
inter,mery,dl12-tgbt1-1,derived_channel_topic,False,6,7,,COUT;COUTS;NIGHTDAY;POWER;PWDAYS;PWHOURS;PWMONTHS,dl12-tgbt1
inter,mery,dl12-tgbt1-2,derived_channel_topic,False,6,7,,COUT;COUTS;NIGHTDAY;POWER;PWDAYS;PWHOURS;PWMONTHS,dl12-tgbt1
inter,mery,dl12-tgbt1-3,derived_channel_topic,False,6,7,,COUT;COUTS;NIGHTDAY;POWER;PWDAYS;PWHOURS;PWMONTHS,dl12-tgbt1
inter,mery,dl12-tgbt4,defined,True,42,2,,HEARTBEAT;LOGGING;PRINT,
inter,mery,dl12-tgbt4-1,derived_channel_topic,False,6,7,,COUT;COUTS;NIGHTDAY;POWER;PWDAYS;PWHOURS;PWMONTHS,dl12-tgbt4
inter,mery,dl12-tgbt4-2,derived_channel_topic,False,6,7,,COUT;COUTS;NIGHTDAY;POWER;PWDAYS;PWHOURS;PWMONTHS,dl12-tgbt4
inter,mery,dl12-tgbt4-3,derived_channel_topic,False,6,7,,COUT;COUTS;NIGHTDAY;POWER;PWDAYS;PWHOURS;PWMONTHS,dl12-tgbt4
inter,mery,dl12-tgbt5,defined,True,42,2,,HEARTBEAT;LOGGING;PRINT,
inter,mery,dl12-tgbt5-1,derived_channel_topic,False,6,7,,COUT;COUTS;NIGHTDAY;POWER;PWDAYS;PWHOURS;PWMONTHS,dl12-tgbt5
inter,mery,dl12-tgbt5-2,derived_channel_topic,False,6,7,,COUT;COUTS;NIGHTDAY;POWER;PWDAYS;PWHOURS;PWMONTHS,dl12-tgbt5
inter,mery,dl12-tgbt5-3,derived_channel_topic,False,6,7,,COUT;COUTS;NIGHTDAY;POWER;PWDAYS;PWHOURS;PWMONTHS,dl12-tgbt5
inter,mery,dl12-tgbt6,defined,True,42,2,,HEARTBEAT;LOGGING;PRINT,
inter,mery,dl12-tgbt6-1,derived_channel_topic,False,6,7,,COUT;COUTS;NIGHTDAY;POWER;PWDAYS;PWHOURS;PWMONTHS,dl12-tgbt6
inter,mery,dl12-tgbt6-2,derived_channel_topic,False,6,7,,COUT;COUTS;NIGHTDAY;POWER;PWDAYS;PWHOURS;PWMONTHS,dl12-tgbt6
inter,mery,dl12-tgbt6-3,derived_channel_topic,False,6,7,,COUT;COUTS;NIGHTDAY;POWER;PWDAYS;PWHOURS;PWMONTHS,dl12-tgbt6
inter,mery,dl4-tgbt1,defined,True,0,7,,COUT;COUTS;HEARTBEAT;NIGHTDAY;PWDAYS;PWHOURS;PWMONTHS,
inter,mery,pwx4-rogowski-froid,defined,True,18,9,,COUT;COUTS;HEARTBEAT;LOGGING;NIGHTDAY;POWER;PRINT;PWDAYS;PWHOURS;PWMONTHS,
inter,mery,pwx4-rogowski-main,defined,True,18,9,,COUT;COUTS;HEARTBEAT;LOGGING;NIGHTDAY;POWER;PRINT;PWDAYS;PWHOURS;PWMONTHS,
inter,mery,rdx-frico-d,missing_device,True,2,0,,STATE,
inter,mery,rdx-frico-g,missing_device,True,9,2,,PRINT;RESULT;SENSOR;STATE,
inter,mery,snx,missing_device,True,259,8,,CONFIG;HEARTBEAT;LOGGING;RANKING;SNXCOUT;SNXRANKING;SNX_GROUP_SCORES;STATE;VOLUME,
inter,mery,snx-1,derived_channel_topic,False,0,4,,REGULATEUR;REGULATEUR_LOG;SNXDETAILS;STATISTIC,snx
inter,mery,snx-10,derived_channel_topic,False,5,4,,REGULATEUR;REGULATEUR_LOG;SNXDETAILS;STATISTIC,snx
inter,mery,snx-11,derived_channel_topic,False,6,4,,REGULATEUR;REGULATEUR_LOG;SNXDETAILS;STATISTIC,snx
inter,mery,snx-12,derived_channel_topic,False,6,4,,REGULATEUR;REGULATEUR_LOG;SNXDETAILS;STATISTIC,snx
inter,mery,snx-13,derived_channel_topic,False,3,4,,REGULATEUR;REGULATEUR_LOG;SNXDETAILS;STATISTIC,snx
inter,mery,snx-14,derived_channel_topic,False,5,4,,REGULATEUR;REGULATEUR_LOG;SNXDETAILS;STATISTIC,snx
inter,mery,snx-15,derived_channel_topic,False,5,4,,REGULATEUR;REGULATEUR_LOG;SNXDETAILS;STATISTIC,snx
inter,mery,snx-16,derived_channel_topic,False,4,4,,REGULATEUR;REGULATEUR_LOG;SNXDETAILS;STATISTIC,snx
inter,mery,snx-17,derived_channel_topic,False,3,4,,REGULATEUR;REGULATEUR_LOG;SNXDETAILS;STATISTIC,snx
inter,mery,snx-18,derived_channel_topic,False,5,4,,REGULATEUR;REGULATEUR_LOG;SNXDETAILS;STATISTIC,snx
inter,mery,snx-19,derived_channel_topic,False,4,4,,REGULATEUR;REGULATEUR_LOG;SNXDETAILS;STATISTIC,snx
inter,mery,snx-2,derived_channel_topic,False,2,4,,REGULATEUR;REGULATEUR_LOG;SNXDETAILS;STATISTIC,snx
inter,mery,snx-20,derived_channel_topic,False,5,4,,REGULATEUR;REGULATEUR_LOG;SNXDETAILS;STATISTIC,snx
inter,mery,snx-21,derived_channel_topic,False,5,4,,REGULATEUR;REGULATEUR_LOG;SNXDETAILS;STATISTIC,snx
inter,mery,snx-22,derived_channel_topic,False,6,4,,REGULATEUR;REGULATEUR_LOG;SNXDETAILS;STATISTIC,snx
inter,mery,snx-23,derived_channel_topic,False,4,4,,REGULATEUR;REGULATEUR_LOG;SNXDETAILS;STATISTIC,snx
inter,mery,snx-25,derived_channel_topic,False,3,4,,REGULATEUR;REGULATEUR_LOG;SNXDETAILS;STATISTIC,snx
inter,mery,snx-26,derived_channel_topic,False,5,4,,REGULATEUR;REGULATEUR_LOG;SNXDETAILS;STATISTIC,snx
inter,mery,snx-27,derived_channel_topic,False,4,4,,REGULATEUR;REGULATEUR_LOG;SNXDETAILS;STATISTIC,snx
inter,mery,snx-28,derived_channel_topic,False,5,4,,REGULATEUR;REGULATEUR_LOG;SNXDETAILS;STATISTIC,snx
inter,mery,snx-29,derived_channel_topic,False,1,4,,REGULATEUR;REGULATEUR_LOG;SNXDETAILS;STATISTIC,snx
inter,mery,snx-3,derived_channel_topic,False,1,4,,REGULATEUR;REGULATEUR_LOG;SNXDETAILS;STATISTIC,snx
inter,mery,snx-30,derived_channel_topic,False,2,4,,REGULATEUR;REGULATEUR_LOG;SNXDETAILS;STATISTIC,snx
inter,mery,snx-31,derived_channel_topic,False,4,4,,REGULATEUR;REGULATEUR_LOG;SNXDETAILS;STATISTIC,snx
inter,mery,snx-32,derived_channel_topic,False,6,4,,REGULATEUR;REGULATEUR_LOG;SNXDETAILS;STATISTIC,snx
inter,mery,snx-33,derived_channel_topic,False,2,4,,REGULATEUR;REGULATEUR_LOG;SNXDETAILS;STATISTIC,snx
inter,mery,snx-34,derived_channel_topic,False,3,4,,REGULATEUR;REGULATEUR_LOG;SNXDETAILS;STATISTIC,snx
inter,mery,snx-35,derived_channel_topic,False,4,4,,REGULATEUR;REGULATEUR_LOG;SNXDETAILS;STATISTIC,snx
inter,mery,snx-36,derived_channel_topic,False,5,4,,REGULATEUR;REGULATEUR_LOG;SNXDETAILS;STATISTIC,snx
inter,mery,snx-37,derived_channel_topic,False,5,4,,REGULATEUR;REGULATEUR_LOG;SNXDETAILS;STATISTIC,snx
inter,mery,snx-38,derived_channel_topic,False,5,4,,REGULATEUR;REGULATEUR_LOG;SNXDETAILS;STATISTIC,snx
inter,mery,snx-39,derived_channel_topic,False,5,4,,REGULATEUR;REGULATEUR_LOG;SNXDETAILS;STATISTIC,snx
inter,mery,snx-4,derived_channel_topic,False,5,4,,REGULATEUR;REGULATEUR_LOG;SNXDETAILS;STATISTIC,snx
inter,mery,snx-40,derived_channel_topic,False,5,4,,REGULATEUR;REGULATEUR_LOG;SNXDETAILS;STATISTIC,snx
inter,mery,snx-41,derived_channel_topic,False,3,4,,REGULATEUR;REGULATEUR_LOG;SNXDETAILS;STATISTIC,snx
inter,mery,snx-42,derived_channel_topic,False,2,4,,REGULATEUR;REGULATEUR_LOG;SNXDETAILS;STATISTIC,snx
inter,mery,snx-43,derived_channel_topic,False,3,4,,REGULATEUR;REGULATEUR_LOG;SNXDETAILS;STATISTIC,snx
inter,mery,snx-44,derived_channel_topic,False,5,4,,REGULATEUR;REGULATEUR_LOG;SNXDETAILS;STATISTIC,snx
inter,mery,snx-45,derived_channel_topic,False,2,4,,REGULATEUR;REGULATEUR_LOG;SNXDETAILS;STATISTIC,snx
inter,mery,snx-46,derived_channel_topic,False,3,4,,REGULATEUR;REGULATEUR_LOG;SNXDETAILS;STATISTIC,snx
inter,mery,snx-47,derived_channel_topic,False,4,4,,REGULATEUR;REGULATEUR_LOG;SNXDETAILS;STATISTIC,snx
inter,mery,snx-48,derived_channel_topic,False,3,4,,REGULATEUR;REGULATEUR_LOG;SNXDETAILS;STATISTIC,snx
inter,mery,snx-49,derived_channel_topic,False,2,4,,REGULATEUR;REGULATEUR_LOG;SNXDETAILS;STATISTIC,snx
inter,mery,snx-5,derived_channel_topic,False,3,4,,REGULATEUR;REGULATEUR_LOG;SNXDETAILS;STATISTIC,snx
inter,mery,snx-50,derived_channel_topic,False,6,4,,REGULATEUR;REGULATEUR_LOG;SNXDETAILS;STATISTIC,snx
inter,mery,snx-51,derived_channel_topic,False,6,4,,REGULATEUR;REGULATEUR_LOG;SNXDETAILS;STATISTIC,snx
inter,mery,snx-53,derived_channel_topic,False,3,4,,REGULATEUR;REGULATEUR_LOG;SNXDETAILS;STATISTIC,snx
inter,mery,snx-54,derived_channel_topic,False,2,4,,REGULATEUR;REGULATEUR_LOG;SNXDETAILS;STATISTIC,snx
inter,mery,snx-55,derived_channel_topic,False,2,4,,REGULATEUR;REGULATEUR_LOG;SNXDETAILS;STATISTIC,snx
inter,mery,snx-56,derived_channel_topic,False,2,4,,REGULATEUR;REGULATEUR_LOG;SNXDETAILS;STATISTIC,snx
inter,mery,snx-57,derived_channel_topic,False,2,4,,REGULATEUR;REGULATEUR_LOG;SNXDETAILS;STATISTIC,snx
inter,mery,snx-58,derived_channel_topic,False,0,3,,REGULATEUR;SNXDETAILS;STATISTIC,snx
inter,mery,snx-59,derived_channel_topic,False,5,4,,REGULATEUR;REGULATEUR_LOG;SNXDETAILS;STATISTIC,snx
inter,mery,snx-6,derived_channel_topic,False,5,4,,REGULATEUR;REGULATEUR_LOG;SNXDETAILS;STATISTIC,snx
inter,mery,snx-7,derived_channel_topic,False,4,4,,REGULATEUR;REGULATEUR_LOG;SNXDETAILS;STATISTIC,snx
inter,mery,snx-8,derived_channel_topic,False,5,4,,REGULATEUR;REGULATEUR_LOG;SNXDETAILS;STATISTIC,snx
inter,mery,snx-80,derived_channel_topic,False,12,1,,REGULATEUR_LOG,snx
inter,mery,snx-81,derived_channel_topic,False,12,3,,CONDENSEUR;CONDENSEUR_LOG;REGULATEUR_LOG,snx
inter,mery,snx-82,derived_channel_topic,False,6,3,,CONDENSEUR;CONDENSEUR_LOG;REGULATEUR_LOG,snx
inter,mery,snx-9,derived_channel_topic,False,5,4,,REGULATEUR;REGULATEUR_LOG;SNXDETAILS;STATISTIC,snx
inter,mery,snx-999,derived_channel_topic,False,12,1,,ON_CONSIGNE,snx
inter,mery,zb-bridge,missing_device,True,0,1,Online,LWT,
inter,mery,zb-th_bl_entree,sensor_endpoint,False,1,1,,SENSOR,
inter,mery,zb-th_boucherie,sensor_endpoint,False,0,1,,SENSOR,
inter,mery,zb-th_exterieur,sensor_endpoint,False,0,1,,SENSOR,
inter,mery,zb-th_lacets,sensor_endpoint,False,1,1,,SENSOR,
inter,mery,zb-th_sas,sensor_endpoint,False,0,1,,SENSOR,
inter,mery,zb-th_surgeles,sensor_endpoint,False,0,1,,SENSOR,
inter,mery,zb-th_tg_animaux,sensor_endpoint,False,1,1,,SENSOR,
lambert,morzine,chxp-ch1,missing_device,True,8,12,Online,COUTS;HEARTBEAT;INFO1;INFO2;INFO3;LOGGING;LWT;PRINT;PWDAYS;PWHOURS;PWMONTHS;SENSOR;STATE,
lambert,morzine,chxp-ch2,missing_device,True,4,12,Online,COUTS;HEARTBEAT;INFO1;INFO2;INFO3;LOGGING;LWT;PRINT;PWDAYS;PWHOURS;PWMONTHS;SENSOR;STATE,
lambert,morzine,msx-2,missing_device,True,0,2,Offline,LWT;SENSOR,
lambert,morzine,plugx-1,missing_device,True,21,7,Online,HEARTBEAT;LOGGING;LWT;PRINT;PWDAYS;PWHOURS;PWMONTHS;SENSOR,
lambert,morzine,plugx-2,missing_device,True,0,1,Online,LWT,
lambert,morzine,plugx-droite,missing_device,True,0,7,Offline,HEARTBEAT;LWT;PRINT;PWDAYS;PWHOURS;PWMONTHS;SENSOR,
lambert,morzine,plugx-gauche,missing_device,True,0,7,Offline,HEARTBEAT;LWT;PRINT;PWDAYS;PWHOURS;PWMONTHS;SENSOR,
lambert,morzine,pwx12-td1,defined,True,54,6,Online,HEARTBEAT;INFO1;INFO2;INFO3;LOGGING;LWT;PRINT,
lambert,morzine,pwx12-td1-1,derived_channel_topic,False,6,7,,COUT;COUTS;NIGHTDAY;POWER;PWDAYS;PWHOURS;PWMONTHS,pwx12-td1
lambert,morzine,pwx12-td1-2,derived_channel_topic,False,6,7,,COUT;COUTS;NIGHTDAY;POWER;PWDAYS;PWHOURS;PWMONTHS,pwx12-td1
lambert,morzine,pwx12-td1-3,derived_channel_topic,False,6,7,,COUT;COUTS;NIGHTDAY;POWER;PWDAYS;PWHOURS;PWMONTHS,pwx12-td1
lambert,morzine,pwx12-td1-4,derived_channel_topic,False,6,6,,COUT;COUTS;POWER;PWDAYS;PWHOURS;PWMONTHS,pwx12-td1
lambert,morzine,pwx12-td1-6,derived_channel_topic,False,6,6,,COUT;COUTS;POWER;PWDAYS;PWHOURS;PWMONTHS,pwx12-td1
lambert,morzine,pwx12-td1-7,derived_channel_topic,False,6,6,,COUT;COUTS;POWER;PWDAYS;PWHOURS;PWMONTHS,pwx12-td1
lambert,morzine,zb-bridge,missing_device,True,1,1,Online,LWT;STATE,
lambert,morzine,zb-th_1er_salon,sensor_endpoint,False,0,1,,SENSOR,
lambert,morzine,zb-th_exterieure,sensor_endpoint,False,0,1,,SENSOR,
lambert,morzine,zb-th_rdc_banc,sensor_endpoint,False,0,1,,SENSOR,
labo,msx,msx-13,no_site_inventory,True,0,1,Offline,LWT,
labo,msx,msx-15,no_site_inventory,True,0,3,Offline,LWT;PWHOURS;SENSOR,
inter,neuilly,dl12-new1,defined,True,42,3,Online,HEARTBEAT;LOGGING;LWT;PRINT,
inter,neuilly,dl12-new1-1,derived_channel_topic,False,6,7,,COUT;COUTS;NIGHTDAY;POWER;PWDAYS;PWHOURS;PWMONTHS,dl12-new1
inter,neuilly,dl12-new1-2,derived_channel_topic,False,6,7,,COUT;COUTS;NIGHTDAY;POWER;PWDAYS;PWHOURS;PWMONTHS,dl12-new1
inter,neuilly,dl12-new1-3,derived_channel_topic,False,6,7,,COUT;COUTS;NIGHTDAY;POWER;PWDAYS;PWHOURS;PWMONTHS,dl12-new1
inter,neuilly,dl12-new2,defined,True,42,3,Online,HEARTBEAT;LOGGING;LWT;PRINT,
inter,neuilly,dl12-new2-1,derived_channel_topic,False,6,7,,COUT;COUTS;NIGHTDAY;POWER;PWDAYS;PWHOURS;PWMONTHS,dl12-new2
inter,neuilly,dl12-new2-2,derived_channel_topic,False,6,7,,COUT;COUTS;NIGHTDAY;POWER;PWDAYS;PWHOURS;PWMONTHS,dl12-new2
inter,neuilly,dl12-new2-3,derived_channel_topic,False,6,7,,COUT;COUTS;NIGHTDAY;POWER;PWDAYS;PWHOURS;PWMONTHS,dl12-new2
inter,neuilly,dl12-old1,defined,True,42,3,Online,HEARTBEAT;LOGGING;LWT;PRINT,
inter,neuilly,dl12-old1-1,derived_channel_topic,False,6,7,,COUT;COUTS;NIGHTDAY;POWER;PWDAYS;PWHOURS;PWMONTHS,dl12-old1
inter,neuilly,dl12-old1-2,derived_channel_topic,False,6,7,,COUT;COUTS;NIGHTDAY;POWER;PWDAYS;PWHOURS;PWMONTHS,dl12-old1
inter,neuilly,dl12-old1-3,derived_channel_topic,False,6,7,,COUT;COUTS;NIGHTDAY;POWER;PWDAYS;PWHOURS;PWMONTHS,dl12-old1
inter,neuilly,dl12-old2,defined,True,42,3,Online,HEARTBEAT;LOGGING;LWT;PRINT,
inter,neuilly,dl12-old2-1,derived_channel_topic,False,6,7,,COUT;COUTS;NIGHTDAY;POWER;PWDAYS;PWHOURS;PWMONTHS,dl12-old2
inter,neuilly,dl12-old2-2,derived_channel_topic,False,6,7,,COUT;COUTS;NIGHTDAY;POWER;PWDAYS;PWHOURS;PWMONTHS,dl12-old2
inter,neuilly,dl12-old2-3,derived_channel_topic,False,6,7,,COUT;COUTS;NIGHTDAY;POWER;PWDAYS;PWHOURS;PWMONTHS,dl12-old2
inter,neuilly,dl12-old3,defined,True,36,3,Online,HEARTBEAT;LOGGING;LWT;PRINT,
inter,neuilly,dl12-old3-1,derived_channel_topic,False,6,7,,COUT;COUTS;NIGHTDAY;POWER;PWDAYS;PWHOURS;PWMONTHS,dl12-old3
inter,neuilly,dl12-old3-2,derived_channel_topic,False,6,7,,COUT;COUTS;NIGHTDAY;POWER;PWDAYS;PWHOURS;PWMONTHS,dl12-old3
inter,neuilly,pwx4-oldh,defined,True,18,10,Online,COUT;COUTS;HEARTBEAT;LOGGING;LWT;NIGHTDAY;POWER;PRINT;PWDAYS;PWHOURS;PWMONTHS,
inter,neuilly,pwx4-rogowski,defined,True,18,10,Online,COUT;COUTS;HEARTBEAT;LOGGING;LWT;NIGHTDAY;POWER;PRINT;PWDAYS;PWHOURS;PWMONTHS,
inter,neuilly,rdx-d,missing_device,True,12,3,Online,LOGGING;LWT;PRINT;RESULT;SENSOR;STATE,
inter,neuilly,rdx-g,missing_device,True,8,3,Online,LOGGING;LWT;PRINT;RESULT;SENSOR,
inter,neuilly,snx,missing_device,True,102,8,Online,CONFIG;HEARTBEAT;LOGGING;LWT;RANKING;SNXCOUT;SNXRANKING;SNX_GROUP_SCORES;STATE;VOLUME,
inter,neuilly,snx-10,derived_channel_topic,False,2,4,,REGULATEUR;REGULATEUR_LOG;SNXDETAILS;STATISTIC,snx
inter,neuilly,snx-102,derived_channel_topic,False,1,3,,REGULATEUR;REGULATEUR_LOG;STATISTIC,snx
inter,neuilly,snx-103,derived_channel_topic,False,2,3,,REGULATEUR;REGULATEUR_LOG;STATISTIC,snx
inter,neuilly,snx-18,derived_channel_topic,False,0,4,,REGULATEUR;REGULATEUR_LOG;SNXDETAILS;STATISTIC,snx
inter,neuilly,snx-19,derived_channel_topic,False,1,4,,REGULATEUR;REGULATEUR_LOG;SNXDETAILS;STATISTIC,snx
inter,neuilly,snx-20,derived_channel_topic,False,0,4,,REGULATEUR;REGULATEUR_LOG;SNXDETAILS;STATISTIC,snx
inter,neuilly,snx-22,derived_channel_topic,False,0,4,,REGULATEUR;REGULATEUR_LOG;SNXDETAILS;STATISTIC,snx
inter,neuilly,snx-23,derived_channel_topic,False,2,4,,REGULATEUR;REGULATEUR_LOG;SNXDETAILS;STATISTIC,snx
inter,neuilly,snx-24,derived_channel_topic,False,1,4,,REGULATEUR;REGULATEUR_LOG;SNXDETAILS;STATISTIC,snx
inter,neuilly,snx-25,derived_channel_topic,False,2,4,,REGULATEUR;REGULATEUR_LOG;SNXDETAILS;STATISTIC,snx
inter,neuilly,snx-26,derived_channel_topic,False,2,4,,REGULATEUR;REGULATEUR_LOG;SNXDETAILS;STATISTIC,snx
inter,neuilly,snx-27,derived_channel_topic,False,1,4,,REGULATEUR;REGULATEUR_LOG;SNXDETAILS;STATISTIC,snx
inter,neuilly,snx-28,derived_channel_topic,False,1,4,,REGULATEUR;REGULATEUR_LOG;SNXDETAILS;STATISTIC,snx
inter,neuilly,snx-30,derived_channel_topic,False,1,4,,REGULATEUR;REGULATEUR_LOG;SNXDETAILS;STATISTIC,snx
inter,neuilly,snx-31,derived_channel_topic,False,1,4,,REGULATEUR;REGULATEUR_LOG;SNXDETAILS;STATISTIC,snx
inter,neuilly,snx-32,derived_channel_topic,False,1,4,,REGULATEUR;REGULATEUR_LOG;SNXDETAILS;STATISTIC,snx
inter,neuilly,snx-33,derived_channel_topic,False,1,4,,REGULATEUR;REGULATEUR_LOG;SNXDETAILS;STATISTIC,snx
inter,neuilly,snx-34,derived_channel_topic,False,0,4,,REGULATEUR;REGULATEUR_LOG;SNXDETAILS;STATISTIC,snx
inter,neuilly,snx-35,derived_channel_topic,False,0,4,,REGULATEUR;REGULATEUR_LOG;SNXDETAILS;STATISTIC,snx
inter,neuilly,snx-36,derived_channel_topic,False,0,4,,REGULATEUR;REGULATEUR_LOG;SNXDETAILS;STATISTIC,snx
inter,neuilly,snx-37,derived_channel_topic,False,0,4,,REGULATEUR;REGULATEUR_LOG;SNXDETAILS;STATISTIC,snx
inter,neuilly,snx-38,derived_channel_topic,False,0,4,,REGULATEUR;REGULATEUR_LOG;SNXDETAILS;STATISTIC,snx
inter,neuilly,snx-39,derived_channel_topic,False,0,4,,REGULATEUR;REGULATEUR_LOG;SNXDETAILS;STATISTIC,snx
inter,neuilly,snx-40,derived_channel_topic,False,0,4,,REGULATEUR;REGULATEUR_LOG;SNXDETAILS;STATISTIC,snx
inter,neuilly,snx-41,derived_channel_topic,False,0,4,,REGULATEUR;REGULATEUR_LOG;SNXDETAILS;STATISTIC,snx
inter,neuilly,snx-42,derived_channel_topic,False,0,4,,REGULATEUR;REGULATEUR_LOG;SNXDETAILS;STATISTIC,snx
inter,neuilly,snx-43,derived_channel_topic,False,2,4,,REGULATEUR;REGULATEUR_LOG;SNXDETAILS;STATISTIC,snx
inter,neuilly,snx-44,derived_channel_topic,False,0,4,,REGULATEUR;REGULATEUR_LOG;SNXDETAILS;STATISTIC,snx
inter,neuilly,snx-45,derived_channel_topic,False,0,4,,REGULATEUR;REGULATEUR_LOG;SNXDETAILS;STATISTIC,snx
inter,neuilly,snx-46,derived_channel_topic,False,0,4,,REGULATEUR;REGULATEUR_LOG;SNXDETAILS;STATISTIC,snx
inter,neuilly,snx-48,derived_channel_topic,False,0,4,,REGULATEUR;REGULATEUR_LOG;SNXDETAILS;STATISTIC,snx
inter,neuilly,snx-49,derived_channel_topic,False,3,4,,REGULATEUR;REGULATEUR_LOG;SNXDETAILS;STATISTIC,snx
inter,neuilly,snx-50,derived_channel_topic,False,3,4,,REGULATEUR;REGULATEUR_LOG;SNXDETAILS;STATISTIC,snx
inter,neuilly,snx-51,derived_channel_topic,False,3,4,,REGULATEUR;REGULATEUR_LOG;SNXDETAILS;STATISTIC,snx
inter,neuilly,snx-52,derived_channel_topic,False,4,4,,REGULATEUR;REGULATEUR_LOG;SNXDETAILS;STATISTIC,snx
inter,neuilly,snx-53,derived_channel_topic,False,3,4,,REGULATEUR;REGULATEUR_LOG;SNXDETAILS;STATISTIC,snx
inter,neuilly,snx-54,derived_channel_topic,False,1,4,,REGULATEUR;REGULATEUR_LOG;SNXDETAILS;STATISTIC,snx
inter,neuilly,snx-57,derived_channel_topic,False,0,3,,REGULATEUR;SNXDETAILS;STATISTIC,snx
inter,neuilly,snx-58,derived_channel_topic,False,1,3,,REGULATEUR;SNXDETAILS;STATISTIC,snx
inter,neuilly,snx-59,derived_channel_topic,False,2,4,,REGULATEUR;REGULATEUR_LOG;SNXDETAILS;STATISTIC,snx
inter,neuilly,snx-60,derived_channel_topic,False,3,4,,REGULATEUR;REGULATEUR_LOG;SNXDETAILS;STATISTIC,snx
inter,neuilly,snx-61,derived_channel_topic,False,1,4,,REGULATEUR;REGULATEUR_LOG;SNXDETAILS;STATISTIC,snx
inter,neuilly,snx-62,derived_channel_topic,False,0,4,,REGULATEUR;REGULATEUR_LOG;SNXDETAILS;STATISTIC,snx
inter,neuilly,snx-63,derived_channel_topic,False,1,4,,REGULATEUR;REGULATEUR_LOG;SNXDETAILS;STATISTIC,snx
inter,neuilly,snx-64,derived_channel_topic,False,0,4,,REGULATEUR;REGULATEUR_LOG;SNXDETAILS;STATISTIC,snx
inter,neuilly,snx-65,derived_channel_topic,False,1,4,,REGULATEUR;REGULATEUR_LOG;SNXDETAILS;STATISTIC,snx
inter,neuilly,snx-66,derived_channel_topic,False,0,4,,REGULATEUR;REGULATEUR_LOG;SNXDETAILS;STATISTIC,snx
inter,neuilly,snx-67,derived_channel_topic,False,0,4,,REGULATEUR;REGULATEUR_LOG;SNXDETAILS;STATISTIC,snx
inter,neuilly,snx-68,derived_channel_topic,False,0,4,,REGULATEUR;REGULATEUR_LOG;SNXDETAILS;STATISTIC,snx
inter,neuilly,snx-69,derived_channel_topic,False,0,4,,REGULATEUR;REGULATEUR_LOG;SNXDETAILS;STATISTIC,snx
inter,neuilly,snx-7,derived_channel_topic,False,3,4,,REGULATEUR;REGULATEUR_LOG;SNXDETAILS;STATISTIC,snx
inter,neuilly,snx-70,derived_channel_topic,False,2,4,,REGULATEUR;REGULATEUR_LOG;SNXDETAILS;STATISTIC,snx
inter,neuilly,snx-71,derived_channel_topic,False,2,4,,REGULATEUR;REGULATEUR_LOG;SNXDETAILS;STATISTIC,snx
inter,neuilly,snx-72,derived_channel_topic,False,3,4,,REGULATEUR;REGULATEUR_LOG;SNXDETAILS;STATISTIC,snx
inter,neuilly,snx-73,derived_channel_topic,False,2,4,,REGULATEUR;REGULATEUR_LOG;SNXDETAILS;STATISTIC,snx
inter,neuilly,snx-74,derived_channel_topic,False,3,4,,REGULATEUR;REGULATEUR_LOG;SNXDETAILS;STATISTIC,snx
inter,neuilly,snx-75,derived_channel_topic,False,1,4,,REGULATEUR;REGULATEUR_LOG;SNXDETAILS;STATISTIC,snx
inter,neuilly,snx-76,derived_channel_topic,False,2,4,,REGULATEUR;REGULATEUR_LOG;SNXDETAILS;STATISTIC,snx
inter,neuilly,snx-77,derived_channel_topic,False,3,4,,REGULATEUR;REGULATEUR_LOG;SNXDETAILS;STATISTIC,snx
inter,neuilly,snx-78,derived_channel_topic,False,2,4,,REGULATEUR;REGULATEUR_LOG;SNXDETAILS;STATISTIC,snx
inter,neuilly,snx-79,derived_channel_topic,False,2,4,,REGULATEUR;REGULATEUR_LOG;SNXDETAILS;STATISTIC,snx
inter,neuilly,snx-8,derived_channel_topic,False,1,4,,REGULATEUR;REGULATEUR_LOG;SNXDETAILS;STATISTIC,snx
inter,neuilly,snx-80,derived_channel_topic,False,4,4,,REGULATEUR;REGULATEUR_LOG;SNXDETAILS;STATISTIC,snx
inter,neuilly,snx-81,derived_channel_topic,False,3,4,,REGULATEUR;REGULATEUR_LOG;SNXDETAILS;STATISTIC,snx
inter,neuilly,snx-82,derived_channel_topic,False,2,4,,REGULATEUR;REGULATEUR_LOG;SNXDETAILS;STATISTIC,snx
inter,neuilly,snx-83,derived_channel_topic,False,2,4,,REGULATEUR;REGULATEUR_LOG;SNXDETAILS;STATISTIC,snx
inter,neuilly,snx-9,derived_channel_topic,False,2,4,,REGULATEUR;REGULATEUR_LOG;SNXDETAILS;STATISTIC,snx
inter,neuilly,snx-999,derived_channel_topic,False,14,1,,ON_CONSIGNE,snx
inter,neuilly,zb-th_ascenseur,sensor_endpoint,False,0,1,,SENSOR,
inter,neuilly,zb-th_boulangerie,sensor_endpoint,False,0,1,,SENSOR,
inter,neuilly,zb-th_caisse_4,sensor_endpoint,False,0,1,,SENSOR,
inter,neuilly,zb-th_caisse_auto,sensor_endpoint,False,0,1,,SENSOR,
inter,neuilly,zb-th_en_ce_moment,sensor_endpoint,False,0,1,,SENSOR,
inter,neuilly,zb-th_exterieure,sensor_endpoint,False,1,1,,SENSOR,
inter,neuilly,zb-th_legumes,sensor_endpoint,False,1,1,,SENSOR,
inter,neuilly,zb-th_poissonerie,sensor_endpoint,False,0,1,,SENSOR,
inter,neuilly,zb-th_tg35,sensor_endpoint,False,0,1,,SENSOR,
inter,neuilly,zb-th_tv,sensor_endpoint,False,0,1,,SENSOR,
inter,noisy,dl12-tdclim,defined,True,3,2,,HEARTBEAT;PRINT,
inter,noisy,dl12-tdclim-1,derived_channel_topic,False,6,7,,COUT;COUTS;NIGHTDAY;POWER;PWDAYS;PWHOURS;PWMONTHS,dl12-tdclim
inter,noisy,dl12-tdclim-2,derived_channel_topic,False,6,7,,COUT;COUTS;NIGHTDAY;POWER;PWDAYS;PWHOURS;PWMONTHS,dl12-tdclim
inter,noisy,dl12-tdclim-3,derived_channel_topic,False,6,7,,COUT;COUTS;NIGHTDAY;POWER;PWDAYS;PWHOURS;PWMONTHS,dl12-tdclim
inter,noisy,dl12-tgbt1,defined,True,42,2,,HEARTBEAT;LOGGING;PRINT,
inter,noisy,dl12-tgbt1-1,derived_channel_topic,False,6,7,,COUT;COUTS;NIGHTDAY;POWER;PWDAYS;PWHOURS;PWMONTHS,dl12-tgbt1
inter,noisy,dl12-tgbt1-2,derived_channel_topic,False,6,7,,COUT;COUTS;NIGHTDAY;POWER;PWDAYS;PWHOURS;PWMONTHS,dl12-tgbt1
inter,noisy,dl12-tgbt1-3,derived_channel_topic,False,6,7,,COUT;COUTS;NIGHTDAY;POWER;PWDAYS;PWHOURS;PWMONTHS,dl12-tgbt1
inter,noisy,dl12-tgbt2,defined,True,3,2,,HEARTBEAT;PRINT,
inter,noisy,dl12-tgbt2-1,derived_channel_topic,False,6,7,,COUT;COUTS;NIGHTDAY;POWER;PWDAYS;PWHOURS;PWMONTHS,dl12-tgbt2
inter,noisy,dl12-tgbt2-2,derived_channel_topic,False,6,7,,COUT;COUTS;NIGHTDAY;POWER;PWDAYS;PWHOURS;PWMONTHS,dl12-tgbt2
inter,noisy,dl12-tgbt2-3,derived_channel_topic,False,6,7,,COUT;COUTS;NIGHTDAY;POWER;PWDAYS;PWHOURS;PWMONTHS,dl12-tgbt2
inter,noisy,dl12-tgbt3,defined,True,42,2,,HEARTBEAT;LOGGING;PRINT,
inter,noisy,dl12-tgbt3-1,derived_channel_topic,False,6,7,,COUT;COUTS;NIGHTDAY;POWER;PWDAYS;PWHOURS;PWMONTHS,dl12-tgbt3
inter,noisy,dl12-tgbt3-2,derived_channel_topic,False,6,7,,COUT;COUTS;NIGHTDAY;POWER;PWDAYS;PWHOURS;PWMONTHS,dl12-tgbt3
inter,noisy,dl12-tgbt3-3,derived_channel_topic,False,6,7,,COUT;COUTS;NIGHTDAY;POWER;PWDAYS;PWHOURS;PWMONTHS,dl12-tgbt3
inter,noisy,dl12-tgbt4,defined,True,3,2,,HEARTBEAT;PRINT,
inter,noisy,dl12-tgbt4-1,derived_channel_topic,False,6,7,,COUT;COUTS;NIGHTDAY;POWER;PWDAYS;PWHOURS;PWMONTHS,dl12-tgbt4
inter,noisy,dl12-tgbt4-2,derived_channel_topic,False,6,7,,COUT;COUTS;NIGHTDAY;POWER;PWDAYS;PWHOURS;PWMONTHS,dl12-tgbt4
inter,noisy,dl12-tgbt4-3,derived_channel_topic,False,6,7,,COUT;COUTS;NIGHTDAY;POWER;PWDAYS;PWHOURS;PWMONTHS,dl12-tgbt4
inter,noisy,dl12-tgbt5,defined,True,42,3,Online,HEARTBEAT;LOGGING;LWT;PRINT,
inter,noisy,dl12-tgbt5-1,derived_channel_topic,False,6,7,,COUT;COUTS;NIGHTDAY;POWER;PWDAYS;PWHOURS;PWMONTHS,dl12-tgbt5
inter,noisy,dl12-tgbt5-2,derived_channel_topic,False,6,7,,COUT;COUTS;NIGHTDAY;POWER;PWDAYS;PWHOURS;PWMONTHS,dl12-tgbt5
inter,noisy,dl12-tgbt5-3,derived_channel_topic,False,6,7,,COUT;COUTS;NIGHTDAY;POWER;PWDAYS;PWHOURS;PWMONTHS,dl12-tgbt5
inter,noisy,dl12-tgbtbat1,defined,True,42,3,Online,HEARTBEAT;LOGGING;LWT;PRINT,
inter,noisy,dl12-tgbtbat1-1,derived_channel_topic,False,6,7,,COUT;COUTS;NIGHTDAY;POWER;PWDAYS;PWHOURS;PWMONTHS,dl12-tgbtbat1
inter,noisy,dl12-tgbtbat1-2,derived_channel_topic,False,6,7,,COUT;COUTS;NIGHTDAY;POWER;PWDAYS;PWHOURS;PWMONTHS,dl12-tgbtbat1
inter,noisy,dl12-tgbtbat1-3,derived_channel_topic,False,6,7,,COUT;COUTS;NIGHTDAY;POWER;PWDAYS;PWHOURS;PWMONTHS,dl12-tgbtbat1
inter,noisy,dl12-tgbtbat2,defined,True,42,2,,HEARTBEAT;LOGGING;PRINT,
inter,noisy,dl12-tgbtbat2-1,derived_channel_topic,False,6,7,,COUT;COUTS;NIGHTDAY;POWER;PWDAYS;PWHOURS;PWMONTHS,dl12-tgbtbat2
inter,noisy,dl12-tgbtbat2-2,derived_channel_topic,False,6,7,,COUT;COUTS;NIGHTDAY;POWER;PWDAYS;PWHOURS;PWMONTHS,dl12-tgbtbat2
inter,noisy,dl12-tgbtbat2-3,derived_channel_topic,False,6,7,,COUT;COUTS;NIGHTDAY;POWER;PWDAYS;PWHOURS;PWMONTHS,dl12-tgbtbat2
inter,noisy,dl4-bureau,defined,True,0,8,Online,COUT;COUTS;HEARTBEAT;LWT;NIGHTDAY;PWDAYS;PWHOURS;PWMONTHS,
inter,noisy,pwx4-rogowski,defined,True,18,9,,COUT;COUTS;HEARTBEAT;LOGGING;NIGHTDAY;POWER;PRINT;PWDAYS;PWHOURS;PWMONTHS,
inter,noisy,pwx4-tgbt2,defined,True,18,9,,COUT;COUTS;HEARTBEAT;LOGGING;NIGHTDAY;POWER;PRINT;PWDAYS;PWHOURS;PWMONTHS,
inter,noisy,pwx4-tgbtbat1,defined,True,42,8,,COUT;COUTS;HEARTBEAT;LOGGING;POWER;PRINT;PWDAYS;PWHOURS;PWMONTHS,
inter,noisy,pwx4-tgbtbat1-1,derived_channel_topic,False,0,1,,NIGHTDAY,pwx4-tgbtbat1
inter,noisy,pwx4-tgbtbat1-2,derived_channel_topic,False,0,1,,NIGHTDAY,pwx4-tgbtbat1
inter,noisy,pwx4-tgbtbat1-3,derived_channel_topic,False,0,1,,NIGHTDAY,pwx4-tgbtbat1
inter,noisy,snx,missing_device,True,366,7,Online,CONFIG;HEARTBEAT;LOGGING;LWT;SNXCOUT;SNXRANKING;SNX_GROUP_SCORES;VOLUME,
inter,noisy,snx-1,derived_channel_topic,False,7,2,,CONDENSEUR;CONDENSEUR_LOG,snx
inter,noisy,snx-100,derived_channel_topic,False,3,4,,REGULATEUR;REGULATEUR_LOG;SNXDETAILS;STATISTIC,snx
inter,noisy,snx-101,derived_channel_topic,False,3,4,,REGULATEUR;REGULATEUR_LOG;SNXDETAILS;STATISTIC,snx
inter,noisy,snx-102,derived_channel_topic,False,3,4,,REGULATEUR;REGULATEUR_LOG;SNXDETAILS;STATISTIC,snx
inter,noisy,snx-103,derived_channel_topic,False,3,4,,REGULATEUR;REGULATEUR_LOG;SNXDETAILS;STATISTIC,snx
inter,noisy,snx-104,derived_channel_topic,False,4,3,,REGULATEUR;REGULATEUR_LOG;STATISTIC,snx
inter,noisy,snx-105,derived_channel_topic,False,4,4,,REGULATEUR;REGULATEUR_LOG;SNXDETAILS;STATISTIC,snx
inter,noisy,snx-106,derived_channel_topic,False,4,4,,REGULATEUR;REGULATEUR_LOG;SNXDETAILS;STATISTIC,snx
inter,noisy,snx-107,derived_channel_topic,False,4,3,,REGULATEUR;REGULATEUR_LOG;STATISTIC,snx
inter,noisy,snx-108,derived_channel_topic,False,4,4,,REGULATEUR;REGULATEUR_LOG;SNXDETAILS;STATISTIC,snx
inter,noisy,snx-109,derived_channel_topic,False,4,4,,REGULATEUR;REGULATEUR_LOG;SNXDETAILS;STATISTIC,snx
inter,noisy,snx-11,derived_channel_topic,False,3,4,,REGULATEUR;REGULATEUR_LOG;SNXDETAILS;STATISTIC,snx
inter,noisy,snx-110,derived_channel_topic,False,3,4,,REGULATEUR;REGULATEUR_LOG;SNXDETAILS;STATISTIC,snx
inter,noisy,snx-111,derived_channel_topic,False,3,4,,REGULATEUR;REGULATEUR_LOG;SNXDETAILS;STATISTIC,snx
inter,noisy,snx-112,derived_channel_topic,False,3,4,,REGULATEUR;REGULATEUR_LOG;SNXDETAILS;STATISTIC,snx
inter,noisy,snx-113,derived_channel_topic,False,3,4,,REGULATEUR;REGULATEUR_LOG;SNXDETAILS;STATISTIC,snx
inter,noisy,snx-114,derived_channel_topic,False,3,4,,REGULATEUR;REGULATEUR_LOG;SNXDETAILS;STATISTIC,snx
inter,noisy,snx-115,derived_channel_topic,False,3,4,,REGULATEUR;REGULATEUR_LOG;SNXDETAILS;STATISTIC,snx
inter,noisy,snx-116,derived_channel_topic,False,3,4,,REGULATEUR;REGULATEUR_LOG;SNXDETAILS;STATISTIC,snx
inter,noisy,snx-117,derived_channel_topic,False,3,4,,REGULATEUR;REGULATEUR_LOG;SNXDETAILS;STATISTIC,snx
inter,noisy,snx-118,derived_channel_topic,False,3,4,,REGULATEUR;REGULATEUR_LOG;SNXDETAILS;STATISTIC,snx
inter,noisy,snx-119,derived_channel_topic,False,3,4,,REGULATEUR;REGULATEUR_LOG;SNXDETAILS;STATISTIC,snx
inter,noisy,snx-12,derived_channel_topic,False,3,4,,REGULATEUR;REGULATEUR_LOG;SNXDETAILS;STATISTIC,snx
inter,noisy,snx-120,derived_channel_topic,False,3,4,,REGULATEUR;REGULATEUR_LOG;SNXDETAILS;STATISTIC,snx
inter,noisy,snx-121,derived_channel_topic,False,3,4,,REGULATEUR;REGULATEUR_LOG;SNXDETAILS;STATISTIC,snx
inter,noisy,snx-122,derived_channel_topic,False,3,4,,REGULATEUR;REGULATEUR_LOG;SNXDETAILS;STATISTIC,snx
inter,noisy,snx-13,derived_channel_topic,False,3,4,,REGULATEUR;REGULATEUR_LOG;SNXDETAILS;STATISTIC,snx
inter,noisy,snx-14,derived_channel_topic,False,2,4,,REGULATEUR;REGULATEUR_LOG;SNXDETAILS;STATISTIC,snx
inter,noisy,snx-15,derived_channel_topic,False,3,4,,REGULATEUR;REGULATEUR_LOG;SNXDETAILS;STATISTIC,snx
inter,noisy,snx-16,derived_channel_topic,False,3,4,,REGULATEUR;REGULATEUR_LOG;SNXDETAILS;STATISTIC,snx
inter,noisy,snx-17,derived_channel_topic,False,3,4,,REGULATEUR;REGULATEUR_LOG;SNXDETAILS;STATISTIC,snx
inter,noisy,snx-18,derived_channel_topic,False,4,4,,REGULATEUR;REGULATEUR_LOG;SNXDETAILS;STATISTIC,snx
inter,noisy,snx-19,derived_channel_topic,False,3,4,,REGULATEUR;REGULATEUR_LOG;SNXDETAILS;STATISTIC,snx
inter,noisy,snx-2,derived_channel_topic,False,4,1,,CONDENSEUR_LOG,snx
inter,noisy,snx-20,derived_channel_topic,False,4,4,,REGULATEUR;REGULATEUR_LOG;SNXDETAILS;STATISTIC,snx
inter,noisy,snx-21,derived_channel_topic,False,3,4,,REGULATEUR;REGULATEUR_LOG;SNXDETAILS;STATISTIC,snx
inter,noisy,snx-22,derived_channel_topic,False,4,4,,REGULATEUR;REGULATEUR_LOG;SNXDETAILS;STATISTIC,snx
inter,noisy,snx-23,derived_channel_topic,False,0,4,,REGULATEUR;REGULATEUR_LOG;SNXDETAILS;STATISTIC,snx
inter,noisy,snx-24,derived_channel_topic,False,3,4,,REGULATEUR;REGULATEUR_LOG;SNXDETAILS;STATISTIC,snx
inter,noisy,snx-25,derived_channel_topic,False,3,4,,REGULATEUR;REGULATEUR_LOG;SNXDETAILS;STATISTIC,snx
inter,noisy,snx-26,derived_channel_topic,False,1,4,,REGULATEUR;REGULATEUR_LOG;SNXDETAILS;STATISTIC,snx
inter,noisy,snx-27,derived_channel_topic,False,2,4,,REGULATEUR;REGULATEUR_LOG;SNXDETAILS;STATISTIC,snx
inter,noisy,snx-28,derived_channel_topic,False,2,4,,REGULATEUR;REGULATEUR_LOG;SNXDETAILS;STATISTIC,snx
inter,noisy,snx-29,derived_channel_topic,False,1,4,,REGULATEUR;REGULATEUR_LOG;SNXDETAILS;STATISTIC,snx
inter,noisy,snx-3,derived_channel_topic,False,8,2,,CONDENSEUR;CONDENSEUR_LOG,snx
inter,noisy,snx-30,derived_channel_topic,False,3,4,,REGULATEUR;REGULATEUR_LOG;SNXDETAILS;STATISTIC,snx
inter,noisy,snx-31,derived_channel_topic,False,2,4,,REGULATEUR;REGULATEUR_LOG;SNXDETAILS;STATISTIC,snx
inter,noisy,snx-32,derived_channel_topic,False,3,4,,REGULATEUR;REGULATEUR_LOG;SNXDETAILS;STATISTIC,snx
inter,noisy,snx-33,derived_channel_topic,False,3,4,,REGULATEUR;REGULATEUR_LOG;SNXDETAILS;STATISTIC,snx
inter,noisy,snx-34,derived_channel_topic,False,2,4,,REGULATEUR;REGULATEUR_LOG;SNXDETAILS;STATISTIC,snx
inter,noisy,snx-35,derived_channel_topic,False,2,4,,REGULATEUR;REGULATEUR_LOG;SNXDETAILS;STATISTIC,snx
inter,noisy,snx-36,derived_channel_topic,False,2,4,,REGULATEUR;REGULATEUR_LOG;SNXDETAILS;STATISTIC,snx
inter,noisy,snx-37,derived_channel_topic,False,2,4,,REGULATEUR;REGULATEUR_LOG;SNXDETAILS;STATISTIC,snx
inter,noisy,snx-38,derived_channel_topic,False,2,4,,REGULATEUR;REGULATEUR_LOG;SNXDETAILS;STATISTIC,snx
inter,noisy,snx-39,derived_channel_topic,False,2,4,,REGULATEUR;REGULATEUR_LOG;SNXDETAILS;STATISTIC,snx
inter,noisy,snx-40,derived_channel_topic,False,2,4,,REGULATEUR;REGULATEUR_LOG;SNXDETAILS;STATISTIC,snx
inter,noisy,snx-41,derived_channel_topic,False,2,4,,REGULATEUR;REGULATEUR_LOG;SNXDETAILS;STATISTIC,snx
inter,noisy,snx-42,derived_channel_topic,False,2,4,,REGULATEUR;REGULATEUR_LOG;SNXDETAILS;STATISTIC,snx
inter,noisy,snx-43,derived_channel_topic,False,2,4,,REGULATEUR;REGULATEUR_LOG;SNXDETAILS;STATISTIC,snx
inter,noisy,snx-44,derived_channel_topic,False,2,4,,REGULATEUR;REGULATEUR_LOG;SNXDETAILS;STATISTIC,snx
inter,noisy,snx-45,derived_channel_topic,False,2,4,,REGULATEUR;REGULATEUR_LOG;SNXDETAILS;STATISTIC,snx
inter,noisy,snx-46,derived_channel_topic,False,2,4,,REGULATEUR;REGULATEUR_LOG;SNXDETAILS;STATISTIC,snx
inter,noisy,snx-47,derived_channel_topic,False,2,4,,REGULATEUR;REGULATEUR_LOG;SNXDETAILS;STATISTIC,snx
inter,noisy,snx-48,derived_channel_topic,False,2,4,,REGULATEUR;REGULATEUR_LOG;SNXDETAILS;STATISTIC,snx
inter,noisy,snx-49,derived_channel_topic,False,2,4,,REGULATEUR;REGULATEUR_LOG;SNXDETAILS;STATISTIC,snx
inter,noisy,snx-5,derived_channel_topic,False,9,2,,CONDENSEUR;CONDENSEUR_LOG,snx
inter,noisy,snx-50,derived_channel_topic,False,2,4,,REGULATEUR;REGULATEUR_LOG;SNXDETAILS;STATISTIC,snx
inter,noisy,snx-51,derived_channel_topic,False,2,4,,REGULATEUR;REGULATEUR_LOG;SNXDETAILS;STATISTIC,snx
inter,noisy,snx-52,derived_channel_topic,False,2,4,,REGULATEUR;REGULATEUR_LOG;SNXDETAILS;STATISTIC,snx
inter,noisy,snx-53,derived_channel_topic,False,2,4,,REGULATEUR;REGULATEUR_LOG;SNXDETAILS;STATISTIC,snx
inter,noisy,snx-54,derived_channel_topic,False,2,4,,REGULATEUR;REGULATEUR_LOG;SNXDETAILS;STATISTIC,snx
inter,noisy,snx-55,derived_channel_topic,False,2,4,,REGULATEUR;REGULATEUR_LOG;SNXDETAILS;STATISTIC,snx
inter,noisy,snx-56,derived_channel_topic,False,2,4,,REGULATEUR;REGULATEUR_LOG;SNXDETAILS;STATISTIC,snx
inter,noisy,snx-57,derived_channel_topic,False,2,4,,REGULATEUR;REGULATEUR_LOG;SNXDETAILS;STATISTIC,snx
inter,noisy,snx-58,derived_channel_topic,False,2,4,,REGULATEUR;REGULATEUR_LOG;SNXDETAILS;STATISTIC,snx
inter,noisy,snx-59,derived_channel_topic,False,2,4,,REGULATEUR;REGULATEUR_LOG;SNXDETAILS;STATISTIC,snx
inter,noisy,snx-6,derived_channel_topic,False,4,1,,CONDENSEUR_LOG,snx
inter,noisy,snx-60,derived_channel_topic,False,2,4,,REGULATEUR;REGULATEUR_LOG;SNXDETAILS;STATISTIC,snx
inter,noisy,snx-61,derived_channel_topic,False,2,3,,REGULATEUR;REGULATEUR_LOG;STATISTIC,snx
inter,noisy,snx-62,derived_channel_topic,False,2,3,,REGULATEUR;REGULATEUR_LOG;STATISTIC,snx
inter,noisy,snx-63,derived_channel_topic,False,2,3,,REGULATEUR;REGULATEUR_LOG;STATISTIC,snx
inter,noisy,snx-64,derived_channel_topic,False,2,4,,REGULATEUR;REGULATEUR_LOG;SNXDETAILS;STATISTIC,snx
inter,noisy,snx-65,derived_channel_topic,False,3,4,,REGULATEUR;REGULATEUR_LOG;SNXDETAILS;STATISTIC,snx
inter,noisy,snx-66,derived_channel_topic,False,3,4,,REGULATEUR;REGULATEUR_LOG;SNXDETAILS;STATISTIC,snx
inter,noisy,snx-67,derived_channel_topic,False,3,4,,REGULATEUR;REGULATEUR_LOG;SNXDETAILS;STATISTIC,snx
inter,noisy,snx-68,derived_channel_topic,False,3,3,,REGULATEUR;REGULATEUR_LOG;STATISTIC,snx
inter,noisy,snx-69,derived_channel_topic,False,3,4,,REGULATEUR;REGULATEUR_LOG;SNXDETAILS;STATISTIC,snx
inter,noisy,snx-7,derived_channel_topic,False,2,3,,REGULATEUR;REGULATEUR_LOG;STATISTIC,snx
inter,noisy,snx-70,derived_channel_topic,False,3,4,,REGULATEUR;REGULATEUR_LOG;SNXDETAILS;STATISTIC,snx
inter,noisy,snx-71,derived_channel_topic,False,3,4,,REGULATEUR;REGULATEUR_LOG;SNXDETAILS;STATISTIC,snx
inter,noisy,snx-72,derived_channel_topic,False,3,4,,REGULATEUR;REGULATEUR_LOG;SNXDETAILS;STATISTIC,snx
inter,noisy,snx-73,derived_channel_topic,False,3,4,,REGULATEUR;REGULATEUR_LOG;SNXDETAILS;STATISTIC,snx
inter,noisy,snx-74,derived_channel_topic,False,3,4,,REGULATEUR;REGULATEUR_LOG;SNXDETAILS;STATISTIC,snx
inter,noisy,snx-75,derived_channel_topic,False,3,4,,REGULATEUR;REGULATEUR_LOG;SNXDETAILS;STATISTIC,snx
inter,noisy,snx-76,derived_channel_topic,False,3,4,,REGULATEUR;REGULATEUR_LOG;SNXDETAILS;STATISTIC,snx
inter,noisy,snx-77,derived_channel_topic,False,1,4,,REGULATEUR;REGULATEUR_LOG;SNXDETAILS;STATISTIC,snx
inter,noisy,snx-78,derived_channel_topic,False,0,4,,REGULATEUR;REGULATEUR_LOG;SNXDETAILS;STATISTIC,snx
inter,noisy,snx-79,derived_channel_topic,False,3,4,,REGULATEUR;REGULATEUR_LOG;SNXDETAILS;STATISTIC,snx
inter,noisy,snx-8,derived_channel_topic,False,2,3,,REGULATEUR;REGULATEUR_LOG;STATISTIC,snx
inter,noisy,snx-80,derived_channel_topic,False,3,4,,REGULATEUR;REGULATEUR_LOG;SNXDETAILS;STATISTIC,snx
inter,noisy,snx-81,derived_channel_topic,False,3,4,,REGULATEUR;REGULATEUR_LOG;SNXDETAILS;STATISTIC,snx
inter,noisy,snx-82,derived_channel_topic,False,3,4,,REGULATEUR;REGULATEUR_LOG;SNXDETAILS;STATISTIC,snx
inter,noisy,snx-83,derived_channel_topic,False,2,4,,REGULATEUR;REGULATEUR_LOG;SNXDETAILS;STATISTIC,snx
inter,noisy,snx-84,derived_channel_topic,False,2,4,,REGULATEUR;REGULATEUR_LOG;SNXDETAILS;STATISTIC,snx
inter,noisy,snx-85,derived_channel_topic,False,3,4,,REGULATEUR;REGULATEUR_LOG;SNXDETAILS;STATISTIC,snx
inter,noisy,snx-86,derived_channel_topic,False,3,4,,REGULATEUR;REGULATEUR_LOG;SNXDETAILS;STATISTIC,snx
inter,noisy,snx-87,derived_channel_topic,False,3,4,,REGULATEUR;REGULATEUR_LOG;SNXDETAILS;STATISTIC,snx
inter,noisy,snx-88,derived_channel_topic,False,3,4,,REGULATEUR;REGULATEUR_LOG;SNXDETAILS;STATISTIC,snx
inter,noisy,snx-89,derived_channel_topic,False,3,4,,REGULATEUR;REGULATEUR_LOG;SNXDETAILS;STATISTIC,snx
inter,noisy,snx-90,derived_channel_topic,False,3,4,,REGULATEUR;REGULATEUR_LOG;SNXDETAILS;STATISTIC,snx
inter,noisy,snx-91,derived_channel_topic,False,3,4,,REGULATEUR;REGULATEUR_LOG;SNXDETAILS;STATISTIC,snx
inter,noisy,snx-92,derived_channel_topic,False,3,4,,REGULATEUR;REGULATEUR_LOG;SNXDETAILS;STATISTIC,snx
inter,noisy,snx-93,derived_channel_topic,False,3,4,,REGULATEUR;REGULATEUR_LOG;SNXDETAILS;STATISTIC,snx
inter,noisy,snx-94,derived_channel_topic,False,3,4,,REGULATEUR;REGULATEUR_LOG;SNXDETAILS;STATISTIC,snx
inter,noisy,snx-95,derived_channel_topic,False,3,4,,REGULATEUR;REGULATEUR_LOG;SNXDETAILS;STATISTIC,snx
inter,noisy,snx-96,derived_channel_topic,False,3,4,,REGULATEUR;REGULATEUR_LOG;SNXDETAILS;STATISTIC,snx
inter,noisy,snx-97,derived_channel_topic,False,3,4,,REGULATEUR;REGULATEUR_LOG;SNXDETAILS;STATISTIC,snx
inter,noisy,snx-98,derived_channel_topic,False,3,4,,REGULATEUR;REGULATEUR_LOG;SNXDETAILS;STATISTIC,snx
inter,noisy,snx-99,derived_channel_topic,False,3,4,,REGULATEUR;REGULATEUR_LOG;SNXDETAILS;STATISTIC,snx
inter,noisy,snx-999,derived_channel_topic,False,33,1,,ON_CONSIGNE,snx
inter,saint-maur,aex-2,missing_device,True,12,1,,LOGGING;RESULT;SENSOR;STATE,
inter,saint-maur,dl12-boulangerie,defined,True,42,2,,HEARTBEAT;LOGGING;PRINT,
inter,saint-maur,dl12-boulangerie-1,derived_channel_topic,False,6,7,,COUT;COUTS;NIGHTDAY;POWER;PWDAYS;PWHOURS;PWMONTHS,dl12-boulangerie
inter,saint-maur,dl12-boulangerie-2,derived_channel_topic,False,6,7,,COUT;COUTS;NIGHTDAY;POWER;PWDAYS;PWHOURS;PWMONTHS,dl12-boulangerie
inter,saint-maur,dl12-boulangerie-3,derived_channel_topic,False,6,7,,COUT;COUTS;NIGHTDAY;POWER;PWDAYS;PWHOURS;PWMONTHS,dl12-boulangerie
inter,saint-maur,dl12-caisses,defined,True,42,2,,HEARTBEAT;LOGGING;PRINT,
inter,saint-maur,dl12-caisses-1,derived_channel_topic,False,6,7,,COUT;COUTS;NIGHTDAY;POWER;PWDAYS;PWHOURS;PWMONTHS,dl12-caisses
inter,saint-maur,dl12-caisses-2,derived_channel_topic,False,6,7,,COUT;COUTS;NIGHTDAY;POWER;PWDAYS;PWHOURS;PWMONTHS,dl12-caisses
inter,saint-maur,dl12-caisses-3,derived_channel_topic,False,6,7,,COUT;COUTS;NIGHTDAY;POWER;PWDAYS;PWHOURS;PWMONTHS,dl12-caisses
inter,saint-maur,dl12-labo,defined,True,0,3,Offline,HEARTBEAT;LWT;PRINT,
inter,saint-maur,dl12-labo-1,derived_channel_topic,False,0,7,,COUT;COUTS;NIGHTDAY;POWER;PWDAYS;PWHOURS;PWMONTHS,dl12-labo
inter,saint-maur,dl12-labo-2,derived_channel_topic,False,0,7,,COUT;COUTS;NIGHTDAY;POWER;PWDAYS;PWHOURS;PWMONTHS,dl12-labo
inter,saint-maur,dl12-labo-3,derived_channel_topic,False,0,7,,COUT;COUTS;NIGHTDAY;POWER;PWDAYS;PWHOURS;PWMONTHS,dl12-labo
inter,saint-maur,dl12-tgbt1,defined,True,78,2,,HEARTBEAT;LOGGING;PRINT,
inter,saint-maur,dl12-tgbt1-2,derived_channel_topic,False,6,7,,COUT;COUTS;NIGHTDAY;POWER;PWDAYS;PWHOURS;PWMONTHS,dl12-tgbt1
inter,saint-maur,dl12-tgbt1-3,derived_channel_topic,False,6,7,,COUT;COUTS;NIGHTDAY;POWER;PWDAYS;PWHOURS;PWMONTHS,dl12-tgbt1
inter,saint-maur,dl12-tgbt2,defined,True,60,2,,HEARTBEAT;LOGGING;PRINT,
inter,saint-maur,dl12-tgbt2-1,derived_channel_topic,False,6,7,,COUT;COUTS;NIGHTDAY;POWER;PWDAYS;PWHOURS;PWMONTHS,dl12-tgbt2
inter,saint-maur,dl12-tgbt2-2,derived_channel_topic,False,6,7,,COUT;COUTS;NIGHTDAY;POWER;PWDAYS;PWHOURS;PWMONTHS,dl12-tgbt2
inter,saint-maur,dl12-tgbt2-3,derived_channel_topic,False,6,7,,COUT;COUTS;NIGHTDAY;POWER;PWDAYS;PWHOURS;PWMONTHS,dl12-tgbt2
inter,saint-maur,dl12-tgbt3,defined,True,3,2,,HEARTBEAT;PRINT,
inter,saint-maur,dl12-tgbt3-1,derived_channel_topic,False,6,7,,COUT;COUTS;NIGHTDAY;POWER;PWDAYS;PWHOURS;PWMONTHS,dl12-tgbt3
inter,saint-maur,dl12-tgbt3-2,derived_channel_topic,False,6,7,,COUT;COUTS;NIGHTDAY;POWER;PWDAYS;PWHOURS;PWMONTHS,dl12-tgbt3
inter,saint-maur,dl12-tgbt3-3,derived_channel_topic,False,6,7,,COUT;COUTS;NIGHTDAY;POWER;PWDAYS;PWHOURS;PWMONTHS,dl12-tgbt3
inter,saint-maur,dl12-tgbt4,defined,True,3,2,,HEARTBEAT;PRINT,
inter,saint-maur,dl12-tgbt4-1,derived_channel_topic,False,6,7,,COUT;COUTS;NIGHTDAY;POWER;PWDAYS;PWHOURS;PWMONTHS,dl12-tgbt4
inter,saint-maur,dl12-tgbt4-2,derived_channel_topic,False,6,7,,COUT;COUTS;NIGHTDAY;POWER;PWDAYS;PWHOURS;PWMONTHS,dl12-tgbt4
inter,saint-maur,dl12-tgbt4-3,derived_channel_topic,False,6,7,,COUT;COUTS;NIGHTDAY;POWER;PWDAYS;PWHOURS;PWMONTHS,dl12-tgbt4
inter,saint-maur,dl4-reserve,defined,True,18,9,,COUT;COUTS;HEARTBEAT;LOGGING;NIGHTDAY;POWER;PRINT;PWDAYS;PWHOURS;PWMONTHS,
inter,saint-maur,pwx4-rogowski,defined,True,18,9,,COUT;COUTS;HEARTBEAT;LOGGING;NIGHTDAY;POWER;PRINT;PWDAYS;PWHOURS;PWMONTHS,
inter,saint-maur,snx,missing_device,True,489,17,Online,CONFIG;HEARTBEAT;INFO1;INFO2;INFO3;LOGGING;LWT;PRINT;RANKING;SNXCOUT;SNXRANKING;SNX_GROUP_SCORES;STATE;STATUS;STATUS2;STM32BOOT;VERSION;VOLUME,
inter,saint-maur,snx-10,derived_channel_topic,False,8,3,,REGULATEUR;REGULATEUR_LOG;STATISTIC,snx
inter,saint-maur,snx-11,derived_channel_topic,False,9,3,,REGULATEUR;REGULATEUR_LOG;STATISTIC,snx
inter,saint-maur,snx-114,derived_channel_topic,False,0,1,,REGULATEUR_LOG,snx
inter,saint-maur,snx-12,derived_channel_topic,False,10,3,,REGULATEUR;REGULATEUR_LOG;STATISTIC,snx
inter,saint-maur,snx-13,derived_channel_topic,False,9,3,,REGULATEUR;REGULATEUR_LOG;STATISTIC,snx
inter,saint-maur,snx-14,derived_channel_topic,False,8,3,,REGULATEUR;REGULATEUR_LOG;STATISTIC,snx
inter,saint-maur,snx-20,derived_channel_topic,False,8,3,,REGULATEUR;REGULATEUR_LOG;STATISTIC,snx
inter,saint-maur,snx-21,derived_channel_topic,False,10,3,,REGULATEUR;REGULATEUR_LOG;STATISTIC,snx
inter,saint-maur,snx-22,derived_channel_topic,False,13,2,,REGULATEUR;STATISTIC,snx
inter,saint-maur,snx-226,derived_channel_topic,False,0,2,,REGULATEUR;REGULATEUR_LOG,snx
inter,saint-maur,snx-23,derived_channel_topic,False,14,3,,REGULATEUR;REGULATEUR_LOG;STATISTIC,snx
inter,saint-maur,snx-24,derived_channel_topic,False,15,3,,REGULATEUR;REGULATEUR_LOG;STATISTIC,snx
inter,saint-maur,snx-25,derived_channel_topic,False,11,3,,REGULATEUR;REGULATEUR_LOG;STATISTIC,snx
inter,saint-maur,snx-26,derived_channel_topic,False,11,3,,REGULATEUR;REGULATEUR_LOG;STATISTIC,snx
inter,saint-maur,snx-28,derived_channel_topic,False,11,3,,REGULATEUR;REGULATEUR_LOG;STATISTIC,snx
inter,saint-maur,snx-29,derived_channel_topic,False,15,3,,REGULATEUR;REGULATEUR_LOG;STATISTIC,snx
inter,saint-maur,snx-31,derived_channel_topic,False,12,3,,REGULATEUR;REGULATEUR_LOG;STATISTIC,snx
inter,saint-maur,snx-33,derived_channel_topic,False,14,3,,REGULATEUR;REGULATEUR_LOG;STATISTIC,snx
inter,saint-maur,snx-333,derived_channel_topic,False,0,1,,REGULATEUR,snx
inter,saint-maur,snx-334,derived_channel_topic,False,0,2,,REGULATEUR;REGULATEUR_LOG,snx
inter,saint-maur,snx-335,derived_channel_topic,False,0,1,,REGULATEUR,snx
inter,saint-maur,snx-339,derived_channel_topic,False,0,2,,REGULATEUR;REGULATEUR_LOG,snx
inter,saint-maur,snx-34,derived_channel_topic,False,14,3,,REGULATEUR;REGULATEUR_LOG;STATISTIC,snx
inter,saint-maur,snx-35,derived_channel_topic,False,18,3,,REGULATEUR;REGULATEUR_LOG;STATISTIC,snx
inter,saint-maur,snx-38,derived_channel_topic,False,12,3,,REGULATEUR;REGULATEUR_LOG;STATISTIC,snx
inter,saint-maur,snx-39,derived_channel_topic,False,15,3,,REGULATEUR;REGULATEUR_LOG;STATISTIC,snx
inter,saint-maur,snx-40,derived_channel_topic,False,17,3,,REGULATEUR;REGULATEUR_LOG;STATISTIC,snx
inter,saint-maur,snx-41,derived_channel_topic,False,16,3,,REGULATEUR;REGULATEUR_LOG;STATISTIC,snx
inter,saint-maur,snx-42,derived_channel_topic,False,12,3,,REGULATEUR;REGULATEUR_LOG;STATISTIC,snx
inter,saint-maur,snx-43,derived_channel_topic,False,10,3,,REGULATEUR;REGULATEUR_LOG;STATISTIC,snx
inter,saint-maur,snx-449,derived_channel_topic,False,0,1,,REGULATEUR,snx
inter,saint-maur,snx-46,derived_channel_topic,False,14,3,,REGULATEUR;REGULATEUR_LOG;STATISTIC,snx
inter,saint-maur,snx-47,derived_channel_topic,False,13,3,,REGULATEUR;REGULATEUR_LOG;STATISTIC,snx
inter,saint-maur,snx-48,derived_channel_topic,False,13,3,,REGULATEUR;REGULATEUR_LOG;STATISTIC,snx
inter,saint-maur,snx-49,derived_channel_topic,False,11,3,,REGULATEUR;REGULATEUR_LOG;STATISTIC,snx
inter,saint-maur,snx-50,derived_channel_topic,False,15,3,,REGULATEUR;REGULATEUR_LOG;STATISTIC,snx
inter,saint-maur,snx-51,derived_channel_topic,False,16,3,,REGULATEUR;REGULATEUR_LOG;STATISTIC,snx
inter,saint-maur,snx-551,derived_channel_topic,False,0,1,,REGULATEUR,snx
inter,saint-maur,snx-60,derived_channel_topic,False,13,3,,REGULATEUR;REGULATEUR_LOG;STATISTIC,snx
inter,saint-maur,snx-61,derived_channel_topic,False,13,3,,REGULATEUR;REGULATEUR_LOG;STATISTIC,snx
inter,saint-maur,snx-610,derived_channel_topic,False,0,1,,REGULATEUR_LOG,snx
inter,saint-maur,snx-62,derived_channel_topic,False,12,3,,REGULATEUR;REGULATEUR_LOG;STATISTIC,snx
inter,saint-maur,snx-63,derived_channel_topic,False,12,2,,REGULATEUR;REGULATEUR_LOG,snx
inter,saint-maur,snx-64,derived_channel_topic,False,14,3,,REGULATEUR;REGULATEUR_LOG;STATISTIC,snx
inter,saint-maur,snx-65,derived_channel_topic,False,13,3,,REGULATEUR;REGULATEUR_LOG;STATISTIC,snx
inter,saint-maur,snx-66,derived_channel_topic,False,14,3,,REGULATEUR;REGULATEUR_LOG;STATISTIC,snx
inter,saint-maur,snx-662,derived_channel_topic,False,0,1,,REGULATEUR_LOG,snx
inter,saint-maur,snx-666,derived_channel_topic,False,0,1,,REGULATEUR_LOG,snx
inter,saint-maur,snx-67,derived_channel_topic,False,16,3,,REGULATEUR;REGULATEUR_LOG;STATISTIC,snx
inter,saint-maur,virtuel_froid,defined,False,24,7,,COUT;COUTS;NIGHTDAY;POWER;PWDAYS;PWHOURS;PWMONTHS,
bauduin,seignosse,0x16FF,sensor_endpoint,False,0,1,,SENSOR,
bauduin,seignosse,0x2866,sensor_endpoint,False,0,1,,SENSOR,
bauduin,seignosse,0x4660,sensor_endpoint,False,0,1,,SENSOR,
bauduin,seignosse,0x480B,sensor_endpoint,False,0,1,,SENSOR,
bauduin,seignosse,0x67E6,sensor_endpoint,False,0,1,,SENSOR,
bauduin,seignosse,0x67FA,sensor_endpoint,False,0,1,,SENSOR,
bauduin,seignosse,0x70EC,sensor_endpoint,False,0,1,,SENSOR,
bauduin,seignosse,0x7B85,sensor_endpoint,False,0,1,,SENSOR,
bauduin,seignosse,0x7FF6,sensor_endpoint,False,0,1,,SENSOR,
bauduin,seignosse,0x827F,sensor_endpoint,False,0,1,,SENSOR,
bauduin,seignosse,0x869C,sensor_endpoint,False,0,1,,SENSOR,
bauduin,seignosse,0xC09F,sensor_endpoint,False,0,1,,SENSOR,
bauduin,seignosse,chx-1er-dressing,missing_device,True,4,4,Online,LOGGING;LWT;PRINT;PWHOURS;SENSOR;STATE,
bauduin,seignosse,chx-1er-mauve,missing_device,True,0,10,Offline,CONSO_DETAILS;COUT;COUTS;HEARTBEAT;LWT;PRINT;PWDAYS;PWHOURS;PWMONTHS;SENSOR,
bauduin,seignosse,chx-1er-suite,missing_device,True,4,10,Online,CONSO_DETAILS;COUT;COUTS;HEARTBEAT;LOGGING;LWT;PRINT;PWDAYS;PWHOURS;PWMONTHS;SENSOR;STATE,
bauduin,seignosse,chx-rdc-bleue,missing_device,True,0,3,Offline,LWT;PRINT;PWHOURS,
bauduin,seignosse,chx-rdc-cuisine,missing_device,True,4,4,Online,LOGGING;LWT;PRINT;PWHOURS;SENSOR;STATE,
bauduin,seignosse,chx-rdc-rouge,missing_device,True,6,10,Online,CONSO_DETAILS;COUT;COUTS;HEARTBEAT;LOGGING;LWT;PRINT;PWDAYS;PWHOURS;PWMONTHS;RESULT;SENSOR;STATE,
bauduin,seignosse,chx-rdc-verte,missing_device,True,2,4,Online,LOGGING;LWT;PRINT;PWHOURS;SENSOR;STATE,
bauduin,seignosse,dl4-annexe,defined,False,0,1,,PRINT,
bauduin,seignosse,dl4-annexe-1,derived_channel_topic,False,0,1,,POWER,dl4-annexe
bauduin,seignosse,dl4-annexe-2,derived_channel_topic,False,0,1,,POWER,dl4-annexe
bauduin,seignosse,dl4-annexe-3,derived_channel_topic,False,0,1,,POWER,dl4-annexe
bauduin,seignosse,dl4-principal-1,derived_channel_topic,False,0,1,,POWER,dl4-principal
bauduin,seignosse,zb-bridge,missing_device,True,0,1,Offline,LWT,
